client_id,prob_default
CC_0012A082B7B7,0.13901460015558698
CC_0012BC27DFB6,0.154718363398478
CC_001563B2143D,0.11909869541278562
CC_001B46930B6F,0.10500513620959331
CC_001D771E1C9F,0.04343924482836255
CC_0028BD91E759,0.08961995315932006
CC_0029971D7EF4,0.23970780582092616
CC_002B8C00B239,0.03425736027797242
CC_0035DFA86185,0.7509171103878843
CC_0042D11A6D0F,0.06295559133561113
CC_004D21A4ABB6,0.12531999786654247
CC_004EE05FC2EF,0.459213624865312
CC_0050E546EDCE,0.7031806278173788
CC_005D7F31F785,0.054963047883300864
CC_0079996ED779,0.20880471616742435
CC_0082B4E1D9CE,0.03796855496779158
CC_00B01C73CEB8,0.17486587975309775
CC_00B74FFEEA53,0.20584299089495556
CC_00BF6791C18C,0.12405627657422956
CC_00C5E30B288C,0.3198668476972788
CC_00C68CE1CC12,0.392679432412706
CC_00CC4148959F,0.1812023204637968
CC_00D428772D30,0.4055056456891433
CC_00D5806C7783,0.1016637628444012
CC_00D5C677C2AE,0.5011653562294607
CC_00DA781C4D66,0.07779094039794032
CC_00E7E2D6B548,0.21861322849971473
CC_012BC0A68DC1,0.09046538138026677
CC_014911033882,0.1665186854443765
CC_014F7EF4E595,0.6640091700596091
CC_016501B25F2B,0.042349760665995634
CC_016767D9B049,0.04176494010756193
CC_017598512EA2,0.11739223153177517
CC_01941532C804,0.21485050366840552
CC_01A66C6E22FF,0.7798017443788486
CC_01A684355200,0.16818182727618794
CC_01AC62740827,0.10620226760779262
CC_01B0EFE5DB79,0.30164081582045876
CC_01B876B2988F,0.21164630023857448
CC_01CBB64C1DB1,0.3650267251959686
CC_01DBD993A1FC,0.057058089680172924
CC_01DC49D55C2D,0.03236666780347318
CC_01EF18A3ADBC,0.5519799149566725
CC_020252D37557,0.17462421482102858
CC_020BCDBCA8CA,0.3305573575809214
CC_021A6DD97ED4,0.17733912793181017
CC_022054506F33,0.06581641659404747
CC_0225D6231EAA,0.0658006023267193
CC_024B524B0176,0.03320633313722717
CC_0256303A6DC0,0.22306128159712185
CC_02589E6E4714,0.055844266416971336
CC_025927626E10,0.7248084333917071
CC_0283023DB294,0.02908583619734169
CC_02903C6FC0C0,0.1947211598039419
CC_0296E572CF21,0.03806170697486314
CC_02999E509460,0.5906683096619656
CC_029E835D91BB,0.07188861214806701
CC_02A32EC3526B,0.06317332289004834
CC_02A393632CD3,0.29669464222174774
CC_02A3E21B28BC,0.7664376556955241
CC_02A4B4644529,0.07891375085889203
CC_02B43865B30E,0.057603533841027885
CC_02B5A1A178A2,0.16331944867113984
CC_02BC4785773C,0.22768577112890295
CC_02BEDD9627DD,0.6907374470196551
CC_02CD2C1EFBB0,0.1131804338171788
CC_02D4430492D3,0.3459605484921249
CC_02F79A06858B,0.10164987885068331
CC_02FA254C9D43,0.037096867191106685
CC_03062402B4EE,0.05104389233416659
CC_03072CF2EC63,0.36283052448627223
CC_0315369B079D,0.09543081433321562
CC_03199242A810,0.1482812334688622
CC_03214BA76DB4,0.20412919845797062
CC_032735A44CC6,0.06801622739804253
CC_0330340F2FE5,0.1880161862049445
CC_033236FAAFDB,0.17669440704626038
CC_0337298F948C,0.03827784225472529
CC_0341CAE5E2E8,0.22430424072539107
CC_03434E2371CD,0.3400647666559584
CC_03547AAB948A,0.2273406472235695
CC_0354D0453D8E,0.11328890889729375
CC_03592E51F427,0.7894028100254307
CC_0365DEB525A3,0.09900970749352496
CC_036782052BC9,0.35568338183959475
CC_036977A50F1A,0.14391067614766678
CC_03720D08B8C2,0.281394893383186
CC_038AE599BCA8,0.3379650538347963
CC_039E67CDFE1E,0.27605540314269483
CC_03AC962FC717,0.17800837395929764
CC_03B00DFA3A85,0.731411592473102
CC_03BC6380E968,0.49224980077157016
CC_03BC730E0B02,0.025092312934966707
CC_03BD4F22DA3D,0.14917209843948415
CC_03C7E1EF6F69,0.7929300154344542
CC_03C9FA383477,0.09661262056131129
CC_03D1AAE90CA6,0.06308813795984057
CC_03DBB9598F39,0.14719761049324862
CC_03F18B43797C,0.0869049154255292
CC_03F80118E46D,0.06330546237159834
CC_0405E0151A6D,0.19145584917516095
CC_041FEE6C805E,0.351270058484023
CC_042F88EE269B,0.19643054241731966
CC_043D98ED7F98,0.1664586530476901
CC_044C3537B769,0.16106079539794516
CC_045932C46685,0.12055093208358507
CC_04629624AA8D,0.19234162586354858
CC_04690B4A6AF1,0.2476363869865487
CC_046CF40369FB,0.12496132917981964
CC_046D6EC816AB,0.3919683860033948
CC_0475CD95EDC9,0.1170928102532953
CC_04796F06B82B,0.13042077081426642
CC_04AC7C1CE736,0.2988722732823752
CC_04AEDD051B96,0.31908564345237866
CC_04B42AD0E01A,0.3668841701328283
CC_04BBD1DB360C,0.32149405965734434
CC_04C767FFDA0F,0.49415973013553294
CC_04C7B819B9B9,0.07975248556449074
CC_04D127A775DE,0.08178961121018082
CC_04D9ED00053F,0.06050721025072106
CC_04E0EFC4F548,0.3085501933759407
CC_04E6848903E8,0.03405063843867219
CC_04F69D03ECE1,0.2477305850412193
CC_04FA1CFA1DEB,0.20314827813521052
CC_04FA6842AC62,0.02962508517133629
CC_0502F3791166,0.2780728286699412
CC_050B514E15FD,0.15291530060780778
CC_051ADBD6D835,0.10902763064157728
CC_051B4644216C,0.06370824852801794
CC_051C0A644DD3,0.024923480720372093
CC_051CBF566856,0.042075351088134406
CC_051EEA9AE819,0.15884093125779747
CC_0520E27BE904,0.14001193520221755
CC_05224448D290,0.1140253492694629
CC_0525DE4744C0,0.04818743966490309
CC_052F5CD81EFE,0.18174644536732307
CC_05368FAD2E6D,0.06873264800962028
CC_053788B82006,0.09968680836236656
CC_05471A48C6F5,0.16642982065664963
CC_056DBA1A87BA,0.06583781598720914
CC_05901F3E7A0D,0.17926313792685683
CC_05906BC8ED3F,0.13496562322686695
CC_059D55E32C78,0.08401204546543328
CC_05A12EF84A86,0.5059403995195557
CC_05A42D035609,0.15396996761220538
CC_05AD75A5CE38,0.04482988293648868
CC_05BBD4B92613,0.5302278424972687
CC_05C8EF6500D7,0.7637485560819679
CC_05DDB7B07497,0.06839678905958826
CC_05ECAE6E0774,0.23076097378552063
CC_05F11F14DF9E,0.33109341958311606
CC_05FA9192590F,0.13155892956237533
CC_05FD764FB154,0.7215474123148358
CC_0608DBB4DF03,0.2713633737291218
CC_06198383F6D4,0.10396751009699143
CC_06199EBE2B05,0.18856900474009217
CC_062A8881A331,0.06765113201144346
CC_062F74350907,0.04303014546947799
CC_0635AD30F004,0.7696762696067154
CC_0639F539946C,0.2836010755710604
CC_063DDB42CF5C,0.06978743309128638
CC_06405C00E240,0.2703083868248784
CC_064920FC9DAC,0.07277973758786015
CC_0650AB329174,0.7756346821078295
CC_066941B109B9,0.18619008235458004
CC_066AA16F5874,0.28468983528960995
CC_06732311FB8B,0.16575348084274888
CC_06780061F889,0.12503296748954976
CC_068A81B06B74,0.4625644122641469
CC_06A1C5FE269B,0.3140116814305719
CC_06AA7138DAF8,0.03307668839521149
CC_06C0DD0D066E,0.741356727272857
CC_06C97CFBD476,0.12391110291403137
CC_06D15F523C05,0.1969499486670257
CC_06D35787AD65,0.03882717144376945
CC_06DA375201A2,0.08382869108146816
CC_06DB455FF19B,0.6737606022865077
CC_06F3674E7313,0.4830536471470787
CC_070232DF9996,0.11377519358795316
CC_07141FA77DBF,0.09347013652765562
CC_0715F11CC8CA,0.2146489373028524
CC_07168A9C843C,0.19373585282741793
CC_072AB9F855DD,0.03863447930605007
CC_07337AF6AC2A,0.12100479513542597
CC_07434E4E5C28,0.060699965123265524
CC_074381358A2C,0.02951340368363991
CC_074E7CA75E8A,0.2685859358544504
CC_075D0C618BAB,0.19361425404118743
CC_075D804F7851,0.0869230911455155
CC_0765961D818F,0.44562913860855463
CC_07698F10563E,0.05238838879213926
CC_0773B9BA9E18,0.32341440986522624
CC_0784ABDA7F8C,0.17587685328891406
CC_0790C9F9EC9C,0.08150771206109371
CC_07A996E6CA6C,0.2653604203955879
CC_07B588ED677A,0.15366305886536805
CC_07B730FD7F82,0.1820425747954974
CC_07BE6961D039,0.07044710948298363
CC_07D23A6BAF5C,0.1307038896706571
CC_07E08196A3DB,0.05414620986369312
CC_07E4850039B3,0.11410311228610287
CC_07FAAF8B2D23,0.03966290156639145
CC_07FB3FD9BE0B,0.10525572954620835
CC_080CB94A724F,0.2810896875249084
CC_0837C56711FE,0.08067513092054707
CC_084100A049EE,0.04660209942301024
CC_084113D0951B,0.2922589480516009
CC_0843DDCDD601,0.646545877485266
CC_0846C14EAAFE,0.06184016126080781
CC_085091ADED2C,0.23042814524593888
CC_087943B4A5D2,0.17371433519919785
CC_08A97B98C405,0.14493565931260677
CC_08AA321BC4AD,0.17389470018045988
CC_08AA44ECBDD5,0.058642305007343354
CC_08AE2EE9D798,0.1944552941862463
CC_08B149462891,0.18321649333972323
CC_08C71A8D2D58,0.04883979400823776
CC_08D645F7B257,0.0423018335775755
CC_08D80BF0B273,0.051150424345029234
CC_08F52B1BE431,0.26888250869736063
CC_0903571AC7E7,0.15910334026374115
CC_090D528C09D0,0.46231434190923365
CC_09106BA6CFC9,0.08903421005543741
CC_0915905A5D48,0.13478912831719853
CC_0918F67CDF01,0.15767269257834168
CC_0925D0B6276C,0.15946494933817063
CC_092A2830E36A,0.7798539833495435
CC_0951489C8F79,0.029492743817223766
CC_0951FA4D5513,0.09004604983038463
CC_095C712064EA,0.0951711925997134
CC_0969AA7BEC71,0.075265857856982
CC_0974840BED49,0.7694575695787833
CC_097BD371F652,0.08800051299384246
CC_097C8139DBD1,0.05631587825875082
CC_0981CA4DBCE0,0.02442415338130015
CC_09A5D2F129A4,0.2541478414470856
CC_09A9BE38080D,0.0955325648337357
CC_09CDC42E000B,0.1679273504126515
CC_09D8DBAB2A42,0.10105072696872419
CC_09EBB1960580,0.03767018020662119
CC_09EBF206FEE6,0.20848927903285713
CC_09F2AE996181,0.08528554534744645
CC_09F45833F53F,0.16241154640108596
CC_09F4F5C5B4EA,0.7586846684688724
CC_0A04BF4005F8,0.20168555050008535
CC_0A0E563D1060,0.08181568868122133
CC_0A0F781A999D,0.18940238731217474
CC_0A1138C37BC0,0.1813230443494384
CC_0A334A16524B,0.06707380013269926
CC_0A359CD5D73A,0.0662314480115949
CC_0A3E2C273DB5,0.05920821993491322
CC_0A4705B1E08B,0.04019256597054327
CC_0A67EB7C5282,0.15742422571882622
CC_0A6CD64871E5,0.328755196772898
CC_0A75643FDC7B,0.061803890049800705
CC_0A8066F501AC,0.04128251540739129
CC_0A83017D027D,0.18786833660268476
CC_0A9AB7441D5B,0.32154018421161523
CC_0AAA72FA148E,0.35843470242537423
CC_0AAC488C8AE4,0.45510183231606643
CC_0AC2DB82398C,0.3120304488050407
CC_0ACA2C49A497,0.13630737420915875
CC_0AD4BBEA75ED,0.03151714709874698
CC_0ADCD6553B8C,0.06709946533902982
CC_0ADE56B56C41,0.03267304271309469
CC_0AF4B5B4162F,0.7279753370095866
CC_0AF9BD814AC7,0.10792266861247872
CC_0B083BE0FEA3,0.11634790546295022
CC_0B1384331163,0.061605017755075035
CC_0B216C6AF0F2,0.02221571847214408
CC_0B3465DB0684,0.5810353725505562
CC_0B442B91679E,0.16124592129674184
CC_0B455175F494,0.09549635101583469
CC_0B4C01B4002C,0.2223085978854123
CC_0B544A526D6C,0.06732256638987942
CC_0B5B19AFCD18,0.06501978426044994
CC_0B5BD2D224BF,0.06329545234280584
CC_0B6407C2C9BD,0.1501970894255861
CC_0B73F59991EE,0.09201520128561871
CC_0B7579216681,0.07647244006939594
CC_0B7F3B4B32C1,0.2908346206586437
CC_0B830A67900A,0.13998811499118397
CC_0B84250F96B8,0.21537246421590672
CC_0B92212B8E27,0.27331042399416056
CC_0BB43BC4B3BC,0.1152116986737193
CC_0BB992973640,0.062332500286551074
CC_0BBC41297846,0.11465348082575913
CC_0BDDB468A1E0,0.30845701969486183
CC_0C00A631C2B4,0.07369621919040134
CC_0C011AF6C857,0.34992920488810614
CC_0C0459AB67DE,0.1340040379855347
CC_0C18B07E451D,0.14471771265143868
CC_0C19EB845CA2,0.29330213100114155
CC_0C1A736F37CC,0.08082392754821861
CC_0C335C9D86F7,0.7784972877885795
CC_0C4C24D066E9,0.17914167102278766
CC_0C5499989AF4,0.17379549350826345
CC_0C95548CC1BD,0.1630335871898319
CC_0CA2DE660B41,0.22465379943187913
CC_0CA6D8CFCF2B,0.22905748684821509
CC_0CA9DF9C5C15,0.06361811712860121
CC_0CA9F52C92A8,0.1831040741250633
CC_0CAFB6C41CE7,0.12723635574705713
CC_0CB27D5313F1,0.5882113799939784
CC_0CC9DDDB8B44,0.044367553170605714
CC_0CCA18595BA5,0.27508590855865
CC_0CD90568D3E6,0.2538646254263005
CC_0CE0D56B0584,0.07382842666511526
CC_0CEA028BF961,0.26994613020663527
CC_0CF67D68AF16,0.34670764631754153
CC_0CFAA0FB0691,0.06418548540469543
CC_0CFFD2785D2D,0.08425978564050028
CC_0D28AF91CE97,0.15587108093346594
CC_0D34E55A580B,0.12847404857076886
CC_0D3663B6524E,0.7532560862657942
CC_0D3C2864ACD2,0.3400161873371916
CC_0D5F4BE8132C,0.15811113967150447
CC_0D6D5ACB0889,0.18978217346544007
CC_0D7BFE8CC0D5,0.12884396409309723
CC_0D8852AAB481,0.2166985644095486
CC_0D97EF394C79,0.41040716035837654
CC_0DA8FDDE6DD0,0.05791036369450993
CC_0DABB89E37CE,0.08664353130204172
CC_0DAF0F2FAA86,0.10233657578277522
CC_0DB9E5F8EDAD,0.08236473282634149
CC_0DBC64F88C05,0.15675651565402146
CC_0DBDF018E822,0.13289093849722794
CC_0DC31A5A1096,0.04809146008870813
CC_0DC3870F23D0,0.037005198229281985
CC_0DD39F5D7C0D,0.06689426059988245
CC_0DDC2C18BBDE,0.04747577567286326
CC_0DE09CAA93E5,0.17274992044180176
CC_0DEA4477FDC1,0.13388192205804425
CC_0DED63EF6639,0.19197030946178223
CC_0DED7DBF26F6,0.2749723673661211
CC_0DF01CD21B9D,0.17419255210370854
CC_0DF6A478C01B,0.22199489973777403
CC_0DFE1A3FA5AE,0.16981734711298035
CC_0E07D5FB24B2,0.14236812934879237
CC_0E0CD9F23A5F,0.6948185029462164
CC_0E121FCB1D47,0.0696596456377708
CC_0E1423A4C263,0.19080995614782018
CC_0E16883EE8E6,0.4259466413849451
CC_0E1A2BA1C545,0.2185847427794344
CC_0E2B52BBA69B,0.05247851482583589
CC_0E40BAFC3530,0.15641651629971898
CC_0E48EE235179,0.08091652664609987
CC_0E4FA0FB9797,0.6334430146338849
CC_0E5162F59924,0.7560846336390686
CC_0E5E2FCAC8C2,0.26666692806750536
CC_0E68C2BE2A75,0.14107651146386435
CC_0E6C5A8D8CE4,0.0983689244138676
CC_0E6E9B0E674E,0.09450750691319101
CC_0E746EAD6CE9,0.07081544326522121
CC_0E968E7C22C1,0.3088980032137446
CC_0EA1483F50A9,0.1613054590894064
CC_0EA81362C7D1,0.19987032502604019
CC_0EAE97520873,0.322210661396744
CC_0EBCF4228FF2,0.5053288945797347
CC_0EBDEFD0BDC2,0.05628337306140277
CC_0EC6AEDA63EC,0.21289448864689967
CC_0ED61DD76795,0.10609348456243534
CC_0EE33B1B71D5,0.13815690051925628
CC_0EE7EFF13EBA,0.06217464655940491
CC_0F0F136B0991,0.14211676376490384
CC_0F0FAF218BCB,0.048178847929729395
CC_0F125B48F175,0.08000103633447296
CC_0F292A238627,0.10014968890909456
CC_0F2949A1746E,0.0752553936503875
CC_0F2B71163121,0.0822329840553531
CC_0F393F1DE2EB,0.07601877908392946
CC_0F41B187053C,0.38730529302103733
CC_0F52EDC9D383,0.10753193869792622
CC_0F62C4F36236,0.09848332027730569
CC_0F6A29CE5D45,0.16963803785310458
CC_0F7C0515A6CF,0.1500156522077729
CC_0F8D6C89202F,0.1637894967155984
CC_0F933684CC08,0.19549344174967032
CC_0F9BA54F2AF6,0.04720060588873272
CC_0FA06CE7FAE8,0.04048927766356167
CC_0FD25AA655DA,0.16085437190220206
CC_0FF5570E06EC,0.6647165197735834
CC_10197FE0E34B,0.6743124910426265
CC_10355B5718CD,0.104784336019544
CC_103A9D18EC12,0.1591944632976228
CC_1040DB6A21EA,0.1144592528167177
CC_104D2B84FC4F,0.03736928254590961
CC_104EA2802A11,0.08394347121227547
CC_105777B1BF91,0.06104082912991972
CC_1059F1B6C0C3,0.16773949501943913
CC_1061947FDD14,0.0537223682013033
CC_10689257E68C,0.3499876088657174
CC_106BFCFA7D7B,0.03758997572676361
CC_108FA04AC10D,0.09785859478867259
CC_1092915D0093,0.12010652414334738
CC_10A30F88E157,0.15416242546466247
CC_10A657027AC9,0.7268377269787957
CC_10A6EAF27BF3,0.05149946378365204
CC_10B148BED568,0.4263511213637946
CC_10BB7101F191,0.03285596473292227
CC_10BC5BC3A9AD,0.3969101614275321
CC_10F27C70AB99,0.10022752370155458
CC_10FADDF63CDC,0.17639540125200504
CC_1107D9301AA0,0.07917265919204744
CC_111A6DE5D9C7,0.7466707881132638
CC_111DC3B1756E,0.22422021942986087
CC_1131156CC6F6,0.15112624002931513
CC_113B66D5D5D9,0.11503185434236535
CC_1143254EFF36,0.051976396058252425
CC_1145E5277FA7,0.26901253657861607
CC_11521077BBB0,0.16240861554294306
CC_1154861ABCCB,0.5865767317783375
CC_115BCAEAE2A0,0.10066171351994942
CC_115BF13E8BFC,0.2276554234759806
CC_115EBE5044BD,0.3675334529528834
CC_1165AA07FC47,0.7334897769633957
CC_116EE8219753,0.05446463579482627
CC_1176FA3233B3,0.04406850522259774
CC_117C2A1587ED,0.09236296865599763
CC_118C0A1D14B2,0.29714983876628936
CC_118ECB589F3C,0.1157376678306654
CC_1190F13FB1FC,0.11916879019372577
CC_1192EEC65A1E,0.276474741344131
CC_119B1FEC4D83,0.2279059423658677
CC_119C413C2580,0.1592450071764832
CC_11AB74142A2E,0.7984580365245453
CC_11C8A291FD11,0.1637633854863723
CC_11D1E9C39E41,0.06024562226908392
CC_11D600EE1BD6,0.1841142930262272
CC_11D7539AC69D,0.18825357681539023
CC_11D78BB50016,0.14662725180790148
CC_11E0C583685C,0.12154017803981217
CC_11E0D2F15AA1,0.03638476555227405
CC_11EDFE67C719,0.6453786392668948
CC_11EE85F284B8,0.23357986823496804
CC_11F700202C6D,0.1516185170367435
CC_11FB668DF543,0.1040744440695754
CC_1209FA26609D,0.03290183481331237
CC_120CA1B916D0,0.1278593023810817
CC_1210186F4D33,0.08224707275048491
CC_121F621374FC,0.24709021398716535
CC_122532C1FBCB,0.13120743519054145
CC_122B19CBC88C,0.6384790158753343
CC_123C7F0111C7,0.5967782495340773
CC_1241EE42F174,0.14713753680950473
CC_125B7100F1DD,0.14192594192137475
CC_1263B255B3B5,0.197212918225363
CC_12878596E940,0.0733893411027712
CC_1298ED71A9E0,0.06561395119164604
CC_12B555C6F086,0.17851606863426994
CC_12D22C629874,0.17405123914519688
CC_12DD89EA0C14,0.19618146130832925
CC_12E24CDE2684,0.1741913147051503
CC_12F3B7309455,0.6110075047653227
CC_12F8E7A4BBE5,0.3565842629379737
CC_12FDEAE4873F,0.20342951559248434
CC_130F7B067939,0.3641873208918415
CC_13209EDC85EE,0.6594701174728755
CC_1332B6F0E543,0.24849357582059906
CC_1334E256AEBC,0.567947294887055
CC_1337726B2AE6,0.08537078145696494
CC_1338237BF402,0.20912774834799147
CC_1341DF38D9C1,0.1821005343725432
CC_1342F868176B,0.6937510987566229
CC_134651CCD2F8,0.1253565996088449
CC_1363E3090578,0.060444747517377106
CC_13736493B695,0.07315881299463384
CC_1392DE633D4C,0.2901605115206461
CC_139ED2E0AD76,0.08992488522576868
CC_13A5383EA098,0.6292527793316209
CC_13AA272C6861,0.06191376559594915
CC_13B74E4EE3EF,0.19819107333132935
CC_13C437E86B81,0.49508990012813725
CC_13D61B077E7C,0.0678078883120361
CC_13D7115A8FCC,0.1622001240436572
CC_13DFE319B21E,0.7715650291498704
CC_13E0F0B3FAE6,0.21234889058947648
CC_13FD88C2920A,0.6823114622507694
CC_1401CB818627,0.1969288004219553
CC_140B86E74F74,0.7681542573033313
CC_1452A0B69085,0.042048833432830404
CC_1458CA7329A7,0.24110501810883703
CC_1459E7125AFB,0.0755454045051571
CC_14633EC7F622,0.3924088457093731
CC_147B1B30DE7F,0.11536894703021268
CC_1484511F54C5,0.29287350494236114
CC_1489A941A69B,0.2919912943028492
CC_14A8B16706E9,0.08077007449452096
CC_14BE52BADB77,0.09965914081307164
CC_14D53413FBCE,0.31934512368228524
CC_14D59B58E51E,0.1370974916578948
CC_14D964327B1D,0.05524985201588746
CC_14F5D06CF093,0.13138925949075997
CC_1501D63D5A80,0.3519469544133222
CC_150E3A0E5084,0.21576639354653449
CC_15152312AC56,0.06894510282262173
CC_1522BA0411C3,0.055978974111516394
CC_1534B0241A1B,0.04659616398995266
CC_153BE2BEB74C,0.12993133254178332
CC_154BBCD4DCEA,0.24657217147251154
CC_1552EC27FC0C,0.7149521593813877
CC_1566BFF4BCDC,0.3242185693753667
CC_1579BD86A63D,0.31806272073999786
CC_1583CFD90530,0.2816005040310066
CC_1584385F38C8,0.06526718985441844
CC_159656F13BE8,0.09965521524751812
CC_159B6F6AAF1E,0.09037186782615356
CC_15A4934FD96E,0.12104364204426218
CC_15B2140CE869,0.09379396059061904
CC_15C0972DE384,0.659036751477664
CC_15C0E30FF2DC,0.11088910886805425
CC_15D617FAB434,0.049532251878285694
CC_15DA0F4FFF0E,0.31502510924145405
CC_15DAE76D15DF,0.050308976599177865
CC_15DC7C139EBC,0.33214517822122824
CC_15EB741857ED,0.07980051749227073
CC_15EC51F4C521,0.30162530575188684
CC_15F6259C7C53,0.07713238776192599
CC_15F7C012E10D,0.43148109874091845
CC_15F7C1BEC28F,0.1991272035964318
CC_15FF58854AEA,0.24500298600296316
CC_16035CDDC2F6,0.1572846829280164
CC_16095572722B,0.04851560912490255
CC_16109F1CE0A6,0.26334251558530886
CC_16150E74E4DA,0.15770052332494366
CC_1629E47AFBA5,0.07713456527248069
CC_162F4582D06D,0.5975369402943196
CC_163194DFEDDA,0.03740077828102315
CC_1640F01B7730,0.10317335283838996
CC_16460554039F,0.028869261533134176
CC_164D308CDE41,0.2266773929600175
CC_1661041F819B,0.7559376212681539
CC_166829780A76,0.12905483477872093
CC_16798666E855,0.10918327549150247
CC_1684B5493414,0.22705251266794402
CC_168A8907C8F4,0.06728703639201347
CC_1690EC56D088,0.06501348153176695
CC_169853EEAB4A,0.09718617446105264
CC_169B7FD839BA,0.14706142044852108
CC_16AED1A3008A,0.1574102735115101
CC_16BAC7837C73,0.17860379582657454
CC_16D57E1EEA01,0.14041920767639401
CC_16D833E56D7A,0.18755146909669562
CC_1702487A047B,0.18962900954990689
CC_17029F78E70E,0.05732181963437477
CC_1702F3E986AE,0.0763377297490341
CC_1707181BB559,0.04349116658042655
CC_17117BF03935,0.2234765733933805
CC_1723E40C3D40,0.24270267310847696
CC_174FBBE9ADD9,0.20419283859528992
CC_176E6E58FD1E,0.10715473134424755
CC_1783F37259BE,0.0914613303902446
CC_178B135605CA,0.08884093873297151
CC_179AA5165026,0.3520551913692567
CC_179DBA1C4CDB,0.31586665685051407
CC_17A1090B69C9,0.10751643573675713
CC_17AA1A4C904D,0.2050663388060816
CC_17B06C06FDC1,0.15077464090158696
CC_17B89AC1FD03,0.21108983951918586
CC_17DC33AA73F3,0.058153522225299945
CC_17DE4D267831,0.08976945976717154
CC_17E929BE0344,0.36877732065233004
CC_17EB83DECE5E,0.4414897913284891
CC_17EC9982E5A6,0.14224475606018136
CC_17ED5555B4FD,0.2436179386959155
CC_17F4292DAF8D,0.0994854758767924
CC_1807B0980C86,0.07127319793699169
CC_181354A58B53,0.0746939668969234
CC_181E7266E018,0.09853139072365003
CC_182AAE7CC3CA,0.46727864686696224
CC_183EDEDC5DA7,0.08466219355731411
CC_184C47552665,0.2620858518725979
CC_185A7392A475,0.299554674341816
CC_185FEFD3233A,0.40632647887519047
CC_18676FE5FC07,0.07357345032630375
CC_18776C4FDE28,0.08477943882378736
CC_187A8AECEFBC,0.14941952605743036
CC_187E7D0B4E82,0.7115672223517476
CC_18839D393105,0.15795263656660147
CC_1888476F6CF3,0.14595176227454604
CC_188B1ED2AAA5,0.3258039030763117
CC_18A4257C3172,0.28507240958415037
CC_18A7929D9FC9,0.2957466098878757
CC_18A8695F185E,0.10869775928853027
CC_18ACE64E8F74,0.2105270658299327
CC_18BF4A29BB38,0.13143786773336286
CC_18DE36F7D294,0.1445199334415193
CC_190EB07AC1FC,0.1233491026613237
CC_19219F2C60B7,0.17687065254973577
CC_192262DB0B0F,0.08419367858628475
CC_1929746E06CD,0.6148382026201507
CC_193356E72D61,0.6531049692053505
CC_193938E8EA40,0.18107052074788568
CC_193C60092202,0.518509799396983
CC_193F669537D1,0.17960354808976833
CC_194E13150BE5,0.05215226925713161
CC_19556DDCCDB3,0.03435820951690647
CC_195A6E9B48A2,0.12581429132087943
CC_196DEC616B33,0.09715963221542956
CC_1978B23D64A8,0.12120578692601745
CC_198562A4BD86,0.12207989884512502
CC_19864C9572BC,0.16530168542396173
CC_19868B6887C9,0.12882447313432746
CC_19969E05AB2B,0.16374714797519568
CC_199FC89885C7,0.12860639959759093
CC_19A40411B404,0.2606381393551185
CC_19A6D9B60B29,0.6571635880390583
CC_19AAB010550E,0.06324206933152
CC_19B4743DFEEC,0.08208969051260454
CC_19B95A61D757,0.17769734314793667
CC_19E6A00F6A5B,0.0632956867819976
CC_19E8DEC29F47,0.5922374697946404
CC_19EA54976042,0.15971899350561292
CC_19FBBEA75B7F,0.13999970037050982
CC_1A039E58840A,0.0558945071206383
CC_1A075331756B,0.11924075682758972
CC_1A1E1302C432,0.15602838845409553
CC_1A37690EAEDB,0.16324488245521265
CC_1A3BF9F5BD42,0.1411198877369012
CC_1A4268FEB02E,0.173400576595579
CC_1A5F8618A912,0.31169099095401337
CC_1A659D4D521E,0.4062953096729155
CC_1A879655902A,0.06867255704449947
CC_1A9F6DA46BC2,0.12129098259603774
CC_1AAB15E81743,0.033274306361355824
CC_1AAC389EF8A2,0.23390796671155506
CC_1AAD0CE365D9,0.1335929359841662
CC_1AAD9152C90B,0.05279430487740786
CC_1AB15BDA9296,0.06643521065692869
CC_1AB8BDA3041B,0.19286690245466176
CC_1ABB9CB074E2,0.7033407618632891
CC_1AC1B1A3978D,0.056872299431430094
CC_1AD20D1F9C08,0.7210403535462886
CC_1AD881A90D1A,0.318361295165539
CC_1AE9811724DD,0.7674329808610894
CC_1AF1AAAB9D12,0.7553965002499358
CC_1AFCC4D0ABD4,0.15967839696650768
CC_1B08ADAFD1C4,0.16911093761078838
CC_1B10139C7917,0.11920722777864895
CC_1B127133B948,0.16297148345262308
CC_1B25964EA376,0.1525901154373931
CC_1B27A85C7244,0.18827362017926552
CC_1B29F4378A34,0.12927865981722508
CC_1B2EC0BD0677,0.3380358531224042
CC_1B4AAF37FB97,0.08773675937652269
CC_1B5E792F6E6C,0.32187087780379653
CC_1B7166DAA790,0.1700522112268135
CC_1B89FD901C95,0.09272514070452904
CC_1B91E3A70338,0.07537294678168784
CC_1B9D9B7184F7,0.16425963667599996
CC_1BA3FDD92B1B,0.057411587212733685
CC_1BA9B3D67170,0.16057681918423136
CC_1BAF97E2BCF2,0.09483670736787188
CC_1BB7D8A54021,0.07600280142846877
CC_1BD548A5FEF3,0.12043808727080753
CC_1BDF1893ECEB,0.2508934389547638
CC_1BF117A8AF9A,0.056012008018249425
CC_1BFA7E407428,0.7043669629050084
CC_1C0066F472E4,0.691025900132409
CC_1C09CC2385AF,0.06379526681422985
CC_1C11467AB472,0.6414940475536811
CC_1C1627B7EE6E,0.03931624615438879
CC_1C3259B85E28,0.16525257442541785
CC_1C334ED885FA,0.036913906766756543
CC_1C376760FE39,0.08134930350815986
CC_1C39A1ADF3F2,0.1543705108241203
CC_1C450FC77478,0.13086309910935168
CC_1C48409023DF,0.41661151122149853
CC_1C4D03324C60,0.3567144316744316
CC_1C5F1E1028DB,0.03704272582342274
CC_1C6681C0AA7A,0.780575140950402
CC_1C84CFE19CDC,0.21384744060551047
CC_1C8B3F689C6D,0.23195544028381754
CC_1C95674B902D,0.04458327273918989
CC_1C9A4C11F28F,0.1665376326796406
CC_1CA3F50BABEA,0.07999553707483686
CC_1CBF42D35AED,0.6200138227091129
CC_1CC11BEADBD5,0.12268197198809505
CC_1CC3CE396A8A,0.23252466183394555
CC_1CD2B13C2E6B,0.0838384842091772
CC_1CE0B37CA670,0.07758189927318426
CC_1CF5A99FC068,0.13356253283239183
CC_1CF71AEB6671,0.07386702764805625
CC_1CFE066F5EE4,0.19704565686610576
CC_1D00B360809D,0.06172253815685903
CC_1D1173F82F2F,0.11352292049773284
CC_1D1E06E0B393,0.17316650156300212
CC_1D2789866B1B,0.07894926552192998
CC_1D2DD7DF781A,0.18596121678918104
CC_1D313498A2DF,0.1793339425798598
CC_1D68396533F9,0.3345423838814122
CC_1D7235BA1EAF,0.19018566898850153
CC_1D7ABAF9D080,0.04582986234643964
CC_1D7FA51D0D7D,0.48875258601546695
CC_1D8CFB3589AE,0.05951723495346391
CC_1D9421A6EB19,0.3365505432889962
CC_1DA0AC68719F,0.33659125853167154
CC_1DA366D588B6,0.10754656638677007
CC_1DACBFE0296C,0.10785410222828667
CC_1DBD6A716910,0.6578164817283001
CC_1DCB75B5CBDE,0.3368740797257234
CC_1DCDADBC0E90,0.4210181831425672
CC_1DD11FAF43E8,0.13194607143530304
CC_1DD8064E71C7,0.15868283400856212
CC_1DEC926EE25C,0.11604203540163979
CC_1DECBAE4FC5B,0.06229751635208787
CC_1DFF80E6D4DF,0.06410785042821038
CC_1E025C3597E7,0.23452825236915836
CC_1E082052CCBA,0.6202518379245165
CC_1E0E30441DD1,0.2010965321026936
CC_1E20E200611C,0.13803881704812376
CC_1E354C75EB9B,0.030741493192911473
CC_1E3B2C15EBCD,0.17845048161026994
CC_1E4DF11FAF55,0.1719646555841584
CC_1E4FE60DFD8D,0.7383403864488816
CC_1E5A648D299F,0.18503715558946554
CC_1E6C0A8B3841,0.6301238766313354
CC_1E7FA6E807A3,0.21623638943874082
CC_1E93F760EC93,0.2738142032487366
CC_1E99F40FA03E,0.06239780450668445
CC_1EAD09DBC23F,0.20207999894318043
CC_1EB3D53252DB,0.2510797302604333
CC_1EC889E04D69,0.10168311588176615
CC_1ECCBF6853F6,0.480451029283116
CC_1EEC4520436C,0.19220471125514935
CC_1F2827DC99C0,0.17222464305338112
CC_1F2C184C5227,0.08324128738726368
CC_1F3FA8091B02,0.13967506244978156
CC_1F4E07BFDC8C,0.04806483265863315
CC_1F4E0E9B54BF,0.059100462566758064
CC_1F55738A6A27,0.3422325002394
CC_1F65276D0EF8,0.10983038750016452
CC_1F65C797BD40,0.05603587484490044
CC_1F668C0AE868,0.09162178268879657
CC_1F6B19A04BD8,0.04299587673572465
CC_1F945A60367E,0.4653327764056128
CC_1FAB6F11DFCA,0.6792759378398974
CC_1FACCCE95224,0.2861496544931398
CC_1FD010E5EA82,0.06427852861573466
CC_1FD2B7BCCD20,0.6914254930574413
CC_1FDAEC3D5CBB,0.10778740483676737
CC_1FDC65FE3DBE,0.13587547520819349
CC_1FE696D8A81B,0.05829090122247816
CC_20027685F59C,0.7568536123884222
CC_2009F3D77774,0.13518018017210373
CC_200C552C40F3,0.12143831700949931
CC_201459527065,0.1192166180372648
CC_20275029A688,0.08463440860924457
CC_2028DA597C34,0.20586529971243817
CC_204E557E5046,0.3630108196803942
CC_20542CFCFB39,0.04326899805057352
CC_2060F813C9B2,0.26603038665532275
CC_20813A9A7F71,0.10077403896006515
CC_208429A11E2F,0.1705679719348851
CC_208B0FE7CBAD,0.0935839168021946
CC_209A511030A7,0.03870035248361093
CC_209DD60421B5,0.06625760853033709
CC_20B26D646D62,0.15881305970224263
CC_20C47966B174,0.20346031956478383
CC_20CFE9681E4D,0.08349885308312555
CC_20D4DB0F3E3D,0.03561008310545265
CC_20DD84CE3CA0,0.09791700907224521
CC_20E57CA675DA,0.6075117547985283
CC_20F129FFBE00,0.25108395937534655
CC_20F4E0F62D2C,0.06655108843377694
CC_20FEE0B2130D,0.6170760057502798
CC_2111B298C212,0.10522242455550379
CC_211315AD7633,0.19265786177596822
CC_211504721E27,0.14709987741872235
CC_2119919BCB4F,0.7946765626088673
CC_21375C9ED931,0.20126518328988083
CC_213D2A5355FB,0.21441067040027367
CC_214B50E48E94,0.15368064988617683
CC_215F86D986BA,0.14230667415118015
CC_21600308F496,0.04339032562103694
CC_2166F3F6344B,0.10495633973677958
CC_2168BBB42053,0.12545783876797523
CC_217030CE0127,0.03681966289570106
CC_2179067B405D,0.03818681392855641
CC_219B59B67193,0.20684764811404746
CC_21A9E8DB58FE,0.1216669441042775
CC_21AE679C5E95,0.23452243794680636
CC_21B98D13174C,0.10872045808125808
CC_21C81BC15002,0.08516396185015497
CC_21C9B26CFEA3,0.06880613551562348
CC_21D22081A4CA,0.755794415115767
CC_21D29CD736D3,0.3212596308408038
CC_21D3CEAF838E,0.18642762665882862
CC_21EF792A3811,0.6321805566014783
CC_21F04E996723,0.3632265496234187
CC_21FB6C8AB8BF,0.47582986129924165
CC_22067686F6C4,0.6956794605960888
CC_2207A39B7BB8,0.1262676328672009
CC_221053121AAB,0.18077779887579615
CC_222423774191,0.06781002433775066
CC_2230EFBC99AE,0.43517240312046684
CC_223BDED2A465,0.2629207439018138
CC_223E3CA7A07F,0.19087369085398528
CC_2250B42E48B2,0.10910995600116097
CC_225935E43583,0.1314856716374883
CC_22781E93CF84,0.17882391119701643
CC_22784AF3CB6B,0.43888595403134695
CC_22831690395E,0.22866397035010272
CC_228E6CBCC935,0.5990878089518522
CC_229338EBBA6C,0.0900906090898239
CC_229A63057E54,0.49345304542161994
CC_22A2D8A4B437,0.09078883918072266
CC_22ADE1EE9BC7,0.13794311615586075
CC_22B69E7C415A,0.035574568164756425
CC_22C590B43FEF,0.3194316499688744
CC_22F06379D8FD,0.029102753608620604
CC_22F282264A1D,0.12468652027861643
CC_22FBF5F0E1C0,0.22586330399329724
CC_2302088175A3,0.2568696788064816
CC_230672EAA654,0.030429591326358092
CC_230870B121F6,0.16156495531818377
CC_230A051B2B3E,0.04617272923208575
CC_2316F57AFB7A,0.08454408236556257
CC_231D091FCD1D,0.04754321923640621
CC_231FDED1781F,0.25206206778117207
CC_2320053D1183,0.051218624917081346
CC_2320AF507566,0.17625632768329264
CC_23321FF41C3D,0.2313530844183764
CC_233470D6BE72,0.6351821980961186
CC_233C8EBC95FC,0.39997716872443256
CC_235F99F13500,0.16166231638392645
CC_235FC02CA52F,0.2087892265745541
CC_236C80CAF53D,0.1978178055985616
CC_236E7222D97C,0.07321920823900178
CC_237B86FDC93C,0.0511813605458227
CC_237E7EB2D7D8,0.08696055110542147
CC_23830081EE1A,0.6257852683587882
CC_23894AAA08DB,0.4806013871404503
CC_238CBFD6E20C,0.3762646917280833
CC_2392A4A79C9E,0.03307495625792696
CC_23A474D43C73,0.21851460073549656
CC_23A9CC59BA0D,0.022169188076425272
CC_23B158D8306A,0.136005374326379
CC_23D147F1870B,0.17809553767887043
CC_23D2E73DCFCF,0.13059163203460458
CC_23D9103D1EAB,0.02896485509925982
CC_23E142182F2F,0.6778553022332517
CC_23E43713A108,0.036158983097382025
CC_23EF2911610E,0.5026317231131155
CC_24056B76BD7D,0.04440889386630056
CC_2416ECE66177,0.1343050813219867
CC_241E65816FC2,0.07637972965978534
CC_241F7E97FBDD,0.046976046927464855
CC_24217201D7A1,0.38479982709235305
CC_242301FCCE50,0.04332011010846836
CC_242C69CF0B12,0.11125801293667842
CC_243B23702DC1,0.19120658781067598
CC_2456B9C796E4,0.12530204691154762
CC_2457D89CB88B,0.635250843124767
CC_24667210E2AF,0.21671335325887603
CC_2468D206CAEA,0.0578418605829098
CC_2469630A4F86,0.34146064901768286
CC_2469D83D9594,0.03384497207549778
CC_248C65EF54A5,0.6333391047782091
CC_24BCCA7941E8,0.08964057631595981
CC_24BDC1CE2A3A,0.21186664014486833
CC_24BFCCDF957C,0.042530183567280916
CC_24CC8A1B1CB7,0.12935373202831305
CC_24D4B1852554,0.213706383925567
CC_24E65FA5A32E,0.16209212993544422
CC_24EF3EDB6857,0.03564227507059953
CC_24F15A19D648,0.16397506462342643
CC_24F2410B5A19,0.14470095076978712
CC_24F27E7DE1C6,0.45155456275810335
CC_24FFFD0C983B,0.03081975174751908
CC_2504E9D5D5E4,0.13998799978098214
CC_250F6A0DB62D,0.05350864077548631
CC_2520E13DF0A2,0.7063336399851028
CC_2539C315029D,0.29892149387501865
CC_25519ED78507,0.17837253899664712
CC_255D49296DB6,0.12163760734292864
CC_255DC60FF5BD,0.042983638478317626
CC_2563C9EF9D55,0.05542781330562212
CC_25756EB9651F,0.12259706044281132
CC_257CC46D379B,0.42514030749089404
CC_258D5F80A933,0.6707723878608136
CC_259D87270257,0.25443167731271543
CC_25A41AB21C94,0.23605026444547164
CC_25ABCDCC8B71,0.10487424451463698
CC_25AF0D0569B5,0.0708126884279893
CC_25B61D393144,0.1646088076832919
CC_25B95D7288CB,0.39831355943589086
CC_25CE2F2F13BE,0.22074110271671712
CC_25D1A5971976,0.3335785284194504
CC_25D411B46F00,0.741021312926712
CC_25E7A2DC5E41,0.05868042618924931
CC_25F4C8E51AC2,0.5436174249232801
CC_260323EFB122,0.5457812559027976
CC_260F10484312,0.05908877974509659
CC_2610D0F1D0A7,0.18837584642650468
CC_2615866F35A2,0.09764073291836248
CC_261DA4E8DBEB,0.11666019791028413
CC_2628F00B0745,0.38622608538669906
CC_26338E9AD15F,0.13798894520452817
CC_26346B99BDBE,0.6576071429955924
CC_26351DBC1AF6,0.12700238022670807
CC_2637397AA3F3,0.5944405626954536
CC_26675C32611C,0.6706824967354641
CC_266E49E49071,0.1912833295403137
CC_2696368A4DC6,0.02930827153451915
CC_2698641B68A5,0.15914797451372836
CC_269C5AE6A1A3,0.668600929618294
CC_26A06AD1206C,0.755409905173993
CC_26A358B0C10F,0.15910228272046292
CC_26B07CB02EA3,0.5640151186997706
CC_26B638BEA8CE,0.13007375978109847
CC_26C33B649FC9,0.05903646984061072
CC_26D5B969A36F,0.3237988120903428
CC_26E3A1226C2D,0.160708396972816
CC_26EEA3F0224A,0.259623179007508
CC_26FA5E5A718C,0.14294156975597866
CC_26FE119D4919,0.05439986786072086
CC_270B462BAEF3,0.03126452532775072
CC_270D929FEA9F,0.07905381928651475
CC_2731AD82BA11,0.2065466043710172
CC_274144AE3E86,0.14214027971664994
CC_274AE6E82879,0.15635049051342473
CC_2757A490C5E1,0.08220202603701278
CC_2766F6011BD0,0.3786198996934983
CC_2768E644C697,0.045782532879837703
CC_2770DF70328D,0.06968294296026131
CC_277503968C44,0.5055846903178279
CC_277CE974AA8F,0.2746870521797717
CC_277D246E39B9,0.19802296207584838
CC_27A1CC725B7A,0.0629837927512308
CC_27A798829CA8,0.7632030362512519
CC_27C938FC8DC6,0.46228437431794916
CC_27CA2D819E7A,0.0643648164188106
CC_27E3712F0E38,0.13061742671613932
CC_27F3B3F43FF9,0.035127032537030464
CC_27F9832EAB8A,0.4663315465830954
CC_2809CC131F3A,0.6499149893976761
CC_2812523510C0,0.1547202942429993
CC_28151C75756D,0.04550506393629914
CC_28203CC976F9,0.10404409302731549
CC_282AFAE06F96,0.09306747761667616
CC_282C2404F4C0,0.07388781481343963
CC_2834BA2F19FC,0.21107806332241302
CC_28432E22F47D,0.5740172936410894
CC_2844882CC439,0.0536419205340891
CC_284F79726032,0.39680383838439415
CC_28544783AB15,0.49182401653615837
CC_2856104729EA,0.6867125820594938
CC_28625CD86761,0.18051938874029544
CC_2866BDB46FB1,0.09392339187732046
CC_2872415C6B36,0.07542903615468959
CC_28752737647D,0.6172019089150064
CC_2875C281EE88,0.05129636730775584
CC_287E3E9EDAC9,0.07943832936558931
CC_288A2C49D62A,0.04834290120425837
CC_288FA8CD819C,0.1911331236646701
CC_2891894CCED4,0.07142719026959371
CC_2895608A9699,0.13803324654416751
CC_28A2EF7926AE,0.5874904189234523
CC_28A7DBD2B710,0.1748369203847232
CC_28AD81DF2C51,0.11483887039486704
CC_28AEC29CEC25,0.17039991241796382
CC_28C1C3DF7928,0.09959149507049843
CC_28CA76962EC8,0.17460279506892754
CC_28CD47803B6A,0.06957649251297868
CC_28DF569DBBE5,0.08152573740112184
CC_28DFE611C657,0.10098285900337081
CC_28E11E6A6C8D,0.16480234848111266
CC_28F58ADC7CBC,0.12308348392634696
CC_2916479EBC84,0.11724269951655578
CC_2917C6CB0B2C,0.1498179676601625
CC_291C7830D4B5,0.36966460573186266
CC_291FE1744E5F,0.07483640370065338
CC_293124F1ACD1,0.13588323137031205
CC_293C2D704AA9,0.36246501006391363
CC_29432A6B2555,0.12353416664382044
CC_2944B427406C,0.16257984309868662
CC_29468B7035D6,0.12856721432440327
CC_294A9A24E473,0.048245855192137574
CC_294B94EB0E07,0.25941907004666587
CC_2967C29E4C3A,0.13447680723952105
CC_29716D5835F4,0.21101737139005386
CC_297179FF2BCC,0.4206487700601266
CC_29803690C939,0.21075168813195685
CC_29821539DC4D,0.137497265768768
CC_2983C1D2A273,0.17093502395502275
CC_298CAC5A1868,0.6156380630347933
CC_299EBE0FB429,0.14038019783259117
CC_29A1C0073882,0.48042792232964915
CC_29B6065F187B,0.36728129290297995
CC_29BC66C10F87,0.6347852520535773
CC_29BF3C3D9682,0.16900748646014424
CC_29C4425FB2DA,0.1971440173319427
CC_29C5D0D72D61,0.10992124900870345
CC_29D65E313500,0.13946747566064893
CC_29FD856F47A5,0.734752287388369
CC_2A097F88615A,0.08885522272013728
CC_2A0CB4CE1A48,0.21912806906631935
CC_2A14C1652D6D,0.2238166311623149
CC_2A1F96F80938,0.11903616375922935
CC_2A23F71805A2,0.13679653688829696
CC_2A2BF2FD0498,0.13734270840613758
CC_2A358A1D3DDF,0.6343694427868322
CC_2A3E371F0DAD,0.26881839640770966
CC_2A423FC8A330,0.30919183192338434
CC_2A43368D54F9,0.5265234555202535
CC_2A47A21C0E07,0.6482522250071135
CC_2A4CB02E7A1E,0.125608352618021
CC_2A510080BA29,0.18783854747652834
CC_2A5316E550F0,0.08741601440885191
CC_2A59695EF90A,0.5774356928377677
CC_2A606D00CC46,0.04806085204155802
CC_2A6C69145AE0,0.08565675835377215
CC_2A6CD71471A6,0.1092330421919471
CC_2A70D6EF64E1,0.08458739128047785
CC_2A844754AE67,0.6047184656968523
CC_2A85A7B242FD,0.16296189851992798
CC_2A9A51067D7F,0.15018148013128974
CC_2AAAD4020436,0.20373581733523674
CC_2AB62BCF3704,0.08266741124763875
CC_2AC1C8DE5649,0.11841267158822419
CC_2AD10D78793D,0.7040566908563723
CC_2AD26446A7AE,0.040875892150269585
CC_2AD2D35975D1,0.09672259773685898
CC_2ADA07B0211F,0.297089313705467
CC_2AED2D284351,0.3183865199106812
CC_2B01FDE2552D,0.2460878479558774
CC_2B06DDFD7F8A,0.06919149565707067
CC_2B08FBC0A948,0.1638434760986161
CC_2B1914218468,0.7409411784521012
CC_2B1D93E12DC9,0.16229054326805356
CC_2B248C488918,0.08189434836176512
CC_2B256891C60A,0.626595911452482
CC_2B2801591A25,0.3850870178097753
CC_2B2B7CF1E40F,0.11136699201805966
CC_2B2F4204834B,0.1883205857751915
CC_2B5443C7AB87,0.06519121978924013
CC_2B5D780AC244,0.6708279330569553
CC_2B64E67CFF13,0.05216864029242104
CC_2B6B872C8D21,0.06972432821325635
CC_2B85D931F011,0.08072699137058945
CC_2B959EF030DD,0.14752381886841637
CC_2B973D1AC16E,0.12991515648756946
CC_2B98983C2687,0.04902979169929167
CC_2BA581E7B8D2,0.09639955111255745
CC_2BB2C432C369,0.1316534966139962
CC_2BBE19587CD5,0.08340757282877709
CC_2BCB838A9581,0.14689050963261166
CC_2BD0E9336EB4,0.06796214042149701
CC_2BD1633FD528,0.09254352960462353
CC_2BD58FC8C2B9,0.030965935971340414
CC_2BD6083CAB0B,0.7724512186691115
CC_2BDD47B177E5,0.7781664026248036
CC_2BDE889EB05C,0.2722654641573096
CC_2BF8DB192A49,0.6104779054336998
CC_2BFDF46F3AC2,0.11753273950064234
CC_2C00CF2FAE22,0.1448470730508363
CC_2C06DDBA1073,0.3581449908827963
CC_2C16C7838FAB,0.7950045226705321
CC_2C263A1A732C,0.19052125413424803
CC_2C34105831A6,0.19278996350077227
CC_2C43FFA06F31,0.08460246626509943
CC_2C4DEE4CA1CF,0.06167959989351903
CC_2C56DB55E40E,0.08819130162087435
CC_2C59F565C183,0.14593226447965657
CC_2C7F54E56925,0.17073911350931437
CC_2C8CFCC646BE,0.03143007801742071
CC_2C91AB1DB754,0.0553046828418006
CC_2C93356976AE,0.37109248932269473
CC_2C9DADC294C8,0.06732434021168134
CC_2CA94231028A,0.26070075712059576
CC_2CC8CB17283A,0.19538871823243595
CC_2CCD42AA2376,0.1350132654458352
CC_2CCFE560A79E,0.06196838403105026
CC_2CED227E5216,0.12661634277842762
CC_2CF326E90715,0.040068150368913105
CC_2CFEA03CC6A0,0.6454312563927669
CC_2D1D032137DA,0.107515312471441
CC_2D258781011B,0.18362473201329094
CC_2D30260A1CEC,0.2228611195995564
CC_2D35C002A9F1,0.14899332135632115
CC_2D45DEA4EB25,0.15160680507114677
CC_2D5494C13FFA,0.08622938825864142
CC_2D5EA2953E81,0.23487938532281183
CC_2D6E7894EA16,0.6435248873108184
CC_2D7DA36360AD,0.23034262297874714
CC_2D7DFEACA38C,0.2986385844766516
CC_2D836654A121,0.14784729955416917
CC_2D9CDFC6C57E,0.7243599899662407
CC_2DAC67585B03,0.2104020247202122
CC_2DAE338809DE,0.28252343516153133
CC_2DB062A18C75,0.4855150331431394
CC_2DB2C55CF89E,0.7733253204257506
CC_2DBCBF870292,0.03565191177884978
CC_2DCBC03B4FA3,0.7480103009749435
CC_2DD78131B5A1,0.11965707237311834
CC_2DD7BCA75AB9,0.13240347719382697
CC_2DEB49017220,0.10698604227185651
CC_2DF6C71ED372,0.1468738826003922
CC_2DFBFA1A4FE8,0.15085397867204622
CC_2E12A41F7733,0.06656755750851104
CC_2E1A348EB1E6,0.11459699422732184
CC_2E23CB0F6F7B,0.36722887753265776
CC_2E3634587158,0.057340047551218194
CC_2E3F4B14D8DF,0.3550169034352335
CC_2E3FDDBF4F48,0.19453552388328546
CC_2E61C46BC16A,0.17058613745224618
CC_2E62AEB14351,0.3179370241530636
CC_2E6F1C0ADEB8,0.18645340308508557
CC_2E7415FAB62E,0.078141808853729
CC_2E77F7444FDF,0.03832429231383054
CC_2E78431BE3DB,0.08220401333963585
CC_2E7D44FB8075,0.15506321275399176
CC_2E7D8539BDA6,0.29848209831562766
CC_2E7F248874AA,0.7206856367546683
CC_2E85BB8F3BB5,0.08464701024408326
CC_2E8897E4D9BB,0.23789129208191612
CC_2E8CCDE89E2D,0.2394896301266219
CC_2E927D910813,0.11754172716633005
CC_2E9891F5A2D5,0.13439702161836645
CC_2EA56A7EAC04,0.2664922524815106
CC_2EB45D13B248,0.1292072796437701
CC_2EC924B0EAAE,0.11879155898384952
CC_2ECC248C96B7,0.04658798050915697
CC_2ECF0C98B06D,0.37481190567010214
CC_2ED3F6481454,0.16082320148866128
CC_2EDDF0B40ED8,0.14325359065220267
CC_2EE2A139642B,0.1380267625886588
CC_2EEE072DA301,0.19266296089460105
CC_2EFEBB85DAEB,0.15639547442183224
CC_2F133BEFAA69,0.1404004895293402
CC_2F1AAE3B81F2,0.08409320370221827
CC_2F1BC47CC90E,0.041734259214425605
CC_2F2128FBBDDC,0.1582663901083923
CC_2F3D3342834E,0.0718120542248856
CC_2F42D39F710B,0.6170702913705262
CC_2F4AFE398419,0.688864371055059
CC_2F4C24B38EE6,0.05252602317621787
CC_2F508C0838A6,0.08617505895058838
CC_2F50EC193942,0.21802879384387527
CC_2F5BD03D4900,0.06825910116062833
CC_2F73AF6728BC,0.04323062370332904
CC_2F7EBEAB9CF2,0.19014751455318876
CC_2F9AD2BC25F5,0.06285829215558555
CC_2FA3172ED3FE,0.6803849701163814
CC_2FBEF8808F48,0.1648650176663655
CC_2FC014F0EA3C,0.0965479620914063
CC_2FC3AD2EC986,0.2572587081243115
CC_2FCC82AC097C,0.2869113781844682
CC_2FE2ED7D464E,0.2663153215239046
CC_2FFCC9802D2A,0.17900720068970827
CC_2FFE32627DF8,0.20749599027727456
CC_300BEA90EF3F,0.15618852642494535
CC_3017B64D0364,0.2104079525513074
CC_3017E5E87C94,0.14249865189271246
CC_3028375CC87E,0.7875350066364688
CC_302A48CFCEDA,0.07267467879431418
CC_3031F96196BD,0.3535850137718015
CC_30328ADA0AE8,0.09259053395193506
CC_30451015D913,0.027264414517342715
CC_305D33AC15A9,0.7544287514817389
CC_306015CFB66A,0.1579760383525901
CC_306413849CEA,0.4261887064212815
CC_306EF0BC7CB3,0.027780691167378233
CC_3075C5B861A8,0.0967284469692531
CC_3083D9B76858,0.04294421118961354
CC_3096994A495B,0.20593089526819167
CC_30B106BC1657,0.18809472848643574
CC_30B967417C42,0.20216916256171832
CC_30CABAFF5453,0.08334615469992401
CC_30D68208FB23,0.3576031974127206
CC_30E2A90BACAD,0.16874335744214608
CC_30FFD856443D,0.6106889773170845
CC_311EF26786A8,0.08927628718801933
CC_3129843EADE6,0.6849522443353393
CC_312C34EF683B,0.04762199112494511
CC_31302B64C078,0.11642161143627906
CC_31344A25B569,0.028528261356100915
CC_31397A399AD5,0.07322829710677747
CC_3145B5EAD7AE,0.22225127866242533
CC_3146EE0BF81A,0.13615537447186868
CC_314D02632843,0.3268076846003645
CC_315133406E42,0.24747739563655688
CC_3180D1C6FB7E,0.25403900748355707
CC_31827EE8A968,0.29246894479633223
CC_319BE06CC27F,0.03712159113962351
CC_31A0A97AFFCC,0.4802133970620319
CC_31B22116E36C,0.16705511252945432
CC_31C78D9B6494,0.38138493397584805
CC_31D3FA367B41,0.11942091307038677
CC_31DAAB3E6DA7,0.16487015062724183
CC_31E36F666FB7,0.08272638663821993
CC_31E72EA14FE4,0.10429695497174994
CC_31FC6DC9482C,0.2320696985113052
CC_32076DA6AE23,0.16001858668533067
CC_3209FA12D938,0.3086877348943882
CC_320E17F947CD,0.4316623922350108
CC_3223C706DD92,0.24129644601678782
CC_322EFB2E377D,0.10219325130153606
CC_3248EB928073,0.0769604430056212
CC_325D5DC52B1F,0.08606349486157089
CC_32662A6DB78D,0.16686881393225503
CC_328DD3BA068A,0.2368927280235396
CC_328DF7798F91,0.15464070963423732
CC_3295CFEB188B,0.08857047227421325
CC_329DC79286ED,0.6870110579497639
CC_32CB77D55C73,0.12602425357684233
CC_32D129B9E651,0.09393690448905233
CC_32DB12551D37,0.6508299471218975
CC_32F00D77D5CD,0.11179042275948803
CC_32FF5F6892D9,0.21580832873493827
CC_3301EF60877F,0.12629438467251403
CC_330F334BD816,0.11712278250998011
CC_331285B3494C,0.21282058967063955
CC_331364283D5C,0.11345363399789658
CC_331718E0F54F,0.1737723135928083
CC_33194D48FF66,0.08094660685386035
CC_331E8B8BCAB8,0.06645169913338904
CC_33254134ABA9,0.7833280700307537
CC_332E42439579,0.09772279807727818
CC_333102AB964C,0.14847994374007947
CC_3338AC0E8112,0.2536888453740183
CC_33656EEDE6F2,0.39572314665911373
CC_336777D934E0,0.47145153763463404
CC_336DBFE464D1,0.5219606911611487
CC_3382BB2F3152,0.14158013724449667
CC_3387207793E4,0.03862196029189545
CC_33992C973839,0.21177950431970954
CC_339C36703675,0.09641041502127375
CC_339CA5814519,0.1052405184982633
CC_33B157F2A921,0.12050317108497176
CC_33BBD10F239D,0.06492069132109904
CC_33D3B12EE56E,0.08762147597332454
CC_33DB68EA27CB,0.10108185481483788
CC_33F0B95E70CE,0.21989948062650022
CC_33F40275D630,0.050720976640042326
CC_33FD5DE22692,0.08170444497236962
CC_340961106343,0.11924166490012769
CC_340BB1F4CEF0,0.14877805279631565
CC_3410B11F1FA3,0.15861642800887085
CC_3424972707B6,0.6532373788935137
CC_34452758A645,0.02911099785679313
CC_344D239879D6,0.13709317910919935
CC_34503B6891CE,0.22091429579719157
CC_3451722A3813,0.07234361441910064
CC_34517B513D8E,0.4724009228736977
CC_346ECB4CF2F8,0.09952206444794681
CC_3478E8B6B56A,0.061451591804846044
CC_347AFDE16722,0.08560330364950748
CC_347B1A01467F,0.04427179326714903
CC_348AA62FF484,0.2916602764050348
CC_348D3F098A4D,0.08782675598407663
CC_349290E4D0C9,0.14618795162608433
CC_349347D553D1,0.2690274510681055
CC_3495CE27BB05,0.2557702076537876
CC_34B10A654721,0.15403111373848094
CC_34BD2C5130C8,0.13761832035145344
CC_34C433439160,0.06062451115264589
CC_34CA271F73E3,0.30352876119805583
CC_34CEBEA3B15A,0.06860309359287059
CC_34E58CF793A0,0.15708056352649263
CC_34E6909B6027,0.5141993532708532
CC_34F4292A8B5C,0.1990753215160052
CC_34F6DD223594,0.04499109646725866
CC_3508A7A5E9EB,0.1473210727200198
CC_35094977DD75,0.14799125778352756
CC_350DE157CE6D,0.16313614568470208
CC_351BD5C2EE8B,0.02289208298594051
CC_35486249EDEF,0.209354077837258
CC_354C9ABE6DDE,0.06584646231457458
CC_35578162927A,0.11524309797149995
CC_357C3E7518D3,0.7387104526631372
CC_3584C15BF11F,0.035880303384429886
CC_3588C5166872,0.08841310453918669
CC_35A68306B19E,0.25575410131169807
CC_35BFB3093D02,0.04757956145698099
CC_35C085ED37BD,0.5317982872996493
CC_35C695C13279,0.07166101512665968
CC_35D1668A4C13,0.21836816561519073
CC_35D27495E0CB,0.7823700837829966
CC_35D562E1DBE1,0.6949203082476684
CC_35DCDC74A757,0.4735313522756581
CC_35EC2AB1D1EE,0.1420197393781897
CC_35EEB90317B9,0.6029848386826939
CC_361A9EAF7706,0.2886917335070841
CC_361B968FEB98,0.3107200517423808
CC_361C9FA031A7,0.7666860159335557
CC_3620C5D1B3E2,0.06229776848659174
CC_3622D7221940,0.03681142949366245
CC_363175E92F74,0.3148319195350303
CC_3638C9146BFC,0.15383358702859437
CC_3643A4C7EC5C,0.05877295276271976
CC_36690A9AE112,0.7214411921586457
CC_36719170F638,0.08944651689007707
CC_3673466BA7A7,0.08164564935467279
CC_36847054DF52,0.3448237553566933
CC_3691CE792752,0.7396527294799832
CC_36A27FE53743,0.502020171995639
CC_36A3FB06D1D8,0.7745882166945758
CC_36B0F2AD5413,0.05945855413522381
CC_36B1B7BF5F75,0.1694032836112936
CC_36B68E66951E,0.45878934115332226
CC_36D3F09AD810,0.4347590989696892
CC_36DBD8424220,0.5539269794747301
CC_36E5645D8018,0.08558169640755615
CC_36E6592E4E23,0.175947147736769
CC_36F143AEC864,0.09145704272615911
CC_36F2A735DF73,0.1905863623072721
CC_36F81C003E8F,0.0331049869067704
CC_36FCD55EE425,0.5382118264740379
CC_3701D5DB7FA1,0.07826312222198582
CC_3706E1EB2587,0.5645356857573665
CC_370E0F8EF86F,0.585708432283832
CC_371D47444D5B,0.6968672912362861
CC_372CFE308EA4,0.6489753591698862
CC_3731D90357A6,0.2540347919252079
CC_37322F66C543,0.03664980158633671
CC_373539DE38C5,0.13435523639975705
CC_375225700242,0.31812560542944074
CC_3762D0B6F3C2,0.11824054135437762
CC_377A277E831A,0.15101714989087467
CC_377B6066B91B,0.2819905918317425
CC_378D71726B5E,0.0792495001724524
CC_37A46BD0DCBF,0.04293478445041725
CC_37B447368F02,0.7169002585105666
CC_37BFDFE369A3,0.21992475039054002
CC_37D09FE492BD,0.07304847627715706
CC_37D3F4C07235,0.3040020630775174
CC_37DDACE48E3C,0.1324286368436479
CC_37DEF85C0A37,0.3125014321392001
CC_38020CED9EEF,0.08481368782067081
CC_382207621EC5,0.7885123095243041
CC_38374AB27F95,0.08051321317612621
CC_383A5544DD5C,0.13473128467832635
CC_383C129A5B96,0.23472893402335407
CC_3847AAA649C7,0.11700486929193823
CC_3849D992C1E3,0.08361094131914365
CC_384BB17F0F0B,0.60604270324524
CC_3851177E5E76,0.07697739665085444
CC_3862F88850B8,0.2895758162800069
CC_3867CFCFCC94,0.24405521441161088
CC_3872ED018F85,0.17254888923485062
CC_3881A587C072,0.1349568500402188
CC_3882F8EB5EEB,0.5974632076736826
CC_38911341EA6C,0.08649354253389381
CC_389E5B71E254,0.6103395595378318
CC_38A0DBCD3728,0.07705968181429412
CC_38B3E9142747,0.09659417955184112
CC_38C1B8860300,0.05012530305280762
CC_38C8CF250B60,0.028892325045318024
CC_38D32B790B4A,0.1379965860962281
CC_38EB304A9915,0.18028754489451643
CC_38F26461C872,0.7530156452167596
CC_38F942257E28,0.5459366852011688
CC_38FA5D78A8A7,0.05031896281917998
CC_3903D7BCCA95,0.06703010333830142
CC_39043D7ED04D,0.1902436206262068
CC_39098B256732,0.06576313260671784
CC_3909A2E4C679,0.13835778709563062
CC_392344DF8D55,0.34170671160416044
CC_392628C8AD47,0.09996392236667145
CC_39285F4C42BF,0.39679355434450453
CC_392A376EA1A2,0.09660704219329991
CC_3932E086F150,0.17402810599234264
CC_393D1D3640D0,0.06900838010005678
CC_3943B3490B49,0.6761524989202741
CC_394DE164DBCD,0.14042701015781955
CC_395600E84A54,0.1293126997799342
CC_395D181A7E1F,0.10707267110644847
CC_395E8CACC437,0.13550657424162021
CC_39635AC6A70E,0.062322983878019794
CC_3969352E3ABC,0.09419588582004826
CC_3985C0DF9CB5,0.5539207179674452
CC_3989F2C6A9F8,0.21844339489742856
CC_39A82672A1B2,0.07952221894833067
CC_39AA15DAE17D,0.6050685469583807
CC_39AA2A3D98CC,0.03137829825699413
CC_39AC257B00C5,0.10494551996699739
CC_39ACC63CDAEE,0.1200247431616277
CC_39CE40784C2C,0.20128151245552361
CC_39E1A306D418,0.1452696288121229
CC_39F2B11C46D7,0.08651154675326006
CC_3A10F5F50A27,0.049978405187834904
CC_3A27CF9D162A,0.5977374323794109
CC_3A297424A7F7,0.11654171700014866
CC_3A39F7930BF3,0.08941736567465264
CC_3A57566F9977,0.595048504933815
CC_3A61121254E6,0.047846175932482804
CC_3A81C568A7F8,0.19666491223779398
CC_3A82E7050A4D,0.03835694806808938
CC_3A860AADE6CE,0.14655409284955506
CC_3A8B3FC29C9E,0.13032170976148855
CC_3A8E9056A5A2,0.09739273133830316
CC_3A9617A5777D,0.453442042975102
CC_3A99D25777CD,0.14382548450783172
CC_3AA9E8D01340,0.57071116890877
CC_3AAEFC09C290,0.7061227162990024
CC_3AB5E579843E,0.26953875810335726
CC_3AB77A30AD40,0.1772486351856728
CC_3AB7BA36A414,0.3307466159111644
CC_3ABA830A5BB2,0.11651667148481776
CC_3ADDDA550A57,0.10222772955418158
CC_3AE7B1151DC9,0.13454338681037253
CC_3AE9A209EE00,0.04400203284880889
CC_3B06FCD75C98,0.05860943143284479
CC_3B0722FB5E8E,0.29519790244599436
CC_3B1C51DD7429,0.1821325482880926
CC_3B1F4696D710,0.6106821654336729
CC_3B224413A072,0.24996813008322802
CC_3B35C3783CCD,0.2667637547577443
CC_3B3626F3DF9F,0.2340202295346835
CC_3B4405C7E486,0.5534205139586695
CC_3B4C4A9C9D99,0.2587284523352984
CC_3B72F0E9E3F8,0.23787793864388576
CC_3BB02A95C6C1,0.7186910002549709
CC_3BB8B675C2BC,0.37141438925436066
CC_3BC51B069218,0.11239867889278611
CC_3BCA5BD201AC,0.16849164080728654
CC_3BCAC9793441,0.31239912800255376
CC_3BCBC867AC4A,0.04053570452697049
CC_3BE51412ABE7,0.42981815112255295
CC_3BEA98B401CD,0.6773827172550075
CC_3BED6DF1ABF1,0.1786198859595811
CC_3BF0BF7CF827,0.7885320590190357
CC_3BF110035599,0.6108771915612667
CC_3BF213810DEE,0.6629838927747258
CC_3BF21CA88D3C,0.45595918757900533
CC_3C0E29764C71,0.05790418264169295
CC_3C19509D4636,0.16311376608419453
CC_3C1B038BB068,0.1642067462835654
CC_3C594CADCA2E,0.20403010431773572
CC_3C5D909498F7,0.6312890500097997
CC_3C68D5179A01,0.11746793843188787
CC_3C83955704BA,0.7725671843753088
CC_3C93218F41B2,0.2842872114661609
CC_3C9CFC8FB4D1,0.6926729723120808
CC_3CA266EB55BE,0.11848423854975176
CC_3CE49C937F7C,0.090880108115925
CC_3CEEB9C04F0B,0.3735013469269877
CC_3CF504AD4DD9,0.07044760012821907
CC_3D1092DBC5C2,0.21849612039520883
CC_3D185833E7BB,0.03934723239787196
CC_3D2309981121,0.33049940705562053
CC_3D27A0086AA6,0.2020234842480179
CC_3D3BE7D0F4D8,0.1253042013216652
CC_3D412B5EA919,0.08773753484576971
CC_3D47650C6F30,0.06383706144313683
CC_3D55D1FD8457,0.055861990398801326
CC_3D599501BA76,0.07793122811874495
CC_3D6181EE3C87,0.6653358106123489
CC_3D65CC165F44,0.14068612717347667
CC_3D6CF6DB8014,0.3824429055237162
CC_3D7C14801D40,0.17732684533274484
CC_3D836BDBF866,0.6433135398096286
CC_3D8DF3A3DB71,0.747306562863362
CC_3D9309851089,0.18925174692697316
CC_3D9ECB4274C3,0.11776679796234263
CC_3DC8A9A92802,0.3158144039906976
CC_3DDD3813D1D4,0.09367438578005631
CC_3DF3FFB3CFC7,0.10771083284067862
CC_3DF88701601B,0.1547624846161313
CC_3DF91A482CFD,0.3221491762258658
CC_3DFD6349D046,0.6535042948451238
CC_3E0D54125AE0,0.17773468298408004
CC_3E10CFE1DD57,0.04583064088874542
CC_3E13CB98572B,0.13793810920087787
CC_3E142C8ACA6F,0.0925906379235806
CC_3E1BAC4E5B90,0.07417988742517755
CC_3E2DD0D1E2D8,0.1527956415772077
CC_3E403BF08A45,0.09089149419610101
CC_3E46368104AE,0.09803735212414835
CC_3E48A086B5C7,0.23878832344026485
CC_3E54451B0F6D,0.0906608263850128
CC_3E6335ED3F4F,0.07883304464876262
CC_3E87A65C50A5,0.14932494546156982
CC_3E91109E2090,0.060752479797914226
CC_3E92A1EDA618,0.2531482622147865
CC_3E94684FE270,0.4460968751713654
CC_3E9DB402F352,0.15302543108468575
CC_3EB5A15A6C04,0.784755149455189
CC_3EB8A9A6C49D,0.10255894548460145
CC_3EC96BC884F2,0.12226831997425612
CC_3ECA9E44B90F,0.2894298001016945
CC_3ECE4EF16A44,0.15972351967480772
CC_3EDDB8E70F57,0.20753110464376578
CC_3EDF137D0E1C,0.13919003068489227
CC_3EEEE844410D,0.3673658910330616
CC_3EF4F348C967,0.11723722726531363
CC_3EF91DD11A81,0.14123722142072376
CC_3F08C55E7A40,0.19066907699857064
CC_3F171CED0CFA,0.027209702758055766
CC_3F2544EFA753,0.1401703307787867
CC_3F28F3286CCA,0.080696131883877
CC_3F379CB37B0D,0.18330137049805284
CC_3F42D798AB1D,0.6379803941046631
CC_3F48724540D5,0.1690002743205733
CC_3F68068E2D5E,0.11004148655638506
CC_3F7FBE71B77F,0.05856069430985568
CC_3F80017B8599,0.048685379366869404
CC_3F8B17953200,0.06695154333306678
CC_3F964BADC4BC,0.7362771064660018
CC_3F9767602FCB,0.20610382433527696
CC_3FA84F0B23CE,0.04717123400739855
CC_3FB4B189143F,0.15210353382418793
CC_3FB7C976EB26,0.4729102564442458
CC_3FBCEB2F36D5,0.13883945851515667
CC_3FC4FE843245,0.1259460216936445
CC_3FD52E32FE8B,0.6648388266853027
CC_3FDB44EC6254,0.05879629096866981
CC_3FEFBD6DC62F,0.2466310362433468
CC_4005466D00ED,0.32123766536526743
CC_40095FFBC1A2,0.05689720522398968
CC_400F1887A662,0.11276847636459607
CC_40133FF3069C,0.08180685074617189
CC_401C6F0EED5A,0.10996853925863158
CC_4021AD03FA01,0.117402036350128
CC_402E91F3A56C,0.12240788281141624
CC_403754B6988D,0.11256387439781104
CC_4052DFCB1656,0.22422453802316283
CC_40579C5C13D5,0.7969758320539037
CC_406937FF97E7,0.08641107718693006
CC_406C4233347A,0.1852912801860771
CC_4073E42E11E4,0.25972279256272557
CC_4077BB12A5F4,0.10253834262266778
CC_4077DD5B5C4F,0.12608827668779682
CC_40824D899215,0.08155739214297095
CC_408D79189FBF,0.31634700483599637
CC_40A3F1D5EA0F,0.3628742567209383
CC_40A852A592FB,0.11617797378626132
CC_40AADA91D560,0.2126639442077537
CC_40B39CB2CC58,0.03197319438535638
CC_40CE2030F058,0.055712627621412256
CC_40EA2F8481E8,0.169871308850299
CC_40EFD7778F98,0.15186099076190612
CC_40F278D49681,0.2760847497116947
CC_40FFCF631F19,0.3872690695538124
CC_4101D1B82788,0.21120730375252386
CC_4109B79A4B06,0.037619746763799825
CC_4119348F051A,0.11122006573048529
CC_41206EE45803,0.07485131414593954
CC_412DF740DA62,0.13866818118343713
CC_413AB4CA7451,0.10451724894278182
CC_414C06C60FF7,0.711043482789238
CC_414F50748A51,0.0553714706433815
CC_415C65EA66AA,0.04891819571365802
CC_415CED95F7CA,0.13696173388842459
CC_416584250060,0.10446417855677273
CC_416B3A1F0F0B,0.10142428215009842
CC_41735021FC7A,0.17370463751098886
CC_417858CD20F4,0.09584027759552181
CC_41902EFB3974,0.04255652353123158
CC_41A27790EFBF,0.13067392304549608
CC_41A4A223F39D,0.11617762628711532
CC_41B464757ED6,0.13120011415662888
CC_41D1A87E1136,0.44346632775732187
CC_420FE297808E,0.044898780479018977
CC_4211096D5588,0.1432790376238321
CC_421F4D78128B,0.4635746547329698
CC_422F2780C85A,0.3202218642238399
CC_423B0296BE24,0.07394198684011047
CC_423E78000AA5,0.1519854530390935
CC_4246081DD359,0.09616972658603698
CC_4249EDF2FDCC,0.7956221592184785
CC_42568C67F412,0.36509942830209
CC_426A25EA9E21,0.7308076280718165
CC_427ECDDEECE6,0.300079573634792
CC_4289EEC8F0A2,0.17933149267938656
CC_429A7158AD07,0.15112368017996103
CC_429C51AE729D,0.04146350161888063
CC_42A0DE1E5E80,0.07585391091855023
CC_42A7D0F5388F,0.08884857360170553
CC_42B23C8C9F66,0.20051483291597005
CC_42BD3999AC3E,0.2391799336031436
CC_42C95B199130,0.420927651023491
CC_42CD6CE97523,0.4433929853504892
CC_42DA114F12A2,0.24271666326759794
CC_42E2736AA331,0.20358034607651213
CC_42EA825C351B,0.4501684086715544
CC_42F1B2B4D258,0.5440316299702221
CC_42F4588EB38D,0.29953374923504494
CC_431F29A12E99,0.23267260879059598
CC_432EB78A198D,0.24523678147165018
CC_43383344BC72,0.1815221388104694
CC_4339187DD10A,0.06189893410197757
CC_4344A2E7EA1F,0.5003103565524543
CC_4347468ABE51,0.5837292284318683
CC_434894BC2577,0.04807643499101236
CC_4362DB93FC92,0.0982731131962664
CC_436850DDC704,0.13850026567618134
CC_43698E2EEA0A,0.10953543850337247
CC_4387F73F131E,0.14810835659729849
CC_43A33C994C70,0.36354842718363317
CC_43ACD82B5514,0.29706553484861575
CC_43B37131B8FA,0.20413789043551056
CC_43BFCAF8BD20,0.17015345028512432
CC_43C060E01266,0.20749463495617265
CC_43C41AF27375,0.055012321129008265
CC_43C5AFA48B93,0.06374548916938537
CC_43C767A44C55,0.20795689068431172
CC_43DECAB53552,0.04440442868323237
CC_43E6D931158D,0.3693988634099262
CC_43E9F88019F8,0.05806278854211452
CC_43EBD6EBD675,0.06697521348711638
CC_43F81C577002,0.3203642258178485
CC_443C4E041687,0.07567169326447684
CC_443F63BF238A,0.10509809270451258
CC_4463776F9AA1,0.09543333080004218
CC_446F1EDF03C8,0.06281579400170392
CC_447BAD4F7820,0.8190499100436609
CC_447D02F917B5,0.05616069564445591
CC_447E705746E2,0.15412387922978368
CC_44A017104F93,0.6445969876788279
CC_44A1E58CDBC0,0.048609526477849815
CC_44ABCC04C418,0.07690559152731755
CC_44BF6BCCFC2E,0.046388301628522866
CC_44D0671A3B87,0.13297316460428174
CC_44DBEE3A7D81,0.19035041826261706
CC_44F7DD6A88A1,0.22474112629212772
CC_45080C42280D,0.19397997688628885
CC_4524AD74135F,0.450715984574219
CC_45262103231F,0.20397188603859942
CC_452D8C5D039C,0.7817074004108875
CC_452DECDBC90F,0.06730804421405412
CC_453C9B3A5992,0.47958329478823913
CC_4542AACA1FE4,0.10550457928266842
CC_455209549D3B,0.7771776016618619
CC_4555C804C4D0,0.06464649267960683
CC_4581E4190B2E,0.10786273727801206
CC_458912F91D6F,0.43382565138884965
CC_45913E1BE65C,0.32353316471964244
CC_4594791FB40D,0.1164090362697356
CC_459B49073E2C,0.35071486259160906
CC_459EA8E0E2EF,0.13442868355338644
CC_45A4A38557E9,0.13482260788869074
CC_45ACE2B1DB6F,0.060690426927825405
CC_45C1A92F0E8D,0.09710957399030407
CC_45D0673EDD20,0.16202595557128222
CC_45D70DC84DA0,0.11212234542776599
CC_45D96479EC1E,0.06115290407801368
CC_45E8597BF74E,0.0643065056832
CC_45E97246F83A,0.28335125947889916
CC_45EC44761309,0.137548330093051
CC_4603A6F83E2A,0.05871952983157964
CC_46045CEE8330,0.05995826162632045
CC_464E17187A4E,0.4101487455404028
CC_4659FB4B8536,0.14711889088570487
CC_465EF4F9B68F,0.15239865981692524
CC_4663FDE62E3A,0.2765571525633761
CC_466D54BE0809,0.0762531686388739
CC_466ED9BD34B5,0.07368138305170935
CC_466F7908E13D,0.2114427506089087
CC_4695A5525A11,0.17841840771738238
CC_46BBB8A4854A,0.05404843157331075
CC_46BC61EC8F2E,0.20116880257791525
CC_46C0DFA660B0,0.12344154212159876
CC_46C2DCF84CA0,0.10831459001802539
CC_46C38B9F0D8E,0.09771533313342325
CC_46CAB9AE7C87,0.5432580745144397
CC_46D0D1ADEA59,0.17642045921242314
CC_46DFC1AA0821,0.7724373567935727
CC_46ECA5976180,0.1271020018252798
CC_46F5F6D27991,0.08970594139428384
CC_46FE9F226120,0.22733102339888506
CC_47130CC63FC5,0.18176568047693956
CC_472330768F5F,0.0871241123299932
CC_47292EBB8BD1,0.12312613123973866
CC_4734AB1281DA,0.06160969485329196
CC_473989E6BA47,0.27807179495546486
CC_473AE07014DC,0.16815168481172438
CC_4741EF45C3DB,0.21578491247257675
CC_474586BE49EB,0.14585044579404743
CC_47490BF44944,0.3149717711033591
CC_477213DAED38,0.081872469703288
CC_4778086276B7,0.15531269069351777
CC_47910B073CF3,0.179946327231353
CC_47939776FDF6,0.714427821563231
CC_4796F6A64420,0.06606230427708253
CC_4798549B52ED,0.30700119949277616
CC_47A3714E7D2E,0.3040090978345554
CC_47CE219EBAAD,0.17015632590099045
CC_47CF9074E03E,0.16802685635100437
CC_47E4537A53FD,0.14703592381291167
CC_47E8BC938FA1,0.1411091118669411
CC_47F134D17818,0.1329702846824919
CC_4812FBE05C7C,0.35363114527205186
CC_48152725FAB1,0.5400524245564988
CC_482256495FAD,0.66809432931261
CC_4829FF15D21E,0.1399194676959231
CC_482D26D81935,0.633582565282108
CC_4838990A8D02,0.055892451303203285
CC_4862EA9CD1DD,0.049812343687474184
CC_4862F8C1B0AC,0.08713724726797462
CC_486CD67D26CF,0.1719663092454004
CC_486D8F9AE549,0.33800452250224455
CC_4877D1BDB737,0.12385211982853675
CC_4885E34F0B26,0.1271214416400127
CC_48928CA8082E,0.15691476215559527
CC_48A74FF0E6C5,0.08460732139182235
CC_48E0791DDD62,0.06997130075587918
CC_48F620B6A472,0.10851142747488926
CC_48FDBB1D7493,0.1323565842220295
CC_4910EC928152,0.13732557140659035
CC_491C18C17767,0.06057357755286266
CC_492F65EF8D9D,0.777558572929094
CC_493DDD53B97E,0.055009709520996264
CC_495F82AA5B9B,0.1617721668205349
CC_49618412FF86,0.08056455296381831
CC_496A7CFA344D,0.7584812384617848
CC_4983EBABAE3F,0.06702298930923883
CC_4992C1915957,0.5530341651063617
CC_4993B31028A7,0.08424816249373143
CC_49945441A644,0.1781205782211893
CC_49A80692BC68,0.11197573351960817
CC_49AB67613A58,0.16660927051415608
CC_49B05CADDD95,0.5618774461391114
CC_49C6F9AD111E,0.08646303253039059
CC_49CEB94F0B3B,0.04426644328409292
CC_49D3A79B55CD,0.07765621511468197
CC_49D6671DAE8E,0.11937372021962536
CC_49E6C539B1CF,0.05952353584708013
CC_49EEDF0DA684,0.0331884173911171
CC_49FC290E33A7,0.19092883888983478
CC_4A01CF2F67D2,0.7248183496459796
CC_4A16DC668832,0.5346988963753732
CC_4A212461781C,0.07232402481048486
CC_4A237A8E6706,0.143768990281568
CC_4A3DFA0E27A4,0.13477950204172692
CC_4A513D39DCE3,0.04629215482732473
CC_4A532B0E6165,0.17282356020448408
CC_4A5FA9F1C804,0.0997808314418482
CC_4A7BDEC665FF,0.05494101500677098
CC_4A7FC9B23222,0.3382390098136426
CC_4A8A7080FA25,0.26757603614506403
CC_4A8EFD589879,0.060075867501748786
CC_4A8F7D2B857C,0.16188722189850252
CC_4A91E8D4289D,0.39261367520905854
CC_4A93163A12F4,0.3165737743973265
CC_4A9FEF48EA65,0.11784434382188319
CC_4AA73D751AA5,0.31764241126550563
CC_4AAED0C85F70,0.14287339897461046
CC_4AB1DEF044AA,0.040259442042646726
CC_4AB5AE299217,0.2206451233277163
CC_4ABA0CDC2270,0.1809781714219162
CC_4ACFFC2F295F,0.6094301483506159
CC_4B0490BAB1B9,0.0732432139158088
CC_4B28B03CEFEA,0.09145584417436411
CC_4B420765EB9A,0.11610111402270279
CC_4B47C16D9867,0.12019012145845007
CC_4B494C4D7D03,0.41938805046012584
CC_4B4C84B015C2,0.04159267907321266
CC_4B607295E983,0.04428524815851092
CC_4B6D24E81483,0.06258409913745881
CC_4B77AF6FAF2B,0.6568993482982992
CC_4B7EC3F2FFBA,0.060120313176528994
CC_4B85318DFA50,0.12793091599782125
CC_4B9B36B36DA5,0.7443877210966554
CC_4B9E0AD5D692,0.5445295694465987
CC_4BA041C9678C,0.11861307277283445
CC_4BB40F2129A6,0.11190916262114861
CC_4BB8FD274E2A,0.0538254302664043
CC_4BBB8118FBBB,0.14957266570721756
CC_4BC8CB91719F,0.1337353572388988
CC_4BE447D54BB8,0.1732881552337449
CC_4BE85B1BDB62,0.3281329468708929
CC_4BEF3C7F6395,0.2663503767871064
CC_4BF03FF61B97,0.43765740139035136
CC_4BF4C38EAE8D,0.2248763677220461
CC_4BF95B8140C8,0.09609073092520241
CC_4BFE0CB61B5A,0.4156584945431703
CC_4C2A3F254101,0.36301319874466775
CC_4C351DEB6230,0.2360047619186543
CC_4C38031A2A9E,0.10053466006985445
CC_4C3E35875F03,0.09829103332908878
CC_4C4D79F933B2,0.1139988987806019
CC_4C56497F4AB0,0.6431592090137905
CC_4C827B493CFD,0.18084778070268506
CC_4C849C6073AF,0.13159994561205857
CC_4C869E6F618A,0.1449551537150395
CC_4CA21C15763D,0.1272833359348033
CC_4CB2F1CAE684,0.11743344263101094
CC_4CC0265E0778,0.05020598666742612
CC_4CC5483903E9,0.5501053331973282
CC_4CD7C76FE235,0.4424487656020919
CC_4CE2BFED4F4C,0.08450623275570637
CC_4CE751CB58FA,0.4105034235336669
CC_4CF3E184C500,0.042941651835092236
CC_4CF668E60D64,0.24594692605906454
CC_4D1A1AF53E18,0.0415457648454408
CC_4D29155FCF33,0.22729201294171164
CC_4D2CC7618AC2,0.5596564247723974
CC_4D350FF7402B,0.33628371985927713
CC_4D38AE84E3CB,0.18304765989454946
CC_4D4140E1056D,0.08907425180053637
CC_4D5545FAB130,0.5420822853535496
CC_4D55E218946E,0.082314389502657
CC_4D5E14BD6AFA,0.09647030951636612
CC_4D78935D66E9,0.06217729666320178
CC_4D883AAAC6C9,0.03111710904085135
CC_4D8D8108C51E,0.6116128575612639
CC_4DB40331777A,0.7921976063043433
CC_4DBC8652D26F,0.09786075281931043
CC_4DC0E154EBB0,0.6918316111181717
CC_4DD5B8780C4C,0.10170838837676849
CC_4DE0070FF683,0.11500153723156836
CC_4DE688CDBC27,0.09165270607618925
CC_4DF37857FCEF,0.06334149924460492
CC_4E20F0249BC6,0.7497325184188126
CC_4E2F01B7B9EE,0.16380802362387703
CC_4E41C247B4E5,0.14782551015209422
CC_4E479F6989A1,0.06656334837745106
CC_4E48AF17BC29,0.0812862342682072
CC_4E6BE67E3C4F,0.04457074423498625
CC_4E70939C5933,0.47206466399617314
CC_4E70FB172717,0.1886679556613641
CC_4E726EE8C026,0.2139245719514849
CC_4E76F48DFDEF,0.09678776513671244
CC_4EA180B2B913,0.036241448686948737
CC_4EA67A160C3E,0.6048853074907583
CC_4EE41FC91AD2,0.20770711962441102
CC_4EFECC6C2E36,0.6441155896709648
CC_4F22CB97C34F,0.038178745872746
CC_4F2444DC6C75,0.7851443811706054
CC_4F2B7F512DD5,0.0737801758605726
CC_4F504A9744FB,0.11358892007708357
CC_4F6FEE589187,0.15349378790809615
CC_4F71AAF96C32,0.09358867762348798
CC_4F76E57C55EF,0.3826635252598958
CC_4F88D3E5AA2E,0.03848774961460655
CC_4F8A4384F6DE,0.13753036700600935
CC_4F8D83DCCF25,0.2214584657258289
CC_4F956AA47816,0.6992234746724064
CC_4F99FCEA10E8,0.1147936297888397
CC_4F9F10A183F6,0.075670383717233
CC_4FA766935F14,0.12580769674701237
CC_4FB0B9E398F2,0.32484587662579756
CC_4FD0DF6CA3AA,0.04719469206061869
CC_4FD902F7ADEC,0.08293915879912817
CC_4FF1155E3A6B,0.42806464377255793
CC_50103368F241,0.08225097725025327
CC_5012B9991935,0.1020369427830294
CC_50172FF2C2C1,0.13720806188782508
CC_5017C9BA7773,0.05275361272744848
CC_502C3D0EC4CA,0.13149931911444854
CC_504157951119,0.048444790537027424
CC_5042938B5A9A,0.44346843945286696
CC_504A57293FE4,0.7954111598109506
CC_505812CFE43B,0.36323545122921996
CC_505A6EB06E39,0.31899607655727547
CC_5064CCE0EF29,0.22533874456265596
CC_507BDF639FB5,0.17936497506114904
CC_507E53684AB6,0.143663385751193
CC_5087A0D1765D,0.2350055998999125
CC_509229AEC221,0.20021186504164043
CC_5092D3A72B03,0.24627186184782052
CC_5092DF691F74,0.466220669002315
CC_5094BB59416F,0.20964552831885197
CC_509926B384D8,0.7547535872677109
CC_50A6C96DA7D3,0.04854355232458567
CC_50AE75A10F3B,0.3135500772983745
CC_50D4BB93EB1A,0.0705414673994679
CC_50DF7B02E356,0.2053505234334464
CC_50EB53CFE7F8,0.05432359491029152
CC_50FC7D563CE4,0.1721401370458548
CC_5100E6EAA3FF,0.18772258502273992
CC_510F2944B2A0,0.13556185471855126
CC_5128881AAD54,0.16405808060913968
CC_5138941DB7A2,0.13240913103926505
CC_5139EF8BEAFB,0.14190206530055038
CC_513E5EEC6B04,0.11793223154552762
CC_51427EF15375,0.2897811753458189
CC_5147B281DA64,0.39750725913550994
CC_515D968ED36E,0.08125274016749935
CC_5176FF858154,0.10894503455235527
CC_517CB40FB016,0.07702163862044882
CC_51884D5F3E4D,0.10418795270987935
CC_51AE98263438,0.13795537334041455
CC_51C9CE782368,0.18637850532000844
CC_51CC80D1570F,0.05260797960238041
CC_51D2E3476902,0.06637498905948237
CC_51E05E706D64,0.13026231779051262
CC_51E5A5E9801C,0.05217278267046009
CC_51F5DA44F9A0,0.3730147933650466
CC_51F6BDD355F4,0.04713383577984799
CC_51FE657FE212,0.08420556260145404
CC_520950C9BAA3,0.059026928416333474
CC_520B1D31AB99,0.12444855964291182
CC_522550E1761D,0.7560600489786806
CC_524CD519E76B,0.09295171864606412
CC_524FE9E3DAD3,0.4440704803687107
CC_52629A025048,0.1266396900698094
CC_526765FC100C,0.23104588258564185
CC_526E56249FFA,0.29615472356726746
CC_528B42A34966,0.2721922542588069
CC_5292B36E4882,0.24578844392034738
CC_529A2F110236,0.13322430523620318
CC_529BC4ADAD6A,0.20765835815129136
CC_52C1C5A6F887,0.08725784997514135
CC_52C3B674FDFD,0.2270508939189806
CC_52CCBB8F9964,0.08604013685333335
CC_52D21FFA24DE,0.7337252387685631
CC_52D32EDBAA78,0.19820612453123027
CC_52D7821A8363,0.13109849835219461
CC_52D9087EBCD6,0.7996555465946165
CC_52DD62E1AC2E,0.20363894481897998
CC_52E8B04F0FA0,0.1430598527931994
CC_52E965E9E2C3,0.14727426372910793
CC_530BA492842A,0.3000616030469717
CC_530F6E906D6B,0.04318124963262528
CC_531FCFBE3B13,0.0919330876223165
CC_5320DFEAD897,0.18008641321264984
CC_53319AE7B829,0.6343947848011495
CC_53481151859F,0.04282993045086789
CC_534D4FC05F82,0.18049763431664284
CC_53687DA8C9E5,0.34244679111038934
CC_53795A7B7751,0.050904908768333826
CC_538328A6B3BA,0.4688246202596599
CC_5385266461B1,0.18346782944793077
CC_53891CB35BF8,0.15386351299853243
CC_53A6E1083B13,0.06780741918526523
CC_53A77DA726A4,0.07061306637125737
CC_53ADBC2F6E34,0.2401766552037807
CC_53B249809561,0.0953568507179382
CC_53B2DF5B019C,0.05402950802287433
CC_53C1F3E031A3,0.16771345349326577
CC_53CBF2E8AD05,0.4027061034927196
CC_53D04793ED9D,0.07484860828560638
CC_53E23A9B6F74,0.06314660932967352
CC_53EB59C99100,0.42975854616079623
CC_53EB9AC04311,0.11220393738839664
CC_53EC732C9B30,0.03091441543592891
CC_540122E71534,0.13044192175913494
CC_5405C89DF8BD,0.6909388848036381
CC_540D69F5BA23,0.13845659568766627
CC_5414446319CC,0.6847125172103948
CC_5418410F95A2,0.0831043384120102
CC_5431A01C30E4,0.0818678797226279
CC_5452437FC605,0.38025803669544295
CC_5452979BF98D,0.0631400423499527
CC_546EE83F84A4,0.5078065251208429
CC_5473268241FC,0.15650786707333908
CC_5474EE64D859,0.27344875773950267
CC_5476E2B2FCA0,0.135186149597065
CC_54892024F98D,0.1933440115472434
CC_54B33C66DCF7,0.09109219708053676
CC_54CF66B660B4,0.448970118296058
CC_54D3A35EC69F,0.06855567811601676
CC_54D6AE2665AA,0.10923204204321604
CC_54D93974E62F,0.32522940523418464
CC_54F5F552A0F2,0.12250801483517643
CC_54FC3B361BDA,0.09973637627864301
CC_550135E8FAC6,0.13833789432080618
CC_55020AD0D117,0.14854929263097144
CC_55094AF7EFEF,0.10474388042982191
CC_55126E23462E,0.03394625258334018
CC_554C21CCAF3E,0.11758377468599673
CC_554C912C7DBE,0.06455289606521457
CC_556B02A2B401,0.2652165672924079
CC_557A0B0CD0F4,0.17715606023442448
CC_559A14E729EB,0.30905007870912227
CC_559F0DD4E4A7,0.31639797573639844
CC_55A82B4E57F6,0.13939761336597145
CC_55A98ABE4C75,0.1342542864676132
CC_55A9D45EA466,0.039449638668297364
CC_55CB872FF50B,0.26034921670299416
CC_55D9E3D58435,0.1853351601228258
CC_55DFF3C3BB46,0.08458623060568993
CC_55EDC3996984,0.16392289761490428
CC_56013299D8C5,0.10073512885376004
CC_560B519C1F50,0.08091294502260288
CC_560CABF0F5D0,0.21833022008637892
CC_56178AD87948,0.2393146270039218
CC_5619A7BB54EA,0.11698771049597301
CC_5624319D7B28,0.10584817622006538
CC_5625119D6C37,0.20876718137963812
CC_562BE7245E1B,0.6974799230672097
CC_563684010DF5,0.5677308883506945
CC_563EA9A29338,0.10997569042850117
CC_564590AFB575,0.033959999883879016
CC_565E01191BF6,0.5826665595371252
CC_56612A039382,0.06696790560396199
CC_5665FB827721,0.5732572498102185
CC_566932C3CC97,0.09903012781707504
CC_5671D59B2A51,0.12802373261020344
CC_567E7DD24A97,0.09108582565398701
CC_567F47F37683,0.03780104979767598
CC_56847A91065C,0.1015373618278497
CC_5698480F8634,0.05786099570307596
CC_5698B024CECC,0.598906750442646
CC_569DC051A2EA,0.10895780393380257
CC_56A322152604,0.31803802646197543
CC_56BFD9A8335D,0.3465239877309766
CC_56C9379BADB6,0.03441924624633471
CC_56D410FD8F56,0.38297083871318705
CC_56D4549919EA,0.17213409843286337
CC_56D918CA6353,0.1271260859069781
CC_56DB30CE666D,0.17981135069191986
CC_56E760C3206D,0.2529396973994239
CC_56F73F905615,0.8050046720144857
CC_570683C088DB,0.15375632015061128
CC_571C6AFD00ED,0.34987700637122554
CC_5725663C3B89,0.12121750411942861
CC_57291D7667C8,0.1496387840542945
CC_57313F6E7927,0.1811459624224242
CC_5735F9B859AF,0.6115039704236916
CC_573B34826B2B,0.6212396338430983
CC_5744447CAF7A,0.06541392126781215
CC_574CC0FC7B05,0.10436744319603433
CC_5759E2982909,0.06810272332071145
CC_575CCCCDD7B6,0.6231923697113528
CC_57603A37D19F,0.04080158805527735
CC_57639D4995CF,0.21100204899114972
CC_576E6676FD55,0.06552430464052038
CC_5775C148E05C,0.12077198596391733
CC_5798E560E9F3,0.7650248494770178
CC_57A486F61065,0.5714722281703112
CC_57A726458B99,0.05939544038953597
CC_57B0D41BD7D3,0.34581222575164305
CC_57B501E60C35,0.07986763113181249
CC_57CA90509CB1,0.7253287965320607
CC_57CB7673547B,0.06399673919942056
CC_57DE479CB61A,0.7342355871372945
CC_57E7F1A6B895,0.033661871105451574
CC_57F13C4115FA,0.34042858004282006
CC_57F480CA9A42,0.08289911786841778
CC_57FDFC6DE726,0.27892232716821014
CC_5810468B76BE,0.1455667909165986
CC_5810F212B2EE,0.318195182211981
CC_5817759E7007,0.14085584164082177
CC_5818B5089B3C,0.10315183828234446
CC_582C78363EB6,0.09359698382937769
CC_58391600720C,0.13104650967680487
CC_583D7B177F85,0.07981027695047793
CC_584C11014F63,0.1349672139219193
CC_584CDC12578D,0.059961955587162746
CC_5852F443C55D,0.0789262838995019
CC_58565AF0F70A,0.5470807642712291
CC_58568DF9AECF,0.17823829168937033
CC_5859EE6309D5,0.46193172539705635
CC_5872B45E1C19,0.7397891559186354
CC_58797A417EEA,0.21009021414689255
CC_587A4844B482,0.21728277677465174
CC_587C0CC3DD82,0.6443225004299858
CC_5881A04052CE,0.08995667237816872
CC_589A4E02EF81,0.14449436666969329
CC_58AB46E5655E,0.14802638075193988
CC_58B0CFC9F3D2,0.059521636135952946
CC_58BEFDA6B4C6,0.1235039908073072
CC_58D95C7247D5,0.051554153896450426
CC_58DBF3409D48,0.06248811529006617
CC_58E35A47B880,0.15998449687235416
CC_58E40EFF57CF,0.39373295442426454
CC_58F551219BD6,0.04373759263866215
CC_58FA76C6C45C,0.5794593819796763
CC_59018149723B,0.05824999694066365
CC_5904459ACECB,0.7686198133401783
CC_59088B2886E8,0.03697361197972788
CC_590D2E0AD18E,0.5948887317166829
CC_59146CA05E8C,0.06391410331351487
CC_592592397DC2,0.5123991464016743
CC_5926F5B4E054,0.16511630798819693
CC_592A5A163624,0.33028928194959656
CC_5941C323917F,0.0723857105663555
CC_594E4E86A1C6,0.21714271188346307
CC_595ADAA76A32,0.08655188862792002
CC_596A20270C3D,0.16194527894740976
CC_5970E93E11DF,0.25498549831660267
CC_597AD111527C,0.11764967843893975
CC_597FDFFA265C,0.09562305632947092
CC_599C287D2BAA,0.3956244193963888
CC_599E345094D2,0.1348893148663972
CC_59A4741B5A92,0.17630946818234494
CC_59BB3A5BA2A3,0.5542369728146233
CC_59BFD1200F6B,0.18020409558401648
CC_59C07CCAF4E0,0.2182679826205382
CC_59C49474B501,0.14023035066982684
CC_59CFBC2CA471,0.5669170396155753
CC_59D62BE0C0C6,0.09620249428248166
CC_59D86F572716,0.11869256970213729
CC_59DF71FBA4B0,0.04485526913304619
CC_59ECB7465DCD,0.061778201820729975
CC_59ED43A803B3,0.0344076877082408
CC_59F5E81F4EA0,0.14836206228210042
CC_5A10371BE7B1,0.7902468059641933
CC_5A2F9A594A05,0.5780960417631424
CC_5A38E46246FC,0.4138703299471898
CC_5A3F52B0A07B,0.20805219764955446
CC_5A5507A49F6D,0.0954105808949269
CC_5A58A5E6DE82,0.1032720753269269
CC_5A5BB6DC1018,0.18685292033573483
CC_5A5C0DF50E01,0.12538136571105102
CC_5A633C535360,0.0998226780509234
CC_5A67E62D8D5E,0.6245780758350978
CC_5A6BA0007593,0.11797683867727943
CC_5A7513434C72,0.03603585013078192
CC_5A756D8AE60D,0.23510677744904987
CC_5A7C13841B7A,0.6305387048238643
CC_5A7CBB6E8716,0.22577983962110942
CC_5A83A1E25A2B,0.33664302080732234
CC_5A86EB53A14D,0.7256145644233684
CC_5A89E13CE597,0.14868756226394225
CC_5A9466D0CF9F,0.11461430542667153
CC_5A95331BD0C5,0.11678393667764692
CC_5A9F63C3E428,0.0692522601170017
CC_5ABC76FF707A,0.05422407881857558
CC_5AD0F1B43457,0.10966810144055764
CC_5AD82250C271,0.03774788176386614
CC_5ADD27165E38,0.7003207311483027
CC_5AF32E5C8018,0.03783494507336722
CC_5AF3690FA0B0,0.19115091686241656
CC_5AFDFAA63B45,0.1524804710951362
CC_5B025DA26FE6,0.051028769322894296
CC_5B07C7DE7E7E,0.2199190975952322
CC_5B08171A6880,0.17642462547578924
CC_5B09FB1A0BE2,0.07090652934306584
CC_5B0D6BA12702,0.44785102354342254
CC_5B0EF2D4C3CC,0.1669857127050103
CC_5B195D88C182,0.37274011658378503
CC_5B1F6FE71A38,0.05661973495119409
CC_5B247961602E,0.05891465582323052
CC_5B276421F4CD,0.042497151403995945
CC_5B289AFA1662,0.24757833892744416
CC_5B3A16421A31,0.053579196882994895
CC_5B3E78897EB7,0.06892108461887664
CC_5B480B44A9B1,0.12553974061906836
CC_5B546C3A21F8,0.1777460752432244
CC_5B5BC4023EE7,0.15566170038961835
CC_5B6D63DD34B7,0.09160849216101735
CC_5B6E868912E6,0.054441655933966576
CC_5B818D2581FB,0.14129315650639956
CC_5B82E8BB921F,0.28919171356831663
CC_5B8E8DA14EE6,0.16705651863666715
CC_5B900A135A69,0.0836925624564393
CC_5BB64BDF3C99,0.10375047616948677
CC_5BCB2C79D1CA,0.22708321739457482
CC_5C072DB8586F,0.05831666898333214
CC_5C0BEC2A0850,0.0625865008432748
CC_5C24010127D1,0.34491437920328144
CC_5C2DAF5E0EB7,0.42297628003059784
CC_5C3E8DB90978,0.11608261244400228
CC_5C4A7CE69975,0.29589393420895416
CC_5C5766F933B0,0.4651175982623661
CC_5C5808240054,0.09561996582454238
CC_5C5D6E15EA27,0.17858176645342733
CC_5C60C4545922,0.11306286592768533
CC_5C626D70F6D6,0.15039321357757865
CC_5C670F0622BF,0.05250162302518129
CC_5C799E57EF53,0.05911999463747806
CC_5C7B44735AF4,0.178130895294373
CC_5C7D8DF047E9,0.17694270543437116
CC_5C80F394EFC3,0.1295470325827528
CC_5C99E6189441,0.10208492908511622
CC_5CA9AB4A6AB4,0.11748463668758105
CC_5CB78ADD2432,0.13844586569993422
CC_5CDE37CE08CF,0.04464391486329691
CC_5CE258D12432,0.339128784609002
CC_5CEEF006ABF9,0.06030787090261279
CC_5CFD2850E277,0.23257044842270502
CC_5D01F71B9FAD,0.10867614753935112
CC_5D065A455A45,0.1995594939164763
CC_5D0AA7D4954A,0.2311059636287736
CC_5D242448B812,0.11864401433742788
CC_5D2C5115BDD2,0.18657438529807638
CC_5D3273E039AF,0.6728814569169963
CC_5D398BB3365B,0.0682261754957315
CC_5D3C1CE64952,0.07595417241358422
CC_5D4B0EBB5CD6,0.13578333290727537
CC_5D5E897588D3,0.09345696250920892
CC_5D65F25FFB8D,0.04421636091745408
CC_5D665A86C465,0.11511039700725512
CC_5D80C353E475,0.1049572248610742
CC_5D8895A0AB4C,0.18013937520488701
CC_5D88A673BF50,0.20880625842153044
CC_5D89688B69A9,0.38533474166572557
CC_5D8AC8E18A8E,0.072295890001835
CC_5D8E7DC2FA6A,0.5639369179934195
CC_5DA29AD9E85E,0.05152272426547373
CC_5DB286EAC626,0.2866455518779968
CC_5DBC1BB95B84,0.7868601358290018
CC_5DC0A465470D,0.04771069127310362
CC_5DF82CB03C3F,0.11410724994196936
CC_5E001C93F359,0.061113217969501754
CC_5E029094A55C,0.663523456719046
CC_5E0808121A65,0.13892856031802678
CC_5E1117E4E593,0.13119303991827025
CC_5E1541060A97,0.7175063823946911
CC_5E1C11540C0B,0.10905811128571491
CC_5E1DC0E143F2,0.1785681417860228
CC_5E206AC277E4,0.24650605532298214
CC_5E22B4BC8B12,0.0905603295244066
CC_5E22D889B6BF,0.13513468207348486
CC_5E38425EC99F,0.7077274830952041
CC_5E3A70C2077A,0.15917129075283537
CC_5E5607D275CA,0.1296821618978484
CC_5E73C3D2B3EE,0.16287394853211828
CC_5E7F23A07A71,0.09285002896378909
CC_5E80A96974B8,0.2220891755020386
CC_5E8C0453B9B8,0.27584157319996705
CC_5EA599FBA5E0,0.5406459916459716
CC_5EB379BA6C7A,0.11941346217403069
CC_5EBB96F65AFE,0.4020948353836653
CC_5EC41568C2E1,0.09681977332491234
CC_5EDB5C924107,0.28681008697571225
CC_5EEE5D0FF8D3,0.20009993653544322
CC_5EEF07FFC243,0.06315605914841727
CC_5EEFD690759A,0.08872346364930397
CC_5EF2176F01D5,0.10782838737671677
CC_5F17CA33D26B,0.06643939585024039
CC_5F20750D6658,0.1820649544498527
CC_5F2CE32A6EC3,0.11753449633127341
CC_5F328EE757B6,0.045083470708659534
CC_5F35B8D87D06,0.2315999506867766
CC_5F390BA40E83,0.690725497904029
CC_5F59092CA9B2,0.10405505449739867
CC_5F5916E96E19,0.15705979506049614
CC_5F5E835B9E6E,0.08358475216603534
CC_5F648D39D67F,0.5574079438013744
CC_5F6D4104C808,0.16967174356189518
CC_5F72EBE104D4,0.03253818195719918
CC_5F765C41F051,0.055921796916860514
CC_5F8859A6F0DB,0.02840697791532329
CC_5F88ACC7C384,0.11878830000881008
CC_5F89DFA97B7C,0.5269444961301586
CC_5F93A3E31DD6,0.5901287617947778
CC_5F9A44423DD4,0.1427287390237957
CC_5FAA7965BD71,0.12558952382901753
CC_5FAFA265CA02,0.35028125076342503
CC_5FBE1A34704F,0.17650853590057342
CC_5FCAA919577A,0.19762677773618847
CC_5FCD208ADD77,0.1957175124623887
CC_5FECD2BB0094,0.09138966813963559
CC_5FFDE52E6B7A,0.08523200463555021
CC_6002BFD3F26A,0.1480467572962291
CC_600311592F72,0.054692568845616595
CC_600AE12112D6,0.267615487204086
CC_601C3178E38D,0.17103837707923647
CC_6037EEA42F2C,0.36718730844210246
CC_604C08F76272,0.6695737670558277
CC_604C72AC662C,0.14924379728594084
CC_60510AFA8A87,0.16694856573260114
CC_605E2E26E52A,0.19939425107000586
CC_605E3904CD8E,0.15097282583599397
CC_60611B935106,0.14490424706913646
CC_6061787228F8,0.13544238947990528
CC_607270A72DFD,0.24491154886426658
CC_60738E418DB3,0.13093214179751217
CC_60961DF8A134,0.11275022471406251
CC_609B7A7FA165,0.07644756555938059
CC_60AC5C892D01,0.0942626943474654
CC_60C09FF84412,0.17097265032555947
CC_60C87349D73D,0.3142767335052322
CC_60DA2FBF1FBF,0.11701306472667247
CC_60DA539A39FD,0.17447084038630467
CC_60E974A0B278,0.06624915691690854
CC_60EF7D647EFC,0.053592999811124545
CC_60F525A39898,0.02807149767744228
CC_610009B69EBA,0.6677321034886519
CC_610FDDF5FE54,0.14649298336328154
CC_612C06CB5FF4,0.10342183840260682
CC_61307D82CC26,0.6683627176728686
CC_615030FD33CC,0.7098077418793036
CC_61649241FE59,0.16693774923626134
CC_6170051A606A,0.15359282502116126
CC_6179A630658E,0.07505797052141502
CC_617BD59427E7,0.10191739273840428
CC_617EC8BD5153,0.2141346643822628
CC_6191E14D21BE,0.05814704068683119
CC_61A798B8D222,0.040707043103704973
CC_61B4A983D1A1,0.06977873364262979
CC_61C9732AA682,0.7142803559862934
CC_61DC64E37471,0.05112396285994515
CC_61EAF14033DB,0.12133819121450742
CC_61F18E0C218F,0.07177534995047337
CC_61F1A1263F5B,0.16592565226814085
CC_6209EA426553,0.04583501423830506
CC_622BD8CB3807,0.30305042044531083
CC_6234A9617A7F,0.10036594741643354
CC_623AC074EB25,0.1924541668122341
CC_623FAACE8A80,0.0564342434230626
CC_6244E2935407,0.24240792060315686
CC_624535E11F69,0.05304769971901106
CC_624EA2917CDD,0.6910466378982303
CC_62565D08DDDD,0.7700841623865169
CC_6268ACD3F95B,0.5235059558598996
CC_626B61F4789A,0.6118531996705225
CC_629193C2A090,0.2389934660315679
CC_62933641AC43,0.27154397231645944
CC_629480877536,0.34508127190700166
CC_629CB045D9FE,0.09256019351278552
CC_62A84BC400F0,0.2853374637527033
CC_62C36DF81797,0.17235833366490277
CC_62CC835CAE4A,0.5998726157460899
CC_62D4192F126E,0.7276314198464867
CC_62D7A3C9483D,0.06513010176761203
CC_62DF1B99B4DA,0.08602301287790498
CC_62ED7BA3E620,0.03965490234389087
CC_62FC001AFC78,0.08570818185868238
CC_630412B4AFDA,0.1734347429415622
CC_630903AD39C1,0.0416081381848057
CC_630938DCC1B5,0.05546281485430925
CC_630ACED773E9,0.46587338604846984
CC_631E1690D913,0.0710601491104981
CC_633A7C7FC25F,0.2421463185610474
CC_6342051D8FEA,0.23158978064142827
CC_634CE4E8AE49,0.16037982625644168
CC_6359692F5EF6,0.13533289368126228
CC_637278423A6D,0.229092150098966
CC_6377AB848081,0.10877551987917905
CC_6381A65E0A3D,0.09454623628458343
CC_63871B4814E2,0.11971214855749854
CC_638AD269F05C,0.02693776333193901
CC_6391AE0FB83F,0.14982004287938794
CC_639703EE2ABD,0.039735735406987216
CC_639750C87A7A,0.7385821409043352
CC_639B1DCECD2F,0.17771388263404503
CC_63A869443AC0,0.43982412847176944
CC_63CCEE26BCAE,0.04988193921514772
CC_63D51CECB6D2,0.2554576747585024
CC_63E53402FC02,0.034947892627217536
CC_63FC6895901C,0.15213273163652669
CC_63FC8A97D9C1,0.12023302667516278
CC_64117B93EF73,0.3490776577248659
CC_642D9C325F1D,0.29793919031071725
CC_6436B950E22B,0.19294802888393736
CC_6445BD3DDB6E,0.03361892825689387
CC_645C15569E42,0.1199823706580119
CC_646472AD66EF,0.0906730939912084
CC_646B8254357E,0.14462704362502957
CC_647F4BB4983D,0.6821403469267749
CC_6489ECEEFD0E,0.10139714848233847
CC_64946E57306A,0.03438788008455619
CC_64976830B0B7,0.3376045503962969
CC_64BA10F3FAA1,0.08796304609694859
CC_64BA39A0DFC6,0.0854555223800141
CC_64CF9A79EBFC,0.1007559616595666
CC_64F0E0473D1E,0.08807573160479536
CC_65006C2AB2D4,0.7557002190993795
CC_6500BD19FA06,0.3115823342445247
CC_6504DCAA90E1,0.09175356359734584
CC_6509C7361994,0.1741048886633051
CC_651486189673,0.08172002234342995
CC_65194BAE506A,0.179529767872754
CC_652539353439,0.18484901403078705
CC_653CE5FA5A76,0.3036564471269625
CC_6560C2F4EDA4,0.19282831532907835
CC_656137F98187,0.631703650134612
CC_6575B4B39113,0.042254845521459236
CC_657F629D31E2,0.23243993809782243
CC_6580B7583ADE,0.2164529413101248
CC_658477BA75D6,0.044589891512012154
CC_658B7867BE7C,0.10441847536130539
CC_6593FE5349F2,0.08999815704974634
CC_659EE0F05A75,0.35960238302094283
CC_65A0D8134410,0.2275732196641302
CC_65ADD5A19F64,0.10182153809132347
CC_65C3F0F73BB1,0.09000983603115245
CC_65C47521C285,0.04077098160654714
CC_65C4EE0B737C,0.23342639122010164
CC_65CB68404333,0.18884104829975007
CC_65D6DFF1B766,0.11320640895065144
CC_65F1545C35E1,0.22733467982269662
CC_6602547E2FCF,0.21677967829395106
CC_6615D7044816,0.28570603577117065
CC_66244D4B72EA,0.1069741084765421
CC_662E5AAE07A8,0.04398108186973354
CC_66322B339E84,0.042063814056695355
CC_6634FD4B1CD5,0.763354398402759
CC_663DCEF4923E,0.19432143398987056
CC_663FE5BF918D,0.4176351656131796
CC_6645798E740D,0.07363068165663014
CC_6649736C8321,0.7715135036756109
CC_664E1026C4D9,0.2507013416741337
CC_665603C4A33B,0.06792561795102389
CC_665BDD9C8039,0.3800770751888637
CC_665F2AD58363,0.2020137321303724
CC_666767444BC3,0.2258694008193639
CC_666C0A2A8674,0.053667970034545265
CC_666F2BCDC7D7,0.18008983774712747
CC_66775178B226,0.05224540090584967
CC_667B6F8C846A,0.6062568042094216
CC_667E909835A4,0.214651169323766
CC_66809C278FCC,0.17352261806818392
CC_669CCC44CFCD,0.06781707024873801
CC_66B0BD3F6516,0.3292271589400131
CC_66BF02C05DD8,0.14527326967357615
CC_66C491256BE4,0.06253499362938157
CC_66CEFA65F912,0.360486216066016
CC_66E025DB3282,0.602308787564884
CC_66E7B423A32F,0.6626786706319738
CC_66ED26E7BAD9,0.07991681473527863
CC_66F7FF7735C3,0.19001621274740293
CC_66FD0CE6D57B,0.0546808144574949
CC_66FFFE05C2E8,0.09377673000162494
CC_6700012A39B8,0.10843073779316835
CC_670FC6A064F0,0.2106035848528215
CC_672932B65802,0.07910765259779856
CC_6742C6478F98,0.20745594861760186
CC_6745321663BF,0.05638816189091752
CC_67579CF57290,0.1384740653221655
CC_675F7483FB90,0.1877006462215912
CC_676ACFAA6131,0.650521122505851
CC_676B423C495A,0.602164784639224
CC_6771C0D1CB1F,0.0547637038759336
CC_677EE0369CA7,0.08610379678247959
CC_677FE35855A9,0.1824199855995458
CC_678091614A14,0.11546070311328302
CC_678A43ED0803,0.621035837849319
CC_67955C210226,0.09224525325242755
CC_6797E0B01112,0.2214882442796393
CC_679D90941842,0.14677909494391708
CC_67C05273700B,0.11924869771467828
CC_67D5172B6450,0.1619584041644206
CC_67E8CF412D93,0.10687921620043285
CC_67F6576A6836,0.2586102975316594
CC_67F985A00A12,0.052824766601091706
CC_6801AD1D4478,0.07579323473687816
CC_6803BFA94B17,0.052562086005479194
CC_680B16E5E240,0.13403968497632238
CC_680F2D0F4F6C,0.09835638150638015
CC_68221E1393E1,0.11366114451448525
CC_6822590B968C,0.16857014262055642
CC_682D8EBCEE94,0.2142202238676395
CC_68429B4AE401,0.4015269068480261
CC_686B26BDD061,0.05594104961763891
CC_687518442359,0.40349554204323695
CC_6875DA61F422,0.26576979325228584
CC_68A3D749608C,0.18274233272664248
CC_68A9C3CE2557,0.09662740290266404
CC_68B9F8C6D9D6,0.6254881662119793
CC_68BC65E3C84A,0.3796194357171446
CC_68CC4D1D898F,0.06990106513638972
CC_68D0ACBD2D0F,0.03776630472065047
CC_68DA8D5488B3,0.07110913726948712
CC_68E675A69AF3,0.1745963758090349
CC_68FC9E6FA27E,0.19997080145483168
CC_69322F7C4CE3,0.1300329860684439
CC_693710EAD59A,0.19489237237282014
CC_69387752F41F,0.5418195677530512
CC_693B71DDFE67,0.15961970122967675
CC_693D4AEDA3A2,0.10948806925204475
CC_6952171BCD2D,0.14737131667282327
CC_69547DEB412A,0.2289127995705434
CC_695E80DBA42A,0.07121045333320472
CC_69717E76CFAF,0.4098877127402816
CC_69741BF89A2D,0.11727745552767735
CC_69825C70EEE9,0.19390698640476411
CC_6985C268DC74,0.4584569601081628
CC_698886C4AD90,0.13599196638757355
CC_6999901A6060,0.1467624832451044
CC_699ABD34646F,0.08635390707635003
CC_69A98DC7A907,0.06729902806699593
CC_69AA6E0DDE10,0.25877481570563043
CC_69AD5A48A78B,0.203645840523331
CC_69BA7BFF98E2,0.1262123194202328
CC_69BBE365C097,0.05567113555541979
CC_69CD95A00D9C,0.03659856332480412
CC_69D328691680,0.08754156372022694
CC_69D39C9F36F2,0.24921448322835985
CC_69E09390CD64,0.08462885636548678
CC_69FD49E90AC9,0.32369292348558565
CC_6A099AFE73BC,0.18898087973341007
CC_6A099E6C91BA,0.3638080718994592
CC_6A19EB191A81,0.026092995644140454
CC_6A39017046FE,0.08176638034594637
CC_6A4A401F2920,0.3716464936180976
CC_6A5261180031,0.08216929763838837
CC_6A7432494840,0.18149383303104602
CC_6A7963180D20,0.36229789655748357
CC_6A7D7E5F814F,0.5837754401919218
CC_6A8B8BBA749E,0.14522226355881082
CC_6A8DFDB0621D,0.13569196871806044
CC_6A93C436E2FF,0.1049874186019085
CC_6A97F81D9A0A,0.1830796099790817
CC_6A9D1622B4DE,0.3339622189520357
CC_6AA6589445C1,0.6790589363543859
CC_6AA7A87F59FD,0.14837685530770803
CC_6AADD44C0B52,0.07330923967040494
CC_6AB4A5EBA3F6,0.24375807806428504
CC_6ABA7D0ABAC5,0.12933825260800613
CC_6ACF1E52BE8E,0.13513597955951923
CC_6AD3513459CB,0.09427453151125562
CC_6AD4238EE77D,0.19091684336137194
CC_6ADD0FE5DD74,0.6309497103587944
CC_6AE2737BD3A8,0.07983965189216871
CC_6AE48C1F2448,0.14443158579150958
CC_6B00A666A420,0.6692725909275492
CC_6B07C3992304,0.06662229619901422
CC_6B0A72BBD800,0.656133529387242
CC_6B12B975F2EC,0.2895868567718529
CC_6B12C9507F32,0.2145956211351995
CC_6B34719D93AC,0.6064260387696971
CC_6B34740DD355,0.15534217211358892
CC_6B41081727AD,0.22468926388670174
CC_6B4902892E70,0.0858409831849741
CC_6B5BC2D89077,0.7093427005567364
CC_6B65242C2CCC,0.16241030800443967
CC_6B823BACBE75,0.32756603508214066
CC_6B83E1A959C2,0.22787996691320783
CC_6B84FB3DE604,0.03437796982027925
CC_6B8AABAA752E,0.19349843941759753
CC_6B8AC0DEE990,0.370701457063369
CC_6BA45C072D40,0.17816798953205465
CC_6BA72ECB5027,0.12113928778451101
CC_6BB560F020BD,0.07622683315215259
CC_6BDF0B68C126,0.022618541298263743
CC_6BF0A9437728,0.1298613584448755
CC_6BF3B9097199,0.15716525104563592
CC_6BF7A1EF31B9,0.1599722344649102
CC_6C29DF49246A,0.07965270468739066
CC_6C3C86C2125E,0.08135221021146236
CC_6C42FF6D7218,0.6924086307796995
CC_6C541A482CF2,0.1946588467450598
CC_6C585A6BFE01,0.7960361242046738
CC_6C5CE36700D0,0.17326228476984273
CC_6C62C2094733,0.06979132469219546
CC_6C66539A9D02,0.28039169785974893
CC_6C684505E498,0.07429236175790274
CC_6C6E40927C35,0.039013459665716815
CC_6C7736F51C12,0.6523612502066887
CC_6C781CEB6F52,0.09583260454870132
CC_6C7E39BF4744,0.13417577504878148
CC_6C9EE9BAECEE,0.07373635394924374
CC_6CA0F076091A,0.11452229471088993
CC_6CAD299645B0,0.17537121429000707
CC_6CC3C50BA394,0.11744817156552492
CC_6CC593C5385D,0.032955179225679254
CC_6CDA4B24C602,0.29687747031411094
CC_6CE31AFF7813,0.06785494945030227
CC_6CECB68DE9C1,0.31868661673151266
CC_6CECD3DBA212,0.1630776351632085
CC_6CF17D012682,0.1949372070921464
CC_6CFCDF903310,0.14048763436939796
CC_6D08B5E62654,0.09564176571998112
CC_6D0F60667273,0.280781204925996
CC_6D127EE83945,0.04641578112700291
CC_6D134DB29068,0.40413802591798553
CC_6D141A49D94E,0.6185172781201662
CC_6D148C0A624D,0.14754336411342167
CC_6D1EFDDE2EED,0.06334558504060997
CC_6D22B938D7B9,0.06821384151157085
CC_6D27409F4956,0.08516701776444797
CC_6D2F0EBBCA4D,0.2267925164984604
CC_6D43BE30E8B8,0.2554261142109902
CC_6D4EDEAF67C7,0.18758744289884208
CC_6D72571304DC,0.4945221118596398
CC_6D7C62C7C161,0.05494152493725277
CC_6D8A18C28AF0,0.07853057692307225
CC_6D8B35007242,0.09602726363522447
CC_6D93A9E49E3B,0.17589156610013665
CC_6D9C644A082B,0.11332956972611126
CC_6D9F52BD4D0E,0.1330766163891864
CC_6DA058F9B631,0.3022750362416297
CC_6DA1F8DF9CDC,0.21838996501780333
CC_6DB000AEF16A,0.09506400125344469
CC_6DB5025899E3,0.20201611796088412
CC_6DD6FA2FA0C6,0.10669069961965155
CC_6DE4E4C1A31D,0.20299880166088702
CC_6E09CBC15C94,0.5189433526306414
CC_6E353816938F,0.052430418585248245
CC_6E3AB992A5C9,0.15780385700900829
CC_6E420A2FE490,0.1421469309988547
CC_6E46D01888D5,0.1420055129894744
CC_6E4702162475,0.058586989288192934
CC_6E548AF15091,0.24265241233882812
CC_6E5C9A2DA27E,0.036700743985199166
CC_6E610F3976CB,0.18817323936802594
CC_6E614FF9BE02,0.6169071357798586
CC_6E68D46447E2,0.10591619825668519
CC_6E712C21215D,0.03520886904696381
CC_6E84DED41B8B,0.12597722151983998
CC_6E8557E30DC9,0.6005478649183373
CC_6E8963475D35,0.21255551646975018
CC_6E9880CA0BF9,0.3148267458729196
CC_6E9FCD68ED52,0.7094073481808243
CC_6EB194A93F60,0.1467448612484112
CC_6EB370F511F7,0.06115423284341261
CC_6EC722B2BC2F,0.1692031713807271
CC_6ED1B0EE4B6C,0.23890681417237142
CC_6ED65E7CABA2,0.10855707082145788
CC_6EDA84B653B8,0.3781879902389734
CC_6EEE8E7C1D1C,0.18420978570449448
CC_6EF17801ADD6,0.1450560681828745
CC_6EF337CC4BA9,0.3007981719172202
CC_6EF464EC9FCF,0.10129811104090855
CC_6EF6B8AE7DCD,0.0353089710938151
CC_6EF8C59D8395,0.8258523409773506
CC_6F2146FE362E,0.05973618444868593
CC_6F2408B665A6,0.36462184976442835
CC_6F2B8E925D59,0.030169317787625497
CC_6F3034E96848,0.1355229725294474
CC_6F3559ACC2F5,0.03900672160176992
CC_6F46C5897DA8,0.4013162252867578
CC_6F49ECAE902C,0.07503477677309164
CC_6F4B818665D3,0.13188953318220611
CC_6F4E696A1F88,0.2663435623094741
CC_6F54BD66C0EA,0.16140535436245707
CC_6F786C433998,0.09507854147104149
CC_6F78BF56B0C0,0.09542253084293796
CC_6F8346F138C1,0.4342444390247955
CC_6F86CFDB23D6,0.04382235226210278
CC_6F8E30AE9457,0.15292950432546262
CC_6FC25B27AC26,0.07817007913066534
CC_6FC8BE007FE9,0.1488797076008948
CC_6FC8DA40122A,0.1838816256233316
CC_6FD8BAB1DA3E,0.06413230207154605
CC_6FE4FD09A9D8,0.08299867312239095
CC_6FE78CB02174,0.037592268027671946
CC_6FEB8EDBF2A4,0.18863631975489525
CC_6FFCF2DAD0A4,0.0799347081220606
CC_7002034B0979,0.0792981341179779
CC_7006523D45E4,0.07099037565964784
CC_70097151A773,0.054786776737311915
CC_7011BC95A91B,0.04572830371825925
CC_7020F3C11A3F,0.16460239275743588
CC_70306409A3E8,0.3637845660718054
CC_706B18DA7204,0.12161271101146892
CC_70703A59C070,0.17247198625083002
CC_70749DDFF595,0.1422815619606679
CC_7079CE5127A3,0.027111471401102375
CC_7087A46F0AB7,0.09403141665443572
CC_708B73EBD939,0.1675418372918226
CC_709315667BCA,0.06599602266625035
CC_709970475B6D,0.6176496145490963
CC_70A56ADAC199,0.058470772854512174
CC_70ABB244502D,0.038412749121605874
CC_70B0176647CE,0.13297921204908303
CC_70D3353DA1C3,0.06753444693567859
CC_70D652DF4E91,0.13901896620438603
CC_70E3121BFDC4,0.10652741177082654
CC_70E5FB8B072D,0.03482088280173877
CC_70EFECA3FAEB,0.17701615215634445
CC_70F59DA18BCA,0.39668214078304914
CC_7100129A0AFF,0.11854487070141884
CC_7113554E33B9,0.06960696002915437
CC_71260405461D,0.07643941746108077
CC_712677251322,0.2017526529960229
CC_712D31B2785D,0.0680670945598043
CC_713052DB1E2E,0.07166657210696023
CC_7139C2D6F1AC,0.10090870486198285
CC_71427FC8FA49,0.24267469287268134
CC_714912E93A71,0.12814218776725678
CC_717A5C2ED311,0.22216116071907765
CC_717C94F5C8F1,0.07016941527556278
CC_718F067F4DA0,0.03275499866608227
CC_719E714DD38C,0.046564637430842874
CC_71B169C874D0,0.17369843938393956
CC_71BB5070615C,0.13227582185370187
CC_71D37D6D19C6,0.207892545827685
CC_71DC80205F42,0.17383194021110066
CC_71DEB636B8CD,0.6100773273131305
CC_71E4CBAA1211,0.17176947642499943
CC_71E787049755,0.10217305845101235
CC_71F1EF5575AC,0.08547858015684837
CC_7201DD8EB33B,0.21547592720508113
CC_7202C8CE2317,0.3083203014428577
CC_720B06583C57,0.040833561353830344
CC_721DEC038BAF,0.07871763767768472
CC_72219BCC83E3,0.1505584862004717
CC_7223DABA7E98,0.11835095837219642
CC_7233459FF7B8,0.23171237182592067
CC_7238A8A6767A,0.24311511127176008
CC_724559551664,0.6664466917652105
CC_7248EB4B76CF,0.059247997420664555
CC_7259B5314D92,0.06959691738526094
CC_725CA03102FE,0.046546337580939276
CC_726E05E5A555,0.12145246290237466
CC_7276AEED6D4A,0.06249237140009946
CC_72A18E8D6670,0.03473096475688819
CC_72CDBC38202A,0.3899534998579055
CC_72D8B2ABA2D1,0.7258202182101796
CC_72E4590D362B,0.36860507745061377
CC_72E8542AE4BA,0.04051800013278216
CC_73010B6E55DD,0.6069883576858729
CC_7309A4693D52,0.15529144717096385
CC_730C2A3FF1BF,0.1812165112259336
CC_731C1BCED024,0.6381177567789824
CC_732C325832D8,0.16968651395358575
CC_732DFCAA0A75,0.1958580545188171
CC_73322A6A24B1,0.7401297444139825
CC_7336B19A18AB,0.2257502216740936
CC_733AF1D123B8,0.305847689879882
CC_7344A0E90AFC,0.11250829295659194
CC_7348C2B475B7,0.12160216676870891
CC_735E1A78B058,0.07767789093216484
CC_735ED2A02DC4,0.15537584637855378
CC_736015DE4E3D,0.3797342680002158
CC_736A42761E55,0.1043482057594166
CC_736C0436B98D,0.16426767168626055
CC_7379212919FD,0.08946110749362732
CC_73859CD59E75,0.5934498470001771
CC_738B201B1CF9,0.11954174591281724
CC_738DCB11942F,0.06368303295179426
CC_739198ACE582,0.11533549671942153
CC_739D093D7B69,0.10755978007132211
CC_73A7FC903662,0.16742136960029325
CC_73A8927DCEB9,0.09566282839748239
CC_73B575BBBBE3,0.1305057416841935
CC_73B6B9AD2002,0.048403337717463746
CC_73C28D72A5A3,0.5638720297605126
CC_73C38DBDF9A7,0.11280186038886719
CC_73D44BEF6754,0.38786559645356944
CC_73D4C1D7C022,0.0766552899287124
CC_73EF383F3C2E,0.17672185872234197
CC_73F34B1607C1,0.06353473616192049
CC_74137206902D,0.11655169765150913
CC_74198E5EC366,0.07467690369896368
CC_744FB5804A8C,0.636161324672641
CC_7451E64B6D47,0.15531274488227598
CC_745A64878AF1,0.0807895189990902
CC_746B196CECA1,0.17028226239537106
CC_746C06898D5B,0.6082043717927232
CC_746DE1EED0DD,0.251661503485765
CC_7476938CF6A0,0.5374252541254814
CC_747CFDB7E305,0.08158113066656592
CC_74845374E870,0.7462700941781941
CC_74AD8D3B192C,0.6765760276474573
CC_74B90A15B270,0.09946002911697663
CC_74BA5D46E909,0.6703751830876898
CC_74BE0AD5E21D,0.18993081215205104
CC_74C33B66F002,0.12755107134377808
CC_74C9C3F17421,0.05002475812118207
CC_74E4BD5C07D2,0.06972049835695834
CC_750D90249EFD,0.12326133066812714
CC_750DA21B7EDD,0.33205387260196284
CC_750E6537383A,0.26373581771385624
CC_75137D6F9DCB,0.11452038043355017
CC_75173A8A11D1,0.34532420895437066
CC_751DDC1FC2AD,0.0920653457210103
CC_75357E0206F5,0.08177865960695387
CC_753D160E3A58,0.10963587746579398
CC_754447632F75,0.044553575447967536
CC_7549363C5D36,0.07505369134459952
CC_754F3894627C,0.0809820128141154
CC_7562CD43897F,0.1357300555271164
CC_756A077EC614,0.39060154266426855
CC_756D3492443F,0.2921083884395032
CC_75783B3E6C6E,0.04533276913373815
CC_7598068A716C,0.029313102222321107
CC_75A37D8C1F6C,0.6299472069227239
CC_75ABDDA24C26,0.1333372414443143
CC_75B287424E59,0.3715750655716479
CC_75B2B88876B6,0.09061553416838569
CC_75B324FCDD4A,0.24518610328422924
CC_75C1466E61E2,0.24832185834517057
CC_75CCCD9D4568,0.08409064833872736
CC_75D2DAF4491C,0.3055782573401791
CC_75D54090AAD4,0.11139572692957
CC_75F1927E5941,0.6690592055782447
CC_75F99AD6844A,0.3046674194848935
CC_75FBA505C727,0.27795608197948324
CC_7615CC930B76,0.12724834027351928
CC_76168488EBB0,0.5460384288653057
CC_76197A77D666,0.028095907024948946
CC_761F48F8E962,0.2618579535134985
CC_764C6ADC6D1A,0.07653599248673215
CC_7658A6B0910B,0.04468882347879069
CC_766347951B7B,0.5894216633860452
CC_76857712D8F5,0.35806015547352743
CC_76A0DF2549B7,0.10542828878332872
CC_76A636414AEB,0.25235625570002396
CC_76B01540CDD1,0.18010790021086664
CC_76B420FC66EB,0.1073630011494161
CC_76B6BCD2EBAF,0.061539529381682084
CC_76B7A0029620,0.10587288317682443
CC_76BA435EF2AC,0.13219910331423962
CC_76BCC1AFDA4D,0.07500588574778365
CC_76C35913E797,0.1605323145278976
CC_76DE3DF1DEE3,0.18187828512927712
CC_76DFA4CD068B,0.0849673363104466
CC_76DFE3568C72,0.31520179608624116
CC_76E201F1E036,0.36634260068905977
CC_76E83166FE0A,0.145083876889363
CC_76FD9E9D9ED0,0.1584573232350287
CC_7720BBD06736,0.315881178115483
CC_77340228F356,0.6696669397816456
CC_773CBBCBAFFE,0.1136365457099098
CC_773E9B092923,0.10371694148405268
CC_773F22C3E42F,0.03671388546683754
CC_774ED295BF96,0.1775371030600795
CC_7751ED6DF76C,0.042220303675127496
CC_77571749B970,0.14848777615436837
CC_776F8B3BAC08,0.10999350974600654
CC_777889F9694E,0.03567689656071195
CC_777D08513AE8,0.07942056808589301
CC_777E3D988EFD,0.2980566162778101
CC_7795BEDE05E8,0.3198653296073886
CC_77A9EA3A6784,0.0746096578076802
CC_77B1AB7960A9,0.19683926776146912
CC_77B6EA810549,0.26318662458533215
CC_77B9889C9BFD,0.16628572342828032
CC_77BC55DC92B6,0.12630895742061002
CC_77D1DFCB0A8B,0.052654732526095725
CC_77D9AC43DFE1,0.1957290536391973
CC_77E6EF1CF2F7,0.3628844909575963
CC_77FFA8E6B36D,0.12017276143244997
CC_7801661A9DC2,0.1525087028816247
CC_78069B1BD931,0.14592263777355646
CC_780828B48716,0.11708920229887418
CC_782130B98F34,0.10203138820038288
CC_78273789B3C5,0.776223211067512
CC_78296783E4EA,0.1928445892856957
CC_782B06291D87,0.059463961429727916
CC_783A2D4C89F9,0.43959839846059223
CC_784407E16923,0.08757167017038203
CC_78491B6255F2,0.43085119637053737
CC_784F17AC712F,0.06457058525034695
CC_7852FC3BBADB,0.09516698194759651
CC_7866E4CE528E,0.723275783541822
CC_7867E7C01013,0.1927455332347035
CC_7869F609EC2E,0.1802530927110794
CC_7874F14ABD7F,0.19490256503764952
CC_78774E05FF12,0.16934176874948403
CC_78815A352067,0.08772209268477715
CC_788FF4549766,0.2174133007014194
CC_789977501322,0.12154141720303677
CC_789B2BA880E7,0.03799160477888206
CC_789D87F51AA1,0.05536912283815282
CC_789DC3C358CB,0.21584485240553897
CC_78A036DF6320,0.6711481770916033
CC_78A3EA63B7EF,0.041591070213835325
CC_78BF1B8FC1CA,0.11881601609465597
CC_78C96E7015BA,0.6229632861840243
CC_78CC84FA2CE2,0.18459341595605724
CC_78F0087076CF,0.22486941187122128
CC_78FAA95F5B5F,0.11420585707171528
CC_79033EFDE096,0.11336266234721373
CC_79086C18A963,0.13520838359723902
CC_790DA2ED9F5B,0.12075110858010496
CC_7928811F7D86,0.09468739628002923
CC_79345478FCE5,0.1985140452703829
CC_7936C8D65B95,0.145490742689418
CC_7948C5509411,0.5080930555792326
CC_794ADB0677CD,0.13785215341252896
CC_794FF8E7F876,0.05090628521087548
CC_79500EA652BC,0.5732016819584311
CC_795083A66DB5,0.036917883621285036
CC_7950D4B773CF,0.13715139999432335
CC_7955AEB49759,0.13468051216409188
CC_7964F862DFA3,0.3971284904571513
CC_797A700CF967,0.48012956328258605
CC_798180DDF677,0.3523935577145862
CC_7981ABA9C370,0.09838730334781934
CC_798B2DC03C5A,0.07836242510095506
CC_79BD986C23CA,0.069517372732364
CC_79C6BA680815,0.5490895528550606
CC_79D694E6F5AF,0.2417623358451077
CC_79ED9A0F6E49,0.3994151005138895
CC_79FA2512E5A2,0.16006169632998551
CC_7A0024F6FA60,0.23474853489921982
CC_7A193A453F27,0.02787563444639126
CC_7A1F071DC5D4,0.4299951398157966
CC_7A5D96BC99AA,0.7277874399421707
CC_7A6B51562949,0.30359414540037716
CC_7A6D7F9654DD,0.4292436818085526
CC_7A778E010F33,0.288445689494727
CC_7A7FB841B669,0.6083123850236628
CC_7A91013D31E1,0.12797177543825053
CC_7A9117596769,0.04776381079970161
CC_7AAF340DCE8F,0.1786232153064966
CC_7AB146267981,0.2085687778531095
CC_7AB2A9CC8424,0.2931382726363193
CC_7AC1DF18CBA4,0.22699280436896419
CC_7AC4240DD225,0.33251144015906325
CC_7ACB325BD924,0.17084934087664416
CC_7ACB88002397,0.5055742578149003
CC_7ACD4F370AED,0.17360667095755605
CC_7AD4072A9F82,0.0622347746589415
CC_7ADEECDE4D73,0.21276196064526065
CC_7AEB48D8C5E0,0.07351857125733113
CC_7AFA5CD2B29E,0.11224724741856137
CC_7B092786DDB0,0.050174446459885606
CC_7B1B35D5628E,0.0555138639890076
CC_7B210557F04A,0.10053541570823116
CC_7B369A7C1D3F,0.15329882802395461
CC_7B4002591821,0.6614638601123882
CC_7B42BD80D79A,0.1904146994337834
CC_7B44FDF08B93,0.09742569654080242
CC_7B501C32CAE5,0.05946277362873276
CC_7B88520D4FA2,0.39026599773083753
CC_7B8ABE6E552B,0.1883462077924536
CC_7B8D2E07908E,0.3769858966730929
CC_7BA150468D19,0.6525187700652371
CC_7BB159FCEB53,0.29432907956017784
CC_7BDD72710831,0.07423010273060468
CC_7BE02C65B967,0.1373812482085898
CC_7BE382988C1C,0.6207220060369644
CC_7BE6110DBAA1,0.3418310159588592
CC_7C0B14BB0573,0.14156558508621864
CC_7C0CF5558904,0.6867040041287968
CC_7C13E7F561DA,0.606671710167564
CC_7C46F7F667F3,0.12170013292920061
CC_7C510CE0521B,0.08568631516279615
CC_7C61B5D39E49,0.49218509948777234
CC_7C6770DDA182,0.11877377065964025
CC_7C6DBF78A610,0.09689711146279978
CC_7C7B0438E3AB,0.18167178041160048
CC_7C87DFBC3176,0.09989901708519186
CC_7C9528E94215,0.32056198697483007
CC_7C9ADE65CF81,0.10919119506624571
CC_7CB6CD1B9DD0,0.04377970260138708
CC_7CB7C7E55BE6,0.14964826990688135
CC_7CCC3A690325,0.18355300356680204
CC_7CE5689488DB,0.046105255888300174
CC_7CEB758A9814,0.05074978751603097
CC_7CF7443D923A,0.04711600152838152
CC_7D0D597690BF,0.1806926470522831
CC_7D0EA0307817,0.04659832906460003
CC_7D12E6FF25C3,0.13740932983676077
CC_7D28D39AED1F,0.6908603490134855
CC_7D2D19D832FF,0.0626097468801763
CC_7D34A67E1369,0.06670123709293084
CC_7D4388B41EB9,0.17164535003221917
CC_7D46FE573D79,0.07642936029578615
CC_7D7810799F2E,0.044518388841593384
CC_7D79241150C8,0.12834207577232692
CC_7D7B92EF2655,0.1490765712886568
CC_7D8C2495C1F7,0.07268681310116046
CC_7DA4F1BA24A1,0.5947388997027532
CC_7DAF18939084,0.059077794013953897
CC_7DB8BA427410,0.0650125412783003
CC_7DC9456F1161,0.036038540278165845
CC_7DD2CBE0F0BC,0.19467265725696786
CC_7DD495158BFD,0.5951761481416339
CC_7DD5411F7A14,0.29853571691278363
CC_7DF099A7A092,0.24027308138643805
CC_7DF27D2AC111,0.046377893565220686
CC_7E0CA072EF93,0.06850947769195796
CC_7E0DA100F5F2,0.17926977609377404
CC_7E1086EFDED5,0.03517479532405465
CC_7E12E0F3CF6D,0.11981154513934288
CC_7E178CE78FB8,0.0828342818801863
CC_7E1C1A6D0E9A,0.15933195171315254
CC_7E2A76850DF6,0.7771231075635442
CC_7E3ACB15C69D,0.1318996099223248
CC_7E3F3373A73D,0.726270114698468
CC_7E42A3D0737F,0.11249496195710174
CC_7E4679C534D7,0.277417200774213
CC_7E53FEEB19B1,0.2676367885470108
CC_7E71CE7FC603,0.2204180373816879
CC_7E8333DBAEB4,0.38474837686963903
CC_7E843438DE4A,0.058423236204356535
CC_7E8E4747C0D0,0.6680248678093138
CC_7E952828C1B5,0.09969011410222688
CC_7EA6431FE6F5,0.1404362364947731
CC_7EA7BA7621C3,0.25244017229266713
CC_7EA8F24B3010,0.10515229430479923
CC_7EAB28B0309C,0.062208676075092215
CC_7EB4A5BDA97E,0.08642260124351277
CC_7EB4B0A36534,0.1054619368981447
CC_7EB791F4AB2E,0.1130520330363175
CC_7EB883C9D5F9,0.03775424816220774
CC_7EC59C577F02,0.059390721932178876
CC_7ED2683D26DD,0.06145289878772004
CC_7EDB3440E0AB,0.5929116163083736
CC_7EE12013C7DF,0.1856117578433888
CC_7EF824CC0D3C,0.1475546605178857
CC_7F09C6F6321D,0.7086224556495724
CC_7F1AD40DA179,0.20954558536766113
CC_7F1D38A39164,0.08115793355020573
CC_7F22B7D326CC,0.20477211658742545
CC_7F2614F1AAAE,0.24788161880816623
CC_7F2CDC7C1634,0.04411014312153524
CC_7F2D46DF9BC7,0.15522324502967333
CC_7F57A90B69E0,0.21839243004692427
CC_7F633226A676,0.30792221344416904
CC_7F753D809267,0.6395680863742566
CC_7F7EBF25AED7,0.03358958458784302
CC_7F8496CC5779,0.04284328750460941
CC_7F88D9C5D258,0.08895262123773592
CC_7F8AB4DCA794,0.13807626506157664
CC_7F8CC9509418,0.31607591858550454
CC_7F9069571F79,0.27695067716605276
CC_7F9AD27E079E,0.18103459960534596
CC_7FA281AC1C7A,0.09821490607794878
CC_7FA389E90548,0.08951493428267956
CC_7FBF4A48AF55,0.04659200675187639
CC_7FC40175A8E1,0.2663160909789499
CC_7FD58EE7029D,0.07546950093057411
CC_7FD7F635C341,0.04629897453609795
CC_7FDD458DA059,0.2511044236266584
CC_7FE85C259E03,0.1089095703562879
CC_7FE8CD30D7E0,0.10143830706994872
CC_7FFA32DE7B04,0.1605331951960291
CC_8014F1E2C5BF,0.03705242494254328
CC_8015895C1C29,0.2524515275027895
CC_802BA7E39A13,0.061071960635843456
CC_80300D23C3FE,0.34458527950287343
CC_80465303B6E2,0.19385715207737614
CC_805ADFD46B84,0.05627588530237004
CC_8060F40D9522,0.1957224491564939
CC_80621E822131,0.05344565795193225
CC_806654B580B5,0.401999006798072
CC_806CFD6A52BA,0.03446830024837488
CC_807935BBEB7F,0.054344142422887966
CC_807C57E626E4,0.07209105858460288
CC_807C91C98684,0.030993174864989467
CC_8096B589BB07,0.16823212388967385
CC_809D60155E9D,0.07040733707764399
CC_80A2189E5125,0.524915303892456
CC_80AF87F62770,0.17724043078172197
CC_80C03DF9CC57,0.20611263219325224
CC_80D9B6563750,0.5488867223205025
CC_80E9638ABD4B,0.046836673495505285
CC_80F7171B71CF,0.11047877696180183
CC_80F9983BC18B,0.06252101862230028
CC_811109A98EFF,0.09678021832762816
CC_8129480B056D,0.30744460208563607
CC_8134E5DA9FEB,0.5781694632971474
CC_8140399AD344,0.11381758191425445
CC_8140E278B6A0,0.21608260912925498
CC_814E0F756757,0.4398356965600238
CC_815FAAABFC91,0.2028655450954592
CC_816B28807CED,0.07171718668578714
CC_81821F9F2307,0.5118637028707926
CC_8186D7991EB8,0.051999216947280415
CC_819E203180C8,0.8076611444495752
CC_81A5E3141BDA,0.5279063418775043
CC_81B5CED8EE79,0.12836118696486437
CC_81B91198E00D,0.7092616078318755
CC_81BADC379C8B,0.222220557164368
CC_81BF8EA390F7,0.05568583429523893
CC_81C5FC962C72,0.05911318417145899
CC_81DDBFAF1CB6,0.053160890816260395
CC_81DE637E6138,0.031762597707377556
CC_81F389DEC9C5,0.07579699177473845
CC_81F647806849,0.11509718112144574
CC_820D491B2903,0.7384886302047118
CC_82172863AA45,0.2970972971402696
CC_82195FBE9366,0.051761797243255935
CC_821F503DA953,0.08090334414961367
CC_8221AF9B0B93,0.7405295669553039
CC_8222D1C47857,0.07301439153991304
CC_824BB6CD2B25,0.05676102888830744
CC_825192411933,0.09420345223593142
CC_8270E213EDF5,0.21821072440489822
CC_82839CC161E8,0.055785865065793666
CC_828A0B6D7291,0.0906552576272145
CC_828EDE22A438,0.042492123312378026
CC_82928B5ABD45,0.30776481382571913
CC_82A7FE954659,0.18083392681806693
CC_82ABE1FFFA1F,0.15421352953018627
CC_82BDFA01C41F,0.1223313060631996
CC_82C20057CB4A,0.10275724504004513
CC_82E52529A567,0.1964060110288995
CC_82EFBFCF68AB,0.10992754917394951
CC_83092F58B321,0.1345465797559911
CC_83098B4BBD4A,0.12586760968202884
CC_831F9E623C5F,0.16544452255912037
CC_8326C8A3D569,0.11501885252067012
CC_832730F42A18,0.14027500244611343
CC_832A44C3F2A0,0.04848925513808748
CC_832EBAE498AE,0.689423283754503
CC_833B196A70F3,0.7149316491657359
CC_833E14DFF4C6,0.1589905850467189
CC_834092035687,0.3171885873684742
CC_8351244DE3CB,0.06879834321349373
CC_835B90025058,0.043876235134963776
CC_836534CEDFD3,0.11966752525626008
CC_837ADC1EA55A,0.19019501072064743
CC_83884D799788,0.19528769824277406
CC_83947255841B,0.1169017866661346
CC_83A5A3022ADF,0.7687186762572595
CC_83ABA98906DE,0.0721398703247186
CC_83C75D07414A,0.40608886386433923
CC_83CBA767432F,0.7229218243316251
CC_83D342F53F36,0.14979656151445164
CC_83D5CA2A23C2,0.03733305889352259
CC_83E002D6D82D,0.17549762872034297
CC_83FE1BCC83E6,0.29808166317478213
CC_840E5B830DB4,0.0375769743843532
CC_842525788FC1,0.19863781109332457
CC_843076C8EB9E,0.29217929624446043
CC_8442C97EE91A,0.11209323057242662
CC_844C3C30ED67,0.11340998476303105
CC_844E345D2636,0.19274435109134497
CC_844F26E92B12,0.1920958089602497
CC_845032D8A261,0.2654079654145828
CC_845223F606E2,0.2618070721155605
CC_846F5B19B110,0.365137965067339
CC_84797EA9ABF9,0.2622805838383821
CC_848D59D48081,0.17378873968453407
CC_84AB057BFCCA,0.05304381089701642
CC_84B0BA112537,0.05936564828748745
CC_84B8FCEDADD5,0.08537584213114005
CC_84C61A6BE99D,0.08481014582965403
CC_84CDF830F68F,0.07740648227693982
CC_84D5B88572DC,0.25357899229410896
CC_84FABECED186,0.1127849290877033
CC_8503F43FB29C,0.19195374986314084
CC_850ACB004EE2,0.08380784984788323
CC_850B114489CE,0.09979163053665505
CC_850CC17BB13B,0.14908091518710032
CC_8518C159BDE6,0.13936177896274052
CC_85299261146C,0.08959352109061741
CC_853986C52A17,0.044296847918526755
CC_853ABBECF2E1,0.7902853728365048
CC_853BF4485D85,0.18772873531916417
CC_853EED03843B,0.07197457797926374
CC_853FD1B551B1,0.16415562572180148
CC_854AAA98CC0C,0.7662339008086987
CC_854F8AB5F1FE,0.04138183382265775
CC_855E2A785BAA,0.10674653808230711
CC_85614CA68432,0.05948117800073491
CC_856B92B23BB5,0.7692496299718461
CC_856DF4A30E13,0.6934552764462085
CC_858704DBD5A6,0.05722485591898986
CC_859EF0AAA74A,0.045655652390224094
CC_859FB710961E,0.15016341764357374
CC_85A0EB3C9884,0.6023966535929512
CC_85C887BB996A,0.09156757117840038
CC_85D9A6C9CA60,0.13435145633143758
CC_85DAF10E61A1,0.6128114444226401
CC_85DEF8ECB524,0.1329272532674762
CC_85E2E0B8B15F,0.6974435783022275
CC_85F018DC47FC,0.28965007268706555
CC_85F376B33951,0.1717183102040395
CC_85F745E1D307,0.12260562127213404
CC_85FAFB430486,0.2952493632321559
CC_860D4B868C17,0.024078675139358817
CC_8614E30C9FCE,0.39052201162540773
CC_861F5DC22035,0.04751441482895614
CC_8624ABB391B1,0.164111738264172
CC_862BAB422756,0.3426996772407897
CC_8642F98E5504,0.1713509505711094
CC_8655B8862C81,0.17573820149263622
CC_865FCEE75A8E,0.03527019235718329
CC_867372811CCD,0.42600908075721067
CC_867695B5C296,0.5326792698458158
CC_8682B1F914ED,0.16646734551942854
CC_8691DF144B92,0.5225106208699972
CC_86AD259FA5B1,0.14934684140176818
CC_86AEC21936BB,0.7372829097249272
CC_86B1D15F8424,0.03934078880026823
CC_86C2A6EC5712,0.7224915677018431
CC_86CF816B494B,0.06178582333482219
CC_86D4D58B1D0C,0.1602365835333025
CC_86E2C4E17CB6,0.04690438577219026
CC_86E9E191E3CA,0.41810454355379684
CC_87000C16C856,0.10798969278141658
CC_8703DD5FA02C,0.1779896019677965
CC_87065B1F429D,0.11153207832957668
CC_87434BBA1CE7,0.0374759323336578
CC_87450EA8CD55,0.68837957894418
CC_87480F785786,0.07281306018070624
CC_8777EA6EBFD4,0.04175990861529307
CC_877A35E76904,0.07288285672514476
CC_877B37D01563,0.13145956366712136
CC_879759A5EFB8,0.35309333799854453
CC_8798AF2651BC,0.13998735653697877
CC_879989FB3B92,0.5722315499267501
CC_87A3BECEE5A4,0.1318288387580063
CC_87B7CDF4BDDE,0.04247391597041811
CC_87C13E620006,0.2656637181930867
CC_87E3AFB080F8,0.14449812188302474
CC_880044F77ACC,0.09709602166476049
CC_8809BCAC74A9,0.040386741884034134
CC_880E0019DB5D,0.035783511233470594
CC_880F027D886E,0.12411531470733567
CC_8812BC579F7D,0.07418369120186633
CC_88225FE57D82,0.204021752867264
CC_88315318E9DA,0.3252093196361161
CC_883864E584A8,0.07166041514868222
CC_88469BAD58C4,0.0487937787913401
CC_8854EE679596,0.08627468263065043
CC_886273CC4072,0.07670336298792638
CC_8866B6D4524F,0.2373304017439362
CC_88A943606806,0.3491127809037884
CC_88E916A3F984,0.8010817010591581
CC_88FDC55C31A4,0.12041207823873917
CC_890D5EE59076,0.03203697694097852
CC_890F721517F2,0.10498509081975252
CC_89129D16418A,0.3494062953420901
CC_8917F02F9326,0.1371999173280326
CC_8920B6584A43,0.061585672671151497
CC_8929DF270419,0.7197035714227226
CC_892B119F0E5C,0.184008044035947
CC_89302456B9D5,0.6740114021237392
CC_893FAA6D1F04,0.7368690788805716
CC_895AF697BFBB,0.2995709147972305
CC_8961FF892F79,0.03030065135782685
CC_897674493060,0.07001789906043655
CC_898AFCD28B03,0.12206739242845308
CC_898CC919D10F,0.1839206914907417
CC_89A711195EEB,0.15594409925121505
CC_89B4DF07DF12,0.07242455701425363
CC_89B941079E10,0.09589379397778781
CC_89B97E9FF67A,0.10985497096657368
CC_89C5162E8055,0.17053915356379035
CC_89CA0F1E2DBF,0.23367433777460864
CC_89DEE29A78AA,0.1114596962613267
CC_89E089707730,0.16574865475775608
CC_89F0B865A6D4,0.10136573187812538
CC_8A04C5D4D02D,0.06938513581888807
CC_8A081AA1FB92,0.32700916880967335
CC_8A0C640E7A89,0.5435570586374012
CC_8A12B68246A6,0.0432597219105279
CC_8A14A46B280C,0.16325622910649662
CC_8A165A18560F,0.316623400441858
CC_8A19196788FA,0.06516785449787964
CC_8A25FA445037,0.11798024540189364
CC_8A29EA87B295,0.13362352791131848
CC_8A2AC87CB22A,0.05442858217179789
CC_8A34634E7423,0.6238174038609539
CC_8A38BC1AFE57,0.07388680372273682
CC_8A4CAF0CD0F3,0.09157274772467691
CC_8A5A0429CAB0,0.13581214487975896
CC_8A6E60FAE870,0.082084165238656
CC_8A7DA054E397,0.6794988731060423
CC_8A7F5FF4B421,0.25954843703810254
CC_8A8249A44847,0.12083562359589664
CC_8A8BCE16DF45,0.13182841496666953
CC_8A8EC764734B,0.07537891749263813
CC_8AB553BFA00A,0.09963919676236
CC_8AB57DC077EE,0.6373893809994786
CC_8ABA5808D313,0.06326500721258399
CC_8ABDD9A05C87,0.3429768950610028
CC_8AC7520DBCCF,0.17161217993426148
CC_8AC7F8BABF28,0.06402541616364163
CC_8AD67FB3A5CC,0.7405013036736428
CC_8ADDCF5EDCC1,0.09299462556970745
CC_8AF1C3A0799E,0.7302833680125231
CC_8B388FAED0B6,0.12508092813789354
CC_8B46CA903D09,0.028472176634566783
CC_8B5819403FC8,0.672243311307278
CC_8B581B8207A9,0.1357015665642226
CC_8B6DBEF19F46,0.15983192756459957
CC_8B8326C4C229,0.1174196642764466
CC_8B850FDCFC83,0.08515997180179671
CC_8B8F41F19B72,0.07582954738290396
CC_8BAF98C60957,0.14536754515523698
CC_8BB0824B181E,0.05343254678820565
CC_8BB963DAD9E2,0.154087774619247
CC_8BBF5F939D7C,0.14948904959005138
CC_8BCBDCF4DFF1,0.09740564100820095
CC_8BCE343561CB,0.7459742607338965
CC_8BDA87361657,0.10032326243787507
CC_8BE68A4DB87C,0.07525110065743999
CC_8BE9BBD879A5,0.046465433764630255
CC_8BED85B91011,0.39888803328557276
CC_8BF68E552DA2,0.18728916137889756
CC_8BF832E6464E,0.8002437727948994
CC_8C1561920E84,0.2347914927325601
CC_8C2A7D9A667A,0.1712789096847786
CC_8C3A5DFE70B9,0.18527813640708904
CC_8C534CCBDA4C,0.21424728607926835
CC_8C6472A3EEAB,0.049606916088875457
CC_8C6B4854D16C,0.2505321028199251
CC_8C76DE4F58D4,0.06686049248516929
CC_8C7DA3F4F88F,0.0744505743440776
CC_8C8527DE7DD7,0.07917687098614856
CC_8C9416612FDE,0.40274415618554105
CC_8C9973F02AD6,0.3347734788234534
CC_8CA1DB61A2AC,0.04551503459421982
CC_8CA59CAE22F6,0.1483449814831453
CC_8CAFD04A6EDD,0.11144950868514311
CC_8CCCC389913B,0.6272866059776521
CC_8CCEF12DC7B9,0.18523511694888178
CC_8CDCD714BD1F,0.7890802239390204
CC_8CEC7987D1B1,0.08722076761970693
CC_8CF621ADAC0A,0.28855208873900773
CC_8CF8FE2A4B82,0.38938385965200867
CC_8D048396D9D5,0.10038636738134665
CC_8D1089C58563,0.5432228583541809
CC_8D35A37FC4B1,0.10054321700608841
CC_8D41E12FE5B6,0.13730895528158826
CC_8D4A859839EF,0.15195601376014276
CC_8D4AD431C55F,0.0851986449398164
CC_8D4D882CA579,0.11635689250841276
CC_8D6151025078,0.10972191346791631
CC_8D637233FE54,0.16321745582717867
CC_8D6AEBA2D7EC,0.09584993402935701
CC_8D6E16DED971,0.18475225265078943
CC_8D7329F79BBD,0.44490426215099477
CC_8D7B7307C43F,0.08796957278063332
CC_8D7B9D4936EC,0.7083207097510208
CC_8D80B1B44AE1,0.40199950255109373
CC_8D9516D61143,0.41571847863623523
CC_8DBB8445786A,0.09675367659384235
CC_8DC5B86D9DCC,0.7538074231497992
CC_8DC6465998DD,0.19574553962337943
CC_8DDD0EDA9CB2,0.13925643299454368
CC_8DDEF0265CB4,0.05835970707743741
CC_8DE06BEB95A1,0.09753052716995914
CC_8DEBB5B14A14,0.15161798415530364
CC_8DF5BE7F759C,0.0631248042800337
CC_8E0ADCC71F85,0.051638895433901426
CC_8E0BD86F6F0E,0.09289886294245857
CC_8E143BFCF3E5,0.11494524835624007
CC_8E170A60D71C,0.37893979546559564
CC_8E1C3A21FAEE,0.09987074524707934
CC_8E408E18F060,0.10453388361403604
CC_8E42FB163DA5,0.8001574898149642
CC_8E47536D29BE,0.28039301734339994
CC_8E50AFFC5BBD,0.052369504635553565
CC_8E5FB1035354,0.1706564146631075
CC_8E7B9B8DD1A3,0.09918455259404857
CC_8E85B08196AF,0.03392577671980365
CC_8E96FC75AE5A,0.07465856717927719
CC_8ECAB5A6C7B9,0.07977041519626152
CC_8ECC4C7A6638,0.4921565894383363
CC_8ED6F13C35F5,0.1656623829720688
CC_8EE5E9467038,0.1797367351104931
CC_8F037E5AE692,0.04971969973086282
CC_8F1A418D96B3,0.2966991580839107
CC_8F1C4014F91A,0.13745417846645255
CC_8F30A5FC9D49,0.0898247320383824
CC_8F3456F298F7,0.22732133160053913
CC_8F393D485C29,0.13474381759538392
CC_8F4A41130110,0.044512878734119216
CC_8F7AA6E4D486,0.11290914994323764
CC_8F887BE25314,0.15844732837123165
CC_8F90CD1A5E00,0.1582932300961964
CC_8F9B26042C4A,0.11292287957764618
CC_8FA9423E65C6,0.10372184361981525
CC_8FBA6C32E0A5,0.28366957357288813
CC_8FC1C50C41E7,0.08531165849775918
CC_8FD005425792,0.06361458358958916
CC_8FD6A223135B,0.13893248721600715
CC_9002450E1B5A,0.04660890469560997
CC_901CE62199C7,0.3843776646636623
CC_901D2136E1F9,0.17850893856519273
CC_902648F62345,0.16089202639529404
CC_902BF0612E70,0.1642421196311513
CC_9036F7423277,0.19697470531423045
CC_903AD2767BAE,0.7143509302336336
CC_903E4BA690FA,0.3137557998006818
CC_904386E31210,0.05405488096203079
CC_904EA6C846F8,0.3917043084413873
CC_90549DD3CC39,0.12344450735778102
CC_905739E5494F,0.09018008054365627
CC_906F852C69D6,0.6329572369507701
CC_907911F4930A,0.2555701164022602
CC_90798A7273BD,0.13957687972878857
CC_907F3A8AFCFB,0.06643626053550213
CC_907FA7722881,0.11056482446195788
CC_90812D9F30FE,0.09345948917959596
CC_90870A89F310,0.03735901552147661
CC_90894CA021C3,0.5765754946020851
CC_9092C5EBF5F6,0.05399091023294219
CC_90A10D649D9C,0.6905816705941381
CC_90BF8E127519,0.5667618974241148
CC_90DBB385A7F3,0.7081268373309908
CC_90EAD308012B,0.312512941175883
CC_90F4BF0B868D,0.11907842769938053
CC_90FA39516EAF,0.08073281023814478
CC_9117894F31C2,0.17697783091805602
CC_911ED63BB556,0.366939585004899
CC_912730AE6E8F,0.2873795597287169
CC_912CA7EE4C26,0.1236482589162615
CC_912DA46AAED2,0.08358951595544434
CC_9132E67EA479,0.14075390941322632
CC_913D95FB31E0,0.17260722264948197
CC_91529F20D461,0.754689823723737
CC_91586318C780,0.03936206623623485
CC_915F2708219D,0.16185903875655655
CC_916CCF9CBC08,0.03410831727160622
CC_916CF77A29CC,0.09161611179062766
CC_9189E4FF82C5,0.14781761345362998
CC_91A27CB6139A,0.14274371970600294
CC_91B7A4A15A37,0.6168543205415334
CC_91C2077BA6D7,0.08996619866790032
CC_91C4CC43EEE5,0.14052726365843474
CC_91C55BE33AC7,0.060041925860066084
CC_91C81BC58B49,0.0515702865262091
CC_91DE12EE18A7,0.37606144652123685
CC_91DED13CDCD9,0.1632082547709714
CC_91EF639761F8,0.14901386547089082
CC_91F23A7E743A,0.32407034204151786
CC_91F4C5E889C7,0.7342797628379039
CC_920E91EB28A7,0.18337051895917553
CC_921481F5F77E,0.0993298358968926
CC_92221DB27176,0.18623365832785832
CC_9224D5677C66,0.11732651329467614
CC_9230B9656F93,0.20481631040977527
CC_9231D0F8A993,0.7121423625578505
CC_923727159A8F,0.04727803163463365
CC_9248706729D9,0.03850695822686089
CC_924AEB5DD991,0.20150221133486673
CC_9250BA851692,0.30652857203105377
CC_925BACE3417D,0.10134855107292816
CC_9260CD0D7C0A,0.12253388159575987
CC_9285EB21B38A,0.11112095652744416
CC_92A09F03DAB5,0.7869487825857903
CC_92BC35D7F9CD,0.1076390593522538
CC_92C5FE9E5B12,0.6768792533597527
CC_92DC8CF8C902,0.09308508028184628
CC_92E006664648,0.26722625940769185
CC_92E4EFB9F0DD,0.11215562784531406
CC_92E621E0298E,0.18464990988609598
CC_92F412AC7D22,0.07260699247758433
CC_92F42886B7E4,0.2063271770092806
CC_9301E23D376D,0.579402346983221
CC_931133320380,0.19628823933522427
CC_9314B6D8B7F2,0.07408222246215813
CC_9337E3B43211,0.18568980852670242
CC_933E044F26DB,0.08976390812385057
CC_934BB89938A3,0.09852141166755392
CC_935296A995DA,0.13036816274131047
CC_935326AF26E2,0.16745265077512447
CC_935B72B8E7F0,0.05202090946834809
CC_936FF3C9BE68,0.04159463384085436
CC_937FFE1718BC,0.039189208642966815
CC_939F92AEE460,0.7877598786841424
CC_93A4365B25CF,0.7920890182472522
CC_93AB9D6A7EFA,0.09071070804924683
CC_93C719738590,0.7952492652180665
CC_93CB48930B37,0.20595934553917242
CC_93D24FAFD21D,0.10090631814207987
CC_93DB5F477493,0.1306423449326764
CC_93E1CAFAD44D,0.06286535338557102
CC_93EC9F853123,0.20222672847326487
CC_93FEAF515A8E,0.04427333101979465
CC_94063A67F136,0.2970871133551489
CC_9406E32819F5,0.06392789104917067
CC_940971CBC1A4,0.16149077822201033
CC_940ADC8DEA3F,0.12064564753719852
CC_940C7E8E0C52,0.21242025230982203
CC_941DD2E1DE56,0.1547618846290269
CC_941FC1FD0D55,0.20045558812316566
CC_943B720DB5BB,0.10299489155853267
CC_9440309323A0,0.14483844093515774
CC_944B461BC558,0.0658040197778575
CC_9453654BACE9,0.19558720048118425
CC_945888CEAF10,0.3490915271364963
CC_9458D4A483A8,0.1104459638685311
CC_9464BA7E98B9,0.07857663317812086
CC_94794B478A5C,0.3023683198293014
CC_947E58EFF90A,0.09601152635817084
CC_948537FC17AA,0.7579899229260947
CC_949576D25153,0.08334301477374295
CC_949B8CEAD619,0.08953974573873585
CC_94B4E05906A9,0.13525549628933647
CC_94C3B6F3B0CC,0.13403199715649722
CC_94C3D9D8FBF3,0.6275191101291994
CC_94CD530B2099,0.07556646617498776
CC_94E9D1E527E6,0.03364540399595714
CC_950450C0845E,0.396186838484906
CC_95169A4360C6,0.04455268681995715
CC_951A69571676,0.05258787954110248
CC_95232636844F,0.22180138181201742
CC_953A5913EDD3,0.17651553789410007
CC_953B678083F9,0.08265830582315876
CC_9541BD0604B6,0.17786883600621517
CC_954404C1BEE6,0.3916965565109629
CC_95444ED71872,0.08266694470519363
CC_9544B86C78A6,0.7175584579833993
CC_954AD7E7C8F1,0.16228245156453708
CC_95525CC6C854,0.14646525601051683
CC_95573B318A91,0.042472524202971755
CC_9569309DC18E,0.08642523717956008
CC_956A2DF28600,0.20321532370339512
CC_957C7A0D7B72,0.34770859325762304
CC_958BECCA0BAB,0.4612693718396979
CC_95A6C4DA2F12,0.6213735382426524
CC_95AB75B5BBBB,0.12659107528782226
CC_95C1274DD7DF,0.027583502629654207
CC_95CD8F6A8CBA,0.038991448324120784
CC_95DD4DC604BD,0.1855062501457333
CC_95E1AC08266F,0.14383264208530544
CC_95E3DDCB74EF,0.06388160988405323
CC_9601384AC971,0.4535387557033454
CC_9608A73A8025,0.16460509800908782
CC_961F3BFBDDAC,0.8337764449330238
CC_96206C1277EB,0.2864915033172619
CC_96396AE6347C,0.20224124922072204
CC_96416D2A937F,0.20463408443255482
CC_964C2E0B00C1,0.1897835967364656
CC_9657A2A04BAF,0.22593882864029374
CC_9662D713B7BB,0.2281191042103951
CC_9664F83B7F1D,0.18567847989934153
CC_968AF836D0C4,0.05189198247580114
CC_96A6735A4317,0.07396381922032835
CC_96BC62A4A0AD,0.22058989248368904
CC_96CD75668A6C,0.06492759446675261
CC_96D928252719,0.38701660995607257
CC_96E40BDE9A6C,0.11591236700333576
CC_970116768415,0.23085912479022075
CC_970E94875C2B,0.7586708603069711
CC_9721C8A61D80,0.07171548045728278
CC_972313B0F814,0.16999241136719084
CC_972FD8FFFF63,0.5358877405049994
CC_97478A77EC17,0.17052663827966613
CC_974D14774BD8,0.060657778198730763
CC_974D86BD39FD,0.04910879263756324
CC_97508465AB76,0.12477100460116028
CC_975689C0CD6E,0.06268089858917808
CC_975967702106,0.04564493351281852
CC_975F3F07ED23,0.05227394944703734
CC_976E0D9A64ED,0.3614691602020206
CC_977145B2B363,0.3943372709591156
CC_9772CABFE1D2,0.7934885538741114
CC_9773C1E6AC8B,0.6005971408412999
CC_97832657396B,0.46716778338761367
CC_97963C337FD3,0.47806604192592783
CC_97978B581F20,0.1664653135755012
CC_97A9ECF23955,0.23791257889899095
CC_97ACD6D965F3,0.09327492338531254
CC_97C69AF6E34B,0.7194875092057373
CC_97D0E7256861,0.6686958009682842
CC_97DEBFBE2BDE,0.2607800473960182
CC_97ED469F2950,0.12108648527317734
CC_97EE84ABA6BF,0.3202455934829001
CC_9801B22BF375,0.11443919717081079
CC_9803B6D4D780,0.2726028910649577
CC_980E90C8A301,0.1042722005669269
CC_9814B3D08A69,0.07890565797015812
CC_9821BD45BB0D,0.16543262092131944
CC_9829FA0350F7,0.034611697427938785
CC_982CAA309A38,0.18351617207046284
CC_98346EBF382E,0.13889283605566088
CC_986698CCC6AA,0.14770153100950933
CC_988FC580CD50,0.12620947566076293
CC_989795BA3DD2,0.05875326266671513
CC_9897A1DFE807,0.0859886884891447
CC_98A2C8F4E956,0.07707195934720233
CC_98A3E6CDC707,0.1104048367367601
CC_98CE15EE1565,0.05750818568966775
CC_98D036D16215,0.0604518864336082
CC_98D09B14EE3D,0.4104535789967257
CC_98DB782DF852,0.05338981206844699
CC_98E2EA67BC97,0.07347699608672854
CC_98E6E7CF74AF,0.07882423465780906
CC_98EEEB2A83DF,0.6112134807100926
CC_98F3D3194788,0.12052486444836313
CC_98F8A8CF4F9C,0.3319853593891159
CC_98F91BAB57EE,0.16409638224870415
CC_98FA377070FB,0.19433857514031805
CC_9900D0479959,0.33252717244372987
CC_99061A735C6D,0.23323980464910307
CC_99093EC1A2C2,0.12972368763658565
CC_99376CA4DC26,0.04573900661399097
CC_993A588895DA,0.12883794756762287
CC_993EE6417CED,0.0836521529042198
CC_99559319913F,0.04253027561393348
CC_9970123DCC41,0.3286090128430563
CC_998BB6848FDE,0.08340323215149212
CC_99958287B2A9,0.5043422743156721
CC_999BAB2D16FA,0.42256041449015586
CC_999C7029261D,0.7462705189984611
CC_99AA61D1896E,0.08465702479351242
CC_99C03E7D99CE,0.050842600316096574
CC_99C62022794F,0.08417039451329927
CC_99D46BE6593A,0.16881481518808433
CC_99D5A5371B39,0.16444176302341262
CC_99D79709AD9F,0.7601132026132198
CC_99D7DDAA460A,0.17059537207692677
CC_99FC44B3C58A,0.11583403522063554
CC_9A02B2A17C07,0.09989682477983738
CC_9A05DE55D408,0.21213276070051912
CC_9A0C42AA09BD,0.37706842633066134
CC_9A2B390551F6,0.04556423116620285
CC_9A2D66206BD1,0.5276838745006016
CC_9A366E181FA0,0.1517138068605342
CC_9A39365FA850,0.6193724828370126
CC_9A42833BA860,0.04117874857885266
CC_9A4911A0140F,0.09036549129184653
CC_9A4FE1E8E0C5,0.4276942201028993
CC_9A51017C734F,0.3470276756675211
CC_9A5DCCD62D0A,0.3695406723285306
CC_9A602F492510,0.18996969242305145
CC_9A66BDD34B89,0.03938734490446297
CC_9A6AB0AB1E67,0.046089671755081475
CC_9A7049ED5656,0.5555385676507077
CC_9A7AF31828E5,0.09105802552976024
CC_9AA750377C6F,0.11754362291044296
CC_9AB359C82202,0.05184449259653198
CC_9AB7BF77EE83,0.7509513511730125
CC_9ACAC8474B9F,0.024273921556077948
CC_9ACCA4FB9101,0.07337153885373196
CC_9AE1529AF9E0,0.1302956116011236
CC_9AEE181F1156,0.2596817035367424
CC_9AFD130D3725,0.10262323452988294
CC_9B09C3353732,0.08220191614974594
CC_9B0D37817EBB,0.08366690369015803
CC_9B290B59155F,0.37716857144396704
CC_9B2D487C64B0,0.0831410985307589
CC_9B3DEC76ABF7,0.07142138993321863
CC_9B4F778D0A6E,0.17879581511809745
CC_9B581A92C2A3,0.3841208861757952
CC_9B5CA8C38414,0.16682977136409355
CC_9B6E82167593,0.1903649629928279
CC_9B6F6B2BCC05,0.3510549437535878
CC_9B7FC3DA1594,0.34415409526573415
CC_9B957DC280F6,0.1583351717660838
CC_9B997DF20042,0.3869044025975943
CC_9B9BC4B83736,0.07878089195168286
CC_9BBE1A16C04A,0.16247424686715625
CC_9BC63F1A568C,0.2592118456334259
CC_9BCB0166227D,0.23293073822612936
CC_9BD3DC96ACC5,0.11767944388252471
CC_9BDC5A0E43C7,0.4221027210004834
CC_9BF9485A3F9D,0.23942970101380234
CC_9BFE93FF2145,0.2609653879800868
CC_9C0470A0536E,0.23146028097742877
CC_9C205AF09E47,0.5493725008342745
CC_9C30DC5C1E46,0.06502022242044145
CC_9C325B6CAD11,0.04100131988449503
CC_9C4A200D0BFB,0.4080114192277014
CC_9C5EAF238007,0.2623048126555556
CC_9C601C6BBD37,0.05710623959973063
CC_9C606C2C92CC,0.061805517854581785
CC_9C6192D3A16B,0.06224784788619311
CC_9C84FB9B1469,0.0668536191333919
CC_9C989433D637,0.27629524825692503
CC_9C9B2FEB4937,0.15824654804476246
CC_9CA7FBE1DD54,0.14755564222264078
CC_9CACA50F80F2,0.18921103571237954
CC_9CB40D552388,0.07129138088320298
CC_9CB8127D17F0,0.03398719408603257
CC_9CB9CE2989CF,0.7094631587362961
CC_9CCE51CD83ED,0.7883400898139328
CC_9CDD2F3D0BE7,0.04705384945841969
CC_9CDEC693AA99,0.39206137804897356
CC_9CE9091AA9A9,0.2404046839604691
CC_9D007C60D29F,0.06538838485980147
CC_9D017774D4FC,0.6677748308510285
CC_9D095EC1F232,0.27552952506223305
CC_9D1A1281C8FB,0.3374849767842837
CC_9D23F42B7996,0.463899826033476
CC_9D2FBC479646,0.6860628973539968
CC_9D363365CAFD,0.0798325623719646
CC_9D44E4543573,0.19735243897641103
CC_9D45F67E3B01,0.0814600675763231
CC_9D535DD207D2,0.08545949562884445
CC_9D53ED53A15A,0.5776869660958904
CC_9D5D97AEE98B,0.5082818650101963
CC_9D5F2A5B6913,0.09461719316922551
CC_9D6BC1C470B0,0.5244167901837462
CC_9D71FBDE765A,0.04657299028335635
CC_9D73939E357F,0.12098271001054235
CC_9D82F401BD88,0.6518869778588628
CC_9D8B4454BE84,0.25536734663220156
CC_9D92537645DB,0.05964686271604422
CC_9D95ADE03ED1,0.2252024711396706
CC_9D98FE7A1809,0.04990807266102341
CC_9D9D59757786,0.07038662549153207
CC_9DAEB38616AC,0.154016165638519
CC_9DD55CC0E928,0.02191586523754763
CC_9DD6B460CDFB,0.2558031014282009
CC_9DD80B5E3729,0.09233242011437796
CC_9DD82B4310AC,0.4406621154975165
CC_9DD9389E8AE0,0.09036675081290654
CC_9DDA8ACEB3D8,0.07869092563804853
CC_9DDCD898D01D,0.1371309382152908
CC_9DDD90B42A27,0.7963510491813692
CC_9DF1807A4316,0.03913424694430744
CC_9DF786FD2620,0.45514055727416775
CC_9DF7B9B3C8F8,0.06994868009732459
CC_9DFF6E2AC586,0.15628001475755465
CC_9E0546BD7BD6,0.14445791537949912
CC_9E0BE8227931,0.09604935353243121
CC_9E1A205BA261,0.4130466229305696
CC_9E2967559B00,0.051583786523535034
CC_9E323A031449,0.7103244676980897
CC_9E377CC03D51,0.05012855714225812
CC_9E3B83584C12,0.166148418534487
CC_9E3D46FF5709,0.5708665337236989
CC_9E4FA91B86A9,0.07874609853846651
CC_9E53534DCD6B,0.1265411298079379
CC_9E73656FC8C0,0.717437075920567
CC_9E7430675033,0.1830763440791433
CC_9E84CACDD7B6,0.3828598634378998
CC_9E84E0E4C5BE,0.29842118036165843
CC_9E9C65275B4C,0.09316081672322563
CC_9E9CB6473D59,0.2564137848768822
CC_9EA4F11BE6C2,0.16840517994195203
CC_9EBE3F26F2FB,0.06553371213151249
CC_9EC23AB6C573,0.34166505801341157
CC_9EC34DDD0E53,0.04609167092617683
CC_9ED8EDFE8C55,0.06468844502411453
CC_9EF352F179D2,0.08207620506286933
CC_9EF505400F8B,0.642696082267187
CC_9EF66D83B743,0.3014003963601332
CC_9F051572BFE4,0.21528915573636015
CC_9F151A782BAC,0.22440290100780919
CC_9F1A5DF4619C,0.3874127375956078
CC_9F1BF78ECD7A,0.08526547797780859
CC_9F263092AD72,0.1589084164289274
CC_9F36EC36A9E6,0.08978989950993065
CC_9F3D52242888,0.192491370918014
CC_9F41F312CDBB,0.31583312917553164
CC_9F425167F9ED,0.17795988900266305
CC_9F6981E0009A,0.2943478428349045
CC_9F706DFE0AE7,0.03107152846239354
CC_9F7B525DD52D,0.3750714902167256
CC_9F8D5A5A9DAC,0.1632575854177977
CC_9F8FAE57E6A8,0.1430067196605356
CC_9FD1AB8E65FE,0.04447782789867662
CC_9FD2689202D5,0.1295619049707618
CC_9FDBB5C2CD09,0.04102736094526975
CC_9FE52BD71CA2,0.1076077547872577
CC_9FE8E62EB24D,0.09490395015086955
CC_9FEA59AEA00C,0.2719298816353218
CC_9FEA77B36A29,0.3813917149200392
CC_9FEE9701D16D,0.2666267692415699
CC_9FF35BA60E6E,0.2819475275640353
CC_A0003F08B22E,0.15876223019969748
CC_A00AE2543224,0.06975067224161402
CC_A02A29DECDC6,0.10701216073104447
CC_A0336C21117C,0.648225727380819
CC_A053B42BBE0B,0.07460782335780228
CC_A0591F16FA37,0.0313318480973756
CC_A05F962C80FF,0.16999426339379067
CC_A07B0549E53F,0.06529094760290244
CC_A09F230CCF5D,0.658619264319742
CC_A0AED6346ECD,0.19297291351799212
CC_A0C4A796643F,0.10397777726260427
CC_A0D6DDFB430F,0.062324743921846684
CC_A0DF672F9C4E,0.1214906384597019
CC_A0E8C7C5558A,0.29664833787864375
CC_A0E9269DF22C,0.48680721620359235
CC_A0F1DB5CB28C,0.1057670252818658
CC_A0F42B26F8F0,0.059306036651919664
CC_A0F8F80EDFB0,0.05993862502585334
CC_A10AD9550E4D,0.027371995174874673
CC_A10EB26E5EE1,0.18771550197196657
CC_A111B065F623,0.07482452365227577
CC_A113D95B4AB2,0.14273429323283832
CC_A1320C0F0129,0.7279183511756016
CC_A1348D850EFD,0.7623028451914318
CC_A13D08B372E8,0.06288252249500229
CC_A143E64BD9D6,0.3712724275982939
CC_A14B0A24DC3C,0.10999468048699594
CC_A15137F25F7C,0.07566786765251167
CC_A152DBEC5BE7,0.05900512843573919
CC_A1591CFF6D81,0.04467078144048672
CC_A168CCB582C6,0.3761634923961128
CC_A17DC38133CE,0.7652319730396018
CC_A185D5EA3DE8,0.6344309500241593
CC_A19C842508E0,0.1412494715605564
CC_A1B648DA406D,0.028639684954394937
CC_A1BF7028CAA8,0.023352823676413184
CC_A1D035FA36E1,0.08032736578531759
CC_A1DD653D41A7,0.09187588668191375
CC_A1E3AD4B934C,0.3032663337087992
CC_A1E58421CE87,0.050833890960570505
CC_A219144EDEFE,0.06131944591754751
CC_A21FCEEBB3C3,0.4321467828663653
CC_A220E4278D79,0.0406180276243674
CC_A2231BDC961C,0.25460235625258854
CC_A234E219EFC7,0.3486251913478889
CC_A239B1BD81FF,0.06431712067385992
CC_A23D8CFFA31F,0.07666076088389764
CC_A23F463F4B4D,0.037427633300886505
CC_A23FFDC4A7A4,0.08650403060960718
CC_A2423E273F84,0.11724442236101555
CC_A2493E6036AD,0.31145741868105603
CC_A25C54470CED,0.09026991438256769
CC_A25FA690BBBC,0.12535078622963153
CC_A2636CF7C075,0.08778533849897771
CC_A26C22870E3D,0.45474804360639415
CC_A26F6A272B3F,0.13196688117695057
CC_A27CDC9BCBAA,0.17343828809203904
CC_A27E5269DA60,0.202183423695711
CC_A28D4A46B6FA,0.10972748691979486
CC_A28EB319030E,0.04758126158450404
CC_A294D3A59462,0.7837843041302519
CC_A29D8034C304,0.06210766697027574
CC_A2A109409963,0.05213992945824035
CC_A2A4FA5F9962,0.11614717838518224
CC_A2A7E30C59D0,0.1502203990328555
CC_A2B5D2D4E269,0.549108922500653
CC_A2BB24180208,0.27603763731550396
CC_A2CF1DFEFE46,0.4980684461010042
CC_A2D6090EA5B8,0.1630356393679616
CC_A300BC40BC9D,0.04483833829141035
CC_A3212501F639,0.19031811483021632
CC_A3278A566572,0.06344226571554462
CC_A327EBE4F783,0.18629528364310194
CC_A32FB6659B01,0.07346078971260103
CC_A33915EE72B6,0.23773232123381458
CC_A33D350BE79E,0.18193695303535104
CC_A3553B8AA8F6,0.10250902119715918
CC_A36EB077BF3C,0.031113098139365233
CC_A3753EB66DEC,0.11844892232489071
CC_A378342AC9BB,0.17100622958946246
CC_A379E9455C60,0.1495571622968527
CC_A387ADBD7249,0.09516639626010809
CC_A39E961FC29F,0.14940568626800033
CC_A39FA1EF0B16,0.26739401362499005
CC_A3A4E39FB04D,0.1686127620178296
CC_A3A751BE68D2,0.03781386618731216
CC_A3ABB3C5E9D5,0.6265598221082481
CC_A3AF9C2C68F1,0.17869152608238884
CC_A3BEA14873AD,0.13418042749111414
CC_A3C2FEE13C37,0.1551518610327342
CC_A3D6435D5F17,0.15779426535372165
CC_A3E3E51AD0E7,0.04928827211878893
CC_A40566694D53,0.2345299124290067
CC_A410C0DC7125,0.0418401275015444
CC_A42168D2B94B,0.0878740009212424
CC_A43CED9AFEF5,0.4563819220318064
CC_A4475A788D13,0.1371716113209396
CC_A44D677C0C07,0.045246502817389844
CC_A44E2673E71E,0.04544839918992023
CC_A44E79A96425,0.3642124411935042
CC_A462CA147DB9,0.11416011300765644
CC_A4660E424386,0.208268144398984
CC_A476C9F116F6,0.15491374252424978
CC_A47C83B6EE2B,0.1500126511515576
CC_A47F8594678C,0.28651043937716436
CC_A48A7592F96A,0.05833699670366152
CC_A49195E659EE,0.06448994052707062
CC_A498A936AD21,0.11932258936149118
CC_A4BE6692361C,0.5885537794362692
CC_A4BF2115580C,0.07931744507421715
CC_A4CACCD14A0E,0.11352301729224373
CC_A4CE57A1AB74,0.06601818540587386
CC_A4DE4F1B5F93,0.21839391170904757
CC_A4E300558DAB,0.05964585213319948
CC_A4E972915D89,0.7500689519291892
CC_A4EEA04CF3D0,0.19709471468832981
CC_A4F400E9A0ED,0.052184133561116904
CC_A4F550D7F95B,0.19634936786806936
CC_A4FB91B1BF31,0.2057353941335293
CC_A500C1ED0A33,0.1890872030118154
CC_A50471962A96,0.6912299361768999
CC_A5161D8AA57D,0.11951312912148085
CC_A519C84307D2,0.08043007745923648
CC_A5277A9BE02B,0.7072787731432568
CC_A53578FCEA71,0.12816272759217515
CC_A54EAD1CCE27,0.15138887692382322
CC_A5512DA239BF,0.14854754647496887
CC_A5545DF298BE,0.07100407344049241
CC_A556EEF3010C,0.4555799496983157
CC_A56756C65136,0.3163456199067033
CC_A5852E06D2D5,0.24880535578092391
CC_A5886994671C,0.1505936020160316
CC_A594D8B41A99,0.05045861415371203
CC_A59C6A6B71C3,0.07330652258391479
CC_A5A06987AF5C,0.20819642695427518
CC_A5A1512FEEFD,0.16319078353451322
CC_A5ACE4284283,0.1524415925308904
CC_A5B10F07BCD5,0.09839768624578674
CC_A5BC9ACDB4CD,0.06966390069153244
CC_A5BF8B260922,0.44389366267896513
CC_A5C52379AE06,0.2753102781859966
CC_A5DD4441568D,0.030480305588474567
CC_A5FE3BE2949D,0.0391663951975497
CC_A60EF94F09C4,0.34222722679232426
CC_A628BE74CB45,0.13870544522741574
CC_A6292E9B43AD,0.060518885072565184
CC_A638610BF8F8,0.1073493963335086
CC_A63BBA86CE9A,0.31495766890303395
CC_A63BDDAC43CB,0.0672937239225025
CC_A6409E37A735,0.14119583241118353
CC_A655EC341406,0.13200762556173612
CC_A6562E47BFC7,0.19536075118402757
CC_A6563A22D668,0.7198019899749648
CC_A6601278C1BD,0.10397666235491683
CC_A683678AC9FC,0.3554488758328409
CC_A6864FE80A94,0.09867534984728105
CC_A69117CC3C24,0.16436083080405695
CC_A69928C7D217,0.1696593831104508
CC_A6A8BAF7124A,0.29125849972905005
CC_A6B7DFC69AAE,0.5778709119285003
CC_A6BB595B55AA,0.05680195194842987
CC_A6C5284C4586,0.0912935229659894
CC_A6CB0D0191D3,0.08473238967038689
CC_A6FA3FA9F0FB,0.11086607720802909
CC_A6FDADD23BD7,0.04460671451359056
CC_A6FE3938F001,0.17611895163997446
CC_A71DB65F0BBA,0.6319185761093367
CC_A730F4964FD4,0.12293924734643386
CC_A73C02C58DDA,0.12497477331681739
CC_A746BC2289C7,0.30342446353821667
CC_A766C3608214,0.12321817178964192
CC_A76F48111A8D,0.14052422671651132
CC_A77AEC8AD2D1,0.023654929204748765
CC_A781174166B3,0.18034198461476528
CC_A79024286DFF,0.06570933811949839
CC_A792720B875E,0.09740838927834919
CC_A7952C2BC5B6,0.08182386114606374
CC_A7954EE1A1C4,0.046718430721113285
CC_A7991E6B3CAD,0.21951789763464769
CC_A7B141DF4AAF,0.060474064349098286
CC_A7BE2CED0B93,0.051347479056897044
CC_A7CF446093DD,0.2612027661285312
CC_A7D1C6692090,0.08064253704889861
CC_A7D6CAB54328,0.4445510828221319
CC_A7D8D1DA4EA6,0.12901987340439428
CC_A8102BA6933F,0.049558007604859254
CC_A81C1EDC5FE0,0.09392301694955138
CC_A82C0FDDC303,0.21859928245079674
CC_A83F92C0CABC,0.15177355010914928
CC_A849B0F60EEC,0.05727160343535968
CC_A852AAB180D7,0.044116233236433655
CC_A8536626873D,0.2163804982434649
CC_A85F953FFD40,0.3435321924865705
CC_A865A3F1E28A,0.6831142679493465
CC_A867253FC73C,0.7331032994474662
CC_A877592FE1AF,0.06070773919823633
CC_A8AE26057851,0.1782943794296798
CC_A8D50530622B,0.13255326758555663
CC_A8D5C834B061,0.7143142235647234
CC_A8DF49EED27D,0.7881990256139683
CC_A8FB53A944AA,0.09182127571488485
CC_A8FF19BCFB18,0.15520860102589934
CC_A9042AA97760,0.06033203251820692
CC_A917D68B7F33,0.04974376864997764
CC_A925B3023F01,0.15259351910244268
CC_A93A49678A0E,0.6909823197707212
CC_A944C14551E0,0.11152847073049818
CC_A949A4D6CFDF,0.02914286900847283
CC_A96085AAACBB,0.3909509874844065
CC_A968E7B519AC,0.559788845747387
CC_A96F61DA3920,0.2722239333165868
CC_A98AA461487F,0.04651261310637504
CC_A98DE37F48B1,0.03283826806823103
CC_A99526CAE7B8,0.0912819060490574
CC_A9997F50D935,0.11961692571488126
CC_A99C3B09B728,0.054343565625406785
CC_A9A0DADE60F5,0.2360704220922309
CC_A9E27E0F8BF7,0.11266478809157558
CC_AA06B8C44B08,0.5939590157902004
CC_AA078692F54D,0.04465448656950406
CC_AA3181148667,0.12081681187327376
CC_AA36C8AD0AD4,0.09544869531540952
CC_AA36F0397FF6,0.09456839177261678
CC_AA3A8989A632,0.6390410839549944
CC_AA4A1B7522D9,0.09779112837603407
CC_AA4AE0378324,0.2215337881996699
CC_AA5E4D5A692F,0.1698120533836066
CC_AA68EABEE4B1,0.08941555797320903
CC_AA6B5A7A5B67,0.08219235041371843
CC_AA6BD423C239,0.39905707401491664
CC_AA7074B42A4C,0.4950079471551622
CC_AA7A7F3159DC,0.09696570527963991
CC_AA7BDEB972E4,0.11454675545670812
CC_AA83426311A1,0.07542391398735873
CC_AA8F7D307212,0.14424036650473876
CC_AA994120654B,0.0775726160609663
CC_AA99CC1D0A77,0.10576006405516325
CC_AA9DF917E958,0.14444373915351624
CC_AA9FC6678135,0.33049673404681557
CC_AAA47EC0D4CE,0.086002013543374
CC_AAD9F600283C,0.10539483343806605
CC_AADF003A3927,0.07027264193213263
CC_AAECFE806C8D,0.23358122799583397
CC_AAF2022B9CD1,0.17747986405004618
CC_AAF445E4CCF4,0.0748702022520716
CC_AAFDCAA5CA06,0.6526586766515707
CC_AB0384E131D8,0.19020972237510786
CC_AB0A4F4A2968,0.222778439432547
CC_AB108580856A,0.08688194865930193
CC_AB10FED15FC0,0.8079419365599427
CC_AB176233A184,0.05577770170986225
CC_AB250982887C,0.11159472814410311
CC_AB25C565EA6F,0.07465920992157381
CC_AB31BDAE74E0,0.24600752930891226
CC_AB38A76F5698,0.36899943023067333
CC_AB38F588BDD4,0.16916490120723462
CC_AB3DB55C9A2E,0.1784721803540788
CC_AB42A7DA8FAE,0.19203888895200916
CC_AB486E8855F7,0.11683490822804293
CC_AB4A79BF0F21,0.04295235495793462
CC_AB7472FE1C8B,0.051889214134426244
CC_AB78F64D1DA0,0.12408780742210244
CC_AB821E2FB031,0.061461999550095715
CC_AB873276D910,0.05179423467778413
CC_AB8CF3C05B61,0.09856141366658808
CC_AB8DD8448ABE,0.315167192969501
CC_AB953366A38C,0.10059369148885951
CC_ABB193697B23,0.6300342784501808
CC_ABB3F0A040BD,0.12862565747247237
CC_ABB618AD3E52,0.22776494706534406
CC_ABC0DA7DAFA5,0.04218360519085606
CC_ABC49E43DF40,0.6258031566937534
CC_ABD89F61734F,0.12069626595619347
CC_ABE04CDC2866,0.5791225305824292
CC_ABE98746DB91,0.5608366242659992
CC_ABFDF22BBD97,0.06380243716374204
CC_AC0498A54CAD,0.22852675610947187
CC_AC1C23EA2767,0.31953121622133074
CC_AC1E028B2A1A,0.10249673123824284
CC_AC255B902EEB,0.16956372895224092
CC_AC44A88F7869,0.064372499767385
CC_AC51CBCACA63,0.11800959746027812
CC_AC723E5F5EFA,0.04343709649212646
CC_AC7994A5FDC4,0.10609656682981608
CC_AC7EFDBCF2E8,0.7253169477788859
CC_AC8A45716CD8,0.13246068007078166
CC_AC8FB78319A0,0.03315440583482479
CC_AC95C517E726,0.1005721929099952
CC_ACA4C6C9316D,0.057649502728060895
CC_ACAD97A186F4,0.08972724609538173
CC_ACC12168D6A9,0.15776710748459474
CC_ACC53294D3A0,0.08733907201931522
CC_ACC6A74A8BEC,0.06632494282394011
CC_ACD94D2B1200,0.0693633669905323
CC_ACD988315902,0.036533091801955436
CC_ACDA59536C9B,0.13366264849018672
CC_ACE5A4081F6E,0.18804075141934962
CC_ACF4F9A2CCFC,0.18924614710887594
CC_AD0D7D212968,0.29794041950009265
CC_AD131D09EB0F,0.12310888072141947
CC_AD13C87CF26E,0.18801262816675215
CC_AD2050A0C79D,0.15759785989990144
CC_AD276D71D3A7,0.2963285557287246
CC_AD2C54521FE4,0.20168994932565898
CC_AD2E59624FEC,0.4002461931429274
CC_AD3A36AF2840,0.2525159752726671
CC_AD3D286D0B68,0.16960326685519908
CC_AD46818E459F,0.6138432984013805
CC_AD4BB2E22EA9,0.20475944669652918
CC_AD4F7F88242F,0.315604443761825
CC_AD58ADCD54CE,0.7004460987459604
CC_AD71619FA389,0.1192890298696381
CC_AD84592B950B,0.07424438463386887
CC_AD9898C0E8D2,0.12437967260728683
CC_ADC70A21D661,0.32124170729003576
CC_ADCF16189AF2,0.22385755681865308
CC_ADD894E6E4F4,0.3473459313216879
CC_ADE899835555,0.1359297892733052
CC_AE0D73A1EE19,0.3784088469462673
CC_AE0F08EA3935,0.18108329311407867
CC_AE23B59E6FC8,0.29666555083490176
CC_AE289E013D60,0.08196929337609075
CC_AE34D3F7F224,0.7276570108593926
CC_AE4069D8B4F6,0.21352566995390032
CC_AE4896E2BE76,0.7156464963713038
CC_AE51DCFE0671,0.07452711251077702
CC_AE69FEA8DA68,0.15338731543545067
CC_AE7C129CC90F,0.22092841630525745
CC_AE7CD49F20AB,0.17056753483660514
CC_AE89526E0335,0.18042380432338984
CC_AE8D62CF30C0,0.09817344771406544
CC_AE8D9CE8D6FE,0.03661824353569971
CC_AEB019CB9065,0.16673392973944126
CC_AED1D50AF584,0.10985004364729495
CC_AEE546316FB0,0.23854860747672532
CC_AEE5FA00FA6C,0.4187979274293229
CC_AEEC765D157B,0.03751796566896205
CC_AEEE44D6C8A4,0.023659151446588495
CC_AF14FF3EF570,0.3168123026123779
CC_AF1C3ACBA6B2,0.1197861588893025
CC_AF1E911C98B6,0.30285396945807386
CC_AF337F410520,0.08328126570025168
CC_AF3C7BC3BA40,0.10123761495016903
CC_AF41E4075C87,0.1754978733856032
CC_AF6B4405276D,0.7093646724583904
CC_AF78FE0BDBEE,0.1044315480248522
CC_AF8238D9082F,0.055886996703885305
CC_AF8CA6EE53C3,0.06472694682700125
CC_AF9AFA7C49A8,0.1029801503578755
CC_AFA1E3D3C685,0.18039787190672452
CC_AFA680030CB4,0.6292621304684559
CC_AFB351270B8B,0.03886326140476812
CC_AFC405AE0029,0.0812283354147043
CC_AFF90422E4FC,0.3792246005538201
CC_AFFBE2744B87,0.7643517895627112
CC_B0043CA53FCE,0.0852054534042805
CC_B01B2BD4EFD7,0.2593410927132367
CC_B01E87EB9940,0.14811283609012527
CC_B0273E66E2A5,0.16685718362167007
CC_B03E98085A9F,0.06663328785702193
CC_B0420D8C42DC,0.5170515552789172
CC_B0497BEB9F6B,0.13754629394895038
CC_B04A5E60B69D,0.08832179101384396
CC_B04D5517A193,0.12276072400900223
CC_B05FF3A960A0,0.2252941797736549
CC_B06A532EC131,0.27619739558031914
CC_B06D33A6761F,0.1386308208669387
CC_B074D4472CE4,0.04572139231487622
CC_B07CE95BCD88,0.31006136073215457
CC_B07D79368225,0.12600363679756366
CC_B07DD1ABABCE,0.7269311021921665
CC_B086C2D77820,0.17668741001467844
CC_B088DE9C9E3B,0.23365908260139273
CC_B0CD7932067B,0.10684880787493571
CC_B0CF90073A5E,0.6463281892023148
CC_B0D397D86639,0.6426094228352195
CC_B0EF4FD19FEA,0.09570361443631714
CC_B0F2F9514AA3,0.08575599832167974
CC_B0F3B79F51C8,0.15262419605573796
CC_B0F4041B1C76,0.02776780232852106
CC_B10FE31C61D5,0.09435201954029787
CC_B114E8F19D65,0.17455161592843718
CC_B117F0E3CAAE,0.150808647145357
CC_B11D58F331A9,0.0378482579816143
CC_B1262188BC41,0.11296340207715116
CC_B12FFB2FF21F,0.08750269031558076
CC_B13253F34A9F,0.03453515113859794
CC_B137E2BBB53B,0.07107203942079682
CC_B13FEA7CDB99,0.07546935423614556
CC_B1481ED21111,0.037007756632540884
CC_B15BE5C9976A,0.23095396199286897
CC_B15EB6933578,0.08472487150856808
CC_B163CCB3BE4D,0.11215277293604026
CC_B16DC354FD71,0.3739297673886334
CC_B1777349EB15,0.16335802131595883
CC_B17C6CE0231F,0.2663831655088157
CC_B17CA8C22E5C,0.1267674279121631
CC_B18F3C9C30E4,0.13830735002402456
CC_B19CD93DDC96,0.05898867642938447
CC_B1A647674B84,0.11062659109523551
CC_B1AEC2E5E33B,0.2536666110347098
CC_B1B5C81AC0A6,0.05953726682819546
CC_B1B932EFD646,0.1520111153297053
CC_B1C3C0B52B88,0.2796425945335046
CC_B1C7216344F3,0.08318909336410076
CC_B1C982DBBD12,0.3241564443440085
CC_B1D81F8197B3,0.33440063221710253
CC_B1DF1DCBDC7E,0.5535026932195075
CC_B1E2C36607CB,0.06728784427633243
CC_B21351C93D8C,0.12568863996319782
CC_B2174860AB11,0.7097059982443921
CC_B235818E6A04,0.21211471030504667
CC_B23CDE30F00B,0.08443396779361828
CC_B23DE4971DF0,0.44378332133589704
CC_B23ECF574D8E,0.05534869432677858
CC_B24C41DDFBDA,0.2276021470426664
CC_B25EC73B9510,0.14561927181579903
CC_B25F69904D0F,0.07405489993070322
CC_B25FB6C11D05,0.6792787978561551
CC_B264F2B92259,0.575044503697661
CC_B26B8FC23F1B,0.05524419336157
CC_B272E29922B5,0.12904972889186395
CC_B27AA8E27BE7,0.11166718394591257
CC_B2A68FD3C236,0.09350220483489044
CC_B2AC50C00979,0.09087348625532007
CC_B2B16D7B821C,0.19951727390619794
CC_B2B32F1511E4,0.1486945472689633
CC_B2C241A93527,0.07354816151127606
CC_B2CB104FED6B,0.6650501469535409
CC_B2D352013F92,0.1104287478726337
CC_B2DF694BAB08,0.10089938473934879
CC_B2E993A9343F,0.20170283789891763
CC_B2EF61C93AB6,0.14459948001939127
CC_B2F94405EA89,0.11822268923794681
CC_B2FC07BF6251,0.04700867132183801
CC_B301A65B4164,0.1081450846440585
CC_B313E3A208A2,0.21219077026341593
CC_B318FF5D976D,0.13925730096506855
CC_B32AEF0A2299,0.05780725019260996
CC_B33BD3C618EA,0.07767469777543545
CC_B348627365A2,0.13105679340763385
CC_B35109450BDD,0.0388042944052493
CC_B3528B870544,0.09327859621205566
CC_B3530E7CF8F5,0.1285803612009132
CC_B35C5B1DB9C1,0.07245666295898862
CC_B35FF59389D4,0.19229037681391997
CC_B3812C6700F2,0.6324643138154645
CC_B38280B483B8,0.1317845606845347
CC_B38B694A18EF,0.4875023967969333
CC_B392BDECD913,0.3431602902318797
CC_B398DF1ABAD4,0.04332118250590797
CC_B39E75E151A1,0.11785093945313158
CC_B39FD0E249E8,0.04497324398148975
CC_B3AA0891CA5E,0.38925429033363734
CC_B3B1C8EBE5C1,0.13348789613605783
CC_B3BBA28E2D39,0.41860957573470753
CC_B3C4DB0303A7,0.10003509868176655
CC_B3D32FE823B2,0.028691349432070044
CC_B3DA429C6C8F,0.08066426197574267
CC_B3DC5786AB0F,0.1931563676151382
CC_B3EA537531A3,0.1580043923686962
CC_B4096D3A38CE,0.03728581437508482
CC_B41EADCCC95F,0.05733226985851176
CC_B421940B9A48,0.6288523018901745
CC_B42B3B83935C,0.8075051538023971
CC_B436B1CA6B2F,0.05710266687784736
CC_B439B06AF274,0.28945433459729875
CC_B4482E7879F4,0.07372641413619566
CC_B4660022C612,0.10764564710615293
CC_B46B899B4A63,0.13740409178876115
CC_B470280A580D,0.13337687262053288
CC_B471D3BF0C72,0.5561285621154479
CC_B4751DEE43CD,0.16781421297891191
CC_B482C254BAA5,0.05239436764225258
CC_B4889D036D3C,0.7168141676352218
CC_B4950F811C90,0.14195756492657363
CC_B49A6DE7A340,0.32852093860263076
CC_B49CD4C13DE8,0.3533384051721641
CC_B4A90370CA96,0.48799616414713587
CC_B4ADE6BC8A10,0.6712841656572652
CC_B4B6F805888C,0.037629305474278056
CC_B4B8F66BF4ED,0.661831874501545
CC_B4C6F80DEE44,0.03192290300319503
CC_B4CCE78C09EE,0.1584836086569924
CC_B4D68D1C1C55,0.17224768757415757
CC_B4DAED63089A,0.1537511927095139
CC_B4DD9841E6FD,0.25123355324714847
CC_B4EF6743DDCF,0.07729687195153784
CC_B4F67F73D097,0.09464406139901296
CC_B50EB15EBA18,0.11318619858518997
CC_B51DCAAF4549,0.1536098754746259
CC_B51DFF8702D0,0.5442567440114879
CC_B520A001BF69,0.09128501358533683
CC_B529919BF24E,0.6468744358625138
CC_B542342650A1,0.08596348817566085
CC_B54A106E91E4,0.049800412007256795
CC_B54CFFC21F2B,0.12835108396339973
CC_B55C134C04A5,0.21182640557051058
CC_B55C2DBF6D3C,0.1992224848539847
CC_B569705352B4,0.10912958648575213
CC_B56E74A967C3,0.057913746208394845
CC_B57519F33EEF,0.049640451923384364
CC_B582E4405D85,0.08619423212942111
CC_B585A11F7BA7,0.12568053197040308
CC_B59726D36AEF,0.19355628211846326
CC_B5995E4F1A21,0.12958220173926502
CC_B5AC2AAF871B,0.7316774150104828
CC_B5AD19125E1B,0.21527317078954097
CC_B5B1E42858AC,0.057488761255137424
CC_B5B7599E8BC6,0.06847602895015989
CC_B5CAE0595637,0.21522930487246691
CC_B5D49843A799,0.34583252410675186
CC_B5DDFC7AEE78,0.1061598189011319
CC_B5E29344F63C,0.1905030056481124
CC_B5EE5AE6378A,0.4991597951513097
CC_B5F2A93AD996,0.09750545180679762
CC_B5F611613A78,0.0673491524673887
CC_B6055039255A,0.7553010481496341
CC_B607B2B0AFB7,0.05692678696985476
CC_B60CFD0F39F9,0.07418940451776118
CC_B620087B1C52,0.4145295263568467
CC_B6203BBBD151,0.10173272310984832
CC_B622662E664A,0.16597504681244635
CC_B62C9A2BC846,0.16244625945103502
CC_B636210548E5,0.36986655210152214
CC_B642C6714501,0.06353805910441773
CC_B64F81B8A263,0.13297929016186866
CC_B65CA581B9BD,0.14509981201028607
CC_B65D1B9B6F67,0.11582262776272881
CC_B661A8FCA431,0.047154046799922016
CC_B66AC40957D6,0.13071682615757257
CC_B672B35D1162,0.7162218228119361
CC_B68379D197F6,0.09680972667398327
CC_B6923D10FDA2,0.14309161245605576
CC_B69CC776BBE6,0.24680631188568913
CC_B69E50D76B29,0.10629275730430748
CC_B69EAA8C296F,0.20966347127788293
CC_B69F7CB8CDA0,0.09757838052109408
CC_B6B4AD157354,0.1594167550101856
CC_B6BD764CB8B9,0.20126631674269288
CC_B6BEC3F4BE91,0.1369999071854565
CC_B6C13F4A610D,0.2989998800829209
CC_B6C1C3B5766B,0.11195604684322594
CC_B6C72241926C,0.14719360773561174
CC_B6CB40E245D7,0.5840915263588834
CC_B6EE58A108C5,0.06772757065542842
CC_B706F631F5BA,0.03680649152278695
CC_B71DC1206985,0.14612740110697894
CC_B72284CED807,0.18644372576235724
CC_B727865A5B5F,0.5936641295928283
CC_B72FD7EFA6BD,0.19284936526160285
CC_B7365B5A3392,0.7649244884087718
CC_B73820D308C9,0.12135147638344465
CC_B743560D847F,0.0955683822635321
CC_B76EF26F7C9A,0.30547078054567867
CC_B7764FC130E8,0.472850804130326
CC_B77B73B95532,0.12270677303641998
CC_B77D6653C7D4,0.03281711591303465
CC_B77DA6B77DEB,0.2723027625833367
CC_B783AE19622D,0.16036548237776527
CC_B78761738CAF,0.01864987398823543
CC_B787BA135B5D,0.3993024509674983
CC_B78B4449EA19,0.12699122198861096
CC_B78B4B7F80B5,0.24706592929393448
CC_B78BEE888CA6,0.07781497572854244
CC_B791FEE1CF37,0.03904275395632534
CC_B79A58AA4441,0.08658730687050689
CC_B79BEC538198,0.11930675733738037
CC_B79DD53178D3,0.07223889700091109
CC_B7A7EFD85149,0.18319013284129582
CC_B7B5F2A15C41,0.12969718271600664
CC_B7BC46A7D4DF,0.10267230125903015
CC_B7CBC65D9AF9,0.5032774714366992
CC_B7D40C5C891F,0.08158481353276709
CC_B7D4337C4797,0.34318428773444626
CC_B7DA04826165,0.3341746515323758
CC_B7DC19DA1440,0.15387977835142624
CC_B829EC622F0D,0.5854418385860984
CC_B82B9C0C7B85,0.6212941357751349
CC_B82C55DEE5E6,0.2962862178879605
CC_B8475B977AD2,0.6803371216974456
CC_B84BD2F4EB01,0.20106028185135866
CC_B86DA7D69F20,0.04537713701629509
CC_B87989F406EB,0.1711569692804434
CC_B88B702183E7,0.03490418958991443
CC_B89B80945ADE,0.20200645139892948
CC_B8A3A44BFE8A,0.4423411197396405
CC_B8A7A6548AE6,0.18905669130624986
CC_B8A8FB83065B,0.16304292681935592
CC_B8AAC20D626E,0.18155323141537527
CC_B8AC99873641,0.06792732245635241
CC_B8C9673B7834,0.08243673609355609
CC_B8D5FEB15CC8,0.07632480472589645
CC_B8DA64A33076,0.568339935760114
CC_B8E912A01706,0.604190510459154
CC_B90869280808,0.1373289880474597
CC_B908EC99951B,0.2567509592545333
CC_B90CBF2A6775,0.05253674224366384
CC_B91080C1ADA5,0.33767083659174224
CC_B918FB42AFD2,0.1715535228219877
CC_B92CA425080F,0.12641590227253874
CC_B937F632B71D,0.1729861689781941
CC_B94477C20476,0.36758303284195193
CC_B9483A5C922C,0.1316111707892915
CC_B954EC1C63B5,0.40319806603411273
CC_B95580F93537,0.04616966482452385
CC_B96086044329,0.06873446563703284
CC_B96EB0A91589,0.23502207700166128
CC_B98357C70A41,0.6336966029448694
CC_B9929A66C2FD,0.6724087559147028
CC_B9BB52E4C529,0.12711572244969638
CC_B9BD45744855,0.7608667252383645
CC_B9BFDE4662AE,0.11509425004685521
CC_B9CEAF324145,0.031166703568172367
CC_B9E89F42B509,0.21514802519979404
CC_B9E8A3887223,0.21206482583146757
CC_B9FC67268C45,0.26910788105090966
CC_B9FE9DFEB3DC,0.0996649567676823
CC_BA041E14DD98,0.0767336113048585
CC_BA0619F54427,0.10602195287091817
CC_BA15072C4EC2,0.24976180860752695
CC_BA183CDC5429,0.81085355820874
CC_BA43646012D2,0.4128703927065771
CC_BA4F7E494E71,0.460378875308837
CC_BA557F75E2DD,0.19220363821337172
CC_BA740903CBDF,0.12838958471664175
CC_BA77722A827A,0.5308234253278439
CC_BA78E47BB021,0.22752539121669507
CC_BA8C427054F4,0.03314154422643628
CC_BAA19F8D2563,0.09126984775715441
CC_BAA1BBFF8C6C,0.29288388828678524
CC_BABA44B5FB12,0.08223065544578706
CC_BAC25BCCEAD2,0.07381612623518678
CC_BAC74D0014D3,0.47820286423394254
CC_BAD99E36CC71,0.24530788404857745
CC_BADE7EB1D16D,0.772451730465959
CC_BAE7410803AC,0.15052571432601847
CC_BAEBBF8054FB,0.12846586202304505
CC_BB054686B6F2,0.04644340204067651
CC_BB05D9DF72BD,0.06264116393833838
CC_BB0D54068D07,0.7984418326318689
CC_BB15DE5E0DA0,0.7282994188281914
CC_BB1A57AA813F,0.14210802282233978
CC_BB1CABE261EB,0.16325805112860303
CC_BB2BC46FCF61,0.2163459539021183
CC_BB2E5437EE04,0.04967864816763124
CC_BB2EF1FF6131,0.08963938844602257
CC_BB2F56C6BF57,0.11057524491664195
CC_BB35CEC5314E,0.10633853804807779
CC_BB39E3597B61,0.03958698773446558
CC_BB3A9EECD51E,0.08742843900031225
CC_BB44CDEE5103,0.19426129747086984
CC_BB458116ABA4,0.34346152470599844
CC_BB5F6936F6FE,0.22416434699372956
CC_BB666F8A551E,0.079847643388098
CC_BB7355E735D2,0.11701112395493607
CC_BB8A2F186D6A,0.04083625150434385
CC_BB9FDED12C65,0.6703245378634098
CC_BBA8C316C8F8,0.07315845311064792
CC_BBADC7DC73EA,0.20142055748713125
CC_BBAEA7980B09,0.4626777429501766
CC_BBBA078A6429,0.7458235146308081
CC_BBBFC3EC2C72,0.38485378003897447
CC_BBD34B3225EE,0.03309455213254614
CC_BBE6C58C59A4,0.4343554797470701
CC_BBEBBE1E226D,0.10545602472814458
CC_BBED56D34D38,0.13217668693254864
CC_BC0244FBDAF6,0.17848571379998043
CC_BC099E880236,0.18625865167591316
CC_BC0F05C89E25,0.11414730777857472
CC_BC1BD06C1085,0.1120091150356628
CC_BC21E8824A34,0.4515139025527657
CC_BC23655B2BF4,0.060143201970726784
CC_BC24F9024F49,0.04721276078982231
CC_BC2A58939715,0.09994416888554145
CC_BC2B90F226E0,0.20841755148748328
CC_BC31382964E4,0.04078544395875208
CC_BC31DA3EAFFF,0.13634781188112033
CC_BC3A6CF6FD16,0.12075646348327802
CC_BC410BDD9ED8,0.2513697185422353
CC_BC458960887E,0.14896526459987133
CC_BC484C329704,0.15234565622691693
CC_BC4D6D6D4553,0.3309230414108313
CC_BC5A59D88AFC,0.08258796958193992
CC_BC736DA19A00,0.16884225080230028
CC_BC7B9D13978F,0.19609754773993332
CC_BC84BF34D69E,0.2780304556334764
CC_BC95D473C9CE,0.17721175121425986
CC_BC96FC9DCFE7,0.11714850558625961
CC_BCA0D6159C23,0.19332216253611828
CC_BCAE73132BA2,0.0775042087706993
CC_BCBBF055366F,0.049828479912683465
CC_BCC94F494979,0.08979926443531352
CC_BCF75F8B9A5D,0.12138645705457711
CC_BD10F4F15094,0.08814976617858976
CC_BD1A2052ACD5,0.8020855180890493
CC_BD217C39702F,0.3743878257301808
CC_BD2A9D4B9FAA,0.24323865419796042
CC_BD3EDD1630E8,0.04490737916349692
CC_BD4AAFE9EFEE,0.059522332008616896
CC_BD59D1252975,0.07987899950301669
CC_BD607BE97C17,0.09413631588637708
CC_BD889F165227,0.10441852592484636
CC_BD900B6BCF65,0.15657572309767473
CC_BD9967660461,0.46101873417200984
CC_BDABB99ADE2A,0.17129394303400602
CC_BDB07C66EDBD,0.49552946931480524
CC_BDB71DAAE50B,0.0989465940827853
CC_BDCB91FACECF,0.12490134212852413
CC_BDE1E398B4E4,0.06159964088140464
CC_BDE8D325637B,0.65339999945663
CC_BDE9E7F390AE,0.09902148291511251
CC_BDECF392D7F9,0.1585675246854345
CC_BDF401C3BBCA,0.13628640646639406
CC_BDF53C42C5BC,0.2229098269769106
CC_BDFE5778530F,0.33926131114740554
CC_BE05EB5976EC,0.7422137217834531
CC_BE08A6D5E76D,0.04645734350976542
CC_BE146CE5BEE6,0.17886542619695656
CC_BE24C1EE877A,0.12432642118053144
CC_BE27E98C4BED,0.0723638508902445
CC_BE32DACBF6C2,0.10461519824433015
CC_BE3F52F9C9EA,0.13246158755515403
CC_BE3FC1024389,0.15805224687927547
CC_BE4595898BF9,0.0965903584040172
CC_BE4F1F53F4B6,0.08602931413491181
CC_BE648663620C,0.17237638664601324
CC_BE6627F3B9EE,0.6883040102509305
CC_BE673F70B591,0.3563122889596487
CC_BE704640727F,0.030674852713672797
CC_BE7295B354DA,0.3606427381698849
CC_BE760A430ACD,0.2033376467396273
CC_BE8A340F3876,0.04627824901308693
CC_BE9CB8845101,0.1898259794187776
CC_BEA12286E57C,0.13705594730973006
CC_BEB24EB997CA,0.10841025267994267
CC_BEB80CCF2ED0,0.05303858041344148
CC_BEB86014B5BF,0.19096871306373986
CC_BEC035C8801A,0.1346040437865727
CC_BEE1B858F0C3,0.3437128914928143
CC_BEE664893442,0.2081379264770419
CC_BEE75A33F038,0.04643502610562267
CC_BEF22728402F,0.6344078557167266
CC_BEF8AB2DF19D,0.39255657629110696
CC_BF03683CC755,0.13242709209419617
CC_BF066CB8F7A0,0.17945949653299187
CC_BF154A9FEE8D,0.1359199180311523
CC_BF17E635C67F,0.10598685525574997
CC_BF196AFA6AE6,0.16291502963958523
CC_BF2012FCFE14,0.19919523027578362
CC_BF3733356D4B,0.44175058058351496
CC_BF376C8D14ED,0.5200702175733721
CC_BF3BF8B9F646,0.106180909869797
CC_BF588A5FF18D,0.6637447801793448
CC_BF7C643B8874,0.03938415883496056
CC_BF8919F14394,0.1458205745599902
CC_BF8B759EE1EF,0.06465976574523391
CC_BF971FA7A950,0.1415123925425448
CC_BFACE960372A,0.11168578644149275
CC_BFBF917EFEB7,0.6358531756437701
CC_BFCAE2959708,0.0442199203256322
CC_BFD80ECB739A,0.22565028634499035
CC_BFDEC7E68821,0.06586116184866411
CC_BFE3AD881F4C,0.05066396014253502
CC_BFE511C0F9F3,0.5646110170823623
CC_BFEE9CF8A6E9,0.08809371425663252
CC_BFF8E82FE4BE,0.14401627461776076
CC_BFF9E8C0FE28,0.5468027977537733
CC_BFFCB2882E26,0.04307842562252071
CC_BFFDCACC1E4F,0.10096723298063509
CC_C003A15648F3,0.09598227217532615
CC_C004160ABB18,0.14056327640142968
CC_C012746F45D6,0.10597176792653697
CC_C033B4EC89DA,0.13912811562216584
CC_C03578357D0D,0.41958588890535187
CC_C040C14F27A0,0.05460137366570285
CC_C0474C48C443,0.14042582656278554
CC_C04A1EF46A13,0.24372631619281257
CC_C067DA2C5F99,0.41871161893168773
CC_C0731DB0CD7F,0.6255956350344927
CC_C07C70AA1AF0,0.13976734902421822
CC_C0877F4DBC62,0.09881296163468002
CC_C0896CE6B4E2,0.08122216742264482
CC_C089B0517E81,0.07282404145034989
CC_C08B9066A5BB,0.19781584584139095
CC_C08DFB22BC71,0.09225472722204568
CC_C0A2108BEC82,0.19329467847505843
CC_C0A6B0787F91,0.1021302758495764
CC_C0B29B279C90,0.10972356687580027
CC_C0B7151247C2,0.10879403218251468
CC_C0BEDCC974E6,0.09265469918513278
CC_C0C6F913C2CB,0.6839266066831321
CC_C0C7EAB055B1,0.18927153541532438
CC_C0CCCF588BEB,0.2500424220429067
CC_C0D65A1BC1DF,0.5743030121869714
CC_C0D6ADDF1E0F,0.07797874661130334
CC_C0E49708EB44,0.21568184883524155
CC_C0F32BA57D17,0.04262671217373315
CC_C1094828B26C,0.31479903487523864
CC_C124E4C094F3,0.24953491425809957
CC_C12ECF48FA03,0.17752294696040755
CC_C12F5F7E5C54,0.10694836938730154
CC_C131509731A1,0.21083697528610346
CC_C14173B64C58,0.18526117297021372
CC_C14A4D39F494,0.37066277382265117
CC_C14DC9106B7E,0.2946969012277146
CC_C1624A910E58,0.03553525074935576
CC_C1645FA6EE7C,0.08942753928311745
CC_C165A26E7C1D,0.7223338568398916
CC_C16824A69631,0.05592198898728666
CC_C177831DEDC2,0.08170525010033011
CC_C1815DD481ED,0.6770692655573505
CC_C18313F97FC1,0.3212777063319565
CC_C18A7BC23071,0.2835524721045135
CC_C1941883C762,0.11649083720129377
CC_C1A0989CDF23,0.02381343342344548
CC_C1A8C99D910A,0.1069155370079657
CC_C1B057BAE0BB,0.27417348190020063
CC_C1B5D9A95708,0.08848676524874563
CC_C1C28181E30E,0.09882271176589942
CC_C1E8CA45E983,0.0954922765326745
CC_C1F4DD05F5FB,0.17860751190306798
CC_C205BAC0D181,0.06659538389116514
CC_C208790016F7,0.07534759333277398
CC_C219E603FD0B,0.06023591621599973
CC_C2323893E922,0.12917430933580204
CC_C236A614F73D,0.12022991433956468
CC_C241491551A8,0.1143792396902516
CC_C247E0377048,0.11803581866849908
CC_C24FBA584039,0.2687705396469273
CC_C25078D044CC,0.1803417038240493
CC_C255BE787955,0.20631089861186036
CC_C25ECB5C5FD8,0.058283146696746745
CC_C276E722FB1B,0.2983167525649941
CC_C279090E1F74,0.7707438752880278
CC_C279CA96D14A,0.13043419199289583
CC_C283330B9999,0.04682033143918539
CC_C289AF57EB24,0.27655453012220577
CC_C29558864857,0.11979265588898239
CC_C29846DE78AC,0.6087693578377664
CC_C2AEE09D92AD,0.1018607849166506
CC_C2BBFB603032,0.35043113543497595
CC_C2C2B2EEBA69,0.04051881451312647
CC_C2D1CBB42952,0.16841844422570348
CC_C2D4587A871F,0.7155148815960389
CC_C2D583F20739,0.35482946184450265
CC_C2D9086A8C67,0.08219329003224969
CC_C2E8FA308586,0.17043670607354566
CC_C2EA104630E3,0.09730431429353106
CC_C30ED2C6265A,0.04940565885055573
CC_C31BA9FD4FFF,0.27637584091554906
CC_C31DC3117984,0.17804040982995745
CC_C33142B2E26E,0.4302980821294172
CC_C340668CE604,0.07576717446427403
CC_C36580241000,0.13607239140746938
CC_C3664AFC710F,0.10461242468422022
CC_C3676D2ADC91,0.2040355040837482
CC_C368AC6AE19C,0.037101956215931646
CC_C38B446B7432,0.19075417505921585
CC_C38BE6D69E61,0.05972539644209678
CC_C38FB634E7B9,0.07110330047816155
CC_C3913A125FC9,0.17088974337770446
CC_C392AC1AABDB,0.13930063386102404
CC_C3A37C3EDCC5,0.3406539531026983
CC_C3A42A96D260,0.23475328861817557
CC_C3CA355F78BC,0.10050200769852792
CC_C3CD972B25E9,0.14043911614052765
CC_C3CE9FCB05EA,0.05036839454885999
CC_C3DA12B31CD5,0.08996505468302177
CC_C3EF46D2CF29,0.17548781599055788
CC_C3F301EAE202,0.1854224838724468
CC_C404C200B723,0.10538459645506529
CC_C40BEE2EAD73,0.25248384093428977
CC_C40CA3E960D9,0.14251190660357288
CC_C40E0EEBA53A,0.1606956448044092
CC_C42183D7A586,0.09198841660104382
CC_C427199DAC5F,0.4604508613463179
CC_C445AEF194CA,0.07724043463145058
CC_C45051D20EC8,0.12830505273981474
CC_C47FCA703A69,0.2967194027963974
CC_C4965C6C6935,0.32812817056023386
CC_C498BD798847,0.04650380331628107
CC_C49A42D1C3CA,0.08802467953586893
CC_C4A2F5B06976,0.059528932470120866
CC_C4B632AEB96F,0.15447628256761853
CC_C4D194378554,0.032297113007065364
CC_C4D90E9CA5E9,0.12256203320806616
CC_C4D941D5A5F9,0.14637574706953466
CC_C4EB2486A9B1,0.2016239650338158
CC_C4EC2923D96F,0.2947915451103498
CC_C4EC9ACAE8C4,0.6899999306761039
CC_C4FB2ECB13DD,0.2760334405461253
CC_C50467EBCC58,0.07932931758954019
CC_C50C5E2A77CA,0.14391098128725843
CC_C50D7FAA75C1,0.04176591453046372
CC_C51FE3F4D2F3,0.17239820272852013
CC_C5234F4713B7,0.07501802817929752
CC_C55110310E14,0.10451636631944007
CC_C563D509181A,0.08488750194616285
CC_C5736F4887D6,0.7560935709041137
CC_C57C4F09442B,0.09455910029613548
CC_C59D2CA55CAD,0.8017689407188533
CC_C5AD04ABF022,0.08751052399123643
CC_C5AF7BF4B951,0.03315285560269335
CC_C5C5FD9FCFE4,0.6600068263370349
CC_C5D9A89022EF,0.21431073523215627
CC_C5E1FA10BD6B,0.16887162702574965
CC_C6039EF0459B,0.15529513843281165
CC_C6133F44EB0E,0.09656281235434994
CC_C637C1142503,0.7671403793059113
CC_C65496C86EAE,0.1268826726557004
CC_C67C2B86A807,0.13544934840368203
CC_C690CF8AF3B4,0.11047803645813166
CC_C69204FFED48,0.3069579120349262
CC_C69DD80E5055,0.10716653949541266
CC_C6AE389CA79C,0.06131034894652006
CC_C6AFA8AF33BB,0.09085400067686081
CC_C6B56B2869A6,0.3744329020048741
CC_C6B61E03B42D,0.2324637591118836
CC_C6C2B357FDF2,0.10486537292911603
CC_C6C4A4A318E4,0.11626560813274814
CC_C6DECDCC7956,0.19047843186072017
CC_C6F134ABD932,0.6259132511059802
CC_C6F24128D8D3,0.17146373738296664
CC_C6F8C5E3D746,0.10992771967782118
CC_C6FB2BDCC78F,0.3788679341519283
CC_C70DBEB08378,0.8104923432404731
CC_C71AAC6F9607,0.1079901932269571
CC_C73D1C53BEC0,0.35440159388045706
CC_C7423B380FD2,0.057425203880641616
CC_C747ABF2B4BC,0.07948191280588432
CC_C74F0C45C093,0.14749731700071
CC_C75307665BCF,0.22813311602081887
CC_C76473DBFF83,0.33103738027239293
CC_C7652C2D1CC7,0.21349395339927046
CC_C77B38900325,0.24608027787388176
CC_C782A94E6754,0.03948406141085731
CC_C786E0FDA098,0.7605082027247161
CC_C794632B3AAC,0.3912817566805572
CC_C795250A7B3F,0.10283501849222998
CC_C79BF5794AD9,0.04451979834966863
CC_C7A2A7BF85C5,0.06125757511857152
CC_C7A2CEDA36CD,0.4895041931031482
CC_C7AAAC514CD0,0.08465705594175538
CC_C7B39AE8206F,0.12965695203431127
CC_C7BA884F8DCA,0.1488037219431941
CC_C7BC592C11DB,0.04569609545118717
CC_C7CB29EBCEE1,0.04235890757808139
CC_C7D2BE35C77A,0.08559738847559124
CC_C7E56C7FFA19,0.16968823584382126
CC_C7ED63E403A8,0.078200171345868
CC_C7EFF4BBEE1E,0.06218245596403992
CC_C7F1C90A261F,0.1499395570216611
CC_C7F38C2DEDFF,0.1792675869173267
CC_C807F881A35F,0.24798543160969516
CC_C808346EF2A7,0.039271955743602434
CC_C822401D05A0,0.13098638326926115
CC_C82D0EB32984,0.09391057327179804
CC_C82DE4520088,0.18510723999409245
CC_C84080607284,0.06790383809215705
CC_C85DEB66D6EC,0.2900300140281448
CC_C8601860B3AB,0.2920442035071267
CC_C86B56E5B000,0.11696803023324528
CC_C874E7D8B96A,0.0644947882428964
CC_C88F02C38654,0.17042232070570384
CC_C895990DF270,0.17183589396268667
CC_C896D6E93110,0.38224835799730833
CC_C8A57920FB6B,0.07902260856921545
CC_C8C2CEAC6750,0.453754481223469
CC_C8CBB38CF4B6,0.4313829926321897
CC_C8DF2AEC8023,0.14508772557037863
CC_C8E24B1925A2,0.18979707925317196
CC_C8E2F0CA5050,0.6743361871764744
CC_C8E875AAFD58,0.25965590399351507
CC_C8EF7366016A,0.06930888415487751
CC_C8F1FB9C56E5,0.09798301565064774
CC_C8F2FF7E6DAF,0.1108775267426222
CC_C916DC82A00B,0.31808811604861487
CC_C91FF308D57A,0.05726422505630967
CC_C9297D88CD26,0.3477845374960787
CC_C932D885E1AA,0.18497037920355947
CC_C947A66A6A34,0.14297052241765104
CC_C953D19C82A6,0.2773220635232556
CC_C960365C1125,0.26052584156492536
CC_C96221203852,0.2557104079372806
CC_C967937FC81A,0.6700037750514213
CC_C97434767545,0.20813971846183377
CC_C974620D4D4F,0.29119430462780016
CC_C9749B07E3CC,0.13062047694080256
CC_C979F86EC4EB,0.05640822023912903
CC_C9882357496D,0.06650750778952275
CC_C98B5F2B994A,0.09598981794509351
CC_C98CA453DC7F,0.12232287206097886
CC_C996515164AF,0.7107434903824239
CC_C9A1B8F512F3,0.42671941996617074
CC_C9E008678B77,0.08260384418145333
CC_C9E89E3728DA,0.2051499382988499
CC_C9EE0357CF4D,0.1777062616280389
CC_C9F15C15BA6A,0.12733109454676614
CC_C9F3BB887EB9,0.18630824859078618
CC_CA0906B9B58E,0.07148056687930046
CC_CA16B9133E4F,0.3091375634721421
CC_CA2524A5C7AF,0.3034604379476824
CC_CA2A17C9CD44,0.45470850709712457
CC_CA32C61E255B,0.10374105854432755
CC_CA37F92A8BC6,0.1344262692976533
CC_CA3C9D0F42A2,0.5831641553011464
CC_CA4669FF2379,0.1110224950862616
CC_CA486E08F176,0.055492620397766396
CC_CA5CF069C36C,0.07441724561475607
CC_CA6AB58D2C8D,0.26043146760363484
CC_CA6EDCBFA9E3,0.18063676096120507
CC_CA6FB58C11F4,0.07115846407717899
CC_CA7902338F91,0.1432334093657004
CC_CA7BE11DCB92,0.12303135335591364
CC_CA87A148C386,0.06980102841667993
CC_CA8E7E45347C,0.15602704351347133
CC_CA9214D0E170,0.15273815227328907
CC_CAA07EABEF71,0.06199746581789348
CC_CABC0190A9BF,0.5301806363795337
CC_CABF171B8582,0.5812843431034669
CC_CAC2F989A2D6,0.21998842051740522
CC_CAC50FF13A43,0.46879953233822946
CC_CAC9C52B6FB8,0.2509195398247148
CC_CAE19DE8446F,0.061762447547579064
CC_CAE5F6D8328C,0.48740704895670117
CC_CAFA0C6DBCEB,0.05847037327627219
CC_CAFE5D6E3E1D,0.11891553357345724
CC_CB02A97FAC1F,0.21038024516396495
CC_CB1155AAC7EB,0.14139883441223125
CC_CB1B2FC5769C,0.17116372617084138
CC_CB1BD3C19303,0.1613467989433884
CC_CB2423DD4809,0.7769374200985029
CC_CB33381406F3,0.6498226953378146
CC_CB3CBA971E97,0.09419954127826202
CC_CB45CB5C940D,0.1875213279943547
CC_CB4A2667F8CE,0.21268358224560452
CC_CB4EA92BE238,0.0575550001604154
CC_CB4EE5CC0B09,0.17032759625449195
CC_CB50BDD92A4D,0.22188685418796328
CC_CB6A55831080,0.06853144129673447
CC_CB6CE149111A,0.13633273192258993
CC_CB6F9DA78019,0.032133336991006255
CC_CB722FAA608D,0.2059925745533588
CC_CBA786C05C1C,0.7432939559643142
CC_CBA9A6206DCB,0.14841266155386498
CC_CBB7AE2847B6,0.19753856057897237
CC_CBB9DDEAC819,0.031430244185616255
CC_CBC30D127BA4,0.08303068530705932
CC_CBE67EF0D3C5,0.47989827830866144
CC_CBEC318365B3,0.38788934113297274
CC_CBED6669EDA7,0.07833711977410762
CC_CBF1B052FA7E,0.07660547843475551
CC_CBFC7EFF2F94,0.13467387786128032
CC_CC27394B5E35,0.07949421076423799
CC_CC2A7B3D7A55,0.14925727779699494
CC_CC34B2523794,0.14448066567791806
CC_CC34E9023873,0.6967470305864228
CC_CC37D81F02A7,0.6403521504482189
CC_CC4822AEDB83,0.6922490384629061
CC_CC5D6CAE5ADB,0.2476753458344482
CC_CC6D27804EF0,0.07160284258780115
CC_CC71D4876B90,0.09890889951203652
CC_CC75EA7F2C8F,0.09337926145518155
CC_CC9214A5C0CF,0.08714059506308555
CC_CCA2B8D2446C,0.4043446117866012
CC_CCAB3E56FD92,0.1769719247814075
CC_CCAF321D46D7,0.028860141891761754
CC_CCB46EA56584,0.20590615198542161
CC_CCB60CB8754C,0.13237451671888695
CC_CCD759553325,0.06204175616366883
CC_CCDC28D49832,0.14838011820385733
CC_CCE55029E621,0.63892640696919
CC_CCEA133D7268,0.4766310969076212
CC_CCED6CEBC3D6,0.4041729292150117
CC_CCEE76415B51,0.3139589977442021
CC_CD1326D52AE1,0.6733084092176072
CC_CD35EEA81CE8,0.29462132841098637
CC_CD373485942B,0.09029138005011962
CC_CD379DD39658,0.29139895208220823
CC_CD37D5CF0EB0,0.17651944072818396
CC_CD380545A7A4,0.0901823041143401
CC_CD3A378249BA,0.22670498725643443
CC_CD415B1C7741,0.040561694869570376
CC_CD4976814F28,0.03913414964521741
CC_CD4F5F1C357B,0.27729423351507
CC_CD54829713AF,0.08175727557313033
CC_CD5E3556D5AB,0.17306239836538076
CC_CD6C797F3C4F,0.06595186867401162
CC_CD7BA8F6C4BD,0.12132034113815102
CC_CD8352F0478D,0.18412759084886324
CC_CD972E578564,0.7796789745697736
CC_CDA1B20179B6,0.1144591296098082
CC_CDA2A36B81B4,0.25575706685240945
CC_CDF6354EC332,0.07028779323689496
CC_CE01E17132E0,0.0333767644990843
CC_CE1280B30475,0.13952398552414874
CC_CE134F878294,0.05632584906596056
CC_CE229894AC00,0.11145311648289549
CC_CE26907B9D30,0.4474842650933131
CC_CE2755B42DAC,0.06954728105927388
CC_CE2BD7F74421,0.2714842653743074
CC_CE3784121355,0.1450985950142793
CC_CE41F9FF509E,0.21754247909758764
CC_CE5AF0E9A157,0.07267885412962714
CC_CE5EA019DCAA,0.0741367169428592
CC_CE6460FE39F6,0.11577199470330463
CC_CE72D1734761,0.6500264973448283
CC_CE7FC560768D,0.352400541745106
CC_CE871DB3950F,0.32094762572287483
CC_CE8D1564C4F1,0.1392121041581288
CC_CE93240526A9,0.29115796588665493
CC_CE980FCAB154,0.29788636953673475
CC_CEA0FAD348F8,0.0833860324686099
CC_CEA369A3451F,0.05810200908359259
CC_CEBA67081418,0.23984877798646886
CC_CEC0C00FE770,0.5441439387675582
CC_CEC3B21D2982,0.4073262821568655
CC_CECEC680F701,0.17448763652116006
CC_CEDB263DB07B,0.03585436370672481
CC_CEDF9C14DC79,0.26652590509008545
CC_CEF23255BE06,0.0571326363728674
CC_CEF8C71C4E8B,0.4019238906876727
CC_CEF91FDD41AE,0.3821219405155693
CC_CF0B68684C3D,0.09143365104800703
CC_CF149865368F,0.09889346370447716
CC_CF2A7A5582C2,0.18514503666578208
CC_CF2B3E37CF2E,0.38524373101542786
CC_CF2F163CE005,0.16802152043152027
CC_CF3C063DF626,0.17171207377916517
CC_CF3E91DB8220,0.28441169519263154
CC_CF3FB5744443,0.7066523143054707
CC_CF4991B8EFE9,0.10035300461359065
CC_CF53FD3AC9AD,0.03391066092939423
CC_CF5A140B279D,0.20072690225934822
CC_CF613A7162B6,0.11677125964410856
CC_CF6A8A460B19,0.10125519665916526
CC_CF792E77A16D,0.049948095483696164
CC_CF7BAF373E0A,0.032946687426047644
CC_CF8B1D0015C4,0.1519280287470055
CC_CF8D0517B79F,0.08088195740802054
CC_CF92037ACA93,0.20647501777004632
CC_CF960A300F40,0.27643210023549974
CC_CF96B6335E6C,0.16512194173926636
CC_CF9880D67A7D,0.18832647968478378
CC_CF9B249283A7,0.7016533092167687
CC_CFABF7407978,0.20290420671773468
CC_CFB2AE99EABF,0.13174452655360824
CC_CFC0BC440771,0.13592087073350118
CC_CFC235739F25,0.574769365662062
CC_CFC6E8954325,0.05752151633943507
CC_CFD37EDB214D,0.22766219569086082
CC_CFD93C04478A,0.5817926238832604
CC_CFE0AA5381FD,0.6015879771237749
CC_CFEB021AA137,0.04963134768519642
CC_CFF6E2A6A3F9,0.30568999958715737
CC_CFFDC4947256,0.17009581765567763
CC_D009368CE434,0.05092892452899678
CC_D02E59E08B02,0.04435336290656166
CC_D03848B7353E,0.051900626015256864
CC_D03A69B1563D,0.14551735089804327
CC_D0576802096E,0.09015523103727847
CC_D0582E0F3440,0.05240059648489431
CC_D059D0BEC5D5,0.3823127550312002
CC_D05C4A8F2A25,0.13389392525628668
CC_D05FBA9B9040,0.7138279097757867
CC_D0653EA71CAD,0.15546448802683038
CC_D076A984B786,0.14549674609815327
CC_D08FC2D99CF5,0.20280816298274973
CC_D09942A02904,0.11033293733932589
CC_D0A8EA2D37F2,0.15237739323853405
CC_D0AAD35C800F,0.12081509374195219
CC_D0D666EC0244,0.08933470912481245
CC_D0F3F68F4452,0.49435956528120306
CC_D0FBDE8ABAA7,0.09739279357330448
CC_D103D50237D9,0.243437492033319
CC_D11E5A30CF3B,0.2675886318407712
CC_D122B30AE7CB,0.5502214601263902
CC_D1679B40D83A,0.0908277195237358
CC_D1760785D631,0.2658683413550017
CC_D18088587757,0.24841381040104593
CC_D184160042B7,0.3203007318548873
CC_D1886485E8B4,0.1478738166391682
CC_D1893DD5B4D4,0.0986786028610776
CC_D18B60E035CE,0.7409358153268744
CC_D191D099789D,0.08262635893234468
CC_D1BDB41E7FF6,0.07948862622274018
CC_D1BE2E6E9C9F,0.1862223801736057
CC_D1BFB29BF61C,0.08148807535661642
CC_D1C259F80E13,0.08957554840150236
CC_D1C63DA9CA93,0.10583406418301657
CC_D1C931E4F305,0.06253309699984541
CC_D1CE25F271BE,0.1512135576831721
CC_D1D2127A0C67,0.05444458704353798
CC_D1D31EA359F4,0.13867516336823943
CC_D1DB888BD9B0,0.1130584989199124
CC_D1E82B9DD102,0.1655507580932488
CC_D1EF68A649AA,0.12780015318739155
CC_D1F05E69F80F,0.05716609187523726
CC_D1F6FE158DCF,0.27205160101148074
CC_D205612FD566,0.6198458825066797
CC_D21474C31E3C,0.6840517691925208
CC_D2195A061A0E,0.6024652052231595
CC_D2199CC1CB08,0.02971407962179308
CC_D21FCD9DFE53,0.5450675728463024
CC_D233B2C8062B,0.4108643399972067
CC_D234CF2C21AE,0.6636729196946082
CC_D2373015DF41,0.04792885950191509
CC_D239CBE1012A,0.11345910603148274
CC_D2591377E980,0.7154794522998282
CC_D25E25C831B5,0.07537136980172093
CC_D262BB13DAAF,0.2848644039488374
CC_D272BC699F38,0.06110430047973546
CC_D2813C835750,0.7673859103973509
CC_D285B0D67016,0.025141074343506018
CC_D28FB525E310,0.26543445494403295
CC_D2AFEE04E96F,0.035902381600340295
CC_D2BBAA423304,0.21915935495115219
CC_D2BE8B4011D7,0.05613885733793765
CC_D2C49D2FEBF8,0.19398526011763695
CC_D2D09498D333,0.15606487702203553
CC_D2D187DA334A,0.12310751205781711
CC_D2D47A5386CE,0.2709823446999816
CC_D2E98F50621A,0.03895908454655661
CC_D2F265035F0A,0.04597988522156052
CC_D2F91355C6D0,0.15938103278195265
CC_D2FC934F8324,0.1426928346595886
CC_D3044C67CFFB,0.05135638141170265
CC_D313F2C49E46,0.3249759564950374
CC_D31FFB053D60,0.11631645864785582
CC_D336DB6323BB,0.3134672132520628
CC_D343A7CBA377,0.06366106305294678
CC_D345AF4C4B61,0.1864045708749107
CC_D34FA9410740,0.08652244057428612
CC_D354C5D1665A,0.16619268367923146
CC_D35E96480AF8,0.31649540529019654
CC_D3616386D6D2,0.13582985134216286
CC_D365173E852D,0.7560815879924283
CC_D3683C6CFC5C,0.6378984823773779
CC_D373463038E0,0.05520986021393026
CC_D379CF8E3FAB,0.7245632062284849
CC_D37B4CA7F3D8,0.04683369843294343
CC_D37B5B3CA4BE,0.6845528388538561
CC_D39265D7B6C9,0.05263576192002817
CC_D39E3F732408,0.06598041253633888
CC_D3A7B21165B3,0.3135417996176017
CC_D3A9028A4660,0.045794094033899044
CC_D3A948322BD5,0.6968946978497632
CC_D3B95DB5E6C1,0.2829317899222399
CC_D3C8C5014D5C,0.18522193908428322
CC_D3D80929AF52,0.09429888866412466
CC_D3F25136073A,0.18781213855676138
CC_D4102AD032BE,0.23914611088719234
CC_D416EFCEAD89,0.047395749131525146
CC_D41C5030494A,0.6938837719148045
CC_D42E477596A3,0.05471546640769658
CC_D432C89BADA8,0.12813395682560244
CC_D434638E9569,0.11938706827748664
CC_D4518F98BB77,0.08661245253774677
CC_D452847F2A4C,0.08826206603305539
CC_D454056F92E6,0.24231162732181127
CC_D461FB973AB2,0.8073192381997554
CC_D462250B13D3,0.41125659971106243
CC_D48E686A834A,0.6861625834940881
CC_D48FFD985E51,0.07406391879009946
CC_D49263A1BDF7,0.11830170115955838
CC_D49668C65C33,0.029457478432523047
CC_D49D9C57A849,0.10301303606179418
CC_D4A029A150E4,0.18313891346623057
CC_D4AC998C0BC8,0.705684338882585
CC_D4B02AAFC697,0.13312505432488198
CC_D4BDF0F4FE9E,0.11400532744792101
CC_D4BF2778371B,0.1680943609242161
CC_D4C0F4DB3501,0.173195977378167
CC_D4C6DD8A364F,0.14207298032699567
CC_D4CDE2A1E174,0.1595073925800788
CC_D4E7EE35695B,0.15683742842442971
CC_D4ED652E86DF,0.29486453114883776
CC_D4F844B54B84,0.04010000185569053
CC_D4FA0055DB4A,0.03915178944580308
CC_D4FDCBAFEC74,0.7255999128417288
CC_D517D90E105F,0.09505544534817617
CC_D52B87A01028,0.23244471867899602
CC_D530C3D1DBF8,0.6446688380489898
CC_D5327E41EBA2,0.10231576102212225
CC_D53C8BCA531F,0.08350666448783081
CC_D540C7ABF683,0.6855593726742342
CC_D54105FC1349,0.3582990813210216
CC_D550CE8B9313,0.7380338424172137
CC_D55C5B432387,0.165351793932892
CC_D5646FCC5E14,0.5796800444599709
CC_D56F34613338,0.13002182770803536
CC_D573AF0F1674,0.1095833800146126
CC_D586E2C2B3EF,0.19522447062414067
CC_D589E388CA02,0.0628433789670379
CC_D58EBD954E68,0.3152915913686003
CC_D59AFE884BDD,0.4755874592773533
CC_D5AC596A85E1,0.16579760512762604
CC_D5B99B578573,0.044530751212324055
CC_D5CBF4A4D3B3,0.10293198836311397
CC_D5CE05EAA837,0.21221263533373175
CC_D5D36A6C8DB3,0.07726967836276594
CC_D5D8D545736F,0.08181984897739096
CC_D5ECFAF8C1A3,0.06054473533988851
CC_D605715F737A,0.14595802314249728
CC_D617428B4B0E,0.3797613104829781
CC_D61E8E5C4414,0.14287629703466978
CC_D652B5F05769,0.1783087594686754
CC_D6564D0CB9A8,0.19045421603338863
CC_D66183657419,0.07070135422331716
CC_D66BDD3E1AA7,0.11549444616578734
CC_D66DA331534A,0.09419123223196854
CC_D687A780C0E6,0.04400806993015985
CC_D6AE871A4C9C,0.09349241809914723
CC_D6B7AF1FBDD4,0.5021626919283984
CC_D6B874308353,0.5895349306342649
CC_D6B8F47FE484,0.5073868384724376
CC_D6CB1BFDCEEA,0.11820653430604997
CC_D6D47D7E1C51,0.03857415523444892
CC_D6DE060699C6,0.13522747868349627
CC_D6E06014457F,0.7948856306744028
CC_D6E8E17EA449,0.3225580128769564
CC_D6F216AB1C4A,0.15414122364701346
CC_D6F5E3A51C8A,0.0990863454979749
CC_D6FB3B76D7A0,0.5854681698439883
CC_D6FBCD4BA3DA,0.28384151818249925
CC_D70918916097,0.5268836360676565
CC_D73B1B9B81A5,0.04678455836839403
CC_D73E9E24BB48,0.11839448210432071
CC_D74AA0F20466,0.13391994162807408
CC_D750070C44BB,0.7173502889789698
CC_D7529675CB7D,0.1745957226190103
CC_D75C8CDB510B,0.6514364887078599
CC_D76009C47709,0.29700866038793033
CC_D771775A58F5,0.20060638072165046
CC_D77F9D613EF7,0.18872059279854914
CC_D7999C3EDE22,0.1896590422627843
CC_D79BF1D26499,0.18388954178599856
CC_D79C05885899,0.12063187550416932
CC_D79D4F15D10C,0.03210984509380026
CC_D7A11E3512D2,0.05153393697980573
CC_D7AD7A7279C4,0.1424728793498308
CC_D7B35055AF0D,0.17876145529343498
CC_D7D99409D57E,0.32196804142450475
CC_D7E403181D8F,0.13127270641058614
CC_D808C7BA9399,0.12218419711214833
CC_D80DE8B544F3,0.043899495589727014
CC_D81D19AEFB77,0.03260422613555353
CC_D81F317F6384,0.14007823427552335
CC_D844D9DF962C,0.06522423219929571
CC_D847D978387D,0.040610268459202035
CC_D85C7B85C440,0.2519219669019653
CC_D885591596E7,0.09126286544560312
CC_D887D07BDE23,0.37984769879283314
CC_D88ACC0CFDA5,0.10075013096552764
CC_D88BDD0F510C,0.056019929274991324
CC_D8956424CB37,0.3861442209989644
CC_D8959BB99A7F,0.2726894694599824
CC_D89A9A14B5E8,0.05784284685693603
CC_D8AD01F3CCE7,0.05212796342966481
CC_D8B4122DC296,0.11135798163493472
CC_D8C38B187875,0.7191998614471473
CC_D8E55509595E,0.05343241874840192
CC_D8E6B90C37A3,0.1076325334489929
CC_D8F1AECFCC2F,0.062018721569012815
CC_D8F7672C70D7,0.031378060473361405
CC_D8F7E904E7DF,0.16370822912527203
CC_D8FEF1C99F88,0.6674784346848075
CC_D90761F9E9C9,0.40965088126103955
CC_D90D9D5C8FEB,0.0847904608524026
CC_D912917A4F4E,0.7401042383747582
CC_D91ECE64FD0C,0.10086358274297647
CC_D9325E5695D5,0.044546821728877
CC_D9563654A397,0.1946914636852322
CC_D95766A6C24F,0.10137692509435806
CC_D95939B1BBFA,0.056285946694099864
CC_D96729C38BC9,0.07422045490246074
CC_D9791EFF766C,0.2146927352782779
CC_D97AA7C54F6D,0.10977485934432132
CC_D98BA5CE8EE6,0.49594196234907895
CC_D991DAD5413D,0.15283606769435304
CC_D995C89AA359,0.21442010398384026
CC_D9A54F55AD6A,0.10981925274871251
CC_D9B87A96C353,0.22689247328890838
CC_D9C42B0B6A0C,0.18476606243700724
CC_D9D487E78FAF,0.6707821630162618
CC_D9D744A66B09,0.11413243699776617
CC_D9DA3F6E2E7E,0.16501306751279227
CC_D9E5792258E4,0.07703688485263097
CC_D9E6B9CBEB77,0.05307653043675184
CC_D9F0CDB02AC6,0.13838204391599884
CC_DA0201D1BCF2,0.10497291543699708
CC_DA0500AFE692,0.060827075095534255
CC_DA0E0BD3880D,0.3186167870975698
CC_DA10F53AE655,0.6329029702666376
CC_DA1643A835A2,0.09694433272836674
CC_DA1C5BAB7E35,0.5526070335461833
CC_DA1DC6A6371D,0.2191665497216699
CC_DA1E6B31DD2A,0.6355709811529547
CC_DA1F282809D0,0.034089061709306805
CC_DA226442D919,0.7260691278434592
CC_DA31EC318B1F,0.055832853871751735
CC_DA33597C6459,0.16123287554506055
CC_DA43CFB5CC2F,0.20167501270073013
CC_DA481C72B8A4,0.2641473585381855
CC_DA55447636EB,0.0447988907990695
CC_DA5AE34842E3,0.07559740654566724
CC_DA6880B018AC,0.16185440136760598
CC_DA700A961616,0.1479573835340981
CC_DA7E65F1E6AA,0.07483336244051834
CC_DA80FAA7FE30,0.10509311983751153
CC_DA8DCCC1199D,0.31793928283764517
CC_DA8EA724C1D3,0.41187383805808464
CC_DA8FA65D1924,0.03576913230008381
CC_DA99D1E41C3E,0.05314627060539982
CC_DA9C3BEFD0B3,0.18616809392615108
CC_DAA3B7FE1C62,0.07334324968207857
CC_DAACE4211B34,0.1619054685322287
CC_DAD239E56638,0.7654884936786813
CC_DAD4BC090253,0.07548011345842645
CC_DAEDBA26BA12,0.31645721235658536
CC_DB1EB08EB40E,0.14173388555152583
CC_DB2314ED6960,0.07327300999560937
CC_DB25E05EC5CD,0.4396405354614841
CC_DB3BE0C87882,0.05467132313425024
CC_DB44628BC147,0.1869184698138494
CC_DB562E602BA8,0.11497378899574023
CC_DB61D7F5F8F2,0.6782289014420735
CC_DB6498598C32,0.17511900321569696
CC_DB6B59FB6E30,0.041126188007745444
CC_DB801B947698,0.28234777192279603
CC_DBB8C467FF1D,0.11984654495513217
CC_DBCD21C2C322,0.07456892880782215
CC_DBDB148E45DD,0.09638768324460154
CC_DBDF9BFA7E87,0.08458241284784349
CC_DBF5CD2D854F,0.22683292617856926
CC_DC0077DE6E39,0.18688650230963383
CC_DC23159A1F99,0.06417688883041048
CC_DC2458827FD8,0.2387151603051396
CC_DC2BE35D58AC,0.2431186866737042
CC_DC49C8D3F7EC,0.5397705306634517
CC_DC5DE66826E9,0.11214154318058717
CC_DC6063FC6464,0.07330481457465227
CC_DC771AE1B4BA,0.6652295885375802
CC_DC7DEBC30E17,0.4231448121023337
CC_DC978F3A711F,0.6583468662812948
CC_DCA2140C7BC4,0.19243071132907147
CC_DCA5CE7C9DC3,0.16127724096978516
CC_DCB5798049B2,0.13831803615722166
CC_DCD10C95C942,0.5529468309167392
CC_DCD145E8E729,0.2941751795338268
CC_DCE0BFC03B86,0.04218004386455065
CC_DCE75AE2FB52,0.0630169703386664
CC_DCFCEEF21BA7,0.35433737241975083
CC_DD12A8C462FA,0.05725130860898751
CC_DD14867350AC,0.18770039442920725
CC_DD232BC8881D,0.19330714133914845
CC_DD2473D34D68,0.21644179363893928
CC_DD2B5C4CD318,0.05398092117444641
CC_DD4EC06C3A92,0.25316331033600337
CC_DD5299DA8C1C,0.08386411888082804
CC_DD59BFF18ABC,0.16748183531365587
CC_DD6777E1B05C,0.04896901346512513
CC_DD6EE1501B89,0.08914895478991135
CC_DD78B52AE022,0.12763749199497865
CC_DD7983A07B43,0.6238295772404312
CC_DD80B5CC495F,0.0991112382855893
CC_DD8956B71825,0.6546325118607068
CC_DD8D40E7E2A9,0.09076052456319594
CC_DD9972D0B63E,0.11955177265217405
CC_DDAE70634ED3,0.09644184684707806
CC_DDB4A9FF2B03,0.10026795802515284
CC_DDB68302DA2A,0.1693888268429194
CC_DDB9DEC9C037,0.08709200268799897
CC_DDC610D2B2F0,0.06063158693269276
CC_DDCAEC6BD9F0,0.17854373689909614
CC_DDDF665EBD93,0.2886659334607632
CC_DDE66EBF2157,0.0703175273130297
CC_DDE8B7E9C7F4,0.31450748278268326
CC_DE019FC36D28,0.35706250585529853
CC_DE07076B04D5,0.158747137921542
CC_DE07AECD2361,0.03315639661867142
CC_DE08A4514010,0.5451289832566747
CC_DE093FAC5293,0.44371332842848615
CC_DE17BC1C2324,0.07891210322114665
CC_DE1B13B3E504,0.034582751171098144
CC_DE4264861B73,0.09720665895726908
CC_DE4810B88C51,0.2773770881599287
CC_DE4EE8A16896,0.14597774628489996
CC_DE523A2403BB,0.09563631823916535
CC_DE52860CFBBE,0.2248308438376942
CC_DE593193FB9C,0.17974536734195973
CC_DE5A9B499ED4,0.08534929549854933
CC_DE6AFFA63ABD,0.07708165469900219
CC_DE7CEC14CCD5,0.7173128036274596
CC_DE7D7B5BBB14,0.6439827702254397
CC_DE81AAB7BF48,0.06622752857293096
CC_DE8956D433E2,0.6421867137912104
CC_DE8FB8D1CB71,0.3671944440804888
CC_DE90D07B269D,0.1929416080672967
CC_DE9A62529780,0.14878651366024961
CC_DEA425EA8441,0.12622331787572225
CC_DEBE01582EFF,0.197699917160856
CC_DEBFD4E79A38,0.05971435286219685
CC_DEC97F13CB8C,0.20326050498193218
CC_DECF1507C86D,0.15603361759062728
CC_DED24C8D047A,0.09931147414257688
CC_DEF4AEBD31C8,0.20640196563950686
CC_DF062F698349,0.10572660169813734
CC_DF13D5CB626A,0.10479211864790122
CC_DF15C526CDC5,0.04534677973715707
CC_DF1F6C68F7D2,0.15714040537011942
CC_DF3EB88F509B,0.08715867951941544
CC_DF4E332C886F,0.026127933325764158
CC_DF514171DC30,0.15713680797067714
CC_DF536CEAE5C0,0.051110514672330534
CC_DF5806CC2CFF,0.12786683968954782
CC_DF715690EF20,0.20437948077217202
CC_DF718A37AF15,0.09463434261901658
CC_DF7276DD74AA,0.11165667322558129
CC_DF750B2D6872,0.27880912746355496
CC_DF9FB6670627,0.06283321998399291
CC_DFA65A0125D9,0.04444297234556034
CC_DFAE355359B8,0.18166755615899893
CC_DFEA562F7BCF,0.3200248471930114
CC_DFEDAF0F0D6E,0.040079496415281024
CC_DFF6F74C64B5,0.6726573481708475
CC_DFF87DF16763,0.1116997151785925
CC_E00D8ECE9FA9,0.13865303412951635
CC_E027E36615C0,0.5046985054788387
CC_E02E23CE49A8,0.08376861923899931
CC_E030B3AEBF19,0.14122246475582306
CC_E031A4C862C1,0.17125789965679755
CC_E0339B331F4F,0.10377192297168246
CC_E038981B2FEE,0.12899577933151724
CC_E0463868968B,0.1542472626272896
CC_E05A8621B581,0.3162016861076331
CC_E07FB0312232,0.14198646179789798
CC_E088594E0624,0.24315390094386632
CC_E09AC3B1E534,0.09548658508721744
CC_E0AC29AFCF97,0.18321893863102362
CC_E0BAC6E0D0DA,0.09245579866090042
CC_E0DDDA07F0A1,0.17338462011243846
CC_E0DF45AB72B6,0.21147307659203268
CC_E0E1F8E7379E,0.11695838447339725
CC_E0EF095444A5,0.16923064357456052
CC_E102E4F7F8B4,0.21322624637229626
CC_E109B4CA6A8D,0.1314097196224761
CC_E11470A2D92C,0.4013811753934974
CC_E117B8A6ADC6,0.02928002426836805
CC_E128015073F3,0.07049334009095853
CC_E131D5EB9237,0.19335876080381886
CC_E14A24095E9F,0.10219879568658675
CC_E14CADF89123,0.527249770069121
CC_E16876025011,0.051919239290502885
CC_E16C71C15D04,0.6773932893750192
CC_E16F1BB83653,0.057201173217532965
CC_E17448FB08EF,0.5445887972298419
CC_E17AAACEB07D,0.08560507804739727
CC_E1875522DC57,0.18393217342113977
CC_E18A0734641A,0.10521975589122934
CC_E18A22453843,0.06477778032991123
CC_E1B4E3360C0F,0.17393961454310397
CC_E1B5AE645169,0.05624893855590302
CC_E1B71F6B7DD2,0.3314411750020273
CC_E1D073F693A2,0.3021414030824998
CC_E1EA83C31C66,0.10187570811617508
CC_E1ECAE226485,0.25930720424027887
CC_E1F0C5076481,0.07080812128111032
CC_E1F78CE289D8,0.04012475021772764
CC_E1FBCECE0A54,0.23639155411709814
CC_E1FD46CA26D5,0.09422122956240475
CC_E20E7C7164A6,0.7082794968822412
CC_E211E2698C14,0.03317543135960488
CC_E21B4F587C45,0.13914796478215571
CC_E22A278A1386,0.057558320811992345
CC_E24078C03B7C,0.15255819220553105
CC_E2452737F950,0.14374169007123236
CC_E246119AA09C,0.5899127358774887
CC_E246942C7310,0.078328873370751
CC_E2474A334F3D,0.08949627414721122
CC_E2489637D0E8,0.12760640038633472
CC_E2521AF9C2A2,0.07247214729479937
CC_E253F4AC4762,0.5861510139662387
CC_E257805D0F0A,0.18238489700691934
CC_E25A924EDB70,0.09873606602114923
CC_E25B5D5502AD,0.10502764867044972
CC_E2619E24BEDD,0.689635638615389
CC_E274DAF3C064,0.07663938086205485
CC_E2787CBDFBF1,0.14714683963194417
CC_E28AE2E68BB7,0.6684145137448589
CC_E2C3E272D059,0.23320631814524098
CC_E2D653061523,0.4341273503576307
CC_E2ECDC7D23EE,0.13967446624118818
CC_E2F0E725C3AB,0.06403987971925583
CC_E2F7712CD056,0.19308356714634883
CC_E2FD7FCF0AD5,0.7943002300724644
CC_E308C7DFB2F2,0.1340014235111064
CC_E30B791D5F11,0.2150480740779634
CC_E315F7A94400,0.34842135145592384
CC_E31DAB1E73F5,0.05280690091113754
CC_E32034C97E83,0.22868832731839053
CC_E32DBED5EAC1,0.2563376683275478
CC_E32DDDDEE3CB,0.2198895046684654
CC_E343EC3EB052,0.6682474772248178
CC_E34A04E78D60,0.13120222779699783
CC_E3503B565AD0,0.2765573030640541
CC_E356B05ADD56,0.2040315734464631
CC_E35D02BE6780,0.02059587514407594
CC_E369AAECB2B1,0.4881028860126848
CC_E36ACDB4F96F,0.44217071278739606
CC_E36C7F0E1657,0.8178726247772657
CC_E381FD4674D5,0.03300421123363588
CC_E38E3835121E,0.04451658809488285
CC_E3A70438A0C1,0.2732479616918927
CC_E3B5C76189F3,0.2506077830454012
CC_E3B7B7E57889,0.19032873703264586
CC_E3CCC0D886D9,0.20993789518484468
CC_E3DD8AD10171,0.33006573138000395
CC_E3E230CF20A1,0.20867555110956282
CC_E3E4B2543CCB,0.07260343959747353
CC_E3E5DF01E014,0.174253586646554
CC_E3EB157288A2,0.08630570465529862
CC_E3FBDA203EDF,0.16963625479112335
CC_E404FCA6CB2B,0.686963107348563
CC_E4054F9C8442,0.28300788949735484
CC_E405D808772F,0.03942187312373372
CC_E4137B250609,0.44102174591159493
CC_E41482A7E968,0.05755158078421023
CC_E421FA1874F4,0.1104957115134895
CC_E42C38BBBD04,0.17016454182542953
CC_E42D90BFB285,0.04220809168409545
CC_E42EFC05C891,0.08613513475791532
CC_E430F3C75969,0.10328104733581694
CC_E4576D6B6478,0.11462445249318422
CC_E46B27A13728,0.40353005468573155
CC_E4783FB590D4,0.1785178741366798
CC_E489009C6500,0.15183890695947727
CC_E493CB46177D,0.0916332315540034
CC_E496AFA9B40A,0.343482646012417
CC_E4A2FFE0EE1F,0.11591128210853566
CC_E4C553538385,0.3187009872771125
CC_E4C7B5501ED1,0.1324390641329432
CC_E4C8A5A60F51,0.17890557251078626
CC_E4C94AB69214,0.3892713548815593
CC_E4D75244E8B8,0.1960791541348751
CC_E4D9A8EEDBAE,0.21099024399932803
CC_E4DF787730AA,0.14020066148353338
CC_E4E0DC070132,0.16695046988491202
CC_E4E3C08B7F86,0.05053677502699479
CC_E4FEEB4389C9,0.3181174146223287
CC_E50598344DD9,0.4285353903764285
CC_E50C634A9A18,0.030069052327944105
CC_E5107337FDD7,0.04148530556276251
CC_E511BFCFEC9E,0.6876087421028656
CC_E51318749E09,0.1232551512660601
CC_E53FE6708AD9,0.6900119412144281
CC_E54290FEA34D,0.10705627720298
CC_E54B723C018B,0.03937595815589858
CC_E554618F383B,0.10854624422243812
CC_E557336955A2,0.12402585467083471
CC_E55B48E73651,0.2156362529175334
CC_E55D8DC645B9,0.05550543543197386
CC_E575DA02C575,0.24902007808307325
CC_E576BD98A727,0.21096681911780746
CC_E578DC77656B,0.13169107233131216
CC_E57F3EAFD9A3,0.14424421909558216
CC_E59A01603B7D,0.2975857202421077
CC_E59B2D974CB3,0.17991710874273772
CC_E5A1C44F0F07,0.6049121630650681
CC_E5A8BDF6BFC1,0.17036312241455487
CC_E5B284DA0E5D,0.084854023165461
CC_E5B8363BB378,0.6157528789693624
CC_E5D8BFFA5F88,0.0670723554925797
CC_E5DA04902EFD,0.3338415834792748
CC_E5F53CFC20EC,0.0882512173373101
CC_E5FAECE63C59,0.5446738272762464
CC_E5FB6E872C58,0.08826105164205401
CC_E6045565E7ED,0.08993945464703412
CC_E60845ADC7F1,0.03677218121021067
CC_E61567D6B392,0.11928249277271086
CC_E62174AFA94C,0.1321421970802722
CC_E6247DD14641,0.09283057139824354
CC_E6289A61F0ED,0.07750759217164976
CC_E62E32FB6FBB,0.028338754004362345
CC_E62F6BE942DC,0.2588950730734678
CC_E63E49B128AE,0.08124432164992154
CC_E63F89885A3E,0.7648859392559026
CC_E6466E6A92CB,0.22380051810808335
CC_E64BC95F8B2A,0.8243036175748855
CC_E64C652BBAB2,0.08885499309502198
CC_E659DB355476,0.17549575451551216
CC_E65C8BA5A7CE,0.06255337495449731
CC_E65F39446752,0.3658286964039622
CC_E67395791589,0.1859152480977463
CC_E67622A69EEF,0.08344189272801306
CC_E680830CAEF3,0.05494412600572031
CC_E6823643AC4C,0.664971402558211
CC_E683F33931BB,0.11940294034846116
CC_E68841DEB163,0.07257096085386366
CC_E68B2C33D180,0.14839403402197096
CC_E68EE6EC2618,0.040282306497067176
CC_E69508D3D3F1,0.237036877182306
CC_E698F1348426,0.21226736587842235
CC_E6A178F3709D,0.12227816924299609
CC_E6A4B6E8619C,0.6576134899932151
CC_E6B3887C66BB,0.29835846105732494
CC_E6B6BBBDBEDB,0.3267217711877409
CC_E6DBD0F9DC3B,0.06483536823013307
CC_E6F090F70DDD,0.3614083285947973
CC_E6F2D8CB45C6,0.10734282871636668
CC_E6F8FBEDA2A7,0.07321567324864742
CC_E70854CDFE9C,0.056901457102061404
CC_E71C05F07F85,0.06280510520487928
CC_E72797CABC60,0.08361308547986658
CC_E727C1153226,0.09421248303891283
CC_E73489D828C7,0.1184214472788282
CC_E7355465CE6A,0.07321336402954182
CC_E73CDBC743FF,0.2159934752304684
CC_E74F00E75A4F,0.05931707181562715
CC_E751F7E19192,0.15663030047310936
CC_E7522AD6431A,0.5486376150596982
CC_E7523630D2D9,0.27515567231063487
CC_E767372DD95A,0.5858287381837091
CC_E76C5DFD3BA6,0.1914607767374263
CC_E77326438575,0.21488330134309297
CC_E77E29E11EB1,0.1599643076909071
CC_E78F20B3223F,0.6919459406895028
CC_E79A23E64518,0.10172687426505128
CC_E7AC69AEA182,0.7363130477313569
CC_E7B754CA9668,0.048962246271718385
CC_E7BA60365AE8,0.16738908493370253
CC_E7C95D4A741C,0.06604726883658463
CC_E7D3D728EC5B,0.17956924988145692
CC_E7E4D5F851D3,0.07169509159590709
CC_E7EA49D37B64,0.3591948981198435
CC_E7EF11A24F73,0.7809632321566742
CC_E7F6F9A7EC65,0.08027881634425221
CC_E7FBC7F69DBB,0.2221264311018258
CC_E80B1A55A74D,0.1849747384752144
CC_E824AB0AFDBB,0.20409617606150232
CC_E826DAC92D9D,0.2533968368497879
CC_E83AB7100D06,0.14592070455301762
CC_E83E6D31EC76,0.23871399270626426
CC_E86650461FBE,0.1790012778952024
CC_E868A3754B11,0.8224933079504771
CC_E86A993F7D05,0.08595257268428214
CC_E87992FBEE80,0.6310938153080701
CC_E87B909C4DDD,0.2123796211325062
CC_E8828BA7EE08,0.12756443449510987
CC_E886157F6FBD,0.34607625133867503
CC_E88711C5C98E,0.12172628704748074
CC_E887680BB6CC,0.18997499946218077
CC_E8909BF77D8D,0.10559726097622368
CC_E8A82DA3A246,0.16977338362868585
CC_E8AC7545DBD3,0.08297483132898593
CC_E8BA6B224C3E,0.11151324711840782
CC_E8C6CA45BF72,0.18434425137043192
CC_E8D2E3126A8F,0.6721111189197317
CC_E8E55DAC4FF9,0.04604963893606086
CC_E8EB77AF3F78,0.8251571783834796
CC_E8F2C6905503,0.36318046065014586
CC_E90831F897A9,0.18751267860404178
CC_E90B14D51185,0.5578790156170913
CC_E9188329C9E7,0.08191916937347413
CC_E91E1C0C0C61,0.6177595045873615
CC_E91E9D34C5F3,0.11260238754578573
CC_E91F555DBA96,0.13455804685010925
CC_E932CFF4B4A4,0.24301588888544007
CC_E93643CB34CA,0.16735174424936822
CC_E937CA493910,0.15150287417831426
CC_E9409A50B4BF,0.5394268139626399
CC_E96711AD5512,0.0572451043968949
CC_E96A3E6912B4,0.49830672973182805
CC_E98AEE74B9BC,0.20049257285657124
CC_E992FB78BC2D,0.26410049553965914
CC_E9A3AECEE3A9,0.07130829785159659
CC_E9BDA7766728,0.30309570506216477
CC_E9BF1AFE86C3,0.2061047197220612
CC_E9CA055AD1A3,0.09775845060403782
CC_E9CA0A56E917,0.22217682253574134
CC_E9D3453F53AC,0.6514323196320427
CC_E9D46EFFA839,0.19788170403188088
CC_E9ED872B6037,0.037241227712510365
CC_E9F40C1B559E,0.10781951792012961
CC_EA06928C0AA9,0.25860971263893845
CC_EA0A46F64C80,0.09036946523084241
CC_EA114B15FC04,0.5203314343397385
CC_EA1F3F67BA2E,0.0876894244185789
CC_EA21618614D1,0.6537272853090159
CC_EA26B5A89181,0.19759895280316536
CC_EA26C6C27662,0.18064779399166722
CC_EA3B5AC76649,0.19625262575184982
CC_EA4E669C8528,0.08038507631690095
CC_EA6917E7A5C2,0.6867748014669346
CC_EA8A25862433,0.15023757739050694
CC_EA901D7CA670,0.16335624369708895
CC_EAA2BCE323EE,0.7272985794186706
CC_EAA6D5189190,0.10675099902092522
CC_EAAA8DD7FAAF,0.15010993296136338
CC_EAB7408CCE0E,0.29466602285589655
CC_EABEDB3C4827,0.13444270499669286
CC_EAC6D83D1BFC,0.03356452427402481
CC_EAD7F3E9DAD1,0.06273983523364055
CC_EADC7D8196C2,0.3133703822523869
CC_EAE608E24E29,0.03685125709717211
CC_EB05AD2C7C27,0.031759814603562614
CC_EB1DA337E2D1,0.14113331559309772
CC_EB1F425EC937,0.12024623858777314
CC_EB2FE764BF6D,0.12681749934791328
CC_EB55483587DE,0.1088493502562389
CC_EB569B3E2E12,0.6231108978983331
CC_EB57E6E6C96C,0.21760803359315134
CC_EB5A0FE0605C,0.15249739871782014
CC_EB64EC97D01D,0.11864195072573398
CC_EB691249B91A,0.18632129342636453
CC_EB7C50A7D4C1,0.5068904483953881
CC_EB7C52FDBEC3,0.1346725311333971
CC_EB86FED24535,0.2786515216054798
CC_EB89DECC2021,0.10006153141392096
CC_EB999F9D6095,0.1937931837391607
CC_EBA2F85924CE,0.06716922862125714
CC_EBAC5A53FD11,0.09567744143411179
CC_EBB109EF7619,0.18600886203448108
CC_EBBD00C18763,0.040470926343483864
CC_EBCA68C7854D,0.07032353377969512
CC_EBCBDE122879,0.15480079104710165
CC_EBDF6C88BBA5,0.06621601415969255
CC_EBEDAC91ED43,0.10179370432326365
CC_EBEEC4183FDE,0.045916661659250485
CC_EBFD9D007253,0.4739718868780572
CC_EC1ABC58E09A,0.17180416333742005
CC_EC26EABA68DC,0.7892751441815556
CC_EC2A485A3E71,0.17786810424908236
CC_EC3B9E2FE47B,0.09342559771432478
CC_EC505F03EE5F,0.030330022658597303
CC_EC5317EC6706,0.19136460044372894
CC_EC5B7FBD1EA7,0.14511977819251268
CC_EC5C7471FFC5,0.05240494755454093
CC_EC5D92B3617B,0.20790793676581457
CC_EC5E214BFED0,0.6635126110325817
CC_EC6406527201,0.10764874547978681
CC_EC79022358C6,0.33199921935217325
CC_EC831A90189F,0.09814786472372221
CC_EC87C131FADC,0.058858237015219056
CC_EC88785D6F39,0.20123238322516201
CC_EC9173F5284E,0.036497108961149674
CC_ECB7B3B6272E,0.05852157454163085
CC_ECBF4CED56D1,0.12213848786503886
CC_ECBF80B94EAE,0.7767619444926298
CC_ECC78B7AE3F1,0.607021276294274
CC_ECC7E9E691F5,0.17100086196144465
CC_ECC9235F612E,0.2555629065058174
CC_ECCB0BD557DC,0.17222893759351623
CC_ECCCB1B4EA8F,0.09164610676214054
CC_ECDDF4983DD9,0.04694662571947191
CC_ECEE93C4F564,0.5869413459617617
CC_ED07BD8B2CB3,0.05465719652038873
CC_ED0F4A02A01C,0.24202971164487752
CC_ED11D72A1D3B,0.06693285988662792
CC_ED165FC5A06F,0.051090467236342335
CC_ED2B6A40ABC7,0.2796247516224868
CC_ED390F22A931,0.09443808733507783
CC_ED40E7CE5177,0.19779125905257267
CC_ED4E4B13DB1A,0.043532077792397754
CC_ED4F22572419,0.1548258666238792
CC_ED5AE5CB1DC5,0.0632798973863671
CC_ED6090A4E6E4,0.2317508164794566
CC_ED645D91E6A5,0.11180346941748193
CC_ED6B045B6075,0.17487293517141883
CC_ED9313C71C57,0.16216322385572848
CC_ED9BCE7C776F,0.7365294748604772
CC_ED9D4644716C,0.16969063713781385
CC_EDA794402358,0.24904380990043196
CC_EDAADACD4DED,0.1435389025582902
CC_EDBAD2E989FB,0.14009418261994677
CC_EDC98B474E76,0.26649848581297275
CC_EDD1FD49A66A,0.7627684938536414
CC_EDD448008C0C,0.6827973357714883
CC_EDDA3B790095,0.06281649635842615
CC_EDF95BF0E3D6,0.1695138024174916
CC_EE03D7C2BC69,0.07427886606925854
CC_EE0D95184E81,0.04211904725082992
CC_EE0FF690C214,0.42751639550907333
CC_EE2412C352D5,0.0853990283842462
CC_EE2A010019CF,0.05904517767193859
CC_EE2AC730827E,0.05771451569612801
CC_EE3236E6A9FD,0.11473076388346093
CC_EE3759EA49FF,0.16793727637660835
CC_EE38C78AD88B,0.41199795069210554
CC_EE3CE0FD6B77,0.5991717156813372
CC_EE6B7E58FC63,0.04194417455005359
CC_EE6E02464067,0.30799254108914415
CC_EE6E1FA7A753,0.13920394029780736
CC_EE6FCE6C233A,0.20687728412378117
CC_EE88C07B9333,0.09075501746388907
CC_EE9004165810,0.07258499307823159
CC_EE9BD17AD343,0.050871411559930885
CC_EEA608D5A455,0.1553111996651114
CC_EEAFDB1BB486,0.5400234757548086
CC_EEB482736C41,0.22062450045599366
CC_EEBD9DA093E1,0.04472539500134416
CC_EEF23DDD2262,0.12452985846416256
CC_EEFBDC9AD94A,0.0741933533932703
CC_EF05000895F4,0.49681242294551564
CC_EF16B2CE0988,0.37416139239214297
CC_EF1DD3F0CBDF,0.057470235640896976
CC_EF2D82085BB9,0.09717603050863323
CC_EF2DBE79D656,0.24549008062572553
CC_EF3000C48A4C,0.0741939468163843
CC_EF359AF608EA,0.03748752915195443
CC_EF362432D758,0.3499973544030433
CC_EF548B30F1B6,0.21994264437323038
CC_EF5B403DFD7E,0.10018811207213306
CC_EF66DA0DDF9C,0.2632417996818565
CC_EF70BA4AEEC4,0.1615299380193625
CC_EF83DD56FCC5,0.07382698558098161
CC_EF8B642A6F8D,0.0687501833006386
CC_EFA1EB27DA19,0.0394217987778469
CC_EFAE84EA9BDE,0.07499569001286521
CC_EFB26BEA106E,0.35165871064085474
CC_EFBB51CD8502,0.25087736697021223
CC_EFC18E9B3B55,0.11680452356326007
CC_EFC4B0020E2D,0.1343075151605962
CC_EFC9FA5108D9,0.14251463397395644
CC_EFE45D9B9D9C,0.04965021615810518
CC_EFF27FA98DF1,0.06956218288179793
CC_F000DA497736,0.2534439067559216
CC_F00107DE219E,0.6772218210137845
CC_F009FC54A64B,0.764937795316595
CC_F01DF28C6BFF,0.08961855234432403
CC_F037C91F63BF,0.12779058754274725
CC_F03FADA95A03,0.7216132239576101
CC_F05235F3C894,0.10573299291676222
CC_F0649FEBFEB8,0.47285230705475423
CC_F066C78B5C0D,0.137438566903264
CC_F07313626618,0.601484360165307
CC_F0783F6A56F5,0.7658969510080518
CC_F0791523691A,0.148822447177593
CC_F080750455CE,0.060169736544867944
CC_F0809EBB0B51,0.028885369493340217
CC_F08259F86E23,0.17393805515713318
CC_F0929F859702,0.18702949623146323
CC_F0A7203CCA39,0.16790253940226155
CC_F0CD4DD9C63C,0.13213013943773455
CC_F0D29AD328E5,0.15103638692855714
CC_F0D339E5B80C,0.05646581723267993
CC_F0D3BC14FA77,0.08117126858161415
CC_F0E16D28D49D,0.16257153035277289
CC_F0EBE2C00A7B,0.054884276047350466
CC_F0F137758DC2,0.05719325021447555
CC_F0F6BD40CA43,0.3077109954411463
CC_F0F6FCF6010F,0.17350061738587816
CC_F0FBC9D4ECA1,0.030005747824628472
CC_F0FEE924096C,0.2781213166618981
CC_F1074E035DE6,0.048826759683300094
CC_F108D26930FF,0.3925058229040079
CC_F10DB853B9DF,0.4203594144078264
CC_F10E06D52D76,0.13224442576694873
CC_F11F5F477B91,0.6152156697538181
CC_F14913B5BE1B,0.7463786636288009
CC_F156C1647E3D,0.07473115007974597
CC_F1598097E314,0.6841063133334504
CC_F1641E3AAB3C,0.05155088894757574
CC_F166878FB959,0.05505153551563984
CC_F17540FE7C9F,0.12341908664381693
CC_F175BB08B29E,0.049394503318981806
CC_F1782AF286D0,0.3787809320751835
CC_F1796AD4B774,0.5582076282122359
CC_F17B3A3A5E56,0.6346469278720153
CC_F1858D6F0080,0.1506505309728334
CC_F18689FA8E29,0.07227679468689244
CC_F18A82B0F153,0.135179957857533
CC_F1AE7142A128,0.10996892035435413
CC_F1B43DD57C9C,0.12308236268260198
CC_F1BCB7676492,0.07964665075251895
CC_F1C8B8BB90AE,0.12501303083395154
CC_F1E044CD2D75,0.2511568608897954
CC_F1FCB96B5E14,0.2581362375241154
CC_F2067E92A939,0.15213165365348238
CC_F21512554CC9,0.07210025674510477
CC_F243956B7575,0.08691912870780208
CC_F24FBC9FD3F7,0.32253634081829274
CC_F252EB3F208B,0.09925637788180378
CC_F25D793346CA,0.40542517011870394
CC_F25EB1ED5AD9,0.05425176160926483
CC_F265A0AE845F,0.7110814039711759
CC_F274BB4AEBE0,0.05882864160258937
CC_F28BF2185131,0.10501894097684682
CC_F29077E45AF0,0.23341233452060725
CC_F2988560CAB8,0.36516323851520827
CC_F2993AB36C56,0.08244290729727935
CC_F29D6C65779E,0.06356229407072227
CC_F2D2BADD0000,0.06229025487375854
CC_F2E4AEB73D57,0.11033435519793972
CC_F2E630BAF431,0.05037117346914599
CC_F2EFCB40AE74,0.16673660084078062
CC_F2F085891915,0.7068946354033393
CC_F3030E2C80A0,0.20856342373226822
CC_F3044C7C16BB,0.06124633911375596
CC_F30B21CB4603,0.10058463156648256
CC_F3140FCE870A,0.08325568160909401
CC_F32A84B321FC,0.19289593544282868
CC_F339FF584607,0.3204649564476609
CC_F33CEE0F6DBE,0.42508927424212956
CC_F33DAF3E9CF0,0.1153280654469547
CC_F34EC3FF202F,0.07781210226696793
CC_F35A6C383B39,0.1762125106093005
CC_F360E0FF27CA,0.06675523337722158
CC_F36B7AEC0086,0.10845693860249847
CC_F370665BECB8,0.5588617342136232
CC_F373A60E53E8,0.032987051146319855
CC_F373BDAE18B2,0.07503311929213693
CC_F3745BC63340,0.0720828883356297
CC_F37DC9169301,0.14416422009990928
CC_F394E57C5243,0.2254283640599702
CC_F39E98FD418D,0.07824561606593355
CC_F39F51452381,0.03787341213837348
CC_F3A52465664E,0.055675057413733214
CC_F3A8CF761A0F,0.22224548395466398
CC_F3BF1709E29A,0.44612035171347864
CC_F3BF72C29211,0.0815947792888111
CC_F3CF35465CF1,0.04336523392034545
CC_F3E2186DBD4F,0.2828063529436061
CC_F3F0F9B9B56E,0.16139891330242465
CC_F3F185395BE1,0.14505970628847242
CC_F3F68E6599E7,0.07069191499993661
CC_F3F7763C9DFE,0.18549058024808668
CC_F3FFF13592CE,0.0653489026478453
CC_F410C3CE89E1,0.17823331678502718
CC_F410C8B811FE,0.06507922012005392
CC_F4132072D78E,0.11825340412495708
CC_F4157B8E5B32,0.5298890761252567
CC_F41CF067E828,0.11150660625646244
CC_F41DC456E539,0.032927826365146295
CC_F41EEF55A0EC,0.044896903862452105
CC_F426B5C1F07D,0.34565449188030595
CC_F437875F9000,0.20969253249469422
CC_F43C961F8A30,0.1398809115900737
CC_F43D9BF23472,0.05333189646091895
CC_F444BE033109,0.14737062778862947
CC_F4481124F17A,0.15681322216254917
CC_F44EAAF80F70,0.14053385051345674
CC_F4521F6D3492,0.5367112936582663
CC_F46BD9AB1B68,0.14152222358062738
CC_F4763AA0B824,0.5272075418471973
CC_F47976F33E20,0.21356079086192162
CC_F47E588D4470,0.18717715615639696
CC_F4A2777912C2,0.12504454984905336
CC_F4A6C2B23685,0.05310076202055411
CC_F4B3EAEEEA8B,0.03806698819885947
CC_F4C6CD1E720C,0.07629622389053478
CC_F4D05DA98C83,0.050946305707043366
CC_F4D15889CDE0,0.14769110355460943
CC_F4DEC1E6173D,0.03395864387036523
CC_F4EFAD6AF8BD,0.29620475425829174
CC_F4F7835A1FA2,0.22608113834494187
CC_F500597795FB,0.1440433494920623
CC_F5197FA9580F,0.6716285902098869
CC_F5240F59146F,0.07512872047637725
CC_F534A0B87C3B,0.15761948254933555
CC_F536972BFE98,0.12984672328769417
CC_F54FDFE5A5C8,0.09187414826915556
CC_F55727F65F86,0.20501626808359763
CC_F558EBDCDD6D,0.130348077636551
CC_F56D569AC51F,0.0955725374319343
CC_F5714D180EE1,0.12376612453156341
CC_F576ED9554AD,0.35410218353391926
CC_F57C2559358E,0.20971779749246205
CC_F5AA72FC0972,0.09524341199241546
CC_F5AE7DEA2B48,0.07040946694211554
CC_F5C6A5E9D495,0.15789092803739746
CC_F5E0731F2181,0.24224189498425003
CC_F5F4F3B03FE8,0.7249899538770543
CC_F604D7B9CBD9,0.18626687762919147
CC_F60F13391D61,0.17075052082289133
CC_F618D72DF162,0.07042309768055627
CC_F620B15ACC5D,0.07488016095960845
CC_F62D426D6614,0.13756071689863525
CC_F634999D5C1D,0.02550999519982371
CC_F636E5BAEE47,0.17353113502006653
CC_F6461B692240,0.7124193689695633
CC_F65BAD63AED0,0.18425526969848627
CC_F65DD2AC57E8,0.2810179223450543
CC_F66C6577674C,0.05411583046174405
CC_F670896FE959,0.17886422217782608
CC_F67376F272EA,0.6876130357673342
CC_F67FFE9E884E,0.29445610748575957
CC_F683C99F06C1,0.1654199090820333
CC_F68523E2CE7A,0.7438677219192613
CC_F68E62F9AA0F,0.026293448110631362
CC_F69604E05962,0.08492615195901773
CC_F6B8913740B3,0.1006369380418031
CC_F6BB4952DD35,0.31992617401651624
CC_F6C0B7AC57B5,0.6091519827813419
CC_F6D2B06E6E8B,0.5885232063849737
CC_F6EB30A84C9F,0.2782160380065937
CC_F70345A4792A,0.11564551866679657
CC_F7068C1F77B3,0.3486363630727263
CC_F70B0EA8C0E7,0.0550216610318745
CC_F71CC97FCE83,0.10765030403230133
CC_F722224A84F4,0.6357004674735229
CC_F72D1046063A,0.22228458552217276
CC_F72DAB32A281,0.049712907791936586
CC_F733AA5C0ED9,0.06404037106140953
CC_F74043C1BBEB,0.06357286364260856
CC_F74A31E36137,0.061933570904844096
CC_F756B167634F,0.1764751511339934
CC_F75CBE8E1B92,0.48816684169043123
CC_F761F7EEAD39,0.14646342340810553
CC_F79303D62FCD,0.07957249371366899
CC_F795134B52E6,0.6348567108501506
CC_F79533E83ECA,0.09581869613120846
CC_F79F9A7ED432,0.7426046306210581
CC_F7B2FC73E020,0.04100666875725153
CC_F7CF24594B20,0.05418984037578205
CC_F7D31937AA89,0.044174741889470015
CC_F7EFD378035D,0.4165586245187081
CC_F8014B1E00D6,0.04084337251825166
CC_F80ADE95A7C8,0.05109690561469284
CC_F82E58E476A9,0.09893320780632547
CC_F82EB123CC19,0.16627759553933258
CC_F83088660331,0.11482926676659291
CC_F83C6DF6A815,0.5768774181796504
CC_F8620C4F7581,0.1621850619891796
CC_F869F4DA5077,0.7568443953714378
CC_F86B1C53EAF4,0.18024345388339053
CC_F87B7F26FF51,0.23741711025172976
CC_F8803D1C899B,0.0504823079176838
CC_F892E51AC9DD,0.04154868384634332
CC_F89C185743F0,0.10701396985798668
CC_F8A4D45C3769,0.09453583773985236
CC_F8AD68EA5A16,0.21028270126584303
CC_F8B4DBD0CE8A,0.3557508212116961
CC_F8F3E551F166,0.2746749111371722
CC_F8F9FE2C9B65,0.2546338307952752
CC_F912A50D0DD1,0.16716910504365165
CC_F91B7C2B1AFD,0.11468601113742052
CC_F925251D4BF0,0.37219966416200645
CC_F925ADD60E7B,0.03652715789048537
CC_F9282C144479,0.0630432421241399
CC_F92EE3287CC8,0.08520179303557646
CC_F93332608FE1,0.17475359325847573
CC_F94070DE3B81,0.05785165352836267
CC_F94C81428D20,0.2051774489308489
CC_F95DFFDA9B12,0.39425577064222783
CC_F96A53B02447,0.6083471859047628
CC_F96A965CDCB0,0.6451416306017094
CC_F9721FEDBE9E,0.19241466534069096
CC_F97C3E145882,0.2607561598606308
CC_F97C64C64052,0.08060187757619676
CC_F98660A07E6A,0.784852764720765
CC_F98BA4B13724,0.07981027786071487
CC_F9A3F3A76B1A,0.14377316262964993
CC_F9A8E2B3A703,0.12738160650374242
CC_F9B3E7E7F2A9,0.41213940028513163
CC_F9D7D0B1E4A8,0.6778842356135397
CC_F9EDA4EDDD44,0.05251445533343145
CC_F9F2176B12FE,0.048988718385276527
CC_F9F90E76CA5B,0.09216986600323271
CC_FA0157249C01,0.11018658693992793
CC_FA169BCA835F,0.06529339284293548
CC_FA19B61BCABB,0.1281041115507668
CC_FA1DD203C293,0.24971570983917346
CC_FA2E30269BC1,0.1893259751264068
CC_FA304CE8E045,0.19772052947791072
CC_FA310759A257,0.6458560372491498
CC_FA32397E7B8C,0.09025641786813444
CC_FA33D97B84D4,0.10012860822921055
CC_FA38991B9434,0.027862117319871055
CC_FA4079FFF1E5,0.21384346663841586
CC_FA716665CD8F,0.07202995597996276
CC_FA770268B207,0.19374341625241692
CC_FA7A2F59245B,0.45488936277400094
CC_FA8205104EBF,0.11978736018794156
CC_FA8370AF8740,0.0508682727420023
CC_FA858F1025FF,0.11836152255924372
CC_FA86320CF6B0,0.04964182791609918
CC_FA8B341CD3EA,0.20135049718954556
CC_FA9057AAF95B,0.09296251545912511
CC_FA97314C666C,0.055339217934976925
CC_FA974C1D91AD,0.36856711532151165
CC_FAA0E5BC9F44,0.6837977484790217
CC_FAA2694D8578,0.27896204878817454
CC_FAAFFC74BC35,0.6647576394855745
CC_FABA6DCF8E45,0.038340987101243826
CC_FABC53294AC1,0.16157493022022346
CC_FAC52B8E66DA,0.11413336043530228
CC_FAD284D8DAC8,0.8247536697547855
CC_FAE70CA5999C,0.12917503370400163
CC_FAF1CCB40132,0.10347432416132747
CC_FAF93D8B3B59,0.06750222075237235
CC_FB09E5481B64,0.09011965627729199
CC_FB150A1F7C3B,0.12835730244676222
CC_FB1808471515,0.38122102430996296
CC_FB296D823CF6,0.07289677708925807
CC_FB301E1FA7FF,0.03078301824553215
CC_FB33C958A19E,0.4183811109242365
CC_FB40D63FC3D3,0.19028447995631653
CC_FB45A1837AD7,0.10318050862534076
CC_FB45B79CED15,0.11004977855462132
CC_FB52260232E3,0.06331660464810679
CC_FB6A0A7B8813,0.2648844840539433
CC_FB6ED10D82D2,0.10186272587517001
CC_FB78DE84AF05,0.03614358986357427
CC_FB8DF8F93E7F,0.17260373638883214
CC_FB8F89048B89,0.08506197036371474
CC_FB9C3E77A49E,0.1204852062858726
CC_FBA40CEAEA18,0.07885791742010775
CC_FBA998938FE5,0.17721131821188651
CC_FBADBAFCD1B3,0.2747558426096295
CC_FBCB85E21ADD,0.1675099520070364
CC_FBCD00EE4402,0.16652937687570818
CC_FBD40DFBA5D5,0.3111689162121365
CC_FBDECF3DACAE,0.23753628855778075
CC_FBE4E2F652EB,0.21486735039671645
CC_FBEA9510C687,0.25843895388847965
CC_FBED1E2E1CC0,0.153311539997461
CC_FBF54E48EB13,0.06274071601861227
CC_FC1E279EF320,0.054695154388948994
CC_FC2E1D460089,0.09870148974418344
CC_FC31CBD20CDF,0.17767499076581583
CC_FC41D8134A1C,0.07125897258757986
CC_FC44D7EF257E,0.048701299430124065
CC_FC4A649BDD07,0.221950134345477
CC_FC51BCDBB6B2,0.1297737531141147
CC_FC57B6E79AAC,0.19450986053132327
CC_FC6AA879D9CF,0.11230632018409126
CC_FC7A926F3A64,0.6337957521808569
CC_FC83CB9C71CD,0.0332347661110654
CC_FC9E6D511294,0.1433552167595008
CC_FCA657E69930,0.40949269765925833
CC_FCB451237214,0.7772705111125031
CC_FCC7E51DF812,0.5769363726716721
CC_FCD42ECC012B,0.0445898527891748
CC_FCE8FAEAAEF1,0.11055874655443423
CC_FCFAE9BE2522,0.42725875275736935
CC_FCFDB5DFE5D4,0.10352938275613355
CC_FD24FC7961A5,0.09299034256453109
CC_FD2793DCB5EF,0.11813262858075263
CC_FD2EEF724088,0.12707742993566656
CC_FD3205367675,0.08479811410883872
CC_FD3A21CDCA7C,0.11900603015559555
CC_FD3C4C2FB68C,0.14942445033328033
CC_FD41687DC1A0,0.16099453616189258
CC_FD44B4E31EFE,0.0989398481991952
CC_FD5721556AB7,0.06418606208351896
CC_FD643C174587,0.3344436873377761
CC_FD6BFA30DD9E,0.2737026565059629
CC_FD7C9DD7F11B,0.13857284918430815
CC_FD7F2D90CF8C,0.05687630215917444
CC_FD8C4F601909,0.04694591663972293
CC_FD90B45AA24E,0.07729844608674531
CC_FD95457772AB,0.05587134043978043
CC_FD9D9B58DB1A,0.20546297272077402
CC_FDA918AEB5D6,0.6298856855274807
CC_FDD4C2065540,0.32728059662507103
CC_FDE57A2C5156,0.17902280590186742
CC_FDE9920975F6,0.2541865148076766
CC_FDEC856F9C6D,0.05899255721700747
CC_FDEED2AA92A3,0.4464337848691545
CC_FDF5607ECC1B,0.04697618312348021
CC_FDFED3D7E70E,0.17675752464150174
CC_FE0324F99784,0.12253057820850691
CC_FE0A18D6570D,0.042255179149201585
CC_FE0DACAC84BC,0.24651660662016528
CC_FE16586C9FAB,0.26494153030663237
CC_FE16FBC86237,0.16027680107762993
CC_FE1C808C4515,0.05789017928837423
CC_FE1E64201B9F,0.10725064508265283
CC_FE33D60E29EB,0.030602664734577244
CC_FE3ACE674BEA,0.15562587421057628
CC_FE468E9AA9D9,0.024860208694584756
CC_FE5AA923C220,0.16507590006342182
CC_FE6C777DDC19,0.0557474079371692
CC_FE6DD8C8EC90,0.24200851213736158
CC_FE7A84AAA8F7,0.11876757634419088
CC_FE7DB6B410A4,0.12318859501785889
CC_FE8691B1F3D9,0.0694430699761586
CC_FE874279A94B,0.07743084859921673
CC_FEA61499305D,0.1882353741749147
CC_FEC22B334AC5,0.15674709551320123
CC_FF045F9508F2,0.18056009081964897
CC_FF0EFF711598,0.24731026792397615
CC_FF12F53D5676,0.04374171848887873
CC_FF13D426EC1C,0.1702182954317489
CC_FF16A7C8600F,0.21672190058098173
CC_FF2236DC115C,0.4472206591930882
CC_FF2725428B6F,0.07741920199363651
CC_FF3176D91690,0.11685692676751505
CC_FF393D295D66,0.045657520566058735
CC_FF4598202C5F,0.6417761582533581
CC_FF463A4B3D04,0.3252863129642764
CC_FF4703F7664E,0.05212330992669231
CC_FF86EC3C0851,0.4770662134762374
CC_FF8A580DD831,0.16100890311197708
CC_FF8BD8697ADE,0.13007076620915153
CC_FFA681A2054A,0.038951147825656424
CC_FFB6B2D2BB2A,0.36572254547658445
CC_FFBFA27643F8,0.1363610469459378
CC_FFC81CC80F9D,0.14833491489889583
CC_FFCC9C0763D4,0.10810144732853738
CC_FFD4E33DC920,0.580682414363123
CC_FFDE11143038,0.06041722747339567
CC_FFEF28047C4F,0.3771353414507348
