client_id,prob_default
CC_0012A082B7B7,0.138158551602242
CC_0012BC27DFB6,0.15549157692729687
CC_001563B2143D,0.1186536409737674
CC_001B46930B6F,0.1045075340678914
CC_001D771E1C9F,0.043579636829217144
CC_0028BD91E759,0.08948104732567164
CC_0029971D7EF4,0.23899383252849893
CC_002B8C00B239,0.033880691325297696
CC_0035DFA86185,0.7506755716654957
CC_0042D11A6D0F,0.062464707896050936
CC_004D21A4ABB6,0.12560054648837232
CC_004EE05FC2EF,0.45796376597078725
CC_0050E546EDCE,0.704511805186968
CC_005D7F31F785,0.054815114619043495
CC_0079996ED779,0.20754036856363242
CC_0082B4E1D9CE,0.0377537656295916
CC_00B01C73CEB8,0.17533947970838765
CC_00B74FFEEA53,0.2071006385177611
CC_00BF6791C18C,0.12230808687305512
CC_00C5E30B288C,0.3191737535069735
CC_00C68CE1CC12,0.3937412769492414
CC_00CC4148959F,0.17911171205408222
CC_00D428772D30,0.4038506893217235
CC_00D5806C7783,0.10107672328197774
CC_00D5C677C2AE,0.5018103116097341
CC_00DA781C4D66,0.07812427442839022
CC_00E7E2D6B548,0.2176129178377386
CC_012BC0A68DC1,0.09070716596552883
CC_014911033882,0.16699330531928552
CC_014F7EF4E595,0.6645110796894419
CC_016501B25F2B,0.042336653111092526
CC_016767D9B049,0.04155630539399056
CC_017598512EA2,0.116634034818273
CC_01941532C804,0.21578537325890768
CC_01A66C6E22FF,0.7812008805217797
CC_01A684355200,0.1682166551710943
CC_01AC62740827,0.10765043981909221
CC_01B0EFE5DB79,0.2984993718535761
CC_01B876B2988F,0.2118190254432615
CC_01CBB64C1DB1,0.3644255185417372
CC_01DBD993A1FC,0.05748969109392155
CC_01DC49D55C2D,0.03218185497949638
CC_01EF18A3ADBC,0.5491681958326851
CC_020252D37557,0.1731256916502526
CC_020BCDBCA8CA,0.33103346788177557
CC_021A6DD97ED4,0.17889339125593007
CC_022054506F33,0.06633004212869797
CC_0225D6231EAA,0.06618975919406402
CC_024B524B0176,0.03289120809728801
CC_0256303A6DC0,0.22390623734216625
CC_02589E6E4714,0.055446778361204166
CC_025927626E10,0.7245783810560054
CC_0283023DB294,0.02949626386723625
CC_02903C6FC0C0,0.19398338972993617
CC_0296E572CF21,0.037899387188995104
CC_02999E509460,0.5947515926710855
CC_029E835D91BB,0.07172617244955831
CC_02A32EC3526B,0.06268819493314594
CC_02A393632CD3,0.2962097526950219
CC_02A3E21B28BC,0.765128570494213
CC_02A4B4644529,0.07927587424019206
CC_02B43865B30E,0.05736854552135754
CC_02B5A1A178A2,0.1649787032690765
CC_02BC4785773C,0.22785755867710492
CC_02BEDD9627DD,0.6920632572009773
CC_02CD2C1EFBB0,0.11379525089912548
CC_02D4430492D3,0.3445824417183617
CC_02F79A06858B,0.10223280179105866
CC_02FA254C9D43,0.036678558315638654
CC_03062402B4EE,0.051437483838492365
CC_03072CF2EC63,0.3613724371930871
CC_0315369B079D,0.09612961401923364
CC_03199242A810,0.14798740358886187
CC_03214BA76DB4,0.20540975061933472
CC_032735A44CC6,0.06832367264281308
CC_0330340F2FE5,0.18756109802800708
CC_033236FAAFDB,0.17660338827705557
CC_0337298F948C,0.03773360853477746
CC_0341CAE5E2E8,0.22434961004709914
CC_03434E2371CD,0.339333673740832
CC_03547AAB948A,0.22574320094091666
CC_0354D0453D8E,0.11383070775194452
CC_03592E51F427,0.7917421019081972
CC_0365DEB525A3,0.0982055617037279
CC_036782052BC9,0.35281184992326925
CC_036977A50F1A,0.14437514668039061
CC_03720D08B8C2,0.2828116019698913
CC_038AE599BCA8,0.33685550762863
CC_039E67CDFE1E,0.2743759640442899
CC_03AC962FC717,0.17788692858275174
CC_03B00DFA3A85,0.7317333661633487
CC_03BC6380E968,0.49254695396736503
CC_03BC730E0B02,0.02448342592293904
CC_03BD4F22DA3D,0.14941944865553236
CC_03C7E1EF6F69,0.7935281832791516
CC_03C9FA383477,0.0960062721247387
CC_03D1AAE90CA6,0.06393034624438354
CC_03DBB9598F39,0.14813558605050398
CC_03F18B43797C,0.08759592699634408
CC_03F80118E46D,0.06341117132542039
CC_0405E0151A6D,0.19132231489964868
CC_041FEE6C805E,0.3478185051135734
CC_042F88EE269B,0.19565518945019905
CC_043D98ED7F98,0.1675087706010868
CC_044C3537B769,0.16113358466635713
CC_045932C46685,0.12033665157284477
CC_04629624AA8D,0.1915256372529136
CC_04690B4A6AF1,0.24768718901833425
CC_046CF40369FB,0.1255863302396752
CC_046D6EC816AB,0.3936474830240325
CC_0475CD95EDC9,0.1166355527252313
CC_04796F06B82B,0.12965377773004838
CC_04AC7C1CE736,0.2985538457524757
CC_04AEDD051B96,0.3180530688360431
CC_04B42AD0E01A,0.3672606967456682
CC_04BBD1DB360C,0.3230307555682007
CC_04C767FFDA0F,0.4951133014269863
CC_04C7B819B9B9,0.08051816927133273
CC_04D127A775DE,0.08167790581596057
CC_04D9ED00053F,0.06037078319592163
CC_04E0EFC4F548,0.3077498185125086
CC_04E6848903E8,0.033524512361220116
CC_04F69D03ECE1,0.2475826042881556
CC_04FA1CFA1DEB,0.20346735425520587
CC_04FA6842AC62,0.029168798163425044
CC_0502F3791166,0.27779097529861324
CC_050B514E15FD,0.15230858877768763
CC_051ADBD6D835,0.10986188474685465
CC_051B4644216C,0.06379812331718399
CC_051C0A644DD3,0.024706841292173466
CC_051CBF566856,0.0419440160207917
CC_051EEA9AE819,0.15900168243434956
CC_0520E27BE904,0.13911984679765077
CC_05224448D290,0.11385575471461473
CC_0525DE4744C0,0.04666724831059728
CC_052F5CD81EFE,0.18214892226671636
CC_05368FAD2E6D,0.06829403407275603
CC_053788B82006,0.09975087477344524
CC_05471A48C6F5,0.16661959878622445
CC_056DBA1A87BA,0.06539404973051151
CC_05901F3E7A0D,0.17896956670708844
CC_05906BC8ED3F,0.13528961567823608
CC_059D55E32C78,0.08361896091959325
CC_05A12EF84A86,0.505424762471255
CC_05A42D035609,0.15468858279229614
CC_05AD75A5CE38,0.04477514319443664
CC_05BBD4B92613,0.5313443411996346
CC_05C8EF6500D7,0.7646952320123639
CC_05DDB7B07497,0.06901444667823806
CC_05ECAE6E0774,0.2300439368067077
CC_05F11F14DF9E,0.3300101394267076
CC_05FA9192590F,0.13137988409614798
CC_05FD764FB154,0.7225172672826028
CC_0608DBB4DF03,0.27185831922431963
CC_06198383F6D4,0.10291763094766328
CC_06199EBE2B05,0.18750484232867182
CC_062A8881A331,0.06773351886708416
CC_062F74350907,0.04282698187912349
CC_0635AD30F004,0.7707196590395147
CC_0639F539946C,0.2830962009277747
CC_063DDB42CF5C,0.06908991714962323
CC_06405C00E240,0.2709381245351736
CC_064920FC9DAC,0.07233561251829448
CC_0650AB329174,0.7793264441742043
CC_066941B109B9,0.18682712509761926
CC_066AA16F5874,0.2835628152026506
CC_06732311FB8B,0.1663739828030959
CC_06780061F889,0.12473700101037691
CC_068A81B06B74,0.46134264862912255
CC_06A1C5FE269B,0.31339708800672844
CC_06AA7138DAF8,0.032577292945151
CC_06C0DD0D066E,0.7397020297505101
CC_06C97CFBD476,0.12488451623111549
CC_06D15F523C05,0.19577034931931475
CC_06D35787AD65,0.03822954537755469
CC_06DA375201A2,0.08429510869487775
CC_06DB455FF19B,0.6724008085358317
CC_06F3674E7313,0.4838648782796133
CC_070232DF9996,0.11406153790081373
CC_07141FA77DBF,0.09342102239031766
CC_0715F11CC8CA,0.21666411104314698
CC_07168A9C843C,0.1925322961353094
CC_072AB9F855DD,0.038225913596204676
CC_07337AF6AC2A,0.1226484979487395
CC_07434E4E5C28,0.0609746929656187
CC_074381358A2C,0.029147367076221627
CC_074E7CA75E8A,0.27191724280252927
CC_075D0C618BAB,0.1939329235581883
CC_075D804F7851,0.08744909472294857
CC_0765961D818F,0.4426740370093267
CC_07698F10563E,0.05277130710258975
CC_0773B9BA9E18,0.3248161460289018
CC_0784ABDA7F8C,0.17733109939903519
CC_0790C9F9EC9C,0.08178052220840012
CC_07A996E6CA6C,0.2653838893712027
CC_07B588ED677A,0.15470150567195762
CC_07B730FD7F82,0.1801451938245897
CC_07BE6961D039,0.0700323008765248
CC_07D23A6BAF5C,0.1321119663341509
CC_07E08196A3DB,0.0538952950178024
CC_07E4850039B3,0.11421498728681123
CC_07FAAF8B2D23,0.039413647196985924
CC_07FB3FD9BE0B,0.10449544749672934
CC_080CB94A724F,0.280145231074118
CC_0837C56711FE,0.08154240312639546
CC_084100A049EE,0.046589379835676556
CC_084113D0951B,0.2934220620193575
CC_0843DDCDD601,0.6475958670625336
CC_0846C14EAAFE,0.061396305510508786
CC_085091ADED2C,0.23156613268370313
CC_087943B4A5D2,0.17431702636989818
CC_08A97B98C405,0.14639512710653918
CC_08AA321BC4AD,0.1748836780866508
CC_08AA44ECBDD5,0.05906584589273865
CC_08AE2EE9D798,0.1928764618606358
CC_08B149462891,0.18365729291662075
CC_08C71A8D2D58,0.048979218602238486
CC_08D645F7B257,0.04206354996790536
CC_08D80BF0B273,0.0513298419255034
CC_08F52B1BE431,0.2706989914587582
CC_0903571AC7E7,0.15728415555877115
CC_090D528C09D0,0.46114976196351404
CC_09106BA6CFC9,0.08949615761600742
CC_0915905A5D48,0.13418392647122085
CC_0918F67CDF01,0.15819835271475685
CC_0925D0B6276C,0.1591193497395722
CC_092A2830E36A,0.7811787057160023
CC_0951489C8F79,0.029041350810645208
CC_0951FA4D5513,0.08975128033735552
CC_095C712064EA,0.09547980736923078
CC_0969AA7BEC71,0.07564573032931773
CC_0974840BED49,0.7717537970808594
CC_097BD371F652,0.0876577878120075
CC_097C8139DBD1,0.05589758439557371
CC_0981CA4DBCE0,0.023876940596916366
CC_09A5D2F129A4,0.2523996863243532
CC_09A9BE38080D,0.09516926098814027
CC_09CDC42E000B,0.16741645578331313
CC_09D8DBAB2A42,0.09992639570877876
CC_09EBB1960580,0.037075890186482385
CC_09EBF206FEE6,0.20976009214940153
CC_09F2AE996181,0.08562279274992984
CC_09F45833F53F,0.16312131462599136
CC_09F4F5C5B4EA,0.7589998275503935
CC_0A04BF4005F8,0.20215562791266295
CC_0A0E563D1060,0.08152694561210624
CC_0A0F781A999D,0.18849956039345167
CC_0A1138C37BC0,0.18233559426921092
CC_0A334A16524B,0.06720513029594588
CC_0A359CD5D73A,0.06615344745849747
CC_0A3E2C273DB5,0.0590473796887777
CC_0A4705B1E08B,0.03983165401537958
CC_0A67EB7C5282,0.15723340552100667
CC_0A6CD64871E5,0.33133693088536975
CC_0A75643FDC7B,0.06180695668513581
CC_0A8066F501AC,0.04133817693991051
CC_0A83017D027D,0.18736995599555994
CC_0A9AB7441D5B,0.32065086814372507
CC_0AAA72FA148E,0.3566919795547582
CC_0AAC488C8AE4,0.45747726945762796
CC_0AC2DB82398C,0.31357935066194276
CC_0ACA2C49A497,0.1381045538159818
CC_0AD4BBEA75ED,0.03126337785293397
CC_0ADCD6553B8C,0.06592978089199261
CC_0ADE56B56C41,0.032396615647099634
CC_0AF4B5B4162F,0.7278183159428401
CC_0AF9BD814AC7,0.10757753258807819
CC_0B083BE0FEA3,0.11596320609862891
CC_0B1384331163,0.0613677662069832
CC_0B216C6AF0F2,0.021991110129874675
CC_0B3465DB0684,0.5838009317685279
CC_0B442B91679E,0.15900932444136137
CC_0B455175F494,0.09555153318848902
CC_0B4C01B4002C,0.22176884008020148
CC_0B544A526D6C,0.06792252007751229
CC_0B5B19AFCD18,0.0651838199839316
CC_0B5BD2D224BF,0.06375293226581777
CC_0B6407C2C9BD,0.15231922121885888
CC_0B73F59991EE,0.09193213911835066
CC_0B7579216681,0.07595128543707756
CC_0B7F3B4B32C1,0.2934700987011387
CC_0B830A67900A,0.14001618598777524
CC_0B84250F96B8,0.2132571312120527
CC_0B92212B8E27,0.2752588580715779
CC_0BB43BC4B3BC,0.11517666420769514
CC_0BB992973640,0.06250615300791401
CC_0BBC41297846,0.11470709067859344
CC_0BDDB468A1E0,0.30765827056310097
CC_0C00A631C2B4,0.07313138423458594
CC_0C011AF6C857,0.3510755598334294
CC_0C0459AB67DE,0.13314898993960184
CC_0C18B07E451D,0.14412976534595923
CC_0C19EB845CA2,0.29319887566701075
CC_0C1A736F37CC,0.08199457165006886
CC_0C335C9D86F7,0.7793538757319687
CC_0C4C24D066E9,0.17888366354370305
CC_0C5499989AF4,0.1743419838962167
CC_0C95548CC1BD,0.16505444136776326
CC_0CA2DE660B41,0.22594746269982335
CC_0CA6D8CFCF2B,0.22922527781061286
CC_0CA9DF9C5C15,0.06368628364944243
CC_0CA9F52C92A8,0.18347968336214476
CC_0CAFB6C41CE7,0.12776299636229718
CC_0CB27D5313F1,0.5871772619008754
CC_0CC9DDDB8B44,0.04387984182697306
CC_0CCA18595BA5,0.27338315338411256
CC_0CD90568D3E6,0.25528157408651353
CC_0CE0D56B0584,0.07343987657980999
CC_0CEA028BF961,0.2694203863809672
CC_0CF67D68AF16,0.34835888461907444
CC_0CFAA0FB0691,0.0642894324028441
CC_0CFFD2785D2D,0.08401958190484471
CC_0D28AF91CE97,0.15753320024970419
CC_0D34E55A580B,0.1275155817259602
CC_0D3663B6524E,0.7525740180674458
CC_0D3C2864ACD2,0.34034019298678536
CC_0D5F4BE8132C,0.15722688072264218
CC_0D6D5ACB0889,0.18916191781060887
CC_0D7BFE8CC0D5,0.12948238394624967
CC_0D8852AAB481,0.2182701774902885
CC_0D97EF394C79,0.41325004966703394
CC_0DA8FDDE6DD0,0.05787359965218019
CC_0DABB89E37CE,0.08541409710046043
CC_0DAF0F2FAA86,0.10285747717737767
CC_0DB9E5F8EDAD,0.08211611434516887
CC_0DBC64F88C05,0.15608411066528968
CC_0DBDF018E822,0.1328871992570574
CC_0DC31A5A1096,0.04770028791021233
CC_0DC3870F23D0,0.036765849906265455
CC_0DD39F5D7C0D,0.06690360408064358
CC_0DDC2C18BBDE,0.04784979745470897
CC_0DE09CAA93E5,0.17273035827335487
CC_0DEA4477FDC1,0.13360870397467084
CC_0DED63EF6639,0.19120338918673813
CC_0DED7DBF26F6,0.27868946344834894
CC_0DF01CD21B9D,0.173737003474086
CC_0DF6A478C01B,0.22103322199323472
CC_0DFE1A3FA5AE,0.16953530230035163
CC_0E07D5FB24B2,0.14355344609065504
CC_0E0CD9F23A5F,0.6982285758242024
CC_0E121FCB1D47,0.06951713789968186
CC_0E1423A4C263,0.19187734572812926
CC_0E16883EE8E6,0.4254598541690778
CC_0E1A2BA1C545,0.21736299423266803
CC_0E2B52BBA69B,0.051901077194783984
CC_0E40BAFC3530,0.1582170662444207
CC_0E48EE235179,0.08001490174416143
CC_0E4FA0FB9797,0.6365793534451967
CC_0E5162F59924,0.7563807787644996
CC_0E5E2FCAC8C2,0.2668239244381967
CC_0E68C2BE2A75,0.14099253383607063
CC_0E6C5A8D8CE4,0.09824764210263107
CC_0E6E9B0E674E,0.09506499530496987
CC_0E746EAD6CE9,0.07018273058184489
CC_0E968E7C22C1,0.30917337170159215
CC_0EA1483F50A9,0.1610384770697011
CC_0EA81362C7D1,0.20161387297058408
CC_0EAE97520873,0.31974913633900404
CC_0EBCF4228FF2,0.5085081232436064
CC_0EBDEFD0BDC2,0.05591827051545335
CC_0EC6AEDA63EC,0.21365854015744434
CC_0ED61DD76795,0.10672799695168181
CC_0EE33B1B71D5,0.139300724613543
CC_0EE7EFF13EBA,0.06186978316466776
CC_0F0F136B0991,0.1419209860318308
CC_0F0FAF218BCB,0.048226871514383596
CC_0F125B48F175,0.07904883516521716
CC_0F292A238627,0.10040714905318962
CC_0F2949A1746E,0.0755300719969392
CC_0F2B71163121,0.08184285429922115
CC_0F393F1DE2EB,0.07584691234651643
CC_0F41B187053C,0.3905271574929035
CC_0F52EDC9D383,0.10851329450288474
CC_0F62C4F36236,0.0991933430564585
CC_0F6A29CE5D45,0.1696451233542598
CC_0F7C0515A6CF,0.14892080846081326
CC_0F8D6C89202F,0.1654149918864654
CC_0F933684CC08,0.1947882329215302
CC_0F9BA54F2AF6,0.04690831148839977
CC_0FA06CE7FAE8,0.040218356027238764
CC_0FD25AA655DA,0.1600461605339118
CC_0FF5570E06EC,0.6631576222966991
CC_10197FE0E34B,0.675149206608552
CC_10355B5718CD,0.10436877005192179
CC_103A9D18EC12,0.1588610951939339
CC_1040DB6A21EA,0.11362448820992668
CC_104D2B84FC4F,0.03697023014471097
CC_104EA2802A11,0.0846980118564013
CC_105777B1BF91,0.06149502859300782
CC_1059F1B6C0C3,0.16884069251705966
CC_1061947FDD14,0.05350912749030029
CC_10689257E68C,0.35067599112827297
CC_106BFCFA7D7B,0.03649023087635371
CC_108FA04AC10D,0.09737705269688503
CC_1092915D0093,0.12009438229024468
CC_10A30F88E157,0.15361579943929726
CC_10A657027AC9,0.7277407854999915
CC_10A6EAF27BF3,0.051192454629163366
CC_10B148BED568,0.42678619152921315
CC_10BB7101F191,0.03195717340739036
CC_10BC5BC3A9AD,0.4007922961969608
CC_10F27C70AB99,0.10000510323894707
CC_10FADDF63CDC,0.1764915449129647
CC_1107D9301AA0,0.07963825978839364
CC_111A6DE5D9C7,0.7461142957496325
CC_111DC3B1756E,0.22316315933618203
CC_1131156CC6F6,0.15205469909541466
CC_113B66D5D5D9,0.11625587783614189
CC_1143254EFF36,0.05186922835505736
CC_1145E5277FA7,0.2656216992659361
CC_11521077BBB0,0.16368601101352126
CC_1154861ABCCB,0.5866437668975787
CC_115BCAEAE2A0,0.10070916650262747
CC_115BF13E8BFC,0.22748995185139276
CC_115EBE5044BD,0.3664067598347633
CC_1165AA07FC47,0.7322571002687455
CC_116EE8219753,0.054965274304749005
CC_1176FA3233B3,0.04418571459528305
CC_117C2A1587ED,0.09320036527032587
CC_118C0A1D14B2,0.2957700148422778
CC_118ECB589F3C,0.11579282912037149
CC_1190F13FB1FC,0.11970274288797697
CC_1192EEC65A1E,0.2751988359364932
CC_119B1FEC4D83,0.2296710445849406
CC_119C413C2580,0.16147275344936166
CC_11AB74142A2E,0.7986990235372524
CC_11C8A291FD11,0.16514224661260368
CC_11D1E9C39E41,0.06011392793020747
CC_11D600EE1BD6,0.1826670388695088
CC_11D7539AC69D,0.1870184435891631
CC_11D78BB50016,0.14564733188516324
CC_11E0C583685C,0.12044580752469815
CC_11E0D2F15AA1,0.0361184256894197
CC_11EDFE67C719,0.6489323470660338
CC_11EE85F284B8,0.23409030901221184
CC_11F700202C6D,0.15322520313186494
CC_11FB668DF543,0.10415054026937819
CC_1209FA26609D,0.032703248628387464
CC_120CA1B916D0,0.1275777761200603
CC_1210186F4D33,0.07919698173843735
CC_121F621374FC,0.24673388847540384
CC_122532C1FBCB,0.13064696908489878
CC_122B19CBC88C,0.6397970509101575
CC_123C7F0111C7,0.5978568545004579
CC_1241EE42F174,0.14832389009844704
CC_125B7100F1DD,0.14291877835677735
CC_1263B255B3B5,0.1974459189736023
CC_12878596E940,0.07315553118470827
CC_1298ED71A9E0,0.06470278099467033
CC_12B555C6F086,0.17844177320382637
CC_12D22C629874,0.17319001126692635
CC_12DD89EA0C14,0.19775905265443916
CC_12E24CDE2684,0.17479629899884871
CC_12F3B7309455,0.6123120794244417
CC_12F8E7A4BBE5,0.35618437421183125
CC_12FDEAE4873F,0.2044274169238493
CC_130F7B067939,0.36340377193962936
CC_13209EDC85EE,0.6580244468063512
CC_1332B6F0E543,0.25062205355619055
CC_1334E256AEBC,0.5676485148329709
CC_1337726B2AE6,0.08430310278907042
CC_1338237BF402,0.20819502800570772
CC_1341DF38D9C1,0.18110302792864863
CC_1342F868176B,0.6932405406268938
CC_134651CCD2F8,0.12453520446022867
CC_1363E3090578,0.06089355215189329
CC_13736493B695,0.07280743113335046
CC_1392DE633D4C,0.2923185176637134
CC_139ED2E0AD76,0.08972548760325233
CC_13A5383EA098,0.6296471569531226
CC_13AA272C6861,0.061238921190748766
CC_13B74E4EE3EF,0.19728790481533343
CC_13C437E86B81,0.4945535075224954
CC_13D61B077E7C,0.06838573738675358
CC_13D7115A8FCC,0.16167100915153304
CC_13DFE319B21E,0.773255609547878
CC_13E0F0B3FAE6,0.2115794021219195
CC_13FD88C2920A,0.6827956387539209
CC_1401CB818627,0.1962419764974042
CC_140B86E74F74,0.7691778518061385
CC_1452A0B69085,0.04178614855203147
CC_1458CA7329A7,0.2410640168321426
CC_1459E7125AFB,0.0763668465288834
CC_14633EC7F622,0.3939123795117464
CC_147B1B30DE7F,0.11610760521262056
CC_1484511F54C5,0.2933656814930166
CC_1489A941A69B,0.293782198240882
CC_14A8B16706E9,0.08108977472041302
CC_14BE52BADB77,0.09911713186868573
CC_14D53413FBCE,0.31993655132760795
CC_14D59B58E51E,0.1373508267269945
CC_14D964327B1D,0.05543087343160253
CC_14F5D06CF093,0.13053318887233
CC_1501D63D5A80,0.3496136883618796
CC_150E3A0E5084,0.21549247813381173
CC_15152312AC56,0.06924395351369067
CC_1522BA0411C3,0.05610271835100658
CC_1534B0241A1B,0.046962654200097126
CC_153BE2BEB74C,0.1295855634187234
CC_154BBCD4DCEA,0.24900367390375186
CC_1552EC27FC0C,0.7150100026590894
CC_1566BFF4BCDC,0.32665591691807727
CC_1579BD86A63D,0.31824564044062975
CC_1583CFD90530,0.28142835117072595
CC_1584385F38C8,0.06537100773767557
CC_159656F13BE8,0.09896605534692546
CC_159B6F6AAF1E,0.09001053708954351
CC_15A4934FD96E,0.12145053412799377
CC_15B2140CE869,0.09531032251332225
CC_15C0972DE384,0.6563138287289616
CC_15C0E30FF2DC,0.11086616883466265
CC_15D617FAB434,0.049663180943599027
CC_15DA0F4FFF0E,0.31512172570171
CC_15DAE76D15DF,0.04973754293442119
CC_15DC7C139EBC,0.3348774241546417
CC_15EB741857ED,0.08045891054399892
CC_15EC51F4C521,0.3015229878371038
CC_15F6259C7C53,0.07715302603773941
CC_15F7C012E10D,0.4322258664419801
CC_15F7C1BEC28F,0.19866775189808347
CC_15FF58854AEA,0.24515765809034368
CC_16035CDDC2F6,0.1578998460370473
CC_16095572722B,0.04885202047966148
CC_16109F1CE0A6,0.26441672902125535
CC_16150E74E4DA,0.15712064181397467
CC_1629E47AFBA5,0.07768301498892789
CC_162F4582D06D,0.6026693873592731
CC_163194DFEDDA,0.03714676965093381
CC_1640F01B7730,0.10376514474823459
CC_16460554039F,0.02850112695782091
CC_164D308CDE41,0.22805719448679826
CC_1661041F819B,0.7546433105085131
CC_166829780A76,0.1287523876779822
CC_16798666E855,0.1091761643048626
CC_1684B5493414,0.22684164717076832
CC_168A8907C8F4,0.06714131609187911
CC_1690EC56D088,0.06494457021363483
CC_169853EEAB4A,0.09681364137240597
CC_169B7FD839BA,0.14782680219733016
CC_16AED1A3008A,0.1563655519262174
CC_16BAC7837C73,0.17886197290956488
CC_16D57E1EEA01,0.1399597812177733
CC_16D833E56D7A,0.18879919255196426
CC_1702487A047B,0.18924668636664455
CC_17029F78E70E,0.05717686820691947
CC_1702F3E986AE,0.07573028387540191
CC_1707181BB559,0.0431309889996534
CC_17117BF03935,0.22243610539120073
CC_1723E40C3D40,0.2427649587892827
CC_174FBBE9ADD9,0.20502976315267274
CC_176E6E58FD1E,0.10642229304984031
CC_1783F37259BE,0.09112652539022298
CC_178B135605CA,0.08844286329854387
CC_179AA5165026,0.3519773079278582
CC_179DBA1C4CDB,0.31493027610384927
CC_17A1090B69C9,0.10810550097399646
CC_17AA1A4C904D,0.20494023269191453
CC_17B06C06FDC1,0.15085120322150006
CC_17B89AC1FD03,0.2117685325742218
CC_17DC33AA73F3,0.0578670606293271
CC_17DE4D267831,0.09007832494175433
CC_17E929BE0344,0.3680920971814622
CC_17EB83DECE5E,0.43945368606419427
CC_17EC9982E5A6,0.14148883871614554
CC_17ED5555B4FD,0.2451543400989154
CC_17F4292DAF8D,0.10063108384705179
CC_1807B0980C86,0.07063250487065359
CC_181354A58B53,0.07416126286407537
CC_181E7266E018,0.09952375223945942
CC_182AAE7CC3CA,0.4661922848852942
CC_183EDEDC5DA7,0.08425087704521989
CC_184C47552665,0.2632699223477714
CC_185A7392A475,0.2999291230299423
CC_185FEFD3233A,0.40796667224955885
CC_18676FE5FC07,0.07398197396984275
CC_18776C4FDE28,0.08458526365740607
CC_187A8AECEFBC,0.1517246014447334
CC_187E7D0B4E82,0.7130445111519103
CC_18839D393105,0.15671422873525484
CC_1888476F6CF3,0.14522522666513746
CC_188B1ED2AAA5,0.3253269284581352
CC_18A4257C3172,0.2854196453424969
CC_18A7929D9FC9,0.298779187394551
CC_18A8695F185E,0.10946336268678415
CC_18ACE64E8F74,0.21105573020953633
CC_18BF4A29BB38,0.13199083703874395
CC_18DE36F7D294,0.143476215166551
CC_190EB07AC1FC,0.1251753841979701
CC_19219F2C60B7,0.1763183201605697
CC_192262DB0B0F,0.08352831103625609
CC_1929746E06CD,0.6156955587777292
CC_193356E72D61,0.6515695878674772
CC_193938E8EA40,0.18257257490339152
CC_193C60092202,0.5186685503909797
CC_193F669537D1,0.17984929366088923
CC_194E13150BE5,0.05171232195458203
CC_19556DDCCDB3,0.034504946946645895
CC_195A6E9B48A2,0.1247703305357408
CC_196DEC616B33,0.09660773972175356
CC_1978B23D64A8,0.1215367443360395
CC_198562A4BD86,0.12265704318363152
CC_19864C9572BC,0.1628918446161493
CC_19868B6887C9,0.12838407249639788
CC_19969E05AB2B,0.16424346692227862
CC_199FC89885C7,0.12853611843829238
CC_19A40411B404,0.26101469153483453
CC_19A6D9B60B29,0.6575017092446824
CC_19AAB010550E,0.06296297036952495
CC_19B4743DFEEC,0.08190280575766545
CC_19B95A61D757,0.17699148865004527
CC_19E6A00F6A5B,0.0634041962158853
CC_19E8DEC29F47,0.5900287082766009
CC_19EA54976042,0.1594834239562853
CC_19FBBEA75B7F,0.13987526544364887
CC_1A039E58840A,0.055932929445598176
CC_1A075331756B,0.11907791069136522
CC_1A1E1302C432,0.15621453870837754
CC_1A37690EAEDB,0.16363800497861178
CC_1A3BF9F5BD42,0.1413844286027477
CC_1A4268FEB02E,0.17279541607663468
CC_1A5F8618A912,0.3109382268907281
CC_1A659D4D521E,0.4043678071909489
CC_1A879655902A,0.0681807686265347
CC_1A9F6DA46BC2,0.12011036877262679
CC_1AAB15E81743,0.033031762960496494
CC_1AAC389EF8A2,0.23181991427786874
CC_1AAD0CE365D9,0.13317495689293385
CC_1AAD9152C90B,0.052326576178487946
CC_1AB15BDA9296,0.06638996058116688
CC_1AB8BDA3041B,0.19252163976093464
CC_1ABB9CB074E2,0.7045533203108608
CC_1AC1B1A3978D,0.05681760377625106
CC_1AD20D1F9C08,0.7203445485999405
CC_1AD881A90D1A,0.3154741380846281
CC_1AE9811724DD,0.7662755201045444
CC_1AF1AAAB9D12,0.7540668664138628
CC_1AFCC4D0ABD4,0.16112160277183724
CC_1B08ADAFD1C4,0.17023575748968595
CC_1B10139C7917,0.11998766492139487
CC_1B127133B948,0.16397535126781917
CC_1B25964EA376,0.1535981854866915
CC_1B27A85C7244,0.18766887818564926
CC_1B29F4378A34,0.13012011959539865
CC_1B2EC0BD0677,0.33990828785620675
CC_1B4AAF37FB97,0.08716371543137792
CC_1B5E792F6E6C,0.3219815242129166
CC_1B7166DAA790,0.1710506103950706
CC_1B89FD901C95,0.0932462280749806
CC_1B91E3A70338,0.07453447351885736
CC_1B9D9B7184F7,0.16503256552997075
CC_1BA3FDD92B1B,0.05693685023551987
CC_1BA9B3D67170,0.16098606369154703
CC_1BAF97E2BCF2,0.09490571696911852
CC_1BB7D8A54021,0.07580879757850398
CC_1BD548A5FEF3,0.11932224102439556
CC_1BDF1893ECEB,0.2501927323068286
CC_1BF117A8AF9A,0.05582712793822788
CC_1BFA7E407428,0.7037359051251031
CC_1C0066F472E4,0.6899881453058796
CC_1C09CC2385AF,0.06339179068823342
CC_1C11467AB472,0.6460425606363774
CC_1C1627B7EE6E,0.0389044646024293
CC_1C3259B85E28,0.16472838815588325
CC_1C334ED885FA,0.0360164671933981
CC_1C376760FE39,0.08070690060293287
CC_1C39A1ADF3F2,0.15446727928852919
CC_1C450FC77478,0.1309245593232799
CC_1C48409023DF,0.4138409223560465
CC_1C4D03324C60,0.3554307794619349
CC_1C5F1E1028DB,0.0371014274431325
CC_1C6681C0AA7A,0.7792054861089399
CC_1C84CFE19CDC,0.21442613136803695
CC_1C8B3F689C6D,0.23181862132741438
CC_1C95674B902D,0.04454704725177798
CC_1C9A4C11F28F,0.16677322622348528
CC_1CA3F50BABEA,0.07953738649254141
CC_1CBF42D35AED,0.6185680466607734
CC_1CC11BEADBD5,0.12078528607081968
CC_1CC3CE396A8A,0.23151376374011085
CC_1CD2B13C2E6B,0.08351390572661152
CC_1CE0B37CA670,0.07778161335998776
CC_1CF5A99FC068,0.13347547781578156
CC_1CF71AEB6671,0.074121405336247
CC_1CFE066F5EE4,0.19666627326503416
CC_1D00B360809D,0.06172048977688857
CC_1D1173F82F2F,0.1135166432881824
CC_1D1E06E0B393,0.17303554074756505
CC_1D2789866B1B,0.07757814554693791
CC_1D2DD7DF781A,0.18701416278020433
CC_1D313498A2DF,0.17934529064861754
CC_1D68396533F9,0.334613274171243
CC_1D7235BA1EAF,0.19041290538376793
CC_1D7ABAF9D080,0.04541638655438171
CC_1D7FA51D0D7D,0.4872183231679972
CC_1D8CFB3589AE,0.0591882836098168
CC_1D9421A6EB19,0.3367158307531215
CC_1DA0AC68719F,0.33635858070936203
CC_1DA366D588B6,0.10674941355130572
CC_1DACBFE0296C,0.10903210750890055
CC_1DBD6A716910,0.6576525916803042
CC_1DCB75B5CBDE,0.33698545272100056
CC_1DCDADBC0E90,0.42352668459824494
CC_1DD11FAF43E8,0.13232636216517052
CC_1DD8064E71C7,0.15900246876224552
CC_1DEC926EE25C,0.11656864987775026
CC_1DECBAE4FC5B,0.06262201524812885
CC_1DFF80E6D4DF,0.06344042873523469
CC_1E025C3597E7,0.23192667936902173
CC_1E082052CCBA,0.6236389064524822
CC_1E0E30441DD1,0.2026938483465096
CC_1E20E200611C,0.13839644010560714
CC_1E354C75EB9B,0.030246093450419613
CC_1E3B2C15EBCD,0.18025545424930867
CC_1E4DF11FAF55,0.17089939012899968
CC_1E4FE60DFD8D,0.7375566166386665
CC_1E5A648D299F,0.18352183410920037
CC_1E6C0A8B3841,0.6288097178838654
CC_1E7FA6E807A3,0.21625182618857727
CC_1E93F760EC93,0.27401696634882167
CC_1E99F40FA03E,0.06216477899227758
CC_1EAD09DBC23F,0.20005571447857273
CC_1EB3D53252DB,0.2514713367038684
CC_1EC889E04D69,0.10180626443092214
CC_1ECCBF6853F6,0.4797959596996734
CC_1EEC4520436C,0.1928306186604025
CC_1F2827DC99C0,0.1719521463333439
CC_1F2C184C5227,0.08322409672426635
CC_1F3FA8091B02,0.1399255357246208
CC_1F4E07BFDC8C,0.04756506438478232
CC_1F4E0E9B54BF,0.05965015878558108
CC_1F55738A6A27,0.3427640999990214
CC_1F65276D0EF8,0.10801648544985823
CC_1F65C797BD40,0.05538541231648801
CC_1F668C0AE868,0.09176284645226018
CC_1F6B19A04BD8,0.04333984696618821
CC_1F945A60367E,0.4606865860952358
CC_1FAB6F11DFCA,0.6800220364479301
CC_1FACCCE95224,0.28474878403335513
CC_1FD010E5EA82,0.06382622614183636
CC_1FD2B7BCCD20,0.692048016198668
CC_1FDAEC3D5CBB,0.1085492685640978
CC_1FDC65FE3DBE,0.13638894037502616
CC_1FE696D8A81B,0.05816203058523381
CC_20027685F59C,0.7579823825072054
CC_2009F3D77774,0.1349919134010367
CC_200C552C40F3,0.12167784181616204
CC_201459527065,0.1188958849209042
CC_20275029A688,0.08363248602215467
CC_2028DA597C34,0.20497464321149156
CC_204E557E5046,0.36411627614889186
CC_20542CFCFB39,0.04300400665778141
CC_2060F813C9B2,0.26528854132456736
CC_20813A9A7F71,0.0995599124770905
CC_208429A11E2F,0.17257062895518138
CC_208B0FE7CBAD,0.09275708259533162
CC_209A511030A7,0.03731719529839052
CC_209DD60421B5,0.06628356647926796
CC_20B26D646D62,0.15896118041666368
CC_20C47966B174,0.20227094206172963
CC_20CFE9681E4D,0.08494032039709365
CC_20D4DB0F3E3D,0.035406406903955835
CC_20DD84CE3CA0,0.09870924931670907
CC_20E57CA675DA,0.6072682968581685
CC_20F129FFBE00,0.25100867480196565
CC_20F4E0F62D2C,0.06638016349675388
CC_20FEE0B2130D,0.6163827154944217
CC_2111B298C212,0.10548725594316075
CC_211315AD7633,0.19468427239473707
CC_211504721E27,0.1469609588992084
CC_2119919BCB4F,0.7951364603437813
CC_21375C9ED931,0.20311531214155523
CC_213D2A5355FB,0.21320325238379711
CC_214B50E48E94,0.15404187140019698
CC_215F86D986BA,0.14309916447301496
CC_21600308F496,0.04296782048905938
CC_2166F3F6344B,0.10439136344781264
CC_2168BBB42053,0.1270058641611279
CC_217030CE0127,0.03643489182331075
CC_2179067B405D,0.037829979674662895
CC_219B59B67193,0.20869774643349648
CC_21A9E8DB58FE,0.12111942599306474
CC_21AE679C5E95,0.23265425447208643
CC_21B98D13174C,0.10922358937846098
CC_21C81BC15002,0.08569483617231234
CC_21C9B26CFEA3,0.06818517003753624
CC_21D22081A4CA,0.7540830248911645
CC_21D29CD736D3,0.32104341317113316
CC_21D3CEAF838E,0.18762957654139528
CC_21EF792A3811,0.633502220053284
CC_21F04E996723,0.3612364037058492
CC_21FB6C8AB8BF,0.4759180030975393
CC_22067686F6C4,0.697359949168505
CC_2207A39B7BB8,0.12515055389944632
CC_221053121AAB,0.18144841743590798
CC_222423774191,0.06776850811549409
CC_2230EFBC99AE,0.4354175377421017
CC_223BDED2A465,0.2614352080948522
CC_223E3CA7A07F,0.18838857680629856
CC_2250B42E48B2,0.10913552012302533
CC_225935E43583,0.1315204696367115
CC_22781E93CF84,0.17757140791976686
CC_22784AF3CB6B,0.43728861012128417
CC_22831690395E,0.23101805140611303
CC_228E6CBCC935,0.5969577603642322
CC_229338EBBA6C,0.08967109108398778
CC_229A63057E54,0.49290286148802587
CC_22A2D8A4B437,0.09020221663709309
CC_22ADE1EE9BC7,0.13813498121837137
CC_22B69E7C415A,0.03551056354677111
CC_22C590B43FEF,0.3184830046009058
CC_22F06379D8FD,0.029090636496159776
CC_22F282264A1D,0.12440795927836809
CC_22FBF5F0E1C0,0.22684996921753858
CC_2302088175A3,0.25722629860648416
CC_230672EAA654,0.029857676532285604
CC_230870B121F6,0.1599418323025139
CC_230A051B2B3E,0.045476286228379945
CC_2316F57AFB7A,0.08564220275839528
CC_231D091FCD1D,0.04784192648303519
CC_231FDED1781F,0.25250812494334157
CC_2320053D1183,0.05103631425693693
CC_2320AF507566,0.17705050038786485
CC_23321FF41C3D,0.23020365950037278
CC_233470D6BE72,0.6346605864858212
CC_233C8EBC95FC,0.4017302842023973
CC_235F99F13500,0.16090126921948358
CC_235FC02CA52F,0.20902761597461225
CC_236C80CAF53D,0.19869294546670505
CC_236E7222D97C,0.07356996814877469
CC_237B86FDC93C,0.05083913216811872
CC_237E7EB2D7D8,0.08687036512157763
CC_23830081EE1A,0.6231116836306412
CC_23894AAA08DB,0.479218131621305
CC_238CBFD6E20C,0.37768518745579915
CC_2392A4A79C9E,0.0327782295061863
CC_23A474D43C73,0.22062532981830396
CC_23A9CC59BA0D,0.02190201148120068
CC_23B158D8306A,0.13502269744482437
CC_23D147F1870B,0.17957880586757913
CC_23D2E73DCFCF,0.1311986073859077
CC_23D9103D1EAB,0.028707667662470994
CC_23E142182F2F,0.6768859910681096
CC_23E43713A108,0.03548307353762839
CC_23EF2911610E,0.5041961066178122
CC_24056B76BD7D,0.04475606887436373
CC_2416ECE66177,0.13361702726340496
CC_241E65816FC2,0.07397561407736675
CC_241F7E97FBDD,0.0478213289023203
CC_24217201D7A1,0.3883645977689758
CC_242301FCCE50,0.043148917669391273
CC_242C69CF0B12,0.11054739317840617
CC_243B23702DC1,0.19126184888032033
CC_2456B9C796E4,0.12523474307056062
CC_2457D89CB88B,0.6357570084299484
CC_24667210E2AF,0.21833117524114043
CC_2468D206CAEA,0.05787975604616635
CC_2469630A4F86,0.3456027814612842
CC_2469D83D9594,0.03338848273432013
CC_248C65EF54A5,0.6339899902517505
CC_24BCCA7941E8,0.0897261644611447
CC_24BDC1CE2A3A,0.20992790190865152
CC_24BFCCDF957C,0.04288088770018676
CC_24CC8A1B1CB7,0.12778751815889233
CC_24D4B1852554,0.2119217556070271
CC_24E65FA5A32E,0.16213773786422406
CC_24EF3EDB6857,0.035581843886260275
CC_24F15A19D648,0.16416678142590746
CC_24F2410B5A19,0.14671803300762526
CC_24F27E7DE1C6,0.4536823762585801
CC_24FFFD0C983B,0.030238258321289582
CC_2504E9D5D5E4,0.13891511178563498
CC_250F6A0DB62D,0.053208346740542506
CC_2520E13DF0A2,0.705134475838963
CC_2539C315029D,0.29793429445465935
CC_25519ED78507,0.1796320191981798
CC_255D49296DB6,0.12267348641357588
CC_255DC60FF5BD,0.04196033067182606
CC_2563C9EF9D55,0.05521321254059809
CC_25756EB9651F,0.12201117967229749
CC_257CC46D379B,0.4242468839651282
CC_258D5F80A933,0.6714766646455603
CC_259D87270257,0.2558699928197399
CC_25A41AB21C94,0.23552491391737823
CC_25ABCDCC8B71,0.10491685908838183
CC_25AF0D0569B5,0.07021375632099822
CC_25B61D393144,0.16353565071902357
CC_25B95D7288CB,0.3969933595871938
CC_25CE2F2F13BE,0.22181519701335373
CC_25D1A5971976,0.3335069043242225
CC_25D411B46F00,0.7430584376471239
CC_25E7A2DC5E41,0.05795038852914109
CC_25F4C8E51AC2,0.5435686785312952
CC_260323EFB122,0.542156486839726
CC_260F10484312,0.05929964354331596
CC_2610D0F1D0A7,0.18907150488726254
CC_2615866F35A2,0.09744560158917848
CC_261DA4E8DBEB,0.11611249094989075
CC_2628F00B0745,0.38737710279252235
CC_26338E9AD15F,0.13761261330540586
CC_26346B99BDBE,0.6555048793575439
CC_26351DBC1AF6,0.12629817982900426
CC_2637397AA3F3,0.5962317386174918
CC_26675C32611C,0.6729533674521195
CC_266E49E49071,0.19291480263591634
CC_2696368A4DC6,0.028970066856307382
CC_2698641B68A5,0.1592859539960481
CC_269C5AE6A1A3,0.6712221106594349
CC_26A06AD1206C,0.7545419490787426
CC_26A358B0C10F,0.15907160491342662
CC_26B07CB02EA3,0.5572261531851183
CC_26B638BEA8CE,0.1297317549790156
CC_26C33B649FC9,0.05896874838533234
CC_26D5B969A36F,0.3253477803143963
CC_26E3A1226C2D,0.159903033733732
CC_26EEA3F0224A,0.25976969252611837
CC_26FA5E5A718C,0.14182886673194545
CC_26FE119D4919,0.054671330881842714
CC_270B462BAEF3,0.030998725241729825
CC_270D929FEA9F,0.07928765613107876
CC_2731AD82BA11,0.2068331908075924
CC_274144AE3E86,0.14191137845900853
CC_274AE6E82879,0.15572986971121425
CC_2757A490C5E1,0.08201011732748144
CC_2766F6011BD0,0.3781360681007968
CC_2768E644C697,0.04558183420840517
CC_2770DF70328D,0.07039089102308135
CC_277503968C44,0.505133823914341
CC_277CE974AA8F,0.2758490489431554
CC_277D246E39B9,0.1986478870344339
CC_27A1CC725B7A,0.06293735530564082
CC_27A798829CA8,0.7630545228044439
CC_27C938FC8DC6,0.46392392847424996
CC_27CA2D819E7A,0.06379002846570726
CC_27E3712F0E38,0.12950671524980967
CC_27F3B3F43FF9,0.034984177935943384
CC_27F9832EAB8A,0.4690151403616452
CC_2809CC131F3A,0.6503664822392061
CC_2812523510C0,0.1546039499593085
CC_28151C75756D,0.04480020480223447
CC_28203CC976F9,0.10264631250664422
CC_282AFAE06F96,0.09280215502754473
CC_282C2404F4C0,0.07470344700476772
CC_2834BA2F19FC,0.21258987927615994
CC_28432E22F47D,0.5710246243922862
CC_2844882CC439,0.05308498735616546
CC_284F79726032,0.40061911202876554
CC_28544783AB15,0.49079170001762173
CC_2856104729EA,0.6866843748650335
CC_28625CD86761,0.17846160671362282
CC_2866BDB46FB1,0.09367323497606325
CC_2872415C6B36,0.07461624758289814
CC_28752737647D,0.6172962526752908
CC_2875C281EE88,0.051803317649982916
CC_287E3E9EDAC9,0.07839398825161188
CC_288A2C49D62A,0.04856734601871586
CC_288FA8CD819C,0.19087126011674022
CC_2891894CCED4,0.07116109552374111
CC_2895608A9699,0.1398285327521343
CC_28A2EF7926AE,0.5908604552713645
CC_28A7DBD2B710,0.1731113021276648
CC_28AD81DF2C51,0.11536645266529247
CC_28AEC29CEC25,0.16851340349047894
CC_28C1C3DF7928,0.10034861084554987
CC_28CA76962EC8,0.17542415333630357
CC_28CD47803B6A,0.07023216539163576
CC_28DF569DBBE5,0.08106793991479196
CC_28DFE611C657,0.10122002554236854
CC_28E11E6A6C8D,0.16473998214601673
CC_28F58ADC7CBC,0.12258759290478002
CC_2916479EBC84,0.11688669522988077
CC_2917C6CB0B2C,0.1504894781350012
CC_291C7830D4B5,0.3686263979286058
CC_291FE1744E5F,0.074944552690999
CC_293124F1ACD1,0.1352804503477066
CC_293C2D704AA9,0.361419310660811
CC_29432A6B2555,0.12226373351431336
CC_2944B427406C,0.16303745077223752
CC_29468B7035D6,0.1284634542916368
CC_294A9A24E473,0.04798288946581192
CC_294B94EB0E07,0.26102596241254483
CC_2967C29E4C3A,0.13496530329305215
CC_29716D5835F4,0.21288239042286827
CC_297179FF2BCC,0.41802189145225993
CC_29803690C939,0.21046811098128498
CC_29821539DC4D,0.13661329647127954
CC_2983C1D2A273,0.17182826868410223
CC_298CAC5A1868,0.6183093229947386
CC_299EBE0FB429,0.14001317896746138
CC_29A1C0073882,0.47878049233780606
CC_29B6065F187B,0.3656255584960366
CC_29BC66C10F87,0.6321589019882021
CC_29BF3C3D9682,0.1677165700342168
CC_29C4425FB2DA,0.19783799522358275
CC_29C5D0D72D61,0.10926013315855737
CC_29D65E313500,0.13732529540606855
CC_29FD856F47A5,0.7348222219495255
CC_2A097F88615A,0.0886817328889196
CC_2A0CB4CE1A48,0.2194664338608839
CC_2A14C1652D6D,0.22400387141283704
CC_2A1F96F80938,0.11980210382913391
CC_2A23F71805A2,0.13605554716441454
CC_2A2BF2FD0498,0.1367357066422566
CC_2A358A1D3DDF,0.6333109824956175
CC_2A3E371F0DAD,0.2689108867673086
CC_2A423FC8A330,0.30937575443883697
CC_2A43368D54F9,0.5172641087265748
CC_2A47A21C0E07,0.6505580976607895
CC_2A4CB02E7A1E,0.125103863426119
CC_2A510080BA29,0.18793143325231212
CC_2A5316E550F0,0.08657295074159392
CC_2A59695EF90A,0.5795924263193819
CC_2A606D00CC46,0.04824963634859622
CC_2A6C69145AE0,0.08564932058397247
CC_2A6CD71471A6,0.10887062603382039
CC_2A70D6EF64E1,0.0849220408960824
CC_2A844754AE67,0.6022467758107555
CC_2A85A7B242FD,0.16093931300559616
CC_2A9A51067D7F,0.1505166361569839
CC_2AAAD4020436,0.2044333507511804
CC_2AB62BCF3704,0.08220951803861179
CC_2AC1C8DE5649,0.11753707226343904
CC_2AD10D78793D,0.7038052222936709
CC_2AD26446A7AE,0.0406469875834445
CC_2AD2D35975D1,0.09732646665515488
CC_2ADA07B0211F,0.2967005825379774
CC_2AED2D284351,0.31812210399930346
CC_2B01FDE2552D,0.24610803058526654
CC_2B06DDFD7F8A,0.06870809011065201
CC_2B08FBC0A948,0.16616925038176608
CC_2B1914218468,0.738088169971955
CC_2B1D93E12DC9,0.165448121833059
CC_2B248C488918,0.08203377420007094
CC_2B256891C60A,0.6249276371929147
CC_2B2801591A25,0.3844974605315553
CC_2B2B7CF1E40F,0.11158594071697939
CC_2B2F4204834B,0.18886004008087137
CC_2B5443C7AB87,0.06581440988908482
CC_2B5D780AC244,0.6718807002522551
CC_2B64E67CFF13,0.05212589292067732
CC_2B6B872C8D21,0.0688546798058879
CC_2B85D931F011,0.08077020717324734
CC_2B959EF030DD,0.14697726211351161
CC_2B973D1AC16E,0.1288254361738164
CC_2B98983C2687,0.04873799445238726
CC_2BA581E7B8D2,0.0961328155902381
CC_2BB2C432C369,0.1306679608396743
CC_2BBE19587CD5,0.08356955420038176
CC_2BCB838A9581,0.1482300037744692
CC_2BD0E9336EB4,0.06812860244136776
CC_2BD1633FD528,0.09172237280455015
CC_2BD58FC8C2B9,0.030845146790394372
CC_2BD6083CAB0B,0.7731808035516159
CC_2BDD47B177E5,0.7782052912975536
CC_2BDE889EB05C,0.27281803304405716
CC_2BF8DB192A49,0.6103686144582848
CC_2BFDF46F3AC2,0.11688485477307858
CC_2C00CF2FAE22,0.14611154673796145
CC_2C06DDBA1073,0.357543898323121
CC_2C16C7838FAB,0.7961443603083698
CC_2C263A1A732C,0.18968133255603442
CC_2C34105831A6,0.19349273544993245
CC_2C43FFA06F31,0.08490415193423231
CC_2C4DEE4CA1CF,0.0610427692203829
CC_2C56DB55E40E,0.08817750160542073
CC_2C59F565C183,0.14591937252704593
CC_2C7F54E56925,0.17015062964916972
CC_2C8CFCC646BE,0.03128357119575668
CC_2C91AB1DB754,0.05531830024032111
CC_2C93356976AE,0.3735020245244667
CC_2C9DADC294C8,0.06783940095947524
CC_2CA94231028A,0.2614273884704452
CC_2CC8CB17283A,0.19436778537452193
CC_2CCD42AA2376,0.13596103580710955
CC_2CCFE560A79E,0.06163130217651003
CC_2CED227E5216,0.12599847772864162
CC_2CF326E90715,0.040123443236295436
CC_2CFEA03CC6A0,0.6449513262185409
CC_2D1D032137DA,0.1073798377803789
CC_2D258781011B,0.18433614144046262
CC_2D30260A1CEC,0.22123507476188575
CC_2D35C002A9F1,0.14905074939827784
CC_2D45DEA4EB25,0.15097037904203248
CC_2D5494C13FFA,0.08592987977351978
CC_2D5EA2953E81,0.2331061943680167
CC_2D6E7894EA16,0.6450562971614633
CC_2D7DA36360AD,0.23145583417323984
CC_2D7DFEACA38C,0.3005674175172528
CC_2D836654A121,0.14817040430858697
CC_2D9CDFC6C57E,0.7247499909303907
CC_2DAC67585B03,0.21072707216871694
CC_2DAE338809DE,0.28532124693594846
CC_2DB062A18C75,0.48850472204080386
CC_2DB2C55CF89E,0.7731387571350701
CC_2DBCBF870292,0.03538811640453674
CC_2DCBC03B4FA3,0.7496149794043749
CC_2DD78131B5A1,0.11974790812117622
CC_2DD7BCA75AB9,0.13073114342873648
CC_2DEB49017220,0.10679739818505607
CC_2DF6C71ED372,0.14687590315429094
CC_2DFBFA1A4FE8,0.15139689495130115
CC_2E12A41F7733,0.06693929222040464
CC_2E1A348EB1E6,0.11569296586668074
CC_2E23CB0F6F7B,0.36515613835619265
CC_2E3634587158,0.057149413762228374
CC_2E3F4B14D8DF,0.354598297612425
CC_2E3FDDBF4F48,0.19390200359371665
CC_2E61C46BC16A,0.16820825279452437
CC_2E62AEB14351,0.3199981017588398
CC_2E6F1C0ADEB8,0.18539797128452812
CC_2E7415FAB62E,0.07842489812460601
CC_2E77F7444FDF,0.03815348897905287
CC_2E78431BE3DB,0.08301500492739936
CC_2E7D44FB8075,0.15387408603333905
CC_2E7D8539BDA6,0.29799046246648314
CC_2E7F248874AA,0.7194671544755313
CC_2E85BB8F3BB5,0.08418458450479016
CC_2E8897E4D9BB,0.23718780393885414
CC_2E8CCDE89E2D,0.23938760682484728
CC_2E927D910813,0.11684817337192174
CC_2E9891F5A2D5,0.1345356022926406
CC_2EA56A7EAC04,0.26565299459252123
CC_2EB45D13B248,0.12911558584063643
CC_2EC924B0EAAE,0.11853512263494666
CC_2ECC248C96B7,0.04587853334732002
CC_2ECF0C98B06D,0.3736959967440946
CC_2ED3F6481454,0.15954300778345795
CC_2EDDF0B40ED8,0.14307700109458313
CC_2EE2A139642B,0.13801486165420607
CC_2EEE072DA301,0.19448370417883123
CC_2EFEBB85DAEB,0.15622035397096928
CC_2F133BEFAA69,0.14188128876909795
CC_2F1AAE3B81F2,0.08420277147594463
CC_2F1BC47CC90E,0.041410347416073565
CC_2F2128FBBDDC,0.1581000474478513
CC_2F3D3342834E,0.07141960981178824
CC_2F42D39F710B,0.6147908590206155
CC_2F4AFE398419,0.685577942221539
CC_2F4C24B38EE6,0.05250673633440199
CC_2F508C0838A6,0.08670359382802087
CC_2F50EC193942,0.21838833336598792
CC_2F5BD03D4900,0.06704934373924257
CC_2F73AF6728BC,0.0428286925642684
CC_2F7EBEAB9CF2,0.19087450457131194
CC_2F9AD2BC25F5,0.0631166313515448
CC_2FA3172ED3FE,0.6799395067888995
CC_2FBEF8808F48,0.16602867664497775
CC_2FC014F0EA3C,0.09556865985055077
CC_2FC3AD2EC986,0.255807917429192
CC_2FCC82AC097C,0.2895406693692202
CC_2FE2ED7D464E,0.2653191308476817
CC_2FFCC9802D2A,0.179923532399909
CC_2FFE32627DF8,0.20807236544734076
CC_300BEA90EF3F,0.15743441355371082
CC_3017B64D0364,0.21155669985965503
CC_3017E5E87C94,0.14265894023638614
CC_3028375CC87E,0.790232506976529
CC_302A48CFCEDA,0.07268998052370447
CC_3031F96196BD,0.3521127298439686
CC_30328ADA0AE8,0.09231969216373188
CC_30451015D913,0.027200487337740675
CC_305D33AC15A9,0.7525201212503488
CC_306015CFB66A,0.15696386914819582
CC_306413849CEA,0.426495063770579
CC_306EF0BC7CB3,0.02749547358989292
CC_3075C5B861A8,0.09609909778082917
CC_3083D9B76858,0.0431739755240692
CC_3096994A495B,0.2045299461058385
CC_30B106BC1657,0.18781211647350976
CC_30B967417C42,0.20419408977423617
CC_30CABAFF5453,0.08274091459654478
CC_30D68208FB23,0.3563277497825479
CC_30E2A90BACAD,0.16901930181324906
CC_30FFD856443D,0.6089778164849751
CC_311EF26786A8,0.08848336094676157
CC_3129843EADE6,0.6834892098100398
CC_312C34EF683B,0.04790093071423262
CC_31302B64C078,0.11585926495632946
CC_31344A25B569,0.0283486230945259
CC_31397A399AD5,0.07340037666876807
CC_3145B5EAD7AE,0.22302794942736337
CC_3146EE0BF81A,0.1358508267752287
CC_314D02632843,0.3256733235441436
CC_315133406E42,0.24582010913991623
CC_3180D1C6FB7E,0.25400024860073306
CC_31827EE8A968,0.29371596865487737
CC_319BE06CC27F,0.03673123071167651
CC_31A0A97AFFCC,0.4799739173325327
CC_31B22116E36C,0.1668943581460855
CC_31C78D9B6494,0.3828081617184007
CC_31D3FA367B41,0.11911845656961001
CC_31DAAB3E6DA7,0.1650856192578019
CC_31E36F666FB7,0.0819799781213198
CC_31E72EA14FE4,0.10409639770364229
CC_31FC6DC9482C,0.23166269153086932
CC_32076DA6AE23,0.16007436920704832
CC_3209FA12D938,0.30810846721645563
CC_320E17F947CD,0.43026052893824873
CC_3223C706DD92,0.2404466673709637
CC_322EFB2E377D,0.10246747837117298
CC_3248EB928073,0.07652580165856523
CC_325D5DC52B1F,0.08531721091336522
CC_32662A6DB78D,0.1674987445582208
CC_328DD3BA068A,0.23636219598364636
CC_328DF7798F91,0.15474061017230817
CC_3295CFEB188B,0.08819029383601333
CC_329DC79286ED,0.6897491141462138
CC_32CB77D55C73,0.12599067234694333
CC_32D129B9E651,0.09495963020396891
CC_32DB12551D37,0.6495390242548074
CC_32F00D77D5CD,0.1117640441850018
CC_32FF5F6892D9,0.2172783342152266
CC_3301EF60877F,0.12677043162768767
CC_330F334BD816,0.1174835001126489
CC_331285B3494C,0.21299490713886537
CC_331364283D5C,0.11367291909162898
CC_331718E0F54F,0.1745503477803249
CC_33194D48FF66,0.08108296558749084
CC_331E8B8BCAB8,0.06639030151451511
CC_33254134ABA9,0.7824691263713768
CC_332E42439579,0.09756588145997651
CC_333102AB964C,0.14875385939487196
CC_3338AC0E8112,0.25519218099895136
CC_33656EEDE6F2,0.39470714034294924
CC_336777D934E0,0.4713559123732359
CC_336DBFE464D1,0.5219653522879334
CC_3382BB2F3152,0.14073088755791618
CC_3387207793E4,0.038206418061798794
CC_33992C973839,0.21200664544901476
CC_339C36703675,0.09440410311907099
CC_339CA5814519,0.10599220995934058
CC_33B157F2A921,0.12163693794805479
CC_33BBD10F239D,0.06503109841293886
CC_33D3B12EE56E,0.08698584733553878
CC_33DB68EA27CB,0.10179753505939466
CC_33F0B95E70CE,0.2206254051539321
CC_33F40275D630,0.05058308123170364
CC_33FD5DE22692,0.08173372499962402
CC_340961106343,0.11923697739730482
CC_340BB1F4CEF0,0.14706444434501748
CC_3410B11F1FA3,0.15929469235031804
CC_3424972707B6,0.6523594956856137
CC_34452758A645,0.028611609725698726
CC_344D239879D6,0.13693655276937092
CC_34503B6891CE,0.22188880730423352
CC_3451722A3813,0.07232671934375447
CC_34517B513D8E,0.4712590912748994
CC_346ECB4CF2F8,0.09935575338138211
CC_3478E8B6B56A,0.06193096796903812
CC_347AFDE16722,0.0851976862167495
CC_347B1A01467F,0.04397319408257988
CC_348AA62FF484,0.2917891664368747
CC_348D3F098A4D,0.08847021624187931
CC_349290E4D0C9,0.14571041903757936
CC_349347D553D1,0.2697893673676199
CC_3495CE27BB05,0.2566518086221855
CC_34B10A654721,0.1528437589678855
CC_34BD2C5130C8,0.13608695301611806
CC_34C433439160,0.06024357499165186
CC_34CA271F73E3,0.3044315257670627
CC_34CEBEA3B15A,0.06862282457149488
CC_34E58CF793A0,0.15807233161873052
CC_34E6909B6027,0.5130760024497243
CC_34F4292A8B5C,0.19752450716720726
CC_34F6DD223594,0.04472139149077459
CC_3508A7A5E9EB,0.14764515776608425
CC_35094977DD75,0.147809517110505
CC_350DE157CE6D,0.16127011775730904
CC_351BD5C2EE8B,0.022453016023458457
CC_35486249EDEF,0.21048841929132106
CC_354C9ABE6DDE,0.06557691400790534
CC_35578162927A,0.11415441662854363
CC_357C3E7518D3,0.7419760146072754
CC_3584C15BF11F,0.035739236444841845
CC_3588C5166872,0.087753104052322
CC_35A68306B19E,0.2560788191972324
CC_35BFB3093D02,0.04728729043128067
CC_35C085ED37BD,0.532704550411209
CC_35C695C13279,0.07138994599940138
CC_35D1668A4C13,0.21966620466441397
CC_35D27495E0CB,0.7812672789076909
CC_35D562E1DBE1,0.6951653689069137
CC_35DCDC74A757,0.4757583624899081
CC_35EC2AB1D1EE,0.1430854470902761
CC_35EEB90317B9,0.6037034054777679
CC_361A9EAF7706,0.28711567361841583
CC_361B968FEB98,0.3092829336653864
CC_361C9FA031A7,0.7678903338564498
CC_3620C5D1B3E2,0.06200620759276791
CC_3622D7221940,0.03573837944284239
CC_363175E92F74,0.31422605175509194
CC_3638C9146BFC,0.1546538682911614
CC_3643A4C7EC5C,0.05901724783095704
CC_36690A9AE112,0.724745691981804
CC_36719170F638,0.08889339902795873
CC_3673466BA7A7,0.08056495537024441
CC_36847054DF52,0.34524979206725415
CC_3691CE792752,0.7411212561650206
CC_36A27FE53743,0.5005648037904831
CC_36A3FB06D1D8,0.7754929519861512
CC_36B0F2AD5413,0.05929472253223883
CC_36B1B7BF5F75,0.17040336429451036
CC_36B68E66951E,0.45783348646564814
CC_36D3F09AD810,0.43234514580043687
CC_36DBD8424220,0.5540664918870728
CC_36E5645D8018,0.08589456176245468
CC_36E6592E4E23,0.17770065116991268
CC_36F143AEC864,0.09186226599276914
CC_36F2A735DF73,0.18956175792933083
CC_36F81C003E8F,0.033080482787034356
CC_36FCD55EE425,0.5374369620823874
CC_3701D5DB7FA1,0.07865359797494617
CC_3706E1EB2587,0.5648842512867676
CC_370E0F8EF86F,0.5855192157911845
CC_371D47444D5B,0.6961546881964517
CC_372CFE308EA4,0.6498576033926201
CC_3731D90357A6,0.25270396270204815
CC_37322F66C543,0.03531719590945694
CC_373539DE38C5,0.13458015444691482
CC_375225700242,0.32058196335635825
CC_3762D0B6F3C2,0.11934107430336774
CC_377A277E831A,0.14975815299454814
CC_377B6066B91B,0.282022429532631
CC_378D71726B5E,0.07814197294686172
CC_37A46BD0DCBF,0.04253811619357555
CC_37B447368F02,0.7139278476801774
CC_37BFDFE369A3,0.21987450326550362
CC_37D09FE492BD,0.0736854024144785
CC_37D3F4C07235,0.30413451250900936
CC_37DDACE48E3C,0.13098210848177494
CC_37DEF85C0A37,0.3094248161943004
CC_38020CED9EEF,0.0849534220490247
CC_382207621EC5,0.7908534988257827
CC_38374AB27F95,0.08062773181948621
CC_383A5544DD5C,0.13338203203677346
CC_383C129A5B96,0.23598626964006797
CC_3847AAA649C7,0.11839475046403787
CC_3849D992C1E3,0.08390243156483862
CC_384BB17F0F0B,0.6088273849754156
CC_3851177E5E76,0.07721721058237689
CC_3862F88850B8,0.2891445666393887
CC_3867CFCFCC94,0.24454854325721714
CC_3872ED018F85,0.17412909925041933
CC_3881A587C072,0.13527337816829693
CC_3882F8EB5EEB,0.5973937352472455
CC_38911341EA6C,0.0873645569023937
CC_389E5B71E254,0.6088501303532328
CC_38A0DBCD3728,0.07734201668715243
CC_38B3E9142747,0.09530925583876816
CC_38C1B8860300,0.0498565080230539
CC_38C8CF250B60,0.028551538947504253
CC_38D32B790B4A,0.1376372033060066
CC_38EB304A9915,0.1815051290264765
CC_38F26461C872,0.7556361195251646
CC_38F942257E28,0.5443505945674834
CC_38FA5D78A8A7,0.0504830726932341
CC_3903D7BCCA95,0.0664620806682009
CC_39043D7ED04D,0.19118509542415515
CC_39098B256732,0.06567358827190169
CC_3909A2E4C679,0.1389453241866531
CC_392344DF8D55,0.3416238339704158
CC_392628C8AD47,0.09910139626446583
CC_39285F4C42BF,0.4008939306448122
CC_392A376EA1A2,0.09569357424351738
CC_3932E086F150,0.1740026467309918
CC_393D1D3640D0,0.06872650712063647
CC_3943B3490B49,0.6776410448263951
CC_394DE164DBCD,0.14011737950924372
CC_395600E84A54,0.129284210152618
CC_395D181A7E1F,0.10556255647550501
CC_395E8CACC437,0.13523068761068902
CC_39635AC6A70E,0.06267668684442454
CC_3969352E3ABC,0.09462666133029761
CC_3985C0DF9CB5,0.558431626804123
CC_3989F2C6A9F8,0.2158497326961151
CC_39A82672A1B2,0.07946287083069906
CC_39AA15DAE17D,0.6056706148298721
CC_39AA2A3D98CC,0.030848568873182276
CC_39AC257B00C5,0.10406716319144657
CC_39ACC63CDAEE,0.11926941569066182
CC_39CE40784C2C,0.20218363236466114
CC_39E1A306D418,0.146272566643027
CC_39F2B11C46D7,0.08640285981516932
CC_3A10F5F50A27,0.04991967055628456
CC_3A27CF9D162A,0.5975297667408231
CC_3A297424A7F7,0.11541091394636947
CC_3A39F7930BF3,0.08948781406406704
CC_3A57566F9977,0.593620619014753
CC_3A61121254E6,0.047771186804095325
CC_3A81C568A7F8,0.19614391458032915
CC_3A82E7050A4D,0.03848888275298914
CC_3A860AADE6CE,0.1479923468739167
CC_3A8B3FC29C9E,0.1314859561444089
CC_3A8E9056A5A2,0.09660681718640485
CC_3A9617A5777D,0.45333170999914174
CC_3A99D25777CD,0.1441385962368344
CC_3AA9E8D01340,0.5703498553521811
CC_3AAEFC09C290,0.7121774710295157
CC_3AB5E579843E,0.2688201622252554
CC_3AB77A30AD40,0.17755864541775285
CC_3AB7BA36A414,0.33371260388376467
CC_3ABA830A5BB2,0.11595847578231432
CC_3ADDDA550A57,0.10256137469373261
CC_3AE7B1151DC9,0.13362585966781318
CC_3AE9A209EE00,0.04379736075912154
CC_3B06FCD75C98,0.05874702917827171
CC_3B0722FB5E8E,0.29382877803384855
CC_3B1C51DD7429,0.18129746206653208
CC_3B1F4696D710,0.6129467502241481
CC_3B224413A072,0.25061082454283845
CC_3B35C3783CCD,0.26555442660377304
CC_3B3626F3DF9F,0.23351970007506542
CC_3B4405C7E486,0.5512996613187068
CC_3B4C4A9C9D99,0.257129744990206
CC_3B72F0E9E3F8,0.23734691563888616
CC_3BB02A95C6C1,0.7196543498347753
CC_3BB8B675C2BC,0.37235331899059465
CC_3BC51B069218,0.11099757499091399
CC_3BCA5BD201AC,0.16951871937049393
CC_3BCAC9793441,0.3107585248963175
CC_3BCBC867AC4A,0.040235293719689466
CC_3BE51412ABE7,0.4310102289943314
CC_3BEA98B401CD,0.6775913983447921
CC_3BED6DF1ABF1,0.17794540225591599
CC_3BF0BF7CF827,0.7878076074052465
CC_3BF110035599,0.6122142409174898
CC_3BF213810DEE,0.6642157426183292
CC_3BF21CA88D3C,0.4606129124285796
CC_3C0E29764C71,0.05793360429580423
CC_3C19509D4636,0.16287316949399505
CC_3C1B038BB068,0.16649533888796764
CC_3C594CADCA2E,0.20250800971629618
CC_3C5D909498F7,0.6282503922075958
CC_3C68D5179A01,0.11769511679828192
CC_3C83955704BA,0.7739554382048583
CC_3C93218F41B2,0.28512927399732985
CC_3C9CFC8FB4D1,0.6918297428034625
CC_3CA266EB55BE,0.11928495309858214
CC_3CE49C937F7C,0.0910142792719299
CC_3CEEB9C04F0B,0.37506952159375717
CC_3CF504AD4DD9,0.06867384817586002
CC_3D1092DBC5C2,0.21828990847217444
CC_3D185833E7BB,0.03891201329034631
CC_3D2309981121,0.33183084529491946
CC_3D27A0086AA6,0.20250608950430835
CC_3D3BE7D0F4D8,0.12596132774688756
CC_3D412B5EA919,0.08748800290949346
CC_3D47650C6F30,0.06432466779830492
CC_3D55D1FD8457,0.05532788413250045
CC_3D599501BA76,0.07810436788224133
CC_3D6181EE3C87,0.6657588595885594
CC_3D65CC165F44,0.14275987360933867
CC_3D6CF6DB8014,0.3811310910381866
CC_3D7C14801D40,0.17840084196015332
CC_3D836BDBF866,0.6457310981489749
CC_3D8DF3A3DB71,0.7470736855671303
CC_3D9309851089,0.18879641785848897
CC_3D9ECB4274C3,0.11867490547503282
CC_3DC8A9A92802,0.31558158318426377
CC_3DDD3813D1D4,0.09288592474035239
CC_3DF3FFB3CFC7,0.10747821640359931
CC_3DF88701601B,0.15531807681805684
CC_3DF91A482CFD,0.3215487959014194
CC_3DFD6349D046,0.651407034882359
CC_3E0D54125AE0,0.17967325770095421
CC_3E10CFE1DD57,0.04602532779877968
CC_3E13CB98572B,0.13712884962149205
CC_3E142C8ACA6F,0.0916568464560369
CC_3E1BAC4E5B90,0.07450768089559706
CC_3E2DD0D1E2D8,0.15293977937062994
CC_3E403BF08A45,0.09034059838859734
CC_3E46368104AE,0.09747837010275201
CC_3E48A086B5C7,0.24015696699356598
CC_3E54451B0F6D,0.09008140041303428
CC_3E6335ED3F4F,0.07882696333355646
CC_3E87A65C50A5,0.15004377390942064
CC_3E91109E2090,0.06090388942723406
CC_3E92A1EDA618,0.25435092368621104
CC_3E94684FE270,0.44628346862268975
CC_3E9DB402F352,0.1516521446362647
CC_3EB5A15A6C04,0.7881910874438803
CC_3EB8A9A6C49D,0.10306504358525309
CC_3EC96BC884F2,0.12222520376589284
CC_3ECA9E44B90F,0.2933875018750328
CC_3ECE4EF16A44,0.160672244986722
CC_3EDDB8E70F57,0.20874466140759046
CC_3EDF137D0E1C,0.13890622940277497
CC_3EEEE844410D,0.3667748825500505
CC_3EF4F348C967,0.11733346057729349
CC_3EF91DD11A81,0.14087426186982477
CC_3F08C55E7A40,0.19113145348697064
CC_3F171CED0CFA,0.02677332654213768
CC_3F2544EFA753,0.14083023967621583
CC_3F28F3286CCA,0.07942242397861951
CC_3F379CB37B0D,0.18519731240286466
CC_3F42D798AB1D,0.6379561391133196
CC_3F48724540D5,0.16665095849541073
CC_3F68068E2D5E,0.11046985489082116
CC_3F7FBE71B77F,0.05829290393180818
CC_3F80017B8599,0.04820543018321029
CC_3F8B17953200,0.06669755759224767
CC_3F964BADC4BC,0.7362151848722467
CC_3F9767602FCB,0.2050255191648467
CC_3FA84F0B23CE,0.04693886241952362
CC_3FB4B189143F,0.15231585418580584
CC_3FB7C976EB26,0.4759654675858911
CC_3FBCEB2F36D5,0.1373498916968088
CC_3FC4FE843245,0.12602280515514025
CC_3FD52E32FE8B,0.6652843240535391
CC_3FDB44EC6254,0.05818831111677283
CC_3FEFBD6DC62F,0.2458334884586088
CC_4005466D00ED,0.32384647768973535
CC_40095FFBC1A2,0.05707959914929782
CC_400F1887A662,0.1127386514677369
CC_40133FF3069C,0.08189654177674686
CC_401C6F0EED5A,0.11001243614602911
CC_4021AD03FA01,0.11739922592483945
CC_402E91F3A56C,0.12143601476682843
CC_403754B6988D,0.1128819632773003
CC_4052DFCB1656,0.22473319972795602
CC_40579C5C13D5,0.798776601004805
CC_406937FF97E7,0.08633593938604067
CC_406C4233347A,0.18601879699686166
CC_4073E42E11E4,0.25894515984030975
CC_4077BB12A5F4,0.10304866049392179
CC_4077DD5B5C4F,0.12444692019474261
CC_40824D899215,0.08122030747655137
CC_408D79189FBF,0.3154949577015726
CC_40A3F1D5EA0F,0.3641622477091083
CC_40A852A592FB,0.11657709156614936
CC_40AADA91D560,0.2126724626719766
CC_40B39CB2CC58,0.031977953435937054
CC_40CE2030F058,0.05598694316812289
CC_40EA2F8481E8,0.17055652686091508
CC_40EFD7778F98,0.15351445786498136
CC_40F278D49681,0.2760909054614092
CC_40FFCF631F19,0.38872895112185757
CC_4101D1B82788,0.209488368889826
CC_4109B79A4B06,0.03746138381746762
CC_4119348F051A,0.11044613665526826
CC_41206EE45803,0.07445023280819402
CC_412DF740DA62,0.1379548420378299
CC_413AB4CA7451,0.10504362308101983
CC_414C06C60FF7,0.7122791943402712
CC_414F50748A51,0.05482124512689123
CC_415C65EA66AA,0.048065477459599104
CC_415CED95F7CA,0.1374862024908347
CC_416584250060,0.1027702660805174
CC_416B3A1F0F0B,0.10189105632112788
CC_41735021FC7A,0.17488982231513645
CC_417858CD20F4,0.09617164487838023
CC_41902EFB3974,0.04212345091490281
CC_41A27790EFBF,0.13031762849006323
CC_41A4A223F39D,0.11242502597795184
CC_41B464757ED6,0.1312352905901734
CC_41D1A87E1136,0.43987877175701684
CC_420FE297808E,0.04451886185270004
CC_4211096D5588,0.14285109142766683
CC_421F4D78128B,0.46412281397516963
CC_422F2780C85A,0.32069858997040657
CC_423B0296BE24,0.07375349014202189
CC_423E78000AA5,0.1511171871477787
CC_4246081DD359,0.09651451304383342
CC_4249EDF2FDCC,0.7946988149003714
CC_42568C67F412,0.3654402004211378
CC_426A25EA9E21,0.7338645830834225
CC_427ECDDEECE6,0.30011426518746614
CC_4289EEC8F0A2,0.18087141704617313
CC_429A7158AD07,0.15113680492278725
CC_429C51AE729D,0.041406263432492756
CC_42A0DE1E5E80,0.075497561220643
CC_42A7D0F5388F,0.08827778074547563
CC_42B23C8C9F66,0.2001046004905767
CC_42BD3999AC3E,0.23890593042911012
CC_42C95B199130,0.4196072462039164
CC_42CD6CE97523,0.44345244589903837
CC_42DA114F12A2,0.24525140975136292
CC_42E2736AA331,0.20256989072010384
CC_42EA825C351B,0.4506772817575807
CC_42F1B2B4D258,0.5449694951812118
CC_42F4588EB38D,0.29879041683426816
CC_431F29A12E99,0.23469617001840648
CC_432EB78A198D,0.24507130207549296
CC_43383344BC72,0.1812164702901471
CC_4339187DD10A,0.06155744197436007
CC_4344A2E7EA1F,0.5006993878487775
CC_4347468ABE51,0.5827934031982248
CC_434894BC2577,0.04731114179701154
CC_4362DB93FC92,0.09871256484090044
CC_436850DDC704,0.13788019131397358
CC_43698E2EEA0A,0.10813342529578615
CC_4387F73F131E,0.14667771031625915
CC_43A33C994C70,0.359622932536988
CC_43ACD82B5514,0.29749379429919476
CC_43B37131B8FA,0.20770515978523488
CC_43BFCAF8BD20,0.17150834369795975
CC_43C060E01266,0.20685433372488465
CC_43C41AF27375,0.054547785777569024
CC_43C5AFA48B93,0.06329555740152568
CC_43C767A44C55,0.2068048547520557
CC_43DECAB53552,0.04445520346573746
CC_43E6D931158D,0.36628249820710324
CC_43E9F88019F8,0.05772709420454726
CC_43EBD6EBD675,0.06609103880593079
CC_43F81C577002,0.31988770654848125
CC_443C4E041687,0.07550920632440812
CC_443F63BF238A,0.10467298302403413
CC_4463776F9AA1,0.09447802172189575
CC_446F1EDF03C8,0.06194484662197184
CC_447BAD4F7820,0.8181014411340487
CC_447D02F917B5,0.05643520454992178
CC_447E705746E2,0.15337373291831996
CC_44A017104F93,0.645342011569163
CC_44A1E58CDBC0,0.048344234055810356
CC_44ABCC04C418,0.07652404996635917
CC_44BF6BCCFC2E,0.0464637174470084
CC_44D0671A3B87,0.1321863132533118
CC_44DBEE3A7D81,0.19083234728377638
CC_44F7DD6A88A1,0.22507856733804965
CC_45080C42280D,0.1939487272574124
CC_4524AD74135F,0.45105859103076673
CC_45262103231F,0.2027767997339593
CC_452D8C5D039C,0.7825073223540777
CC_452DECDBC90F,0.06784130438041212
CC_453C9B3A5992,0.4820401454013845
CC_4542AACA1FE4,0.1073022945541138
CC_455209549D3B,0.7783042619684779
CC_4555C804C4D0,0.06516810123331841
CC_4581E4190B2E,0.10801949567209834
CC_458912F91D6F,0.43297148276880004
CC_45913E1BE65C,0.3228586344091343
CC_4594791FB40D,0.11683335226576747
CC_459B49073E2C,0.354928460334778
CC_459EA8E0E2EF,0.13411435876481143
CC_45A4A38557E9,0.13403501250453195
CC_45ACE2B1DB6F,0.06042770503039602
CC_45C1A92F0E8D,0.09715389853503603
CC_45D0673EDD20,0.16325348391834082
CC_45D70DC84DA0,0.11165536841571254
CC_45D96479EC1E,0.06086173532851482
CC_45E8597BF74E,0.06423284280882725
CC_45E97246F83A,0.28382198964858923
CC_45EC44761309,0.13720039730522005
CC_4603A6F83E2A,0.05878529358325871
CC_46045CEE8330,0.059719028934116146
CC_464E17187A4E,0.41080078860817093
CC_4659FB4B8536,0.14643583539965357
CC_465EF4F9B68F,0.15311892719429632
CC_4663FDE62E3A,0.27695948048379204
CC_466D54BE0809,0.07647140763302589
CC_466ED9BD34B5,0.07350083991965688
CC_466F7908E13D,0.20888700489809753
CC_4695A5525A11,0.1795139255437019
CC_46BBB8A4854A,0.053418424677720726
CC_46BC61EC8F2E,0.20115224309911883
CC_46C0DFA660B0,0.12388551555586345
CC_46C2DCF84CA0,0.108371328226827
CC_46C38B9F0D8E,0.098222593092849
CC_46CAB9AE7C87,0.5413577658094695
CC_46D0D1ADEA59,0.17835684175392996
CC_46DFC1AA0821,0.773260014156324
CC_46ECA5976180,0.1258026093858018
CC_46F5F6D27991,0.08995659429825448
CC_46FE9F226120,0.22795825854702373
CC_47130CC63FC5,0.1818562046320171
CC_472330768F5F,0.0873187165252748
CC_47292EBB8BD1,0.12410356302832226
CC_4734AB1281DA,0.06186195695865128
CC_473989E6BA47,0.2776134963988276
CC_473AE07014DC,0.16693280172499053
CC_4741EF45C3DB,0.2187110816491855
CC_474586BE49EB,0.14542124059555078
CC_47490BF44944,0.31757155487824296
CC_477213DAED38,0.0817425439114397
CC_4778086276B7,0.15563279802745636
CC_47910B073CF3,0.17510701470053583
CC_47939776FDF6,0.7133962243673386
CC_4796F6A64420,0.06578711774741862
CC_4798549B52ED,0.30730340573592596
CC_47A3714E7D2E,0.30400131707980577
CC_47CE219EBAAD,0.16952985451251285
CC_47CF9074E03E,0.167482919236586
CC_47E4537A53FD,0.14782356667554616
CC_47E8BC938FA1,0.14130318104271633
CC_47F134D17818,0.1338312647305357
CC_4812FBE05C7C,0.35324458634898737
CC_48152725FAB1,0.5374468600263947
CC_482256495FAD,0.6700806766006328
CC_4829FF15D21E,0.13970349891708414
CC_482D26D81935,0.6334680189091787
CC_4838990A8D02,0.05562664506935733
CC_4862EA9CD1DD,0.04994160498202903
CC_4862F8C1B0AC,0.0873912670329543
CC_486CD67D26CF,0.17214414823450586
CC_486D8F9AE549,0.3370285087744272
CC_4877D1BDB737,0.12266982020209416
CC_4885E34F0B26,0.1279627006619648
CC_48928CA8082E,0.15713574448535458
CC_48A74FF0E6C5,0.08549073492587232
CC_48E0791DDD62,0.06971559472017375
CC_48F620B6A472,0.10762069996635795
CC_48FDBB1D7493,0.13311014255697395
CC_4910EC928152,0.1369511206897548
CC_491C18C17767,0.060206927818211936
CC_492F65EF8D9D,0.7795150131549045
CC_493DDD53B97E,0.0552609598298813
CC_495F82AA5B9B,0.16296595543067746
CC_49618412FF86,0.08023785179803603
CC_496A7CFA344D,0.7582935231840897
CC_4983EBABAE3F,0.06681281640603914
CC_4992C1915957,0.5529921112339005
CC_4993B31028A7,0.08420221744759279
CC_49945441A644,0.17792636213570623
CC_49A80692BC68,0.11253994753799364
CC_49AB67613A58,0.16796007955667352
CC_49B05CADDD95,0.5635384846768335
CC_49C6F9AD111E,0.08596337279307463
CC_49CEB94F0B3B,0.04399662903711053
CC_49D3A79B55CD,0.07767831584662882
CC_49D6671DAE8E,0.11933125963371138
CC_49E6C539B1CF,0.059307859812178745
CC_49EEDF0DA684,0.03282741805166295
CC_49FC290E33A7,0.19104325721946858
CC_4A01CF2F67D2,0.726737575566443
CC_4A16DC668832,0.5342086991597291
CC_4A212461781C,0.07159961238648951
CC_4A237A8E6706,0.14444215002946523
CC_4A3DFA0E27A4,0.13454215086129317
CC_4A513D39DCE3,0.046617228133087454
CC_4A532B0E6165,0.17234531793764493
CC_4A5FA9F1C804,0.10060962218693784
CC_4A7BDEC665FF,0.0554231427078138
CC_4A7FC9B23222,0.33902556191288824
CC_4A8A7080FA25,0.26593102684949493
CC_4A8EFD589879,0.060354876734918066
CC_4A8F7D2B857C,0.16277304238241647
CC_4A91E8D4289D,0.3940639962002892
CC_4A93163A12F4,0.3158399693132745
CC_4A9FEF48EA65,0.11724386337318077
CC_4AA73D751AA5,0.31698324071215145
CC_4AAED0C85F70,0.1425802145952148
CC_4AB1DEF044AA,0.040504265909471426
CC_4AB5AE299217,0.21915286042809623
CC_4ABA0CDC2270,0.18078900154633326
CC_4ACFFC2F295F,0.6049295967013177
CC_4B0490BAB1B9,0.07350816909092275
CC_4B28B03CEFEA,0.09082880538350926
CC_4B420765EB9A,0.11645511986736648
CC_4B47C16D9867,0.11999363466174476
CC_4B494C4D7D03,0.4233011483720531
CC_4B4C84B015C2,0.04116604226730841
CC_4B607295E983,0.04424944086667965
CC_4B6D24E81483,0.06260428000854311
CC_4B77AF6FAF2B,0.6564931710640076
CC_4B7EC3F2FFBA,0.06026966284340765
CC_4B85318DFA50,0.12709008066692543
CC_4B9B36B36DA5,0.7445280928188234
CC_4B9E0AD5D692,0.546629108598909
CC_4BA041C9678C,0.11929077699979168
CC_4BB40F2129A6,0.11278666755547728
CC_4BB8FD274E2A,0.053806681526995206
CC_4BBB8118FBBB,0.14922996713982128
CC_4BC8CB91719F,0.13298874664627075
CC_4BE447D54BB8,0.17450123689886354
CC_4BE85B1BDB62,0.3287461834339986
CC_4BEF3C7F6395,0.26368639169413294
CC_4BF03FF61B97,0.43531081870201016
CC_4BF4C38EAE8D,0.22742080376155405
CC_4BF95B8140C8,0.09525643512402636
CC_4BFE0CB61B5A,0.41730695339321333
CC_4C2A3F254101,0.36389357911762055
CC_4C351DEB6230,0.23675145664966046
CC_4C38031A2A9E,0.10062361018108751
CC_4C3E35875F03,0.09892948766048718
CC_4C4D79F933B2,0.11319294382601228
CC_4C56497F4AB0,0.6444861283803998
CC_4C827B493CFD,0.1799975694864497
CC_4C849C6073AF,0.1310185685427509
CC_4C869E6F618A,0.1431613761413725
CC_4CA21C15763D,0.12845184072234417
CC_4CB2F1CAE684,0.1162264896702384
CC_4CC0265E0778,0.05035968777705869
CC_4CC5483903E9,0.5484973735631894
CC_4CD7C76FE235,0.44079335199936154
CC_4CE2BFED4F4C,0.08407014684019412
CC_4CE751CB58FA,0.4113862209246316
CC_4CF3E184C500,0.042486496819690904
CC_4CF668E60D64,0.2438012086764122
CC_4D1A1AF53E18,0.04084077819328029
CC_4D29155FCF33,0.2279696717567321
CC_4D2CC7618AC2,0.5608042783706686
CC_4D350FF7402B,0.33678407146267164
CC_4D38AE84E3CB,0.18274233138178397
CC_4D4140E1056D,0.08837830721812652
CC_4D5545FAB130,0.5458639661154407
CC_4D55E218946E,0.08223545633238641
CC_4D5E14BD6AFA,0.09670741559883514
CC_4D78935D66E9,0.06236892364071453
CC_4D883AAAC6C9,0.030764689454927188
CC_4D8D8108C51E,0.6108146336739124
CC_4DB40331777A,0.7944533033103747
CC_4DBC8652D26F,0.0966047961937843
CC_4DC0E154EBB0,0.6924145181858594
CC_4DD5B8780C4C,0.10246240061136003
CC_4DE0070FF683,0.11596742567090926
CC_4DE688CDBC27,0.09173183978719993
CC_4DF37857FCEF,0.06307256975777387
CC_4E20F0249BC6,0.7491671349781893
CC_4E2F01B7B9EE,0.16406515420014844
CC_4E41C247B4E5,0.14699281430015554
CC_4E479F6989A1,0.06649522581497441
CC_4E48AF17BC29,0.0811962802068664
CC_4E6BE67E3C4F,0.04347502868178967
CC_4E70939C5933,0.4762555901451145
CC_4E70FB172717,0.18794623668234195
CC_4E726EE8C026,0.21407081691813473
CC_4E76F48DFDEF,0.09666743525466842
CC_4EA180B2B913,0.035885430858406134
CC_4EA67A160C3E,0.605372525794111
CC_4EE41FC91AD2,0.2084592669421529
CC_4EFECC6C2E36,0.6449540906098568
CC_4F22CB97C34F,0.03847970423308897
CC_4F2444DC6C75,0.7849574383886904
CC_4F2B7F512DD5,0.07340740911998646
CC_4F504A9744FB,0.1144280216184286
CC_4F6FEE589187,0.15437831893662607
CC_4F71AAF96C32,0.09350992067933106
CC_4F76E57C55EF,0.3879520395246635
CC_4F88D3E5AA2E,0.03831515724951532
CC_4F8A4384F6DE,0.13785095700708727
CC_4F8D83DCCF25,0.2215708369143497
CC_4F956AA47816,0.6985532213552255
CC_4F99FCEA10E8,0.11421755253049619
CC_4F9F10A183F6,0.07603712207942477
CC_4FA766935F14,0.12610676469415322
CC_4FB0B9E398F2,0.3228558869947827
CC_4FD0DF6CA3AA,0.04641808018582711
CC_4FD902F7ADEC,0.08278825549999183
CC_4FF1155E3A6B,0.4272172740281488
CC_50103368F241,0.08416107675903485
CC_5012B9991935,0.10274081012553052
CC_50172FF2C2C1,0.13747559154308236
CC_5017C9BA7773,0.053000545375976094
CC_502C3D0EC4CA,0.12970701068700866
CC_504157951119,0.04858710264436632
CC_5042938B5A9A,0.44310985452470564
CC_504A57293FE4,0.7969973636978515
CC_505812CFE43B,0.3631855224796072
CC_505A6EB06E39,0.319960381668641
CC_5064CCE0EF29,0.22409093142054654
CC_507BDF639FB5,0.17925487493648412
CC_507E53684AB6,0.1437133834066514
CC_5087A0D1765D,0.23492286517503647
CC_509229AEC221,0.20078364637119514
CC_5092D3A72B03,0.2471527276787568
CC_5092DF691F74,0.4693933373134147
CC_5094BB59416F,0.20965084949653018
CC_509926B384D8,0.7552800749250289
CC_50A6C96DA7D3,0.04827200161613645
CC_50AE75A10F3B,0.3131856362757148
CC_50D4BB93EB1A,0.07039550337326722
CC_50DF7B02E356,0.20563627889959718
CC_50EB53CFE7F8,0.05442211187124832
CC_50FC7D563CE4,0.17235883895814766
CC_5100E6EAA3FF,0.18629954955090294
CC_510F2944B2A0,0.13568807336967223
CC_5128881AAD54,0.158606721507713
CC_5138941DB7A2,0.13153662950419862
CC_5139EF8BEAFB,0.14074944649486346
CC_513E5EEC6B04,0.11791857212298629
CC_51427EF15375,0.28877526786063723
CC_5147B281DA64,0.3982174997270965
CC_515D968ED36E,0.08123914473628617
CC_5176FF858154,0.10890627928719168
CC_517CB40FB016,0.0772058908805702
CC_51884D5F3E4D,0.10450578150461917
CC_51AE98263438,0.1386559297904603
CC_51C9CE782368,0.1869712955253795
CC_51CC80D1570F,0.052721086589561844
CC_51D2E3476902,0.06581540132902279
CC_51E05E706D64,0.12893206524178796
CC_51E5A5E9801C,0.05265424258807633
CC_51F5DA44F9A0,0.3736675002930515
CC_51F6BDD355F4,0.04738064987473419
CC_51FE657FE212,0.0835619856369599
CC_520950C9BAA3,0.058387862272228155
CC_520B1D31AB99,0.12331517116887664
CC_522550E1761D,0.7577447741147183
CC_524CD519E76B,0.0922772033568407
CC_524FE9E3DAD3,0.4412134290895991
CC_52629A025048,0.12475612063027952
CC_526765FC100C,0.23142176890776933
CC_526E56249FFA,0.2978169504193626
CC_528B42A34966,0.27164627727515267
CC_5292B36E4882,0.24401786378237322
CC_529A2F110236,0.13332648514201803
CC_529BC4ADAD6A,0.20761494023594762
CC_52C1C5A6F887,0.08842288692374456
CC_52C3B674FDFD,0.22775085710655985
CC_52CCBB8F9964,0.08609550241952309
CC_52D21FFA24DE,0.7350959781097824
CC_52D32EDBAA78,0.19730803688852916
CC_52D7821A8363,0.12984610386881265
CC_52D9087EBCD6,0.799905556444954
CC_52DD62E1AC2E,0.20374349317253238
CC_52E8B04F0FA0,0.14308005917959737
CC_52E965E9E2C3,0.14789475929426918
CC_530BA492842A,0.29963120009246713
CC_530F6E906D6B,0.04280681759423858
CC_531FCFBE3B13,0.09187867263324201
CC_5320DFEAD897,0.17982237267055443
CC_53319AE7B829,0.6381038583885335
CC_53481151859F,0.04283531279444156
CC_534D4FC05F82,0.17993710363094872
CC_53687DA8C9E5,0.3440557567071931
CC_53795A7B7751,0.0507585414160307
CC_538328A6B3BA,0.46760276378371735
CC_5385266461B1,0.18558227950593645
CC_53891CB35BF8,0.1537216573534071
CC_53A6E1083B13,0.06763306695578192
CC_53A77DA726A4,0.07008820974478205
CC_53ADBC2F6E34,0.23912351160161952
CC_53B249809561,0.09570865110463435
CC_53B2DF5B019C,0.054068390030452884
CC_53C1F3E031A3,0.16823896036559538
CC_53CBF2E8AD05,0.40448273297827997
CC_53D04793ED9D,0.07565860504266547
CC_53E23A9B6F74,0.06259054445039344
CC_53EB59C99100,0.43105457351244647
CC_53EB9AC04311,0.112922752834256
CC_53EC732C9B30,0.03075664313867877
CC_540122E71534,0.13013917109343853
CC_5405C89DF8BD,0.6910571658766933
CC_540D69F5BA23,0.13680613206339537
CC_5414446319CC,0.6864591898110555
CC_5418410F95A2,0.08362335321042093
CC_5431A01C30E4,0.08141658284717515
CC_5452437FC605,0.3826267730852957
CC_5452979BF98D,0.062678652618499
CC_546EE83F84A4,0.5083229128519556
CC_5473268241FC,0.1579252074831808
CC_5474EE64D859,0.2732403813934589
CC_5476E2B2FCA0,0.13543381651537045
CC_54892024F98D,0.19655303048944883
CC_54B33C66DCF7,0.09133435359783623
CC_54CF66B660B4,0.4504624765777999
CC_54D3A35EC69F,0.06806807773654089
CC_54D6AE2665AA,0.11022609785551171
CC_54D93974E62F,0.324892543929179
CC_54F5F552A0F2,0.12289089810412135
CC_54FC3B361BDA,0.09857558348746936
CC_550135E8FAC6,0.13862007219127195
CC_55020AD0D117,0.14831555012975994
CC_55094AF7EFEF,0.10453098384151677
CC_55126E23462E,0.03404823692391067
CC_554C21CCAF3E,0.11795128956785056
CC_554C912C7DBE,0.06472857702610314
CC_556B02A2B401,0.2638770162365074
CC_557A0B0CD0F4,0.17740304573591936
CC_559A14E729EB,0.308999593108936
CC_559F0DD4E4A7,0.31964454038707746
CC_55A82B4E57F6,0.13955768116568812
CC_55A98ABE4C75,0.13403335873128072
CC_55A9D45EA466,0.0396132100276534
CC_55CB872FF50B,0.2593443991223634
CC_55D9E3D58435,0.18412856449873038
CC_55DFF3C3BB46,0.08253442236063756
CC_55EDC3996984,0.1628142462161925
CC_56013299D8C5,0.09939952762483859
CC_560B519C1F50,0.08167673255884164
CC_560CABF0F5D0,0.2192488707819238
CC_56178AD87948,0.24129534016363302
CC_5619A7BB54EA,0.1166503685018305
CC_5624319D7B28,0.10631400192991608
CC_5625119D6C37,0.20950887212511501
CC_562BE7245E1B,0.6952631573814523
CC_563684010DF5,0.5712849550797244
CC_563EA9A29338,0.10981334071337358
CC_564590AFB575,0.03437013557561651
CC_565E01191BF6,0.5839878980962679
CC_56612A039382,0.06669652637986641
CC_5665FB827721,0.5734551257581373
CC_566932C3CC97,0.09937173114306448
CC_5671D59B2A51,0.1263426444857768
CC_567E7DD24A97,0.09108175848840869
CC_567F47F37683,0.03767977880518776
CC_56847A91065C,0.10116335498363041
CC_5698480F8634,0.057496414007611726
CC_5698B024CECC,0.5972443505975034
CC_569DC051A2EA,0.10941363918796519
CC_56A322152604,0.317359606579683
CC_56BFD9A8335D,0.3432794659245569
CC_56C9379BADB6,0.03422418209314785
CC_56D410FD8F56,0.3818445546672474
CC_56D4549919EA,0.17437957027374257
CC_56D918CA6353,0.1272609045500166
CC_56DB30CE666D,0.1805753679557734
CC_56E760C3206D,0.2524857877098217
CC_56F73F905615,0.8063560016653668
CC_570683C088DB,0.15344157067471814
CC_571C6AFD00ED,0.35039281606234496
CC_5725663C3B89,0.12124422969290155
CC_57291D7667C8,0.15050911696755911
CC_57313F6E7927,0.18268552231541518
CC_5735F9B859AF,0.6140517455639589
CC_573B34826B2B,0.6261839889351193
CC_5744447CAF7A,0.06560472682192334
CC_574CC0FC7B05,0.10421484237811283
CC_5759E2982909,0.0675841886554269
CC_575CCCCDD7B6,0.6257122561458504
CC_57603A37D19F,0.04037488906877609
CC_57639D4995CF,0.21189188478801974
CC_576E6676FD55,0.06541957890994185
CC_5775C148E05C,0.12113734929802798
CC_5798E560E9F3,0.7650117863069876
CC_57A486F61065,0.5721245839869926
CC_57A726458B99,0.059441033627942064
CC_57B0D41BD7D3,0.3457963884578398
CC_57B501E60C35,0.07875824353728686
CC_57CA90509CB1,0.7290058142846442
CC_57CB7673547B,0.06431625942699533
CC_57DE479CB61A,0.7314144892952648
CC_57E7F1A6B895,0.033074534155146856
CC_57F13C4115FA,0.3407327422577765
CC_57F480CA9A42,0.0826802228030124
CC_57FDFC6DE726,0.28098839774662326
CC_5810468B76BE,0.14513677781600715
CC_5810F212B2EE,0.32019096522701823
CC_5817759E7007,0.14058460376798707
CC_5818B5089B3C,0.10391367222963761
CC_582C78363EB6,0.09279389679421984
CC_58391600720C,0.13087153102789553
CC_583D7B177F85,0.08067261609160568
CC_584C11014F63,0.13660356838963278
CC_584CDC12578D,0.05950607196867891
CC_5852F443C55D,0.07877248635680305
CC_58565AF0F70A,0.5467554502927849
CC_58568DF9AECF,0.17844964896165402
CC_5859EE6309D5,0.46490003797397916
CC_5872B45E1C19,0.7432819255074791
CC_58797A417EEA,0.21008782635193296
CC_587A4844B482,0.2170235561645214
CC_587C0CC3DD82,0.6461336610588111
CC_5881A04052CE,0.09087221077417897
CC_589A4E02EF81,0.1430339988880746
CC_58AB46E5655E,0.1473838515004593
CC_58B0CFC9F3D2,0.05892175760822305
CC_58BEFDA6B4C6,0.12281203859095749
CC_58D95C7247D5,0.051234850822492066
CC_58DBF3409D48,0.06206330833627355
CC_58E35A47B880,0.16069773617055882
CC_58E40EFF57CF,0.3967871707461045
CC_58F551219BD6,0.04381495008950991
CC_58FA76C6C45C,0.5767508455568437
CC_59018149723B,0.05789632529995521
CC_5904459ACECB,0.7693310617423033
CC_59088B2886E8,0.037045667819472036
CC_590D2E0AD18E,0.5943943296329179
CC_59146CA05E8C,0.06357147168583084
CC_592592397DC2,0.5156448335612501
CC_5926F5B4E054,0.1653090582958202
CC_592A5A163624,0.3290579588745366
CC_5941C323917F,0.07321844379020276
CC_594E4E86A1C6,0.21721188859261092
CC_595ADAA76A32,0.08621988497826641
CC_596A20270C3D,0.16269470015532894
CC_5970E93E11DF,0.25391307632074406
CC_597AD111527C,0.11856374538691497
CC_597FDFFA265C,0.09543578374396094
CC_599C287D2BAA,0.3936245468392824
CC_599E345094D2,0.1362338913917497
CC_59A4741B5A92,0.17667207631374182
CC_59BB3A5BA2A3,0.5488816665745304
CC_59BFD1200F6B,0.17973106512442155
CC_59C07CCAF4E0,0.21925818369512107
CC_59C49474B501,0.13801634087886544
CC_59CFBC2CA471,0.5664299837951028
CC_59D62BE0C0C6,0.09605756336573486
CC_59D86F572716,0.11938556872256423
CC_59DF71FBA4B0,0.044679613816145866
CC_59ECB7465DCD,0.061461515797847796
CC_59ED43A803B3,0.03404142898434061
CC_59F5E81F4EA0,0.1497006503185206
CC_5A10371BE7B1,0.7912636838210869
CC_5A2F9A594A05,0.5740102207555691
CC_5A38E46246FC,0.4140400201301561
CC_5A3F52B0A07B,0.20955843468797136
CC_5A5507A49F6D,0.09529919585637603
CC_5A58A5E6DE82,0.10271313091352915
CC_5A5BB6DC1018,0.18627932735673836
CC_5A5C0DF50E01,0.12450512761190735
CC_5A633C535360,0.09968657447568843
CC_5A67E62D8D5E,0.6235103276478744
CC_5A6BA0007593,0.11880597729716111
CC_5A7513434C72,0.035773429486016216
CC_5A756D8AE60D,0.23427942897403514
CC_5A7C13841B7A,0.6320913033021861
CC_5A7CBB6E8716,0.2271917113698426
CC_5A83A1E25A2B,0.3367411732173464
CC_5A86EB53A14D,0.7281171746725973
CC_5A89E13CE597,0.14910159749410884
CC_5A9466D0CF9F,0.11341647062499297
CC_5A95331BD0C5,0.11631669858283801
CC_5A9F63C3E428,0.06930246199061035
CC_5ABC76FF707A,0.054529683551627656
CC_5AD0F1B43457,0.10997334511044748
CC_5AD82250C271,0.03736465951945443
CC_5ADD27165E38,0.702442889056909
CC_5AF32E5C8018,0.0377497347691793
CC_5AF3690FA0B0,0.1908708978994465
CC_5AFDFAA63B45,0.15142258834812156
CC_5B025DA26FE6,0.05057894424784792
CC_5B07C7DE7E7E,0.22092990767510068
CC_5B08171A6880,0.1755547949671703
CC_5B09FB1A0BE2,0.07126296678671401
CC_5B0D6BA12702,0.44762873953270294
CC_5B0EF2D4C3CC,0.16841009878352897
CC_5B195D88C182,0.3740298803027402
CC_5B1F6FE71A38,0.05692841960057035
CC_5B247961602E,0.058630084519003436
CC_5B276421F4CD,0.04247675345263089
CC_5B289AFA1662,0.24588562256243784
CC_5B3A16421A31,0.05325633269818103
CC_5B3E78897EB7,0.06941935669565591
CC_5B480B44A9B1,0.12364171542123537
CC_5B546C3A21F8,0.17782896991879066
CC_5B5BC4023EE7,0.15749713152030956
CC_5B6D63DD34B7,0.09198840897208627
CC_5B6E868912E6,0.05452066516179192
CC_5B818D2581FB,0.14148248844559524
CC_5B82E8BB921F,0.28811844284908783
CC_5B8E8DA14EE6,0.168402559408859
CC_5B900A135A69,0.08413719696850575
CC_5BB64BDF3C99,0.1045711457936778
CC_5BCB2C79D1CA,0.22760043322486423
CC_5C072DB8586F,0.05825747619584253
CC_5C0BEC2A0850,0.06222270772350022
CC_5C24010127D1,0.34603091339848213
CC_5C2DAF5E0EB7,0.4202470510831632
CC_5C3E8DB90978,0.11728988395946364
CC_5C4A7CE69975,0.2954731224972008
CC_5C5766F933B0,0.4681399640303249
CC_5C5808240054,0.09499095600000666
CC_5C5D6E15EA27,0.1788629969471835
CC_5C60C4545922,0.11401859092835788
CC_5C626D70F6D6,0.14991724864277683
CC_5C670F0622BF,0.05319636174555857
CC_5C799E57EF53,0.05963039723534353
CC_5C7B44735AF4,0.1798055169588012
CC_5C7D8DF047E9,0.17493073425237374
CC_5C80F394EFC3,0.12837529382112164
CC_5C99E6189441,0.10324130731683975
CC_5CA9AB4A6AB4,0.11751275563501225
CC_5CB78ADD2432,0.13898856695427553
CC_5CDE37CE08CF,0.04483054367004049
CC_5CE258D12432,0.33841517359849504
CC_5CEEF006ABF9,0.06041076038765923
CC_5CFD2850E277,0.23248221695359084
CC_5D01F71B9FAD,0.10944084778330979
CC_5D065A455A45,0.20201171341687751
CC_5D0AA7D4954A,0.22986914309738732
CC_5D242448B812,0.11841446156548366
CC_5D2C5115BDD2,0.1886050326058417
CC_5D3273E039AF,0.669893341424124
CC_5D398BB3365B,0.06827093719334217
CC_5D3C1CE64952,0.07501086960302751
CC_5D4B0EBB5CD6,0.13254700509149187
CC_5D5E897588D3,0.0943763407608857
CC_5D65F25FFB8D,0.04415109318768805
CC_5D665A86C465,0.11519608538848455
CC_5D80C353E475,0.1056442103590404
CC_5D8895A0AB4C,0.17950895452620685
CC_5D88A673BF50,0.208385258030249
CC_5D89688B69A9,0.3862953268031555
CC_5D8AC8E18A8E,0.07171426036970446
CC_5D8E7DC2FA6A,0.564051635965177
CC_5DA29AD9E85E,0.051194853977880095
CC_5DB286EAC626,0.2859189111536833
CC_5DBC1BB95B84,0.7880600508330173
CC_5DC0A465470D,0.04768865920789924
CC_5DF82CB03C3F,0.11353802309258251
CC_5E001C93F359,0.06072671305024989
CC_5E029094A55C,0.6634495176184334
CC_5E0808121A65,0.13855583123498888
CC_5E1117E4E593,0.1312834253852709
CC_5E1541060A97,0.7163562696865884
CC_5E1C11540C0B,0.10904511548933994
CC_5E1DC0E143F2,0.17832757599001497
CC_5E206AC277E4,0.24764686968596786
CC_5E22B4BC8B12,0.08981485927079644
CC_5E22D889B6BF,0.13347873081481676
CC_5E38425EC99F,0.7070342782460803
CC_5E3A70C2077A,0.1585556359093947
CC_5E5607D275CA,0.13052742052466837
CC_5E73C3D2B3EE,0.16384202490116778
CC_5E7F23A07A71,0.09274189893281115
CC_5E80A96974B8,0.2235512875161103
CC_5E8C0453B9B8,0.273181159421051
CC_5EA599FBA5E0,0.5381717159899724
CC_5EB379BA6C7A,0.11923835225596045
CC_5EBB96F65AFE,0.4037122623968141
CC_5EC41568C2E1,0.0962957818724938
CC_5EDB5C924107,0.2874855678288422
CC_5EEE5D0FF8D3,0.19915944020498838
CC_5EEF07FFC243,0.06351483643331352
CC_5EEFD690759A,0.08793713668525209
CC_5EF2176F01D5,0.10800972547259893
CC_5F17CA33D26B,0.0675111395119459
CC_5F20750D6658,0.18284788983329003
CC_5F2CE32A6EC3,0.1175272529515663
CC_5F328EE757B6,0.04508395099304135
CC_5F35B8D87D06,0.2296698939317645
CC_5F390BA40E83,0.6922076926281099
CC_5F59092CA9B2,0.10406914136398848
CC_5F5916E96E19,0.1568738020844598
CC_5F5E835B9E6E,0.08331521949410976
CC_5F648D39D67F,0.5607021531617895
CC_5F6D4104C808,0.1689132318934933
CC_5F72EBE104D4,0.031361258161253194
CC_5F765C41F051,0.05590778714422992
CC_5F8859A6F0DB,0.02818378336355498
CC_5F88ACC7C384,0.11876290055412103
CC_5F89DFA97B7C,0.5333250033611546
CC_5F93A3E31DD6,0.5929173049328043
CC_5F9A44423DD4,0.1438425124845757
CC_5FAA7965BD71,0.12471710917454673
CC_5FAFA265CA02,0.3498892972669657
CC_5FBE1A34704F,0.17566385095723183
CC_5FCAA919577A,0.19893409297121564
CC_5FCD208ADD77,0.19167269136539647
CC_5FECD2BB0094,0.08968973276982353
CC_5FFDE52E6B7A,0.08498878424315412
CC_6002BFD3F26A,0.14664648425138269
CC_600311592F72,0.05497590617476722
CC_600AE12112D6,0.26971167187292144
CC_601C3178E38D,0.17173871167225047
CC_6037EEA42F2C,0.3684891202067612
CC_604C08F76272,0.6693126125260842
CC_604C72AC662C,0.15123952456978318
CC_60510AFA8A87,0.16722016918540952
CC_605E2E26E52A,0.19896426921698598
CC_605E3904CD8E,0.15266042322996562
CC_60611B935106,0.14622685357321863
CC_6061787228F8,0.13419332686022464
CC_607270A72DFD,0.24357725054650473
CC_60738E418DB3,0.13003458909939597
CC_60961DF8A134,0.11365852264034987
CC_609B7A7FA165,0.07586904159499723
CC_60AC5C892D01,0.09360198097193617
CC_60C09FF84412,0.1709725879074867
CC_60C87349D73D,0.3161560813330353
CC_60DA2FBF1FBF,0.11580054489561034
CC_60DA539A39FD,0.17593180205301656
CC_60E974A0B278,0.06665398356109054
CC_60EF7D647EFC,0.05282694455484431
CC_60F525A39898,0.027911965109169656
CC_610009B69EBA,0.6721773939449643
CC_610FDDF5FE54,0.1488897272704807
CC_612C06CB5FF4,0.10277859743472408
CC_61307D82CC26,0.6686736625064227
CC_615030FD33CC,0.7096595282767955
CC_61649241FE59,0.16780752530762674
CC_6170051A606A,0.1540501053903262
CC_6179A630658E,0.07536702527548475
CC_617BD59427E7,0.1015737265398247
CC_617EC8BD5153,0.21327689142462103
CC_6191E14D21BE,0.05763002288247384
CC_61A798B8D222,0.040678369716687035
CC_61B4A983D1A1,0.07006865009245128
CC_61C9732AA682,0.7126100977463152
CC_61DC64E37471,0.05159647557969756
CC_61EAF14033DB,0.1207984590067529
CC_61F18E0C218F,0.07184550951716241
CC_61F1A1263F5B,0.1644538588487399
CC_6209EA426553,0.04616150756378674
CC_622BD8CB3807,0.30323557548859126
CC_6234A9617A7F,0.10009057902962759
CC_623AC074EB25,0.19081880125582223
CC_623FAACE8A80,0.05602889678895594
CC_6244E2935407,0.24152457190514204
CC_624535E11F69,0.05340177638951147
CC_624EA2917CDD,0.6911734374612453
CC_62565D08DDDD,0.7727091381124394
CC_6268ACD3F95B,0.5229552945814795
CC_626B61F4789A,0.611436793399521
CC_629193C2A090,0.2394193173016127
CC_62933641AC43,0.2748843205089244
CC_629480877536,0.34581468815432914
CC_629CB045D9FE,0.09252103594772523
CC_62A84BC400F0,0.28477540911306726
CC_62C36DF81797,0.17368921625785202
CC_62CC835CAE4A,0.6042763455972961
CC_62D4192F126E,0.7290571402534336
CC_62D7A3C9483D,0.06446481457532649
CC_62DF1B99B4DA,0.08566484555374393
CC_62ED7BA3E620,0.03968447252010794
CC_62FC001AFC78,0.08553619420451888
CC_630412B4AFDA,0.17145372370608014
CC_630903AD39C1,0.04103730363141349
CC_630938DCC1B5,0.055356276531313905
CC_630ACED773E9,0.46709021666128775
CC_631E1690D913,0.07129360152448593
CC_633A7C7FC25F,0.24189216639031774
CC_6342051D8FEA,0.2323878959263363
CC_634CE4E8AE49,0.16053895893669148
CC_6359692F5EF6,0.1355933901811968
CC_637278423A6D,0.23056308481703475
CC_6377AB848081,0.10797177668951369
CC_6381A65E0A3D,0.09478915807992258
CC_63871B4814E2,0.11910866569884423
CC_638AD269F05C,0.026639268706956633
CC_6391AE0FB83F,0.15029213420630963
CC_639703EE2ABD,0.03957298241197365
CC_639750C87A7A,0.7409235331624107
CC_639B1DCECD2F,0.17780874360485652
CC_63A869443AC0,0.43858574166691566
CC_63CCEE26BCAE,0.05004027290270779
CC_63D51CECB6D2,0.2556134560225717
CC_63E53402FC02,0.03414557887770224
CC_63FC6895901C,0.15322265176498426
CC_63FC8A97D9C1,0.11897894470428014
CC_64117B93EF73,0.34866667952219427
CC_642D9C325F1D,0.2950964990013292
CC_6436B950E22B,0.1926668995835456
CC_6445BD3DDB6E,0.03323414503138112
CC_645C15569E42,0.11731051200316883
CC_646472AD66EF,0.0913046178477914
CC_646B8254357E,0.14506022283303857
CC_647F4BB4983D,0.6839318393349797
CC_6489ECEEFD0E,0.10123348287497655
CC_64946E57306A,0.03422024805485035
CC_64976830B0B7,0.3401239593488916
CC_64BA10F3FAA1,0.08851424294506174
CC_64BA39A0DFC6,0.08515810095488612
CC_64CF9A79EBFC,0.09992865390531819
CC_64F0E0473D1E,0.08820223974271438
CC_65006C2AB2D4,0.7569825646357418
CC_6500BD19FA06,0.3126910024787374
CC_6504DCAA90E1,0.0924388320368626
CC_6509C7361994,0.1732404475951998
CC_651486189673,0.08192207656201166
CC_65194BAE506A,0.1809563579344208
CC_652539353439,0.1855073265455358
CC_653CE5FA5A76,0.30221785341821694
CC_6560C2F4EDA4,0.1937979571971799
CC_656137F98187,0.6331682659613367
CC_6575B4B39113,0.04229070273089012
CC_657F629D31E2,0.2294832686602225
CC_6580B7583ADE,0.2163509914180516
CC_658477BA75D6,0.045045848734123234
CC_658B7867BE7C,0.10340200541922066
CC_6593FE5349F2,0.08976121923390055
CC_659EE0F05A75,0.3607760463354014
CC_65A0D8134410,0.22680580056113359
CC_65ADD5A19F64,0.1017112922888364
CC_65C3F0F73BB1,0.0889621039221212
CC_65C47521C285,0.03981815781486356
CC_65C4EE0B737C,0.23090585177581222
CC_65CB68404333,0.18903876951487142
CC_65D6DFF1B766,0.11275159685231965
CC_65F1545C35E1,0.2277544897188719
CC_6602547E2FCF,0.21723827251239372
CC_6615D7044816,0.28588062194909014
CC_66244D4B72EA,0.10633420753790138
CC_662E5AAE07A8,0.044011882200410433
CC_66322B339E84,0.041584111940004206
CC_6634FD4B1CD5,0.7629935891665407
CC_663DCEF4923E,0.1940147825238684
CC_663FE5BF918D,0.41631641603195035
CC_6645798E740D,0.07278894494425034
CC_6649736C8321,0.7731350201493656
CC_664E1026C4D9,0.2525729399201826
CC_665603C4A33B,0.06865200715305668
CC_665BDD9C8039,0.37738513971330034
CC_665F2AD58363,0.20207750844400055
CC_666767444BC3,0.22641085668556293
CC_666C0A2A8674,0.05294508155309464
CC_666F2BCDC7D7,0.17927941733946334
CC_66775178B226,0.05177122914493543
CC_667B6F8C846A,0.6068045618543936
CC_667E909835A4,0.21670901790730984
CC_66809C278FCC,0.17329889053500136
CC_669CCC44CFCD,0.06760095668678447
CC_66B0BD3F6516,0.3297094878440412
CC_66BF02C05DD8,0.1437632262755532
CC_66C491256BE4,0.061963585944885394
CC_66CEFA65F912,0.3605302756862474
CC_66E025DB3282,0.6025312539817214
CC_66E7B423A32F,0.6634875046915113
CC_66ED26E7BAD9,0.08007175085632705
CC_66F7FF7735C3,0.18817255999195193
CC_66FD0CE6D57B,0.05533887142611012
CC_66FFFE05C2E8,0.09425025392374187
CC_6700012A39B8,0.1089585927520554
CC_670FC6A064F0,0.21204403804427627
CC_672932B65802,0.07911075531395237
CC_6742C6478F98,0.2077475701947774
CC_6745321663BF,0.056906616673131384
CC_67579CF57290,0.137582465983207
CC_675F7483FB90,0.18746670431073886
CC_676ACFAA6131,0.650152202316466
CC_676B423C495A,0.6050088257906583
CC_6771C0D1CB1F,0.05505584416697294
CC_677EE0369CA7,0.08650081021122108
CC_677FE35855A9,0.1806304255939552
CC_678091614A14,0.11556016267875942
CC_678A43ED0803,0.6213095383710912
CC_67955C210226,0.09129793190807176
CC_6797E0B01112,0.2218684946180194
CC_679D90941842,0.14588582589672405
CC_67C05273700B,0.11946532258464818
CC_67D5172B6450,0.16314378058383833
CC_67E8CF412D93,0.10606452196972288
CC_67F6576A6836,0.2572808084839727
CC_67F985A00A12,0.05245476466040879
CC_6801AD1D4478,0.07566175113519975
CC_6803BFA94B17,0.052104205179642676
CC_680B16E5E240,0.13522520021080625
CC_680F2D0F4F6C,0.09846695668586278
CC_68221E1393E1,0.11433582116429
CC_6822590B968C,0.16738997917798143
CC_682D8EBCEE94,0.21270312603741792
CC_68429B4AE401,0.40313417718671113
CC_686B26BDD061,0.055618071289736115
CC_687518442359,0.40625335790830486
CC_6875DA61F422,0.265192368318113
CC_68A3D749608C,0.184151481250303
CC_68A9C3CE2557,0.09710191947117852
CC_68B9F8C6D9D6,0.6273298539686651
CC_68BC65E3C84A,0.3787268966101974
CC_68CC4D1D898F,0.06989350860948007
CC_68D0ACBD2D0F,0.0378140293688241
CC_68DA8D5488B3,0.071362403870455
CC_68E675A69AF3,0.17366269201633389
CC_68FC9E6FA27E,0.19683672830266682
CC_69322F7C4CE3,0.13052783036886942
CC_693710EAD59A,0.19586678148097764
CC_69387752F41F,0.5399198387165154
CC_693B71DDFE67,0.15772377184909503
CC_693D4AEDA3A2,0.10970415041956574
CC_6952171BCD2D,0.14789746053424882
CC_69547DEB412A,0.22569012404688865
CC_695E80DBA42A,0.07056228062860015
CC_69717E76CFAF,0.4101832939916781
CC_69741BF89A2D,0.1178937492671232
CC_69825C70EEE9,0.19474577745842053
CC_6985C268DC74,0.46189156729384306
CC_698886C4AD90,0.13549822105805723
CC_6999901A6060,0.14813663507977579
CC_699ABD34646F,0.08641239512827809
CC_69A98DC7A907,0.06740648731636008
CC_69AA6E0DDE10,0.261759209343267
CC_69AD5A48A78B,0.20271676970432254
CC_69BA7BFF98E2,0.12655512446790632
CC_69BBE365C097,0.05542779929593836
CC_69CD95A00D9C,0.036182779364402985
CC_69D328691680,0.08720428938833476
CC_69D39C9F36F2,0.24821315398280652
CC_69E09390CD64,0.0844119164562922
CC_69FD49E90AC9,0.32289355173652984
CC_6A099AFE73BC,0.19006136334468762
CC_6A099E6C91BA,0.36517000723421195
CC_6A19EB191A81,0.025976365949092226
CC_6A39017046FE,0.08189657417987257
CC_6A4A401F2920,0.37105825207967846
CC_6A5261180031,0.08196177626059935
CC_6A7432494840,0.18095738343333098
CC_6A7963180D20,0.3628854647985129
CC_6A7D7E5F814F,0.5854660909891423
CC_6A8B8BBA749E,0.14491472562133653
CC_6A8DFDB0621D,0.13627248424241878
CC_6A93C436E2FF,0.10531491614062051
CC_6A97F81D9A0A,0.18258712175073294
CC_6A9D1622B4DE,0.3344008308589804
CC_6AA6589445C1,0.6796022052751463
CC_6AA7A87F59FD,0.14931039988306283
CC_6AADD44C0B52,0.07232442858146393
CC_6AB4A5EBA3F6,0.2443386679282705
CC_6ABA7D0ABAC5,0.1294711650902854
CC_6ACF1E52BE8E,0.1339300592122687
CC_6AD3513459CB,0.09495072983921418
CC_6AD4238EE77D,0.19223777474391154
CC_6ADD0FE5DD74,0.6306842993427013
CC_6AE2737BD3A8,0.07965123079660835
CC_6AE48C1F2448,0.14344637869634366
CC_6B00A666A420,0.6724919371610121
CC_6B07C3992304,0.06735325789352889
CC_6B0A72BBD800,0.6594133518151962
CC_6B12B975F2EC,0.28812892991066813
CC_6B12C9507F32,0.21522205318397122
CC_6B34719D93AC,0.6076807356032312
CC_6B34740DD355,0.15373178023911124
CC_6B41081727AD,0.22605538162789746
CC_6B4902892E70,0.08547056137396228
CC_6B5BC2D89077,0.7093074403567006
CC_6B65242C2CCC,0.16028453638094808
CC_6B823BACBE75,0.32801980987710266
CC_6B83E1A959C2,0.23051082213623975
CC_6B84FB3DE604,0.033953562731959507
CC_6B8AABAA752E,0.19308153420654367
CC_6B8AC0DEE990,0.3706423544262965
CC_6BA45C072D40,0.17949497254586316
CC_6BA72ECB5027,0.1203497461559257
CC_6BB560F020BD,0.07635322235548217
CC_6BDF0B68C126,0.022328221833521372
CC_6BF0A9437728,0.12959660769252423
CC_6BF3B9097199,0.15804576916182278
CC_6BF7A1EF31B9,0.1601552997194559
CC_6C29DF49246A,0.07865528486347254
CC_6C3C86C2125E,0.08216852509415021
CC_6C42FF6D7218,0.6943706620851406
CC_6C541A482CF2,0.19401234839469095
CC_6C585A6BFE01,0.7973937091416925
CC_6C5CE36700D0,0.1734149576629131
CC_6C62C2094733,0.0695031761356897
CC_6C66539A9D02,0.27850765786722165
CC_6C684505E498,0.0748633080469017
CC_6C6E40927C35,0.03823831115426696
CC_6C7736F51C12,0.6494324113741838
CC_6C781CEB6F52,0.09585875828109906
CC_6C7E39BF4744,0.13443240158745148
CC_6C9EE9BAECEE,0.07343940704153462
CC_6CA0F076091A,0.11437528538726419
CC_6CAD299645B0,0.17716401665534848
CC_6CC3C50BA394,0.11859669412556963
CC_6CC593C5385D,0.03266861038034513
CC_6CDA4B24C602,0.2982739473048532
CC_6CE31AFF7813,0.06844743607841178
CC_6CECB68DE9C1,0.31843188658918214
CC_6CECD3DBA212,0.16409722166395674
CC_6CF17D012682,0.1922053353037264
CC_6CFCDF903310,0.14041310618839284
CC_6D08B5E62654,0.09580841622813674
CC_6D0F60667273,0.27845098361440535
CC_6D127EE83945,0.046631648333492814
CC_6D134DB29068,0.4045319960303426
CC_6D141A49D94E,0.6167545318710674
CC_6D148C0A624D,0.14919143092631626
CC_6D1EFDDE2EED,0.0639877345129537
CC_6D22B938D7B9,0.06749956586325376
CC_6D27409F4956,0.08484558719302787
CC_6D2F0EBBCA4D,0.22685946699144746
CC_6D43BE30E8B8,0.2548783838068747
CC_6D4EDEAF67C7,0.18792300397141104
CC_6D72571304DC,0.49733440224910275
CC_6D7C62C7C161,0.05444077491856073
CC_6D8A18C28AF0,0.07866240081483367
CC_6D8B35007242,0.09596976623626373
CC_6D93A9E49E3B,0.17650606605436925
CC_6D9C644A082B,0.11286695096527885
CC_6D9F52BD4D0E,0.13416087964667228
CC_6DA058F9B631,0.3013481608101084
CC_6DA1F8DF9CDC,0.21991231840244507
CC_6DB000AEF16A,0.09454692069535497
CC_6DB5025899E3,0.20119874842069305
CC_6DD6FA2FA0C6,0.10684844531226372
CC_6DE4E4C1A31D,0.201940757639818
CC_6E09CBC15C94,0.5216353320007477
CC_6E353816938F,0.05152602629572946
CC_6E3AB992A5C9,0.1566346788392415
CC_6E420A2FE490,0.14139541258994415
CC_6E46D01888D5,0.14221329835922603
CC_6E4702162475,0.05851397707840534
CC_6E548AF15091,0.24450392619118702
CC_6E5C9A2DA27E,0.03625673139319571
CC_6E610F3976CB,0.18816533928681975
CC_6E614FF9BE02,0.6188752622472781
CC_6E68D46447E2,0.10692791094850546
CC_6E712C21215D,0.034888879885464755
CC_6E84DED41B8B,0.12754306842883012
CC_6E8557E30DC9,0.6042416187073959
CC_6E8963475D35,0.21254700817189276
CC_6E9880CA0BF9,0.31564110574407767
CC_6E9FCD68ED52,0.7079194705689322
CC_6EB194A93F60,0.1466918038795169
CC_6EB370F511F7,0.06120065334150618
CC_6EC722B2BC2F,0.1706635754184206
CC_6ED1B0EE4B6C,0.2395627801004281
CC_6ED65E7CABA2,0.10830887647948498
CC_6EDA84B653B8,0.3786269220880322
CC_6EEE8E7C1D1C,0.18624002799591483
CC_6EF17801ADD6,0.14540472928747047
CC_6EF337CC4BA9,0.2993898436778639
CC_6EF464EC9FCF,0.10199758267938883
CC_6EF6B8AE7DCD,0.035132249553229716
CC_6EF8C59D8395,0.8285898532532856
CC_6F2146FE362E,0.059089019419655706
CC_6F2408B665A6,0.36413993016658125
CC_6F2B8E925D59,0.02978592493533678
CC_6F3034E96848,0.13700817660177125
CC_6F3559ACC2F5,0.03858295345980615
CC_6F46C5897DA8,0.4028288743870194
CC_6F49ECAE902C,0.07455304263108598
CC_6F4B818665D3,0.13164109394971074
CC_6F4E696A1F88,0.2668589016027688
CC_6F54BD66C0EA,0.16151895888873546
CC_6F786C433998,0.09548041526355647
CC_6F78BF56B0C0,0.09529187328861242
CC_6F8346F138C1,0.434168719563506
CC_6F86CFDB23D6,0.043416716102624854
CC_6F8E30AE9457,0.15253250963201404
CC_6FC25B27AC26,0.0787112330924577
CC_6FC8BE007FE9,0.14763157599535015
CC_6FC8DA40122A,0.18386429037862867
CC_6FD8BAB1DA3E,0.06356258618892799
CC_6FE4FD09A9D8,0.08206010160490296
CC_6FE78CB02174,0.037608722985777804
CC_6FEB8EDBF2A4,0.18835692219921718
CC_6FFCF2DAD0A4,0.07949414084399736
CC_7002034B0979,0.07918462788419724
CC_7006523D45E4,0.0707188112862277
CC_70097151A773,0.05482333164008395
CC_7011BC95A91B,0.04479318377472516
CC_7020F3C11A3F,0.16534456506444117
CC_70306409A3E8,0.36629489193933185
CC_706B18DA7204,0.12162503900944979
CC_70703A59C070,0.17345777514237481
CC_70749DDFF595,0.14079704561120232
CC_7079CE5127A3,0.026989004495243142
CC_7087A46F0AB7,0.09379000778607735
CC_708B73EBD939,0.16736369813728572
CC_709315667BCA,0.06637796374237685
CC_709970475B6D,0.6155271826920358
CC_70A56ADAC199,0.058121665441137435
CC_70ABB244502D,0.038146936588707145
CC_70B0176647CE,0.13183856279638834
CC_70D3353DA1C3,0.06782718517950037
CC_70D652DF4E91,0.1394640049114273
CC_70E3121BFDC4,0.10714033191814872
CC_70E5FB8B072D,0.03485752402706996
CC_70EFECA3FAEB,0.17596343989363045
CC_70F59DA18BCA,0.39430477432714256
CC_7100129A0AFF,0.11941132299429118
CC_7113554E33B9,0.07014675792886033
CC_71260405461D,0.07404458167251661
CC_712677251322,0.20018134363053858
CC_712D31B2785D,0.06793919662758757
CC_713052DB1E2E,0.0713725490215411
CC_7139C2D6F1AC,0.10037562473628027
CC_71427FC8FA49,0.24448896206712403
CC_714912E93A71,0.12758499934634465
CC_717A5C2ED311,0.22271141914613013
CC_717C94F5C8F1,0.0692951964657224
CC_718F067F4DA0,0.03264952665793053
CC_719E714DD38C,0.04611210113092943
CC_71B169C874D0,0.17331729378002397
CC_71BB5070615C,0.13265286156517378
CC_71D37D6D19C6,0.20774547335449522
CC_71DC80205F42,0.17356491515425945
CC_71DEB636B8CD,0.6081285266678458
CC_71E4CBAA1211,0.17283946688968801
CC_71E787049755,0.10310965319870787
CC_71F1EF5575AC,0.08415468132946868
CC_7201DD8EB33B,0.2156281772114605
CC_7202C8CE2317,0.30783787677584923
CC_720B06583C57,0.04087177081196787
CC_721DEC038BAF,0.07922036313954084
CC_72219BCC83E3,0.15228133390172688
CC_7223DABA7E98,0.11716735794757534
CC_7233459FF7B8,0.23480812643404353
CC_7238A8A6767A,0.2425299572694322
CC_724559551664,0.6681276081420608
CC_7248EB4B76CF,0.05914647658464466
CC_7259B5314D92,0.06945868990846318
CC_725CA03102FE,0.04669502963439502
CC_726E05E5A555,0.12258753021992458
CC_7276AEED6D4A,0.06277739868924141
CC_72A18E8D6670,0.034366609384560286
CC_72CDBC38202A,0.389352818627976
CC_72D8B2ABA2D1,0.7247500202891027
CC_72E4590D362B,0.3673535151030548
CC_72E8542AE4BA,0.03994042460104086
CC_73010B6E55DD,0.6125456827734753
CC_7309A4693D52,0.1546666479352729
CC_730C2A3FF1BF,0.1809244220598275
CC_731C1BCED024,0.6349724127277903
CC_732C325832D8,0.1725070047165626
CC_732DFCAA0A75,0.19449057216740387
CC_73322A6A24B1,0.7384552854599624
CC_7336B19A18AB,0.223866009377956
CC_733AF1D123B8,0.3064514836758083
CC_7344A0E90AFC,0.11216791987069225
CC_7348C2B475B7,0.120724458285202
CC_735E1A78B058,0.07662809133417456
CC_735ED2A02DC4,0.156549687483837
CC_736015DE4E3D,0.3807579292908507
CC_736A42761E55,0.10473234244741389
CC_736C0436B98D,0.16508649155941493
CC_7379212919FD,0.08972022271304157
CC_73859CD59E75,0.5901308735142139
CC_738B201B1CF9,0.11668100910255229
CC_738DCB11942F,0.06421401954508058
CC_739198ACE582,0.11583444497040601
CC_739D093D7B69,0.10811036497798954
CC_73A7FC903662,0.1674891817907201
CC_73A8927DCEB9,0.09574888013449737
CC_73B575BBBBE3,0.1302490737591182
CC_73B6B9AD2002,0.04855154682822824
CC_73C28D72A5A3,0.5634098088937289
CC_73C38DBDF9A7,0.1126874741568687
CC_73D44BEF6754,0.3901398060706651
CC_73D4C1D7C022,0.07700032763508191
CC_73EF383F3C2E,0.17738523757415436
CC_73F34B1607C1,0.06299153565756585
CC_74137206902D,0.11732132392044842
CC_74198E5EC366,0.0748536110076754
CC_744FB5804A8C,0.6345781211643972
CC_7451E64B6D47,0.15542721601742882
CC_745A64878AF1,0.08105700886318788
CC_746B196CECA1,0.16910864107895035
CC_746C06898D5B,0.6104205735819221
CC_746DE1EED0DD,0.2534746809344066
CC_7476938CF6A0,0.5414157795839695
CC_747CFDB7E305,0.08013554103362759
CC_74845374E870,0.745500274677798
CC_74AD8D3B192C,0.6790162526856023
CC_74B90A15B270,0.09897860027901412
CC_74BA5D46E909,0.6698248738443662
CC_74BE0AD5E21D,0.19140125659780355
CC_74C33B66F002,0.12815708921159397
CC_74C9C3F17421,0.050415287958737606
CC_74E4BD5C07D2,0.06956972948507703
CC_750D90249EFD,0.12173665616343154
CC_750DA21B7EDD,0.3340908816515688
CC_750E6537383A,0.26418773092391673
CC_75137D6F9DCB,0.11235824298560035
CC_75173A8A11D1,0.3470337355806503
CC_751DDC1FC2AD,0.09323619810299807
CC_75357E0206F5,0.08222086780576446
CC_753D160E3A58,0.10946071182944866
CC_754447632F75,0.04413115885429235
CC_7549363C5D36,0.07509071062921138
CC_754F3894627C,0.08091097949216666
CC_7562CD43897F,0.13490429456690056
CC_756A077EC614,0.387205458668252
CC_756D3492443F,0.292447814437736
CC_75783B3E6C6E,0.04502231970099655
CC_7598068A716C,0.02907135525140145
CC_75A37D8C1F6C,0.629261794772741
CC_75ABDDA24C26,0.1347572182412143
CC_75B287424E59,0.3700902867723914
CC_75B2B88876B6,0.0904085908552871
CC_75B324FCDD4A,0.2425564079008253
CC_75C1466E61E2,0.2490880698014098
CC_75CCCD9D4568,0.08568069683392313
CC_75D2DAF4491C,0.3065181515954391
CC_75D54090AAD4,0.11125907652217619
CC_75F1927E5941,0.6668262708502748
CC_75F99AD6844A,0.304645384476566
CC_75FBA505C727,0.27809911932846465
CC_7615CC930B76,0.12698890577932703
CC_76168488EBB0,0.5482194667085678
CC_76197A77D666,0.02769209032032747
CC_761F48F8E962,0.2633376874090324
CC_764C6ADC6D1A,0.07641748459090614
CC_7658A6B0910B,0.04480997405511947
CC_766347951B7B,0.5906743138375912
CC_76857712D8F5,0.35379606111198403
CC_76A0DF2549B7,0.10506888955618654
CC_76A636414AEB,0.2491270671289498
CC_76B01540CDD1,0.18049617492826042
CC_76B420FC66EB,0.10676601082094489
CC_76B6BCD2EBAF,0.06158282575472561
CC_76B7A0029620,0.10621251420361397
CC_76BA435EF2AC,0.13236805724899295
CC_76BCC1AFDA4D,0.07437067504953862
CC_76C35913E797,0.16168319233116946
CC_76DE3DF1DEE3,0.18018843481130423
CC_76DFA4CD068B,0.08583431387833063
CC_76DFE3568C72,0.31631794583836054
CC_76E201F1E036,0.3676318825939225
CC_76E83166FE0A,0.14643159573753933
CC_76FD9E9D9ED0,0.1586363689917635
CC_7720BBD06736,0.3166339194229424
CC_77340228F356,0.6706761825506694
CC_773CBBCBAFFE,0.11367308034242574
CC_773E9B092923,0.1035201037603348
CC_773F22C3E42F,0.036196205941561976
CC_774ED295BF96,0.1774348766929112
CC_7751ED6DF76C,0.04167749163099212
CC_77571749B970,0.14886350635081663
CC_776F8B3BAC08,0.11004495557505094
CC_777889F9694E,0.03519884221351569
CC_777D08513AE8,0.07807884838871527
CC_777E3D988EFD,0.3008203597826079
CC_7795BEDE05E8,0.3209390671470635
CC_77A9EA3A6784,0.07410403859394679
CC_77B1AB7960A9,0.19799018200692592
CC_77B6EA810549,0.2626520492307407
CC_77B9889C9BFD,0.16533929139025222
CC_77BC55DC92B6,0.125528658329649
CC_77D1DFCB0A8B,0.052706419174458244
CC_77D9AC43DFE1,0.19664295085208022
CC_77E6EF1CF2F7,0.3628786494161048
CC_77FFA8E6B36D,0.11972203920135041
CC_7801661A9DC2,0.15241244202781523
CC_78069B1BD931,0.14511208820624338
CC_780828B48716,0.11474096683696196
CC_782130B98F34,0.10278226605636087
CC_78273789B3C5,0.7745693342060992
CC_78296783E4EA,0.19348761017785415
CC_782B06291D87,0.059837736538398356
CC_783A2D4C89F9,0.43867037151790456
CC_784407E16923,0.08670266952810979
CC_78491B6255F2,0.4315824082624553
CC_784F17AC712F,0.06461075954201226
CC_7852FC3BBADB,0.09554645697830955
CC_7866E4CE528E,0.7246010017135562
CC_7867E7C01013,0.1925458910117321
CC_7869F609EC2E,0.17979979046999423
CC_7874F14ABD7F,0.19614128916545123
CC_78774E05FF12,0.1687419125974136
CC_78815A352067,0.0878292064130186
CC_788FF4549766,0.2180660829825895
CC_789977501322,0.12185012203564116
CC_789B2BA880E7,0.03779049032045503
CC_789D87F51AA1,0.054842809537609255
CC_789DC3C358CB,0.21591234766634754
CC_78A036DF6320,0.6715275116862505
CC_78A3EA63B7EF,0.042167722256224546
CC_78BF1B8FC1CA,0.11874251487591114
CC_78C96E7015BA,0.624187668044416
CC_78CC84FA2CE2,0.1847738735830199
CC_78F0087076CF,0.22493703829526238
CC_78FAA95F5B5F,0.11563556704152433
CC_79033EFDE096,0.11482736215075362
CC_79086C18A963,0.136327489886114
CC_790DA2ED9F5B,0.11997525951321274
CC_7928811F7D86,0.0944058895142959
CC_79345478FCE5,0.1961922159431879
CC_7936C8D65B95,0.14564202176742308
CC_7948C5509411,0.5082326313023262
CC_794ADB0677CD,0.13809686397865545
CC_794FF8E7F876,0.0505769932426591
CC_79500EA652BC,0.5715410222084439
CC_795083A66DB5,0.03685451342415923
CC_7950D4B773CF,0.13899871125089702
CC_7955AEB49759,0.1357709313044786
CC_7964F862DFA3,0.3964382176293571
CC_797A700CF967,0.4790089393001108
CC_798180DDF677,0.35410747187353786
CC_7981ABA9C370,0.09855568278221769
CC_798B2DC03C5A,0.07737264896921618
CC_79BD986C23CA,0.06974734647265574
CC_79C6BA680815,0.5465091485760984
CC_79D694E6F5AF,0.24201537878620405
CC_79ED9A0F6E49,0.4045864326093953
CC_79FA2512E5A2,0.15987308996942112
CC_7A0024F6FA60,0.23847116031527205
CC_7A193A453F27,0.027657139715470725
CC_7A1F071DC5D4,0.4291399432680446
CC_7A5D96BC99AA,0.727016231050559
CC_7A6B51562949,0.30407512172951395
CC_7A6D7F9654DD,0.4302780639112251
CC_7A778E010F33,0.28838951212718505
CC_7A7FB841B669,0.6072509142483502
CC_7A91013D31E1,0.12923772905418557
CC_7A9117596769,0.04778644210467772
CC_7AAF340DCE8F,0.18061431072580098
CC_7AB146267981,0.20931909967825457
CC_7AB2A9CC8424,0.2945538832917838
CC_7AC1DF18CBA4,0.22594089875322904
CC_7AC4240DD225,0.3335408032906933
CC_7ACB325BD924,0.1719566659344168
CC_7ACB88002397,0.5079204754281788
CC_7ACD4F370AED,0.17277386393976518
CC_7AD4072A9F82,0.061449520368984184
CC_7ADEECDE4D73,0.21382069885631583
CC_7AEB48D8C5E0,0.07373781292888647
CC_7AFA5CD2B29E,0.11162344802947242
CC_7B092786DDB0,0.04990683795592298
CC_7B1B35D5628E,0.054672263570753506
CC_7B210557F04A,0.10065658755060694
CC_7B369A7C1D3F,0.15300535452422886
CC_7B4002591821,0.6614383187009545
CC_7B42BD80D79A,0.19086527720027113
CC_7B44FDF08B93,0.09832202267454189
CC_7B501C32CAE5,0.0592423467065724
CC_7B88520D4FA2,0.3906453232108621
CC_7B8ABE6E552B,0.18961361808308996
CC_7B8D2E07908E,0.3803786413228639
CC_7BA150468D19,0.6486393162965262
CC_7BB159FCEB53,0.29360170321007706
CC_7BDD72710831,0.0741814622360511
CC_7BE02C65B967,0.13624364883874332
CC_7BE382988C1C,0.6212883294672357
CC_7BE6110DBAA1,0.34123321956133623
CC_7C0B14BB0573,0.14198034421725786
CC_7C0CF5558904,0.6821226163923761
CC_7C13E7F561DA,0.6105092519029334
CC_7C46F7F667F3,0.12249961341745319
CC_7C510CE0521B,0.08505699527376326
CC_7C61B5D39E49,0.49259083443416724
CC_7C6770DDA182,0.11739694046195642
CC_7C6DBF78A610,0.09734650170521958
CC_7C7B0438E3AB,0.18231131012468832
CC_7C87DFBC3176,0.09964565374658813
CC_7C9528E94215,0.3201815201599819
CC_7C9ADE65CF81,0.10957040211482856
CC_7CB6CD1B9DD0,0.043455079125488454
CC_7CB7C7E55BE6,0.14991894504320588
CC_7CCC3A690325,0.18298862445958058
CC_7CE5689488DB,0.04525796633916243
CC_7CEB758A9814,0.05075681818718379
CC_7CF7443D923A,0.047342057641798586
CC_7D0D597690BF,0.1799711662360124
CC_7D0EA0307817,0.04629450179941013
CC_7D12E6FF25C3,0.13732537136739742
CC_7D28D39AED1F,0.6898704858067342
CC_7D2D19D832FF,0.06249427407477494
CC_7D34A67E1369,0.06589065713302235
CC_7D4388B41EB9,0.17146301416327295
CC_7D46FE573D79,0.07548747211371008
CC_7D7810799F2E,0.0443933384090788
CC_7D79241150C8,0.12906850503356998
CC_7D7B92EF2655,0.14723182384942513
CC_7D8C2495C1F7,0.07123705819612557
CC_7DA4F1BA24A1,0.595501816750374
CC_7DAF18939084,0.05932242262260716
CC_7DB8BA427410,0.06515068378524483
CC_7DC9456F1161,0.03598056535922632
CC_7DD2CBE0F0BC,0.1933800403722949
CC_7DD495158BFD,0.6006058364875211
CC_7DD5411F7A14,0.2981982742440046
CC_7DF099A7A092,0.2376301826567126
CC_7DF27D2AC111,0.04528984207313542
CC_7E0CA072EF93,0.06875410630432224
CC_7E0DA100F5F2,0.17883070901243364
CC_7E1086EFDED5,0.03496326429669562
CC_7E12E0F3CF6D,0.11922829286547706
CC_7E178CE78FB8,0.08272907678560688
CC_7E1C1A6D0E9A,0.15943671229001788
CC_7E2A76850DF6,0.7778140374857948
CC_7E3ACB15C69D,0.13349862834671442
CC_7E3F3373A73D,0.7281603201921839
CC_7E42A3D0737F,0.11158222065146842
CC_7E4679C534D7,0.27945489743175694
CC_7E53FEEB19B1,0.2676588446372081
CC_7E71CE7FC603,0.2200419018218355
CC_7E8333DBAEB4,0.3882946187521221
CC_7E843438DE4A,0.057691033015636314
CC_7E8E4747C0D0,0.6684249288979152
CC_7E952828C1B5,0.09997961943020878
CC_7EA6431FE6F5,0.14085642196556133
CC_7EA7BA7621C3,0.25197567336404675
CC_7EA8F24B3010,0.10489739784885319
CC_7EAB28B0309C,0.061522268844979154
CC_7EB4A5BDA97E,0.08705557238344788
CC_7EB4B0A36534,0.1055383447821624
CC_7EB791F4AB2E,0.11310323832935033
CC_7EB883C9D5F9,0.037095362263951714
CC_7EC59C577F02,0.059083007007624096
CC_7ED2683D26DD,0.06104199127742292
CC_7EDB3440E0AB,0.5932925481183036
CC_7EE12013C7DF,0.18657802848125407
CC_7EF824CC0D3C,0.14603766652079025
CC_7F09C6F6321D,0.7069246967990642
CC_7F1AD40DA179,0.21095683786077515
CC_7F1D38A39164,0.08137450326870908
CC_7F22B7D326CC,0.20043606998905922
CC_7F2614F1AAAE,0.25054783125144797
CC_7F2CDC7C1634,0.043994159618559736
CC_7F2D46DF9BC7,0.15571170525577332
CC_7F57A90B69E0,0.21938185131787408
CC_7F633226A676,0.30999102634165143
CC_7F753D809267,0.639049859144355
CC_7F7EBF25AED7,0.03342021650960287
CC_7F8496CC5779,0.04267529278563467
CC_7F88D9C5D258,0.08883602543421219
CC_7F8AB4DCA794,0.13835756716099062
CC_7F8CC9509418,0.3162009707719114
CC_7F9069571F79,0.2775712922911647
CC_7F9AD27E079E,0.18243794750681291
CC_7FA281AC1C7A,0.09859406542597642
CC_7FA389E90548,0.08742033345255187
CC_7FBF4A48AF55,0.04648681401791404
CC_7FC40175A8E1,0.2695930438356688
CC_7FD58EE7029D,0.07451095192087001
CC_7FD7F635C341,0.046332927108373806
CC_7FDD458DA059,0.2500153236705986
CC_7FE85C259E03,0.10803465669950987
CC_7FE8CD30D7E0,0.10171712111049279
CC_7FFA32DE7B04,0.16091764419115737
CC_8014F1E2C5BF,0.03691580787588063
CC_8015895C1C29,0.25379670543419275
CC_802BA7E39A13,0.0606436732363726
CC_80300D23C3FE,0.34547313923708733
CC_80465303B6E2,0.19503394051091327
CC_805ADFD46B84,0.05630389804122743
CC_8060F40D9522,0.1962373285592675
CC_80621E822131,0.05247963102285219
CC_806654B580B5,0.40475126651642673
CC_806CFD6A52BA,0.03409774043197593
CC_807935BBEB7F,0.05408155685095107
CC_807C57E626E4,0.07187950154823534
CC_807C91C98684,0.03085326654513182
CC_8096B589BB07,0.16909658583165016
CC_809D60155E9D,0.06982588957470795
CC_80A2189E5125,0.5246418279828877
CC_80AF87F62770,0.1765089629530484
CC_80C03DF9CC57,0.206115168917043
CC_80D9B6563750,0.5509487091444843
CC_80E9638ABD4B,0.04630733668961108
CC_80F7171B71CF,0.11080342552697905
CC_80F9983BC18B,0.06270561598836628
CC_811109A98EFF,0.09637369910614348
CC_8129480B056D,0.30822106496560503
CC_8134E5DA9FEB,0.5805493493526381
CC_8140399AD344,0.11407850771006879
CC_8140E278B6A0,0.21572142199210692
CC_814E0F756757,0.4414869580597882
CC_815FAAABFC91,0.20202597746902037
CC_816B28807CED,0.07174088607030545
CC_81821F9F2307,0.5129871823039225
CC_8186D7991EB8,0.05180159742745229
CC_819E203180C8,0.8091739649425488
CC_81A5E3141BDA,0.5274133430078138
CC_81B5CED8EE79,0.12769088995320227
CC_81B91198E00D,0.7093508939413874
CC_81BADC379C8B,0.22479316317656564
CC_81BF8EA390F7,0.055340214224926305
CC_81C5FC962C72,0.058796192211075744
CC_81DDBFAF1CB6,0.05316016140880868
CC_81DE637E6138,0.03153353353895103
CC_81F389DEC9C5,0.07575021679364217
CC_81F647806849,0.11445685022657365
CC_820D491B2903,0.7404708740614225
CC_82172863AA45,0.2974224549636613
CC_82195FBE9366,0.05192307158037497
CC_821F503DA953,0.08130617427937764
CC_8221AF9B0B93,0.7399321378917636
CC_8222D1C47857,0.07316707149777821
CC_824BB6CD2B25,0.05624872086170024
CC_825192411933,0.09278124005928429
CC_8270E213EDF5,0.21815793749536966
CC_82839CC161E8,0.05561229073890178
CC_828A0B6D7291,0.08958793480944353
CC_828EDE22A438,0.04268384714353571
CC_82928B5ABD45,0.3075743803601479
CC_82A7FE954659,0.1810924580490753
CC_82ABE1FFFA1F,0.15425362095977824
CC_82BDFA01C41F,0.12173966209626522
CC_82C20057CB4A,0.10254185594551002
CC_82E52529A567,0.1974124691508611
CC_82EFBFCF68AB,0.11041148124179967
CC_83092F58B321,0.13441760884447118
CC_83098B4BBD4A,0.12617386251196316
CC_831F9E623C5F,0.16494205753964963
CC_8326C8A3D569,0.11314553461215723
CC_832730F42A18,0.14109103308694232
CC_832A44C3F2A0,0.04805475554824066
CC_832EBAE498AE,0.6912036093296652
CC_833B196A70F3,0.7145228117818662
CC_833E14DFF4C6,0.15905569453727014
CC_834092035687,0.3187969056133276
CC_8351244DE3CB,0.06937151540284511
CC_835B90025058,0.04406381903559216
CC_836534CEDFD3,0.12137536812642218
CC_837ADC1EA55A,0.1899115660884974
CC_83884D799788,0.19669779375901197
CC_83947255841B,0.11655219557005315
CC_83A5A3022ADF,0.7667816885989682
CC_83ABA98906DE,0.07141801189222607
CC_83C75D07414A,0.4061927839663233
CC_83CBA767432F,0.7232689783487312
CC_83D342F53F36,0.14949351812837497
CC_83D5CA2A23C2,0.03654634757091048
CC_83E002D6D82D,0.17402562017571394
CC_83FE1BCC83E6,0.2975587307304305
CC_840E5B830DB4,0.0371593920302482
CC_842525788FC1,0.20019632212681193
CC_843076C8EB9E,0.29152833378337967
CC_8442C97EE91A,0.1116723451815382
CC_844C3C30ED67,0.1138279736310808
CC_844E345D2636,0.19465947950152251
CC_844F26E92B12,0.19189929759080765
CC_845032D8A261,0.2646188120584424
CC_845223F606E2,0.2606991102834647
CC_846F5B19B110,0.3639395126048396
CC_84797EA9ABF9,0.26454170082964346
CC_848D59D48081,0.17571797010563284
CC_84AB057BFCCA,0.05212003351223598
CC_84B0BA112537,0.059672249474204825
CC_84B8FCEDADD5,0.08507242963961996
CC_84C61A6BE99D,0.08529136873298741
CC_84CDF830F68F,0.07714960672629997
CC_84D5B88572DC,0.2532332278590219
CC_84FABECED186,0.11428504565347304
CC_8503F43FB29C,0.1905556390185834
CC_850ACB004EE2,0.08411832773770395
CC_850B114489CE,0.09850958750340173
CC_850CC17BB13B,0.14910163537901194
CC_8518C159BDE6,0.13880853235630483
CC_85299261146C,0.08997442521668411
CC_853986C52A17,0.04411700401947208
CC_853ABBECF2E1,0.7914967383400507
CC_853BF4485D85,0.18905713912105732
CC_853EED03843B,0.07199024317179029
CC_853FD1B551B1,0.16443045644434995
CC_854AAA98CC0C,0.7669714410571544
CC_854F8AB5F1FE,0.041083171312335964
CC_855E2A785BAA,0.10736708874760129
CC_85614CA68432,0.05917729611072554
CC_856B92B23BB5,0.7681334121680181
CC_856DF4A30E13,0.6949169557922339
CC_858704DBD5A6,0.057059556434227096
CC_859EF0AAA74A,0.0464328946021478
CC_859FB710961E,0.15010056617453432
CC_85A0EB3C9884,0.6027761494096286
CC_85C887BB996A,0.09253629463099373
CC_85D9A6C9CA60,0.13544391806852715
CC_85DAF10E61A1,0.612763115416461
CC_85DEF8ECB524,0.1324680429706985
CC_85E2E0B8B15F,0.695590121140482
CC_85F018DC47FC,0.2903182143483475
CC_85F376B33951,0.17159328765389303
CC_85F745E1D307,0.12326902978849127
CC_85FAFB430486,0.29771429437327035
CC_860D4B868C17,0.023020130884489752
CC_8614E30C9FCE,0.3892319910564236
CC_861F5DC22035,0.0474833685897911
CC_8624ABB391B1,0.1643189634519074
CC_862BAB422756,0.34307883775135356
CC_8642F98E5504,0.17203569255962572
CC_8655B8862C81,0.17541646806322214
CC_865FCEE75A8E,0.0350420239134414
CC_867372811CCD,0.4291292499903978
CC_867695B5C296,0.5320629837736002
CC_8682B1F914ED,0.16677753671977594
CC_8691DF144B92,0.521404852421169
CC_86AD259FA5B1,0.14892907046591308
CC_86AEC21936BB,0.7348526757997372
CC_86B1D15F8424,0.03934237332233942
CC_86C2A6EC5712,0.722162684832862
CC_86CF816B494B,0.06132217934709658
CC_86D4D58B1D0C,0.15930598511927674
CC_86E2C4E17CB6,0.04690047777025165
CC_86E9E191E3CA,0.4179523176533125
CC_87000C16C856,0.1085910926284924
CC_8703DD5FA02C,0.17938402637548756
CC_87065B1F429D,0.11185634435151204
CC_87434BBA1CE7,0.037245576031554296
CC_87450EA8CD55,0.6867999360902928
CC_87480F785786,0.07212592191457307
CC_8777EA6EBFD4,0.041559449831102935
CC_877A35E76904,0.0731651930104364
CC_877B37D01563,0.13174590452223198
CC_879759A5EFB8,0.3541728539831134
CC_8798AF2651BC,0.13826210538042455
CC_879989FB3B92,0.5702178729401947
CC_87A3BECEE5A4,0.13247450601804908
CC_87B7CDF4BDDE,0.04225659373515565
CC_87C13E620006,0.26722182350238777
CC_87E3AFB080F8,0.1438072650255067
CC_880044F77ACC,0.09707167111702794
CC_8809BCAC74A9,0.039838467944194225
CC_880E0019DB5D,0.0356273562186497
CC_880F027D886E,0.12389727559219327
CC_8812BC579F7D,0.07385620652335136
CC_88225FE57D82,0.20581632564349905
CC_88315318E9DA,0.3271889146864101
CC_883864E584A8,0.07118529419425948
CC_88469BAD58C4,0.04912960425520522
CC_8854EE679596,0.08668617578299789
CC_886273CC4072,0.07697588136562103
CC_8866B6D4524F,0.2378951592848515
CC_88A943606806,0.35058405953261773
CC_88E916A3F984,0.8038798996733557
CC_88FDC55C31A4,0.12093954381765099
CC_890D5EE59076,0.031022675350870797
CC_890F721517F2,0.10410310143377322
CC_89129D16418A,0.34776519240408976
CC_8917F02F9326,0.13697733424158615
CC_8920B6584A43,0.061679454355835994
CC_8929DF270419,0.7200030156846866
CC_892B119F0E5C,0.18338468001637148
CC_89302456B9D5,0.6741498748126864
CC_893FAA6D1F04,0.7370395096084121
CC_895AF697BFBB,0.29819789395383556
CC_8961FF892F79,0.030325870955577393
CC_897674493060,0.0700895563198138
CC_898AFCD28B03,0.12175580545615611
CC_898CC919D10F,0.18337853866187204
CC_89A711195EEB,0.15569801573228542
CC_89B4DF07DF12,0.07185916030340082
CC_89B941079E10,0.09736438381014123
CC_89B97E9FF67A,0.10992004954197085
CC_89C5162E8055,0.1696347607317867
CC_89CA0F1E2DBF,0.23643681245885637
CC_89DEE29A78AA,0.1109075449241877
CC_89E089707730,0.16381987994065544
CC_89F0B865A6D4,0.10197400280994105
CC_8A04C5D4D02D,0.0700087191423242
CC_8A081AA1FB92,0.32698109010706194
CC_8A0C640E7A89,0.5444335942429774
CC_8A12B68246A6,0.04292241009744152
CC_8A14A46B280C,0.1639767765449492
CC_8A165A18560F,0.3157532915869137
CC_8A19196788FA,0.06489114378404756
CC_8A25FA445037,0.11860801567924963
CC_8A29EA87B295,0.1341262763059743
CC_8A2AC87CB22A,0.05439926407150868
CC_8A34634E7423,0.6220748939311957
CC_8A38BC1AFE57,0.07382182322381686
CC_8A4CAF0CD0F3,0.09082931215297183
CC_8A5A0429CAB0,0.1352565035314927
CC_8A6E60FAE870,0.08185990021211761
CC_8A7DA054E397,0.6783385850446391
CC_8A7F5FF4B421,0.25798385319593853
CC_8A8249A44847,0.12271460708410416
CC_8A8BCE16DF45,0.13100520703964938
CC_8A8EC764734B,0.07449999528584948
CC_8AB553BFA00A,0.09915896202293614
CC_8AB57DC077EE,0.643214064990349
CC_8ABA5808D313,0.06363363552330333
CC_8ABDD9A05C87,0.3448993451412176
CC_8AC7520DBCCF,0.1696463313723221
CC_8AC7F8BABF28,0.06365199967162427
CC_8AD67FB3A5CC,0.7422447526120153
CC_8ADDCF5EDCC1,0.09156603991102968
CC_8AF1C3A0799E,0.7319234474533567
CC_8B388FAED0B6,0.12447225491234837
CC_8B46CA903D09,0.02853274347605273
CC_8B5819403FC8,0.6700398788124098
CC_8B581B8207A9,0.1356357929212314
CC_8B6DBEF19F46,0.15913154454224085
CC_8B8326C4C229,0.11730547646770123
CC_8B850FDCFC83,0.08511630277594641
CC_8B8F41F19B72,0.07592728866641554
CC_8BAF98C60957,0.14463526458807763
CC_8BB0824B181E,0.05346656647641123
CC_8BB963DAD9E2,0.15346873660185167
CC_8BBF5F939D7C,0.1501138803012504
CC_8BCBDCF4DFF1,0.09475767586349088
CC_8BCE343561CB,0.746455799189331
CC_8BDA87361657,0.09906484258765869
CC_8BE68A4DB87C,0.07649731813709788
CC_8BE9BBD879A5,0.045904933914134985
CC_8BED85B91011,0.39928176768102785
CC_8BF68E552DA2,0.18902120368635617
CC_8BF832E6464E,0.8019036377574045
CC_8C1561920E84,0.2332236793061314
CC_8C2A7D9A667A,0.1706421658431041
CC_8C3A5DFE70B9,0.18473214136732025
CC_8C534CCBDA4C,0.2161503268280397
CC_8C6472A3EEAB,0.05054076706501424
CC_8C6B4854D16C,0.25314593786542844
CC_8C76DE4F58D4,0.06634039506926044
CC_8C7DA3F4F88F,0.07493726109476144
CC_8C8527DE7DD7,0.07896968529007109
CC_8C9416612FDE,0.4005995677686437
CC_8C9973F02AD6,0.3364067330893652
CC_8CA1DB61A2AC,0.04538445561313964
CC_8CA59CAE22F6,0.14849638015596606
CC_8CAFD04A6EDD,0.11132596832764713
CC_8CCCC389913B,0.6258314654794401
CC_8CCEF12DC7B9,0.18602218604553422
CC_8CDCD714BD1F,0.7885971152437419
CC_8CEC7987D1B1,0.08649485062868738
CC_8CF621ADAC0A,0.28921486844005023
CC_8CF8FE2A4B82,0.39149008156150256
CC_8D048396D9D5,0.10049862081999258
CC_8D1089C58563,0.5423257650237865
CC_8D35A37FC4B1,0.1004780202475978
CC_8D41E12FE5B6,0.1368981814315303
CC_8D4A859839EF,0.15207462685908912
CC_8D4AD431C55F,0.08578889926667053
CC_8D4D882CA579,0.11661097422748117
CC_8D6151025078,0.10892802782610893
CC_8D637233FE54,0.16363434045886127
CC_8D6AEBA2D7EC,0.095644155789568
CC_8D6E16DED971,0.18537416354023756
CC_8D7329F79BBD,0.44517830597016594
CC_8D7B7307C43F,0.08837963940587984
CC_8D7B9D4936EC,0.7071567402713358
CC_8D80B1B44AE1,0.40160727294700893
CC_8D9516D61143,0.4138958294601575
CC_8DBB8445786A,0.09681759750164112
CC_8DC5B86D9DCC,0.7532251804573149
CC_8DC6465998DD,0.19223103521750584
CC_8DDD0EDA9CB2,0.14032703194358637
CC_8DDEF0265CB4,0.05849966633322411
CC_8DE06BEB95A1,0.09857223196781346
CC_8DEBB5B14A14,0.1511586555634179
CC_8DF5BE7F759C,0.06308746389323035
CC_8E0ADCC71F85,0.051662402219055756
CC_8E0BD86F6F0E,0.0930378570525332
CC_8E143BFCF3E5,0.11449745307262452
CC_8E170A60D71C,0.37762936883163967
CC_8E1C3A21FAEE,0.10029622906158348
CC_8E408E18F060,0.10441337225505055
CC_8E42FB163DA5,0.7996269209914404
CC_8E47536D29BE,0.2834384076028801
CC_8E50AFFC5BBD,0.05193809109797616
CC_8E5FB1035354,0.1711120730307612
CC_8E7B9B8DD1A3,0.09765156368128702
CC_8E85B08196AF,0.0337382228288254
CC_8E96FC75AE5A,0.07489327215113131
CC_8ECAB5A6C7B9,0.079316766255344
CC_8ECC4C7A6638,0.4956804229522772
CC_8ED6F13C35F5,0.1651520409677634
CC_8EE5E9467038,0.18058546577341017
CC_8F037E5AE692,0.049261064245659805
CC_8F1A418D96B3,0.3023386142282487
CC_8F1C4014F91A,0.1383851873051189
CC_8F30A5FC9D49,0.08901027049201726
CC_8F3456F298F7,0.22753567901745209
CC_8F393D485C29,0.1351986130542186
CC_8F4A41130110,0.044952314962144614
CC_8F7AA6E4D486,0.11239421282439951
CC_8F887BE25314,0.1574366211513416
CC_8F90CD1A5E00,0.15777891743189684
CC_8F9B26042C4A,0.11393954656753816
CC_8FA9423E65C6,0.10282967731990283
CC_8FBA6C32E0A5,0.2809888562941737
CC_8FC1C50C41E7,0.08573758142149043
CC_8FD005425792,0.06292889608564897
CC_8FD6A223135B,0.14036232488811376
CC_9002450E1B5A,0.04641706283840692
CC_901CE62199C7,0.38466260218308557
CC_901D2136E1F9,0.17861423123131506
CC_902648F62345,0.1612787866590644
CC_902BF0612E70,0.16292010361067996
CC_9036F7423277,0.1981799386840421
CC_903AD2767BAE,0.7147525135085019
CC_903E4BA690FA,0.3155274839752088
CC_904386E31210,0.05395719105704727
CC_904EA6C846F8,0.3944598340454876
CC_90549DD3CC39,0.12279534003370957
CC_905739E5494F,0.09013815796890051
CC_906F852C69D6,0.6341752651742256
CC_907911F4930A,0.2542924441776828
CC_90798A7273BD,0.13937933893878546
CC_907F3A8AFCFB,0.06560753604750615
CC_907FA7722881,0.11037405131758672
CC_90812D9F30FE,0.09309702215223645
CC_90870A89F310,0.03720967164663508
CC_90894CA021C3,0.5793737934699578
CC_9092C5EBF5F6,0.053424948717207585
CC_90A10D649D9C,0.6885201599873878
CC_90BF8E127519,0.5683673815842333
CC_90DBB385A7F3,0.7081674889523619
CC_90EAD308012B,0.31250864537007567
CC_90F4BF0B868D,0.11868835554485747
CC_90FA39516EAF,0.08080959424179851
CC_9117894F31C2,0.17511603106934517
CC_911ED63BB556,0.36812078798079384
CC_912730AE6E8F,0.28535065223549266
CC_912CA7EE4C26,0.1235646734818524
CC_912DA46AAED2,0.08324877495626685
CC_9132E67EA479,0.14080523024192443
CC_913D95FB31E0,0.17100265932183384
CC_91529F20D461,0.7560877631055932
CC_91586318C780,0.03957013162081787
CC_915F2708219D,0.16225035201642324
CC_916CCF9CBC08,0.03343979617591511
CC_916CF77A29CC,0.09129669010885284
CC_9189E4FF82C5,0.1471296836012429
CC_91A27CB6139A,0.1435133195032033
CC_91B7A4A15A37,0.6170307539681665
CC_91C2077BA6D7,0.08727932097401857
CC_91C4CC43EEE5,0.14079015747597257
CC_91C55BE33AC7,0.06022053784062042
CC_91C81BC58B49,0.051557297828254293
CC_91DE12EE18A7,0.37701592916512133
CC_91DED13CDCD9,0.16432585168489153
CC_91EF639761F8,0.15006777451208564
CC_91F23A7E743A,0.32586645024682237
CC_91F4C5E889C7,0.7329676448470537
CC_920E91EB28A7,0.184470941550119
CC_921481F5F77E,0.09920648377343157
CC_92221DB27176,0.1836914562900548
CC_9224D5677C66,0.11797187628141834
CC_9230B9656F93,0.20615749369065817
CC_9231D0F8A993,0.7143499620498375
CC_923727159A8F,0.047569880288615765
CC_9248706729D9,0.03822903330390063
CC_924AEB5DD991,0.2010377559440689
CC_9250BA851692,0.3059037876155952
CC_925BACE3417D,0.1001880771938364
CC_9260CD0D7C0A,0.1229143478608243
CC_9285EB21B38A,0.11131434416457109
CC_92A09F03DAB5,0.7889307264208587
CC_92BC35D7F9CD,0.10793279217168347
CC_92C5FE9E5B12,0.6783682722271309
CC_92DC8CF8C902,0.09296178570808207
CC_92E006664648,0.26456650298699114
CC_92E4EFB9F0DD,0.11151897027952543
CC_92E621E0298E,0.18443858029832627
CC_92F412AC7D22,0.07215944254565348
CC_92F42886B7E4,0.20464693385730687
CC_9301E23D376D,0.5809496126608735
CC_931133320380,0.195046148316413
CC_9314B6D8B7F2,0.07367866062242522
CC_9337E3B43211,0.18700681025493734
CC_933E044F26DB,0.08994301964613424
CC_934BB89938A3,0.09755413315741447
CC_935296A995DA,0.13027544093024646
CC_935326AF26E2,0.16761073722351522
CC_935B72B8E7F0,0.05173452558851489
CC_936FF3C9BE68,0.041811435599051844
CC_937FFE1718BC,0.038910442180948634
CC_939F92AEE460,0.7877196951956483
CC_93A4365B25CF,0.7924498617533792
CC_93AB9D6A7EFA,0.09084142847275498
CC_93C719738590,0.7975689136234392
CC_93CB48930B37,0.20559691574302563
CC_93D24FAFD21D,0.09971847941077963
CC_93DB5F477493,0.13000717396379052
CC_93E1CAFAD44D,0.0633399045086327
CC_93EC9F853123,0.20242179033935914
CC_93FEAF515A8E,0.04404204413601615
CC_94063A67F136,0.2991201965394298
CC_9406E32819F5,0.06446807147215444
CC_940971CBC1A4,0.16246441569104714
CC_940ADC8DEA3F,0.1196638616822445
CC_940C7E8E0C52,0.21463255827437627
CC_941DD2E1DE56,0.15440706509189417
CC_941FC1FD0D55,0.20089074365441506
CC_943B720DB5BB,0.10184820204775069
CC_9440309323A0,0.1440056107645739
CC_944B461BC558,0.06563627252183875
CC_9453654BACE9,0.19711974314788014
CC_945888CEAF10,0.34805138256027685
CC_9458D4A483A8,0.11148808292395986
CC_9464BA7E98B9,0.07833504704091561
CC_94794B478A5C,0.30525633864506085
CC_947E58EFF90A,0.09486963255833161
CC_948537FC17AA,0.7605225599559773
CC_949576D25153,0.08439798969038564
CC_949B8CEAD619,0.09013566267208382
CC_94B4E05906A9,0.1340573650834977
CC_94C3B6F3B0CC,0.13358740471579017
CC_94C3D9D8FBF3,0.629105590846778
CC_94CD530B2099,0.07475221923963708
CC_94E9D1E527E6,0.0329437820954358
CC_950450C0845E,0.39499794133477517
CC_95169A4360C6,0.04466969736030617
CC_951A69571676,0.053471984800525056
CC_95232636844F,0.22142408600510524
CC_953A5913EDD3,0.1761326020000545
CC_953B678083F9,0.0831179899775229
CC_9541BD0604B6,0.17771784632826942
CC_954404C1BEE6,0.39358225013668624
CC_95444ED71872,0.0830866763635145
CC_9544B86C78A6,0.7153867022542215
CC_954AD7E7C8F1,0.16093206525343087
CC_95525CC6C854,0.1461639782036616
CC_95573B318A91,0.042900018271684194
CC_9569309DC18E,0.08723748773414224
CC_956A2DF28600,0.20261853893892284
CC_957C7A0D7B72,0.3494469662120644
CC_958BECCA0BAB,0.4599277954441771
CC_95A6C4DA2F12,0.6202555923354295
CC_95AB75B5BBBB,0.12748043083105942
CC_95C1274DD7DF,0.027408049977521567
CC_95CD8F6A8CBA,0.038709948445210696
CC_95DD4DC604BD,0.1849773793442661
CC_95E1AC08266F,0.14332181393758875
CC_95E3DDCB74EF,0.06297074301123179
CC_9601384AC971,0.45372203821428986
CC_9608A73A8025,0.1647134986189068
CC_961F3BFBDDAC,0.8365526424811875
CC_96206C1277EB,0.2854178150236839
CC_96396AE6347C,0.2014457640651307
CC_96416D2A937F,0.20234183835924857
CC_964C2E0B00C1,0.18865640503982184
CC_9657A2A04BAF,0.22384570725219316
CC_9662D713B7BB,0.22745652116305834
CC_9664F83B7F1D,0.18589050905406165
CC_968AF836D0C4,0.05168045310519104
CC_96A6735A4317,0.07374153031423072
CC_96BC62A4A0AD,0.22014917065593104
CC_96CD75668A6C,0.0642085333863665
CC_96D928252719,0.38584631007384185
CC_96E40BDE9A6C,0.11641395282779936
CC_970116768415,0.22987951148485947
CC_970E94875C2B,0.7595386996864554
CC_9721C8A61D80,0.07187545080462346
CC_972313B0F814,0.16969644438692882
CC_972FD8FFFF63,0.5375333434542209
CC_97478A77EC17,0.17188064315825075
CC_974D14774BD8,0.06121195821948715
CC_974D86BD39FD,0.04882166216518714
CC_97508465AB76,0.12451866924818822
CC_975689C0CD6E,0.06235779055163361
CC_975967702106,0.04562143881333301
CC_975F3F07ED23,0.05217467806275323
CC_976E0D9A64ED,0.3606144000925836
CC_977145B2B363,0.3953186066750956
CC_9772CABFE1D2,0.7918386209095409
CC_9773C1E6AC8B,0.6021237121501772
CC_97832657396B,0.47082061627044713
CC_97963C337FD3,0.4771105519376845
CC_97978B581F20,0.167781924953109
CC_97A9ECF23955,0.23964122611529434
CC_97ACD6D965F3,0.0931512357009257
CC_97C69AF6E34B,0.7185506551255374
CC_97D0E7256861,0.6694387770079904
CC_97DEBFBE2BDE,0.2625207827328491
CC_97ED469F2950,0.12004857837273752
CC_97EE84ABA6BF,0.32224662435394646
CC_9801B22BF375,0.11454632323431409
CC_9803B6D4D780,0.2737274611454294
CC_980E90C8A301,0.10474645536890145
CC_9814B3D08A69,0.08022880856494717
CC_9821BD45BB0D,0.16641681661047847
CC_9829FA0350F7,0.034738694840648156
CC_982CAA309A38,0.18434222612089624
CC_98346EBF382E,0.1385403402297129
CC_986698CCC6AA,0.14738512037013587
CC_988FC580CD50,0.12532438879803123
CC_989795BA3DD2,0.05903369189156275
CC_9897A1DFE807,0.08584587246333769
CC_98A2C8F4E956,0.07695720108710204
CC_98A3E6CDC707,0.10863949472814458
CC_98CE15EE1565,0.0571201206742751
CC_98D036D16215,0.060311826070924085
CC_98D09B14EE3D,0.40981090584111385
CC_98DB782DF852,0.05316834280399487
CC_98E2EA67BC97,0.07333971046544367
CC_98E6E7CF74AF,0.07853088871662192
CC_98EEEB2A83DF,0.6150968604533147
CC_98F3D3194788,0.12073588385246053
CC_98F8A8CF4F9C,0.33195193547308627
CC_98F91BAB57EE,0.16395226172278407
CC_98FA377070FB,0.19207414702236913
CC_9900D0479959,0.3335389998045931
CC_99061A735C6D,0.23203569304939237
CC_99093EC1A2C2,0.12859757238816233
CC_99376CA4DC26,0.04593491339558131
CC_993A588895DA,0.1297466596602952
CC_993EE6417CED,0.08323282759213124
CC_99559319913F,0.042479835109093866
CC_9970123DCC41,0.32886189024591916
CC_998BB6848FDE,0.08370066885359775
CC_99958287B2A9,0.5067614450496511
CC_999BAB2D16FA,0.4234249834304283
CC_999C7029261D,0.7444315169466715
CC_99AA61D1896E,0.08431137031830527
CC_99C03E7D99CE,0.05049678951550491
CC_99C62022794F,0.08414019108882834
CC_99D46BE6593A,0.17009795964868793
CC_99D5A5371B39,0.1636733644454027
CC_99D79709AD9F,0.7626775347849184
CC_99D7DDAA460A,0.1695815136037793
CC_99FC44B3C58A,0.11622163002293034
CC_9A02B2A17C07,0.09977742349230878
CC_9A05DE55D408,0.21210117524446725
CC_9A0C42AA09BD,0.3837057022910667
CC_9A2B390551F6,0.0449431169119693
CC_9A2D66206BD1,0.529301309039521
CC_9A366E181FA0,0.153134372438102
CC_9A39365FA850,0.6186376280073038
CC_9A42833BA860,0.04105906802907606
CC_9A4911A0140F,0.08986117251903128
CC_9A4FE1E8E0C5,0.4299233541624163
CC_9A51017C734F,0.3482822267847884
CC_9A5DCCD62D0A,0.3679689362767292
CC_9A602F492510,0.19090888744729007
CC_9A66BDD34B89,0.039009790999470884
CC_9A6AB0AB1E67,0.045608571642897146
CC_9A7049ED5656,0.5566181262601033
CC_9A7AF31828E5,0.08997605771768785
CC_9AA750377C6F,0.11702977979335802
CC_9AB359C82202,0.05137038328786325
CC_9AB7BF77EE83,0.751297470156895
CC_9ACAC8474B9F,0.023900887130876028
CC_9ACCA4FB9101,0.07291121597519565
CC_9AE1529AF9E0,0.12820836362634924
CC_9AEE181F1156,0.2587691076801871
CC_9AFD130D3725,0.10362322295674292
CC_9B09C3353732,0.08216915098482674
CC_9B0D37817EBB,0.08329031906920181
CC_9B290B59155F,0.37622942792710135
CC_9B2D487C64B0,0.08323993661708814
CC_9B3DEC76ABF7,0.07171089440179987
CC_9B4F778D0A6E,0.17881276113191702
CC_9B581A92C2A3,0.38300195251961294
CC_9B5CA8C38414,0.1672353157535698
CC_9B6E82167593,0.19174193311337565
CC_9B6F6B2BCC05,0.3500108109769584
CC_9B7FC3DA1594,0.3437434475541117
CC_9B957DC280F6,0.15800303852428146
CC_9B997DF20042,0.3862585876154996
CC_9B9BC4B83736,0.07884120953355675
CC_9BBE1A16C04A,0.16270639219329158
CC_9BC63F1A568C,0.26069708915815604
CC_9BCB0166227D,0.23487210785374996
CC_9BD3DC96ACC5,0.11895028815211428
CC_9BDC5A0E43C7,0.42056239595888656
CC_9BF9485A3F9D,0.23967499744670887
CC_9BFE93FF2145,0.2600214648789732
CC_9C0470A0536E,0.2326853539593489
CC_9C205AF09E47,0.5505166510010824
CC_9C30DC5C1E46,0.06545675992859559
CC_9C325B6CAD11,0.04033329087480841
CC_9C4A200D0BFB,0.4087186403147986
CC_9C5EAF238007,0.261254331352201
CC_9C601C6BBD37,0.05713199538846936
CC_9C606C2C92CC,0.06185020420051969
CC_9C6192D3A16B,0.06202057747711298
CC_9C84FB9B1469,0.066274388328917
CC_9C989433D637,0.27672035726921207
CC_9C9B2FEB4937,0.15767752390744355
CC_9CA7FBE1DD54,0.14897829353051756
CC_9CACA50F80F2,0.18987630771013078
CC_9CB40D552388,0.07155506083544949
CC_9CB8127D17F0,0.034170356307290525
CC_9CB9CE2989CF,0.709400723469945
CC_9CCE51CD83ED,0.7889990279754036
CC_9CDD2F3D0BE7,0.0468070161588687
CC_9CDEC693AA99,0.38894427804686543
CC_9CE9091AA9A9,0.24208861446834717
CC_9D007C60D29F,0.06510325538917038
CC_9D017774D4FC,0.668182344856866
CC_9D095EC1F232,0.2754168981729117
CC_9D1A1281C8FB,0.3376335690762735
CC_9D23F42B7996,0.46728185871843303
CC_9D2FBC479646,0.689139559297287
CC_9D363365CAFD,0.07998749460683127
CC_9D44E4543573,0.19750734651421836
CC_9D45F67E3B01,0.081124430671982
CC_9D535DD207D2,0.08569890906899244
CC_9D53ED53A15A,0.5791302297884271
CC_9D5D97AEE98B,0.5066737980447171
CC_9D5F2A5B6913,0.09424596584168853
CC_9D6BC1C470B0,0.5253050337977296
CC_9D71FBDE765A,0.04646795410722133
CC_9D73939E357F,0.1213016144176632
CC_9D82F401BD88,0.6516092192234463
CC_9D8B4454BE84,0.2554995425265433
CC_9D92537645DB,0.059632133317667535
CC_9D95ADE03ED1,0.22567536967108684
CC_9D98FE7A1809,0.04934676021089952
CC_9D9D59757786,0.06927113865344135
CC_9DAEB38616AC,0.15300990513602747
CC_9DD55CC0E928,0.021609402538631965
CC_9DD6B460CDFB,0.2524627186897064
CC_9DD80B5E3729,0.09187253813617025
CC_9DD82B4310AC,0.4409005366949822
CC_9DD9389E8AE0,0.08967381703953449
CC_9DDA8ACEB3D8,0.07851609182101728
CC_9DDCD898D01D,0.13629730624015812
CC_9DDD90B42A27,0.7995654535062773
CC_9DF1807A4316,0.03823845102205392
CC_9DF786FD2620,0.4517905096204974
CC_9DF7B9B3C8F8,0.07056355876851741
CC_9DFF6E2AC586,0.15606045031717225
CC_9E0546BD7BD6,0.14335551360510335
CC_9E0BE8227931,0.09664566165382671
CC_9E1A205BA261,0.41573457948723214
CC_9E2967559B00,0.05154180541477423
CC_9E323A031449,0.7107679151258176
CC_9E377CC03D51,0.04953462789142895
CC_9E3B83584C12,0.1674315113310995
CC_9E3D46FF5709,0.5730572447048901
CC_9E4FA91B86A9,0.07590612785476482
CC_9E53534DCD6B,0.12628347381379648
CC_9E73656FC8C0,0.7208615118332677
CC_9E7430675033,0.1833647515127581
CC_9E84CACDD7B6,0.38510975230101685
CC_9E84E0E4C5BE,0.2986937373145315
CC_9E9C65275B4C,0.09273050922556074
CC_9E9CB6473D59,0.2561252086157564
CC_9EA4F11BE6C2,0.17037433588766887
CC_9EBE3F26F2FB,0.06560314289219245
CC_9EC23AB6C573,0.3457815700142846
CC_9EC34DDD0E53,0.04586712236449855
CC_9ED8EDFE8C55,0.06461373653136158
CC_9EF352F179D2,0.08048989847950772
CC_9EF505400F8B,0.6434032287889483
CC_9EF66D83B743,0.3000709467896826
CC_9F051572BFE4,0.2154140408515874
CC_9F151A782BAC,0.22543234903386022
CC_9F1A5DF4619C,0.3848500516929161
CC_9F1BF78ECD7A,0.08551652146303032
CC_9F263092AD72,0.15941575090270133
CC_9F36EC36A9E6,0.09027762533283387
CC_9F3D52242888,0.19076534981149046
CC_9F41F312CDBB,0.3158148097413912
CC_9F425167F9ED,0.17674017420410779
CC_9F6981E0009A,0.2977636041961535
CC_9F706DFE0AE7,0.03132804959190704
CC_9F7B525DD52D,0.3736803026668159
CC_9F8D5A5A9DAC,0.163677824645877
CC_9F8FAE57E6A8,0.14229930013940867
CC_9FD1AB8E65FE,0.04395726368955595
CC_9FD2689202D5,0.12962512544375787
CC_9FDBB5C2CD09,0.04031207715918678
CC_9FE52BD71CA2,0.10789222876134696
CC_9FE8E62EB24D,0.09417863432299022
CC_9FEA59AEA00C,0.2734055364846974
CC_9FEA77B36A29,0.3799963126875858
CC_9FEE9701D16D,0.2682196550089845
CC_9FF35BA60E6E,0.28266444179931327
CC_A0003F08B22E,0.15940668956206544
CC_A00AE2543224,0.06965872662623904
CC_A02A29DECDC6,0.10715346726175368
CC_A0336C21117C,0.6456962860863925
CC_A053B42BBE0B,0.07442866103605286
CC_A0591F16FA37,0.03130974581342211
CC_A05F962C80FF,0.16895932097007593
CC_A07B0549E53F,0.06439380543334136
CC_A09F230CCF5D,0.6576124236107534
CC_A0AED6346ECD,0.1943225790059478
CC_A0C4A796643F,0.10307531403181903
CC_A0D6DDFB430F,0.0624920132622169
CC_A0DF672F9C4E,0.12210818162213963
CC_A0E8C7C5558A,0.2954820310273054
CC_A0E9269DF22C,0.49031605387267424
CC_A0F1DB5CB28C,0.10420986522772524
CC_A0F42B26F8F0,0.05936144385507812
CC_A0F8F80EDFB0,0.059716013938277905
CC_A10AD9550E4D,0.02729122945339186
CC_A10EB26E5EE1,0.1879302505282565
CC_A111B065F623,0.07529201227027632
CC_A113D95B4AB2,0.14331165818445904
CC_A1320C0F0129,0.7272059617596789
CC_A1348D850EFD,0.7643466648874906
CC_A13D08B372E8,0.06260368223176713
CC_A143E64BD9D6,0.3703839599453753
CC_A14B0A24DC3C,0.10962242592135629
CC_A15137F25F7C,0.07602741000800803
CC_A152DBEC5BE7,0.058723057541903885
CC_A1591CFF6D81,0.044534089075239675
CC_A168CCB582C6,0.37564043821350834
CC_A17DC38133CE,0.7644782691223917
CC_A185D5EA3DE8,0.6321251103555048
CC_A19C842508E0,0.14137170538885158
CC_A1B648DA406D,0.028369072261507138
CC_A1BF7028CAA8,0.02305175244600867
CC_A1D035FA36E1,0.08027969682194924
CC_A1DD653D41A7,0.0915521315716366
CC_A1E3AD4B934C,0.304664181705132
CC_A1E58421CE87,0.05070622442260489
CC_A219144EDEFE,0.060897204325263465
CC_A21FCEEBB3C3,0.434660922260897
CC_A220E4278D79,0.04014266262164448
CC_A2231BDC961C,0.25420085563910505
CC_A234E219EFC7,0.3504302794087179
CC_A239B1BD81FF,0.06439094682891336
CC_A23D8CFFA31F,0.07582833667546451
CC_A23F463F4B4D,0.037541884402588856
CC_A23FFDC4A7A4,0.08723991779198681
CC_A2423E273F84,0.11809957374990632
CC_A2493E6036AD,0.31226396969115305
CC_A25C54470CED,0.09083068214652908
CC_A25FA690BBBC,0.12453543075015236
CC_A2636CF7C075,0.08910482366031475
CC_A26C22870E3D,0.4540538039298174
CC_A26F6A272B3F,0.1325225695485781
CC_A27CDC9BCBAA,0.17529737248012262
CC_A27E5269DA60,0.20307151923903763
CC_A28D4A46B6FA,0.10883631173033392
CC_A28EB319030E,0.04757180283446605
CC_A294D3A59462,0.7844648929569031
CC_A29D8034C304,0.06142886767966887
CC_A2A109409963,0.05274827159577731
CC_A2A4FA5F9962,0.11579808511492515
CC_A2A7E30C59D0,0.15210819061238423
CC_A2B5D2D4E269,0.5500112517636899
CC_A2BB24180208,0.2732549127841016
CC_A2CF1DFEFE46,0.4986988190765943
CC_A2D6090EA5B8,0.16159863980485034
CC_A300BC40BC9D,0.045007749261929283
CC_A3212501F639,0.19140850270112883
CC_A3278A566572,0.0630584528807348
CC_A327EBE4F783,0.1838835389362415
CC_A32FB6659B01,0.07383374057251846
CC_A33915EE72B6,0.23701045089605885
CC_A33D350BE79E,0.1823928247273774
CC_A3553B8AA8F6,0.10201108655762195
CC_A36EB077BF3C,0.030823592016777295
CC_A3753EB66DEC,0.11903496565243588
CC_A378342AC9BB,0.1710075612634927
CC_A379E9455C60,0.14868449293237743
CC_A387ADBD7249,0.09569555031232979
CC_A39E961FC29F,0.15106891192268662
CC_A39FA1EF0B16,0.26801647333488576
CC_A3A4E39FB04D,0.16960218146644054
CC_A3A751BE68D2,0.037361879633733185
CC_A3ABB3C5E9D5,0.6309575169994737
CC_A3AF9C2C68F1,0.1793149800459061
CC_A3BEA14873AD,0.13345735527593108
CC_A3C2FEE13C37,0.15486606754661325
CC_A3D6435D5F17,0.15718327458111664
CC_A3E3E51AD0E7,0.04871765451752795
CC_A40566694D53,0.23469855596603015
CC_A410C0DC7125,0.041651884013648416
CC_A42168D2B94B,0.08774099598111146
CC_A43CED9AFEF5,0.45341484745112637
CC_A4475A788D13,0.13716706516478394
CC_A44D677C0C07,0.04421082441380885
CC_A44E2673E71E,0.04544345783956353
CC_A44E79A96425,0.3664993527955687
CC_A462CA147DB9,0.11376423796881563
CC_A4660E424386,0.20794542520435053
CC_A476C9F116F6,0.15426085234313747
CC_A47C83B6EE2B,0.14903370558790657
CC_A47F8594678C,0.286023572633697
CC_A48A7592F96A,0.05814440848921556
CC_A49195E659EE,0.064123253558045
CC_A498A936AD21,0.11820514135018577
CC_A4BE6692361C,0.5877070716181158
CC_A4BF2115580C,0.07833281049952184
CC_A4CACCD14A0E,0.11377905390053072
CC_A4CE57A1AB74,0.06602156229433381
CC_A4DE4F1B5F93,0.21776829060768957
CC_A4E300558DAB,0.05905880032817569
CC_A4E972915D89,0.7500194789993222
CC_A4EEA04CF3D0,0.19556698738050865
CC_A4F400E9A0ED,0.051948954477896624
CC_A4F550D7F95B,0.19855478056188466
CC_A4FB91B1BF31,0.2054597562509463
CC_A500C1ED0A33,0.1884281800636476
CC_A50471962A96,0.6913063039413413
CC_A5161D8AA57D,0.11926045267479521
CC_A519C84307D2,0.07947780636247163
CC_A5277A9BE02B,0.7091976509079962
CC_A53578FCEA71,0.12720318468140987
CC_A54EAD1CCE27,0.1521278243309557
CC_A5512DA239BF,0.1484260875172088
CC_A5545DF298BE,0.07143094665817395
CC_A556EEF3010C,0.4532604812558221
CC_A56756C65136,0.3167638293321889
CC_A5852E06D2D5,0.24765246018880646
CC_A5886994671C,0.14946210108679497
CC_A594D8B41A99,0.050656450665923065
CC_A59C6A6B71C3,0.07299537432769834
CC_A5A06987AF5C,0.20834355842735988
CC_A5A1512FEEFD,0.1634736513198106
CC_A5ACE4284283,0.15229976914902707
CC_A5B10F07BCD5,0.09898696616588817
CC_A5BC9ACDB4CD,0.06981962146324441
CC_A5BF8B260922,0.44171742469138797
CC_A5C52379AE06,0.27528585577619114
CC_A5DD4441568D,0.030279077657364428
CC_A5FE3BE2949D,0.03894168464260561
CC_A60EF94F09C4,0.34152682445111615
CC_A628BE74CB45,0.13786173292329165
CC_A6292E9B43AD,0.06072557975067917
CC_A638610BF8F8,0.10677817638411627
CC_A63BBA86CE9A,0.3143048854565283
CC_A63BDDAC43CB,0.06791824876436554
CC_A6409E37A735,0.1407499919792129
CC_A655EC341406,0.13041367281723515
CC_A6562E47BFC7,0.1981007209453281
CC_A6563A22D668,0.7187843054894056
CC_A6601278C1BD,0.10431892047143775
CC_A683678AC9FC,0.35432005871381195
CC_A6864FE80A94,0.09780215962206132
CC_A69117CC3C24,0.16486869498059792
CC_A69928C7D217,0.170123837195381
CC_A6A8BAF7124A,0.2918792834281745
CC_A6B7DFC69AAE,0.5764615989634044
CC_A6BB595B55AA,0.05657500046609144
CC_A6C5284C4586,0.09164411516442014
CC_A6CB0D0191D3,0.0837573528728898
CC_A6FA3FA9F0FB,0.1105752764288882
CC_A6FDADD23BD7,0.04450371134689318
CC_A6FE3938F001,0.17771062617504862
CC_A71DB65F0BBA,0.6336589653456991
CC_A730F4964FD4,0.12295390467923867
CC_A73C02C58DDA,0.12363412799850833
CC_A746BC2289C7,0.30279669630974004
CC_A766C3608214,0.12384409181611837
CC_A76F48111A8D,0.14138831111354971
CC_A77AEC8AD2D1,0.02335439163164613
CC_A781174166B3,0.18130079180465986
CC_A79024286DFF,0.06503835380926429
CC_A792720B875E,0.09806725705374711
CC_A7952C2BC5B6,0.08183096715655641
CC_A7954EE1A1C4,0.045931458502578786
CC_A7991E6B3CAD,0.2218643560706195
CC_A7B141DF4AAF,0.06065786650020562
CC_A7BE2CED0B93,0.05163253933533328
CC_A7CF446093DD,0.262462150927409
CC_A7D1C6692090,0.07955965748987179
CC_A7D6CAB54328,0.44807498230124443
CC_A7D8D1DA4EA6,0.12924498486125918
CC_A8102BA6933F,0.04958612322651644
CC_A81C1EDC5FE0,0.09251423615643203
CC_A82C0FDDC303,0.22064123714072842
CC_A83F92C0CABC,0.15126281067688074
CC_A849B0F60EEC,0.05748053233440748
CC_A852AAB180D7,0.043485445820880514
CC_A8536626873D,0.21802065384745378
CC_A85F953FFD40,0.34645429745817957
CC_A865A3F1E28A,0.6839608209260548
CC_A867253FC73C,0.7333867379498296
CC_A877592FE1AF,0.05989919999572158
CC_A8AE26057851,0.1773742824713473
CC_A8D50530622B,0.13206477626408164
CC_A8D5C834B061,0.7148615909811976
CC_A8DF49EED27D,0.7902366872406152
CC_A8FB53A944AA,0.0917959346083565
CC_A8FF19BCFB18,0.15418082550089363
CC_A9042AA97760,0.05968064854304412
CC_A917D68B7F33,0.049462556902142324
CC_A925B3023F01,0.15410277550040086
CC_A93A49678A0E,0.689162339744352
CC_A944C14551E0,0.11153464344743386
CC_A949A4D6CFDF,0.02868744912998837
CC_A96085AAACBB,0.3947879574109949
CC_A968E7B519AC,0.5610123596839323
CC_A96F61DA3920,0.27310415009942807
CC_A98AA461487F,0.046335681470024564
CC_A98DE37F48B1,0.032010716585363905
CC_A99526CAE7B8,0.0900612638498936
CC_A9997F50D935,0.11964690443331757
CC_A99C3B09B728,0.05445707121208249
CC_A9A0DADE60F5,0.23633141015402004
CC_A9E27E0F8BF7,0.11276042069019011
CC_AA06B8C44B08,0.5944351867399157
CC_AA078692F54D,0.04460084537105021
CC_AA3181148667,0.11933287337624318
CC_AA36C8AD0AD4,0.09594018936495
CC_AA36F0397FF6,0.09413573544476961
CC_AA3A8989A632,0.6413607863155517
CC_AA4A1B7522D9,0.0970491731845626
CC_AA4AE0378324,0.22249322818313688
CC_AA5E4D5A692F,0.1710099346516572
CC_AA68EABEE4B1,0.08945143152122122
CC_AA6B5A7A5B67,0.0826635090556821
CC_AA6BD423C239,0.4002720951654348
CC_AA7074B42A4C,0.4950114867969622
CC_AA7A7F3159DC,0.09790236670486363
CC_AA7BDEB972E4,0.11450918207657784
CC_AA83426311A1,0.07540906083573358
CC_AA8F7D307212,0.1440645696139283
CC_AA994120654B,0.07722630643886458
CC_AA99CC1D0A77,0.10626748681130112
CC_AA9DF917E958,0.1449446735099522
CC_AA9FC6678135,0.33078730067954754
CC_AAA47EC0D4CE,0.08548951453805088
CC_AAD9F600283C,0.10599142654161578
CC_AADF003A3927,0.07037469082638934
CC_AAECFE806C8D,0.23429278252067276
CC_AAF2022B9CD1,0.1764097501495537
CC_AAF445E4CCF4,0.07604882597703706
CC_AAFDCAA5CA06,0.6573324563973255
CC_AB0384E131D8,0.18960744231727683
CC_AB0A4F4A2968,0.2209937649168182
CC_AB108580856A,0.08679742121247641
CC_AB10FED15FC0,0.8081056068364421
CC_AB176233A184,0.05532631488360312
CC_AB250982887C,0.11225078915624842
CC_AB25C565EA6F,0.07327731488792372
CC_AB31BDAE74E0,0.24376037391884747
CC_AB38A76F5698,0.3705826352421283
CC_AB38F588BDD4,0.1688446676065639
CC_AB3DB55C9A2E,0.17983838637273966
CC_AB42A7DA8FAE,0.19185025577534442
CC_AB486E8855F7,0.11667068477871329
CC_AB4A79BF0F21,0.0426788182306745
CC_AB7472FE1C8B,0.051425450019455886
CC_AB78F64D1DA0,0.1238887125478603
CC_AB821E2FB031,0.061799016859298506
CC_AB873276D910,0.0512403552240512
CC_AB8CF3C05B61,0.09895559334396231
CC_AB8DD8448ABE,0.3169181257302645
CC_AB953366A38C,0.10088847354777315
CC_ABB193697B23,0.6313800820980301
CC_ABB3F0A040BD,0.1278276469863166
CC_ABB618AD3E52,0.22725042825807423
CC_ABC0DA7DAFA5,0.04171177544788013
CC_ABC49E43DF40,0.6256225621169662
CC_ABD89F61734F,0.12049881269973002
CC_ABE04CDC2866,0.5779571779500633
CC_ABE98746DB91,0.5597331766717222
CC_ABFDF22BBD97,0.06349217359705733
CC_AC0498A54CAD,0.22781816809416094
CC_AC1C23EA2767,0.3163787645871928
CC_AC1E028B2A1A,0.10308781658143788
CC_AC255B902EEB,0.1697293516518044
CC_AC44A88F7869,0.06480016595161174
CC_AC51CBCACA63,0.1176933986125934
CC_AC723E5F5EFA,0.04303124621852812
CC_AC7994A5FDC4,0.10665451389407904
CC_AC7EFDBCF2E8,0.7254095266332258
CC_AC8A45716CD8,0.13223762902845881
CC_AC8FB78319A0,0.033176956258342785
CC_AC95C517E726,0.10159899862783472
CC_ACA4C6C9316D,0.05735941687967018
CC_ACAD97A186F4,0.08894300848794842
CC_ACC12168D6A9,0.15775152668072745
CC_ACC53294D3A0,0.08677773693928285
CC_ACC6A74A8BEC,0.06606044857209989
CC_ACD94D2B1200,0.06879547097604315
CC_ACD988315902,0.03666948257060274
CC_ACDA59536C9B,0.12957219767498426
CC_ACE5A4081F6E,0.18557654785271743
CC_ACF4F9A2CCFC,0.18988107256329487
CC_AD0D7D212968,0.2973850851872136
CC_AD131D09EB0F,0.1230669490055398
CC_AD13C87CF26E,0.18776189954182332
CC_AD2050A0C79D,0.15765242486148415
CC_AD276D71D3A7,0.2964796547321632
CC_AD2C54521FE4,0.20269714558008375
CC_AD2E59624FEC,0.39541799807525013
CC_AD3A36AF2840,0.25207022100503784
CC_AD3D286D0B68,0.17002079846677734
CC_AD46818E459F,0.6131794521429006
CC_AD4BB2E22EA9,0.20534585615090295
CC_AD4F7F88242F,0.3172117730578468
CC_AD58ADCD54CE,0.6994702242078116
CC_AD71619FA389,0.11928364272991963
CC_AD84592B950B,0.07355647693503496
CC_AD9898C0E8D2,0.12540149948842896
CC_ADC70A21D661,0.32367166864206204
CC_ADCF16189AF2,0.22488474751399398
CC_ADD894E6E4F4,0.3474103322340733
CC_ADE899835555,0.13856910003979866
CC_AE0D73A1EE19,0.3787620203702029
CC_AE0F08EA3935,0.1798983358774999
CC_AE23B59E6FC8,0.29709395336595446
CC_AE289E013D60,0.08092718672633249
CC_AE34D3F7F224,0.7284027580625467
CC_AE4069D8B4F6,0.21377908466276896
CC_AE4896E2BE76,0.7131868969700281
CC_AE51DCFE0671,0.0751657131955926
CC_AE69FEA8DA68,0.15390695439396335
CC_AE7C129CC90F,0.2209506482223959
CC_AE7CD49F20AB,0.17121964127979405
CC_AE89526E0335,0.18108969120358698
CC_AE8D62CF30C0,0.09681360601697125
CC_AE8D9CE8D6FE,0.03598100914563497
CC_AEB019CB9065,0.16714568141951996
CC_AED1D50AF584,0.11109756539753018
CC_AEE546316FB0,0.2377155211032884
CC_AEE5FA00FA6C,0.42062844906518054
CC_AEEC765D157B,0.0379689481856952
CC_AEEE44D6C8A4,0.023569386769964725
CC_AF14FF3EF570,0.31907314765922185
CC_AF1C3ACBA6B2,0.11984966416727724
CC_AF1E911C98B6,0.30224703590266844
CC_AF337F410520,0.08355572141956596
CC_AF3C7BC3BA40,0.10102453733578848
CC_AF41E4075C87,0.1785223522411516
CC_AF6B4405276D,0.7074313638957077
CC_AF78FE0BDBEE,0.10426679121515359
CC_AF8238D9082F,0.05452754398695682
CC_AF8CA6EE53C3,0.06469249516237938
CC_AF9AFA7C49A8,0.10359315573224284
CC_AFA1E3D3C685,0.1795907351276951
CC_AFA680030CB4,0.6287065305131287
CC_AFB351270B8B,0.03869633751772725
CC_AFC405AE0029,0.08134326169963027
CC_AFF90422E4FC,0.3801942530225847
CC_AFFBE2744B87,0.766212500660979
CC_B0043CA53FCE,0.08441224429830316
CC_B01B2BD4EFD7,0.25843337081363493
CC_B01E87EB9940,0.14947841747026333
CC_B0273E66E2A5,0.16572665477782794
CC_B03E98085A9F,0.06642365450014234
CC_B0420D8C42DC,0.5172675676360106
CC_B0497BEB9F6B,0.13755494333283402
CC_B04A5E60B69D,0.08831537976227999
CC_B04D5517A193,0.12377852965839364
CC_B05FF3A960A0,0.22324584779559997
CC_B06A532EC131,0.27800191014734743
CC_B06D33A6761F,0.13935759664601527
CC_B074D4472CE4,0.04592476655782633
CC_B07CE95BCD88,0.3087668937149474
CC_B07D79368225,0.12664968749672462
CC_B07DD1ABABCE,0.7261636307520476
CC_B086C2D77820,0.17681056492809719
CC_B088DE9C9E3B,0.2345268099740105
CC_B0CD7932067B,0.10746194733043915
CC_B0CF90073A5E,0.6470955269837337
CC_B0D397D86639,0.6427202753190722
CC_B0EF4FD19FEA,0.09525060530781196
CC_B0F2F9514AA3,0.08549951830729804
CC_B0F3B79F51C8,0.15419784757663388
CC_B0F4041B1C76,0.02754829342790411
CC_B10FE31C61D5,0.09644345904048682
CC_B114E8F19D65,0.1734794125106384
CC_B117F0E3CAAE,0.15062669477352905
CC_B11D58F331A9,0.03757192757809345
CC_B1262188BC41,0.11385174019092689
CC_B12FFB2FF21F,0.0863602062612816
CC_B13253F34A9F,0.033778265872416724
CC_B137E2BBB53B,0.07174053311902956
CC_B13FEA7CDB99,0.07481902167364804
CC_B1481ED21111,0.03638075923731789
CC_B15BE5C9976A,0.23115884479349222
CC_B15EB6933578,0.08393897413665319
CC_B163CCB3BE4D,0.111769779354568
CC_B16DC354FD71,0.3735266584158957
CC_B1777349EB15,0.1640131477876038
CC_B17C6CE0231F,0.26566430586507306
CC_B17CA8C22E5C,0.12694099772062292
CC_B18F3C9C30E4,0.13818925592523137
CC_B19CD93DDC96,0.05866416195338504
CC_B1A647674B84,0.11073881463457315
CC_B1AEC2E5E33B,0.2519664191726344
CC_B1B5C81AC0A6,0.05962936631411976
CC_B1B932EFD646,0.1518096706015711
CC_B1C3C0B52B88,0.277917584327188
CC_B1C7216344F3,0.08318041891013371
CC_B1C982DBBD12,0.32407922728319943
CC_B1D81F8197B3,0.33787686842240744
CC_B1DF1DCBDC7E,0.5534376639782015
CC_B1E2C36607CB,0.06713135689868961
CC_B21351C93D8C,0.12491249285507017
CC_B2174860AB11,0.7123724659525255
CC_B235818E6A04,0.2124727508799644
CC_B23CDE30F00B,0.08492284663669782
CC_B23DE4971DF0,0.44063321174309233
CC_B23ECF574D8E,0.055706445867808235
CC_B24C41DDFBDA,0.22628011551903066
CC_B25EC73B9510,0.14434031655329208
CC_B25F69904D0F,0.07424253462533514
CC_B25FB6C11D05,0.678957009531419
CC_B264F2B92259,0.5744678979014254
CC_B26B8FC23F1B,0.055607189301503136
CC_B272E29922B5,0.12916088679488286
CC_B27AA8E27BE7,0.11210230574851723
CC_B2A68FD3C236,0.09181934689083135
CC_B2AC50C00979,0.0908054468377052
CC_B2B16D7B821C,0.1983621728814396
CC_B2B32F1511E4,0.1482661100855202
CC_B2C241A93527,0.07406759877503757
CC_B2CB104FED6B,0.6673978944921467
CC_B2D352013F92,0.11065093171472495
CC_B2DF694BAB08,0.10052713604921372
CC_B2E993A9343F,0.2017544063937052
CC_B2EF61C93AB6,0.14545525698046835
CC_B2F94405EA89,0.11698363427523421
CC_B2FC07BF6251,0.04704928020218016
CC_B301A65B4164,0.10894281510902054
CC_B313E3A208A2,0.21157983129970265
CC_B318FF5D976D,0.13952832819836958
CC_B32AEF0A2299,0.05790588248131527
CC_B33BD3C618EA,0.07772331276465964
CC_B348627365A2,0.1314825633147209
CC_B35109450BDD,0.03844454947550645
CC_B3528B870544,0.09319824406204087
CC_B3530E7CF8F5,0.12848834052881414
CC_B35C5B1DB9C1,0.07221909094107778
CC_B35FF59389D4,0.19379321919420356
CC_B3812C6700F2,0.6330783232874205
CC_B38280B483B8,0.13132839624288611
CC_B38B694A18EF,0.487861252911723
CC_B392BDECD913,0.3428343762657287
CC_B398DF1ABAD4,0.04305189185746233
CC_B39E75E151A1,0.1177111839654183
CC_B39FD0E249E8,0.04505389095471468
CC_B3AA0891CA5E,0.38897710005384023
CC_B3B1C8EBE5C1,0.1341922461100918
CC_B3BBA28E2D39,0.41819944905889056
CC_B3C4DB0303A7,0.09821904134658911
CC_B3D32FE823B2,0.02880669809242043
CC_B3DA429C6C8F,0.08074608994836675
CC_B3DC5786AB0F,0.19316778708203297
CC_B3EA537531A3,0.15710290177903594
CC_B4096D3A38CE,0.0375242252471109
CC_B41EADCCC95F,0.05687128406391713
CC_B421940B9A48,0.6283588358235193
CC_B42B3B83935C,0.8089823823805397
CC_B436B1CA6B2F,0.056784554242994015
CC_B439B06AF274,0.2883330261806163
CC_B4482E7879F4,0.07348727982241571
CC_B4660022C612,0.10731858617778162
CC_B46B899B4A63,0.13719401558133776
CC_B470280A580D,0.1343989035797463
CC_B471D3BF0C72,0.555689886226792
CC_B4751DEE43CD,0.16798589618419654
CC_B482C254BAA5,0.05213733919170134
CC_B4889D036D3C,0.7177494239910023
CC_B4950F811C90,0.14243262013914101
CC_B49A6DE7A340,0.33055511419055417
CC_B49CD4C13DE8,0.3522934995055652
CC_B4A90370CA96,0.48843480591293764
CC_B4ADE6BC8A10,0.6697483845933753
CC_B4B6F805888C,0.03714497269606322
CC_B4B8F66BF4ED,0.6643555927652327
CC_B4C6F80DEE44,0.03138722764792102
CC_B4CCE78C09EE,0.15813890539140113
CC_B4D68D1C1C55,0.17041244005281012
CC_B4DAED63089A,0.15652388546367646
CC_B4DD9841E6FD,0.2522382295857193
CC_B4EF6743DDCF,0.07556015660693038
CC_B4F67F73D097,0.09348541743283872
CC_B50EB15EBA18,0.11301486220879096
CC_B51DCAAF4549,0.15386215524002644
CC_B51DFF8702D0,0.543966450764019
CC_B520A001BF69,0.09085025631695398
CC_B529919BF24E,0.6488845917716186
CC_B542342650A1,0.08580668861727427
CC_B54A106E91E4,0.04937290223293808
CC_B54CFFC21F2B,0.12675180980730116
CC_B55C134C04A5,0.21081863152214553
CC_B55C2DBF6D3C,0.19836558182401637
CC_B569705352B4,0.10896113157508536
CC_B56E74A967C3,0.057529245901746476
CC_B57519F33EEF,0.04973000173260706
CC_B582E4405D85,0.0863218377877715
CC_B585A11F7BA7,0.12427377383142316
CC_B59726D36AEF,0.19328507647255752
CC_B5995E4F1A21,0.1296638290962015
CC_B5AC2AAF871B,0.7308282180760736
CC_B5AD19125E1B,0.21384461486983233
CC_B5B1E42858AC,0.0581162739988918
CC_B5B7599E8BC6,0.06821291829391729
CC_B5CAE0595637,0.21703425366442267
CC_B5D49843A799,0.34341132540104113
CC_B5DDFC7AEE78,0.10499246234545224
CC_B5E29344F63C,0.19344384414612237
CC_B5EE5AE6378A,0.4976867639087135
CC_B5F2A93AD996,0.09779285923604014
CC_B5F611613A78,0.06836216495569358
CC_B6055039255A,0.755473151407881
CC_B607B2B0AFB7,0.056790032873658164
CC_B60CFD0F39F9,0.07425075640037299
CC_B620087B1C52,0.41707065807155963
CC_B6203BBBD151,0.10186548520450142
CC_B622662E664A,0.16673109404516523
CC_B62C9A2BC846,0.16089295312240032
CC_B636210548E5,0.367816245157608
CC_B642C6714501,0.06314497956846402
CC_B64F81B8A263,0.13165156170736259
CC_B65CA581B9BD,0.14637614807342333
CC_B65D1B9B6F67,0.11773727602364033
CC_B661A8FCA431,0.04689814272377914
CC_B66AC40957D6,0.13251780761920812
CC_B672B35D1162,0.7176274809634686
CC_B68379D197F6,0.09681679256619766
CC_B6923D10FDA2,0.14350293839805947
CC_B69CC776BBE6,0.24739523555926385
CC_B69E50D76B29,0.10635718881661513
CC_B69EAA8C296F,0.20999285630243708
CC_B69F7CB8CDA0,0.09738201322566445
CC_B6B4AD157354,0.15889592020342438
CC_B6BD764CB8B9,0.20342507004185484
CC_B6BEC3F4BE91,0.13584870385456946
CC_B6C13F4A610D,0.29777675610299137
CC_B6C1C3B5766B,0.11238173228385219
CC_B6C72241926C,0.1480079723375358
CC_B6CB40E245D7,0.5837941508173592
CC_B6EE58A108C5,0.06686647753846268
CC_B706F631F5BA,0.03684261191099886
CC_B71DC1206985,0.14669569421341622
CC_B72284CED807,0.1857106469504336
CC_B727865A5B5F,0.5890786775740315
CC_B72FD7EFA6BD,0.192562479396158
CC_B7365B5A3392,0.7661401860236843
CC_B73820D308C9,0.1201934556475263
CC_B743560D847F,0.09528053381560533
CC_B76EF26F7C9A,0.3057361501445234
CC_B7764FC130E8,0.46843010627600085
CC_B77B73B95532,0.12166212070276329
CC_B77D6653C7D4,0.03291664940654605
CC_B77DA6B77DEB,0.27159392081259337
CC_B783AE19622D,0.15960454028459553
CC_B78761738CAF,0.01835294284229208
CC_B787BA135B5D,0.397080453544059
CC_B78B4449EA19,0.12720631233390228
CC_B78B4B7F80B5,0.24617037513297174
CC_B78BEE888CA6,0.07843224880184388
CC_B791FEE1CF37,0.03893671926426953
CC_B79A58AA4441,0.08756892623282207
CC_B79BEC538198,0.11922775903111685
CC_B79DD53178D3,0.07354474370774837
CC_B7A7EFD85149,0.18285181264760741
CC_B7B5F2A15C41,0.13028370061827155
CC_B7BC46A7D4DF,0.10277680358153288
CC_B7CBC65D9AF9,0.5004153846715967
CC_B7D40C5C891F,0.08117265374073158
CC_B7D4337C4797,0.3413642198447504
CC_B7DA04826165,0.33219236216986797
CC_B7DC19DA1440,0.15295653942674076
CC_B829EC622F0D,0.5834628818447418
CC_B82B9C0C7B85,0.6196529959930099
CC_B82C55DEE5E6,0.29593879027718695
CC_B8475B977AD2,0.6836029991180878
CC_B84BD2F4EB01,0.19914404849167833
CC_B86DA7D69F20,0.04466458439154977
CC_B87989F406EB,0.16988500379084517
CC_B88B702183E7,0.035034144854697816
CC_B89B80945ADE,0.20328433981001137
CC_B8A3A44BFE8A,0.4442661762560325
CC_B8A7A6548AE6,0.18655862076586469
CC_B8A8FB83065B,0.1639587305571513
CC_B8AAC20D626E,0.18231089528176547
CC_B8AC99873641,0.06795452520710878
CC_B8C9673B7834,0.08206560829503004
CC_B8D5FEB15CC8,0.07676259614324177
CC_B8DA64A33076,0.5672025865948351
CC_B8E912A01706,0.601603453859323
CC_B90869280808,0.1368584814056278
CC_B908EC99951B,0.25600405479790295
CC_B90CBF2A6775,0.052081238676605246
CC_B91080C1ADA5,0.3356616889340678
CC_B918FB42AFD2,0.17218244503075278
CC_B92CA425080F,0.1253984563651318
CC_B937F632B71D,0.17262449647549016
CC_B94477C20476,0.3703847522938857
CC_B9483A5C922C,0.13088930981113828
CC_B954EC1C63B5,0.40496814315763346
CC_B95580F93537,0.04636005813074943
CC_B96086044329,0.06876261524359967
CC_B96EB0A91589,0.23722733284781553
CC_B98357C70A41,0.6356160044389931
CC_B9929A66C2FD,0.6728917069950909
CC_B9BB52E4C529,0.12580458755292778
CC_B9BD45744855,0.7618431107185297
CC_B9BFDE4662AE,0.11534188922837094
CC_B9CEAF324145,0.03085013674913349
CC_B9E89F42B509,0.21676819911732204
CC_B9E8A3887223,0.21318039397307087
CC_B9FC67268C45,0.27071168236876314
CC_B9FE9DFEB3DC,0.09956097144794959
CC_BA041E14DD98,0.07650393528499579
CC_BA0619F54427,0.10552545215709651
CC_BA15072C4EC2,0.2500111737980114
CC_BA183CDC5429,0.8124894171379168
CC_BA43646012D2,0.4098554340009238
CC_BA4F7E494E71,0.4631407051555985
CC_BA557F75E2DD,0.19042904737161076
CC_BA740903CBDF,0.12799600932396915
CC_BA77722A827A,0.5307739520365212
CC_BA78E47BB021,0.2294344450619244
CC_BA8C427054F4,0.03293712441770921
CC_BAA19F8D2563,0.09151370123669814
CC_BAA1BBFF8C6C,0.2935831775520727
CC_BABA44B5FB12,0.08234525873401735
CC_BAC25BCCEAD2,0.07404781435401421
CC_BAC74D0014D3,0.47918657681444243
CC_BAD99E36CC71,0.2460651990644083
CC_BADE7EB1D16D,0.7739697936843979
CC_BAE7410803AC,0.15090296839735579
CC_BAEBBF8054FB,0.1286777355470338
CC_BB054686B6F2,0.04625319018002902
CC_BB05D9DF72BD,0.06251502865163457
CC_BB0D54068D07,0.7988154930170954
CC_BB15DE5E0DA0,0.7291765373974429
CC_BB1A57AA813F,0.14248803971563828
CC_BB1CABE261EB,0.16179616668666685
CC_BB2BC46FCF61,0.21471986327691583
CC_BB2E5437EE04,0.04974373304208411
CC_BB2EF1FF6131,0.089189109100934
CC_BB2F56C6BF57,0.1108972319462245
CC_BB35CEC5314E,0.10553419837764051
CC_BB39E3597B61,0.03897453423967287
CC_BB3A9EECD51E,0.0860161731029261
CC_BB44CDEE5103,0.19303940451552043
CC_BB458116ABA4,0.3452953889122097
CC_BB5F6936F6FE,0.2236069253896561
CC_BB666F8A551E,0.0801623111523429
CC_BB7355E735D2,0.11612021310638448
CC_BB8A2F186D6A,0.04071868521474466
CC_BB9FDED12C65,0.6679831656162837
CC_BBA8C316C8F8,0.07231648954136966
CC_BBADC7DC73EA,0.20278418202729684
CC_BBAEA7980B09,0.46530495193084365
CC_BBBA078A6429,0.7477283776069179
CC_BBBFC3EC2C72,0.3880804636810054
CC_BBD34B3225EE,0.032062473536150764
CC_BBE6C58C59A4,0.42962947754220865
CC_BBEBBE1E226D,0.10616699969283276
CC_BBED56D34D38,0.13136384950405292
CC_BC0244FBDAF6,0.1793896644517063
CC_BC099E880236,0.18662062435517032
CC_BC0F05C89E25,0.11621001874158829
CC_BC1BD06C1085,0.111951608278113
CC_BC21E8824A34,0.45286708242237744
CC_BC23655B2BF4,0.05974679547083274
CC_BC24F9024F49,0.048248343655460595
CC_BC2A58939715,0.10079770255704194
CC_BC2B90F226E0,0.20775820567846714
CC_BC31382964E4,0.041327975571824396
CC_BC31DA3EAFFF,0.1338669739803523
CC_BC3A6CF6FD16,0.12155472549266154
CC_BC410BDD9ED8,0.25143190343981126
CC_BC458960887E,0.1485606705045741
CC_BC484C329704,0.15260428219386707
CC_BC4D6D6D4553,0.33229712264121203
CC_BC5A59D88AFC,0.08311718853999128
CC_BC736DA19A00,0.16932823532635088
CC_BC7B9D13978F,0.19445107601765219
CC_BC84BF34D69E,0.27783933175654624
CC_BC95D473C9CE,0.17958751078073493
CC_BC96FC9DCFE7,0.1174400172491605
CC_BCA0D6159C23,0.19162430203925063
CC_BCAE73132BA2,0.07730141388740641
CC_BCBBF055366F,0.050099752767845895
CC_BCC94F494979,0.0899383383575646
CC_BCF75F8B9A5D,0.12120009188309808
CC_BD10F4F15094,0.0881115990292694
CC_BD1A2052ACD5,0.8030467128412981
CC_BD217C39702F,0.3792778527164753
CC_BD2A9D4B9FAA,0.24660512389651962
CC_BD3EDD1630E8,0.04450423659071988
CC_BD4AAFE9EFEE,0.05943856173423725
CC_BD59D1252975,0.08039774424956356
CC_BD607BE97C17,0.09367734558102661
CC_BD889F165227,0.10433148347699663
CC_BD900B6BCF65,0.15722681604517952
CC_BD9967660461,0.4603699039054806
CC_BDABB99ADE2A,0.1720832546866651
CC_BDB07C66EDBD,0.49391470500589474
CC_BDB71DAAE50B,0.09863813617438016
CC_BDCB91FACECF,0.12421319828362226
CC_BDE1E398B4E4,0.06219800981316107
CC_BDE8D325637B,0.6536300132861481
CC_BDE9E7F390AE,0.0989795300902098
CC_BDECF392D7F9,0.1580099297243332
CC_BDF401C3BBCA,0.13516778759664383
CC_BDF53C42C5BC,0.22290266139856138
CC_BDFE5778530F,0.33866937916906326
CC_BE05EB5976EC,0.7431623466021758
CC_BE08A6D5E76D,0.04609065218155061
CC_BE146CE5BEE6,0.17963906668787588
CC_BE24C1EE877A,0.12479070688286999
CC_BE27E98C4BED,0.07188984180086563
CC_BE32DACBF6C2,0.10395857826195036
CC_BE3F52F9C9EA,0.1315864517328021
CC_BE3FC1024389,0.1563298152362174
CC_BE4595898BF9,0.09570347217031458
CC_BE4F1F53F4B6,0.08560750160412806
CC_BE648663620C,0.17028312570082438
CC_BE6627F3B9EE,0.687924046023784
CC_BE673F70B591,0.3540395847381371
CC_BE704640727F,0.03056549963105009
CC_BE7295B354DA,0.3604653251853778
CC_BE760A430ACD,0.20460480314539176
CC_BE8A340F3876,0.04595013887296352
CC_BE9CB8845101,0.1885894741097886
CC_BEA12286E57C,0.13857281642103098
CC_BEB24EB997CA,0.1089227574602317
CC_BEB80CCF2ED0,0.05227950986382033
CC_BEB86014B5BF,0.19113212472238997
CC_BEC035C8801A,0.1345698522120529
CC_BEE1B858F0C3,0.3446317344650981
CC_BEE664893442,0.20754203574142677
CC_BEE75A33F038,0.04648842178657693
CC_BEF22728402F,0.6296419911675204
CC_BEF8AB2DF19D,0.39319072702881697
CC_BF03683CC755,0.13207299829018448
CC_BF066CB8F7A0,0.18001645697502855
CC_BF154A9FEE8D,0.13561830419914817
CC_BF17E635C67F,0.10596962775416496
CC_BF196AFA6AE6,0.16359528529565395
CC_BF2012FCFE14,0.19779734199061433
CC_BF3733356D4B,0.43669157525013824
CC_BF376C8D14ED,0.5237919891263575
CC_BF3BF8B9F646,0.10637639523264353
CC_BF588A5FF18D,0.6644482359420002
CC_BF7C643B8874,0.03898286800321737
CC_BF8919F14394,0.14662901413386967
CC_BF8B759EE1EF,0.06438215615355034
CC_BF971FA7A950,0.14077550816183163
CC_BFACE960372A,0.11105964274027962
CC_BFBF917EFEB7,0.6359513692441272
CC_BFCAE2959708,0.04385529878246876
CC_BFD80ECB739A,0.22629217229474746
CC_BFDEC7E68821,0.06568223345414675
CC_BFE3AD881F4C,0.050144650641791216
CC_BFE511C0F9F3,0.5604507918615405
CC_BFEE9CF8A6E9,0.0884344419871473
CC_BFF8E82FE4BE,0.14292740572492324
CC_BFF9E8C0FE28,0.5459635232462934
CC_BFFCB2882E26,0.04319157681378881
CC_BFFDCACC1E4F,0.10108179459967256
CC_C003A15648F3,0.09595063270298962
CC_C004160ABB18,0.14085598499784024
CC_C012746F45D6,0.10560647986034
CC_C033B4EC89DA,0.13896261383022615
CC_C03578357D0D,0.4236375445393503
CC_C040C14F27A0,0.05382086574305067
CC_C0474C48C443,0.13939247070881855
CC_C04A1EF46A13,0.24435431786429493
CC_C067DA2C5F99,0.4199659628209468
CC_C0731DB0CD7F,0.6245789911122795
CC_C07C70AA1AF0,0.1395658029761418
CC_C0877F4DBC62,0.09908321988624062
CC_C0896CE6B4E2,0.07818639576398316
CC_C089B0517E81,0.0730979516555896
CC_C08B9066A5BB,0.1973402468665604
CC_C08DFB22BC71,0.0928235697628587
CC_C0A2108BEC82,0.1949493030423986
CC_C0A6B0787F91,0.10174781340674854
CC_C0B29B279C90,0.10933631724947153
CC_C0B7151247C2,0.10760443539007769
CC_C0BEDCC974E6,0.09255091574422919
CC_C0C6F913C2CB,0.6853732172167647
CC_C0C7EAB055B1,0.18870060812721057
CC_C0CCCF588BEB,0.2521763696256478
CC_C0D65A1BC1DF,0.5740497150263362
CC_C0D6ADDF1E0F,0.07739678001877359
CC_C0E49708EB44,0.21689504764975281
CC_C0F32BA57D17,0.04209069651093073
CC_C1094828B26C,0.31423797343166615
CC_C124E4C094F3,0.24968594258724328
CC_C12ECF48FA03,0.18027215945392241
CC_C12F5F7E5C54,0.10770757452836546
CC_C131509731A1,0.2106151894454476
CC_C14173B64C58,0.18344344932696427
CC_C14A4D39F494,0.37254522206506013
CC_C14DC9106B7E,0.29601249845531025
CC_C1624A910E58,0.03549176292862876
CC_C1645FA6EE7C,0.08992137627912963
CC_C165A26E7C1D,0.7217098623756988
CC_C16824A69631,0.05600253379870167
CC_C177831DEDC2,0.08171427839478716
CC_C1815DD481ED,0.6800701796022373
CC_C18313F97FC1,0.32212192596693817
CC_C18A7BC23071,0.28360692995933656
CC_C1941883C762,0.11747374841010602
CC_C1A0989CDF23,0.02346555556460576
CC_C1A8C99D910A,0.10747501965326674
CC_C1B057BAE0BB,0.2758568721883934
CC_C1B5D9A95708,0.08798324270553315
CC_C1C28181E30E,0.09928939316579424
CC_C1E8CA45E983,0.09531389928048825
CC_C1F4DD05F5FB,0.17989995245983723
CC_C205BAC0D181,0.06628075100068392
CC_C208790016F7,0.07495993795676434
CC_C219E603FD0B,0.06050925525094105
CC_C2323893E922,0.1288043566226975
CC_C236A614F73D,0.11917034262723838
CC_C241491551A8,0.11492048592613226
CC_C247E0377048,0.1179515795062973
CC_C24FBA584039,0.26846730174578826
CC_C25078D044CC,0.18163296912809912
CC_C255BE787955,0.20767415913082476
CC_C25ECB5C5FD8,0.05880967711317311
CC_C276E722FB1B,0.2981817477822437
CC_C279090E1F74,0.7715560094381326
CC_C279CA96D14A,0.13174948240703543
CC_C283330B9999,0.04655367651533306
CC_C289AF57EB24,0.2756584932380841
CC_C29558864857,0.11895956757064528
CC_C29846DE78AC,0.6072403589070611
CC_C2AEE09D92AD,0.10209084990563377
CC_C2BBFB603032,0.35021989570110823
CC_C2C2B2EEBA69,0.04080588570473807
CC_C2D1CBB42952,0.16865200848255857
CC_C2D4587A871F,0.7158856040374988
CC_C2D583F20739,0.3540055906515919
CC_C2D9086A8C67,0.0810752452433081
CC_C2E8FA308586,0.17108546112015136
CC_C2EA104630E3,0.09785647133477667
CC_C30ED2C6265A,0.04963508702971167
CC_C31BA9FD4FFF,0.2760006509278883
CC_C31DC3117984,0.17695097931304718
CC_C33142B2E26E,0.4298297530263939
CC_C340668CE604,0.07560690263435646
CC_C36580241000,0.13741711888421748
CC_C3664AFC710F,0.1047332818361453
CC_C3676D2ADC91,0.2046881104332955
CC_C368AC6AE19C,0.03636409852689698
CC_C38B446B7432,0.1885950310607747
CC_C38BE6D69E61,0.059695861738571394
CC_C38FB634E7B9,0.0709341550904315
CC_C3913A125FC9,0.1705494128495716
CC_C392AC1AABDB,0.13878550822561514
CC_C3A37C3EDCC5,0.34087933798452524
CC_C3A42A96D260,0.23419404022814522
CC_C3CA355F78BC,0.10113094319614609
CC_C3CD972B25E9,0.1406699965951722
CC_C3CE9FCB05EA,0.05017213328070877
CC_C3DA12B31CD5,0.09069877326675149
CC_C3EF46D2CF29,0.17567986297947982
CC_C3F301EAE202,0.1842021608919574
CC_C404C200B723,0.10567023972974937
CC_C40BEE2EAD73,0.2518609355698058
CC_C40CA3E960D9,0.14224084899184447
CC_C40E0EEBA53A,0.16227596974732547
CC_C42183D7A586,0.0910081231070881
CC_C427199DAC5F,0.46248318469759303
CC_C445AEF194CA,0.07661308459382357
CC_C45051D20EC8,0.12785167695671282
CC_C47FCA703A69,0.2987947787902975
CC_C4965C6C6935,0.32964388566780295
CC_C498BD798847,0.046391008038683346
CC_C49A42D1C3CA,0.08820063380329923
CC_C4A2F5B06976,0.0587034848567292
CC_C4B632AEB96F,0.15581554164512712
CC_C4D194378554,0.031971006336371705
CC_C4D90E9CA5E9,0.12147113390174166
CC_C4D941D5A5F9,0.14651705724104558
CC_C4EB2486A9B1,0.20219781646973223
CC_C4EC2923D96F,0.2954910266790495
CC_C4EC9ACAE8C4,0.6898628005042396
CC_C4FB2ECB13DD,0.2773227653782212
CC_C50467EBCC58,0.07863396914889151
CC_C50C5E2A77CA,0.14498932083358526
CC_C50D7FAA75C1,0.041487055512822724
CC_C51FE3F4D2F3,0.17239612630636492
CC_C5234F4713B7,0.07481322421625886
CC_C55110310E14,0.10406394643428016
CC_C563D509181A,0.08495886966221322
CC_C5736F4887D6,0.7536545713393858
CC_C57C4F09442B,0.09409984894434494
CC_C59D2CA55CAD,0.8043146925506421
CC_C5AD04ABF022,0.08757347263950362
CC_C5AF7BF4B951,0.03300564037736489
CC_C5C5FD9FCFE4,0.6596654571997562
CC_C5D9A89022EF,0.21034990778351093
CC_C5E1FA10BD6B,0.17084866976176857
CC_C6039EF0459B,0.1550496607834637
CC_C6133F44EB0E,0.09743593934969888
CC_C637C1142503,0.7681762488856856
CC_C65496C86EAE,0.1257593449269534
CC_C67C2B86A807,0.13623255476423662
CC_C690CF8AF3B4,0.1095643823944878
CC_C69204FFED48,0.30713593813433604
CC_C69DD80E5055,0.1071359237077173
CC_C6AE389CA79C,0.061354202955255295
CC_C6AFA8AF33BB,0.09151249650090523
CC_C6B56B2869A6,0.3740001395128715
CC_C6B61E03B42D,0.23233415571985594
CC_C6C2B357FDF2,0.1049423189539443
CC_C6C4A4A318E4,0.1166344558844629
CC_C6DECDCC7956,0.1890498066257148
CC_C6F134ABD932,0.621503760035923
CC_C6F24128D8D3,0.17013472567906351
CC_C6F8C5E3D746,0.1094299175212824
CC_C6FB2BDCC78F,0.37718422691144854
CC_C70DBEB08378,0.8118959633275955
CC_C71AAC6F9607,0.10808081298879316
CC_C73D1C53BEC0,0.3561700007025064
CC_C7423B380FD2,0.05765184056456857
CC_C747ABF2B4BC,0.07963002724573776
CC_C74F0C45C093,0.14701183262930495
CC_C75307665BCF,0.22645364765785556
CC_C76473DBFF83,0.3269856281190383
CC_C7652C2D1CC7,0.2148751890860656
CC_C77B38900325,0.2443291363602378
CC_C782A94E6754,0.03938519906896788
CC_C786E0FDA098,0.7603140095123103
CC_C794632B3AAC,0.39735617976259596
CC_C795250A7B3F,0.10368647900089226
CC_C79BF5794AD9,0.04426288776302953
CC_C7A2A7BF85C5,0.06107848387647194
CC_C7A2CEDA36CD,0.4897355349441997
CC_C7AAAC514CD0,0.08339164580417871
CC_C7B39AE8206F,0.12972789564089193
CC_C7BA884F8DCA,0.14992586804186703
CC_C7BC592C11DB,0.045814027843367494
CC_C7CB29EBCEE1,0.042280040495970936
CC_C7D2BE35C77A,0.0855626761561473
CC_C7E56C7FFA19,0.16916692885856557
CC_C7ED63E403A8,0.07837454121404192
CC_C7EFF4BBEE1E,0.06188038802642652
CC_C7F1C90A261F,0.15061415991384966
CC_C7F38C2DEDFF,0.1779620010934836
CC_C807F881A35F,0.24613385417458428
CC_C808346EF2A7,0.0398366513271739
CC_C822401D05A0,0.1319310985722255
CC_C82D0EB32984,0.09300912798075392
CC_C82DE4520088,0.18447434147447794
CC_C84080607284,0.0680192074229031
CC_C85DEB66D6EC,0.2899861728062616
CC_C8601860B3AB,0.2922069975452956
CC_C86B56E5B000,0.11794589644531495
CC_C874E7D8B96A,0.06362801139085562
CC_C88F02C38654,0.17164840220865754
CC_C895990DF270,0.17234160314948405
CC_C896D6E93110,0.38208738119614954
CC_C8A57920FB6B,0.07941649142488569
CC_C8C2CEAC6750,0.4559545554305208
CC_C8CBB38CF4B6,0.43070630271681365
CC_C8DF2AEC8023,0.1439094312437608
CC_C8E24B1925A2,0.1911399431767063
CC_C8E2F0CA5050,0.6750747709800813
CC_C8E875AAFD58,0.25915659170193517
CC_C8EF7366016A,0.06933647588414261
CC_C8F1FB9C56E5,0.09849425567283297
CC_C8F2FF7E6DAF,0.1104061666551817
CC_C916DC82A00B,0.3179258457472679
CC_C91FF308D57A,0.05754004047202917
CC_C9297D88CD26,0.3483884804474206
CC_C932D885E1AA,0.1838101868101269
CC_C947A66A6A34,0.14219422601395215
CC_C953D19C82A6,0.2804984448180423
CC_C960365C1125,0.26025440215998763
CC_C96221203852,0.25747125618727007
CC_C967937FC81A,0.6711116043479813
CC_C97434767545,0.20944425569728858
CC_C974620D4D4F,0.28878421729523923
CC_C9749B07E3CC,0.13058533553064003
CC_C979F86EC4EB,0.05658346757251269
CC_C9882357496D,0.06727748557800875
CC_C98B5F2B994A,0.09595531777356853
CC_C98CA453DC7F,0.1233354003082773
CC_C996515164AF,0.7119395600740388
CC_C9A1B8F512F3,0.429876895033138
CC_C9E008678B77,0.08277444026434012
CC_C9E89E3728DA,0.20678452461656774
CC_C9EE0357CF4D,0.1767805423407398
CC_C9F15C15BA6A,0.1277043214512583
CC_C9F3BB887EB9,0.18436807584987855
CC_CA0906B9B58E,0.07227051126419193
CC_CA16B9133E4F,0.30746664980876803
CC_CA2524A5C7AF,0.30272256840116457
CC_CA2A17C9CD44,0.4562108395598528
CC_CA32C61E255B,0.10415775556214033
CC_CA37F92A8BC6,0.13500891777445254
CC_CA3C9D0F42A2,0.5801310244938561
CC_CA4669FF2379,0.1109777009473862
CC_CA486E08F176,0.05515680544529117
CC_CA5CF069C36C,0.0740221776070922
CC_CA6AB58D2C8D,0.2595223739533051
CC_CA6EDCBFA9E3,0.18017822346064408
CC_CA6FB58C11F4,0.07156374125742175
CC_CA7902338F91,0.1422626443847328
CC_CA7BE11DCB92,0.12358293229293157
CC_CA87A148C386,0.07024448751252273
CC_CA8E7E45347C,0.15747919777414196
CC_CA9214D0E170,0.152809751515031
CC_CAA07EABEF71,0.06223188859098115
CC_CABC0190A9BF,0.5312751000142695
CC_CABF171B8582,0.582110029622787
CC_CAC2F989A2D6,0.2195117858867487
CC_CAC50FF13A43,0.47188618066547083
CC_CAC9C52B6FB8,0.2513813030865166
CC_CAE19DE8446F,0.06192594979727291
CC_CAE5F6D8328C,0.48877458407008034
CC_CAFA0C6DBCEB,0.05861924488795244
CC_CAFE5D6E3E1D,0.11823521070597998
CC_CB02A97FAC1F,0.20850204629912836
CC_CB1155AAC7EB,0.14006954357270066
CC_CB1B2FC5769C,0.17339144183032737
CC_CB1BD3C19303,0.1609184546421245
CC_CB2423DD4809,0.7781266041787567
CC_CB33381406F3,0.6505728634347656
CC_CB3CBA971E97,0.09499238093939814
CC_CB45CB5C940D,0.18855861081684028
CC_CB4A2667F8CE,0.21405144771755175
CC_CB4EA92BE238,0.05814610109007293
CC_CB4EE5CC0B09,0.16994696658619896
CC_CB50BDD92A4D,0.22076342357633144
CC_CB6A55831080,0.0681193686724526
CC_CB6CE149111A,0.13511584682912087
CC_CB6F9DA78019,0.03185459766494132
CC_CB722FAA608D,0.20888605094578375
CC_CBA786C05C1C,0.7427444735742402
CC_CBA9A6206DCB,0.14922505614400022
CC_CBB7AE2847B6,0.1971643928519153
CC_CBB9DDEAC819,0.031019211042929803
CC_CBC30D127BA4,0.08287551068008828
CC_CBE67EF0D3C5,0.4774106364296379
CC_CBEC318365B3,0.3903324230151508
CC_CBED6669EDA7,0.07802585081007238
CC_CBF1B052FA7E,0.07733159790661501
CC_CBFC7EFF2F94,0.1353044316662067
CC_CC27394B5E35,0.07900590823647087
CC_CC2A7B3D7A55,0.14981926893947084
CC_CC34B2523794,0.14455632098380533
CC_CC34E9023873,0.6976578072293084
CC_CC37D81F02A7,0.6392484594469968
CC_CC4822AEDB83,0.6933956960694481
CC_CC5D6CAE5ADB,0.24919850253938558
CC_CC6D27804EF0,0.07202457411056791
CC_CC71D4876B90,0.09924149896883733
CC_CC75EA7F2C8F,0.09299417662111914
CC_CC9214A5C0CF,0.08713722363623244
CC_CCA2B8D2446C,0.40576408138447495
CC_CCAB3E56FD92,0.17847724082636668
CC_CCAF321D46D7,0.028793985646799376
CC_CCB46EA56584,0.20886235972480494
CC_CCB60CB8754C,0.13228550935415692
CC_CCD759553325,0.06235187770560068
CC_CCDC28D49832,0.14827815120678095
CC_CCE55029E621,0.639528181181154
CC_CCEA133D7268,0.47466021316386814
CC_CCED6CEBC3D6,0.3989883656452853
CC_CCEE76415B51,0.31345821686183184
CC_CD1326D52AE1,0.6731689012666484
CC_CD35EEA81CE8,0.2951610368268463
CC_CD373485942B,0.08892154754467124
CC_CD379DD39658,0.2922807663271102
CC_CD37D5CF0EB0,0.17567285107631808
CC_CD380545A7A4,0.08671330437034676
CC_CD3A378249BA,0.22605115034441028
CC_CD415B1C7741,0.040140682378646216
CC_CD4976814F28,0.03886091803562107
CC_CD4F5F1C357B,0.27713510085164805
CC_CD54829713AF,0.0815060901969005
CC_CD5E3556D5AB,0.17461804474754644
CC_CD6C797F3C4F,0.06694446441010271
CC_CD7BA8F6C4BD,0.11987488529976742
CC_CD8352F0478D,0.18485734314498675
CC_CD972E578564,0.7785862807611046
CC_CDA1B20179B6,0.11466286835690168
CC_CDA2A36B81B4,0.25533364911274015
CC_CDF6354EC332,0.07029325670178144
CC_CE01E17132E0,0.03368260311920271
CC_CE1280B30475,0.14046517186957322
CC_CE134F878294,0.05548380764207333
CC_CE229894AC00,0.1118191977168132
CC_CE26907B9D30,0.44768975052343446
CC_CE2755B42DAC,0.06860104051135672
CC_CE2BD7F74421,0.27064333346660596
CC_CE3784121355,0.14531897944917233
CC_CE41F9FF509E,0.21695861981599335
CC_CE5AF0E9A157,0.07249336515841937
CC_CE5EA019DCAA,0.07511423280168202
CC_CE6460FE39F6,0.11564878496498265
CC_CE72D1734761,0.6496141184484421
CC_CE7FC560768D,0.35336900501081164
CC_CE871DB3950F,0.32011750760946117
CC_CE8D1564C4F1,0.1398172406457956
CC_CE93240526A9,0.2933094425898514
CC_CE980FCAB154,0.2955624548313318
CC_CEA0FAD348F8,0.0829342081870933
CC_CEA369A3451F,0.058632758395626164
CC_CEBA67081418,0.24037904961431794
CC_CEC0C00FE770,0.5448141300263242
CC_CEC3B21D2982,0.4039588049866406
CC_CECEC680F701,0.17637505345236143
CC_CEDB263DB07B,0.03588251714907144
CC_CEDF9C14DC79,0.2661476464886528
CC_CEF23255BE06,0.05771823658572569
CC_CEF8C71C4E8B,0.40389967602833143
CC_CEF91FDD41AE,0.38232105916196546
CC_CF0B68684C3D,0.09159865942936704
CC_CF149865368F,0.09978176943578113
CC_CF2A7A5582C2,0.18540680361371037
CC_CF2B3E37CF2E,0.386559118560195
CC_CF2F163CE005,0.16724721282460495
CC_CF3C063DF626,0.17202287525844698
CC_CF3E91DB8220,0.28606717434119433
CC_CF3FB5744443,0.705118650936637
CC_CF4991B8EFE9,0.10001657818354945
CC_CF53FD3AC9AD,0.03369561310882558
CC_CF5A140B279D,0.20118366694903222
CC_CF613A7162B6,0.11814923767666413
CC_CF6A8A460B19,0.1012347009557316
CC_CF792E77A16D,0.049624266765165334
CC_CF7BAF373E0A,0.03294867186331387
CC_CF8B1D0015C4,0.15059554809614034
CC_CF8D0517B79F,0.08068168607661438
CC_CF92037ACA93,0.20616312068432624
CC_CF960A300F40,0.2751268727947741
CC_CF96B6335E6C,0.1646904523431598
CC_CF9880D67A7D,0.1877096430977777
CC_CF9B249283A7,0.7021478976907372
CC_CFABF7407978,0.20430324845206804
CC_CFB2AE99EABF,0.13093817348049172
CC_CFC0BC440771,0.1354243770874756
CC_CFC235739F25,0.5755298831484356
CC_CFC6E8954325,0.057470061640651646
CC_CFD37EDB214D,0.22787346056451885
CC_CFD93C04478A,0.5815853856820302
CC_CFE0AA5381FD,0.5985909902394678
CC_CFEB021AA137,0.049494387846585615
CC_CFF6E2A6A3F9,0.3048227085249192
CC_CFFDC4947256,0.1700084815334661
CC_D009368CE434,0.050320527340756815
CC_D02E59E08B02,0.043990407014768175
CC_D03848B7353E,0.052054666287819525
CC_D03A69B1563D,0.14456857438695891
CC_D0576802096E,0.09020351189283164
CC_D0582E0F3440,0.0524825553159409
CC_D059D0BEC5D5,0.3813029504194304
CC_D05C4A8F2A25,0.13446678490791453
CC_D05FBA9B9040,0.7143791307864834
CC_D0653EA71CAD,0.1566770625235397
CC_D076A984B786,0.14627968043736134
CC_D08FC2D99CF5,0.2023829909856802
CC_D09942A02904,0.1099839569387374
CC_D0A8EA2D37F2,0.1529643388936541
CC_D0AAD35C800F,0.12105903118228072
CC_D0D666EC0244,0.0905719708073711
CC_D0F3F68F4452,0.49354055123238005
CC_D0FBDE8ABAA7,0.0972029663727439
CC_D103D50237D9,0.24289082572128445
CC_D11E5A30CF3B,0.26735500154531494
CC_D122B30AE7CB,0.5516631373539327
CC_D1679B40D83A,0.09210490674638389
CC_D1760785D631,0.26565748509613696
CC_D18088587757,0.24870338159740762
CC_D184160042B7,0.31933060693599524
CC_D1886485E8B4,0.1493279452011908
CC_D1893DD5B4D4,0.09943638951514791
CC_D18B60E035CE,0.7389726502155971
CC_D191D099789D,0.08291676556270572
CC_D1BDB41E7FF6,0.0788889539727306
CC_D1BE2E6E9C9F,0.1865226557284973
CC_D1BFB29BF61C,0.08116053949203526
CC_D1C259F80E13,0.09012192506763284
CC_D1C63DA9CA93,0.10573338337685141
CC_D1C931E4F305,0.061709464054624116
CC_D1CE25F271BE,0.1489715134864445
CC_D1D2127A0C67,0.0544303370837876
CC_D1D31EA359F4,0.13736839623415664
CC_D1DB888BD9B0,0.11330786145329837
CC_D1E82B9DD102,0.16463152218254717
CC_D1EF68A649AA,0.1273500809617362
CC_D1F05E69F80F,0.056394792301254625
CC_D1F6FE158DCF,0.27372428346908784
CC_D205612FD566,0.6205898456331741
CC_D21474C31E3C,0.6839718500516445
CC_D2195A061A0E,0.6072812186781278
CC_D2199CC1CB08,0.02934412603787756
CC_D21FCD9DFE53,0.5444951147702413
CC_D233B2C8062B,0.4142239877122813
CC_D234CF2C21AE,0.6637811119147986
CC_D2373015DF41,0.04779336185006623
CC_D239CBE1012A,0.11266234282150353
CC_D2591377E980,0.7193031525386184
CC_D25E25C831B5,0.07514349567320547
CC_D262BB13DAAF,0.28426368207906183
CC_D272BC699F38,0.06137407426966343
CC_D2813C835750,0.7668842683975471
CC_D285B0D67016,0.024919889594755978
CC_D28FB525E310,0.2660992031791876
CC_D2AFEE04E96F,0.03523729256816659
CC_D2BBAA423304,0.21238573784433304
CC_D2BE8B4011D7,0.055631105278530255
CC_D2C49D2FEBF8,0.1934364327788541
CC_D2D09498D333,0.15752437137728953
CC_D2D187DA334A,0.1235578650743678
CC_D2D47A5386CE,0.27067652103466466
CC_D2E98F50621A,0.039229310571471346
CC_D2F265035F0A,0.04626113467551901
CC_D2F91355C6D0,0.1587902974001451
CC_D2FC934F8324,0.14176234070461777
CC_D3044C67CFFB,0.050774446641728394
CC_D313F2C49E46,0.32730110351286534
CC_D31FFB053D60,0.11802672466007
CC_D336DB6323BB,0.31161998087342524
CC_D343A7CBA377,0.06299453299644975
CC_D345AF4C4B61,0.18504597686468732
CC_D34FA9410740,0.08584363385054536
CC_D354C5D1665A,0.1657041545157468
CC_D35E96480AF8,0.31471104856424925
CC_D3616386D6D2,0.13542455366339343
CC_D365173E852D,0.758337971789462
CC_D3683C6CFC5C,0.6402265388870397
CC_D373463038E0,0.05431437037119766
CC_D379CF8E3FAB,0.7233150924224213
CC_D37B4CA7F3D8,0.04673138247884671
CC_D37B5B3CA4BE,0.6838828253056801
CC_D39265D7B6C9,0.052655679553513336
CC_D39E3F732408,0.06615178628143092
CC_D3A7B21165B3,0.31004428551605334
CC_D3A9028A4660,0.0453469090406462
CC_D3A948322BD5,0.6939643528223579
CC_D3B95DB5E6C1,0.281503560806632
CC_D3C8C5014D5C,0.18493102891642357
CC_D3D80929AF52,0.09385676133290027
CC_D3F25136073A,0.18891706397318508
CC_D4102AD032BE,0.23915495939975528
CC_D416EFCEAD89,0.04681039976508803
CC_D41C5030494A,0.6913594706479058
CC_D42E477596A3,0.05442237999652036
CC_D432C89BADA8,0.1293843202798287
CC_D434638E9569,0.11969091795341835
CC_D4518F98BB77,0.08678972289890066
CC_D452847F2A4C,0.08737126588214203
CC_D454056F92E6,0.24468965699135437
CC_D461FB973AB2,0.8095991010726424
CC_D462250B13D3,0.4116991883380129
CC_D48E686A834A,0.6864499715979554
CC_D48FFD985E51,0.07453239263083601
CC_D49263A1BDF7,0.11879264085769395
CC_D49668C65C33,0.029397384740206242
CC_D49D9C57A849,0.10223744445045943
CC_D4A029A150E4,0.18323622466408124
CC_D4AC998C0BC8,0.7036047433901478
CC_D4B02AAFC697,0.13441390013693308
CC_D4BDF0F4FE9E,0.113064509757814
CC_D4BF2778371B,0.16862596612281427
CC_D4C0F4DB3501,0.1732658452931044
CC_D4C6DD8A364F,0.14243195615285204
CC_D4CDE2A1E174,0.16016926684035881
CC_D4E7EE35695B,0.15669782782774083
CC_D4ED652E86DF,0.29470692476759347
CC_D4F844B54B84,0.0395462375607306
CC_D4FA0055DB4A,0.037759021869905963
CC_D4FDCBAFEC74,0.7198943868001637
CC_D517D90E105F,0.09475547394808803
CC_D52B87A01028,0.23344980265702486
CC_D530C3D1DBF8,0.6446934765575849
CC_D5327E41EBA2,0.10301621740683745
CC_D53C8BCA531F,0.08363869337022553
CC_D540C7ABF683,0.6838063010195692
CC_D54105FC1349,0.3600481960984333
CC_D550CE8B9313,0.7399326195874256
CC_D55C5B432387,0.16587164062228654
CC_D5646FCC5E14,0.5789262082394131
CC_D56F34613338,0.12899945062527204
CC_D573AF0F1674,0.10852397232390387
CC_D586E2C2B3EF,0.1968219695916052
CC_D589E388CA02,0.06317357891687994
CC_D58EBD954E68,0.31435115182513634
CC_D59AFE884BDD,0.4762123132904868
CC_D5AC596A85E1,0.16564809826217142
CC_D5B99B578573,0.044603993854828966
CC_D5CBF4A4D3B3,0.10279197149864781
CC_D5CE05EAA837,0.21155352725364213
CC_D5D36A6C8DB3,0.07728684296163925
CC_D5D8D545736F,0.08141097421746213
CC_D5ECFAF8C1A3,0.06065965575773148
CC_D605715F737A,0.1454074704318159
CC_D617428B4B0E,0.3803820745932372
CC_D61E8E5C4414,0.142869313663131
CC_D652B5F05769,0.17722960349563377
CC_D6564D0CB9A8,0.1914608104040449
CC_D66183657419,0.0701224340174163
CC_D66BDD3E1AA7,0.1142768374141527
CC_D66DA331534A,0.09525515588126734
CC_D687A780C0E6,0.04437837783596745
CC_D6AE871A4C9C,0.09510364576336797
CC_D6B7AF1FBDD4,0.5009868923408254
CC_D6B874308353,0.5922018392420714
CC_D6B8F47FE484,0.5075738519528062
CC_D6CB1BFDCEEA,0.11819010435684008
CC_D6D47D7E1C51,0.038139898804360445
CC_D6DE060699C6,0.135883458213735
CC_D6E06014457F,0.7964626703971123
CC_D6E8E17EA449,0.32187188290883206
CC_D6F216AB1C4A,0.15390092155157492
CC_D6F5E3A51C8A,0.09924649794492096
CC_D6FB3B76D7A0,0.5870009102669922
CC_D6FBCD4BA3DA,0.28335186165712817
CC_D70918916097,0.5253274575484234
CC_D73B1B9B81A5,0.04690238961983653
CC_D73E9E24BB48,0.1183817705721622
CC_D74AA0F20466,0.1336689974817946
CC_D750070C44BB,0.7156208279599201
CC_D7529675CB7D,0.17280439311910656
CC_D75C8CDB510B,0.6524695823642346
CC_D76009C47709,0.2944196762911561
CC_D771775A58F5,0.2009577714824563
CC_D77F9D613EF7,0.18938009241891535
CC_D7999C3EDE22,0.1892614243996079
CC_D79BF1D26499,0.18851569781554822
CC_D79C05885899,0.12144170045923336
CC_D79D4F15D10C,0.0320115443957471
CC_D7A11E3512D2,0.05210849337367249
CC_D7AD7A7279C4,0.14234525076135945
CC_D7B35055AF0D,0.1789764846867363
CC_D7D99409D57E,0.3220538279213179
CC_D7E403181D8F,0.1308671568486044
CC_D808C7BA9399,0.12201490487840705
CC_D80DE8B544F3,0.04331183138295669
CC_D81D19AEFB77,0.03269375348665225
CC_D81F317F6384,0.14058334816203613
CC_D844D9DF962C,0.06495079685655972
CC_D847D978387D,0.04066637564631598
CC_D85C7B85C440,0.25252948803291614
CC_D885591596E7,0.09167076474196015
CC_D887D07BDE23,0.38108461235457564
CC_D88ACC0CFDA5,0.10079749492848075
CC_D88BDD0F510C,0.05598918803222043
CC_D8956424CB37,0.39221665368722436
CC_D8959BB99A7F,0.2720861278693254
CC_D89A9A14B5E8,0.05740759910564845
CC_D8AD01F3CCE7,0.05211724019455463
CC_D8B4122DC296,0.11125745275333959
CC_D8C38B187875,0.7212836773840914
CC_D8E55509595E,0.05314501547606418
CC_D8E6B90C37A3,0.10755814280574019
CC_D8F1AECFCC2F,0.06160605834928026
CC_D8F7672C70D7,0.031485859038854515
CC_D8F7E904E7DF,0.1629800116271835
CC_D8FEF1C99F88,0.6661501557238408
CC_D90761F9E9C9,0.41144555968514795
CC_D90D9D5C8FEB,0.08440142948347759
CC_D912917A4F4E,0.7418326082589257
CC_D91ECE64FD0C,0.1007101106212238
CC_D9325E5695D5,0.04457875464810983
CC_D9563654A397,0.19409206645884758
CC_D95766A6C24F,0.10179643540154215
CC_D95939B1BBFA,0.0564767573152909
CC_D96729C38BC9,0.07364234473056713
CC_D9791EFF766C,0.21594886527155926
CC_D97AA7C54F6D,0.1101895377707085
CC_D98BA5CE8EE6,0.4948905626250624
CC_D991DAD5413D,0.15232784300410007
CC_D995C89AA359,0.21420331607989715
CC_D9A54F55AD6A,0.11042487476844405
CC_D9B87A96C353,0.22677578641420756
CC_D9C42B0B6A0C,0.1856682022795664
CC_D9D487E78FAF,0.67015703441747
CC_D9D744A66B09,0.11354520100275747
CC_D9DA3F6E2E7E,0.1664574080348457
CC_D9E5792258E4,0.07727973526858177
CC_D9E6B9CBEB77,0.052719802162653144
CC_D9F0CDB02AC6,0.13960924627471208
CC_DA0201D1BCF2,0.10579907394049183
CC_DA0500AFE692,0.05995591874095285
CC_DA0E0BD3880D,0.32005882663748686
CC_DA10F53AE655,0.6341576788873262
CC_DA1643A835A2,0.09632379139429784
CC_DA1C5BAB7E35,0.5498228769649864
CC_DA1DC6A6371D,0.21983887797075485
CC_DA1E6B31DD2A,0.6372746876136234
CC_DA1F282809D0,0.03287882383301575
CC_DA226442D919,0.7242804370089776
CC_DA31EC318B1F,0.05588637684334801
CC_DA33597C6459,0.1614613143378521
CC_DA43CFB5CC2F,0.20174784459317546
CC_DA481C72B8A4,0.2665848597322577
CC_DA55447636EB,0.04493900899416471
CC_DA5AE34842E3,0.07499015641160041
CC_DA6880B018AC,0.16261006958703822
CC_DA700A961616,0.1488443320448
CC_DA7E65F1E6AA,0.07443494809782271
CC_DA80FAA7FE30,0.1052784497050544
CC_DA8DCCC1199D,0.3173335327790072
CC_DA8EA724C1D3,0.4117157270676932
CC_DA8FA65D1924,0.03559726297791524
CC_DA99D1E41C3E,0.052917400253926675
CC_DA9C3BEFD0B3,0.18527971844112817
CC_DAA3B7FE1C62,0.0729942753888114
CC_DAACE4211B34,0.1621716362412424
CC_DAD239E56638,0.7649186797734322
CC_DAD4BC090253,0.07558405338845524
CC_DAEDBA26BA12,0.3161195311129697
CC_DB1EB08EB40E,0.14113347803664844
CC_DB2314ED6960,0.07311452000031503
CC_DB25E05EC5CD,0.4389648080946248
CC_DB3BE0C87882,0.05436507200626335
CC_DB44628BC147,0.18833564611067372
CC_DB562E602BA8,0.11456528666709143
CC_DB61D7F5F8F2,0.6802528157204766
CC_DB6498598C32,0.1754497068440654
CC_DB6B59FB6E30,0.041194863908879276
CC_DB801B947698,0.28081720813984445
CC_DBB8C467FF1D,0.11925304236184542
CC_DBCD21C2C322,0.07546793604822796
CC_DBDB148E45DD,0.09654829113660861
CC_DBDF9BFA7E87,0.08434274771430206
CC_DBF5CD2D854F,0.22573542531152968
CC_DC0077DE6E39,0.18634951412474063
CC_DC23159A1F99,0.06369996079968979
CC_DC2458827FD8,0.23793477430775067
CC_DC2BE35D58AC,0.2435686129758467
CC_DC49C8D3F7EC,0.5383624910212247
CC_DC5DE66826E9,0.11109956796089776
CC_DC6063FC6464,0.07303014865369425
CC_DC771AE1B4BA,0.6628156624090377
CC_DC7DEBC30E17,0.4217284495302709
CC_DC978F3A711F,0.6570158820245562
CC_DCA2140C7BC4,0.19280727773676912
CC_DCA5CE7C9DC3,0.16092415401942908
CC_DCB5798049B2,0.14012079275447398
CC_DCD10C95C942,0.5504225094315119
CC_DCD145E8E729,0.29486519902973907
CC_DCE0BFC03B86,0.04215705156118193
CC_DCE75AE2FB52,0.06234149016227834
CC_DCFCEEF21BA7,0.35580047637127277
CC_DD12A8C462FA,0.05707606802172484
CC_DD14867350AC,0.18899292632388165
CC_DD232BC8881D,0.19366836388872632
CC_DD2473D34D68,0.21686291378755662
CC_DD2B5C4CD318,0.05452616156582342
CC_DD4EC06C3A92,0.25674420417993826
CC_DD5299DA8C1C,0.0840434763315708
CC_DD59BFF18ABC,0.16807269257988786
CC_DD6777E1B05C,0.04907546837045218
CC_DD6EE1501B89,0.08954181315009971
CC_DD78B52AE022,0.12773728864719344
CC_DD7983A07B43,0.6255176983968294
CC_DD80B5CC495F,0.09912948411405346
CC_DD8956B71825,0.6533342154746523
CC_DD8D40E7E2A9,0.09053497316739012
CC_DD9972D0B63E,0.12031550276059443
CC_DDAE70634ED3,0.09671082577245947
CC_DDB4A9FF2B03,0.10030199371774368
CC_DDB68302DA2A,0.1711931058957502
CC_DDB9DEC9C037,0.086210155186039
CC_DDC610D2B2F0,0.05974696023850026
CC_DDCAEC6BD9F0,0.17853743852304343
CC_DDDF665EBD93,0.28826728647732663
CC_DDE66EBF2157,0.0703304573552924
CC_DDE8B7E9C7F4,0.3135292796822097
CC_DE019FC36D28,0.3560316357957991
CC_DE07076B04D5,0.15763330414740107
CC_DE07AECD2361,0.03305695247565959
CC_DE08A4514010,0.5506204288665162
CC_DE093FAC5293,0.445549759128894
CC_DE17BC1C2324,0.07831005171399559
CC_DE1B13B3E504,0.034753388586152074
CC_DE4264861B73,0.09617520290363975
CC_DE4810B88C51,0.277880712913474
CC_DE4EE8A16896,0.1454846901113286
CC_DE523A2403BB,0.09556911760621728
CC_DE52860CFBBE,0.22561446864587287
CC_DE593193FB9C,0.18074564343026372
CC_DE5A9B499ED4,0.0860199267644697
CC_DE6AFFA63ABD,0.07654436663582204
CC_DE7CEC14CCD5,0.7182023933035133
CC_DE7D7B5BBB14,0.646063964468313
CC_DE81AAB7BF48,0.06607436980002723
CC_DE8956D433E2,0.640760679423304
CC_DE8FB8D1CB71,0.36671812990479974
CC_DE90D07B269D,0.19511246880970567
CC_DE9A62529780,0.14919736562147148
CC_DEA425EA8441,0.12644626949523186
CC_DEBE01582EFF,0.19549985163579367
CC_DEBFD4E79A38,0.05899478014501186
CC_DEC97F13CB8C,0.20045268534323885
CC_DECF1507C86D,0.15601187773810216
CC_DED24C8D047A,0.10098311470639124
CC_DEF4AEBD31C8,0.20373672711220087
CC_DF062F698349,0.10534959858504632
CC_DF13D5CB626A,0.1062530730329477
CC_DF15C526CDC5,0.045476079093191624
CC_DF1F6C68F7D2,0.15648261816583645
CC_DF3EB88F509B,0.0870900040188668
CC_DF4E332C886F,0.02583431750251506
CC_DF514171DC30,0.15642380516633184
CC_DF536CEAE5C0,0.05046457893668705
CC_DF5806CC2CFF,0.1272903921539544
CC_DF715690EF20,0.20465345472952312
CC_DF718A37AF15,0.0943015864369447
CC_DF7276DD74AA,0.11165487267803237
CC_DF750B2D6872,0.2787290471586038
CC_DF9FB6670627,0.0629072797253581
CC_DFA65A0125D9,0.044384136555901635
CC_DFAE355359B8,0.18138225411240325
CC_DFEA562F7BCF,0.31952366201991733
CC_DFEDAF0F0D6E,0.03985770614349464
CC_DFF6F74C64B5,0.6660416657245459
CC_DFF87DF16763,0.11114890238089117
CC_E00D8ECE9FA9,0.13807885132871017
CC_E027E36615C0,0.5063648077337797
CC_E02E23CE49A8,0.08418668929575071
CC_E030B3AEBF19,0.14065023335851767
CC_E031A4C862C1,0.17238088094343687
CC_E0339B331F4F,0.10430771475341265
CC_E038981B2FEE,0.12862655221196273
CC_E0463868968B,0.15412832103492757
CC_E05A8621B581,0.31563528065572616
CC_E07FB0312232,0.14372225542901293
CC_E088594E0624,0.24404734905154557
CC_E09AC3B1E534,0.09520763237723394
CC_E0AC29AFCF97,0.1806368789888639
CC_E0BAC6E0D0DA,0.08951201051214008
CC_E0DDDA07F0A1,0.17407358958155664
CC_E0DF45AB72B6,0.21077074351280203
CC_E0E1F8E7379E,0.11653355188406223
CC_E0EF095444A5,0.16940482093319895
CC_E102E4F7F8B4,0.21507409120335744
CC_E109B4CA6A8D,0.13249594634414963
CC_E11470A2D92C,0.40244660073790905
CC_E117B8A6ADC6,0.029031521646382168
CC_E128015073F3,0.06977165106343583
CC_E131D5EB9237,0.1942108466742245
CC_E14A24095E9F,0.10202472801785276
CC_E14CADF89123,0.5282313318808878
CC_E16876025011,0.05208795921660853
CC_E16C71C15D04,0.6797588615497069
CC_E16F1BB83653,0.05702424547442572
CC_E17448FB08EF,0.5412864011888415
CC_E17AAACEB07D,0.08493493527907531
CC_E1875522DC57,0.18533509918485314
CC_E18A0734641A,0.10632687332661836
CC_E18A22453843,0.06513431238668231
CC_E1B4E3360C0F,0.17624544955489568
CC_E1B5AE645169,0.0562275832835971
CC_E1B71F6B7DD2,0.3316693701330873
CC_E1D073F693A2,0.30436162751882767
CC_E1EA83C31C66,0.10175762291524859
CC_E1ECAE226485,0.25915856892954653
CC_E1F0C5076481,0.07042922454069885
CC_E1F78CE289D8,0.039574017706729664
CC_E1FBCECE0A54,0.2377177704015449
CC_E1FD46CA26D5,0.0946389588647789
CC_E20E7C7164A6,0.7063796293778798
CC_E211E2698C14,0.03305543734923229
CC_E21B4F587C45,0.13959530106663426
CC_E22A278A1386,0.058324566066874584
CC_E24078C03B7C,0.15183152459917337
CC_E2452737F950,0.14613961196145553
CC_E246119AA09C,0.587423557293005
CC_E246942C7310,0.07775052296917988
CC_E2474A334F3D,0.08969674919995263
CC_E2489637D0E8,0.12532175703476012
CC_E2521AF9C2A2,0.0725085371082459
CC_E253F4AC4762,0.5841696739751707
CC_E257805D0F0A,0.18325009837023748
CC_E25A924EDB70,0.09808725094653405
CC_E25B5D5502AD,0.1049300716626425
CC_E2619E24BEDD,0.6882352191206181
CC_E274DAF3C064,0.0759992335505083
CC_E2787CBDFBF1,0.14572730680032453
CC_E28AE2E68BB7,0.666170966566008
CC_E2C3E272D059,0.23155168483967678
CC_E2D653061523,0.4342744777396145
CC_E2ECDC7D23EE,0.138710842414437
CC_E2F0E725C3AB,0.06413892010192546
CC_E2F7712CD056,0.19259238004421575
CC_E2FD7FCF0AD5,0.7946958151467208
CC_E308C7DFB2F2,0.13227861171519573
CC_E30B791D5F11,0.21453294815045648
CC_E315F7A94400,0.3478601200657727
CC_E31DAB1E73F5,0.0520739581123662
CC_E32034C97E83,0.22825827323316664
CC_E32DBED5EAC1,0.25606369642174326
CC_E32DDDDEE3CB,0.22253619506413871
CC_E343EC3EB052,0.669369495457786
CC_E34A04E78D60,0.1308635020303376
CC_E3503B565AD0,0.27572487274745894
CC_E356B05ADD56,0.203637846590501
CC_E35D02BE6780,0.02027958308305862
CC_E369AAECB2B1,0.49084335138353596
CC_E36ACDB4F96F,0.43964922867995593
CC_E36C7F0E1657,0.8183993506755649
CC_E381FD4674D5,0.03288158836967034
CC_E38E3835121E,0.044292604397414934
CC_E3A70438A0C1,0.27396173518298883
CC_E3B5C76189F3,0.24925703799307605
CC_E3B7B7E57889,0.19120329103224404
CC_E3CCC0D886D9,0.2117476829014916
CC_E3DD8AD10171,0.33433596546842187
CC_E3E230CF20A1,0.20933858414397344
CC_E3E4B2543CCB,0.07300442993350317
CC_E3E5DF01E014,0.17415105455750549
CC_E3EB157288A2,0.08513263092923386
CC_E3FBDA203EDF,0.1689138588930096
CC_E404FCA6CB2B,0.685536400961441
CC_E4054F9C8442,0.28357426290446136
CC_E405D808772F,0.03972464425224009
CC_E4137B250609,0.44017302618544496
CC_E41482A7E968,0.05730125554764292
CC_E421FA1874F4,0.11026285588357762
CC_E42C38BBBD04,0.17016418651721996
CC_E42D90BFB285,0.042056623581246455
CC_E42EFC05C891,0.08651944557226735
CC_E430F3C75969,0.10274246193373093
CC_E4576D6B6478,0.11443308882673782
CC_E46B27A13728,0.40464037340006803
CC_E4783FB590D4,0.17682488424242704
CC_E489009C6500,0.15156101334817845
CC_E493CB46177D,0.0908762078755131
CC_E496AFA9B40A,0.3441672011626877
CC_E4A2FFE0EE1F,0.11545543376659485
CC_E4C553538385,0.3210703661929637
CC_E4C7B5501ED1,0.13124355184077025
CC_E4C8A5A60F51,0.17890113118462564
CC_E4C94AB69214,0.3871236014114358
CC_E4D75244E8B8,0.19633131904639356
CC_E4D9A8EEDBAE,0.21078947357500238
CC_E4DF787730AA,0.14072040046204026
CC_E4E0DC070132,0.1680703863008359
CC_E4E3C08B7F86,0.05047979008140037
CC_E4FEEB4389C9,0.31825126052988795
CC_E50598344DD9,0.42414410426722293
CC_E50C634A9A18,0.029749641902849684
CC_E5107337FDD7,0.041428301618625804
CC_E511BFCFEC9E,0.6888430250983395
CC_E51318749E09,0.12370415352721768
CC_E53FE6708AD9,0.6896930296302042
CC_E54290FEA34D,0.10621344883788769
CC_E54B723C018B,0.03872720918990479
CC_E554618F383B,0.10859585678959811
CC_E557336955A2,0.12410772453554819
CC_E55B48E73651,0.21544605383156773
CC_E55D8DC645B9,0.05572248508182802
CC_E575DA02C575,0.25048909369716377
CC_E576BD98A727,0.21163914675950585
CC_E578DC77656B,0.13078040781759354
CC_E57F3EAFD9A3,0.144517462219815
CC_E59A01603B7D,0.30065811262047343
CC_E59B2D974CB3,0.18010696978845436
CC_E5A1C44F0F07,0.6023908800137466
CC_E5A8BDF6BFC1,0.169493309154429
CC_E5B284DA0E5D,0.08452795388338785
CC_E5B8363BB378,0.6143389518798095
CC_E5D8BFFA5F88,0.06593321737339813
CC_E5DA04902EFD,0.33404277356001477
CC_E5F53CFC20EC,0.08826485408893839
CC_E5FAECE63C59,0.540392426856614
CC_E5FB6E872C58,0.08514297114501335
CC_E6045565E7ED,0.08998723866291507
CC_E60845ADC7F1,0.03694008137908088
CC_E61567D6B392,0.1185718358588731
CC_E62174AFA94C,0.13197453777221096
CC_E6247DD14641,0.0931892251162555
CC_E6289A61F0ED,0.07724353690606851
CC_E62E32FB6FBB,0.028015634106500674
CC_E62F6BE942DC,0.2582836305684842
CC_E63E49B128AE,0.08196083117301642
CC_E63F89885A3E,0.7667012013226195
CC_E6466E6A92CB,0.2253809426572452
CC_E64BC95F8B2A,0.8268634418143501
CC_E64C652BBAB2,0.08799491816658647
CC_E659DB355476,0.1749704240831665
CC_E65C8BA5A7CE,0.06279879067408835
CC_E65F39446752,0.3658969975485996
CC_E67395791589,0.18550013409448302
CC_E67622A69EEF,0.08355326043134095
CC_E680830CAEF3,0.05490027966270422
CC_E6823643AC4C,0.6641273017203227
CC_E683F33931BB,0.11960400692406839
CC_E68841DEB163,0.0719759164038238
CC_E68B2C33D180,0.1495810531147452
CC_E68EE6EC2618,0.04016056741626798
CC_E69508D3D3F1,0.23946238253822885
CC_E698F1348426,0.21116571356822036
CC_E6A178F3709D,0.1218916851861673
CC_E6A4B6E8619C,0.6596849903296139
CC_E6B3887C66BB,0.29756246666041736
CC_E6B6BBBDBEDB,0.32603172506259287
CC_E6DBD0F9DC3B,0.06562578932381723
CC_E6F090F70DDD,0.36048951953594965
CC_E6F2D8CB45C6,0.10892511584412638
CC_E6F8FBEDA2A7,0.07249746957223473
CC_E70854CDFE9C,0.056342217500781985
CC_E71C05F07F85,0.0621145311920424
CC_E72797CABC60,0.08250829131164926
CC_E727C1153226,0.0929139331620194
CC_E73489D828C7,0.11870039661154011
CC_E7355465CE6A,0.07250190850294942
CC_E73CDBC743FF,0.21487306865408243
CC_E74F00E75A4F,0.05891348507552083
CC_E751F7E19192,0.15826530811547923
CC_E7522AD6431A,0.5470081721731775
CC_E7523630D2D9,0.27380165528456424
CC_E767372DD95A,0.5881683199278023
CC_E76C5DFD3BA6,0.19240707625936906
CC_E77326438575,0.21488657134840922
CC_E77E29E11EB1,0.16171131031373032
CC_E78F20B3223F,0.6925887673032584
CC_E79A23E64518,0.10233595952151514
CC_E7AC69AEA182,0.7396682786811724
CC_E7B754CA9668,0.04852980280613148
CC_E7BA60365AE8,0.16699577265715604
CC_E7C95D4A741C,0.06607731680559403
CC_E7D3D728EC5B,0.18047424696579217
CC_E7E4D5F851D3,0.0711370468330685
CC_E7EA49D37B64,0.3579870662123204
CC_E7EF11A24F73,0.7802574768477597
CC_E7F6F9A7EC65,0.0787299847692248
CC_E7FBC7F69DBB,0.22119713248929385
CC_E80B1A55A74D,0.1868082273320084
CC_E824AB0AFDBB,0.20468119472006996
CC_E826DAC92D9D,0.2553820331067493
CC_E83AB7100D06,0.14395836386620567
CC_E83E6D31EC76,0.2387889232297263
CC_E86650461FBE,0.1770786627924028
CC_E868A3754B11,0.8242231625273021
CC_E86A993F7D05,0.0858345150882112
CC_E87992FBEE80,0.6317819232419172
CC_E87B909C4DDD,0.21152478970625377
CC_E8828BA7EE08,0.1263172778489455
CC_E886157F6FBD,0.34297453366363917
CC_E88711C5C98E,0.12215667501085745
CC_E887680BB6CC,0.19069760343543413
CC_E8909BF77D8D,0.10644018122119414
CC_E8A82DA3A246,0.16861444274098503
CC_E8AC7545DBD3,0.08288015410474897
CC_E8BA6B224C3E,0.11104600160266237
CC_E8C6CA45BF72,0.1827527350416542
CC_E8D2E3126A8F,0.6722317567751007
CC_E8E55DAC4FF9,0.04621186488959171
CC_E8EB77AF3F78,0.8270618336927154
CC_E8F2C6905503,0.36497808600782017
CC_E90831F897A9,0.18888110698436955
CC_E90B14D51185,0.5567549776043981
CC_E9188329C9E7,0.0821101786340092
CC_E91E1C0C0C61,0.6176281236826853
CC_E91E9D34C5F3,0.11386691823004316
CC_E91F555DBA96,0.134319489558628
CC_E932CFF4B4A4,0.24386978872966003
CC_E93643CB34CA,0.16638550453672293
CC_E937CA493910,0.1503809021424375
CC_E9409A50B4BF,0.5376173679070907
CC_E96711AD5512,0.05660236135471991
CC_E96A3E6912B4,0.49809005180720567
CC_E98AEE74B9BC,0.19878557215688314
CC_E992FB78BC2D,0.2618056342240384
CC_E9A3AECEE3A9,0.07126954048233791
CC_E9BDA7766728,0.30300320423913063
CC_E9BF1AFE86C3,0.20803851760128428
CC_E9CA055AD1A3,0.0978392664436496
CC_E9CA0A56E917,0.22246724420842362
CC_E9D3453F53AC,0.6448928410672579
CC_E9D46EFFA839,0.1980834318310289
CC_E9ED872B6037,0.03697799234341986
CC_E9F40C1B559E,0.10768681774966117
CC_EA06928C0AA9,0.2577752758499391
CC_EA0A46F64C80,0.0896694414852186
CC_EA114B15FC04,0.5225166195628422
CC_EA1F3F67BA2E,0.08820821101774418
CC_EA21618614D1,0.65408716998192
CC_EA26B5A89181,0.19827566709626804
CC_EA26C6C27662,0.181211259864157
CC_EA3B5AC76649,0.19597178346860264
CC_EA4E669C8528,0.08113316339685595
CC_EA6917E7A5C2,0.6831940097050417
CC_EA8A25862433,0.14879090600744563
CC_EA901D7CA670,0.16357361879025056
CC_EAA2BCE323EE,0.7261933853056581
CC_EAA6D5189190,0.1056782708513449
CC_EAAA8DD7FAAF,0.15124780158717754
CC_EAB7408CCE0E,0.2953285415195694
CC_EABEDB3C4827,0.13494394483701985
CC_EAC6D83D1BFC,0.03316604350435798
CC_EAD7F3E9DAD1,0.06333692247853816
CC_EADC7D8196C2,0.3140081141915366
CC_EAE608E24E29,0.037090554561380634
CC_EB05AD2C7C27,0.03135360619206999
CC_EB1DA337E2D1,0.14227375060858125
CC_EB1F425EC937,0.11994172379031195
CC_EB2FE764BF6D,0.12545975577530954
CC_EB55483587DE,0.10775271832990663
CC_EB569B3E2E12,0.6220459044833566
CC_EB57E6E6C96C,0.2169530051133885
CC_EB5A0FE0605C,0.15259406319751379
CC_EB64EC97D01D,0.1189495653694005
CC_EB691249B91A,0.18638948506013792
CC_EB7C50A7D4C1,0.5087479292401231
CC_EB7C52FDBEC3,0.13419672877672736
CC_EB86FED24535,0.27878065093711535
CC_EB89DECC2021,0.09975184632675528
CC_EB999F9D6095,0.19260896747017764
CC_EBA2F85924CE,0.06702742371960412
CC_EBAC5A53FD11,0.0960178236561069
CC_EBB109EF7619,0.18440150060843907
CC_EBBD00C18763,0.040141175782724
CC_EBCA68C7854D,0.07081527864612927
CC_EBCBDE122879,0.1553757492775697
CC_EBDF6C88BBA5,0.06583106868412526
CC_EBEDAC91ED43,0.10224823514236048
CC_EBEEC4183FDE,0.04588314181437941
CC_EBFD9D007253,0.47260195268566335
CC_EC1ABC58E09A,0.1705848387211872
CC_EC26EABA68DC,0.7918043854303608
CC_EC2A485A3E71,0.17925485004233446
CC_EC3B9E2FE47B,0.09442461529364767
CC_EC505F03EE5F,0.029953636481133365
CC_EC5317EC6706,0.1922168566799659
CC_EC5B7FBD1EA7,0.14388753377025942
CC_EC5C7471FFC5,0.05214568500659119
CC_EC5D92B3617B,0.20488184502264173
CC_EC5E214BFED0,0.6606174847816428
CC_EC6406527201,0.10729506156745569
CC_EC79022358C6,0.3311430835796566
CC_EC831A90189F,0.09815558155048898
CC_EC87C131FADC,0.05725724748117114
CC_EC88785D6F39,0.20170801497753219
CC_EC9173F5284E,0.03518270626821085
CC_ECB7B3B6272E,0.058026561319356525
CC_ECBF4CED56D1,0.12092363118367477
CC_ECBF80B94EAE,0.7775158040060648
CC_ECC78B7AE3F1,0.6039763070662443
CC_ECC7E9E691F5,0.1715162438340218
CC_ECC9235F612E,0.2548599643706279
CC_ECCB0BD557DC,0.1712908196831882
CC_ECCCB1B4EA8F,0.09136008791150273
CC_ECDDF4983DD9,0.04707655504754296
CC_ECEE93C4F564,0.5893836428343321
CC_ED07BD8B2CB3,0.05491784172496268
CC_ED0F4A02A01C,0.24339223070785782
CC_ED11D72A1D3B,0.06744070741320778
CC_ED165FC5A06F,0.05142230259040609
CC_ED2B6A40ABC7,0.2800024022143988
CC_ED390F22A931,0.09500712630057431
CC_ED40E7CE5177,0.19811419460863972
CC_ED4E4B13DB1A,0.04320620673344705
CC_ED4F22572419,0.1556755133237044
CC_ED5AE5CB1DC5,0.06273109105114125
CC_ED6090A4E6E4,0.23487085035759828
CC_ED645D91E6A5,0.11136826603060676
CC_ED6B045B6075,0.1775632937244918
CC_ED9313C71C57,0.16186481854603046
CC_ED9BCE7C776F,0.7367583041961536
CC_ED9D4644716C,0.16817111836805357
CC_EDA794402358,0.24912339099662167
CC_EDAADACD4DED,0.13951843130528477
CC_EDBAD2E989FB,0.13894287971494976
CC_EDC98B474E76,0.26703563551477927
CC_EDD1FD49A66A,0.7628560833030249
CC_EDD448008C0C,0.6827173790094814
CC_EDDA3B790095,0.06300979332002844
CC_EDF95BF0E3D6,0.16799851818607967
CC_EE03D7C2BC69,0.07407549751400613
CC_EE0D95184E81,0.04225749022297412
CC_EE0FF690C214,0.4268671214952015
CC_EE2412C352D5,0.08590220657295959
CC_EE2A010019CF,0.05874042941585063
CC_EE2AC730827E,0.05784719004969299
CC_EE3236E6A9FD,0.11269305651269226
CC_EE3759EA49FF,0.168616994635515
CC_EE38C78AD88B,0.4122096574697699
CC_EE3CE0FD6B77,0.5933982122456344
CC_EE6B7E58FC63,0.04154494865343821
CC_EE6E02464067,0.3089047732150865
CC_EE6E1FA7A753,0.13857021786637055
CC_EE6FCE6C233A,0.20707823644723988
CC_EE88C07B9333,0.09092753567749295
CC_EE9004165810,0.07273804872693745
CC_EE9BD17AD343,0.051108694068303984
CC_EEA608D5A455,0.15411947703815473
CC_EEAFDB1BB486,0.541109418668303
CC_EEB482736C41,0.21881800307161542
CC_EEBD9DA093E1,0.04467846447719236
CC_EEF23DDD2262,0.12420065703923445
CC_EEFBDC9AD94A,0.07489959116119271
CC_EF05000895F4,0.49744884369306797
CC_EF16B2CE0988,0.37393322877123286
CC_EF1DD3F0CBDF,0.05706764850767004
CC_EF2D82085BB9,0.09750925302837336
CC_EF2DBE79D656,0.24646026579085223
CC_EF3000C48A4C,0.07402138026277388
CC_EF359AF608EA,0.03616515724225443
CC_EF362432D758,0.34960660152873035
CC_EF548B30F1B6,0.21967069632734987
CC_EF5B403DFD7E,0.09990712044729683
CC_EF66DA0DDF9C,0.26339030327699603
CC_EF70BA4AEEC4,0.16244760608903655
CC_EF83DD56FCC5,0.07381376912188803
CC_EF8B642A6F8D,0.06865351828858776
CC_EFA1EB27DA19,0.0393039565443549
CC_EFAE84EA9BDE,0.07418282530477989
CC_EFB26BEA106E,0.3492641534444539
CC_EFBB51CD8502,0.25416130538809284
CC_EFC18E9B3B55,0.11777086442893858
CC_EFC4B0020E2D,0.13380312850919746
CC_EFC9FA5108D9,0.14425268819910847
CC_EFE45D9B9D9C,0.05011278235270894
CC_EFF27FA98DF1,0.06942383087082557
CC_F000DA497736,0.2518126737890042
CC_F00107DE219E,0.6782104762473938
CC_F009FC54A64B,0.7646019785286398
CC_F01DF28C6BFF,0.08987326101385974
CC_F037C91F63BF,0.1266657936471507
CC_F03FADA95A03,0.7252647891071132
CC_F05235F3C894,0.10467686930017844
CC_F0649FEBFEB8,0.4750605073936527
CC_F066C78B5C0D,0.13741381440517658
CC_F07313626618,0.6064337377345081
CC_F0783F6A56F5,0.766038969329252
CC_F0791523691A,0.14851872372635083
CC_F080750455CE,0.06031700313386453
CC_F0809EBB0B51,0.027744624548421457
CC_F08259F86E23,0.17411732619632891
CC_F0929F859702,0.18643066695458066
CC_F0A7203CCA39,0.16706213316678462
CC_F0CD4DD9C63C,0.13174461488962025
CC_F0D29AD328E5,0.1516203875673569
CC_F0D339E5B80C,0.055877613124926395
CC_F0D3BC14FA77,0.0803706112076804
CC_F0E16D28D49D,0.16578075485389077
CC_F0EBE2C00A7B,0.05429634007352546
CC_F0F137758DC2,0.057206415718931314
CC_F0F6BD40CA43,0.30832546943669126
CC_F0F6FCF6010F,0.1733861812064197
CC_F0FBC9D4ECA1,0.02981392951819414
CC_F0FEE924096C,0.2777087610149509
CC_F1074E035DE6,0.04900912808797691
CC_F108D26930FF,0.39021531349216654
CC_F10DB853B9DF,0.4199933029174666
CC_F10E06D52D76,0.13341707037538875
CC_F11F5F477B91,0.6174112186941726
CC_F14913B5BE1B,0.7471049912571415
CC_F156C1647E3D,0.07559235903574976
CC_F1598097E314,0.6850945230137717
CC_F1641E3AAB3C,0.051539688120608475
CC_F166878FB959,0.054802071845060515
CC_F17540FE7C9F,0.12284444664175606
CC_F175BB08B29E,0.04914912518772588
CC_F1782AF286D0,0.37707186458457065
CC_F1796AD4B774,0.5612054708040906
CC_F17B3A3A5E56,0.632318999407069
CC_F1858D6F0080,0.1524152424021511
CC_F18689FA8E29,0.07208500668745385
CC_F18A82B0F153,0.13597827096833756
CC_F1AE7142A128,0.11124546354944162
CC_F1B43DD57C9C,0.12226074109279156
CC_F1BCB7676492,0.07962906248563562
CC_F1C8B8BB90AE,0.1270343168414034
CC_F1E044CD2D75,0.2512016193009126
CC_F1FCB96B5E14,0.2608251963995387
CC_F2067E92A939,0.15087072986487043
CC_F21512554CC9,0.07187351202927235
CC_F243956B7575,0.08658579963120862
CC_F24FBC9FD3F7,0.32247913837059916
CC_F252EB3F208B,0.09850139425265624
CC_F25D793346CA,0.40527032067512136
CC_F25EB1ED5AD9,0.05431776932470806
CC_F265A0AE845F,0.7114711231771363
CC_F274BB4AEBE0,0.05793109320705617
CC_F28BF2185131,0.10465835640995247
CC_F29077E45AF0,0.23061445077592196
CC_F2988560CAB8,0.3650465845604799
CC_F2993AB36C56,0.08181337822585416
CC_F29D6C65779E,0.06379592516101709
CC_F2D2BADD0000,0.062346993841057796
CC_F2E4AEB73D57,0.11008299277512218
CC_F2E630BAF431,0.04970399278336557
CC_F2EFCB40AE74,0.16648057138523403
CC_F2F085891915,0.7095736908007119
CC_F3030E2C80A0,0.20880352691612508
CC_F3044C7C16BB,0.06022546174026113
CC_F30B21CB4603,0.10030428519855056
CC_F3140FCE870A,0.08340087058532089
CC_F32A84B321FC,0.1951462094402105
CC_F339FF584607,0.3181772792990565
CC_F33CEE0F6DBE,0.4265452222584036
CC_F33DAF3E9CF0,0.11615196940418518
CC_F34EC3FF202F,0.07792512364151671
CC_F35A6C383B39,0.1766857980230569
CC_F360E0FF27CA,0.06671268300697973
CC_F36B7AEC0086,0.10856041079959919
CC_F370665BECB8,0.5604901320444474
CC_F373A60E53E8,0.03256453837720637
CC_F373BDAE18B2,0.07567382420557608
CC_F3745BC63340,0.0716819265612275
CC_F37DC9169301,0.1444899696476691
CC_F394E57C5243,0.22625174853792135
CC_F39E98FD418D,0.07859523822943737
CC_F39F51452381,0.03747179423808803
CC_F3A52465664E,0.055511208396983244
CC_F3A8CF761A0F,0.22263794822979216
CC_F3BF1709E29A,0.44751266430926084
CC_F3BF72C29211,0.08141221361859646
CC_F3CF35465CF1,0.04294724700189806
CC_F3E2186DBD4F,0.28305208562592643
CC_F3F0F9B9B56E,0.1609463615225815
CC_F3F185395BE1,0.14682927911878457
CC_F3F68E6599E7,0.07072405796765398
CC_F3F7763C9DFE,0.18574084003278934
CC_F3FFF13592CE,0.06491824854404749
CC_F410C3CE89E1,0.17877916764035878
CC_F410C8B811FE,0.06560394147426343
CC_F4132072D78E,0.1182382379097916
CC_F4157B8E5B32,0.5355052051653306
CC_F41CF067E828,0.11321132610305401
CC_F41DC456E539,0.033099693047675266
CC_F41EEF55A0EC,0.04483796783775748
CC_F426B5C1F07D,0.3455205997864598
CC_F437875F9000,0.20846318035004108
CC_F43C961F8A30,0.13882555352915782
CC_F43D9BF23472,0.053140912412960095
CC_F444BE033109,0.14643372916584071
CC_F4481124F17A,0.15613817678210803
CC_F44EAAF80F70,0.14046263230339584
CC_F4521F6D3492,0.5364467251526276
CC_F46BD9AB1B68,0.14203682560169317
CC_F4763AA0B824,0.5283726291329771
CC_F47976F33E20,0.21309893221068177
CC_F47E588D4470,0.18618827153366985
CC_F4A2777912C2,0.12490777626829025
CC_F4A6C2B23685,0.053447079126504884
CC_F4B3EAEEEA8B,0.03813882661608451
CC_F4C6CD1E720C,0.07666167409519768
CC_F4D05DA98C83,0.05103793087503687
CC_F4D15889CDE0,0.14714111154359305
CC_F4DEC1E6173D,0.03369605196989607
CC_F4EFAD6AF8BD,0.2955377018906923
CC_F4F7835A1FA2,0.22688641556505562
CC_F500597795FB,0.14435176895221913
CC_F5197FA9580F,0.6709071289475055
CC_F5240F59146F,0.07493862127808283
CC_F534A0B87C3B,0.15643473593784613
CC_F536972BFE98,0.1296508831685912
CC_F54FDFE5A5C8,0.09220091873490431
CC_F55727F65F86,0.20577712338317275
CC_F558EBDCDD6D,0.12935680144231282
CC_F56D569AC51F,0.09573437844787333
CC_F5714D180EE1,0.12338785166597244
CC_F576ED9554AD,0.3528061295957515
CC_F57C2559358E,0.20971419965743943
CC_F5AA72FC0972,0.09437266699851682
CC_F5AE7DEA2B48,0.07100399497292921
CC_F5C6A5E9D495,0.15857487180096264
CC_F5E0731F2181,0.24311979427031438
CC_F5F4F3B03FE8,0.7250438601624478
CC_F604D7B9CBD9,0.18568076495731922
CC_F60F13391D61,0.16945072136244776
CC_F618D72DF162,0.07095455719683576
CC_F620B15ACC5D,0.07460678518637714
CC_F62D426D6614,0.1384168042793705
CC_F634999D5C1D,0.02524756347037224
CC_F636E5BAEE47,0.17215243754673903
CC_F6461B692240,0.7146189859218672
CC_F65BAD63AED0,0.18306817941219194
CC_F65DD2AC57E8,0.28037596387475766
CC_F66C6577674C,0.05365883625299438
CC_F670896FE959,0.1793901222337524
CC_F67376F272EA,0.688773283678711
CC_F67FFE9E884E,0.2937254431658691
CC_F683C99F06C1,0.16646320669478676
CC_F68523E2CE7A,0.7457991284702441
CC_F68E62F9AA0F,0.025956505547318744
CC_F69604E05962,0.08470632802647585
CC_F6B8913740B3,0.10049093753645506
CC_F6BB4952DD35,0.32222580985182847
CC_F6C0B7AC57B5,0.6080095376011825
CC_F6D2B06E6E8B,0.5903571287600506
CC_F6EB30A84C9F,0.2780640318200154
CC_F70345A4792A,0.11630546657673108
CC_F7068C1F77B3,0.3475230803830668
CC_F70B0EA8C0E7,0.055509509070139136
CC_F71CC97FCE83,0.1069542594442321
CC_F722224A84F4,0.6381379081376933
CC_F72D1046063A,0.22328933213004992
CC_F72DAB32A281,0.049431737961186786
CC_F733AA5C0ED9,0.06422560364543285
CC_F74043C1BBEB,0.06300670016311172
CC_F74A31E36137,0.06212023470742739
CC_F756B167634F,0.176027132472216
CC_F75CBE8E1B92,0.48460383997911466
CC_F761F7EEAD39,0.1472628672033356
CC_F79303D62FCD,0.07890019225177673
CC_F795134B52E6,0.6335075141430091
CC_F79533E83ECA,0.0953557266991345
CC_F79F9A7ED432,0.7458838213306429
CC_F7B2FC73E020,0.040882768318181224
CC_F7CF24594B20,0.05441648672120723
CC_F7D31937AA89,0.04383653324696098
CC_F7EFD378035D,0.4142509114282178
CC_F8014B1E00D6,0.04080346349199317
CC_F80ADE95A7C8,0.05065955687269037
CC_F82E58E476A9,0.0992771392769638
CC_F82EB123CC19,0.16528729820768062
CC_F83088660331,0.11459545855076753
CC_F83C6DF6A815,0.5747282933546236
CC_F8620C4F7581,0.16255609780278246
CC_F869F4DA5077,0.7577336759972855
CC_F86B1C53EAF4,0.18108265450871258
CC_F87B7F26FF51,0.23848279567978947
CC_F8803D1C899B,0.050112490504554574
CC_F892E51AC9DD,0.04077914802506978
CC_F89C185743F0,0.1060431416122106
CC_F8A4D45C3769,0.09476993901242536
CC_F8AD68EA5A16,0.20968001614857196
CC_F8B4DBD0CE8A,0.35597547549129027
CC_F8F3E551F166,0.27405734528815107
CC_F8F9FE2C9B65,0.2540727830187988
CC_F912A50D0DD1,0.1684468796772174
CC_F91B7C2B1AFD,0.11549480730405107
CC_F925251D4BF0,0.3710585029153051
CC_F925ADD60E7B,0.03682365327051518
CC_F9282C144479,0.06295493176067418
CC_F92EE3287CC8,0.0844136702312654
CC_F93332608FE1,0.17588864694193096
CC_F94070DE3B81,0.05723938569622854
CC_F94C81428D20,0.20430296449292212
CC_F95DFFDA9B12,0.39396763315347294
CC_F96A53B02447,0.6099606868238443
CC_F96A965CDCB0,0.6459280597134238
CC_F9721FEDBE9E,0.1927021674647528
CC_F97C3E145882,0.25837004744273145
CC_F97C64C64052,0.0802032107320296
CC_F98660A07E6A,0.7867261461974664
CC_F98BA4B13724,0.07917873536323135
CC_F9A3F3A76B1A,0.14467228679858013
CC_F9A8E2B3A703,0.12739249474818165
CC_F9B3E7E7F2A9,0.41503502962726846
CC_F9D7D0B1E4A8,0.6775958817090979
CC_F9EDA4EDDD44,0.052879116602165974
CC_F9F2176B12FE,0.0491299238681211
CC_F9F90E76CA5B,0.09188122788666403
CC_FA0157249C01,0.11048456197469742
CC_FA169BCA835F,0.06502011018016207
CC_FA19B61BCABB,0.12860877450939318
CC_FA1DD203C293,0.25035307334571444
CC_FA2E30269BC1,0.18899860003247398
CC_FA304CE8E045,0.19875335780174222
CC_FA310759A257,0.6462330867030747
CC_FA32397E7B8C,0.09020426096238249
CC_FA33D97B84D4,0.10014275983213526
CC_FA38991B9434,0.02685065417130881
CC_FA4079FFF1E5,0.21328307918841768
CC_FA716665CD8F,0.07199928709751136
CC_FA770268B207,0.19244405018591043
CC_FA7A2F59245B,0.4565254584439052
CC_FA8205104EBF,0.11959867080288021
CC_FA8370AF8740,0.051207712635166526
CC_FA858F1025FF,0.11991584746390038
CC_FA86320CF6B0,0.04937814549671251
CC_FA8B341CD3EA,0.20186068217551995
CC_FA9057AAF95B,0.0929679087595544
CC_FA97314C666C,0.055131968459407474
CC_FA974C1D91AD,0.36813258516021674
CC_FAA0E5BC9F44,0.6841279724893178
CC_FAA2694D8578,0.2776832196819936
CC_FAAFFC74BC35,0.6675339414705543
CC_FABA6DCF8E45,0.0377999084085259
CC_FABC53294AC1,0.1640119510541578
CC_FAC52B8E66DA,0.11457946175895199
CC_FAD284D8DAC8,0.8257638535211156
CC_FAE70CA5999C,0.131132338237826
CC_FAF1CCB40132,0.10415671092299189
CC_FAF93D8B3B59,0.06768195588713417
CC_FB09E5481B64,0.09082585805760246
CC_FB150A1F7C3B,0.12753644435814188
CC_FB1808471515,0.3819576620512366
CC_FB296D823CF6,0.0729685020436174
CC_FB301E1FA7FF,0.030084890103764875
CC_FB33C958A19E,0.4195138094081727
CC_FB40D63FC3D3,0.18940616380008718
CC_FB45A1837AD7,0.10300591062629985
CC_FB45B79CED15,0.10936661536134824
CC_FB52260232E3,0.06286886723409084
CC_FB6A0A7B8813,0.2621919227495909
CC_FB6ED10D82D2,0.10205676018149007
CC_FB78DE84AF05,0.035960143484104895
CC_FB8DF8F93E7F,0.17549235534328783
CC_FB8F89048B89,0.08526325074734964
CC_FB9C3E77A49E,0.12030513642679627
CC_FBA40CEAEA18,0.0785853559331798
CC_FBA998938FE5,0.17707259072956985
CC_FBADBAFCD1B3,0.2756099939988838
CC_FBCB85E21ADD,0.16790657412280063
CC_FBCD00EE4402,0.16578126244011177
CC_FBD40DFBA5D5,0.313467607677752
CC_FBDECF3DACAE,0.23666225741495744
CC_FBE4E2F652EB,0.21479315694638773
CC_FBEA9510C687,0.2564800189103354
CC_FBED1E2E1CC0,0.15307522907187887
CC_FBF54E48EB13,0.0622858585890677
CC_FC1E279EF320,0.054381826462059635
CC_FC2E1D460089,0.0990989496129836
CC_FC31CBD20CDF,0.17614117418234274
CC_FC41D8134A1C,0.07075022547955347
CC_FC44D7EF257E,0.04847103192011898
CC_FC4A649BDD07,0.22154431336594715
CC_FC51BCDBB6B2,0.13007427042513015
CC_FC57B6E79AAC,0.19866835062104077
CC_FC6AA879D9CF,0.11114453247124492
CC_FC7A926F3A64,0.6357780649940257
CC_FC83CB9C71CD,0.03268804415086177
CC_FC9E6D511294,0.1440196845670094
CC_FCA657E69930,0.40906706768043166
CC_FCB451237214,0.7764664445124682
CC_FCC7E51DF812,0.569420566535575
CC_FCD42ECC012B,0.04448799015427292
CC_FCE8FAEAAEF1,0.11011209907775811
CC_FCFAE9BE2522,0.4290265239620468
CC_FCFDB5DFE5D4,0.1033724376636208
CC_FD24FC7961A5,0.09282375898818764
CC_FD2793DCB5EF,0.1178002250394532
CC_FD2EEF724088,0.1265326921951023
CC_FD3205367675,0.08398945396536611
CC_FD3A21CDCA7C,0.11821810727105833
CC_FD3C4C2FB68C,0.14991949834361218
CC_FD41687DC1A0,0.16298429208177684
CC_FD44B4E31EFE,0.09811834435564115
CC_FD5721556AB7,0.06443382965726269
CC_FD643C174587,0.33537646643845054
CC_FD6BFA30DD9E,0.27040723084112167
CC_FD7C9DD7F11B,0.13869347795747206
CC_FD7F2D90CF8C,0.056952999374793215
CC_FD8C4F601909,0.0473501262192353
CC_FD90B45AA24E,0.07762605944989132
CC_FD95457772AB,0.05631675856452413
CC_FD9D9B58DB1A,0.20787342534245318
CC_FDA918AEB5D6,0.628955335546162
CC_FDD4C2065540,0.3295008934094943
CC_FDE57A2C5156,0.17889269370746405
CC_FDE9920975F6,0.2540272817461454
CC_FDEC856F9C6D,0.05962005776225382
CC_FDEED2AA92A3,0.44539596239379364
CC_FDF5607ECC1B,0.04651599645062583
CC_FDFED3D7E70E,0.17563025462931586
CC_FE0324F99784,0.12160727182843789
CC_FE0A18D6570D,0.04246233859358042
CC_FE0DACAC84BC,0.24694812121221993
CC_FE16586C9FAB,0.2678587983655083
CC_FE16FBC86237,0.15925728387867694
CC_FE1C808C4515,0.05689111300196135
CC_FE1E64201B9F,0.10738089903942086
CC_FE33D60E29EB,0.03032316494600366
CC_FE3ACE674BEA,0.15563454753046818
CC_FE468E9AA9D9,0.024608630197972336
CC_FE5AA923C220,0.16471860274750094
CC_FE6C777DDC19,0.05508459242189215
CC_FE6DD8C8EC90,0.24661146484674712
CC_FE7A84AAA8F7,0.11925416172873882
CC_FE7DB6B410A4,0.12480981657924806
CC_FE8691B1F3D9,0.06914176156057665
CC_FE874279A94B,0.07736946191011074
CC_FEA61499305D,0.18778349526098748
CC_FEC22B334AC5,0.15735082023223163
CC_FF045F9508F2,0.1821919721489422
CC_FF0EFF711598,0.2475805765488287
CC_FF12F53D5676,0.043604083631139275
CC_FF13D426EC1C,0.16980601692396963
CC_FF16A7C8600F,0.2148259456544075
CC_FF2236DC115C,0.4474777207165924
CC_FF2725428B6F,0.0765073440434377
CC_FF3176D91690,0.11742009717219562
CC_FF393D295D66,0.04551806397977087
CC_FF4598202C5F,0.6419563958654126
CC_FF463A4B3D04,0.32673315286196775
CC_FF4703F7664E,0.05090023312306723
CC_FF86EC3C0851,0.477959130916588
CC_FF8A580DD831,0.16143068982490683
CC_FF8BD8697ADE,0.1293964267998141
CC_FFA681A2054A,0.039109623979743324
CC_FFB6B2D2BB2A,0.36447082733608593
CC_FFBFA27643F8,0.13578532484102257
CC_FFC81CC80F9D,0.14893899416944062
CC_FFCC9C0763D4,0.10740441724563482
CC_FFD4E33DC920,0.5810940528216991
CC_FFDE11143038,0.059963923655885196
CC_FFEF28047C4F,0.3789621704625865
