client_id,prob_default
CC_0012A082B7B7,0.13549493455688552
CC_0012BC27DFB6,0.1441827561785906
CC_001563B2143D,0.1157107777352489
CC_001B46930B6F,0.09689720311100503
CC_001D771E1C9F,0.04758144151565476
CC_0028BD91E759,0.08852489320895048
CC_0029971D7EF4,0.23711359872781018
CC_002B8C00B239,0.039584985184332455
CC_0035DFA86185,0.7517753338739637
CC_0042D11A6D0F,0.06395584705850654
CC_004D21A4ABB6,0.1163931943674039
CC_004EE05FC2EF,0.46577086845143123
CC_0050E546EDCE,0.7109863278027286
CC_005D7F31F785,0.0612595948511116
CC_0079996ED779,0.21110859977802265
CC_0082B4E1D9CE,0.03645786235890699
CC_00B01C73CEB8,0.16384704371830422
CC_00B74FFEEA53,0.1850907277145501
CC_00BF6791C18C,0.1346802673474103
CC_00C5E30B288C,0.32360415412235577
CC_00C68CE1CC12,0.3872109418278955
CC_00CC4148959F,0.18098277456819456
CC_00D428772D30,0.41092129086140927
CC_00D5806C7783,0.0989330593890861
CC_00D5C677C2AE,0.4558592400371062
CC_00DA781C4D66,0.09242296406380428
CC_00E7E2D6B548,0.2163829732315842
CC_012BC0A68DC1,0.07043613610764035
CC_014911033882,0.15748308203223482
CC_014F7EF4E595,0.6654610473193725
CC_016501B25F2B,0.05238383678174563
CC_016767D9B049,0.04071763763296224
CC_017598512EA2,0.11216596101190332
CC_01941532C804,0.16752724135345526
CC_01A66C6E22FF,0.7810779210807697
CC_01A684355200,0.1828760080659072
CC_01AC62740827,0.11818354012029586
CC_01B0EFE5DB79,0.31511715130873386
CC_01B876B2988F,0.21141074440584845
CC_01CBB64C1DB1,0.37152404210798495
CC_01DBD993A1FC,0.04940554897930903
CC_01DC49D55C2D,0.036923762371968996
CC_01EF18A3ADBC,0.5633706034313215
CC_020252D37557,0.18611387442906305
CC_020BCDBCA8CA,0.35828776450082767
CC_021A6DD97ED4,0.15316764068641542
CC_022054506F33,0.07098202806554998
CC_0225D6231EAA,0.06511619299432951
CC_024B524B0176,0.03399833160113091
CC_0256303A6DC0,0.23338839838129855
CC_02589E6E4714,0.056679489890240756
CC_025927626E10,0.7120341626653619
CC_0283023DB294,0.030479469459754036
CC_02903C6FC0C0,0.1896140148883583
CC_0296E572CF21,0.04022031206174216
CC_02999E509460,0.5811934546297244
CC_029E835D91BB,0.06269399851352553
CC_02A32EC3526B,0.07427696276165663
CC_02A393632CD3,0.28052478836636663
CC_02A3E21B28BC,0.770136857931557
CC_02A4B4644529,0.09044454311180977
CC_02B43865B30E,0.053041655658940146
CC_02B5A1A178A2,0.15921061658494218
CC_02BC4785773C,0.21330829539611812
CC_02BEDD9627DD,0.6730475583387104
CC_02CD2C1EFBB0,0.11217149416089423
CC_02D4430492D3,0.3544146605714392
CC_02F79A06858B,0.10392484799073338
CC_02FA254C9D43,0.045599846968754895
CC_03062402B4EE,0.06168538800469995
CC_03072CF2EC63,0.3169061593334418
CC_0315369B079D,0.10155514164764305
CC_03199242A810,0.14743451894453868
CC_03214BA76DB4,0.22109160327666955
CC_032735A44CC6,0.058675772048703806
CC_0330340F2FE5,0.19638794206274876
CC_033236FAAFDB,0.16469023435800134
CC_0337298F948C,0.043418688083398244
CC_0341CAE5E2E8,0.22644855128788255
CC_03434E2371CD,0.3558219378313428
CC_03547AAB948A,0.21340381889975396
CC_0354D0453D8E,0.10762268950068846
CC_03592E51F427,0.8072294258675826
CC_0365DEB525A3,0.09839539481891263
CC_036782052BC9,0.34210838456714177
CC_036977A50F1A,0.12320073605189842
CC_03720D08B8C2,0.2900696812001703
CC_038AE599BCA8,0.3391265830135656
CC_039E67CDFE1E,0.3495336987489941
CC_03AC962FC717,0.1782924227010782
CC_03B00DFA3A85,0.7758835555243955
CC_03BC6380E968,0.4949610649463639
CC_03BC730E0B02,0.0262944250495378
CC_03BD4F22DA3D,0.1262488092987286
CC_03C7E1EF6F69,0.7953565719991423
CC_03C9FA383477,0.09105034489143414
CC_03D1AAE90CA6,0.05455809382155892
CC_03DBB9598F39,0.1380363011212748
CC_03F18B43797C,0.08890386412487084
CC_03F80118E46D,0.05884771898203253
CC_0405E0151A6D,0.18351711919887576
CC_041FEE6C805E,0.36186079502543167
CC_042F88EE269B,0.21238119758549
CC_043D98ED7F98,0.18626767144823786
CC_044C3537B769,0.1549378697623282
CC_045932C46685,0.13798869179618273
CC_04629624AA8D,0.19408753622647398
CC_04690B4A6AF1,0.2490281943699263
CC_046CF40369FB,0.1262734775621329
CC_046D6EC816AB,0.3718814292354542
CC_0475CD95EDC9,0.12611210835121928
CC_04796F06B82B,0.1256827571788918
CC_04AC7C1CE736,0.3192655121099123
CC_04AEDD051B96,0.32244656267729715
CC_04B42AD0E01A,0.34761746682350947
CC_04BBD1DB360C,0.3061830103735649
CC_04C767FFDA0F,0.5036974463247015
CC_04C7B819B9B9,0.07395134795795534
CC_04D127A775DE,0.08796849340615677
CC_04D9ED00053F,0.059540509460977914
CC_04E0EFC4F548,0.29600435846747275
CC_04E6848903E8,0.03170834708560235
CC_04F69D03ECE1,0.2578925578666874
CC_04FA1CFA1DEB,0.20350448673732507
CC_04FA6842AC62,0.03088909515750869
CC_0502F3791166,0.2730823167520303
CC_050B514E15FD,0.15259673751201025
CC_051ADBD6D835,0.10743965966741241
CC_051B4644216C,0.06108129454646425
CC_051C0A644DD3,0.0257995136136929
CC_051CBF566856,0.04176358376985166
CC_051EEA9AE819,0.14501948105952162
CC_0520E27BE904,0.14192457320822283
CC_05224448D290,0.1105408867890252
CC_0525DE4744C0,0.051462210699904434
CC_052F5CD81EFE,0.17020598350204685
CC_05368FAD2E6D,0.07103746850241643
CC_053788B82006,0.09375422610341351
CC_05471A48C6F5,0.16131416173060295
CC_056DBA1A87BA,0.07839958215467109
CC_05901F3E7A0D,0.1614430076856722
CC_05906BC8ED3F,0.1461103054849669
CC_059D55E32C78,0.08295084848681727
CC_05A12EF84A86,0.49424685547509184
CC_05A42D035609,0.14114871201225415
CC_05AD75A5CE38,0.04724392218666942
CC_05BBD4B92613,0.5530340161175884
CC_05C8EF6500D7,0.7672119936029617
CC_05DDB7B07497,0.0800445969304922
CC_05ECAE6E0774,0.22719326853787278
CC_05F11F14DF9E,0.33275585500631083
CC_05FA9192590F,0.1521623871053761
CC_05FD764FB154,0.7654841227583973
CC_0608DBB4DF03,0.24874416935125698
CC_06198383F6D4,0.10354371571180832
CC_06199EBE2B05,0.1907860641113171
CC_062A8881A331,0.06610336433771827
CC_062F74350907,0.045540358201030126
CC_0635AD30F004,0.7725717549131563
CC_0639F539946C,0.3008376372699267
CC_063DDB42CF5C,0.08235666947070969
CC_06405C00E240,0.2878244153163729
CC_064920FC9DAC,0.07183324537938553
CC_0650AB329174,0.7767235018947518
CC_066941B109B9,0.17542772366930465
CC_066AA16F5874,0.2873031001712725
CC_06732311FB8B,0.16759056816821302
CC_06780061F889,0.11229953940511252
CC_068A81B06B74,0.4769571857552445
CC_06A1C5FE269B,0.3182558542769971
CC_06AA7138DAF8,0.03846083094327055
CC_06C0DD0D066E,0.7448441471669631
CC_06C97CFBD476,0.13614674150954478
CC_06D15F523C05,0.20567299918119775
CC_06D35787AD65,0.03631002736327775
CC_06DA375201A2,0.08533706181064084
CC_06DB455FF19B,0.6634576422116734
CC_06F3674E7313,0.4536727006659699
CC_070232DF9996,0.11134315442048792
CC_07141FA77DBF,0.09418879002252778
CC_0715F11CC8CA,0.21024568557938583
CC_07168A9C843C,0.20089293572626274
CC_072AB9F855DD,0.038277605627510425
CC_07337AF6AC2A,0.11955428327256527
CC_07434E4E5C28,0.07070264200612977
CC_074381358A2C,0.03653956162213402
CC_074E7CA75E8A,0.2337448953084795
CC_075D0C618BAB,0.23067849424354692
CC_075D804F7851,0.09478626308900867
CC_0765961D818F,0.43689795580969903
CC_07698F10563E,0.06184798849103517
CC_0773B9BA9E18,0.3090616445979215
CC_0784ABDA7F8C,0.18259641205177563
CC_0790C9F9EC9C,0.08207338154071561
CC_07A996E6CA6C,0.28018214781124623
CC_07B588ED677A,0.15066818282870853
CC_07B730FD7F82,0.16643256436267745
CC_07BE6961D039,0.0746261096272275
CC_07D23A6BAF5C,0.13862001154591524
CC_07E08196A3DB,0.05373158592805015
CC_07E4850039B3,0.09823573007793215
CC_07FAAF8B2D23,0.046855265336409525
CC_07FB3FD9BE0B,0.12378781541944839
CC_080CB94A724F,0.301357484517812
CC_0837C56711FE,0.09732109443284387
CC_084100A049EE,0.050205374368311434
CC_084113D0951B,0.3074025282802468
CC_0843DDCDD601,0.6571772211910174
CC_0846C14EAAFE,0.06331078558106973
CC_085091ADED2C,0.22309708238816472
CC_087943B4A5D2,0.15100973626423175
CC_08A97B98C405,0.16741445987605644
CC_08AA321BC4AD,0.17231622266654525
CC_08AA44ECBDD5,0.06262329792082703
CC_08AE2EE9D798,0.1873229768700365
CC_08B149462891,0.1767318028329688
CC_08C71A8D2D58,0.043970791839623616
CC_08D645F7B257,0.04904221190923857
CC_08D80BF0B273,0.052551805851197717
CC_08F52B1BE431,0.2751211647911227
CC_0903571AC7E7,0.15506561576977035
CC_090D528C09D0,0.45273292995890185
CC_09106BA6CFC9,0.07644486720920379
CC_0915905A5D48,0.11619882721887057
CC_0918F67CDF01,0.1483979094972555
CC_0925D0B6276C,0.14747911899453572
CC_092A2830E36A,0.7870288832412764
CC_0951489C8F79,0.03217350433883527
CC_0951FA4D5513,0.08210656771246108
CC_095C712064EA,0.07912909165084825
CC_0969AA7BEC71,0.08376908866045968
CC_0974840BED49,0.7552285736612634
CC_097BD371F652,0.09195126175284402
CC_097C8139DBD1,0.04738838444081865
CC_0981CA4DBCE0,0.02288606128701563
CC_09A5D2F129A4,0.2374098567984932
CC_09A9BE38080D,0.09500476332662644
CC_09CDC42E000B,0.18242400306977852
CC_09D8DBAB2A42,0.0980550914605998
CC_09EBB1960580,0.04400197276839991
CC_09EBF206FEE6,0.2247640856551913
CC_09F2AE996181,0.08780281375356509
CC_09F45833F53F,0.13965871726191312
CC_09F4F5C5B4EA,0.7653598392933028
CC_0A04BF4005F8,0.18855088950150922
CC_0A0E563D1060,0.08082838563114311
CC_0A0F781A999D,0.18193390133459136
CC_0A1138C37BC0,0.16417860118762398
CC_0A334A16524B,0.056391521901243635
CC_0A359CD5D73A,0.06653149775565065
CC_0A3E2C273DB5,0.07998047219458328
CC_0A4705B1E08B,0.041735477528531115
CC_0A67EB7C5282,0.15315840705724484
CC_0A6CD64871E5,0.3422329227735715
CC_0A75643FDC7B,0.06698180915903382
CC_0A8066F501AC,0.0402138902194954
CC_0A83017D027D,0.21564973471633542
CC_0A9AB7441D5B,0.3413309373028367
CC_0AAA72FA148E,0.39195066468175876
CC_0AAC488C8AE4,0.4348524688840052
CC_0AC2DB82398C,0.3454640035341674
CC_0ACA2C49A497,0.11731965891469073
CC_0AD4BBEA75ED,0.04082052230848674
CC_0ADCD6553B8C,0.07140978544822121
CC_0ADE56B56C41,0.033110329676132505
CC_0AF4B5B4162F,0.7306734697698678
CC_0AF9BD814AC7,0.11242537729896936
CC_0B083BE0FEA3,0.12116351780267073
CC_0B1384331163,0.06535156889305384
CC_0B216C6AF0F2,0.024159142376725853
CC_0B3465DB0684,0.6272895282159248
CC_0B442B91679E,0.16049863511669338
CC_0B455175F494,0.10495378014110457
CC_0B4C01B4002C,0.21707387490004748
CC_0B544A526D6C,0.0712925256634423
CC_0B5B19AFCD18,0.06023562942222021
CC_0B5BD2D224BF,0.060374936699135726
CC_0B6407C2C9BD,0.15560000349041714
CC_0B73F59991EE,0.1028970026188169
CC_0B7579216681,0.08516097593984094
CC_0B7F3B4B32C1,0.2817985644922847
CC_0B830A67900A,0.13960656324237627
CC_0B84250F96B8,0.18406439426550714
CC_0B92212B8E27,0.25422185465129743
CC_0BB43BC4B3BC,0.11990207840138034
CC_0BB992973640,0.06360727330554777
CC_0BBC41297846,0.10378253308430835
CC_0BDDB468A1E0,0.3098572511338638
CC_0C00A631C2B4,0.08535377204575476
CC_0C011AF6C857,0.34946705150884944
CC_0C0459AB67DE,0.14198547667296058
CC_0C18B07E451D,0.1251478956077392
CC_0C19EB845CA2,0.27148083964936165
CC_0C1A736F37CC,0.07942375052282151
CC_0C335C9D86F7,0.7723837022695628
CC_0C4C24D066E9,0.17018014935737835
CC_0C5499989AF4,0.164879159431414
CC_0C95548CC1BD,0.1451875844288737
CC_0CA2DE660B41,0.19367546799146293
CC_0CA6D8CFCF2B,0.22682626410467094
CC_0CA9DF9C5C15,0.06451990374262245
CC_0CA9F52C92A8,0.19014463480484203
CC_0CAFB6C41CE7,0.1297411009970516
CC_0CB27D5313F1,0.6086877877117172
CC_0CC9DDDB8B44,0.041554331681273864
CC_0CCA18595BA5,0.261693808108921
CC_0CD90568D3E6,0.20745508048946004
CC_0CE0D56B0584,0.07641995735511975
CC_0CEA028BF961,0.2469281448146513
CC_0CF67D68AF16,0.3497292597952594
CC_0CFAA0FB0691,0.05610749659752401
CC_0CFFD2785D2D,0.09489200126487812
CC_0D28AF91CE97,0.13821521979954834
CC_0D34E55A580B,0.11592654516725098
CC_0D3663B6524E,0.7389682215421824
CC_0D3C2864ACD2,0.34420955625413835
CC_0D5F4BE8132C,0.16135176425632966
CC_0D6D5ACB0889,0.22046256768353997
CC_0D7BFE8CC0D5,0.1205544656940988
CC_0D8852AAB481,0.21006453034394457
CC_0D97EF394C79,0.4164383812021088
CC_0DA8FDDE6DD0,0.05946814583986719
CC_0DABB89E37CE,0.0847822776884917
CC_0DAF0F2FAA86,0.09231738791030368
CC_0DB9E5F8EDAD,0.0725389090370467
CC_0DBC64F88C05,0.15971885677423497
CC_0DBDF018E822,0.11138839906132841
CC_0DC31A5A1096,0.04864874424972621
CC_0DC3870F23D0,0.043519546669353974
CC_0DD39F5D7C0D,0.06936450441975159
CC_0DDC2C18BBDE,0.05269249399265526
CC_0DE09CAA93E5,0.1421044921743279
CC_0DEA4477FDC1,0.11844333403908008
CC_0DED63EF6639,0.20342411064787125
CC_0DED7DBF26F6,0.265462839272317
CC_0DF01CD21B9D,0.17916591782477703
CC_0DF6A478C01B,0.223508723513733
CC_0DFE1A3FA5AE,0.16224311570231442
CC_0E07D5FB24B2,0.13689727770317534
CC_0E0CD9F23A5F,0.6869189216776518
CC_0E121FCB1D47,0.08568821996551805
CC_0E1423A4C263,0.19685479133527212
CC_0E16883EE8E6,0.41379364277396813
CC_0E1A2BA1C545,0.22350008589488934
CC_0E2B52BBA69B,0.05760109479147338
CC_0E40BAFC3530,0.16044596159341776
CC_0E48EE235179,0.08106467396393008
CC_0E4FA0FB9797,0.6108901494948571
CC_0E5162F59924,0.7691693841531279
CC_0E5E2FCAC8C2,0.27269003667942604
CC_0E68C2BE2A75,0.1290156886394659
CC_0E6C5A8D8CE4,0.10547716202229247
CC_0E6E9B0E674E,0.09672789877400162
CC_0E746EAD6CE9,0.07866999974326458
CC_0E968E7C22C1,0.289498879790283
CC_0EA1483F50A9,0.16402208864064205
CC_0EA81362C7D1,0.16647347473179602
CC_0EAE97520873,0.33275492252138794
CC_0EBCF4228FF2,0.5071504182793145
CC_0EBDEFD0BDC2,0.07341162790572042
CC_0EC6AEDA63EC,0.2501204585743717
CC_0ED61DD76795,0.09999049693934943
CC_0EE33B1B71D5,0.13560033854771578
CC_0EE7EFF13EBA,0.05662289997683056
CC_0F0F136B0991,0.15072349361025209
CC_0F0FAF218BCB,0.05926642762037478
CC_0F125B48F175,0.09362266771658984
CC_0F292A238627,0.12197686153298604
CC_0F2949A1746E,0.0787909335796296
CC_0F2B71163121,0.07878808827869918
CC_0F393F1DE2EB,0.06789573181612223
CC_0F41B187053C,0.40889049635786945
CC_0F52EDC9D383,0.11441433977719534
CC_0F62C4F36236,0.09714585479248769
CC_0F6A29CE5D45,0.17646436378930247
CC_0F7C0515A6CF,0.15173766591117258
CC_0F8D6C89202F,0.16047542514045254
CC_0F933684CC08,0.17262533495077925
CC_0F9BA54F2AF6,0.04670824243364384
CC_0FA06CE7FAE8,0.044012299928542206
CC_0FD25AA655DA,0.16448526503709315
CC_0FF5570E06EC,0.6870645552418595
CC_10197FE0E34B,0.671388619125938
CC_10355B5718CD,0.10203915226208676
CC_103A9D18EC12,0.15789545808649064
CC_1040DB6A21EA,0.11952954177641589
CC_104D2B84FC4F,0.036924556096174205
CC_104EA2802A11,0.09091334972610526
CC_105777B1BF91,0.05876789857439485
CC_1059F1B6C0C3,0.15751262207663647
CC_1061947FDD14,0.05874238232125819
CC_10689257E68C,0.3816652583387432
CC_106BFCFA7D7B,0.03557433881898502
CC_108FA04AC10D,0.09172254604720712
CC_1092915D0093,0.11387483267002282
CC_10A30F88E157,0.1560359748862833
CC_10A657027AC9,0.7159858075122976
CC_10A6EAF27BF3,0.04365267491073049
CC_10B148BED568,0.4022768305996055
CC_10BB7101F191,0.031504858037172824
CC_10BC5BC3A9AD,0.3767414724356301
CC_10F27C70AB99,0.1041354545576534
CC_10FADDF63CDC,0.1708650750519598
CC_1107D9301AA0,0.08410958883897482
CC_111A6DE5D9C7,0.7368023665424356
CC_111DC3B1756E,0.26344727267802004
CC_1131156CC6F6,0.16205025112461385
CC_113B66D5D5D9,0.10420581076382558
CC_1143254EFF36,0.05344883821303824
CC_1145E5277FA7,0.2727749400156052
CC_11521077BBB0,0.1474182788345763
CC_1154861ABCCB,0.5886029687386096
CC_115BCAEAE2A0,0.09856758466450569
CC_115BF13E8BFC,0.2438792211857177
CC_115EBE5044BD,0.3732430754541517
CC_1165AA07FC47,0.7252319159285605
CC_116EE8219753,0.05528539847540713
CC_1176FA3233B3,0.04906991736214103
CC_117C2A1587ED,0.09185684305528513
CC_118C0A1D14B2,0.29612426724906604
CC_118ECB589F3C,0.11013044532487562
CC_1190F13FB1FC,0.12296007164145933
CC_1192EEC65A1E,0.21638291796010098
CC_119B1FEC4D83,0.21895404932338858
CC_119C413C2580,0.139452521230488
CC_11AB74142A2E,0.7955603704896583
CC_11C8A291FD11,0.14830475583079272
CC_11D1E9C39E41,0.0641862962247767
CC_11D600EE1BD6,0.18784249258636226
CC_11D7539AC69D,0.20641649757056607
CC_11D78BB50016,0.15247632480023177
CC_11E0C583685C,0.12228914496827392
CC_11E0D2F15AA1,0.03467682490115412
CC_11EDFE67C719,0.6676256532647765
CC_11EE85F284B8,0.22220558076759406
CC_11F700202C6D,0.168773488521466
CC_11FB668DF543,0.1046252525563586
CC_1209FA26609D,0.0331241054094385
CC_120CA1B916D0,0.13464636466060914
CC_1210186F4D33,0.0781439298085781
CC_121F621374FC,0.24356355960605822
CC_122532C1FBCB,0.12986343625009839
CC_122B19CBC88C,0.665545572378202
CC_123C7F0111C7,0.5974685909236255
CC_1241EE42F174,0.12991667160769468
CC_125B7100F1DD,0.13264383079481193
CC_1263B255B3B5,0.16598301345086425
CC_12878596E940,0.08807236554928609
CC_1298ED71A9E0,0.05797225597766008
CC_12B555C6F086,0.17455600485028253
CC_12D22C629874,0.18560225184882098
CC_12DD89EA0C14,0.1931401129477139
CC_12E24CDE2684,0.18518168251828096
CC_12F3B7309455,0.618067495884498
CC_12F8E7A4BBE5,0.3595120113254694
CC_12FDEAE4873F,0.18920913178099452
CC_130F7B067939,0.3604471946247513
CC_13209EDC85EE,0.6650644555842802
CC_1332B6F0E543,0.22866865830696642
CC_1334E256AEBC,0.6013961932856513
CC_1337726B2AE6,0.08807343036527038
CC_1338237BF402,0.22074893145093327
CC_1341DF38D9C1,0.17598804707572088
CC_1342F868176B,0.6900268840054029
CC_134651CCD2F8,0.15650336047802105
CC_1363E3090578,0.06282440601098979
CC_13736493B695,0.059594557804097364
CC_1392DE633D4C,0.24822591955534978
CC_139ED2E0AD76,0.0888055484697012
CC_13A5383EA098,0.6481581518232635
CC_13AA272C6861,0.05784881086349339
CC_13B74E4EE3EF,0.1837430322744381
CC_13C437E86B81,0.5149629993503501
CC_13D61B077E7C,0.07650719956564503
CC_13D7115A8FCC,0.1947715511542722
CC_13DFE319B21E,0.7695407266058295
CC_13E0F0B3FAE6,0.22011523774366715
CC_13FD88C2920A,0.7029947001111582
CC_1401CB818627,0.19520499236711888
CC_140B86E74F74,0.7741578011093249
CC_1452A0B69085,0.04343973445695738
CC_1458CA7329A7,0.23600027932292653
CC_1459E7125AFB,0.09097280462439386
CC_14633EC7F622,0.4243285633788405
CC_147B1B30DE7F,0.11406275647269988
CC_1484511F54C5,0.28079078542378555
CC_1489A941A69B,0.3077634606345402
CC_14A8B16706E9,0.08824261577719289
CC_14BE52BADB77,0.0974195984608
CC_14D53413FBCE,0.3260553529275876
CC_14D59B58E51E,0.1487237251477337
CC_14D964327B1D,0.0661210689345724
CC_14F5D06CF093,0.13442328902244938
CC_1501D63D5A80,0.373362359152815
CC_150E3A0E5084,0.18599010558690574
CC_15152312AC56,0.06378056663265713
CC_1522BA0411C3,0.06567165684945753
CC_1534B0241A1B,0.051495610071853354
CC_153BE2BEB74C,0.13529337249067158
CC_154BBCD4DCEA,0.232986516869439
CC_1552EC27FC0C,0.6985473059243323
CC_1566BFF4BCDC,0.3470698600870925
CC_1579BD86A63D,0.3190396211808466
CC_1583CFD90530,0.2792393096207203
CC_1584385F38C8,0.07174062018548409
CC_159656F13BE8,0.100538895180467
CC_159B6F6AAF1E,0.07591838712427092
CC_15A4934FD96E,0.11573228483434934
CC_15B2140CE869,0.098842702296919
CC_15C0972DE384,0.6697535085189944
CC_15C0E30FF2DC,0.11984481085311227
CC_15D617FAB434,0.055885832794622906
CC_15DA0F4FFF0E,0.3164846888229518
CC_15DAE76D15DF,0.05291094267193629
CC_15DC7C139EBC,0.36483901203946556
CC_15EB741857ED,0.06960141194097536
CC_15EC51F4C521,0.3192665163702939
CC_15F6259C7C53,0.07859479661702569
CC_15F7C012E10D,0.47389536640275154
CC_15F7C1BEC28F,0.1942417839667688
CC_15FF58854AEA,0.2584113989616932
CC_16035CDDC2F6,0.15167601738700998
CC_16095572722B,0.05410820621765196
CC_16109F1CE0A6,0.28553823158673886
CC_16150E74E4DA,0.15674037713965205
CC_1629E47AFBA5,0.0786405111837074
CC_162F4582D06D,0.6079289531869201
CC_163194DFEDDA,0.041926365065644615
CC_1640F01B7730,0.10075125554571636
CC_16460554039F,0.029321520240363465
CC_164D308CDE41,0.22455411383099338
CC_1661041F819B,0.7589155104679437
CC_166829780A76,0.12896742180052959
CC_16798666E855,0.10335492173433303
CC_1684B5493414,0.21544091919513295
CC_168A8907C8F4,0.07224343068607958
CC_1690EC56D088,0.06130534589712221
CC_169853EEAB4A,0.09401494587853088
CC_169B7FD839BA,0.14438497312459522
CC_16AED1A3008A,0.15867922730653658
CC_16BAC7837C73,0.17848421563129707
CC_16D57E1EEA01,0.1361214846243773
CC_16D833E56D7A,0.18039543507150935
CC_1702487A047B,0.15998879262734284
CC_17029F78E70E,0.05716181724614928
CC_1702F3E986AE,0.07374121784442834
CC_1707181BB559,0.043422211601358326
CC_17117BF03935,0.25657201617180037
CC_1723E40C3D40,0.19760509039859786
CC_174FBBE9ADD9,0.20631779317404328
CC_176E6E58FD1E,0.11807150352924567
CC_1783F37259BE,0.09160177566534751
CC_178B135605CA,0.08834611324413114
CC_179AA5165026,0.35313118842610935
CC_179DBA1C4CDB,0.3174062514268715
CC_17A1090B69C9,0.09365255528568148
CC_17AA1A4C904D,0.19957788962735126
CC_17B06C06FDC1,0.16085059547014155
CC_17B89AC1FD03,0.2158669796614497
CC_17DC33AA73F3,0.06722998107418092
CC_17DE4D267831,0.09746997522109788
CC_17E929BE0344,0.35483339427924443
CC_17EB83DECE5E,0.44243321081544934
CC_17EC9982E5A6,0.14093321831314787
CC_17ED5555B4FD,0.2383491379646425
CC_17F4292DAF8D,0.10026030816878975
CC_1807B0980C86,0.06737850174418662
CC_181354A58B53,0.08037575658581173
CC_181E7266E018,0.09714123314853221
CC_182AAE7CC3CA,0.5287649081552368
CC_183EDEDC5DA7,0.09888426675887316
CC_184C47552665,0.26006345194379
CC_185A7392A475,0.27186198148305313
CC_185FEFD3233A,0.3815817715562363
CC_18676FE5FC07,0.07168660449243718
CC_18776C4FDE28,0.0920117431634466
CC_187A8AECEFBC,0.14488454953521623
CC_187E7D0B4E82,0.7228550291475982
CC_18839D393105,0.16513938346092216
CC_1888476F6CF3,0.15260490274245825
CC_188B1ED2AAA5,0.32779694240281887
CC_18A4257C3172,0.2873764606515493
CC_18A7929D9FC9,0.26537157489183705
CC_18A8695F185E,0.10756272533266889
CC_18ACE64E8F74,0.19127158697998592
CC_18BF4A29BB38,0.1364456742224674
CC_18DE36F7D294,0.1620440584676851
CC_190EB07AC1FC,0.12578378013947472
CC_19219F2C60B7,0.1533061259625327
CC_192262DB0B0F,0.08641692859668469
CC_1929746E06CD,0.6063250321262454
CC_193356E72D61,0.6887571685507846
CC_193938E8EA40,0.18378651337548418
CC_193C60092202,0.5401084364032951
CC_193F669537D1,0.1501130143730804
CC_194E13150BE5,0.048556851968329234
CC_19556DDCCDB3,0.0392330378384827
CC_195A6E9B48A2,0.14601855089933868
CC_196DEC616B33,0.08928091715236977
CC_1978B23D64A8,0.12822914003136843
CC_198562A4BD86,0.13833785270101284
CC_19864C9572BC,0.17506872707760177
CC_19868B6887C9,0.12894795908941828
CC_19969E05AB2B,0.17555153039316812
CC_199FC89885C7,0.12103140885187713
CC_19A40411B404,0.26195444542585994
CC_19A6D9B60B29,0.646678219999359
CC_19AAB010550E,0.06473305039891153
CC_19B4743DFEEC,0.0764640939915665
CC_19B95A61D757,0.17137122080522332
CC_19E6A00F6A5B,0.08112958245979957
CC_19E8DEC29F47,0.596126700617198
CC_19EA54976042,0.1565138980680667
CC_19FBBEA75B7F,0.14694426168261376
CC_1A039E58840A,0.0558931989888479
CC_1A075331756B,0.13011272944640362
CC_1A1E1302C432,0.1664255759153056
CC_1A37690EAEDB,0.16891617759061545
CC_1A3BF9F5BD42,0.13681364307279203
CC_1A4268FEB02E,0.18674861402065399
CC_1A5F8618A912,0.32988258021320316
CC_1A659D4D521E,0.42107055089854617
CC_1A879655902A,0.07013281607180678
CC_1A9F6DA46BC2,0.13587966451468356
CC_1AAB15E81743,0.03155464489830202
CC_1AAC389EF8A2,0.25571184895027765
CC_1AAD0CE365D9,0.12796770614864958
CC_1AAD9152C90B,0.05366413485145746
CC_1AB15BDA9296,0.06654155182960265
CC_1AB8BDA3041B,0.17442895955519655
CC_1ABB9CB074E2,0.7311197955559936
CC_1AC1B1A3978D,0.054478131961776095
CC_1AD20D1F9C08,0.7278765205709719
CC_1AD881A90D1A,0.3040349871222832
CC_1AE9811724DD,0.7652592245162873
CC_1AF1AAAB9D12,0.7611789823420819
CC_1AFCC4D0ABD4,0.1598725742428267
CC_1B08ADAFD1C4,0.1705898140711794
CC_1B10139C7917,0.11991293008777704
CC_1B127133B948,0.15686951109189262
CC_1B25964EA376,0.14363410227689172
CC_1B27A85C7244,0.1933043457835591
CC_1B29F4378A34,0.11915549012360882
CC_1B2EC0BD0677,0.38008140786255384
CC_1B4AAF37FB97,0.08981122113440664
CC_1B5E792F6E6C,0.2918888834520537
CC_1B7166DAA790,0.15255446849603602
CC_1B89FD901C95,0.09102969695388657
CC_1B91E3A70338,0.06700291635704553
CC_1B9D9B7184F7,0.1678787721202332
CC_1BA3FDD92B1B,0.05541342455500477
CC_1BA9B3D67170,0.13861456101388506
CC_1BAF97E2BCF2,0.10195512825260794
CC_1BB7D8A54021,0.09690538845773251
CC_1BD548A5FEF3,0.118545749569943
CC_1BDF1893ECEB,0.2594269751991299
CC_1BF117A8AF9A,0.05638977743769953
CC_1BFA7E407428,0.6905608466505431
CC_1C0066F472E4,0.6793588474972312
CC_1C09CC2385AF,0.06908121261648378
CC_1C11467AB472,0.6514243860412738
CC_1C1627B7EE6E,0.03916983832928454
CC_1C3259B85E28,0.17808770011029698
CC_1C334ED885FA,0.036120433313167666
CC_1C376760FE39,0.0804910401347659
CC_1C39A1ADF3F2,0.15047316294985605
CC_1C450FC77478,0.1215779104819181
CC_1C48409023DF,0.40139567971142076
CC_1C4D03324C60,0.3599608208672236
CC_1C5F1E1028DB,0.038483530808636604
CC_1C6681C0AA7A,0.7850977050023753
CC_1C84CFE19CDC,0.20451055137519178
CC_1C8B3F689C6D,0.2169355770444853
CC_1C95674B902D,0.03688058460389769
CC_1C9A4C11F28F,0.168441451957133
CC_1CA3F50BABEA,0.07752974865183725
CC_1CBF42D35AED,0.6225535586998829
CC_1CC11BEADBD5,0.1415934497267205
CC_1CC3CE396A8A,0.21853675646567133
CC_1CD2B13C2E6B,0.08239796821933015
CC_1CE0B37CA670,0.09514592370720462
CC_1CF5A99FC068,0.13361204082749636
CC_1CF71AEB6671,0.07880346495906569
CC_1CFE066F5EE4,0.18946568711021577
CC_1D00B360809D,0.073597048730977
CC_1D1173F82F2F,0.11038801792406598
CC_1D1E06E0B393,0.16673658315593876
CC_1D2789866B1B,0.0800760681662401
CC_1D2DD7DF781A,0.20888831394045876
CC_1D313498A2DF,0.17703435005941198
CC_1D68396533F9,0.3296856426854061
CC_1D7235BA1EAF,0.18826299413975364
CC_1D7ABAF9D080,0.038053408249239265
CC_1D7FA51D0D7D,0.4765955027601607
CC_1D8CFB3589AE,0.057931353757277655
CC_1D9421A6EB19,0.31394090466807406
CC_1DA0AC68719F,0.34349970110904166
CC_1DA366D588B6,0.11897170873785223
CC_1DACBFE0296C,0.10577048746944176
CC_1DBD6A716910,0.6504126025735073
CC_1DCB75B5CBDE,0.340687081291424
CC_1DCDADBC0E90,0.43993727069422117
CC_1DD11FAF43E8,0.13207965567703778
CC_1DD8064E71C7,0.18023264061234295
CC_1DEC926EE25C,0.11841635390813719
CC_1DECBAE4FC5B,0.060519236785442236
CC_1DFF80E6D4DF,0.059782802052049444
CC_1E025C3597E7,0.2687678326594575
CC_1E082052CCBA,0.6366669340060475
CC_1E0E30441DD1,0.2094494473500464
CC_1E20E200611C,0.14966015630220672
CC_1E354C75EB9B,0.027492046320784592
CC_1E3B2C15EBCD,0.17490784320690983
CC_1E4DF11FAF55,0.15138857418497095
CC_1E4FE60DFD8D,0.7261657397848422
CC_1E5A648D299F,0.19232214112848386
CC_1E6C0A8B3841,0.6474624994348112
CC_1E7FA6E807A3,0.2232465584158148
CC_1E93F760EC93,0.2603433220093556
CC_1E99F40FA03E,0.07813957278438224
CC_1EAD09DBC23F,0.22113471315480399
CC_1EB3D53252DB,0.25795358075737485
CC_1EC889E04D69,0.10373421274878997
CC_1ECCBF6853F6,0.4704621337989407
CC_1EEC4520436C,0.1644144744357377
CC_1F2827DC99C0,0.17772367103478284
CC_1F2C184C5227,0.07107030080297264
CC_1F3FA8091B02,0.13338472272157167
CC_1F4E07BFDC8C,0.04775054926124053
CC_1F4E0E9B54BF,0.0655142612969518
CC_1F55738A6A27,0.3574448734162177
CC_1F65276D0EF8,0.11925171987459535
CC_1F65C797BD40,0.06191286435610281
CC_1F668C0AE868,0.08669318738375793
CC_1F6B19A04BD8,0.05014746751599553
CC_1F945A60367E,0.46337714122700535
CC_1FAB6F11DFCA,0.7158577666197818
CC_1FACCCE95224,0.29362607934346285
CC_1FD010E5EA82,0.0697794764344974
CC_1FD2B7BCCD20,0.7213482420677866
CC_1FDAEC3D5CBB,0.10929562346695548
CC_1FDC65FE3DBE,0.13281600619662265
CC_1FE696D8A81B,0.06366483946329643
CC_20027685F59C,0.7667456307769724
CC_2009F3D77774,0.11952028784691776
CC_200C552C40F3,0.11369960522994317
CC_201459527065,0.11354258619632576
CC_20275029A688,0.06490108919952241
CC_2028DA597C34,0.22649454133669578
CC_204E557E5046,0.3880342823289439
CC_20542CFCFB39,0.04075746361436735
CC_2060F813C9B2,0.254515784087269
CC_20813A9A7F71,0.10565078978424214
CC_208429A11E2F,0.1715774239840322
CC_208B0FE7CBAD,0.10940630623471492
CC_209A511030A7,0.03311252734343647
CC_209DD60421B5,0.06278488535205479
CC_20B26D646D62,0.15394635383388533
CC_20C47966B174,0.2185584145783999
CC_20CFE9681E4D,0.07749481074784559
CC_20D4DB0F3E3D,0.04057669492880696
CC_20DD84CE3CA0,0.10224338004080386
CC_20E57CA675DA,0.6094474648069604
CC_20F129FFBE00,0.25681934591488187
CC_20F4E0F62D2C,0.05969044747477979
CC_20FEE0B2130D,0.6233354206424007
CC_2111B298C212,0.09943552540559866
CC_211315AD7633,0.24073206513306233
CC_211504721E27,0.15554574662376094
CC_2119919BCB4F,0.790400771202994
CC_21375C9ED931,0.19303126846949253
CC_213D2A5355FB,0.22296911992338098
CC_214B50E48E94,0.1654834018927931
CC_215F86D986BA,0.1358243718835026
CC_21600308F496,0.042128254029898865
CC_2166F3F6344B,0.11680217868590963
CC_2168BBB42053,0.1366794690754163
CC_217030CE0127,0.04126674647155798
CC_2179067B405D,0.044729435911798454
CC_219B59B67193,0.19843105348163836
CC_21A9E8DB58FE,0.1438174049095664
CC_21AE679C5E95,0.24159499612567006
CC_21B98D13174C,0.10710329097503819
CC_21C81BC15002,0.10315522182386917
CC_21C9B26CFEA3,0.062825184302168
CC_21D22081A4CA,0.7479885381961449
CC_21D29CD736D3,0.32656906661047885
CC_21D3CEAF838E,0.19129101425918418
CC_21EF792A3811,0.5924957447412535
CC_21F04E996723,0.3596386517557799
CC_21FB6C8AB8BF,0.4390614461544122
CC_22067686F6C4,0.7079869392749731
CC_2207A39B7BB8,0.1258124908070412
CC_221053121AAB,0.20951149370081829
CC_222423774191,0.07344706212643529
CC_2230EFBC99AE,0.410874361784842
CC_223BDED2A465,0.24838054177858493
CC_223E3CA7A07F,0.1845865468187205
CC_2250B42E48B2,0.10637072950546245
CC_225935E43583,0.14059029785847088
CC_22781E93CF84,0.1773726221976859
CC_22784AF3CB6B,0.45773461705759755
CC_22831690395E,0.23010023135347796
CC_228E6CBCC935,0.6328607808664292
CC_229338EBBA6C,0.0842389688006202
CC_229A63057E54,0.4941007888154565
CC_22A2D8A4B437,0.08402265584672015
CC_22ADE1EE9BC7,0.128108372272677
CC_22B69E7C415A,0.03838315755182733
CC_22C590B43FEF,0.3223386619607051
CC_22F06379D8FD,0.032543954125232186
CC_22F282264A1D,0.11514477449514515
CC_22FBF5F0E1C0,0.2239638556468937
CC_2302088175A3,0.25666962171743535
CC_230672EAA654,0.0292197284559109
CC_230870B121F6,0.16937248258451942
CC_230A051B2B3E,0.04599181488211511
CC_2316F57AFB7A,0.08048170223261675
CC_231D091FCD1D,0.055678744865801766
CC_231FDED1781F,0.23104051176808454
CC_2320053D1183,0.05850565628022045
CC_2320AF507566,0.17052108777140307
CC_23321FF41C3D,0.21292694450863453
CC_233470D6BE72,0.656327764998754
CC_233C8EBC95FC,0.36182481456860305
CC_235F99F13500,0.1286422809831122
CC_235FC02CA52F,0.2123437497622051
CC_236C80CAF53D,0.1941291246880007
CC_236E7222D97C,0.07727363419757687
CC_237B86FDC93C,0.06476990276032923
CC_237E7EB2D7D8,0.08190875726283445
CC_23830081EE1A,0.673570116665966
CC_23894AAA08DB,0.5258030334589825
CC_238CBFD6E20C,0.37662763706113755
CC_2392A4A79C9E,0.034438707258414955
CC_23A474D43C73,0.20257098413898322
CC_23A9CC59BA0D,0.02406276981072354
CC_23B158D8306A,0.14125232806615062
CC_23D147F1870B,0.18428393384683112
CC_23D2E73DCFCF,0.12797085578023254
CC_23D9103D1EAB,0.02853304893029046
CC_23E142182F2F,0.6808524658452928
CC_23E43713A108,0.03858313000486504
CC_23EF2911610E,0.48038548318636676
CC_24056B76BD7D,0.04666853897352488
CC_2416ECE66177,0.12382644350182094
CC_241E65816FC2,0.07439446259877878
CC_241F7E97FBDD,0.05697025134738629
CC_24217201D7A1,0.38887740074376315
CC_242301FCCE50,0.05029959142885858
CC_242C69CF0B12,0.1224154695214349
CC_243B23702DC1,0.1667820218889378
CC_2456B9C796E4,0.11483647616393663
CC_2457D89CB88B,0.591150130234549
CC_24667210E2AF,0.20117942677647607
CC_2468D206CAEA,0.06231621165943991
CC_2469630A4F86,0.3337004689592093
CC_2469D83D9594,0.035535858321642765
CC_248C65EF54A5,0.6388874438685852
CC_24BCCA7941E8,0.10565914336248886
CC_24BDC1CE2A3A,0.19492451616934797
CC_24BFCCDF957C,0.044032868258080615
CC_24CC8A1B1CB7,0.13865290806130393
CC_24D4B1852554,0.20900562958352298
CC_24E65FA5A32E,0.1407767240617026
CC_24EF3EDB6857,0.04212607415196755
CC_24F15A19D648,0.19496105667189362
CC_24F2410B5A19,0.12314689925770361
CC_24F27E7DE1C6,0.4788682641433028
CC_24FFFD0C983B,0.03865920378425154
CC_2504E9D5D5E4,0.11639397709849256
CC_250F6A0DB62D,0.05202665425450881
CC_2520E13DF0A2,0.7435260360392619
CC_2539C315029D,0.2804802439875898
CC_25519ED78507,0.1914726992310522
CC_255D49296DB6,0.11539689904634584
CC_255DC60FF5BD,0.04648856160350643
CC_2563C9EF9D55,0.062333644709937186
CC_25756EB9651F,0.12790817811892866
CC_257CC46D379B,0.4185623065621612
CC_258D5F80A933,0.6976003909879827
CC_259D87270257,0.21817201103867845
CC_25A41AB21C94,0.24082736209468317
CC_25ABCDCC8B71,0.08668571523599429
CC_25AF0D0569B5,0.06726348064153885
CC_25B61D393144,0.13877924584002066
CC_25B95D7288CB,0.39165383412194177
CC_25CE2F2F13BE,0.21525069048946652
CC_25D1A5971976,0.33521027218657573
CC_25D411B46F00,0.7500088376651011
CC_25E7A2DC5E41,0.06179428445927798
CC_25F4C8E51AC2,0.5313732639214667
CC_260323EFB122,0.6008876540858755
CC_260F10484312,0.052690483887629425
CC_2610D0F1D0A7,0.18494617288294657
CC_2615866F35A2,0.10506604310746567
CC_261DA4E8DBEB,0.11400646581867391
CC_2628F00B0745,0.3583880593999656
CC_26338E9AD15F,0.13978067820810286
CC_26346B99BDBE,0.6574188146758133
CC_26351DBC1AF6,0.12724630200732967
CC_2637397AA3F3,0.6002995300659231
CC_26675C32611C,0.6725962686980084
CC_266E49E49071,0.19448842463133006
CC_2696368A4DC6,0.02776935521983309
CC_2698641B68A5,0.13716992918575627
CC_269C5AE6A1A3,0.6743139328122467
CC_26A06AD1206C,0.746130004620673
CC_26A358B0C10F,0.1583095635867106
CC_26B07CB02EA3,0.631636266623137
CC_26B638BEA8CE,0.12724727657342233
CC_26C33B649FC9,0.05214100554074471
CC_26D5B969A36F,0.3056400898998904
CC_26E3A1226C2D,0.15550384725432825
CC_26EEA3F0224A,0.25832714854177063
CC_26FA5E5A718C,0.14765952263976537
CC_26FE119D4919,0.061282000603230066
CC_270B462BAEF3,0.032009607838844496
CC_270D929FEA9F,0.0779176018622701
CC_2731AD82BA11,0.22221160376142005
CC_274144AE3E86,0.17186342566411963
CC_274AE6E82879,0.17448154768588003
CC_2757A490C5E1,0.09120954509546896
CC_2766F6011BD0,0.3903621949470212
CC_2768E644C697,0.056286000446276324
CC_2770DF70328D,0.061625132821978734
CC_277503968C44,0.5156389329485923
CC_277CE974AA8F,0.2523885841009674
CC_277D246E39B9,0.19842922807697136
CC_27A1CC725B7A,0.06420697855466825
CC_27A798829CA8,0.7776979498087633
CC_27C938FC8DC6,0.46611394138575557
CC_27CA2D819E7A,0.06687150412170356
CC_27E3712F0E38,0.13063744496250176
CC_27F3B3F43FF9,0.03428678306415012
CC_27F9832EAB8A,0.4517385713375541
CC_2809CC131F3A,0.6755930991025237
CC_2812523510C0,0.16821816481044582
CC_28151C75756D,0.039941809534483716
CC_28203CC976F9,0.10695768981547851
CC_282AFAE06F96,0.0889952782723652
CC_282C2404F4C0,0.06631858931754822
CC_2834BA2F19FC,0.196948443188652
CC_28432E22F47D,0.5883787644445524
CC_2844882CC439,0.05462133750956538
CC_284F79726032,0.3993892314992165
CC_28544783AB15,0.48335550484124795
CC_2856104729EA,0.7104836019283745
CC_28625CD86761,0.1792539536286431
CC_2866BDB46FB1,0.08514321126487868
CC_2872415C6B36,0.0768263123738085
CC_28752737647D,0.6498557300190619
CC_2875C281EE88,0.05421574901743873
CC_287E3E9EDAC9,0.07838421275050472
CC_288A2C49D62A,0.046828805353954464
CC_288FA8CD819C,0.19938125880919863
CC_2891894CCED4,0.06438012201487998
CC_2895608A9699,0.12752511451956255
CC_28A2EF7926AE,0.6155454519593706
CC_28A7DBD2B710,0.1687833708777488
CC_28AD81DF2C51,0.11259318206481236
CC_28AEC29CEC25,0.12864865988899432
CC_28C1C3DF7928,0.11139178264910998
CC_28CA76962EC8,0.16038168257265295
CC_28CD47803B6A,0.06956126762447234
CC_28DF569DBBE5,0.07966135716875926
CC_28DFE611C657,0.0943000050421545
CC_28E11E6A6C8D,0.18551826469806013
CC_28F58ADC7CBC,0.11845069122650016
CC_2916479EBC84,0.1026908218228989
CC_2917C6CB0B2C,0.14876988110874786
CC_291C7830D4B5,0.3725480667463815
CC_291FE1744E5F,0.07310583552345296
CC_293124F1ACD1,0.12958274250705204
CC_293C2D704AA9,0.34425045249094205
CC_29432A6B2555,0.11424562326789403
CC_2944B427406C,0.18414428423941548
CC_29468B7035D6,0.1237021343651238
CC_294A9A24E473,0.04242455552854699
CC_294B94EB0E07,0.24323595469072273
CC_2967C29E4C3A,0.12655943310368548
CC_29716D5835F4,0.19937121293553692
CC_297179FF2BCC,0.3914946313271771
CC_29803690C939,0.20207227815906492
CC_29821539DC4D,0.14195296149580117
CC_2983C1D2A273,0.1665301731009291
CC_298CAC5A1868,0.6426786758048539
CC_299EBE0FB429,0.1547473993906579
CC_29A1C0073882,0.46414629734238766
CC_29B6065F187B,0.3308118432248881
CC_29BC66C10F87,0.681983198439452
CC_29BF3C3D9682,0.2068264892006551
CC_29C4425FB2DA,0.18526223148490079
CC_29C5D0D72D61,0.13149953934121217
CC_29D65E313500,0.1164629199646607
CC_29FD856F47A5,0.7361582225889978
CC_2A097F88615A,0.09181190668870948
CC_2A0CB4CE1A48,0.22159351025142143
CC_2A14C1652D6D,0.20577300725561243
CC_2A1F96F80938,0.11168384245217569
CC_2A23F71805A2,0.13284205954980727
CC_2A2BF2FD0498,0.14583108576380577
CC_2A358A1D3DDF,0.6369881852879122
CC_2A3E371F0DAD,0.2345332786210199
CC_2A423FC8A330,0.3142692885917293
CC_2A43368D54F9,0.5287604203665346
CC_2A47A21C0E07,0.6736675340728928
CC_2A4CB02E7A1E,0.12844213242193117
CC_2A510080BA29,0.1730319432151491
CC_2A5316E550F0,0.08631670853101164
CC_2A59695EF90A,0.5799434538338425
CC_2A606D00CC46,0.051431744202320225
CC_2A6C69145AE0,0.07169626511912257
CC_2A6CD71471A6,0.11338047931639578
CC_2A70D6EF64E1,0.09389661283369598
CC_2A844754AE67,0.5910242854418437
CC_2A85A7B242FD,0.16679558836972852
CC_2A9A51067D7F,0.14016896371699306
CC_2AAAD4020436,0.2080835356877866
CC_2AB62BCF3704,0.0743074508294807
CC_2AC1C8DE5649,0.10466086357289467
CC_2AD10D78793D,0.7094595161866264
CC_2AD26446A7AE,0.04068844522067218
CC_2AD2D35975D1,0.08791732671274236
CC_2ADA07B0211F,0.2967483141245071
CC_2AED2D284351,0.32067210444820726
CC_2B01FDE2552D,0.2483970716869133
CC_2B06DDFD7F8A,0.07400047425623169
CC_2B08FBC0A948,0.16462588641717663
CC_2B1914218468,0.7435269846430241
CC_2B1D93E12DC9,0.1829369033975266
CC_2B248C488918,0.09542279468153847
CC_2B256891C60A,0.6137273864467582
CC_2B2801591A25,0.404469219468713
CC_2B2B7CF1E40F,0.10389108494032756
CC_2B2F4204834B,0.21934635002320593
CC_2B5443C7AB87,0.07739415915121928
CC_2B5D780AC244,0.6603766435731455
CC_2B64E67CFF13,0.05919981586449561
CC_2B6B872C8D21,0.06589238148047516
CC_2B85D931F011,0.09671935553263766
CC_2B959EF030DD,0.1444774172843055
CC_2B973D1AC16E,0.12573464443197077
CC_2B98983C2687,0.05229103940890033
CC_2BA581E7B8D2,0.08865042413725471
CC_2BB2C432C369,0.10422803949840845
CC_2BBE19587CD5,0.0915568249960231
CC_2BCB838A9581,0.15664220198683484
CC_2BD0E9336EB4,0.07232567490549799
CC_2BD1633FD528,0.08920881036697872
CC_2BD58FC8C2B9,0.03178983663273629
CC_2BD6083CAB0B,0.7787911140802007
CC_2BDD47B177E5,0.7845445316825396
CC_2BDE889EB05C,0.25345367485888093
CC_2BF8DB192A49,0.6336924928563011
CC_2BFDF46F3AC2,0.11972555795763651
CC_2C00CF2FAE22,0.14971018161077593
CC_2C06DDBA1073,0.3603059335401805
CC_2C16C7838FAB,0.7897125609712881
CC_2C263A1A732C,0.16371800320063126
CC_2C34105831A6,0.20615280406407543
CC_2C43FFA06F31,0.09112042035601967
CC_2C4DEE4CA1CF,0.05400111884192068
CC_2C56DB55E40E,0.08015663157028241
CC_2C59F565C183,0.15296372150933052
CC_2C7F54E56925,0.17279236224870786
CC_2C8CFCC646BE,0.031051400396181227
CC_2C91AB1DB754,0.05057120079007518
CC_2C93356976AE,0.3710473973587918
CC_2C9DADC294C8,0.06606360099327181
CC_2CA94231028A,0.24255124155396662
CC_2CC8CB17283A,0.1978018270057721
CC_2CCD42AA2376,0.1308104588831741
CC_2CCFE560A79E,0.06923960195267982
CC_2CED227E5216,0.1279078439809701
CC_2CF326E90715,0.0417828346860801
CC_2CFEA03CC6A0,0.6754436205294531
CC_2D1D032137DA,0.12468023765903767
CC_2D258781011B,0.188918346559573
CC_2D30260A1CEC,0.2125145962689947
CC_2D35C002A9F1,0.1472512744968417
CC_2D45DEA4EB25,0.1538929429009653
CC_2D5494C13FFA,0.09675189357399736
CC_2D5EA2953E81,0.23778085712324917
CC_2D6E7894EA16,0.6521798905213171
CC_2D7DA36360AD,0.2110735037184709
CC_2D7DFEACA38C,0.2918098489187578
CC_2D836654A121,0.14686003295448258
CC_2D9CDFC6C57E,0.7198978687395146
CC_2DAC67585B03,0.18979559681009636
CC_2DAE338809DE,0.29235823811566497
CC_2DB062A18C75,0.49731985131314904
CC_2DB2C55CF89E,0.7677819941226887
CC_2DBCBF870292,0.03300516511463697
CC_2DCBC03B4FA3,0.7397518588691503
CC_2DD78131B5A1,0.11895794469899185
CC_2DD7BCA75AB9,0.12338193313013451
CC_2DEB49017220,0.10549053753496535
CC_2DF6C71ED372,0.16992206875918592
CC_2DFBFA1A4FE8,0.1665495480272769
CC_2E12A41F7733,0.07867566067604795
CC_2E1A348EB1E6,0.10722367136656281
CC_2E23CB0F6F7B,0.3830327586735214
CC_2E3634587158,0.04726390871120099
CC_2E3F4B14D8DF,0.383099494845345
CC_2E3FDDBF4F48,0.19083298002533544
CC_2E61C46BC16A,0.2032343391788036
CC_2E62AEB14351,0.26931540538930415
CC_2E6F1C0ADEB8,0.20356694777980155
CC_2E7415FAB62E,0.073443398754206
CC_2E77F7444FDF,0.035199224139306165
CC_2E78431BE3DB,0.07162056187440513
CC_2E7D44FB8075,0.1815549188284234
CC_2E7D8539BDA6,0.3312163436332102
CC_2E7F248874AA,0.7185290390553332
CC_2E85BB8F3BB5,0.08808759554097026
CC_2E8897E4D9BB,0.25919360708742956
CC_2E8CCDE89E2D,0.2589858627208488
CC_2E927D910813,0.109085706222704
CC_2E9891F5A2D5,0.13136242822285188
CC_2EA56A7EAC04,0.24009963153075098
CC_2EB45D13B248,0.14187764665411604
CC_2EC924B0EAAE,0.10946872903544133
CC_2ECC248C96B7,0.048546499694586534
CC_2ECF0C98B06D,0.3739982867660091
CC_2ED3F6481454,0.14896175400040185
CC_2EDDF0B40ED8,0.16681888037864426
CC_2EE2A139642B,0.13617719226725422
CC_2EEE072DA301,0.1795004701435874
CC_2EFEBB85DAEB,0.16129252993167303
CC_2F133BEFAA69,0.1288617606957041
CC_2F1AAE3B81F2,0.07201459766802383
CC_2F1BC47CC90E,0.03636444853787229
CC_2F2128FBBDDC,0.15560110886972475
CC_2F3D3342834E,0.05707701666149168
CC_2F42D39F710B,0.6095413401185386
CC_2F4AFE398419,0.7437106690903683
CC_2F4C24B38EE6,0.07224489563473249
CC_2F508C0838A6,0.10089721587484143
CC_2F50EC193942,0.22723156177775328
CC_2F5BD03D4900,0.0655570551636564
CC_2F73AF6728BC,0.047555472562193155
CC_2F7EBEAB9CF2,0.2025276528603984
CC_2F9AD2BC25F5,0.06275813856060164
CC_2FA3172ED3FE,0.7027885322242426
CC_2FBEF8808F48,0.16436794939591814
CC_2FC014F0EA3C,0.09312984143983376
CC_2FC3AD2EC986,0.23541064140869958
CC_2FCC82AC097C,0.2612803364866768
CC_2FE2ED7D464E,0.27284131423950087
CC_2FFCC9802D2A,0.17092419667108416
CC_2FFE32627DF8,0.19709229069664394
CC_300BEA90EF3F,0.14411533521114178
CC_3017B64D0364,0.216791888441845
CC_3017E5E87C94,0.15034114964185508
CC_3028375CC87E,0.7876429507041599
CC_302A48CFCEDA,0.08541430145904842
CC_3031F96196BD,0.37913640683558825
CC_30328ADA0AE8,0.1038299445051232
CC_30451015D913,0.02865775038723096
CC_305D33AC15A9,0.7522338975335262
CC_306015CFB66A,0.18502111592130233
CC_306413849CEA,0.4130541369030723
CC_306EF0BC7CB3,0.029495218868421137
CC_3075C5B861A8,0.10051116204268222
CC_3083D9B76858,0.05291612195013567
CC_3096994A495B,0.22083531397298217
CC_30B106BC1657,0.19784373558564597
CC_30B967417C42,0.2090190893175809
CC_30CABAFF5453,0.09142179682538637
CC_30D68208FB23,0.36442969019172244
CC_30E2A90BACAD,0.1865005807840629
CC_30FFD856443D,0.5981726067876207
CC_311EF26786A8,0.0803227422933241
CC_3129843EADE6,0.7303865684834911
CC_312C34EF683B,0.05270880264634898
CC_31302B64C078,0.11585848017864395
CC_31344A25B569,0.029452319044260062
CC_31397A399AD5,0.07488173429318168
CC_3145B5EAD7AE,0.21602621822021909
CC_3146EE0BF81A,0.13061914004259673
CC_314D02632843,0.3270623947069573
CC_315133406E42,0.2581758983612973
CC_3180D1C6FB7E,0.2654024363729559
CC_31827EE8A968,0.2776872687344609
CC_319BE06CC27F,0.03901322291265912
CC_31A0A97AFFCC,0.44610671406795543
CC_31B22116E36C,0.16049577891731476
CC_31C78D9B6494,0.3975724767492593
CC_31D3FA367B41,0.12012603998060226
CC_31DAAB3E6DA7,0.17193432703342706
CC_31E36F666FB7,0.092489849461856
CC_31E72EA14FE4,0.12078722627343738
CC_31FC6DC9482C,0.2521672018125453
CC_32076DA6AE23,0.15234299620533212
CC_3209FA12D938,0.30859540119713424
CC_320E17F947CD,0.4480064732508984
CC_3223C706DD92,0.24301461677176844
CC_322EFB2E377D,0.09449721414332155
CC_3248EB928073,0.09101907747861737
CC_325D5DC52B1F,0.07996353147669363
CC_32662A6DB78D,0.1754241739935279
CC_328DD3BA068A,0.24924665902507095
CC_328DF7798F91,0.1658690731869955
CC_3295CFEB188B,0.08901001285042019
CC_329DC79286ED,0.6604170828053001
CC_32CB77D55C73,0.1317445898063588
CC_32D129B9E651,0.11853898350162377
CC_32DB12551D37,0.6788859441488467
CC_32F00D77D5CD,0.12500344340009967
CC_32FF5F6892D9,0.22042905816387537
CC_3301EF60877F,0.11998009807931115
CC_330F334BD816,0.10780526338921308
CC_331285B3494C,0.2148020636294059
CC_331364283D5C,0.09789317631490678
CC_331718E0F54F,0.1495471773428298
CC_33194D48FF66,0.0810002563801149
CC_331E8B8BCAB8,0.06858185811563018
CC_33254134ABA9,0.7859854057856533
CC_332E42439579,0.10444054765972838
CC_333102AB964C,0.14861732788387472
CC_3338AC0E8112,0.2755446551389742
CC_33656EEDE6F2,0.40618832653654713
CC_336777D934E0,0.44853053681935223
CC_336DBFE464D1,0.5039111026097722
CC_3382BB2F3152,0.13234046057641435
CC_3387207793E4,0.03413821074235293
CC_33992C973839,0.18681584869378406
CC_339C36703675,0.09928795621944564
CC_339CA5814519,0.11165228758941834
CC_33B157F2A921,0.11134475086247823
CC_33BBD10F239D,0.07269650913370307
CC_33D3B12EE56E,0.09104505380686109
CC_33DB68EA27CB,0.10217942842102243
CC_33F0B95E70CE,0.221988002066578
CC_33F40275D630,0.04412769226114625
CC_33FD5DE22692,0.08136426979175992
CC_340961106343,0.13714599170505679
CC_340BB1F4CEF0,0.14549397669413117
CC_3410B11F1FA3,0.1643520238676014
CC_3424972707B6,0.6550478409771758
CC_34452758A645,0.02920031550726459
CC_344D239879D6,0.14122519175901024
CC_34503B6891CE,0.2527169966869264
CC_3451722A3813,0.09267533933926549
CC_34517B513D8E,0.4714870548657997
CC_346ECB4CF2F8,0.10449612175019296
CC_3478E8B6B56A,0.07096841209515381
CC_347AFDE16722,0.07850894536715837
CC_347B1A01467F,0.038469899002375005
CC_348AA62FF484,0.2680092931336755
CC_348D3F098A4D,0.08880398019256701
CC_349290E4D0C9,0.15283083657406188
CC_349347D553D1,0.2674131234349484
CC_3495CE27BB05,0.2479671066351834
CC_34B10A654721,0.13850034760240615
CC_34BD2C5130C8,0.14023585765991198
CC_34C433439160,0.05891466378795562
CC_34CA271F73E3,0.32244121935367676
CC_34CEBEA3B15A,0.07532070910748187
CC_34E58CF793A0,0.15524588312504894
CC_34E6909B6027,0.5383033646380626
CC_34F4292A8B5C,0.2191693731136105
CC_34F6DD223594,0.04777729904714458
CC_3508A7A5E9EB,0.13472443783734434
CC_35094977DD75,0.11755572494957303
CC_350DE157CE6D,0.20700916291733656
CC_351BD5C2EE8B,0.023375734958845835
CC_35486249EDEF,0.17637574729990987
CC_354C9ABE6DDE,0.06274275808154361
CC_35578162927A,0.12348747850101252
CC_357C3E7518D3,0.733931768659075
CC_3584C15BF11F,0.0432510332072063
CC_3588C5166872,0.07854015736612162
CC_35A68306B19E,0.2268235701930424
CC_35BFB3093D02,0.046344792894444084
CC_35C085ED37BD,0.5000525162853916
CC_35C695C13279,0.0627433879312855
CC_35D1668A4C13,0.20722838103813834
CC_35D27495E0CB,0.7884222772320169
CC_35D562E1DBE1,0.7207288987496716
CC_35DCDC74A757,0.4704718026502491
CC_35EC2AB1D1EE,0.1320569252399557
CC_35EEB90317B9,0.5873652775494097
CC_361A9EAF7706,0.30904406217487834
CC_361B968FEB98,0.3047054060230106
CC_361C9FA031A7,0.7590912231691741
CC_3620C5D1B3E2,0.06501347932579704
CC_3622D7221940,0.03642400878591395
CC_363175E92F74,0.31807211877450864
CC_3638C9146BFC,0.13836378358666646
CC_3643A4C7EC5C,0.05775853850879596
CC_36690A9AE112,0.7171432854503703
CC_36719170F638,0.08710441683256126
CC_3673466BA7A7,0.08913485482940678
CC_36847054DF52,0.35186281629892635
CC_3691CE792752,0.7300050437338128
CC_36A27FE53743,0.50143602268012
CC_36A3FB06D1D8,0.7870855687886551
CC_36B0F2AD5413,0.06869069867585348
CC_36B1B7BF5F75,0.17743987770049008
CC_36B68E66951E,0.47458837785206565
CC_36D3F09AD810,0.4648480984314696
CC_36DBD8424220,0.5668548163611458
CC_36E5645D8018,0.07608017202109103
CC_36E6592E4E23,0.16671551512833
CC_36F143AEC864,0.09129822692634965
CC_36F2A735DF73,0.18473584255550157
CC_36F81C003E8F,0.03418822047502783
CC_36FCD55EE425,0.5504718841560183
CC_3701D5DB7FA1,0.08240755161648161
CC_3706E1EB2587,0.5704991396119777
CC_370E0F8EF86F,0.5485997461711865
CC_371D47444D5B,0.6856001373184557
CC_372CFE308EA4,0.6622164951614122
CC_3731D90357A6,0.30537888675005137
CC_37322F66C543,0.040324531891939276
CC_373539DE38C5,0.11603065413838437
CC_375225700242,0.3313747179414178
CC_3762D0B6F3C2,0.11148225896193042
CC_377A277E831A,0.1711233856402446
CC_377B6066B91B,0.2859482221338403
CC_378D71726B5E,0.07232426401871594
CC_37A46BD0DCBF,0.0461984915881216
CC_37B447368F02,0.734857308652178
CC_37BFDFE369A3,0.2151731884424733
CC_37D09FE492BD,0.07381491538035545
CC_37D3F4C07235,0.2786861400691141
CC_37DDACE48E3C,0.12375431433016867
CC_37DEF85C0A37,0.3394205880183228
CC_38020CED9EEF,0.09156888587505083
CC_382207621EC5,0.7865250474728331
CC_38374AB27F95,0.07177388713578227
CC_383A5544DD5C,0.13117543205830853
CC_383C129A5B96,0.2527716302002188
CC_3847AAA649C7,0.10576958234515287
CC_3849D992C1E3,0.08349374822068203
CC_384BB17F0F0B,0.6032744375187407
CC_3851177E5E76,0.07785535091892996
CC_3862F88850B8,0.2885750208298129
CC_3867CFCFCC94,0.23207116160373997
CC_3872ED018F85,0.20520754369444438
CC_3881A587C072,0.12740079866154103
CC_3882F8EB5EEB,0.6197935821506586
CC_38911341EA6C,0.09296270487634806
CC_389E5B71E254,0.598536500085464
CC_38A0DBCD3728,0.06896322071174836
CC_38B3E9142747,0.08941447045458686
CC_38C1B8860300,0.05930837290698179
CC_38C8CF250B60,0.02936245237190897
CC_38D32B790B4A,0.13407874081683166
CC_38EB304A9915,0.18589131668695857
CC_38F26461C872,0.764927071550809
CC_38F942257E28,0.5480570901964288
CC_38FA5D78A8A7,0.05535534497893243
CC_3903D7BCCA95,0.08551891288263921
CC_39043D7ED04D,0.19331569235621482
CC_39098B256732,0.06435057034169164
CC_3909A2E4C679,0.12288907295373569
CC_392344DF8D55,0.30173188171439924
CC_392628C8AD47,0.10240968093039182
CC_39285F4C42BF,0.3954317134824701
CC_392A376EA1A2,0.08517851745393556
CC_3932E086F150,0.1712646817972575
CC_393D1D3640D0,0.06359348788461683
CC_3943B3490B49,0.6879388249983687
CC_394DE164DBCD,0.13637536467004682
CC_395600E84A54,0.12865999852561824
CC_395D181A7E1F,0.10650563480811383
CC_395E8CACC437,0.13099080002374114
CC_39635AC6A70E,0.05386913229259746
CC_3969352E3ABC,0.08416616834911123
CC_3985C0DF9CB5,0.5290395169190478
CC_3989F2C6A9F8,0.2339866186831465
CC_39A82672A1B2,0.07935711305419761
CC_39AA15DAE17D,0.6025799144173754
CC_39AA2A3D98CC,0.03381583637392339
CC_39AC257B00C5,0.09703424116846922
CC_39ACC63CDAEE,0.12935962255893368
CC_39CE40784C2C,0.2087201365674028
CC_39E1A306D418,0.14706949662045526
CC_39F2B11C46D7,0.08893358244149518
CC_3A10F5F50A27,0.04285260151331788
CC_3A27CF9D162A,0.5805984440734546
CC_3A297424A7F7,0.11746718845331185
CC_3A39F7930BF3,0.08855453979387089
CC_3A57566F9977,0.591772991450122
CC_3A61121254E6,0.05446006207543924
CC_3A81C568A7F8,0.21631444672024702
CC_3A82E7050A4D,0.04366183241658133
CC_3A860AADE6CE,0.1360469449323286
CC_3A8B3FC29C9E,0.13049962697791967
CC_3A8E9056A5A2,0.11423625026918292
CC_3A9617A5777D,0.42030293465139956
CC_3A99D25777CD,0.13957982578846373
CC_3AA9E8D01340,0.5794566057556141
CC_3AAEFC09C290,0.6998486174052706
CC_3AB5E579843E,0.25427000557300605
CC_3AB77A30AD40,0.17584981098247912
CC_3AB7BA36A414,0.30358992496518444
CC_3ABA830A5BB2,0.12010620031082427
CC_3ADDDA550A57,0.10783735208257164
CC_3AE7B1151DC9,0.1333383059477935
CC_3AE9A209EE00,0.049836483989613545
CC_3B06FCD75C98,0.0578630612946785
CC_3B0722FB5E8E,0.2971491884929688
CC_3B1C51DD7429,0.18262364356566596
CC_3B1F4696D710,0.6161817115904562
CC_3B224413A072,0.2431746154121231
CC_3B35C3783CCD,0.2537069884974815
CC_3B3626F3DF9F,0.23984346625114164
CC_3B4405C7E486,0.5671994070546813
CC_3B4C4A9C9D99,0.29469106850937377
CC_3B72F0E9E3F8,0.20674514217627593
CC_3BB02A95C6C1,0.7177092955324365
CC_3BB8B675C2BC,0.41907955036606187
CC_3BC51B069218,0.11266749248768104
CC_3BCA5BD201AC,0.15482872180594365
CC_3BCAC9793441,0.2918838430865074
CC_3BCBC867AC4A,0.040793663740960454
CC_3BE51412ABE7,0.42380876490147057
CC_3BEA98B401CD,0.6917343352209595
CC_3BED6DF1ABF1,0.14872408816922494
CC_3BF0BF7CF827,0.7966661288132973
CC_3BF110035599,0.5954190731969903
CC_3BF213810DEE,0.6385748322557001
CC_3BF21CA88D3C,0.4404172863555709
CC_3C0E29764C71,0.06405655330579932
CC_3C19509D4636,0.15007540603848063
CC_3C1B038BB068,0.15550498188938117
CC_3C594CADCA2E,0.21623972974954997
CC_3C5D909498F7,0.6683299693747291
CC_3C68D5179A01,0.12065493655466035
CC_3C83955704BA,0.7806824895143534
CC_3C93218F41B2,0.3251895548700337
CC_3C9CFC8FB4D1,0.7059122042371125
CC_3CA266EB55BE,0.11355105877637085
CC_3CE49C937F7C,0.10026553980435061
CC_3CEEB9C04F0B,0.3750442958116019
CC_3CF504AD4DD9,0.06497875422657634
CC_3D1092DBC5C2,0.20284839295895785
CC_3D185833E7BB,0.041114050511464426
CC_3D2309981121,0.3599365353859598
CC_3D27A0086AA6,0.16388974407753734
CC_3D3BE7D0F4D8,0.109781584038369
CC_3D412B5EA919,0.09703575223944061
CC_3D47650C6F30,0.0778915689884768
CC_3D55D1FD8457,0.04912138331217776
CC_3D599501BA76,0.07457228172675093
CC_3D6181EE3C87,0.6803886753065843
CC_3D65CC165F44,0.11717858967762264
CC_3D6CF6DB8014,0.41567101916735255
CC_3D7C14801D40,0.18049282449299672
CC_3D836BDBF866,0.6196224385723901
CC_3D8DF3A3DB71,0.7552706635500281
CC_3D9309851089,0.19025951051650805
CC_3D9ECB4274C3,0.14075266019357768
CC_3DC8A9A92802,0.30895714128599966
CC_3DDD3813D1D4,0.09892316460873789
CC_3DF3FFB3CFC7,0.12395534765872548
CC_3DF88701601B,0.1554158218672321
CC_3DF91A482CFD,0.32342055076710974
CC_3DFD6349D046,0.6611584536630115
CC_3E0D54125AE0,0.1880979955832589
CC_3E10CFE1DD57,0.046425355139955875
CC_3E13CB98572B,0.13771011731807006
CC_3E142C8ACA6F,0.07892934843568739
CC_3E1BAC4E5B90,0.060924003460972403
CC_3E2DD0D1E2D8,0.14385752609791042
CC_3E403BF08A45,0.08964155685745114
CC_3E46368104AE,0.08918323651819686
CC_3E48A086B5C7,0.2561197061354562
CC_3E54451B0F6D,0.07463702268951014
CC_3E6335ED3F4F,0.09830187901335508
CC_3E87A65C50A5,0.18186538933193894
CC_3E91109E2090,0.05728786292503457
CC_3E92A1EDA618,0.23637870471229122
CC_3E94684FE270,0.44707091910558927
CC_3E9DB402F352,0.14965576823905896
CC_3EB5A15A6C04,0.7880349894232992
CC_3EB8A9A6C49D,0.0848309161373144
CC_3EC96BC884F2,0.12963183978817747
CC_3ECA9E44B90F,0.2617560105255108
CC_3ECE4EF16A44,0.1617685626234332
CC_3EDDB8E70F57,0.22107406261258422
CC_3EDF137D0E1C,0.1414611598858488
CC_3EEEE844410D,0.37818590883907255
CC_3EF4F348C967,0.12646123444313007
CC_3EF91DD11A81,0.14464328319524536
CC_3F08C55E7A40,0.19724797996867027
CC_3F171CED0CFA,0.028299011291771217
CC_3F2544EFA753,0.13423686767437182
CC_3F28F3286CCA,0.07880113205240774
CC_3F379CB37B0D,0.16010452999673044
CC_3F42D798AB1D,0.6587047447625349
CC_3F48724540D5,0.17080562244802588
CC_3F68068E2D5E,0.1044635221789603
CC_3F7FBE71B77F,0.06037597879973597
CC_3F80017B8599,0.058567249776781266
CC_3F8B17953200,0.059479128901630346
CC_3F964BADC4BC,0.7282564743468674
CC_3F9767602FCB,0.19893075959207512
CC_3FA84F0B23CE,0.05882853182657939
CC_3FB4B189143F,0.14976258079016863
CC_3FB7C976EB26,0.4768995719219633
CC_3FBCEB2F36D5,0.13233847119998246
CC_3FC4FE843245,0.11629743768603437
CC_3FD52E32FE8B,0.6960909882896738
CC_3FDB44EC6254,0.05359694918907225
CC_3FEFBD6DC62F,0.2222788942321473
CC_4005466D00ED,0.3270088166432066
CC_40095FFBC1A2,0.06124592206971942
CC_400F1887A662,0.1153608283145406
CC_40133FF3069C,0.07660655125659534
CC_401C6F0EED5A,0.10660960165462412
CC_4021AD03FA01,0.10747383902140568
CC_402E91F3A56C,0.12429657370439387
CC_403754B6988D,0.12293576620909616
CC_4052DFCB1656,0.2102392658641672
CC_40579C5C13D5,0.7969571278677199
CC_406937FF97E7,0.08246751158209074
CC_406C4233347A,0.16127951606974328
CC_4073E42E11E4,0.2586404737441636
CC_4077BB12A5F4,0.12266927367992797
CC_4077DD5B5C4F,0.12723366796839897
CC_40824D899215,0.0945174787862956
CC_408D79189FBF,0.31627752553009775
CC_40A3F1D5EA0F,0.36055915868622945
CC_40A852A592FB,0.13505953140993707
CC_40AADA91D560,0.22114865740368525
CC_40B39CB2CC58,0.037041742535939365
CC_40CE2030F058,0.05212697883129828
CC_40EA2F8481E8,0.1684312116054693
CC_40EFD7778F98,0.1471901093067816
CC_40F278D49681,0.28842400813340574
CC_40FFCF631F19,0.411618347427945
CC_4101D1B82788,0.2126581422529185
CC_4109B79A4B06,0.03412164618005213
CC_4119348F051A,0.1268674956954673
CC_41206EE45803,0.08068034804247423
CC_412DF740DA62,0.1419025996434571
CC_413AB4CA7451,0.09741903601083156
CC_414C06C60FF7,0.7209701114504283
CC_414F50748A51,0.05510131794078778
CC_415C65EA66AA,0.054196107067300554
CC_415CED95F7CA,0.1350021489829164
CC_416584250060,0.08671217212072171
CC_416B3A1F0F0B,0.09592743692497022
CC_41735021FC7A,0.17445594014836102
CC_417858CD20F4,0.1099751765542529
CC_41902EFB3974,0.04851223699995459
CC_41A27790EFBF,0.10895834542826936
CC_41A4A223F39D,0.12055822209354136
CC_41B464757ED6,0.13396509806753865
CC_41D1A87E1136,0.421564528191809
CC_420FE297808E,0.04352395034751698
CC_4211096D5588,0.14899836962608753
CC_421F4D78128B,0.4747053366042635
CC_422F2780C85A,0.3240453629653194
CC_423B0296BE24,0.07528047400071405
CC_423E78000AA5,0.15455860380611525
CC_4246081DD359,0.09452344020816347
CC_4249EDF2FDCC,0.7981984830810045
CC_42568C67F412,0.35627500906183407
CC_426A25EA9E21,0.7480454673125444
CC_427ECDDEECE6,0.3152658892739171
CC_4289EEC8F0A2,0.16278685167043552
CC_429A7158AD07,0.15330304968884056
CC_429C51AE729D,0.036308970339134286
CC_42A0DE1E5E80,0.07967233456483605
CC_42A7D0F5388F,0.08903682982930214
CC_42B23C8C9F66,0.18708762499535755
CC_42BD3999AC3E,0.2703680360647146
CC_42C95B199130,0.40685302499641945
CC_42CD6CE97523,0.48204494729481356
CC_42DA114F12A2,0.270305541420137
CC_42E2736AA331,0.20820564061400343
CC_42EA825C351B,0.43616483431776404
CC_42F1B2B4D258,0.5461502055757006
CC_42F4588EB38D,0.3297340215529749
CC_431F29A12E99,0.19398028479360285
CC_432EB78A198D,0.2221845110684147
CC_43383344BC72,0.19386660187952656
CC_4339187DD10A,0.06113630896190405
CC_4344A2E7EA1F,0.539493432297697
CC_4347468ABE51,0.5755598405575967
CC_434894BC2577,0.053317504347431516
CC_4362DB93FC92,0.08858829369816833
CC_436850DDC704,0.13368161156078665
CC_43698E2EEA0A,0.0993214621958245
CC_4387F73F131E,0.13667796330209256
CC_43A33C994C70,0.34298517984048055
CC_43ACD82B5514,0.31025578683884025
CC_43B37131B8FA,0.19552438693227614
CC_43BFCAF8BD20,0.20158570358942618
CC_43C060E01266,0.20669299412643438
CC_43C41AF27375,0.060402459323596405
CC_43C5AFA48B93,0.060756369272851406
CC_43C767A44C55,0.19062782661952743
CC_43DECAB53552,0.04412677718908543
CC_43E6D931158D,0.3617894160201176
CC_43E9F88019F8,0.0617086935067588
CC_43EBD6EBD675,0.06669653668452462
CC_43F81C577002,0.3223034132773425
CC_443C4E041687,0.08839090279841624
CC_443F63BF238A,0.10250461619919346
CC_4463776F9AA1,0.08512853758999826
CC_446F1EDF03C8,0.0681513685727834
CC_447BAD4F7820,0.8138907824384602
CC_447D02F917B5,0.0565772204552308
CC_447E705746E2,0.1477815380214738
CC_44A017104F93,0.6492134654945783
CC_44A1E58CDBC0,0.04374732859933901
CC_44ABCC04C418,0.0887400309945173
CC_44BF6BCCFC2E,0.048511431314491496
CC_44D0671A3B87,0.14223325905605666
CC_44DBEE3A7D81,0.1762795298507822
CC_44F7DD6A88A1,0.19987365355319886
CC_45080C42280D,0.2068639987072102
CC_4524AD74135F,0.49336132895345364
CC_45262103231F,0.2151405219337463
CC_452D8C5D039C,0.7819620003613652
CC_452DECDBC90F,0.06208127373931305
CC_453C9B3A5992,0.47725174629956496
CC_4542AACA1FE4,0.10136800150194125
CC_455209549D3B,0.7775524097370548
CC_4555C804C4D0,0.06100590568399586
CC_4581E4190B2E,0.09793786884793859
CC_458912F91D6F,0.4088065751467377
CC_45913E1BE65C,0.3247218185169931
CC_4594791FB40D,0.11894027711779438
CC_459B49073E2C,0.358610755020792
CC_459EA8E0E2EF,0.12339433854800311
CC_45A4A38557E9,0.1385426675378161
CC_45ACE2B1DB6F,0.06107237331528302
CC_45C1A92F0E8D,0.10025191389967045
CC_45D0673EDD20,0.16020318636037056
CC_45D70DC84DA0,0.11125312523831926
CC_45D96479EC1E,0.05210753405941899
CC_45E8597BF74E,0.06521381313211401
CC_45E97246F83A,0.2839270645618828
CC_45EC44761309,0.13186273297270565
CC_4603A6F83E2A,0.04995665443175751
CC_46045CEE8330,0.05853861206170202
CC_464E17187A4E,0.3912015029790289
CC_4659FB4B8536,0.1373233253328218
CC_465EF4F9B68F,0.17395732130674219
CC_4663FDE62E3A,0.26192115027895446
CC_466D54BE0809,0.09049417075822046
CC_466ED9BD34B5,0.0821705236998307
CC_466F7908E13D,0.18723612441501916
CC_4695A5525A11,0.17249467999811607
CC_46BBB8A4854A,0.05479562388398808
CC_46BC61EC8F2E,0.1905661499732632
CC_46C0DFA660B0,0.12920376082270596
CC_46C2DCF84CA0,0.0959107723223895
CC_46C38B9F0D8E,0.10700875701110316
CC_46CAB9AE7C87,0.5315207531975187
CC_46D0D1ADEA59,0.1637939025383337
CC_46DFC1AA0821,0.7517886868679805
CC_46ECA5976180,0.13162758353205514
CC_46F5F6D27991,0.07905886971391915
CC_46FE9F226120,0.23338415757529357
CC_47130CC63FC5,0.15663764154653728
CC_472330768F5F,0.09026024474621475
CC_47292EBB8BD1,0.12632819896533132
CC_4734AB1281DA,0.05933050527642435
CC_473989E6BA47,0.27594350209044416
CC_473AE07014DC,0.1606640383096446
CC_4741EF45C3DB,0.21376854051378533
CC_474586BE49EB,0.13896896660942826
CC_47490BF44944,0.3131986470841331
CC_477213DAED38,0.08809137956825355
CC_4778086276B7,0.13484220985933362
CC_47910B073CF3,0.18589666309638037
CC_47939776FDF6,0.7045924615837059
CC_4796F6A64420,0.06694415251640236
CC_4798549B52ED,0.31527613478056826
CC_47A3714E7D2E,0.30515842808828636
CC_47CE219EBAAD,0.17742942931270483
CC_47CF9074E03E,0.16712151261169417
CC_47E4537A53FD,0.15069329849507024
CC_47E8BC938FA1,0.15186285822713846
CC_47F134D17818,0.12254983116620528
CC_4812FBE05C7C,0.35495572891246796
CC_48152725FAB1,0.5226802551217937
CC_482256495FAD,0.6653797199885814
CC_4829FF15D21E,0.1399840507310185
CC_482D26D81935,0.6400169986829269
CC_4838990A8D02,0.07221365606533332
CC_4862EA9CD1DD,0.05152792364084777
CC_4862F8C1B0AC,0.08539465525367992
CC_486CD67D26CF,0.17226209839714532
CC_486D8F9AE549,0.3065929974168651
CC_4877D1BDB737,0.11865976524740746
CC_4885E34F0B26,0.13419157716369357
CC_48928CA8082E,0.15687459690363278
CC_48A74FF0E6C5,0.09053907233085426
CC_48E0791DDD62,0.07390640770058755
CC_48F620B6A472,0.11001153583696821
CC_48FDBB1D7493,0.1361937751051735
CC_4910EC928152,0.13176094215223888
CC_491C18C17767,0.06545830429408964
CC_492F65EF8D9D,0.7798087289040788
CC_493DDD53B97E,0.0526306861376063
CC_495F82AA5B9B,0.16343453542200698
CC_49618412FF86,0.0876107710540095
CC_496A7CFA344D,0.7414004156340397
CC_4983EBABAE3F,0.06652485223289858
CC_4992C1915957,0.5825296185926504
CC_4993B31028A7,0.09376219758677881
CC_49945441A644,0.18212690336662962
CC_49A80692BC68,0.12377714635225907
CC_49AB67613A58,0.16792514111836515
CC_49B05CADDD95,0.5520646418662356
CC_49C6F9AD111E,0.10430985215107347
CC_49CEB94F0B3B,0.04133222375051554
CC_49D3A79B55CD,0.08967791238396444
CC_49D6671DAE8E,0.12177596684747902
CC_49E6C539B1CF,0.055937845041475344
CC_49EEDF0DA684,0.0352113302961861
CC_49FC290E33A7,0.17476943863046368
CC_4A01CF2F67D2,0.7160583134861402
CC_4A16DC668832,0.5312084574908387
CC_4A212461781C,0.07237959721290728
CC_4A237A8E6706,0.13919307696178407
CC_4A3DFA0E27A4,0.1418109627968485
CC_4A513D39DCE3,0.0486073687000231
CC_4A532B0E6165,0.1642196252655877
CC_4A5FA9F1C804,0.09616162225881841
CC_4A7BDEC665FF,0.05180775269445251
CC_4A7FC9B23222,0.3231058457823506
CC_4A8A7080FA25,0.27889849732145827
CC_4A8EFD589879,0.056519946668657124
CC_4A8F7D2B857C,0.17940838755406152
CC_4A91E8D4289D,0.4010557831545176
CC_4A93163A12F4,0.3214262527501973
CC_4A9FEF48EA65,0.13056165849906334
CC_4AA73D751AA5,0.32041175145046885
CC_4AAED0C85F70,0.14781012456832793
CC_4AB1DEF044AA,0.036779774144001104
CC_4AB5AE299217,0.18425989352015415
CC_4ABA0CDC2270,0.18486698523312856
CC_4ACFFC2F295F,0.6545615648847455
CC_4B0490BAB1B9,0.07147264020076755
CC_4B28B03CEFEA,0.09621880525838483
CC_4B420765EB9A,0.120591351361013
CC_4B47C16D9867,0.12224860225694048
CC_4B494C4D7D03,0.4174717912848107
CC_4B4C84B015C2,0.0423422540516579
CC_4B607295E983,0.04550894655595895
CC_4B6D24E81483,0.06064549258276475
CC_4B77AF6FAF2B,0.665099695437246
CC_4B7EC3F2FFBA,0.05477826368557634
CC_4B85318DFA50,0.12378750377874662
CC_4B9B36B36DA5,0.7308796154955557
CC_4B9E0AD5D692,0.5200926635567527
CC_4BA041C9678C,0.11542868661863649
CC_4BB40F2129A6,0.09384000875937894
CC_4BB8FD274E2A,0.05410037925229064
CC_4BBB8118FBBB,0.14076971921344367
CC_4BC8CB91719F,0.1331154229238209
CC_4BE447D54BB8,0.15800746078859115
CC_4BE85B1BDB62,0.33366496032380855
CC_4BEF3C7F6395,0.2645713249431566
CC_4BF03FF61B97,0.42113386315856627
CC_4BF4C38EAE8D,0.22409214559177268
CC_4BF95B8140C8,0.09695832629417776
CC_4BFE0CB61B5A,0.4210736913033256
CC_4C2A3F254101,0.3689825860043754
CC_4C351DEB6230,0.22177586018567935
CC_4C38031A2A9E,0.10854335899568601
CC_4C3E35875F03,0.08931172933199237
CC_4C4D79F933B2,0.13407771016791914
CC_4C56497F4AB0,0.6494578079787412
CC_4C827B493CFD,0.1694577350811931
CC_4C849C6073AF,0.11872558631629464
CC_4C869E6F618A,0.1583350543835178
CC_4CA21C15763D,0.12201115178314223
CC_4CB2F1CAE684,0.11281374739693073
CC_4CC0265E0778,0.05426291031590932
CC_4CC5483903E9,0.5568651235214044
CC_4CD7C76FE235,0.42818571441845565
CC_4CE2BFED4F4C,0.08095368328142519
CC_4CE751CB58FA,0.40636583498873596
CC_4CF3E184C500,0.03907013901558326
CC_4CF668E60D64,0.2732359766625496
CC_4D1A1AF53E18,0.043713064623276614
CC_4D29155FCF33,0.18055849158677637
CC_4D2CC7618AC2,0.5465726729364908
CC_4D350FF7402B,0.34868793753297544
CC_4D38AE84E3CB,0.19590217122324977
CC_4D4140E1056D,0.09988629519861425
CC_4D5545FAB130,0.5407325891501438
CC_4D55E218946E,0.1016207595743066
CC_4D5E14BD6AFA,0.10508733286092958
CC_4D78935D66E9,0.05825025671425395
CC_4D883AAAC6C9,0.03412352456279248
CC_4D8D8108C51E,0.6227091278943522
CC_4DB40331777A,0.7886396299313216
CC_4DBC8652D26F,0.08599199327055107
CC_4DC0E154EBB0,0.7149066354415914
CC_4DD5B8780C4C,0.0884291254945951
CC_4DE0070FF683,0.1154952338082092
CC_4DE688CDBC27,0.09801053597583084
CC_4DF37857FCEF,0.06789355077069872
CC_4E20F0249BC6,0.7568442397034796
CC_4E2F01B7B9EE,0.16017159808051948
CC_4E41C247B4E5,0.1717522194956982
CC_4E479F6989A1,0.06588829919281186
CC_4E48AF17BC29,0.07923861529100798
CC_4E6BE67E3C4F,0.036847318717898626
CC_4E70939C5933,0.4508657726413895
CC_4E70FB172717,0.1787545335510352
CC_4E726EE8C026,0.25613587675143024
CC_4E76F48DFDEF,0.10062204563460135
CC_4EA180B2B913,0.03412718614606913
CC_4EA67A160C3E,0.6145099948214237
CC_4EE41FC91AD2,0.18689742582144397
CC_4EFECC6C2E36,0.6795191986741564
CC_4F22CB97C34F,0.042731291606817365
CC_4F2444DC6C75,0.7907798769013495
CC_4F2B7F512DD5,0.06612438775042126
CC_4F504A9744FB,0.12443442794285868
CC_4F6FEE589187,0.1460134653725101
CC_4F71AAF96C32,0.09071565925523299
CC_4F76E57C55EF,0.350849200285693
CC_4F88D3E5AA2E,0.03924280691727916
CC_4F8A4384F6DE,0.13726922254469534
CC_4F8D83DCCF25,0.22192919414493162
CC_4F956AA47816,0.6761592178867415
CC_4F99FCEA10E8,0.10315069783370812
CC_4F9F10A183F6,0.0717246803460937
CC_4FA766935F14,0.13452118141138206
CC_4FB0B9E398F2,0.34954670803227617
CC_4FD0DF6CA3AA,0.05477072384717055
CC_4FD902F7ADEC,0.08181601909628523
CC_4FF1155E3A6B,0.3729395646891079
CC_50103368F241,0.0838398123674084
CC_5012B9991935,0.10125336743799807
CC_50172FF2C2C1,0.139118293681885
CC_5017C9BA7773,0.059300421202826
CC_502C3D0EC4CA,0.12347281419779013
CC_504157951119,0.04844507837897303
CC_5042938B5A9A,0.44037143142170176
CC_504A57293FE4,0.8015923944704454
CC_505812CFE43B,0.35760438668374395
CC_505A6EB06E39,0.3327776934445214
CC_5064CCE0EF29,0.2089534568719699
CC_507BDF639FB5,0.19035602715640781
CC_507E53684AB6,0.14045153455621281
CC_5087A0D1765D,0.23586388526358532
CC_509229AEC221,0.18094896409118952
CC_5092D3A72B03,0.2145490285177864
CC_5092DF691F74,0.49910028542539236
CC_5094BB59416F,0.23509793353054254
CC_509926B384D8,0.7684223476096878
CC_50A6C96DA7D3,0.05534306597858265
CC_50AE75A10F3B,0.2756484318763729
CC_50D4BB93EB1A,0.07041028611988405
CC_50DF7B02E356,0.17588430697562016
CC_50EB53CFE7F8,0.05287248226094145
CC_50FC7D563CE4,0.16216491521684656
CC_5100E6EAA3FF,0.19422011719496318
CC_510F2944B2A0,0.11771309041551742
CC_5128881AAD54,0.15812971937430867
CC_5138941DB7A2,0.16106595400216067
CC_5139EF8BEAFB,0.15939419941728866
CC_513E5EEC6B04,0.1123710620714893
CC_51427EF15375,0.2747373350691677
CC_5147B281DA64,0.3818003347416937
CC_515D968ED36E,0.08450420003068226
CC_5176FF858154,0.12358478827637599
CC_517CB40FB016,0.08662705834138176
CC_51884D5F3E4D,0.10953258361559387
CC_51AE98263438,0.1379324541622864
CC_51C9CE782368,0.15752006613221964
CC_51CC80D1570F,0.061717198496592914
CC_51D2E3476902,0.07355113998952548
CC_51E05E706D64,0.12610700453990997
CC_51E5A5E9801C,0.05119288608106272
CC_51F5DA44F9A0,0.37441047107601233
CC_51F6BDD355F4,0.05442731877139713
CC_51FE657FE212,0.08899410470828967
CC_520950C9BAA3,0.06518196800612272
CC_520B1D31AB99,0.1224237806996109
CC_522550E1761D,0.7507241802200791
CC_524CD519E76B,0.09776049106897092
CC_524FE9E3DAD3,0.4250536508283736
CC_52629A025048,0.11087703835248294
CC_526765FC100C,0.23655671013027646
CC_526E56249FFA,0.323822040972262
CC_528B42A34966,0.26517862579420237
CC_5292B36E4882,0.2302008893666463
CC_529A2F110236,0.13710454283746096
CC_529BC4ADAD6A,0.20434059046350717
CC_52C1C5A6F887,0.08808499099190417
CC_52C3B674FDFD,0.21707002006116793
CC_52CCBB8F9964,0.08368527608354083
CC_52D21FFA24DE,0.7226198152980554
CC_52D32EDBAA78,0.1824059635013897
CC_52D7821A8363,0.13649810613518212
CC_52D9087EBCD6,0.8070852868963121
CC_52DD62E1AC2E,0.1821405534820072
CC_52E8B04F0FA0,0.11738766589479369
CC_52E965E9E2C3,0.147623447076063
CC_530BA492842A,0.29830305477493413
CC_530F6E906D6B,0.03506051951875866
CC_531FCFBE3B13,0.08271591954251639
CC_5320DFEAD897,0.17874785663543757
CC_53319AE7B829,0.659965259011766
CC_53481151859F,0.04462171587766171
CC_534D4FC05F82,0.19595279236476748
CC_53687DA8C9E5,0.347426383026901
CC_53795A7B7751,0.0397477720933008
CC_538328A6B3BA,0.45439850489457073
CC_5385266461B1,0.177025523072107
CC_53891CB35BF8,0.1524370542251383
CC_53A6E1083B13,0.06821726692254007
CC_53A77DA726A4,0.06788305356105559
CC_53ADBC2F6E34,0.22697659158322703
CC_53B249809561,0.09103662687590622
CC_53B2DF5B019C,0.0550708309386158
CC_53C1F3E031A3,0.1773056613556146
CC_53CBF2E8AD05,0.4021489393499964
CC_53D04793ED9D,0.07091482833459918
CC_53E23A9B6F74,0.07153658961996026
CC_53EB59C99100,0.39436291109663146
CC_53EB9AC04311,0.10286208927020679
CC_53EC732C9B30,0.03126643034809347
CC_540122E71534,0.1444427382247079
CC_5405C89DF8BD,0.6949384254063444
CC_540D69F5BA23,0.15486772178552818
CC_5414446319CC,0.6998629542203738
CC_5418410F95A2,0.08023080662066989
CC_5431A01C30E4,0.08834393614853873
CC_5452437FC605,0.38053995612760894
CC_5452979BF98D,0.06440685966223678
CC_546EE83F84A4,0.5143724417089935
CC_5473268241FC,0.1543731204258827
CC_5474EE64D859,0.28385105197919197
CC_5476E2B2FCA0,0.12250681202567978
CC_54892024F98D,0.17773294888761473
CC_54B33C66DCF7,0.10035957584923544
CC_54CF66B660B4,0.42633219969928826
CC_54D3A35EC69F,0.06700049520753132
CC_54D6AE2665AA,0.11359564191791832
CC_54D93974E62F,0.32555740451874193
CC_54F5F552A0F2,0.1260986694372321
CC_54FC3B361BDA,0.08447587867537144
CC_550135E8FAC6,0.1426037533140281
CC_55020AD0D117,0.12889204646602237
CC_55094AF7EFEF,0.10125699651546546
CC_55126E23462E,0.043319611635767
CC_554C21CCAF3E,0.09505780484509496
CC_554C912C7DBE,0.08202349351032592
CC_556B02A2B401,0.2825074622842332
CC_557A0B0CD0F4,0.16659857721436988
CC_559A14E729EB,0.30958526220970367
CC_559F0DD4E4A7,0.3216669173038398
CC_55A82B4E57F6,0.1498759772424385
CC_55A98ABE4C75,0.1302308996312585
CC_55A9D45EA466,0.04504853345913009
CC_55CB872FF50B,0.2500099582107006
CC_55D9E3D58435,0.17945864620214397
CC_55DFF3C3BB46,0.08206496759918148
CC_55EDC3996984,0.15582479332021493
CC_56013299D8C5,0.0927895191359104
CC_560B519C1F50,0.08213247004015033
CC_560CABF0F5D0,0.22014427873643577
CC_56178AD87948,0.25378429565601535
CC_5619A7BB54EA,0.11197295408575635
CC_5624319D7B28,0.1032957588173983
CC_5625119D6C37,0.2045435127491425
CC_562BE7245E1B,0.7095339733700415
CC_563684010DF5,0.5698370581575285
CC_563EA9A29338,0.10581988995727465
CC_564590AFB575,0.03726520776629397
CC_565E01191BF6,0.6071847800836733
CC_56612A039382,0.06363053088479663
CC_5665FB827721,0.5764063485760338
CC_566932C3CC97,0.10028354630695696
CC_5671D59B2A51,0.128348559872366
CC_567E7DD24A97,0.09089739592234132
CC_567F47F37683,0.038784624430749516
CC_56847A91065C,0.097860979598739
CC_5698480F8634,0.058429771616779494
CC_5698B024CECC,0.5806512149990828
CC_569DC051A2EA,0.11230207117410669
CC_56A322152604,0.32672756946928194
CC_56BFD9A8335D,0.33048506216533763
CC_56C9379BADB6,0.04090083987523236
CC_56D410FD8F56,0.3496794805756518
CC_56D4549919EA,0.17170235618580953
CC_56D918CA6353,0.1231267566123921
CC_56DB30CE666D,0.14999125401463537
CC_56E760C3206D,0.2405156488982083
CC_56F73F905615,0.8100260778047831
CC_570683C088DB,0.1388435994098078
CC_571C6AFD00ED,0.387800066100616
CC_5725663C3B89,0.1107376336791983
CC_57291D7667C8,0.17099459465825145
CC_57313F6E7927,0.19116312901559376
CC_5735F9B859AF,0.6230085757956649
CC_573B34826B2B,0.637152891410158
CC_5744447CAF7A,0.058966055196642275
CC_574CC0FC7B05,0.10680878125006729
CC_5759E2982909,0.07501772254601823
CC_575CCCCDD7B6,0.6434271100441669
CC_57603A37D19F,0.036484627744656405
CC_57639D4995CF,0.21694392658922174
CC_576E6676FD55,0.0696142789858433
CC_5775C148E05C,0.12125790027051125
CC_5798E560E9F3,0.7628999066723883
CC_57A486F61065,0.608464243738558
CC_57A726458B99,0.05877461000813845
CC_57B0D41BD7D3,0.3543606999004617
CC_57B501E60C35,0.07425680614153388
CC_57CA90509CB1,0.7251300520633089
CC_57CB7673547B,0.07254467035983946
CC_57DE479CB61A,0.7370525205007514
CC_57E7F1A6B895,0.03738743476974439
CC_57F13C4115FA,0.35243910690772295
CC_57F480CA9A42,0.08808038683240157
CC_57FDFC6DE726,0.2649149712079557
CC_5810468B76BE,0.15461124581764754
CC_5810F212B2EE,0.3108910017766393
CC_5817759E7007,0.14472338595344453
CC_5818B5089B3C,0.11078940859733066
CC_582C78363EB6,0.10082393072708677
CC_58391600720C,0.15343102737899705
CC_583D7B177F85,0.07594834557145515
CC_584C11014F63,0.13814702668145085
CC_584CDC12578D,0.0637312883630867
CC_5852F443C55D,0.09057116431785733
CC_58565AF0F70A,0.5093699538159404
CC_58568DF9AECF,0.17044666628792157
CC_5859EE6309D5,0.436866544319944
CC_5872B45E1C19,0.7327311809676151
CC_58797A417EEA,0.22797930035138958
CC_587A4844B482,0.22885957383815564
CC_587C0CC3DD82,0.646421654640392
CC_5881A04052CE,0.09620375640343826
CC_589A4E02EF81,0.1467270866198606
CC_58AB46E5655E,0.15905917006694248
CC_58B0CFC9F3D2,0.052602270903461965
CC_58BEFDA6B4C6,0.11829803552099999
CC_58D95C7247D5,0.05631377681437309
CC_58DBF3409D48,0.06003363568443096
CC_58E35A47B880,0.17952744816073782
CC_58E40EFF57CF,0.4089402923895493
CC_58F551219BD6,0.048004812499862604
CC_58FA76C6C45C,0.5792604532181124
CC_59018149723B,0.056649848792148516
CC_5904459ACECB,0.7838402496428049
CC_59088B2886E8,0.03138779069128009
CC_590D2E0AD18E,0.5871638287076784
CC_59146CA05E8C,0.05740229292282952
CC_592592397DC2,0.501108907268794
CC_5926F5B4E054,0.15576439888377563
CC_592A5A163624,0.3305882559472244
CC_5941C323917F,0.07724128787489719
CC_594E4E86A1C6,0.21950968805009557
CC_595ADAA76A32,0.0874046663913842
CC_596A20270C3D,0.18380730657583805
CC_5970E93E11DF,0.28616012014079856
CC_597AD111527C,0.11840198738205143
CC_597FDFFA265C,0.08601247059554729
CC_599C287D2BAA,0.3726769387362652
CC_599E345094D2,0.13263942765922393
CC_59A4741B5A92,0.18215898001999908
CC_59BB3A5BA2A3,0.5994532480387427
CC_59BFD1200F6B,0.19301302091412914
CC_59C07CCAF4E0,0.20696555478702147
CC_59C49474B501,0.14344271541690157
CC_59CFBC2CA471,0.5686632400077811
CC_59D62BE0C0C6,0.1070840727533283
CC_59D86F572716,0.11594901394348839
CC_59DF71FBA4B0,0.04409378162757632
CC_59ECB7465DCD,0.0644155959755682
CC_59ED43A803B3,0.0323323880357875
CC_59F5E81F4EA0,0.13557647390389732
CC_5A10371BE7B1,0.7965535317416063
CC_5A2F9A594A05,0.5749744533096541
CC_5A38E46246FC,0.42866959702964025
CC_5A3F52B0A07B,0.21390721471976076
CC_5A5507A49F6D,0.09680947040198425
CC_5A58A5E6DE82,0.10843947534636052
CC_5A5BB6DC1018,0.21098438327025204
CC_5A5C0DF50E01,0.1174588513537575
CC_5A633C535360,0.0884166029982256
CC_5A67E62D8D5E,0.6241480062438021
CC_5A6BA0007593,0.11688007886667187
CC_5A7513434C72,0.037401512486987955
CC_5A756D8AE60D,0.24437206238369835
CC_5A7C13841B7A,0.650251810197431
CC_5A7CBB6E8716,0.21937970157429668
CC_5A83A1E25A2B,0.35833275868843883
CC_5A86EB53A14D,0.7185426162220657
CC_5A89E13CE597,0.1906298168052187
CC_5A9466D0CF9F,0.10814040797150748
CC_5A95331BD0C5,0.11534362022851369
CC_5A9F63C3E428,0.07269089950921434
CC_5ABC76FF707A,0.060631048363505996
CC_5AD0F1B43457,0.09830837872554138
CC_5AD82250C271,0.039521805757456285
CC_5ADD27165E38,0.7219106026397184
CC_5AF32E5C8018,0.04145581791116902
CC_5AF3690FA0B0,0.18247201876839825
CC_5AFDFAA63B45,0.1623863333707606
CC_5B025DA26FE6,0.0489442748770815
CC_5B07C7DE7E7E,0.22406242171454788
CC_5B08171A6880,0.19424556583869046
CC_5B09FB1A0BE2,0.06833601540317505
CC_5B0D6BA12702,0.4574884665410396
CC_5B0EF2D4C3CC,0.15413960096632182
CC_5B195D88C182,0.36311753217023185
CC_5B1F6FE71A38,0.06102418331376977
CC_5B247961602E,0.06555000675006609
CC_5B276421F4CD,0.05150490906134862
CC_5B289AFA1662,0.26705592082801133
CC_5B3A16421A31,0.05397672286800179
CC_5B3E78897EB7,0.06872517203483049
CC_5B480B44A9B1,0.144354104993966
CC_5B546C3A21F8,0.18041847778996667
CC_5B5BC4023EE7,0.12663208144120386
CC_5B6D63DD34B7,0.09086612294354365
CC_5B6E868912E6,0.06835657450818372
CC_5B818D2581FB,0.1293794557296207
CC_5B82E8BB921F,0.30991057648060005
CC_5B8E8DA14EE6,0.18305761716277957
CC_5B900A135A69,0.08360235250714296
CC_5BB64BDF3C99,0.1062902990128423
CC_5BCB2C79D1CA,0.2261638857137857
CC_5C072DB8586F,0.05581290711205421
CC_5C0BEC2A0850,0.06783937278538753
CC_5C24010127D1,0.3287368061150627
CC_5C2DAF5E0EB7,0.39651811027336936
CC_5C3E8DB90978,0.14306827484442944
CC_5C4A7CE69975,0.29561857839924366
CC_5C5766F933B0,0.4699594325568909
CC_5C5808240054,0.0931215074270545
CC_5C5D6E15EA27,0.21015946153214501
CC_5C60C4545922,0.11271732001334078
CC_5C626D70F6D6,0.1530142770673554
CC_5C670F0622BF,0.058396853774026786
CC_5C799E57EF53,0.054320675332158626
CC_5C7B44735AF4,0.16184809022458294
CC_5C7D8DF047E9,0.17908879902029307
CC_5C80F394EFC3,0.12860400586166376
CC_5C99E6189441,0.08563185525776236
CC_5CA9AB4A6AB4,0.12169488334413821
CC_5CB78ADD2432,0.1359663265940762
CC_5CDE37CE08CF,0.05314326176699315
CC_5CE258D12432,0.3705257626064147
CC_5CEEF006ABF9,0.05279175011118403
CC_5CFD2850E277,0.23788310049621825
CC_5D01F71B9FAD,0.09954490950996439
CC_5D065A455A45,0.17240311216700308
CC_5D0AA7D4954A,0.2582162758200982
CC_5D242448B812,0.11627497958429188
CC_5D2C5115BDD2,0.17552938213646574
CC_5D3273E039AF,0.693679025667621
CC_5D398BB3365B,0.08901512949728763
CC_5D3C1CE64952,0.09718142115955147
CC_5D4B0EBB5CD6,0.11067637053240136
CC_5D5E897588D3,0.09187594663115789
CC_5D65F25FFB8D,0.055801941985963395
CC_5D665A86C465,0.11298750410710534
CC_5D80C353E475,0.1034215932096724
CC_5D8895A0AB4C,0.17422487982011925
CC_5D88A673BF50,0.2094160340206661
CC_5D89688B69A9,0.3876216174236607
CC_5D8AC8E18A8E,0.07677225184781483
CC_5D8E7DC2FA6A,0.543004717218992
CC_5DA29AD9E85E,0.057381867043684795
CC_5DB286EAC626,0.29482611191292285
CC_5DBC1BB95B84,0.7908242283321876
CC_5DC0A465470D,0.045267844337825824
CC_5DF82CB03C3F,0.11068615568743025
CC_5E001C93F359,0.053893719775448365
CC_5E029094A55C,0.666911044405379
CC_5E0808121A65,0.14970323757402815
CC_5E1117E4E593,0.15186467526787673
CC_5E1541060A97,0.7181086854414547
CC_5E1C11540C0B,0.09564365649006071
CC_5E1DC0E143F2,0.1610372240205507
CC_5E206AC277E4,0.2647458563779833
CC_5E22B4BC8B12,0.09161788038688132
CC_5E22D889B6BF,0.10523024922494306
CC_5E38425EC99F,0.7244852940334975
CC_5E3A70C2077A,0.16418971182293013
CC_5E5607D275CA,0.1226401697287988
CC_5E73C3D2B3EE,0.17468746487912823
CC_5E7F23A07A71,0.0997554551543071
CC_5E80A96974B8,0.22155188543834778
CC_5E8C0453B9B8,0.29642601806410834
CC_5EA599FBA5E0,0.5623912068363328
CC_5EB379BA6C7A,0.11864962133219549
CC_5EBB96F65AFE,0.4383765544585402
CC_5EC41568C2E1,0.09866809575286398
CC_5EDB5C924107,0.2602768147442015
CC_5EEE5D0FF8D3,0.1945591545396975
CC_5EEF07FFC243,0.0807483200598555
CC_5EEFD690759A,0.08292717973150171
CC_5EF2176F01D5,0.11372578934814331
CC_5F17CA33D26B,0.07392956951974197
CC_5F20750D6658,0.19254962350028076
CC_5F2CE32A6EC3,0.12343753279131398
CC_5F328EE757B6,0.05006573270025802
CC_5F35B8D87D06,0.22360621543241668
CC_5F390BA40E83,0.6895351855674154
CC_5F59092CA9B2,0.11783239029761
CC_5F5916E96E19,0.1606848825808764
CC_5F5E835B9E6E,0.07761261590985025
CC_5F648D39D67F,0.5823860852910077
CC_5F6D4104C808,0.17314156561724814
CC_5F72EBE104D4,0.03326762653990928
CC_5F765C41F051,0.053954993149430516
CC_5F8859A6F0DB,0.03363074208806714
CC_5F88ACC7C384,0.1164278041263415
CC_5F89DFA97B7C,0.5057459281836325
CC_5F93A3E31DD6,0.5605668716729509
CC_5F9A44423DD4,0.14582441122356815
CC_5FAA7965BD71,0.11392887942731236
CC_5FAFA265CA02,0.35205377695796214
CC_5FBE1A34704F,0.174827060797004
CC_5FCAA919577A,0.21014061868744696
CC_5FCD208ADD77,0.20767540618408897
CC_5FECD2BB0094,0.0901313899561435
CC_5FFDE52E6B7A,0.0939656843483871
CC_6002BFD3F26A,0.15291796503036492
CC_600311592F72,0.05300920514044083
CC_600AE12112D6,0.26482536695869624
CC_601C3178E38D,0.19031848781454436
CC_6037EEA42F2C,0.35035524042874544
CC_604C08F76272,0.6744775053797492
CC_604C72AC662C,0.1484155554729345
CC_60510AFA8A87,0.14180874246512976
CC_605E2E26E52A,0.2088279356147472
CC_605E3904CD8E,0.11613007304589718
CC_60611B935106,0.15007188034236957
CC_6061787228F8,0.15765099320569784
CC_607270A72DFD,0.24861188769332
CC_60738E418DB3,0.11151934444646133
CC_60961DF8A134,0.14583553612045178
CC_609B7A7FA165,0.07374905135727336
CC_60AC5C892D01,0.11002939029404703
CC_60C09FF84412,0.16714718161854397
CC_60C87349D73D,0.32146933711965636
CC_60DA2FBF1FBF,0.10692085738598588
CC_60DA539A39FD,0.16893183078141416
CC_60E974A0B278,0.06404778624880032
CC_60EF7D647EFC,0.0496311200015034
CC_60F525A39898,0.03014633956100525
CC_610009B69EBA,0.667029259173179
CC_610FDDF5FE54,0.1472250989586756
CC_612C06CB5FF4,0.10528264814742269
CC_61307D82CC26,0.6627215925322546
CC_615030FD33CC,0.7297061669107061
CC_61649241FE59,0.16367722183986225
CC_6170051A606A,0.17393766780604147
CC_6179A630658E,0.08318324231162236
CC_617BD59427E7,0.08798596281775989
CC_617EC8BD5153,0.2279121274665553
CC_6191E14D21BE,0.05895803977657117
CC_61A798B8D222,0.043556195704312836
CC_61B4A983D1A1,0.07119333991209087
CC_61C9732AA682,0.7266438991338777
CC_61DC64E37471,0.057406919223345385
CC_61EAF14033DB,0.11498424036561097
CC_61F18E0C218F,0.06934344556169092
CC_61F1A1263F5B,0.15665666235882694
CC_6209EA426553,0.04821186424759359
CC_622BD8CB3807,0.28593695966875676
CC_6234A9617A7F,0.09219978068338276
CC_623AC074EB25,0.18669433933904586
CC_623FAACE8A80,0.046590093926990823
CC_6244E2935407,0.2519372326833069
CC_624535E11F69,0.04691054737175254
CC_624EA2917CDD,0.6622553679699105
CC_62565D08DDDD,0.7660839445745822
CC_6268ACD3F95B,0.5126591798347835
CC_626B61F4789A,0.611178084596564
CC_629193C2A090,0.26534092310256785
CC_62933641AC43,0.28301734258909905
CC_629480877536,0.3601816529218791
CC_629CB045D9FE,0.08640475818166515
CC_62A84BC400F0,0.2761540387573983
CC_62C36DF81797,0.16884309626003996
CC_62CC835CAE4A,0.623260768114289
CC_62D4192F126E,0.7441062801995996
CC_62D7A3C9483D,0.05656022856902507
CC_62DF1B99B4DA,0.11719545688614116
CC_62ED7BA3E620,0.03783059181019383
CC_62FC001AFC78,0.09240526126011442
CC_630412B4AFDA,0.17045277924125818
CC_630903AD39C1,0.03640430577717469
CC_630938DCC1B5,0.056863073940102656
CC_630ACED773E9,0.44920099643000405
CC_631E1690D913,0.07007879797162632
CC_633A7C7FC25F,0.25179340397500316
CC_6342051D8FEA,0.23430994657021048
CC_634CE4E8AE49,0.1991386563218701
CC_6359692F5EF6,0.13036381349799916
CC_637278423A6D,0.2398517746415213
CC_6377AB848081,0.10193171150439423
CC_6381A65E0A3D,0.09552506387523502
CC_63871B4814E2,0.11523250953753995
CC_638AD269F05C,0.03159259939323901
CC_6391AE0FB83F,0.1520422376695147
CC_639703EE2ABD,0.03948598644552698
CC_639750C87A7A,0.7283658174290251
CC_639B1DCECD2F,0.1548889710302468
CC_63A869443AC0,0.42133639570830145
CC_63CCEE26BCAE,0.04964138430638145
CC_63D51CECB6D2,0.24551313527277427
CC_63E53402FC02,0.038214191606675656
CC_63FC6895901C,0.13998028136995344
CC_63FC8A97D9C1,0.12572476779651942
CC_64117B93EF73,0.361188721496709
CC_642D9C325F1D,0.3117814965280397
CC_6436B950E22B,0.19360453583893128
CC_6445BD3DDB6E,0.033820628527070545
CC_645C15569E42,0.11646425645018249
CC_646472AD66EF,0.08577006658535555
CC_646B8254357E,0.15678495013588373
CC_647F4BB4983D,0.6725145517172204
CC_6489ECEEFD0E,0.09596785755508586
CC_64946E57306A,0.034717305896543565
CC_64976830B0B7,0.34389239295569884
CC_64BA10F3FAA1,0.09628945217048536
CC_64BA39A0DFC6,0.0895105493406333
CC_64CF9A79EBFC,0.10590744261564763
CC_64F0E0473D1E,0.09485556364400977
CC_65006C2AB2D4,0.75976518297184
CC_6500BD19FA06,0.3166219305168396
CC_6504DCAA90E1,0.08727180982016476
CC_6509C7361994,0.1728115270571351
CC_651486189673,0.11091436899763302
CC_65194BAE506A,0.18697644316980983
CC_652539353439,0.15779757412515788
CC_653CE5FA5A76,0.32072069300889333
CC_6560C2F4EDA4,0.19793805578006649
CC_656137F98187,0.6302483066830693
CC_6575B4B39113,0.03834305269439861
CC_657F629D31E2,0.23117270668421874
CC_6580B7583ADE,0.205114631203745
CC_658477BA75D6,0.04677686824948604
CC_658B7867BE7C,0.11680493026568153
CC_6593FE5349F2,0.09026653901484283
CC_659EE0F05A75,0.34888341698716857
CC_65A0D8134410,0.2318675932354283
CC_65ADD5A19F64,0.11184846127737308
CC_65C3F0F73BB1,0.08654657600277463
CC_65C47521C285,0.05219062409411043
CC_65C4EE0B737C,0.2412820135408705
CC_65CB68404333,0.19896677274453684
CC_65D6DFF1B766,0.11813626023561338
CC_65F1545C35E1,0.19028439311628761
CC_6602547E2FCF,0.20452769680640084
CC_6615D7044816,0.27308492637685705
CC_66244D4B72EA,0.09651799326034599
CC_662E5AAE07A8,0.04597717871051906
CC_66322B339E84,0.04451984726419225
CC_6634FD4B1CD5,0.772962193084797
CC_663DCEF4923E,0.21342731768843878
CC_663FE5BF918D,0.4224373883415411
CC_6645798E740D,0.08521473482947212
CC_6649736C8321,0.7776404475683071
CC_664E1026C4D9,0.24715199046273642
CC_665603C4A33B,0.0642411691839504
CC_665BDD9C8039,0.37818273227514276
CC_665F2AD58363,0.2165387542854582
CC_666767444BC3,0.21303898104646324
CC_666C0A2A8674,0.05716785963510961
CC_666F2BCDC7D7,0.1871713956028327
CC_66775178B226,0.06617405199742256
CC_667B6F8C846A,0.6499292225451769
CC_667E909835A4,0.19067150571765967
CC_66809C278FCC,0.20282024499100515
CC_669CCC44CFCD,0.06989770259797906
CC_66B0BD3F6516,0.29121030644154533
CC_66BF02C05DD8,0.15586910298766982
CC_66C491256BE4,0.06342923265419403
CC_66CEFA65F912,0.3496353372708295
CC_66E025DB3282,0.6396264894319468
CC_66E7B423A32F,0.642993236634658
CC_66ED26E7BAD9,0.07829688922320688
CC_66F7FF7735C3,0.1850954659780747
CC_66FD0CE6D57B,0.057426024287132824
CC_66FFFE05C2E8,0.09538569751532058
CC_6700012A39B8,0.13815742438067233
CC_670FC6A064F0,0.20896644991816474
CC_672932B65802,0.07633690588151526
CC_6742C6478F98,0.20340981575691952
CC_6745321663BF,0.05726814994949872
CC_67579CF57290,0.1417891572685748
CC_675F7483FB90,0.19722534916324935
CC_676ACFAA6131,0.6789575320748973
CC_676B423C495A,0.614569826544237
CC_6771C0D1CB1F,0.0543253616663998
CC_677EE0369CA7,0.07662167643519126
CC_677FE35855A9,0.2113929633599928
CC_678091614A14,0.12289777370501896
CC_678A43ED0803,0.6171262085364358
CC_67955C210226,0.09068995917835396
CC_6797E0B01112,0.21722051848201313
CC_679D90941842,0.15336378148958169
CC_67C05273700B,0.11636306256305223
CC_67D5172B6450,0.17519506540073349
CC_67E8CF412D93,0.10236474329610071
CC_67F6576A6836,0.2709058788263189
CC_67F985A00A12,0.05094611412124897
CC_6801AD1D4478,0.07606730166424719
CC_6803BFA94B17,0.05445957122095101
CC_680B16E5E240,0.13532602422776538
CC_680F2D0F4F6C,0.10347749027936595
CC_68221E1393E1,0.11089567817784231
CC_6822590B968C,0.17911777023263942
CC_682D8EBCEE94,0.21270850339152292
CC_68429B4AE401,0.40950364794312544
CC_686B26BDD061,0.05730600588127464
CC_687518442359,0.45143360776679287
CC_6875DA61F422,0.23837332222478436
CC_68A3D749608C,0.19413552480879473
CC_68A9C3CE2557,0.10489002277510504
CC_68B9F8C6D9D6,0.6362428020036268
CC_68BC65E3C84A,0.42236338489733066
CC_68CC4D1D898F,0.07314349240842957
CC_68D0ACBD2D0F,0.030108038021857395
CC_68DA8D5488B3,0.07917235778033165
CC_68E675A69AF3,0.15113751486280477
CC_68FC9E6FA27E,0.18417596979216846
CC_69322F7C4CE3,0.12494316081922863
CC_693710EAD59A,0.18620687034778793
CC_69387752F41F,0.5548217892153613
CC_693B71DDFE67,0.1720904273705937
CC_693D4AEDA3A2,0.11038823978484343
CC_6952171BCD2D,0.1545079826493455
CC_69547DEB412A,0.24676875944433768
CC_695E80DBA42A,0.07426450114784751
CC_69717E76CFAF,0.45122029771923167
CC_69741BF89A2D,0.12485562505469724
CC_69825C70EEE9,0.20252442631383558
CC_6985C268DC74,0.45593215535546316
CC_698886C4AD90,0.1473447885359945
CC_6999901A6060,0.16124034925900563
CC_699ABD34646F,0.07429983314614007
CC_69A98DC7A907,0.06287558405534095
CC_69AA6E0DDE10,0.24330290618569123
CC_69AD5A48A78B,0.226583770096988
CC_69BA7BFF98E2,0.12572224905588758
CC_69BBE365C097,0.048669177503006644
CC_69CD95A00D9C,0.03849245137425904
CC_69D328691680,0.0794644088423235
CC_69D39C9F36F2,0.24142077362945547
CC_69E09390CD64,0.08603150535937301
CC_69FD49E90AC9,0.35767536479302425
CC_6A099AFE73BC,0.17441861581171927
CC_6A099E6C91BA,0.3199753022296632
CC_6A19EB191A81,0.027770245405409233
CC_6A39017046FE,0.08220251945286053
CC_6A4A401F2920,0.37871157148244383
CC_6A5261180031,0.07358808813876841
CC_6A7432494840,0.17764255313442967
CC_6A7963180D20,0.3862738573305444
CC_6A7D7E5F814F,0.59801862160639
CC_6A8B8BBA749E,0.15182784280086384
CC_6A8DFDB0621D,0.14235053395865588
CC_6A93C436E2FF,0.1074904520620947
CC_6A97F81D9A0A,0.16688039412109548
CC_6A9D1622B4DE,0.3046730336714963
CC_6AA6589445C1,0.675808095116756
CC_6AA7A87F59FD,0.14871587114847523
CC_6AADD44C0B52,0.09275458069498001
CC_6AB4A5EBA3F6,0.23253762366878777
CC_6ABA7D0ABAC5,0.14096053298115377
CC_6ACF1E52BE8E,0.13020003231152844
CC_6AD3513459CB,0.08009951069136101
CC_6AD4238EE77D,0.19914869113258474
CC_6ADD0FE5DD74,0.6410186652233988
CC_6AE2737BD3A8,0.09155044462096848
CC_6AE48C1F2448,0.1534971742934427
CC_6B00A666A420,0.6548758443208913
CC_6B07C3992304,0.06329559980893215
CC_6B0A72BBD800,0.6383387197562806
CC_6B12B975F2EC,0.32263207150439327
CC_6B12C9507F32,0.17295042787022485
CC_6B34719D93AC,0.6295508852952862
CC_6B34740DD355,0.16604371511387087
CC_6B41081727AD,0.2141142233071443
CC_6B4902892E70,0.08479178385609856
CC_6B5BC2D89077,0.7210619416684213
CC_6B65242C2CCC,0.16564721811288752
CC_6B823BACBE75,0.33561865401478247
CC_6B83E1A959C2,0.24463783053428473
CC_6B84FB3DE604,0.03043257974815689
CC_6B8AABAA752E,0.19738355112130002
CC_6B8AC0DEE990,0.36079965537839326
CC_6BA45C072D40,0.15558955767723887
CC_6BA72ECB5027,0.11856406225752344
CC_6BB560F020BD,0.07465245482718416
CC_6BDF0B68C126,0.022786069341270084
CC_6BF0A9437728,0.13575245645664596
CC_6BF3B9097199,0.1504333023810834
CC_6BF7A1EF31B9,0.16677287595711815
CC_6C29DF49246A,0.07626981570652681
CC_6C3C86C2125E,0.10062518826487099
CC_6C42FF6D7218,0.6526566010826254
CC_6C541A482CF2,0.19648619662039626
CC_6C585A6BFE01,0.7958818390362827
CC_6C5CE36700D0,0.17740037079934795
CC_6C62C2094733,0.07752500244111771
CC_6C66539A9D02,0.24847386642901725
CC_6C684505E498,0.08457939120545063
CC_6C6E40927C35,0.03232433718465584
CC_6C7736F51C12,0.6943373087753975
CC_6C781CEB6F52,0.09122672625041456
CC_6C7E39BF4744,0.143936080947269
CC_6C9EE9BAECEE,0.06494619277338226
CC_6CA0F076091A,0.10007724226983764
CC_6CAD299645B0,0.18866092446581254
CC_6CC3C50BA394,0.1120508848885134
CC_6CC593C5385D,0.034509020892436376
CC_6CDA4B24C602,0.28255060886428235
CC_6CE31AFF7813,0.06361422501386543
CC_6CECB68DE9C1,0.349895638181882
CC_6CECD3DBA212,0.17389464399422766
CC_6CF17D012682,0.20329500787870253
CC_6CFCDF903310,0.14368522538874598
CC_6D08B5E62654,0.09249625206074777
CC_6D0F60667273,0.28816692707916075
CC_6D127EE83945,0.046418526593357344
CC_6D134DB29068,0.4006231516862432
CC_6D141A49D94E,0.6139583699100297
CC_6D148C0A624D,0.16680695893419142
CC_6D1EFDDE2EED,0.057610629363739604
CC_6D22B938D7B9,0.07478005300157606
CC_6D27409F4956,0.0902770439267019
CC_6D2F0EBBCA4D,0.24476561339640418
CC_6D43BE30E8B8,0.2501889291018415
CC_6D4EDEAF67C7,0.18880509404677748
CC_6D72571304DC,0.4988816888488344
CC_6D7C62C7C161,0.04902101665897927
CC_6D8A18C28AF0,0.07324181992552414
CC_6D8B35007242,0.0922389113732357
CC_6D93A9E49E3B,0.17970237178032478
CC_6D9C644A082B,0.11956040448095391
CC_6D9F52BD4D0E,0.13468325528628786
CC_6DA058F9B631,0.2851360590468611
CC_6DA1F8DF9CDC,0.22012754689267833
CC_6DB000AEF16A,0.10359385295299772
CC_6DB5025899E3,0.1993666052570439
CC_6DD6FA2FA0C6,0.09662959947556202
CC_6DE4E4C1A31D,0.18614418325369414
CC_6E09CBC15C94,0.49040585223121547
CC_6E353816938F,0.05077232291342747
CC_6E3AB992A5C9,0.15468912721829328
CC_6E420A2FE490,0.15032232101092763
CC_6E46D01888D5,0.1550159988484689
CC_6E4702162475,0.06202186116957327
CC_6E548AF15091,0.23574249540603162
CC_6E5C9A2DA27E,0.03490213801668117
CC_6E610F3976CB,0.17922844219526463
CC_6E614FF9BE02,0.6287459064534828
CC_6E68D46447E2,0.10213106858688681
CC_6E712C21215D,0.03958521287375474
CC_6E84DED41B8B,0.11948532694196526
CC_6E8557E30DC9,0.6261151454445126
CC_6E8963475D35,0.2238388448711629
CC_6E9880CA0BF9,0.32635316912679124
CC_6E9FCD68ED52,0.684671671410926
CC_6EB194A93F60,0.1328603352221626
CC_6EB370F511F7,0.0631555249284673
CC_6EC722B2BC2F,0.17423148574855368
CC_6ED1B0EE4B6C,0.2524098614220658
CC_6ED65E7CABA2,0.10268825141923965
CC_6EDA84B653B8,0.37429736859405427
CC_6EEE8E7C1D1C,0.18165975539040685
CC_6EF17801ADD6,0.14415546841115096
CC_6EF337CC4BA9,0.2990441269724117
CC_6EF464EC9FCF,0.10186489907657541
CC_6EF6B8AE7DCD,0.03615943085473276
CC_6EF8C59D8395,0.8288648827099651
CC_6F2146FE362E,0.05234836515451124
CC_6F2408B665A6,0.40988427415211626
CC_6F2B8E925D59,0.031161335172864808
CC_6F3034E96848,0.12510155470124804
CC_6F3559ACC2F5,0.03693871672832254
CC_6F46C5897DA8,0.4045967773141006
CC_6F49ECAE902C,0.06719791950970525
CC_6F4B818665D3,0.13625470774338028
CC_6F4E696A1F88,0.2688442388696601
CC_6F54BD66C0EA,0.1707989149558495
CC_6F786C433998,0.09802033121559231
CC_6F78BF56B0C0,0.0906918801113275
CC_6F8346F138C1,0.41224965346202636
CC_6F86CFDB23D6,0.04755583915866454
CC_6F8E30AE9457,0.16978419799601546
CC_6FC25B27AC26,0.08206322321366992
CC_6FC8BE007FE9,0.14932252106398292
CC_6FC8DA40122A,0.18996935503979245
CC_6FD8BAB1DA3E,0.056982191935342874
CC_6FE4FD09A9D8,0.09127746679610477
CC_6FE78CB02174,0.03609842988443967
CC_6FEB8EDBF2A4,0.1985001516135091
CC_6FFCF2DAD0A4,0.07847055920543719
CC_7002034B0979,0.07158197912364848
CC_7006523D45E4,0.08097221298054373
CC_70097151A773,0.0661265170020909
CC_7011BC95A91B,0.03429627294169989
CC_7020F3C11A3F,0.16245823117980557
CC_70306409A3E8,0.3398535901381804
CC_706B18DA7204,0.12809616713474942
CC_70703A59C070,0.1789580444688098
CC_70749DDFF595,0.15181452848615734
CC_7079CE5127A3,0.03499953590362974
CC_7087A46F0AB7,0.084462710518397
CC_708B73EBD939,0.1603290829533428
CC_709315667BCA,0.07865149864049462
CC_709970475B6D,0.6234514195291694
CC_70A56ADAC199,0.05198474986933573
CC_70ABB244502D,0.041108053237148924
CC_70B0176647CE,0.12608468602955364
CC_70D3353DA1C3,0.06841045326740403
CC_70D652DF4E91,0.13780109244998445
CC_70E3121BFDC4,0.09705507406904001
CC_70E5FB8B072D,0.03859550172114766
CC_70EFECA3FAEB,0.1809720148167498
CC_70F59DA18BCA,0.39071744543447684
CC_7100129A0AFF,0.10005723652456311
CC_7113554E33B9,0.06186875937535831
CC_71260405461D,0.07178540460254307
CC_712677251322,0.19805178653987654
CC_712D31B2785D,0.07559841445131228
CC_713052DB1E2E,0.06498055889256876
CC_7139C2D6F1AC,0.11486570143256843
CC_71427FC8FA49,0.248328778984164
CC_714912E93A71,0.13705448521105035
CC_717A5C2ED311,0.23665210639283446
CC_717C94F5C8F1,0.06737562519981537
CC_718F067F4DA0,0.03774401876028151
CC_719E714DD38C,0.045983231324039614
CC_71B169C874D0,0.16361353476709045
CC_71BB5070615C,0.13531673708244807
CC_71D37D6D19C6,0.21628916325240788
CC_71DC80205F42,0.16144418109456038
CC_71DEB636B8CD,0.6215562007514128
CC_71E4CBAA1211,0.15995404628508098
CC_71E787049755,0.10325568969076099
CC_71F1EF5575AC,0.0899298770097294
CC_7201DD8EB33B,0.21096029245737974
CC_7202C8CE2317,0.30941232979208927
CC_720B06583C57,0.035680852328762384
CC_721DEC038BAF,0.07925649538915484
CC_72219BCC83E3,0.14668188774975066
CC_7223DABA7E98,0.09462947088057393
CC_7233459FF7B8,0.20139463151796883
CC_7238A8A6767A,0.22790388583650312
CC_724559551664,0.6720262246149253
CC_7248EB4B76CF,0.05765175610188615
CC_7259B5314D92,0.07842431430692473
CC_725CA03102FE,0.04102554953724588
CC_726E05E5A555,0.10191308396764559
CC_7276AEED6D4A,0.061468943117264106
CC_72A18E8D6670,0.03508899352262633
CC_72CDBC38202A,0.3989254843927799
CC_72D8B2ABA2D1,0.7142127306302009
CC_72E4590D362B,0.3857785947507522
CC_72E8542AE4BA,0.04136832092471969
CC_73010B6E55DD,0.6231364035486556
CC_7309A4693D52,0.15247067920199475
CC_730C2A3FF1BF,0.18157312891630925
CC_731C1BCED024,0.6037213234361515
CC_732C325832D8,0.17572647414394227
CC_732DFCAA0A75,0.19479568175421574
CC_73322A6A24B1,0.7525956327088621
CC_7336B19A18AB,0.22313928379887085
CC_733AF1D123B8,0.3388475646999127
CC_7344A0E90AFC,0.11027457842566923
CC_7348C2B475B7,0.11760411926833222
CC_735E1A78B058,0.07743894922605464
CC_735ED2A02DC4,0.14230219379139664
CC_736015DE4E3D,0.35696284145678664
CC_736A42761E55,0.10660584805080918
CC_736C0436B98D,0.15105308823956026
CC_7379212919FD,0.08865006820841362
CC_73859CD59E75,0.5987503663697684
CC_738B201B1CF9,0.10737482057418701
CC_738DCB11942F,0.061339302267577785
CC_739198ACE582,0.11785182146092923
CC_739D093D7B69,0.10749821085571623
CC_73A7FC903662,0.16398698203282613
CC_73A8927DCEB9,0.09078016464434134
CC_73B575BBBBE3,0.17072812147159605
CC_73B6B9AD2002,0.048133232413459764
CC_73C28D72A5A3,0.5470306407167624
CC_73C38DBDF9A7,0.11621419097777959
CC_73D44BEF6754,0.37043567904791846
CC_73D4C1D7C022,0.06960653452575216
CC_73EF383F3C2E,0.1588063718188854
CC_73F34B1607C1,0.06419583684121118
CC_74137206902D,0.09889453170811366
CC_74198E5EC366,0.07469401272655327
CC_744FB5804A8C,0.6333605913872605
CC_7451E64B6D47,0.1457657564146676
CC_745A64878AF1,0.08358654496076592
CC_746B196CECA1,0.14011792790253957
CC_746C06898D5B,0.6393225084442482
CC_746DE1EED0DD,0.2592632949048324
CC_7476938CF6A0,0.4965450800569548
CC_747CFDB7E305,0.07872998593043548
CC_74845374E870,0.7491592067958645
CC_74AD8D3B192C,0.6972935427523334
CC_74B90A15B270,0.11662584219410388
CC_74BA5D46E909,0.673176725737088
CC_74BE0AD5E21D,0.19862406086445972
CC_74C33B66F002,0.139244627108508
CC_74C9C3F17421,0.051326619990496494
CC_74E4BD5C07D2,0.06970027020484101
CC_750D90249EFD,0.10906480761192502
CC_750DA21B7EDD,0.33665958734546997
CC_750E6537383A,0.23242056190524932
CC_75137D6F9DCB,0.11320166369409454
CC_75173A8A11D1,0.352468148976822
CC_751DDC1FC2AD,0.10127683417069412
CC_75357E0206F5,0.08649800049277717
CC_753D160E3A58,0.11478418913503284
CC_754447632F75,0.039591321599592146
CC_7549363C5D36,0.06460285205094443
CC_754F3894627C,0.10821447749903856
CC_7562CD43897F,0.15208953400342756
CC_756A077EC614,0.41558490092833755
CC_756D3492443F,0.2876696531301813
CC_75783B3E6C6E,0.043182558027961254
CC_7598068A716C,0.03794301647676841
CC_75A37D8C1F6C,0.6184286769474678
CC_75ABDDA24C26,0.12341967183360956
CC_75B287424E59,0.34421730460130706
CC_75B2B88876B6,0.09414374257932803
CC_75B324FCDD4A,0.2524205205187934
CC_75C1466E61E2,0.26215903724089795
CC_75CCCD9D4568,0.10012923872503629
CC_75D2DAF4491C,0.3478737328492224
CC_75D54090AAD4,0.0942308755124576
CC_75F1927E5941,0.686542097287633
CC_75F99AD6844A,0.30437360143837
CC_75FBA505C727,0.2736075391415026
CC_7615CC930B76,0.1395026654624406
CC_76168488EBB0,0.5233587286486913
CC_76197A77D666,0.028761850505996348
CC_761F48F8E962,0.2520465143076804
CC_764C6ADC6D1A,0.08243904119098588
CC_7658A6B0910B,0.04207785037629873
CC_766347951B7B,0.5823702102176268
CC_76857712D8F5,0.3513942288608607
CC_76A0DF2549B7,0.09873177084774407
CC_76A636414AEB,0.26028145044836903
CC_76B01540CDD1,0.18295886164760677
CC_76B420FC66EB,0.1024933343653015
CC_76B6BCD2EBAF,0.07455158645378392
CC_76B7A0029620,0.11478386956617678
CC_76BA435EF2AC,0.15526237728237935
CC_76BCC1AFDA4D,0.07167019658990614
CC_76C35913E797,0.13086601186303864
CC_76DE3DF1DEE3,0.1758604699073517
CC_76DFA4CD068B,0.07841536358266735
CC_76DFE3568C72,0.27884134667554633
CC_76E201F1E036,0.36168909738975275
CC_76E83166FE0A,0.1417173125136056
CC_76FD9E9D9ED0,0.1626585086800621
CC_7720BBD06736,0.3392579418892777
CC_77340228F356,0.6766411792486163
CC_773CBBCBAFFE,0.1116792775573989
CC_773E9B092923,0.11495327190405005
CC_773F22C3E42F,0.04011799658083434
CC_774ED295BF96,0.1592937695925548
CC_7751ED6DF76C,0.042792535141502844
CC_77571749B970,0.1330533235120821
CC_776F8B3BAC08,0.10299983875456203
CC_777889F9694E,0.03654626153582788
CC_777D08513AE8,0.07885755126980312
CC_777E3D988EFD,0.25104205271679414
CC_7795BEDE05E8,0.31491618663457827
CC_77A9EA3A6784,0.09503976074044232
CC_77B1AB7960A9,0.1903636310026951
CC_77B6EA810549,0.2841088420209187
CC_77B9889C9BFD,0.19057799008637688
CC_77BC55DC92B6,0.1238757577167065
CC_77D1DFCB0A8B,0.0506948302490749
CC_77D9AC43DFE1,0.2066057927585309
CC_77E6EF1CF2F7,0.37152547521003054
CC_77FFA8E6B36D,0.10500495078492066
CC_7801661A9DC2,0.16706251395676827
CC_78069B1BD931,0.15006849115254045
CC_780828B48716,0.12096628221476366
CC_782130B98F34,0.10503948817565292
CC_78273789B3C5,0.7689072826120393
CC_78296783E4EA,0.1900283355690462
CC_782B06291D87,0.05634673090609218
CC_783A2D4C89F9,0.44082149252396363
CC_784407E16923,0.10215366744896918
CC_78491B6255F2,0.4104873597973806
CC_784F17AC712F,0.06782739271023812
CC_7852FC3BBADB,0.09089247636554237
CC_7866E4CE528E,0.7271937825371491
CC_7867E7C01013,0.191951049013189
CC_7869F609EC2E,0.17529013896567908
CC_7874F14ABD7F,0.17886039353146685
CC_78774E05FF12,0.16286773562753518
CC_78815A352067,0.11275001050564634
CC_788FF4549766,0.2792192037759015
CC_789977501322,0.10715897041840186
CC_789B2BA880E7,0.040174265225137784
CC_789D87F51AA1,0.06481861848637263
CC_789DC3C358CB,0.21041120001367153
CC_78A036DF6320,0.6858601410443447
CC_78A3EA63B7EF,0.04118634381309948
CC_78BF1B8FC1CA,0.11491548847174574
CC_78C96E7015BA,0.6441272195506427
CC_78CC84FA2CE2,0.1955170585655306
CC_78F0087076CF,0.22399306913563122
CC_78FAA95F5B5F,0.12302187343887427
CC_79033EFDE096,0.12866059347180875
CC_79086C18A963,0.13075359198483139
CC_790DA2ED9F5B,0.12810690262330598
CC_7928811F7D86,0.10141767403073226
CC_79345478FCE5,0.19836148174289192
CC_7936C8D65B95,0.13097860329013458
CC_7948C5509411,0.5036379364324638
CC_794ADB0677CD,0.12845436779759958
CC_794FF8E7F876,0.05004800739992252
CC_79500EA652BC,0.5522085672595384
CC_795083A66DB5,0.03779018111016136
CC_7950D4B773CF,0.11641831757184602
CC_7955AEB49759,0.14444528409532909
CC_7964F862DFA3,0.4066246561360648
CC_797A700CF967,0.46397960013929945
CC_798180DDF677,0.3720816184417235
CC_7981ABA9C370,0.10503351290302626
CC_798B2DC03C5A,0.07220982225408812
CC_79BD986C23CA,0.07663702473027348
CC_79C6BA680815,0.521267823426427
CC_79D694E6F5AF,0.25771432934043725
CC_79ED9A0F6E49,0.4395354755782364
CC_79FA2512E5A2,0.15572541445259286
CC_7A0024F6FA60,0.2455176144385789
CC_7A193A453F27,0.03411360449956814
CC_7A1F071DC5D4,0.393481432871549
CC_7A5D96BC99AA,0.7295540507165829
CC_7A6B51562949,0.31252200599533975
CC_7A6D7F9654DD,0.43699813627108774
CC_7A778E010F33,0.2893319848364597
CC_7A7FB841B669,0.5904097477515837
CC_7A91013D31E1,0.1237288796916524
CC_7A9117596769,0.05529620508351872
CC_7AAF340DCE8F,0.18010615377474612
CC_7AB146267981,0.21764202703042615
CC_7AB2A9CC8424,0.228856163492018
CC_7AC1DF18CBA4,0.22618945832822374
CC_7AC4240DD225,0.3403828755971755
CC_7ACB325BD924,0.18285612162103482
CC_7ACB88002397,0.5051936319540452
CC_7ACD4F370AED,0.18137743037913104
CC_7AD4072A9F82,0.0566477957437497
CC_7ADEECDE4D73,0.2092736728994368
CC_7AEB48D8C5E0,0.08578908019290471
CC_7AFA5CD2B29E,0.10962985242068879
CC_7B092786DDB0,0.05172133690460834
CC_7B1B35D5628E,0.04811725183535903
CC_7B210557F04A,0.12345655563432317
CC_7B369A7C1D3F,0.16713646717626524
CC_7B4002591821,0.6935393778075973
CC_7B42BD80D79A,0.19168068781744174
CC_7B44FDF08B93,0.09116625806335099
CC_7B501C32CAE5,0.06148776634641315
CC_7B88520D4FA2,0.38886681873190815
CC_7B8ABE6E552B,0.21982943184423687
CC_7B8D2E07908E,0.38571199483973273
CC_7BA150468D19,0.6377658993626238
CC_7BB159FCEB53,0.2742338992238008
CC_7BDD72710831,0.07149309874756625
CC_7BE02C65B967,0.15190079690155492
CC_7BE382988C1C,0.6256560311182138
CC_7BE6110DBAA1,0.34916966261263876
CC_7C0B14BB0573,0.152635019121744
CC_7C0CF5558904,0.6924130092259323
CC_7C13E7F561DA,0.6290124170027973
CC_7C46F7F667F3,0.09776436635916028
CC_7C510CE0521B,0.08704767801905083
CC_7C61B5D39E49,0.46048075188987436
CC_7C6770DDA182,0.12622053994968255
CC_7C6DBF78A610,0.10085822650604688
CC_7C7B0438E3AB,0.18484987021629273
CC_7C87DFBC3176,0.09726093678535544
CC_7C9528E94215,0.33237838210027476
CC_7C9ADE65CF81,0.09729880757768328
CC_7CB6CD1B9DD0,0.040022276738678364
CC_7CB7C7E55BE6,0.1574988114224558
CC_7CCC3A690325,0.17883647240830264
CC_7CE5689488DB,0.03942883315011371
CC_7CEB758A9814,0.04958245554335389
CC_7CF7443D923A,0.05247209091656571
CC_7D0D597690BF,0.18116917554636142
CC_7D0EA0307817,0.042835307670071085
CC_7D12E6FF25C3,0.12733492936337
CC_7D28D39AED1F,0.6712336883147078
CC_7D2D19D832FF,0.06582267446360154
CC_7D34A67E1369,0.06215360625878302
CC_7D4388B41EB9,0.1767202616727947
CC_7D46FE573D79,0.08072668401614905
CC_7D7810799F2E,0.04616624802594301
CC_7D79241150C8,0.13430197469859292
CC_7D7B92EF2655,0.14954714471956007
CC_7D8C2495C1F7,0.08319482755293675
CC_7DA4F1BA24A1,0.627095555842698
CC_7DAF18939084,0.05472252644002866
CC_7DB8BA427410,0.06918579487305901
CC_7DC9456F1161,0.039143240067693444
CC_7DD2CBE0F0BC,0.21956348820314575
CC_7DD495158BFD,0.6072651090502266
CC_7DD5411F7A14,0.29683388365633334
CC_7DF099A7A092,0.2399519623883244
CC_7DF27D2AC111,0.046423479124315215
CC_7E0CA072EF93,0.07233151215016495
CC_7E0DA100F5F2,0.17398370500596477
CC_7E1086EFDED5,0.034470393747897544
CC_7E12E0F3CF6D,0.11492426059874486
CC_7E178CE78FB8,0.07763087703143051
CC_7E1C1A6D0E9A,0.171677400448755
CC_7E2A76850DF6,0.7839561105900001
CC_7E3ACB15C69D,0.11294222075206767
CC_7E3F3373A73D,0.721186339026564
CC_7E42A3D0737F,0.11411361394313091
CC_7E4679C534D7,0.252813546612792
CC_7E53FEEB19B1,0.27349369134556917
CC_7E71CE7FC603,0.23944125888303086
CC_7E8333DBAEB4,0.381912353368993
CC_7E843438DE4A,0.05290373558650207
CC_7E8E4747C0D0,0.6718237486342751
CC_7E952828C1B5,0.08526963318674974
CC_7EA6431FE6F5,0.13032612669526122
CC_7EA7BA7621C3,0.25853462857600196
CC_7EA8F24B3010,0.10833836884081993
CC_7EAB28B0309C,0.06097310857084301
CC_7EB4A5BDA97E,0.08387781686261221
CC_7EB4B0A36534,0.10168248579860112
CC_7EB791F4AB2E,0.11546796244364635
CC_7EB883C9D5F9,0.036366590867330004
CC_7EC59C577F02,0.06834249712691615
CC_7ED2683D26DD,0.06597318962366011
CC_7EDB3440E0AB,0.5851946127777423
CC_7EE12013C7DF,0.19859831680423157
CC_7EF824CC0D3C,0.15103272263392759
CC_7F09C6F6321D,0.7099097506131828
CC_7F1AD40DA179,0.21178506785205548
CC_7F1D38A39164,0.08429607793163954
CC_7F22B7D326CC,0.20300440056202407
CC_7F2614F1AAAE,0.22812420702322217
CC_7F2CDC7C1634,0.041800640862112576
CC_7F2D46DF9BC7,0.15721972201579543
CC_7F57A90B69E0,0.2487610922553815
CC_7F633226A676,0.29738150185906065
CC_7F753D809267,0.6762902937179804
CC_7F7EBF25AED7,0.035336674045443946
CC_7F8496CC5779,0.040755285338717334
CC_7F88D9C5D258,0.08154441249989497
CC_7F8AB4DCA794,0.1399735001120047
CC_7F8CC9509418,0.3167154882689628
CC_7F9069571F79,0.30984346529086304
CC_7F9AD27E079E,0.17736518364259862
CC_7FA281AC1C7A,0.09793339857253308
CC_7FA389E90548,0.08971085045051032
CC_7FBF4A48AF55,0.046340219331849494
CC_7FC40175A8E1,0.2636093503122604
CC_7FD58EE7029D,0.07257700803959066
CC_7FD7F635C341,0.04740504678408267
CC_7FDD458DA059,0.24832490323918588
CC_7FE85C259E03,0.10340609736969508
CC_7FE8CD30D7E0,0.10079737943765138
CC_7FFA32DE7B04,0.1809779741795397
CC_8014F1E2C5BF,0.040619285405472785
CC_8015895C1C29,0.24651153078137006
CC_802BA7E39A13,0.06290963914770081
CC_80300D23C3FE,0.33754329292078616
CC_80465303B6E2,0.19592883837301656
CC_805ADFD46B84,0.060356580850261465
CC_8060F40D9522,0.18237023519445683
CC_80621E822131,0.056955105625351
CC_806654B580B5,0.40066091701812145
CC_806CFD6A52BA,0.04221728333519377
CC_807935BBEB7F,0.05155610253409357
CC_807C57E626E4,0.07586889566159007
CC_807C91C98684,0.03106630019310347
CC_8096B589BB07,0.16317634381052204
CC_809D60155E9D,0.06660327881613362
CC_80A2189E5125,0.4900166402263292
CC_80AF87F62770,0.17880400760406845
CC_80C03DF9CC57,0.20915925758981718
CC_80D9B6563750,0.5670699447073878
CC_80E9638ABD4B,0.04788117130048755
CC_80F7171B71CF,0.10642653170026975
CC_80F9983BC18B,0.06019418516486952
CC_811109A98EFF,0.10189297243112125
CC_8129480B056D,0.33244055630594865
CC_8134E5DA9FEB,0.5566517964709197
CC_8140399AD344,0.12111149028202017
CC_8140E278B6A0,0.24771880839149996
CC_814E0F756757,0.44218897610304464
CC_815FAAABFC91,0.21684891780963447
CC_816B28807CED,0.07581733178314598
CC_81821F9F2307,0.515957348926864
CC_8186D7991EB8,0.05091894585710639
CC_819E203180C8,0.8023607130939152
CC_81A5E3141BDA,0.5205904746491998
CC_81B5CED8EE79,0.12045558952015396
CC_81B91198E00D,0.6940916365070006
CC_81BADC379C8B,0.23548987171779434
CC_81BF8EA390F7,0.05883403863189003
CC_81C5FC962C72,0.0553979384618872
CC_81DDBFAF1CB6,0.05115103951181675
CC_81DE637E6138,0.03189952582095716
CC_81F389DEC9C5,0.08416824851600763
CC_81F647806849,0.1309427866556368
CC_820D491B2903,0.7427342786592177
CC_82172863AA45,0.2583824908778286
CC_82195FBE9366,0.051973566331459234
CC_821F503DA953,0.09567494040166902
CC_8221AF9B0B93,0.7437510644709161
CC_8222D1C47857,0.06048496717500905
CC_824BB6CD2B25,0.0536020475612273
CC_825192411933,0.10807174440420048
CC_8270E213EDF5,0.21272425400065745
CC_82839CC161E8,0.06623820760989427
CC_828A0B6D7291,0.08709188448675195
CC_828EDE22A438,0.04022089642504274
CC_82928B5ABD45,0.3089361242459745
CC_82A7FE954659,0.17636816240293923
CC_82ABE1FFFA1F,0.14273551459899494
CC_82BDFA01C41F,0.11892642181763706
CC_82C20057CB4A,0.1073038219373684
CC_82E52529A567,0.20694662072053743
CC_82EFBFCF68AB,0.12482930750507759
CC_83092F58B321,0.12445597533426983
CC_83098B4BBD4A,0.1041779019738607
CC_831F9E623C5F,0.17927101159977638
CC_8326C8A3D569,0.10985781007940962
CC_832730F42A18,0.12997960195788805
CC_832A44C3F2A0,0.05316672048167781
CC_832EBAE498AE,0.6907010091371185
CC_833B196A70F3,0.7143383806418209
CC_833E14DFF4C6,0.16563610526618833
CC_834092035687,0.345391418546145
CC_8351244DE3CB,0.06316223323655164
CC_835B90025058,0.045671469975203605
CC_836534CEDFD3,0.10889413149340127
CC_837ADC1EA55A,0.19528285571126358
CC_83884D799788,0.19172340264461957
CC_83947255841B,0.12251154997407926
CC_83A5A3022ADF,0.7702834680056762
CC_83ABA98906DE,0.07376736110427065
CC_83C75D07414A,0.4267496733818262
CC_83CBA767432F,0.708511775018621
CC_83D342F53F36,0.1520976044803677
CC_83D5CA2A23C2,0.04450505755881544
CC_83E002D6D82D,0.17539837687495308
CC_83FE1BCC83E6,0.311067764728576
CC_840E5B830DB4,0.044281645098521616
CC_842525788FC1,0.1912326388337693
CC_843076C8EB9E,0.2953118980883036
CC_8442C97EE91A,0.1247472268590291
CC_844C3C30ED67,0.11288828370496794
CC_844E345D2636,0.16778378616341394
CC_844F26E92B12,0.18748298851192907
CC_845032D8A261,0.2665314947887373
CC_845223F606E2,0.26808399048686393
CC_846F5B19B110,0.3337204284648328
CC_84797EA9ABF9,0.2711344960972043
CC_848D59D48081,0.17309141153938484
CC_84AB057BFCCA,0.0614880041780716
CC_84B0BA112537,0.05587202261342684
CC_84B8FCEDADD5,0.07877526175947186
CC_84C61A6BE99D,0.08125602596020962
CC_84CDF830F68F,0.07713525621764242
CC_84D5B88572DC,0.22639482003588823
CC_84FABECED186,0.11877377749994776
CC_8503F43FB29C,0.19505664711212353
CC_850ACB004EE2,0.07751201711789038
CC_850B114489CE,0.087511541172866
CC_850CC17BB13B,0.14051788692647638
CC_8518C159BDE6,0.13682941733880888
CC_85299261146C,0.09395018498112825
CC_853986C52A17,0.04421124406500419
CC_853ABBECF2E1,0.7860865189777027
CC_853BF4485D85,0.17990642543146795
CC_853EED03843B,0.07558593677258019
CC_853FD1B551B1,0.15081552019718106
CC_854AAA98CC0C,0.7703049986137116
CC_854F8AB5F1FE,0.03679993170535467
CC_855E2A785BAA,0.10584114356141958
CC_85614CA68432,0.06367432150523518
CC_856B92B23BB5,0.7766066090781065
CC_856DF4A30E13,0.6922125065244704
CC_858704DBD5A6,0.06483382119363484
CC_859EF0AAA74A,0.050054855398738884
CC_859FB710961E,0.14319063318161346
CC_85A0EB3C9884,0.6015129529116827
CC_85C887BB996A,0.09103525055453068
CC_85D9A6C9CA60,0.11206180068562271
CC_85DAF10E61A1,0.6045670588094053
CC_85DEF8ECB524,0.12666573885550986
CC_85E2E0B8B15F,0.6943261887320882
CC_85F018DC47FC,0.2976693619864194
CC_85F376B33951,0.18038587114091356
CC_85F745E1D307,0.14961667956463415
CC_85FAFB430486,0.2693935556934859
CC_860D4B868C17,0.025039637035416958
CC_8614E30C9FCE,0.435663444546828
CC_861F5DC22035,0.04350485531148123
CC_8624ABB391B1,0.1691588802206788
CC_862BAB422756,0.3237333987453246
CC_8642F98E5504,0.1665969021860171
CC_8655B8862C81,0.16818402019970094
CC_865FCEE75A8E,0.03533749763360307
CC_867372811CCD,0.4271587343305676
CC_867695B5C296,0.5516986162745876
CC_8682B1F914ED,0.16074688396324344
CC_8691DF144B92,0.4956689240961233
CC_86AD259FA5B1,0.14424179152403233
CC_86AEC21936BB,0.7216286250287227
CC_86B1D15F8424,0.044454014795670016
CC_86C2A6EC5712,0.7132249140760316
CC_86CF816B494B,0.05857069527830186
CC_86D4D58B1D0C,0.16685669527929803
CC_86E2C4E17CB6,0.04553138379341693
CC_86E9E191E3CA,0.37807466862588757
CC_87000C16C856,0.10194710969342416
CC_8703DD5FA02C,0.18973249092116024
CC_87065B1F429D,0.11083900819746409
CC_87434BBA1CE7,0.035739873674318814
CC_87450EA8CD55,0.6802061648842321
CC_87480F785786,0.076766368559647
CC_8777EA6EBFD4,0.040384532439939225
CC_877A35E76904,0.06923230211706856
CC_877B37D01563,0.1262284541404848
CC_879759A5EFB8,0.36471390216979127
CC_8798AF2651BC,0.13897775257634196
CC_879989FB3B92,0.5811361482039602
CC_87A3BECEE5A4,0.11874694189796214
CC_87B7CDF4BDDE,0.03874938156350614
CC_87C13E620006,0.2472215569918076
CC_87E3AFB080F8,0.12669110352520485
CC_880044F77ACC,0.09300990745213934
CC_8809BCAC74A9,0.03721457136550569
CC_880E0019DB5D,0.030469882782322256
CC_880F027D886E,0.12610021463250468
CC_8812BC579F7D,0.08215137579119935
CC_88225FE57D82,0.20046713751824666
CC_88315318E9DA,0.3447927202103952
CC_883864E584A8,0.08187003391812614
CC_88469BAD58C4,0.04714322974572327
CC_8854EE679596,0.0820452770994082
CC_886273CC4072,0.0772483010187541
CC_8866B6D4524F,0.22143165280539295
CC_88A943606806,0.3280483048635915
CC_88E916A3F984,0.7932887513783657
CC_88FDC55C31A4,0.12463865835835182
CC_890D5EE59076,0.028480896351253962
CC_890F721517F2,0.10028122062396082
CC_89129D16418A,0.3327803594011425
CC_8917F02F9326,0.1387202687044437
CC_8920B6584A43,0.07032136245609599
CC_8929DF270419,0.7140944077555993
CC_892B119F0E5C,0.19237165212299245
CC_89302456B9D5,0.6332711639461831
CC_893FAA6D1F04,0.742465667220847
CC_895AF697BFBB,0.29905771204673826
CC_8961FF892F79,0.029800602434775912
CC_897674493060,0.07463443565417491
CC_898AFCD28B03,0.1288565949103667
CC_898CC919D10F,0.1917603752557162
CC_89A711195EEB,0.1636631564375758
CC_89B4DF07DF12,0.0748113778733156
CC_89B941079E10,0.11595884940964445
CC_89B97E9FF67A,0.1031743495445145
CC_89C5162E8055,0.19398207620930924
CC_89CA0F1E2DBF,0.23804018651018297
CC_89DEE29A78AA,0.11073588690053612
CC_89E089707730,0.1560600766786611
CC_89F0B865A6D4,0.11730416371851182
CC_8A04C5D4D02D,0.06165454508260614
CC_8A081AA1FB92,0.3191640634349546
CC_8A0C640E7A89,0.5444696923814228
CC_8A12B68246A6,0.053720761443981115
CC_8A14A46B280C,0.15067761762691118
CC_8A165A18560F,0.2625477141981316
CC_8A19196788FA,0.0651534666764534
CC_8A25FA445037,0.11292253065092364
CC_8A29EA87B295,0.12915852761222127
CC_8A2AC87CB22A,0.050393390273317025
CC_8A34634E7423,0.6309788520778152
CC_8A38BC1AFE57,0.0716727353564047
CC_8A4CAF0CD0F3,0.11552396793163136
CC_8A5A0429CAB0,0.14132373480392596
CC_8A6E60FAE870,0.08178488300099802
CC_8A7DA054E397,0.6930939291807586
CC_8A7F5FF4B421,0.27246359447713964
CC_8A8249A44847,0.11470279544272537
CC_8A8BCE16DF45,0.13973597051721776
CC_8A8EC764734B,0.07106165021464597
CC_8AB553BFA00A,0.0951465035932157
CC_8AB57DC077EE,0.6160044553123655
CC_8ABA5808D313,0.06770671081829148
CC_8ABDD9A05C87,0.3494719768722103
CC_8AC7520DBCCF,0.17505350886016569
CC_8AC7F8BABF28,0.06361915317872975
CC_8AD67FB3A5CC,0.7387962879564185
CC_8ADDCF5EDCC1,0.09700200029415919
CC_8AF1C3A0799E,0.7335297634627342
CC_8B388FAED0B6,0.11399325902178499
CC_8B46CA903D09,0.02811965966896344
CC_8B5819403FC8,0.7286424748753365
CC_8B581B8207A9,0.13636863526595283
CC_8B6DBEF19F46,0.15137453163303238
CC_8B8326C4C229,0.12888783921032249
CC_8B850FDCFC83,0.08815280073121681
CC_8B8F41F19B72,0.07447058776979373
CC_8BAF98C60957,0.13705985782669258
CC_8BB0824B181E,0.0480232018871245
CC_8BB963DAD9E2,0.17163148762047592
CC_8BBF5F939D7C,0.1449546976403493
CC_8BCBDCF4DFF1,0.0914245278122768
CC_8BCE343561CB,0.7299494932097013
CC_8BDA87361657,0.09985150866494188
CC_8BE68A4DB87C,0.06445973227194236
CC_8BE9BBD879A5,0.04733305924596089
CC_8BED85B91011,0.4152811311846793
CC_8BF68E552DA2,0.18916016673821703
CC_8BF832E6464E,0.8014520896227206
CC_8C1561920E84,0.230456784842902
CC_8C2A7D9A667A,0.14820662416020844
CC_8C3A5DFE70B9,0.1875033404292168
CC_8C534CCBDA4C,0.19810299366122275
CC_8C6472A3EEAB,0.05613141000652184
CC_8C6B4854D16C,0.20965179510239415
CC_8C76DE4F58D4,0.06856464997289037
CC_8C7DA3F4F88F,0.06931739720315729
CC_8C8527DE7DD7,0.07420556801671045
CC_8C9416612FDE,0.43368038925177227
CC_8C9973F02AD6,0.3353279403310575
CC_8CA1DB61A2AC,0.04761075108523831
CC_8CA59CAE22F6,0.1867719326687863
CC_8CAFD04A6EDD,0.11750875111342837
CC_8CCCC389913B,0.6532543296416868
CC_8CCEF12DC7B9,0.19268591377399918
CC_8CDCD714BD1F,0.7942587989922689
CC_8CEC7987D1B1,0.07840915266059703
CC_8CF621ADAC0A,0.28205354994643184
CC_8CF8FE2A4B82,0.3904343582775801
CC_8D048396D9D5,0.10683916139412777
CC_8D1089C58563,0.5578396534325802
CC_8D35A37FC4B1,0.08571114970289773
CC_8D41E12FE5B6,0.14824081121781577
CC_8D4A859839EF,0.14730628984096578
CC_8D4AD431C55F,0.1036357664496072
CC_8D4D882CA579,0.12018834815871532
CC_8D6151025078,0.12553530941391572
CC_8D637233FE54,0.1472418166826641
CC_8D6AEBA2D7EC,0.09633719579557948
CC_8D6E16DED971,0.17734813274206623
CC_8D7329F79BBD,0.4753982511101218
CC_8D7B7307C43F,0.0953760313410357
CC_8D7B9D4936EC,0.7355942990795075
CC_8D80B1B44AE1,0.38797022571623746
CC_8D9516D61143,0.407433866142993
CC_8DBB8445786A,0.08751341747131813
CC_8DC5B86D9DCC,0.7480905916490661
CC_8DC6465998DD,0.19846077507800197
CC_8DDD0EDA9CB2,0.15436476073463795
CC_8DDEF0265CB4,0.06337180201768325
CC_8DE06BEB95A1,0.1006333412801078
CC_8DEBB5B14A14,0.15628104993621078
CC_8DF5BE7F759C,0.0671871312661255
CC_8E0ADCC71F85,0.044212919905254056
CC_8E0BD86F6F0E,0.11659100493665905
CC_8E143BFCF3E5,0.11928857100101878
CC_8E170A60D71C,0.38280693944821786
CC_8E1C3A21FAEE,0.11078593469390358
CC_8E408E18F060,0.1025373463279981
CC_8E42FB163DA5,0.7974154564915268
CC_8E47536D29BE,0.2641365905121116
CC_8E50AFFC5BBD,0.04354246502787079
CC_8E5FB1035354,0.16340791708865696
CC_8E7B9B8DD1A3,0.09676417052595647
CC_8E85B08196AF,0.040054275180146245
CC_8E96FC75AE5A,0.07111693357019004
CC_8ECAB5A6C7B9,0.07321492129870953
CC_8ECC4C7A6638,0.5110848409591824
CC_8ED6F13C35F5,0.16326900608539185
CC_8EE5E9467038,0.1637194739685996
CC_8F037E5AE692,0.05999913960574359
CC_8F1A418D96B3,0.2967509511614761
CC_8F1C4014F91A,0.1406356407267314
CC_8F30A5FC9D49,0.0903590557612011
CC_8F3456F298F7,0.24776082409231492
CC_8F393D485C29,0.1496490449650309
CC_8F4A41130110,0.046412493050853806
CC_8F7AA6E4D486,0.12090843131807254
CC_8F887BE25314,0.16992773096361827
CC_8F90CD1A5E00,0.16792358568462862
CC_8F9B26042C4A,0.12306797944547802
CC_8FA9423E65C6,0.12170723650773191
CC_8FBA6C32E0A5,0.26787223686424255
CC_8FC1C50C41E7,0.08426698163433208
CC_8FD005425792,0.06845710601163793
CC_8FD6A223135B,0.12701490515997726
CC_9002450E1B5A,0.041940399321395525
CC_901CE62199C7,0.3934558014920877
CC_901D2136E1F9,0.1729294320967301
CC_902648F62345,0.1598795351448275
CC_902BF0612E70,0.16141252575816806
CC_9036F7423277,0.20069313520003057
CC_903AD2767BAE,0.7122894362327128
CC_903E4BA690FA,0.2785442360907509
CC_904386E31210,0.05174897028172447
CC_904EA6C846F8,0.42810136128733867
CC_90549DD3CC39,0.13880601675283996
CC_905739E5494F,0.08332020344051469
CC_906F852C69D6,0.6670703645333145
CC_907911F4930A,0.25320315771084895
CC_90798A7273BD,0.1374451007660216
CC_907F3A8AFCFB,0.07722264563044964
CC_907FA7722881,0.10752922268834475
CC_90812D9F30FE,0.08668316747977867
CC_90870A89F310,0.041362203519146934
CC_90894CA021C3,0.6054833664143078
CC_9092C5EBF5F6,0.057812627786723636
CC_90A10D649D9C,0.6829593579605593
CC_90BF8E127519,0.5684127868316242
CC_90DBB385A7F3,0.7007318843759688
CC_90EAD308012B,0.3132465764740815
CC_90F4BF0B868D,0.11449583306521435
CC_90FA39516EAF,0.07489518244696652
CC_9117894F31C2,0.20425354616829994
CC_911ED63BB556,0.33542429899785087
CC_912730AE6E8F,0.287571250320132
CC_912CA7EE4C26,0.12590138535541692
CC_912DA46AAED2,0.0864669298282866
CC_9132E67EA479,0.1602856874801604
CC_913D95FB31E0,0.14500068485892936
CC_91529F20D461,0.7542008231598949
CC_91586318C780,0.04079734823107734
CC_915F2708219D,0.15730699938921064
CC_916CCF9CBC08,0.032186556927919524
CC_916CF77A29CC,0.08586089324508445
CC_9189E4FF82C5,0.14775630588718353
CC_91A27CB6139A,0.1280276091211744
CC_91B7A4A15A37,0.6279552789820049
CC_91C2077BA6D7,0.0761490977910233
CC_91C4CC43EEE5,0.14997297936452056
CC_91C55BE33AC7,0.0618080614503243
CC_91C81BC58B49,0.05387747472978037
CC_91DE12EE18A7,0.3829807361152696
CC_91DED13CDCD9,0.1465564527665175
CC_91EF639761F8,0.15654423030210377
CC_91F23A7E743A,0.3271095021139043
CC_91F4C5E889C7,0.725746168422259
CC_920E91EB28A7,0.18156862401394536
CC_921481F5F77E,0.10426261406737938
CC_92221DB27176,0.16857878326549727
CC_9224D5677C66,0.09335991473000302
CC_9230B9656F93,0.2009083658109342
CC_9231D0F8A993,0.7020680709679139
CC_923727159A8F,0.047783376494470536
CC_9248706729D9,0.045473352180363164
CC_924AEB5DD991,0.22009399918500216
CC_9250BA851692,0.3628721351384197
CC_925BACE3417D,0.10005952235250917
CC_9260CD0D7C0A,0.11383266068167774
CC_9285EB21B38A,0.10575783644207337
CC_92A09F03DAB5,0.7905420061084039
CC_92BC35D7F9CD,0.09056922089843053
CC_92C5FE9E5B12,0.67826018542266
CC_92DC8CF8C902,0.08792576781603834
CC_92E006664648,0.29270405504592545
CC_92E4EFB9F0DD,0.1238312002041361
CC_92E621E0298E,0.18569797239059843
CC_92F412AC7D22,0.0703704912806093
CC_92F42886B7E4,0.1980564631889242
CC_9301E23D376D,0.6007495063068267
CC_931133320380,0.21075063277795622
CC_9314B6D8B7F2,0.07854755636541341
CC_9337E3B43211,0.19765356469536094
CC_933E044F26DB,0.08762144502924651
CC_934BB89938A3,0.10100661549800813
CC_935296A995DA,0.1281423498893693
CC_935326AF26E2,0.1805205379605816
CC_935B72B8E7F0,0.060025088708604804
CC_936FF3C9BE68,0.043783036616627746
CC_937FFE1718BC,0.039209975763798005
CC_939F92AEE460,0.7920100142522579
CC_93A4365B25CF,0.8001516345634458
CC_93AB9D6A7EFA,0.09579205654845027
CC_93C719738590,0.7956243801922823
CC_93CB48930B37,0.19019640975464697
CC_93D24FAFD21D,0.0978068000212956
CC_93DB5F477493,0.13069347987645183
CC_93E1CAFAD44D,0.07187476406188287
CC_93EC9F853123,0.2232380685005286
CC_93FEAF515A8E,0.0533461214167356
CC_94063A67F136,0.33229361692011405
CC_9406E32819F5,0.0645107494848002
CC_940971CBC1A4,0.16633923922445132
CC_940ADC8DEA3F,0.13619292123572477
CC_940C7E8E0C52,0.23742549878589075
CC_941DD2E1DE56,0.159066088441558
CC_941FC1FD0D55,0.21174285892847544
CC_943B720DB5BB,0.09991566080106912
CC_9440309323A0,0.14356963564345435
CC_944B461BC558,0.06760212085997232
CC_9453654BACE9,0.20330355224758204
CC_945888CEAF10,0.3712639975502673
CC_9458D4A483A8,0.11193026216379559
CC_9464BA7E98B9,0.07188716282694724
CC_94794B478A5C,0.28624188077089274
CC_947E58EFF90A,0.09956645420524801
CC_948537FC17AA,0.7541782966339874
CC_949576D25153,0.07462493336032694
CC_949B8CEAD619,0.08753291095948418
CC_94B4E05906A9,0.13917162333076713
CC_94C3B6F3B0CC,0.14235384734266757
CC_94C3D9D8FBF3,0.6354236263142812
CC_94CD530B2099,0.0704633884073331
CC_94E9D1E527E6,0.03323141201708869
CC_950450C0845E,0.41912717224990104
CC_95169A4360C6,0.05079985384997869
CC_951A69571676,0.057870558239971684
CC_95232636844F,0.2336700968083213
CC_953A5913EDD3,0.16427446192195083
CC_953B678083F9,0.08893144061440425
CC_9541BD0604B6,0.14554411488180816
CC_954404C1BEE6,0.38527839623544424
CC_95444ED71872,0.0764343810380139
CC_9544B86C78A6,0.7239628079771823
CC_954AD7E7C8F1,0.17176714240708651
CC_95525CC6C854,0.1473526375237351
CC_95573B318A91,0.042421263798371994
CC_9569309DC18E,0.08502044516602811
CC_956A2DF28600,0.19958281873502193
CC_957C7A0D7B72,0.3352013401192397
CC_958BECCA0BAB,0.44031909345738
CC_95A6C4DA2F12,0.5838489692163
CC_95AB75B5BBBB,0.12745590980017285
CC_95C1274DD7DF,0.03167499319782892
CC_95CD8F6A8CBA,0.041294218949361194
CC_95DD4DC604BD,0.17053767459901437
CC_95E1AC08266F,0.11930639564755799
CC_95E3DDCB74EF,0.05550085833777617
CC_9601384AC971,0.41941152664880477
CC_9608A73A8025,0.15820651562646793
CC_961F3BFBDDAC,0.8378706649710115
CC_96206C1277EB,0.2731128984099117
CC_96396AE6347C,0.20819591062686937
CC_96416D2A937F,0.2221113210818388
CC_964C2E0B00C1,0.2005881900610415
CC_9657A2A04BAF,0.23932158545340576
CC_9662D713B7BB,0.2004377877445127
CC_9664F83B7F1D,0.19058723362057545
CC_968AF836D0C4,0.05117923524057773
CC_96A6735A4317,0.07307231683263496
CC_96BC62A4A0AD,0.2003587821489234
CC_96CD75668A6C,0.04910626051602204
CC_96D928252719,0.3751203177480545
CC_96E40BDE9A6C,0.10777323113751378
CC_970116768415,0.2095411595194606
CC_970E94875C2B,0.7564671972549333
CC_9721C8A61D80,0.06887979400910632
CC_972313B0F814,0.16169516446118226
CC_972FD8FFFF63,0.5240623541941956
CC_97478A77EC17,0.17487135541820803
CC_974D14774BD8,0.05729478909444234
CC_974D86BD39FD,0.04871402258084548
CC_97508465AB76,0.11534157547180511
CC_975689C0CD6E,0.06274303087254371
CC_975967702106,0.04672511542587269
CC_975F3F07ED23,0.05370365166850734
CC_976E0D9A64ED,0.3785496466879101
CC_977145B2B363,0.3952069781286361
CC_9772CABFE1D2,0.8023558893345542
CC_9773C1E6AC8B,0.6227466475233934
CC_97832657396B,0.45684988897335993
CC_97963C337FD3,0.5018561239160166
CC_97978B581F20,0.18046349611080706
CC_97A9ECF23955,0.196444464487099
CC_97ACD6D965F3,0.08829484325040562
CC_97C69AF6E34B,0.7178288035993864
CC_97D0E7256861,0.6681192704821841
CC_97DEBFBE2BDE,0.27381555383836526
CC_97ED469F2950,0.11598140485727865
CC_97EE84ABA6BF,0.3211256389680093
CC_9801B22BF375,0.10819619310212446
CC_9803B6D4D780,0.2433171924720569
CC_980E90C8A301,0.10666771933520193
CC_9814B3D08A69,0.0825576861829723
CC_9821BD45BB0D,0.1722685323131887
CC_9829FA0350F7,0.03696969260365917
CC_982CAA309A38,0.17676638709628645
CC_98346EBF382E,0.1577325940820955
CC_986698CCC6AA,0.13467552522692047
CC_988FC580CD50,0.11659751058149599
CC_989795BA3DD2,0.06673214882219991
CC_9897A1DFE807,0.08443492909775463
CC_98A2C8F4E956,0.08291390435594878
CC_98A3E6CDC707,0.13383382332740393
CC_98CE15EE1565,0.07433715610319527
CC_98D036D16215,0.056363136723907616
CC_98D09B14EE3D,0.39297619927207583
CC_98DB782DF852,0.052328451270918855
CC_98E2EA67BC97,0.07788019651911007
CC_98E6E7CF74AF,0.0933064112144088
CC_98EEEB2A83DF,0.6511183705631424
CC_98F3D3194788,0.12830146418247274
CC_98F8A8CF4F9C,0.3307421643125556
CC_98F91BAB57EE,0.14817272014216804
CC_98FA377070FB,0.19202120397815398
CC_9900D0479959,0.3302326507964247
CC_99061A735C6D,0.23429929266668448
CC_99093EC1A2C2,0.12769898138410266
CC_99376CA4DC26,0.04481547543108758
CC_993A588895DA,0.13900377937540004
CC_993EE6417CED,0.08660478043879971
CC_99559319913F,0.04335457774495693
CC_9970123DCC41,0.3057776278103637
CC_998BB6848FDE,0.0820732952766919
CC_99958287B2A9,0.4689237126376382
CC_999BAB2D16FA,0.42071519271551644
CC_999C7029261D,0.745069391118109
CC_99AA61D1896E,0.08095736301344622
CC_99C03E7D99CE,0.04917830370356822
CC_99C62022794F,0.08650838174016204
CC_99D46BE6593A,0.16037788280199244
CC_99D5A5371B39,0.1444718126084584
CC_99D79709AD9F,0.7499003782550038
CC_99D7DDAA460A,0.1520153878322349
CC_99FC44B3C58A,0.11663036447672248
CC_9A02B2A17C07,0.0934390789918281
CC_9A05DE55D408,0.1843578517236576
CC_9A0C42AA09BD,0.3721303948222763
CC_9A2B390551F6,0.04889190893148253
CC_9A2D66206BD1,0.5017655962825591
CC_9A366E181FA0,0.15323513644740372
CC_9A39365FA850,0.6456216358414126
CC_9A42833BA860,0.040216380190103346
CC_9A4911A0140F,0.09452059727845628
CC_9A4FE1E8E0C5,0.3972789934103056
CC_9A51017C734F,0.3357142476444188
CC_9A5DCCD62D0A,0.3492837212519912
CC_9A602F492510,0.18730634015586695
CC_9A66BDD34B89,0.036398966530924136
CC_9A6AB0AB1E67,0.04922911850211538
CC_9A7049ED5656,0.6113250929562921
CC_9A7AF31828E5,0.11517053503272642
CC_9AA750377C6F,0.12981221511816543
CC_9AB359C82202,0.05014801981012408
CC_9AB7BF77EE83,0.7598850791967935
CC_9ACAC8474B9F,0.024424304988788267
CC_9ACCA4FB9101,0.07141272241970557
CC_9AE1529AF9E0,0.12498360125678726
CC_9AEE181F1156,0.2423499833013013
CC_9AFD130D3725,0.10163537967813803
CC_9B09C3353732,0.09235034676899706
CC_9B0D37817EBB,0.09082908003380216
CC_9B290B59155F,0.4174288697956627
CC_9B2D487C64B0,0.09633581476976413
CC_9B3DEC76ABF7,0.06770224930092753
CC_9B4F778D0A6E,0.1715024109574188
CC_9B581A92C2A3,0.42406278719554746
CC_9B5CA8C38414,0.16674043448991882
CC_9B6E82167593,0.19259022726401
CC_9B6F6B2BCC05,0.3416544221818562
CC_9B7FC3DA1594,0.373978641435727
CC_9B957DC280F6,0.171583663187936
CC_9B997DF20042,0.3707789969695016
CC_9B9BC4B83736,0.0897291109955472
CC_9BBE1A16C04A,0.15073717662435326
CC_9BC63F1A568C,0.26324428554958335
CC_9BCB0166227D,0.262777020880464
CC_9BD3DC96ACC5,0.130010168017146
CC_9BDC5A0E43C7,0.44456770976199245
CC_9BF9485A3F9D,0.2486902645596352
CC_9BFE93FF2145,0.23763341011912845
CC_9C0470A0536E,0.2008897992863592
CC_9C205AF09E47,0.5283700540438073
CC_9C30DC5C1E46,0.06527406080474887
CC_9C325B6CAD11,0.04526543314310303
CC_9C4A200D0BFB,0.40626011147001717
CC_9C5EAF238007,0.24928117275631867
CC_9C601C6BBD37,0.06244186512056071
CC_9C606C2C92CC,0.06768147623256153
CC_9C6192D3A16B,0.0749188473471285
CC_9C84FB9B1469,0.07221254997091742
CC_9C989433D637,0.27194053138476604
CC_9C9B2FEB4937,0.14178921188660248
CC_9CA7FBE1DD54,0.11971848505264712
CC_9CACA50F80F2,0.17612261476237162
CC_9CB40D552388,0.05995792184195603
CC_9CB8127D17F0,0.0367075028650586
CC_9CB9CE2989CF,0.7194430224817441
CC_9CCE51CD83ED,0.7825592989371288
CC_9CDD2F3D0BE7,0.04442984761707423
CC_9CDEC693AA99,0.4044826486179832
CC_9CE9091AA9A9,0.2191424939895265
CC_9D007C60D29F,0.06578573146230537
CC_9D017774D4FC,0.6585352965008924
CC_9D095EC1F232,0.2637881955569483
CC_9D1A1281C8FB,0.3098343494895116
CC_9D23F42B7996,0.4610841601402873
CC_9D2FBC479646,0.6623831175960155
CC_9D363365CAFD,0.08797076586477813
CC_9D44E4543573,0.18228160666813115
CC_9D45F67E3B01,0.08608496886442096
CC_9D535DD207D2,0.0861282865417135
CC_9D53ED53A15A,0.5534360279642383
CC_9D5D97AEE98B,0.5300379836581051
CC_9D5F2A5B6913,0.0879245704655924
CC_9D6BC1C470B0,0.4912306837869284
CC_9D71FBDE765A,0.04761975682151234
CC_9D73939E357F,0.12368534536594569
CC_9D82F401BD88,0.6331019612206452
CC_9D8B4454BE84,0.25890994529651146
CC_9D92537645DB,0.06577829212422326
CC_9D95ADE03ED1,0.22543180258468065
CC_9D98FE7A1809,0.04516401826123916
CC_9D9D59757786,0.07155585227561392
CC_9DAEB38616AC,0.14858547171826414
CC_9DD55CC0E928,0.022855468966288175
CC_9DD6B460CDFB,0.26287269843342365
CC_9DD80B5E3729,0.0899127643595373
CC_9DD82B4310AC,0.43309642729351194
CC_9DD9389E8AE0,0.09677331883545184
CC_9DDA8ACEB3D8,0.082370920140491
CC_9DDCD898D01D,0.12579951165895908
CC_9DDD90B42A27,0.7930323731708626
CC_9DF1807A4316,0.0407547271608585
CC_9DF786FD2620,0.4609029079697469
CC_9DF7B9B3C8F8,0.0842968104510894
CC_9DFF6E2AC586,0.13770581576440985
CC_9E0546BD7BD6,0.12851162039645112
CC_9E0BE8227931,0.08964902394162162
CC_9E1A205BA261,0.4522151686280634
CC_9E2967559B00,0.05847171533618263
CC_9E323A031449,0.7260912287324515
CC_9E377CC03D51,0.04526382457934372
CC_9E3B83584C12,0.18018797087149677
CC_9E3D46FF5709,0.5613468645395596
CC_9E4FA91B86A9,0.08899191012475781
CC_9E53534DCD6B,0.1212362563493774
CC_9E73656FC8C0,0.7131368289765148
CC_9E7430675033,0.182006925728171
CC_9E84CACDD7B6,0.3828243115967394
CC_9E84E0E4C5BE,0.2977393698665321
CC_9E9C65275B4C,0.0815687837656496
CC_9E9CB6473D59,0.23337123989947473
CC_9EA4F11BE6C2,0.15839764176456494
CC_9EBE3F26F2FB,0.07122586404171272
CC_9EC23AB6C573,0.3151189958583567
CC_9EC34DDD0E53,0.05415427308823048
CC_9ED8EDFE8C55,0.08461419228634565
CC_9EF352F179D2,0.08373772944202257
CC_9EF505400F8B,0.6608769307462548
CC_9EF66D83B743,0.32040970235008437
CC_9F051572BFE4,0.24623351421003903
CC_9F151A782BAC,0.2263421699799287
CC_9F1A5DF4619C,0.3821026369793843
CC_9F1BF78ECD7A,0.08300278413430334
CC_9F263092AD72,0.166979751299263
CC_9F36EC36A9E6,0.0824524689801962
CC_9F3D52242888,0.15597637576739476
CC_9F41F312CDBB,0.31349066771824463
CC_9F425167F9ED,0.14361804156983002
CC_9F6981E0009A,0.3134888989566315
CC_9F706DFE0AE7,0.033749328525370194
CC_9F7B525DD52D,0.33435976289245417
CC_9F8D5A5A9DAC,0.15374304101573114
CC_9F8FAE57E6A8,0.13406708309691667
CC_9FD1AB8E65FE,0.04795652324397027
CC_9FD2689202D5,0.13001166274106046
CC_9FDBB5C2CD09,0.040659446180116986
CC_9FE52BD71CA2,0.0947902019066307
CC_9FE8E62EB24D,0.09867490423018455
CC_9FEA59AEA00C,0.2665614108629063
CC_9FEA77B36A29,0.3922152074055807
CC_9FEE9701D16D,0.2504595372538312
CC_9FF35BA60E6E,0.28177755002338367
CC_A0003F08B22E,0.14349479448145486
CC_A00AE2543224,0.06016342174983096
CC_A02A29DECDC6,0.10832021021913374
CC_A0336C21117C,0.6486319282105522
CC_A053B42BBE0B,0.07114268891720826
CC_A0591F16FA37,0.031206454589962865
CC_A05F962C80FF,0.16857812083191392
CC_A07B0549E53F,0.059752082109348514
CC_A09F230CCF5D,0.6578514777264569
CC_A0AED6346ECD,0.19973167280930976
CC_A0C4A796643F,0.11575880596502994
CC_A0D6DDFB430F,0.06561499390781873
CC_A0DF672F9C4E,0.13807771204755453
CC_A0E8C7C5558A,0.3036846159332032
CC_A0E9269DF22C,0.4879450612487231
CC_A0F1DB5CB28C,0.0968694926435741
CC_A0F42B26F8F0,0.05750590575926788
CC_A0F8F80EDFB0,0.0706084605201093
CC_A10AD9550E4D,0.03243732686307384
CC_A10EB26E5EE1,0.1641354117912691
CC_A111B065F623,0.06357447357776708
CC_A113D95B4AB2,0.1498265755528869
CC_A1320C0F0129,0.7253216552128536
CC_A1348D850EFD,0.77228800399074
CC_A13D08B372E8,0.06122054433489026
CC_A143E64BD9D6,0.33071301624903005
CC_A14B0A24DC3C,0.11092382234526779
CC_A15137F25F7C,0.07894259434840925
CC_A152DBEC5BE7,0.056840209153850185
CC_A1591CFF6D81,0.04376268527574581
CC_A168CCB582C6,0.3512943957998791
CC_A17DC38133CE,0.7701520496130516
CC_A185D5EA3DE8,0.6433185036212665
CC_A19C842508E0,0.12831880085805186
CC_A1B648DA406D,0.02949397543665929
CC_A1BF7028CAA8,0.024430790311847354
CC_A1D035FA36E1,0.07860481323409205
CC_A1DD653D41A7,0.095100656645073
CC_A1E3AD4B934C,0.30311348979973474
CC_A1E58421CE87,0.045732794606801214
CC_A219144EDEFE,0.05330893700476414
CC_A21FCEEBB3C3,0.43508313309029345
CC_A220E4278D79,0.044181589620189546
CC_A2231BDC961C,0.24761362460462333
CC_A234E219EFC7,0.3201594062466704
CC_A239B1BD81FF,0.064022969487439
CC_A23D8CFFA31F,0.08366866294692638
CC_A23F463F4B4D,0.042502719005723485
CC_A23FFDC4A7A4,0.09373310792948973
CC_A2423E273F84,0.10380364878857029
CC_A2493E6036AD,0.3157631110717468
CC_A25C54470CED,0.08735652371160302
CC_A25FA690BBBC,0.12395892671588442
CC_A2636CF7C075,0.10411080572399024
CC_A26C22870E3D,0.45973487782274775
CC_A26F6A272B3F,0.13745996205577332
CC_A27CDC9BCBAA,0.18331617037876508
CC_A27E5269DA60,0.18861149307322822
CC_A28D4A46B6FA,0.10876178875385867
CC_A28EB319030E,0.048072871373735684
CC_A294D3A59462,0.7857159759795523
CC_A29D8034C304,0.05702571035104882
CC_A2A109409963,0.05160931879671619
CC_A2A4FA5F9962,0.12098077804019747
CC_A2A7E30C59D0,0.15018055530057223
CC_A2B5D2D4E269,0.5278169940038605
CC_A2BB24180208,0.28705994540617585
CC_A2CF1DFEFE46,0.4715032681026446
CC_A2D6090EA5B8,0.1571618057323128
CC_A300BC40BC9D,0.04497299860669181
CC_A3212501F639,0.1917476655824249
CC_A3278A566572,0.06095263640832587
CC_A327EBE4F783,0.18453446593489253
CC_A32FB6659B01,0.0786339258690834
CC_A33915EE72B6,0.22443785953284678
CC_A33D350BE79E,0.1770541343944452
CC_A3553B8AA8F6,0.10176208009550489
CC_A36EB077BF3C,0.027455419002967565
CC_A3753EB66DEC,0.11630430370404424
CC_A378342AC9BB,0.15859955160826955
CC_A379E9455C60,0.161130150981466
CC_A387ADBD7249,0.10308443167494302
CC_A39E961FC29F,0.15361268509771758
CC_A39FA1EF0B16,0.28043209696301474
CC_A3A4E39FB04D,0.1613546114732321
CC_A3A751BE68D2,0.038014021592918314
CC_A3ABB3C5E9D5,0.6409971253576991
CC_A3AF9C2C68F1,0.18733193564312736
CC_A3BEA14873AD,0.13636091884083512
CC_A3C2FEE13C37,0.14600004072856584
CC_A3D6435D5F17,0.1774725288415393
CC_A3E3E51AD0E7,0.04897973393834326
CC_A40566694D53,0.2370341475279933
CC_A410C0DC7125,0.04431514517678399
CC_A42168D2B94B,0.0858921037005632
CC_A43CED9AFEF5,0.4283468615915986
CC_A4475A788D13,0.12574251606708403
CC_A44D677C0C07,0.04534242728501561
CC_A44E2673E71E,0.042876785700756745
CC_A44E79A96425,0.3391321286919096
CC_A462CA147DB9,0.12127283741213787
CC_A4660E424386,0.20694578966619498
CC_A476C9F116F6,0.16478973022084153
CC_A47C83B6EE2B,0.14915816367267587
CC_A47F8594678C,0.2683176320182997
CC_A48A7592F96A,0.057028858628805065
CC_A49195E659EE,0.06532702605959806
CC_A498A936AD21,0.11047881295763017
CC_A4BE6692361C,0.6088237466857145
CC_A4BF2115580C,0.06293095693311296
CC_A4CACCD14A0E,0.1126538111979364
CC_A4CE57A1AB74,0.07479455493433323
CC_A4DE4F1B5F93,0.19507234880296956
CC_A4E300558DAB,0.06302153846771119
CC_A4E972915D89,0.7450037621151697
CC_A4EEA04CF3D0,0.21001749571311443
CC_A4F400E9A0ED,0.052974430548179255
CC_A4F550D7F95B,0.19920440333710365
CC_A4FB91B1BF31,0.15324459832524487
CC_A500C1ED0A33,0.19076665118018823
CC_A50471962A96,0.6916323451343165
CC_A5161D8AA57D,0.11555364791985288
CC_A519C84307D2,0.081135295817773
CC_A5277A9BE02B,0.7021325633756115
CC_A53578FCEA71,0.12357764359276269
CC_A54EAD1CCE27,0.1366044428492112
CC_A5512DA239BF,0.14983750709533433
CC_A5545DF298BE,0.0661236581614915
CC_A556EEF3010C,0.4431149652241691
CC_A56756C65136,0.32859140045964796
CC_A5852E06D2D5,0.2557650148450756
CC_A5886994671C,0.15998607585586183
CC_A594D8B41A99,0.05702078367435594
CC_A59C6A6B71C3,0.06874297064783386
CC_A5A06987AF5C,0.19615080279757505
CC_A5A1512FEEFD,0.17668923904220077
CC_A5ACE4284283,0.16169866788318285
CC_A5B10F07BCD5,0.11324983177050017
CC_A5BC9ACDB4CD,0.07575909631361649
CC_A5BF8B260922,0.4422658372638436
CC_A5C52379AE06,0.2915061177680148
CC_A5DD4441568D,0.03143193037595317
CC_A5FE3BE2949D,0.04159510583918587
CC_A60EF94F09C4,0.342823415003876
CC_A628BE74CB45,0.1409821218844537
CC_A6292E9B43AD,0.06312714580021458
CC_A638610BF8F8,0.1067556561995889
CC_A63BBA86CE9A,0.3158975555147135
CC_A63BDDAC43CB,0.06699763615560592
CC_A6409E37A735,0.13105853933152803
CC_A655EC341406,0.14988521814780142
CC_A6562E47BFC7,0.20584309417294233
CC_A6563A22D668,0.709975505328162
CC_A6601278C1BD,0.08610003605472996
CC_A683678AC9FC,0.37248712362371095
CC_A6864FE80A94,0.07587662036179833
CC_A69117CC3C24,0.13396369894094218
CC_A69928C7D217,0.1998431515415406
CC_A6A8BAF7124A,0.3050382188686943
CC_A6B7DFC69AAE,0.5794925614653637
CC_A6BB595B55AA,0.06389454844920847
CC_A6C5284C4586,0.11539662744295369
CC_A6CB0D0191D3,0.08947998246918233
CC_A6FA3FA9F0FB,0.11167086381092137
CC_A6FDADD23BD7,0.03949119782137066
CC_A6FE3938F001,0.19590614071557982
CC_A71DB65F0BBA,0.6065905135682662
CC_A730F4964FD4,0.1181235548832543
CC_A73C02C58DDA,0.11244522598375863
CC_A746BC2289C7,0.2795370236519651
CC_A766C3608214,0.1132403861100428
CC_A76F48111A8D,0.12475979022801995
CC_A77AEC8AD2D1,0.02601781440079133
CC_A781174166B3,0.18653572881499117
CC_A79024286DFF,0.06328637887959127
CC_A792720B875E,0.09332397378969193
CC_A7952C2BC5B6,0.0787057596722252
CC_A7954EE1A1C4,0.05055081910846039
CC_A7991E6B3CAD,0.221487752315839
CC_A7B141DF4AAF,0.06563231133019734
CC_A7BE2CED0B93,0.050915945583826616
CC_A7CF446093DD,0.2624085030628125
CC_A7D1C6692090,0.09218559144772862
CC_A7D6CAB54328,0.4555214478680865
CC_A7D8D1DA4EA6,0.10249955233305047
CC_A8102BA6933F,0.0544017722933637
CC_A81C1EDC5FE0,0.09092166362528728
CC_A82C0FDDC303,0.244627959478612
CC_A83F92C0CABC,0.15132643497868659
CC_A849B0F60EEC,0.056988802803077346
CC_A852AAB180D7,0.04591751140827788
CC_A8536626873D,0.18380443677948943
CC_A85F953FFD40,0.34538228205144345
CC_A865A3F1E28A,0.673480737035626
CC_A867253FC73C,0.7358787099533812
CC_A877592FE1AF,0.06507611564681921
CC_A8AE26057851,0.17726961615745018
CC_A8D50530622B,0.15745860776606835
CC_A8D5C834B061,0.7270549482940696
CC_A8DF49EED27D,0.7917416820400149
CC_A8FB53A944AA,0.09975170687769769
CC_A8FF19BCFB18,0.16298073860961415
CC_A9042AA97760,0.062143017206138594
CC_A917D68B7F33,0.05535314631312772
CC_A925B3023F01,0.1518583823712122
CC_A93A49678A0E,0.6896600637646821
CC_A944C14551E0,0.12296716613797472
CC_A949A4D6CFDF,0.028736262402471215
CC_A96085AAACBB,0.4270874913370428
CC_A968E7B519AC,0.5346491247943387
CC_A96F61DA3920,0.2607074186033701
CC_A98AA461487F,0.04788033858252372
CC_A98DE37F48B1,0.02794199387724197
CC_A99526CAE7B8,0.09432607782839994
CC_A9997F50D935,0.11699163996055471
CC_A99C3B09B728,0.0623562372290825
CC_A9A0DADE60F5,0.2700069806876008
CC_A9E27E0F8BF7,0.11197616349726294
CC_AA06B8C44B08,0.5727137869346983
CC_AA078692F54D,0.048165688269903195
CC_AA3181148667,0.11503244722177988
CC_AA36C8AD0AD4,0.10620887132245627
CC_AA36F0397FF6,0.08739749399516716
CC_AA3A8989A632,0.6471543983693804
CC_AA4A1B7522D9,0.09079124307747663
CC_AA4AE0378324,0.226629797703078
CC_AA5E4D5A692F,0.15235670619202507
CC_AA68EABEE4B1,0.07885900332217173
CC_AA6B5A7A5B67,0.10590373798617991
CC_AA6BD423C239,0.3926634215428031
CC_AA7074B42A4C,0.535650694223318
CC_AA7A7F3159DC,0.09799873954056088
CC_AA7BDEB972E4,0.10106163251370334
CC_AA83426311A1,0.07930567634936511
CC_AA8F7D307212,0.1492895461039168
CC_AA994120654B,0.06997561440578845
CC_AA99CC1D0A77,0.10674866926065273
CC_AA9DF917E958,0.14505156559016602
CC_AA9FC6678135,0.33061803384140565
CC_AAA47EC0D4CE,0.07472462290457405
CC_AAD9F600283C,0.10516675369274764
CC_AADF003A3927,0.06979505202533964
CC_AAECFE806C8D,0.23448023063410872
CC_AAF2022B9CD1,0.22974449104803651
CC_AAF445E4CCF4,0.06618774711548306
CC_AAFDCAA5CA06,0.6498249043761065
CC_AB0384E131D8,0.18637094980373436
CC_AB0A4F4A2968,0.21002890499833868
CC_AB108580856A,0.08817589489317877
CC_AB10FED15FC0,0.8101875027545125
CC_AB176233A184,0.06786424598519088
CC_AB250982887C,0.11640666142751951
CC_AB25C565EA6F,0.08717565552046252
CC_AB31BDAE74E0,0.23714050106498574
CC_AB38A76F5698,0.37188945261532147
CC_AB38F588BDD4,0.1724992772060873
CC_AB3DB55C9A2E,0.16921033008162836
CC_AB42A7DA8FAE,0.1728825058542239
CC_AB486E8855F7,0.10900178764405849
CC_AB4A79BF0F21,0.03964031813056972
CC_AB7472FE1C8B,0.04774508659292913
CC_AB78F64D1DA0,0.12523129801452465
CC_AB821E2FB031,0.05362478368484735
CC_AB873276D910,0.05046692623939515
CC_AB8CF3C05B61,0.10878630706677173
CC_AB8DD8448ABE,0.34985808393758194
CC_AB953366A38C,0.10679292998213227
CC_ABB193697B23,0.6178503489810926
CC_ABB3F0A040BD,0.12378249132842428
CC_ABB618AD3E52,0.2119134017271778
CC_ABC0DA7DAFA5,0.04259543650198571
CC_ABC49E43DF40,0.6068935015155662
CC_ABD89F61734F,0.11028543101388519
CC_ABE04CDC2866,0.6003539446433093
CC_ABE98746DB91,0.5386618537644826
CC_ABFDF22BBD97,0.06658975897092914
CC_AC0498A54CAD,0.22159302409767082
CC_AC1C23EA2767,0.3178119485017371
CC_AC1E028B2A1A,0.09919573188792355
CC_AC255B902EEB,0.14827179858668418
CC_AC44A88F7869,0.07915712383546464
CC_AC51CBCACA63,0.10203163526647477
CC_AC723E5F5EFA,0.04113491379023504
CC_AC7994A5FDC4,0.120199383888456
CC_AC7EFDBCF2E8,0.7205202488548532
CC_AC8A45716CD8,0.13569208044947367
CC_AC8FB78319A0,0.03310513242410506
CC_AC95C517E726,0.08571040027211235
CC_ACA4C6C9316D,0.05324616989309065
CC_ACAD97A186F4,0.0848428881160053
CC_ACC12168D6A9,0.15720676601532874
CC_ACC53294D3A0,0.09959497320624025
CC_ACC6A74A8BEC,0.07649190253734367
CC_ACD94D2B1200,0.05947312439760611
CC_ACD988315902,0.040743895308949944
CC_ACDA59536C9B,0.13712534335568474
CC_ACE5A4081F6E,0.16600655282303795
CC_ACF4F9A2CCFC,0.1845225895296534
CC_AD0D7D212968,0.30812282861562384
CC_AD131D09EB0F,0.1091839721637078
CC_AD13C87CF26E,0.1898928804320678
CC_AD2050A0C79D,0.20670978898626485
CC_AD276D71D3A7,0.2968617947113156
CC_AD2C54521FE4,0.204451553762499
CC_AD2E59624FEC,0.4132160933939174
CC_AD3A36AF2840,0.2739418412527398
CC_AD3D286D0B68,0.17556820719033733
CC_AD46818E459F,0.6362527089861223
CC_AD4BB2E22EA9,0.19943319497924028
CC_AD4F7F88242F,0.30485518807130224
CC_AD58ADCD54CE,0.6927942041340784
CC_AD71619FA389,0.11735327777107268
CC_AD84592B950B,0.0727758047268239
CC_AD9898C0E8D2,0.129428698128462
CC_ADC70A21D661,0.28769315028975295
CC_ADCF16189AF2,0.22798655204635893
CC_ADD894E6E4F4,0.34620711191373754
CC_ADE899835555,0.13582432685811419
CC_AE0D73A1EE19,0.3897217678234536
CC_AE0F08EA3935,0.19435825539972024
CC_AE23B59E6FC8,0.3041690418899374
CC_AE289E013D60,0.08854172756629264
CC_AE34D3F7F224,0.7340037823118142
CC_AE4069D8B4F6,0.18373902318450686
CC_AE4896E2BE76,0.7468090650821244
CC_AE51DCFE0671,0.06695960970511232
CC_AE69FEA8DA68,0.16063846726815972
CC_AE7C129CC90F,0.23845314292549238
CC_AE7CD49F20AB,0.1736648817168948
CC_AE89526E0335,0.1858194857289995
CC_AE8D62CF30C0,0.09773321425256601
CC_AE8D9CE8D6FE,0.04062075986814069
CC_AEB019CB9065,0.18281552765067127
CC_AED1D50AF584,0.08771374398859214
CC_AEE546316FB0,0.22953550466858752
CC_AEE5FA00FA6C,0.4271837069374957
CC_AEEC765D157B,0.039304650838129444
CC_AEEE44D6C8A4,0.02526135442601338
CC_AF14FF3EF570,0.3094513653501053
CC_AF1C3ACBA6B2,0.13318032267475116
CC_AF1E911C98B6,0.3030751091488194
CC_AF337F410520,0.08119958507081498
CC_AF3C7BC3BA40,0.10203756626684587
CC_AF41E4075C87,0.1892216815179556
CC_AF6B4405276D,0.7132019245217076
CC_AF78FE0BDBEE,0.09230894420520641
CC_AF8238D9082F,0.04077236547519953
CC_AF8CA6EE53C3,0.06337085050560515
CC_AF9AFA7C49A8,0.11086438778830654
CC_AFA1E3D3C685,0.17835750285248608
CC_AFA680030CB4,0.6226472512085985
CC_AFB351270B8B,0.0399123045337086
CC_AFC405AE0029,0.07493533892941627
CC_AFF90422E4FC,0.3817272784578707
CC_AFFBE2744B87,0.7714345128953224
CC_B0043CA53FCE,0.0865898084097741
CC_B01B2BD4EFD7,0.24805941777390939
CC_B01E87EB9940,0.1337643582570035
CC_B0273E66E2A5,0.1582036304469212
CC_B03E98085A9F,0.06838960337277311
CC_B0420D8C42DC,0.48917300925700813
CC_B0497BEB9F6B,0.14468478025953002
CC_B04A5E60B69D,0.08573906268454576
CC_B04D5517A193,0.12278080745798192
CC_B05FF3A960A0,0.24260236977610944
CC_B06A532EC131,0.25593714239977267
CC_B06D33A6761F,0.16594124323216156
CC_B074D4472CE4,0.04280349665785155
CC_B07CE95BCD88,0.3143610853617186
CC_B07D79368225,0.11653927445546852
CC_B07DD1ABABCE,0.7373563855301493
CC_B086C2D77820,0.16108622247667642
CC_B088DE9C9E3B,0.24337069607106554
CC_B0CD7932067B,0.10854401945388059
CC_B0CF90073A5E,0.6464340470659888
CC_B0D397D86639,0.6353151625401863
CC_B0EF4FD19FEA,0.09385458622276086
CC_B0F2F9514AA3,0.08316309636859318
CC_B0F3B79F51C8,0.15652249529048867
CC_B0F4041B1C76,0.030559054961698362
CC_B10FE31C61D5,0.1037383386160746
CC_B114E8F19D65,0.14018437320927873
CC_B117F0E3CAAE,0.14489548135811026
CC_B11D58F331A9,0.04074882977825978
CC_B1262188BC41,0.0973177160554348
CC_B12FFB2FF21F,0.07754616320585304
CC_B13253F34A9F,0.037786108637793414
CC_B137E2BBB53B,0.08033246698799543
CC_B13FEA7CDB99,0.08123780842597224
CC_B1481ED21111,0.03801546193388851
CC_B15BE5C9976A,0.23777926762548257
CC_B15EB6933578,0.08719343662911794
CC_B163CCB3BE4D,0.12162019103264701
CC_B16DC354FD71,0.3904118752646517
CC_B1777349EB15,0.1536947020665722
CC_B17C6CE0231F,0.24659974680273916
CC_B17CA8C22E5C,0.1323205416465903
CC_B18F3C9C30E4,0.15489370893950105
CC_B19CD93DDC96,0.06109696908860918
CC_B1A647674B84,0.10035517316796297
CC_B1AEC2E5E33B,0.2462493454640876
CC_B1B5C81AC0A6,0.061309176013597755
CC_B1B932EFD646,0.14210243494990324
CC_B1C3C0B52B88,0.28314622724608796
CC_B1C7216344F3,0.06767834974936615
CC_B1C982DBBD12,0.2982240098072907
CC_B1D81F8197B3,0.3391447380812398
CC_B1DF1DCBDC7E,0.5560600329584817
CC_B1E2C36607CB,0.06934968534214267
CC_B21351C93D8C,0.1418850825355344
CC_B2174860AB11,0.720393872196784
CC_B235818E6A04,0.21359698962352297
CC_B23CDE30F00B,0.0735496485925414
CC_B23DE4971DF0,0.4436370844342212
CC_B23ECF574D8E,0.06288727836068625
CC_B24C41DDFBDA,0.23605175295885866
CC_B25EC73B9510,0.1405584455872461
CC_B25F69904D0F,0.0851550871930439
CC_B25FB6C11D05,0.6895842270596961
CC_B264F2B92259,0.5836849566920769
CC_B26B8FC23F1B,0.06431776828532694
CC_B272E29922B5,0.1360066817263205
CC_B27AA8E27BE7,0.11888043774808173
CC_B2A68FD3C236,0.11317194436514345
CC_B2AC50C00979,0.09599020646662103
CC_B2B16D7B821C,0.21313448002994284
CC_B2B32F1511E4,0.14659439307416197
CC_B2C241A93527,0.06889822560212666
CC_B2CB104FED6B,0.6570567759482051
CC_B2D352013F92,0.10576727175962601
CC_B2DF694BAB08,0.09996902116167386
CC_B2E993A9343F,0.22169727968499398
CC_B2EF61C93AB6,0.14394252465560667
CC_B2F94405EA89,0.1096002795203661
CC_B2FC07BF6251,0.05228880565227792
CC_B301A65B4164,0.11218782371516287
CC_B313E3A208A2,0.2220945428178806
CC_B318FF5D976D,0.126965795754939
CC_B32AEF0A2299,0.05266095822184882
CC_B33BD3C618EA,0.06761465475002176
CC_B348627365A2,0.12722952577849023
CC_B35109450BDD,0.04510817382190801
CC_B3528B870544,0.10057576334785893
CC_B3530E7CF8F5,0.1192485924945439
CC_B35C5B1DB9C1,0.06814686941504462
CC_B35FF59389D4,0.18783375206787106
CC_B3812C6700F2,0.6624427946863992
CC_B38280B483B8,0.1233884184226533
CC_B38B694A18EF,0.49545261117589845
CC_B392BDECD913,0.3439011787528618
CC_B398DF1ABAD4,0.04750624374241605
CC_B39E75E151A1,0.11352482991945269
CC_B39FD0E249E8,0.04438424926216858
CC_B3AA0891CA5E,0.3975162885687636
CC_B3B1C8EBE5C1,0.12876076530433433
CC_B3BBA28E2D39,0.4631673192737438
CC_B3C4DB0303A7,0.10987838266480593
CC_B3D32FE823B2,0.032098942598938474
CC_B3DA429C6C8F,0.09082481866954843
CC_B3DC5786AB0F,0.20117698339307177
CC_B3EA537531A3,0.16819780566680376
CC_B4096D3A38CE,0.04529020048717507
CC_B41EADCCC95F,0.058637357988958035
CC_B421940B9A48,0.636148128560488
CC_B42B3B83935C,0.8139336382016764
CC_B436B1CA6B2F,0.05448465879825952
CC_B439B06AF274,0.2888948008457494
CC_B4482E7879F4,0.0718563956607292
CC_B4660022C612,0.10873954480824041
CC_B46B899B4A63,0.15221886213071273
CC_B470280A580D,0.14517129974954537
CC_B471D3BF0C72,0.5503481996630055
CC_B4751DEE43CD,0.16997799230090832
CC_B482C254BAA5,0.04864685055262945
CC_B4889D036D3C,0.7013057892540001
CC_B4950F811C90,0.12930164633762734
CC_B49A6DE7A340,0.32611215498880886
CC_B49CD4C13DE8,0.35488223560825527
CC_B4A90370CA96,0.4886812276738886
CC_B4ADE6BC8A10,0.6844508108234473
CC_B4B6F805888C,0.03541476812453835
CC_B4B8F66BF4ED,0.6672596959794909
CC_B4C6F80DEE44,0.03851099013027762
CC_B4CCE78C09EE,0.14552402028611483
CC_B4D68D1C1C55,0.17756749482603457
CC_B4DAED63089A,0.15591138794086024
CC_B4DD9841E6FD,0.24196294709121824
CC_B4EF6743DDCF,0.07611796847801566
CC_B4F67F73D097,0.09749697694275003
CC_B50EB15EBA18,0.10250191641076399
CC_B51DCAAF4549,0.15767175055986693
CC_B51DFF8702D0,0.5181984549984717
CC_B520A001BF69,0.10064873809100675
CC_B529919BF24E,0.6410477660312283
CC_B542342650A1,0.0986471320622195
CC_B54A106E91E4,0.05925331821838902
CC_B54CFFC21F2B,0.1261010477639694
CC_B55C134C04A5,0.21890473371747826
CC_B55C2DBF6D3C,0.20430403195729993
CC_B569705352B4,0.11064789332587965
CC_B56E74A967C3,0.047737160240548956
CC_B57519F33EEF,0.054289792887837675
CC_B582E4405D85,0.08442294043959316
CC_B585A11F7BA7,0.14103307335312745
CC_B59726D36AEF,0.2297801930180557
CC_B5995E4F1A21,0.1266905555379763
CC_B5AC2AAF871B,0.7427308962867141
CC_B5AD19125E1B,0.21494625895820776
CC_B5B1E42858AC,0.05917669476477275
CC_B5B7599E8BC6,0.061423989486575035
CC_B5CAE0595637,0.1907442539720764
CC_B5D49843A799,0.3476154842235981
CC_B5DDFC7AEE78,0.1043914801561146
CC_B5E29344F63C,0.19016298483390687
CC_B5EE5AE6378A,0.5066334883779171
CC_B5F2A93AD996,0.0946142415283574
CC_B5F611613A78,0.06794901663517551
CC_B6055039255A,0.7552991575662038
CC_B607B2B0AFB7,0.05454278669945162
CC_B60CFD0F39F9,0.07534183671561269
CC_B620087B1C52,0.39699151486784034
CC_B6203BBBD151,0.10581996846827467
CC_B622662E664A,0.1628720541220595
CC_B62C9A2BC846,0.1604536006871118
CC_B636210548E5,0.3263490878034367
CC_B642C6714501,0.06051132095197155
CC_B64F81B8A263,0.14323088200568768
CC_B65CA581B9BD,0.14281978082046454
CC_B65D1B9B6F67,0.11760863239949397
CC_B661A8FCA431,0.0536577379340336
CC_B66AC40957D6,0.1321143455810425
CC_B672B35D1162,0.7018462534891978
CC_B68379D197F6,0.10691967509264222
CC_B6923D10FDA2,0.1435625863298375
CC_B69CC776BBE6,0.24285742817517122
CC_B69E50D76B29,0.10491760775758313
CC_B69EAA8C296F,0.22212902575294752
CC_B69F7CB8CDA0,0.094624321906005
CC_B6B4AD157354,0.1579669990929714
CC_B6BD764CB8B9,0.20695857436836648
CC_B6BEC3F4BE91,0.15032904408343256
CC_B6C13F4A610D,0.3086663214670109
CC_B6C1C3B5766B,0.10635355754061451
CC_B6C72241926C,0.1598678548641293
CC_B6CB40E245D7,0.5839891723393984
CC_B6EE58A108C5,0.06860560546959141
CC_B706F631F5BA,0.039938173682600574
CC_B71DC1206985,0.15548727659734016
CC_B72284CED807,0.1932658132119892
CC_B727865A5B5F,0.6480916964565361
CC_B72FD7EFA6BD,0.19652195788249688
CC_B7365B5A3392,0.7664341541426023
CC_B73820D308C9,0.12246572074532544
CC_B743560D847F,0.0889642458159724
CC_B76EF26F7C9A,0.30593869261661244
CC_B7764FC130E8,0.4645413138079755
CC_B77B73B95532,0.1516119049262376
CC_B77D6653C7D4,0.04020169456679708
CC_B77DA6B77DEB,0.2761235700822207
CC_B783AE19622D,0.1657771896569797
CC_B78761738CAF,0.020901441513097918
CC_B787BA135B5D,0.39712588420893824
CC_B78B4449EA19,0.13605200895993175
CC_B78B4B7F80B5,0.2243229597920891
CC_B78BEE888CA6,0.07590592099457431
CC_B791FEE1CF37,0.03321472379251628
CC_B79A58AA4441,0.09834821523860263
CC_B79BEC538198,0.1136570824381441
CC_B79DD53178D3,0.07367231077958677
CC_B7A7EFD85149,0.1893445053632482
CC_B7B5F2A15C41,0.11683539961520475
CC_B7BC46A7D4DF,0.09707349188846483
CC_B7CBC65D9AF9,0.5039672530236883
CC_B7D40C5C891F,0.0938888722411233
CC_B7D4337C4797,0.3378192239366586
CC_B7DA04826165,0.3223429135427017
CC_B7DC19DA1440,0.14156559217320874
CC_B829EC622F0D,0.5686852727907911
CC_B82B9C0C7B85,0.6150472762807446
CC_B82C55DEE5E6,0.3112209435220723
CC_B8475B977AD2,0.6978110907500525
CC_B84BD2F4EB01,0.2139863064595251
CC_B86DA7D69F20,0.04454557261828811
CC_B87989F406EB,0.17938119207429545
CC_B88B702183E7,0.03143593808074207
CC_B89B80945ADE,0.20873079206300024
CC_B8A3A44BFE8A,0.44162679081063216
CC_B8A7A6548AE6,0.2003191458176855
CC_B8A8FB83065B,0.1689166400148868
CC_B8AAC20D626E,0.18830201715973877
CC_B8AC99873641,0.06348923476500322
CC_B8C9673B7834,0.08399936944890804
CC_B8D5FEB15CC8,0.07165628847941763
CC_B8DA64A33076,0.5343669789426132
CC_B8E912A01706,0.6236575599212246
CC_B90869280808,0.14852674626779866
CC_B908EC99951B,0.2742053192158087
CC_B90CBF2A6775,0.05744881373634698
CC_B91080C1ADA5,0.37057311614989424
CC_B918FB42AFD2,0.17746471817689247
CC_B92CA425080F,0.12363689126555498
CC_B937F632B71D,0.18153736882573243
CC_B94477C20476,0.39428861199184284
CC_B9483A5C922C,0.13912272679913798
CC_B954EC1C63B5,0.38521632433300185
CC_B95580F93537,0.05093752549254594
CC_B96086044329,0.07447571723156297
CC_B96EB0A91589,0.19583860774080564
CC_B98357C70A41,0.6275703499851736
CC_B9929A66C2FD,0.6589951229724247
CC_B9BB52E4C529,0.11006165908073062
CC_B9BD45744855,0.7716954711431179
CC_B9BFDE4662AE,0.11668065750929937
CC_B9CEAF324145,0.030482639708854852
CC_B9E89F42B509,0.2167545877564968
CC_B9E8A3887223,0.20852018853764845
CC_B9FC67268C45,0.21652195546910147
CC_B9FE9DFEB3DC,0.11240131418734982
CC_BA041E14DD98,0.06871961952937655
CC_BA0619F54427,0.11453910221542711
CC_BA15072C4EC2,0.2673647682736813
CC_BA183CDC5429,0.8060249723673689
CC_BA43646012D2,0.3833831799215084
CC_BA4F7E494E71,0.4907898727124323
CC_BA557F75E2DD,0.1948487736428619
CC_BA740903CBDF,0.13687381809054866
CC_BA77722A827A,0.5197515141232957
CC_BA78E47BB021,0.23266038427358882
CC_BA8C427054F4,0.0395519518942022
CC_BAA19F8D2563,0.09714913494616138
CC_BAA1BBFF8C6C,0.2835998686952144
CC_BABA44B5FB12,0.0900626832100074
CC_BAC25BCCEAD2,0.06548183136087588
CC_BAC74D0014D3,0.4806539070599921
CC_BAD99E36CC71,0.22579375102369517
CC_BADE7EB1D16D,0.7685331974088938
CC_BAE7410803AC,0.1661871358772939
CC_BAEBBF8054FB,0.11682585281328096
CC_BB054686B6F2,0.04139702893925405
CC_BB05D9DF72BD,0.05973402685247239
CC_BB0D54068D07,0.7952835805428005
CC_BB15DE5E0DA0,0.7254014498206076
CC_BB1A57AA813F,0.13672879886241895
CC_BB1CABE261EB,0.16772374255073746
CC_BB2BC46FCF61,0.24004505393647535
CC_BB2E5437EE04,0.047179376942300996
CC_BB2EF1FF6131,0.09332228478857778
CC_BB2F56C6BF57,0.10910568279985394
CC_BB35CEC5314E,0.09501549661346587
CC_BB39E3597B61,0.04397544277130858
CC_BB3A9EECD51E,0.08016586219943594
CC_BB44CDEE5103,0.19500159481910218
CC_BB458116ABA4,0.3645352207417557
CC_BB5F6936F6FE,0.19449364360500082
CC_BB666F8A551E,0.07276602481162706
CC_BB7355E735D2,0.11447833766580753
CC_BB8A2F186D6A,0.04242029945201763
CC_BB9FDED12C65,0.684231770568976
CC_BBA8C316C8F8,0.07072498744260004
CC_BBADC7DC73EA,0.1969521570921371
CC_BBAEA7980B09,0.4276321374032025
CC_BBBA078A6429,0.7518438242439418
CC_BBBFC3EC2C72,0.38429078993191174
CC_BBD34B3225EE,0.031009019543828342
CC_BBE6C58C59A4,0.42153035766225055
CC_BBEBBE1E226D,0.11355818098665117
CC_BBED56D34D38,0.11721858257709411
CC_BC0244FBDAF6,0.17994786863209022
CC_BC099E880236,0.16442234654940313
CC_BC0F05C89E25,0.11337250941815923
CC_BC1BD06C1085,0.12336809834614994
CC_BC21E8824A34,0.43628024389897624
CC_BC23655B2BF4,0.05224229910730229
CC_BC24F9024F49,0.05278266357494956
CC_BC2A58939715,0.09820431874106153
CC_BC2B90F226E0,0.21861657688715147
CC_BC31382964E4,0.05365230183986648
CC_BC31DA3EAFFF,0.13442680157686687
CC_BC3A6CF6FD16,0.12043879010383197
CC_BC410BDD9ED8,0.2527666865855167
CC_BC458960887E,0.13076588073160875
CC_BC484C329704,0.15036027291880677
CC_BC4D6D6D4553,0.3328862053579794
CC_BC5A59D88AFC,0.09408567174726967
CC_BC736DA19A00,0.17680489240866315
CC_BC7B9D13978F,0.15428622264778277
CC_BC84BF34D69E,0.2696348498190446
CC_BC95D473C9CE,0.1701605724882205
CC_BC96FC9DCFE7,0.12002236437660328
CC_BCA0D6159C23,0.2011907853492809
CC_BCAE73132BA2,0.08543779268827349
CC_BCBBF055366F,0.044091897149326084
CC_BCC94F494979,0.07944244483564997
CC_BCF75F8B9A5D,0.11381862759519884
CC_BD10F4F15094,0.08696746482069334
CC_BD1A2052ACD5,0.7969180270799958
CC_BD217C39702F,0.36018387141615704
CC_BD2A9D4B9FAA,0.22243486537327406
CC_BD3EDD1630E8,0.056781868134556726
CC_BD4AAFE9EFEE,0.06081182801220034
CC_BD59D1252975,0.10558044667769342
CC_BD607BE97C17,0.09309496430576553
CC_BD889F165227,0.10169597479808232
CC_BD900B6BCF65,0.15639653215423768
CC_BD9967660461,0.4403101639858814
CC_BDABB99ADE2A,0.17646476698154778
CC_BDB07C66EDBD,0.42866211480323185
CC_BDB71DAAE50B,0.09716293714764737
CC_BDCB91FACECF,0.13938990759065203
CC_BDE1E398B4E4,0.06524270673465332
CC_BDE8D325637B,0.6471034688687196
CC_BDE9E7F390AE,0.08990507267633766
CC_BDECF392D7F9,0.16203224438892785
CC_BDF401C3BBCA,0.14272690578949093
CC_BDF53C42C5BC,0.19817682130439834
CC_BDFE5778530F,0.3463654663955703
CC_BE05EB5976EC,0.7468900080164006
CC_BE08A6D5E76D,0.04118503918979304
CC_BE146CE5BEE6,0.17717650143189606
CC_BE24C1EE877A,0.11445686810390399
CC_BE27E98C4BED,0.06930540457441453
CC_BE32DACBF6C2,0.10951661198612618
CC_BE3F52F9C9EA,0.13563766954669607
CC_BE3FC1024389,0.14752618254267588
CC_BE4595898BF9,0.10090647004404432
CC_BE4F1F53F4B6,0.08392562677613996
CC_BE648663620C,0.18250813984029454
CC_BE6627F3B9EE,0.66808048207236
CC_BE673F70B591,0.3558198348425811
CC_BE704640727F,0.031135750607722685
CC_BE7295B354DA,0.36399479435139376
CC_BE760A430ACD,0.19143423307503213
CC_BE8A340F3876,0.04975752078191022
CC_BE9CB8845101,0.24616239153949065
CC_BEA12286E57C,0.13759597995780015
CC_BEB24EB997CA,0.12180828027807714
CC_BEB80CCF2ED0,0.04287551140675804
CC_BEB86014B5BF,0.18981426888380382
CC_BEC035C8801A,0.13926356142201962
CC_BEE1B858F0C3,0.3123528977498981
CC_BEE664893442,0.20104372755371622
CC_BEE75A33F038,0.046834367343331545
CC_BEF22728402F,0.6814142209138478
CC_BEF8AB2DF19D,0.371017130391641
CC_BF03683CC755,0.12393033399211875
CC_BF066CB8F7A0,0.17008857801249466
CC_BF154A9FEE8D,0.13298322373886137
CC_BF17E635C67F,0.11415913413227252
CC_BF196AFA6AE6,0.13676428637005655
CC_BF2012FCFE14,0.21447163010024034
CC_BF3733356D4B,0.4471192041511775
CC_BF376C8D14ED,0.5329669672152763
CC_BF3BF8B9F646,0.1059003682240782
CC_BF588A5FF18D,0.6450985214779164
CC_BF7C643B8874,0.044112213667784166
CC_BF8919F14394,0.15096357401745272
CC_BF8B759EE1EF,0.07677985512235033
CC_BF971FA7A950,0.14795798230401985
CC_BFACE960372A,0.11870308551709162
CC_BFBF917EFEB7,0.6338615132632257
CC_BFCAE2959708,0.04467583232809511
CC_BFD80ECB739A,0.23516847674241947
CC_BFDEC7E68821,0.06944688923019088
CC_BFE3AD881F4C,0.04821604025917801
CC_BFE511C0F9F3,0.5461965078255989
CC_BFEE9CF8A6E9,0.07809545072634452
CC_BFF8E82FE4BE,0.1364901508131952
CC_BFF9E8C0FE28,0.572548997313381
CC_BFFCB2882E26,0.04690005729583066
CC_BFFDCACC1E4F,0.11135944689447752
CC_C003A15648F3,0.08713408274499955
CC_C004160ABB18,0.15381226149874405
CC_C012746F45D6,0.09637183404025973
CC_C033B4EC89DA,0.13572218073383688
CC_C03578357D0D,0.41201671133575674
CC_C040C14F27A0,0.052558253819612794
CC_C0474C48C443,0.12705117754376194
CC_C04A1EF46A13,0.24740679577089017
CC_C067DA2C5F99,0.41857126854750104
CC_C0731DB0CD7F,0.657891004806578
CC_C07C70AA1AF0,0.1311621920679495
CC_C0877F4DBC62,0.09450001392274646
CC_C0896CE6B4E2,0.08384492311119396
CC_C089B0517E81,0.08828945226722626
CC_C08B9066A5BB,0.17729722490459576
CC_C08DFB22BC71,0.09288033071110016
CC_C0A2108BEC82,0.20836100905816493
CC_C0A6B0787F91,0.10500805065018146
CC_C0B29B279C90,0.1219653225032154
CC_C0B7151247C2,0.09530182832762427
CC_C0BEDCC974E6,0.09671203548617421
CC_C0C6F913C2CB,0.6826937619236775
CC_C0C7EAB055B1,0.1862126889390182
CC_C0CCCF588BEB,0.24680308037588594
CC_C0D65A1BC1DF,0.6210774281571303
CC_C0D6ADDF1E0F,0.07437542733620574
CC_C0E49708EB44,0.21572419290470427
CC_C0F32BA57D17,0.04475802163839668
CC_C1094828B26C,0.31726405681253056
CC_C124E4C094F3,0.2613512590268731
CC_C12ECF48FA03,0.15261453338953385
CC_C12F5F7E5C54,0.1000978523044437
CC_C131509731A1,0.19560464909129463
CC_C14173B64C58,0.19134302758362826
CC_C14A4D39F494,0.37290378993121037
CC_C14DC9106B7E,0.2399631783102944
CC_C1624A910E58,0.03245401974415163
CC_C1645FA6EE7C,0.09006070544449493
CC_C165A26E7C1D,0.7144170016649629
CC_C16824A69631,0.06393534979501082
CC_C177831DEDC2,0.06997342796389933
CC_C1815DD481ED,0.6994667645401087
CC_C18313F97FC1,0.28158591353924056
CC_C18A7BC23071,0.2977220153016894
CC_C1941883C762,0.11631182681635274
CC_C1A0989CDF23,0.02511536829687762
CC_C1A8C99D910A,0.12936962307292066
CC_C1B057BAE0BB,0.28835336724071786
CC_C1B5D9A95708,0.0773589799078931
CC_C1C28181E30E,0.10440703786917716
CC_C1E8CA45E983,0.10369703691483284
CC_C1F4DD05F5FB,0.2069506544762395
CC_C205BAC0D181,0.07902970969675722
CC_C208790016F7,0.07506019870514002
CC_C219E603FD0B,0.06547817820012905
CC_C2323893E922,0.13926585587958842
CC_C236A614F73D,0.11523537383857721
CC_C241491551A8,0.10267535103317671
CC_C247E0377048,0.11787408086831687
CC_C24FBA584039,0.24364479463586453
CC_C25078D044CC,0.22964503664285746
CC_C255BE787955,0.211456199831009
CC_C25ECB5C5FD8,0.07363956576426418
CC_C276E722FB1B,0.30656796247431867
CC_C279090E1F74,0.7812203013957292
CC_C279CA96D14A,0.13075381119846458
CC_C283330B9999,0.03662214589345647
CC_C289AF57EB24,0.26590392526705275
CC_C29558864857,0.12151468083059029
CC_C29846DE78AC,0.629490930100755
CC_C2AEE09D92AD,0.10964249830106776
CC_C2BBFB603032,0.35708882543253473
CC_C2C2B2EEBA69,0.04317525198446243
CC_C2D1CBB42952,0.16328996850606614
CC_C2D4587A871F,0.7040163984875758
CC_C2D583F20739,0.36291666768723396
CC_C2D9086A8C67,0.07549091166468848
CC_C2E8FA308586,0.14722301395225718
CC_C2EA104630E3,0.09377302047499039
CC_C30ED2C6265A,0.048493696355727006
CC_C31BA9FD4FFF,0.2940438652397133
CC_C31DC3117984,0.19325790997646292
CC_C33142B2E26E,0.40822079695359736
CC_C340668CE604,0.07406066471780699
CC_C36580241000,0.13371633935498317
CC_C3664AFC710F,0.09587755026221015
CC_C3676D2ADC91,0.19579625402787226
CC_C368AC6AE19C,0.03874083917610702
CC_C38B446B7432,0.18900582652091044
CC_C38BE6D69E61,0.056226330387337764
CC_C38FB634E7B9,0.0596852092967851
CC_C3913A125FC9,0.16029564138559288
CC_C392AC1AABDB,0.14807678674098423
CC_C3A37C3EDCC5,0.3132817223882073
CC_C3A42A96D260,0.2514563021035647
CC_C3CA355F78BC,0.10861057380960279
CC_C3CD972B25E9,0.14434890095807407
CC_C3CE9FCB05EA,0.05193976451405646
CC_C3DA12B31CD5,0.07868181320230684
CC_C3EF46D2CF29,0.14464251957293336
CC_C3F301EAE202,0.2002466614831166
CC_C404C200B723,0.10713266436288585
CC_C40BEE2EAD73,0.25576815034715517
CC_C40CA3E960D9,0.1410920326858288
CC_C40E0EEBA53A,0.15128727149315216
CC_C42183D7A586,0.08547961412670424
CC_C427199DAC5F,0.44643194791962226
CC_C445AEF194CA,0.08470052508939888
CC_C45051D20EC8,0.12256043897437018
CC_C47FCA703A69,0.285032108812199
CC_C4965C6C6935,0.3268350036962798
CC_C498BD798847,0.04646450704017972
CC_C49A42D1C3CA,0.09123245425628464
CC_C4A2F5B06976,0.05813317302000168
CC_C4B632AEB96F,0.15454141481812023
CC_C4D194378554,0.02997277550883551
CC_C4D90E9CA5E9,0.11289688286601626
CC_C4D941D5A5F9,0.14271276959984439
CC_C4EB2486A9B1,0.1749848471470159
CC_C4EC2923D96F,0.30116287390890856
CC_C4EC9ACAE8C4,0.7211841806198187
CC_C4FB2ECB13DD,0.24878302840925626
CC_C50467EBCC58,0.09979567791377433
CC_C50C5E2A77CA,0.14688116750387134
CC_C50D7FAA75C1,0.03829145059358491
CC_C51FE3F4D2F3,0.16173658630552737
CC_C5234F4713B7,0.06493962301857309
CC_C55110310E14,0.10181143799067491
CC_C563D509181A,0.0830240930229053
CC_C5736F4887D6,0.7746447067301283
CC_C57C4F09442B,0.08601716993639924
CC_C59D2CA55CAD,0.7967916709590785
CC_C5AD04ABF022,0.08904806727737205
CC_C5AF7BF4B951,0.036313630523204285
CC_C5C5FD9FCFE4,0.6454200526843088
CC_C5D9A89022EF,0.2191774210626896
CC_C5E1FA10BD6B,0.15880319138640772
CC_C6039EF0459B,0.16735319295927553
CC_C6133F44EB0E,0.10774593122633286
CC_C637C1142503,0.776301902557777
CC_C65496C86EAE,0.17096738772877998
CC_C67C2B86A807,0.1233098085567305
CC_C690CF8AF3B4,0.10271066664723102
CC_C69204FFED48,0.3119788087656449
CC_C69DD80E5055,0.103027580731238
CC_C6AE389CA79C,0.06316645443045121
CC_C6AFA8AF33BB,0.0755754485074214
CC_C6B56B2869A6,0.4064378468883576
CC_C6B61E03B42D,0.19019331608506743
CC_C6C2B357FDF2,0.10549537434563117
CC_C6C4A4A318E4,0.1101165209373901
CC_C6DECDCC7956,0.18422867516342523
CC_C6F134ABD932,0.606247476230304
CC_C6F24128D8D3,0.16703835030637745
CC_C6F8C5E3D746,0.11727065191258651
CC_C6FB2BDCC78F,0.38364442152203093
CC_C70DBEB08378,0.8186001383034117
CC_C71AAC6F9607,0.12093417362112262
CC_C73D1C53BEC0,0.3604667891300488
CC_C7423B380FD2,0.05642003309374508
CC_C747ABF2B4BC,0.08338864262020085
CC_C74F0C45C093,0.13667611140299105
CC_C75307665BCF,0.21545606078437832
CC_C76473DBFF83,0.3284537124710658
CC_C7652C2D1CC7,0.2024813446229483
CC_C77B38900325,0.25219082108977303
CC_C782A94E6754,0.04273894438748848
CC_C786E0FDA098,0.76347349414231
CC_C794632B3AAC,0.37161618265201013
CC_C795250A7B3F,0.09708003505136359
CC_C79BF5794AD9,0.052116162628144835
CC_C7A2A7BF85C5,0.07248300897331905
CC_C7A2CEDA36CD,0.48219039998365476
CC_C7AAAC514CD0,0.06817913146840995
CC_C7B39AE8206F,0.12768582386846977
CC_C7BA884F8DCA,0.1473793551864472
CC_C7BC592C11DB,0.049709297262059096
CC_C7CB29EBCEE1,0.04401390412406678
CC_C7D2BE35C77A,0.08396146455849617
CC_C7E56C7FFA19,0.18202952058424277
CC_C7ED63E403A8,0.07809372790167002
CC_C7EFF4BBEE1E,0.06903652932264112
CC_C7F1C90A261F,0.1526733816492325
CC_C7F38C2DEDFF,0.188393497376802
CC_C807F881A35F,0.26389877001748485
CC_C808346EF2A7,0.04299610089279602
CC_C822401D05A0,0.13094599933032552
CC_C82D0EB32984,0.10616479553861019
CC_C82DE4520088,0.1938262503501269
CC_C84080607284,0.07372757500555732
CC_C85DEB66D6EC,0.29756155238406
CC_C8601860B3AB,0.29216347846002233
CC_C86B56E5B000,0.11027719226911536
CC_C874E7D8B96A,0.06231052526184484
CC_C88F02C38654,0.1480307816841589
CC_C895990DF270,0.17967505072929008
CC_C896D6E93110,0.3895748116893572
CC_C8A57920FB6B,0.10164299622745783
CC_C8C2CEAC6750,0.48349342917388394
CC_C8CBB38CF4B6,0.40930055682759847
CC_C8DF2AEC8023,0.1488294388515231
CC_C8E24B1925A2,0.18224907935050044
CC_C8E2F0CA5050,0.6784708171236167
CC_C8E875AAFD58,0.2836273752064821
CC_C8EF7366016A,0.06919660012498835
CC_C8F1FB9C56E5,0.0863121367183777
CC_C8F2FF7E6DAF,0.10848951015202135
CC_C916DC82A00B,0.3223533542704364
CC_C91FF308D57A,0.064684122400369
CC_C9297D88CD26,0.3465797200186388
CC_C932D885E1AA,0.1959565645304433
CC_C947A66A6A34,0.16974927121905226
CC_C953D19C82A6,0.26307338704802274
CC_C960365C1125,0.24927258799473867
CC_C96221203852,0.20959147726436994
CC_C967937FC81A,0.6760122788220014
CC_C97434767545,0.19466517091086277
CC_C974620D4D4F,0.29763756630806115
CC_C9749B07E3CC,0.14102904838636443
CC_C979F86EC4EB,0.06152289870053485
CC_C9882357496D,0.06147453015924824
CC_C98B5F2B994A,0.09207908555227
CC_C98CA453DC7F,0.12331010380682428
CC_C996515164AF,0.6833376850905205
CC_C9A1B8F512F3,0.4274529267919186
CC_C9E008678B77,0.10226586926764981
CC_C9E89E3728DA,0.17877688215690812
CC_C9EE0357CF4D,0.15995175316112126
CC_C9F15C15BA6A,0.11818430431169119
CC_C9F3BB887EB9,0.17791485496979142
CC_CA0906B9B58E,0.0653096671842181
CC_CA16B9133E4F,0.2898766754625579
CC_CA2524A5C7AF,0.2848099595273266
CC_CA2A17C9CD44,0.4823358188344735
CC_CA32C61E255B,0.10778812359807305
CC_CA37F92A8BC6,0.1407123731657566
CC_CA3C9D0F42A2,0.579095975798313
CC_CA4669FF2379,0.10643650890760337
CC_CA486E08F176,0.051151414551937474
CC_CA5CF069C36C,0.07213975040890902
CC_CA6AB58D2C8D,0.2855272060670706
CC_CA6EDCBFA9E3,0.17178779237529412
CC_CA6FB58C11F4,0.07043350032937129
CC_CA7902338F91,0.1624414001720889
CC_CA7BE11DCB92,0.11332897971400294
CC_CA87A148C386,0.06880792896744309
CC_CA8E7E45347C,0.13300068241266783
CC_CA9214D0E170,0.16530270151543253
CC_CAA07EABEF71,0.058166216692061394
CC_CABC0190A9BF,0.4997959417906029
CC_CABF171B8582,0.5650169070984759
CC_CAC2F989A2D6,0.21419897652912495
CC_CAC50FF13A43,0.47416301248415993
CC_CAC9C52B6FB8,0.2458380307667794
CC_CAE19DE8446F,0.06580106294437854
CC_CAE5F6D8328C,0.47340747500356445
CC_CAFA0C6DBCEB,0.07182401902624332
CC_CAFE5D6E3E1D,0.11384864395241447
CC_CB02A97FAC1F,0.20283347136775218
CC_CB1155AAC7EB,0.14663440518027338
CC_CB1B2FC5769C,0.1659814673357696
CC_CB1BD3C19303,0.16598049805619494
CC_CB2423DD4809,0.7786503800850331
CC_CB33381406F3,0.638957368495969
CC_CB3CBA971E97,0.08213141553934059
CC_CB45CB5C940D,0.1721581359051608
CC_CB4A2667F8CE,0.21025055472251333
CC_CB4EA92BE238,0.06196355053236584
CC_CB4EE5CC0B09,0.1634395988718875
CC_CB50BDD92A4D,0.22263421874613115
CC_CB6A55831080,0.08082692759649221
CC_CB6CE149111A,0.13810701473573075
CC_CB6F9DA78019,0.0387447137518466
CC_CB722FAA608D,0.22344232257047186
CC_CBA786C05C1C,0.7212882398752241
CC_CBA9A6206DCB,0.14770491408291295
CC_CBB7AE2847B6,0.2039073985132664
CC_CBB9DDEAC819,0.02846694777908151
CC_CBC30D127BA4,0.09359205285355278
CC_CBE67EF0D3C5,0.49627906953819123
CC_CBEC318365B3,0.36863985802543486
CC_CBED6669EDA7,0.07736179896734366
CC_CBF1B052FA7E,0.08093349354400803
CC_CBFC7EFF2F94,0.12302767021561942
CC_CC27394B5E35,0.08966277105107293
CC_CC2A7B3D7A55,0.15912146699420304
CC_CC34B2523794,0.15090571408133874
CC_CC34E9023873,0.6988591927133527
CC_CC37D81F02A7,0.6472332976168698
CC_CC4822AEDB83,0.6966727828294612
CC_CC5D6CAE5ADB,0.28659758234907656
CC_CC6D27804EF0,0.06633580496652562
CC_CC71D4876B90,0.11135864674786887
CC_CC75EA7F2C8F,0.10904556630793544
CC_CC9214A5C0CF,0.09010547742886166
CC_CCA2B8D2446C,0.392539836651758
CC_CCAB3E56FD92,0.19024549226431933
CC_CCAF321D46D7,0.030353191330146988
CC_CCB46EA56584,0.2094224036936339
CC_CCB60CB8754C,0.13052711847190468
CC_CCD759553325,0.05560357778705525
CC_CCDC28D49832,0.1516906956002343
CC_CCE55029E621,0.6484482141906934
CC_CCEA133D7268,0.5032760113152533
CC_CCED6CEBC3D6,0.37710919927943637
CC_CCEE76415B51,0.3177277751368627
CC_CD1326D52AE1,0.6398183368375802
CC_CD35EEA81CE8,0.3340723041014867
CC_CD373485942B,0.09873927627490361
CC_CD379DD39658,0.3002726640272082
CC_CD37D5CF0EB0,0.16794027130746353
CC_CD380545A7A4,0.08716299506918115
CC_CD3A378249BA,0.27276777546837094
CC_CD415B1C7741,0.03858197122399219
CC_CD4976814F28,0.03661875041595107
CC_CD4F5F1C357B,0.2762235319926389
CC_CD54829713AF,0.08129060662682402
CC_CD5E3556D5AB,0.1591485930532474
CC_CD6C797F3C4F,0.07956019478825983
CC_CD7BA8F6C4BD,0.11539070475865866
CC_CD8352F0478D,0.19386329853386422
CC_CD972E578564,0.7863451183603108
CC_CDA1B20179B6,0.12746710337773626
CC_CDA2A36B81B4,0.26333058339774773
CC_CDF6354EC332,0.07168003349060542
CC_CE01E17132E0,0.036007901238537525
CC_CE1280B30475,0.15069788464176903
CC_CE134F878294,0.050196385850387645
CC_CE229894AC00,0.12674572048770194
CC_CE26907B9D30,0.4258336272956741
CC_CE2755B42DAC,0.07517879417675916
CC_CE2BD7F74421,0.27230549648359353
CC_CE3784121355,0.15341132939310814
CC_CE41F9FF509E,0.18845464767101583
CC_CE5AF0E9A157,0.09279827038811922
CC_CE5EA019DCAA,0.08112191696200569
CC_CE6460FE39F6,0.13315176005038598
CC_CE72D1734761,0.6303085986734092
CC_CE7FC560768D,0.36952185940433946
CC_CE871DB3950F,0.3237904385689855
CC_CE8D1564C4F1,0.12851961822910052
CC_CE93240526A9,0.2869712621162769
CC_CE980FCAB154,0.2944848229458909
CC_CEA0FAD348F8,0.08733588606993495
CC_CEA369A3451F,0.05763356791594583
CC_CEBA67081418,0.25411864797383243
CC_CEC0C00FE770,0.5101355249538491
CC_CEC3B21D2982,0.3786143249723485
CC_CECEC680F701,0.17484268003175157
CC_CEDB263DB07B,0.03673628018730492
CC_CEDF9C14DC79,0.2757165473017023
CC_CEF23255BE06,0.05459806096143965
CC_CEF8C71C4E8B,0.38652918229185784
CC_CEF91FDD41AE,0.3885615953090192
CC_CF0B68684C3D,0.09629306045874104
CC_CF149865368F,0.10290756213706687
CC_CF2A7A5582C2,0.19205898467767002
CC_CF2B3E37CF2E,0.38618453939418496
CC_CF2F163CE005,0.17022560325224703
CC_CF3C063DF626,0.1462928428113316
CC_CF3E91DB8220,0.3059240207181453
CC_CF3FB5744443,0.7297116795658544
CC_CF4991B8EFE9,0.11738850591857589
CC_CF53FD3AC9AD,0.03527565244346715
CC_CF5A140B279D,0.20211184607765237
CC_CF613A7162B6,0.11650655361404161
CC_CF6A8A460B19,0.10210336383786328
CC_CF792E77A16D,0.05374505198792044
CC_CF7BAF373E0A,0.03578929360347204
CC_CF8B1D0015C4,0.144837381208306
CC_CF8D0517B79F,0.07908040078836968
CC_CF92037ACA93,0.2056252648515533
CC_CF960A300F40,0.28693197253667374
CC_CF96B6335E6C,0.1926602176094494
CC_CF9880D67A7D,0.16906479661503848
CC_CF9B249283A7,0.7038736030640135
CC_CFABF7407978,0.22222802140209053
CC_CFB2AE99EABF,0.13083726308114202
CC_CFC0BC440771,0.1279361608470904
CC_CFC235739F25,0.5519748587391617
CC_CFC6E8954325,0.0566268445053228
CC_CFD37EDB214D,0.24436514808232546
CC_CFD93C04478A,0.5857315672079594
CC_CFE0AA5381FD,0.6123374570918735
CC_CFEB021AA137,0.05131283400139963
CC_CFF6E2A6A3F9,0.2690526550281177
CC_CFFDC4947256,0.1564971397471776
CC_D009368CE434,0.04826296406690676
CC_D02E59E08B02,0.037600263486195995
CC_D03848B7353E,0.053606000503016435
CC_D03A69B1563D,0.14226660144163134
CC_D0576802096E,0.08862686711200152
CC_D0582E0F3440,0.04726248588165941
CC_D059D0BEC5D5,0.3760173244827399
CC_D05C4A8F2A25,0.12146431280432335
CC_D05FBA9B9040,0.6979669196490118
CC_D0653EA71CAD,0.18210837851139408
CC_D076A984B786,0.14030129484962717
CC_D08FC2D99CF5,0.2071243381940464
CC_D09942A02904,0.12569878442231155
CC_D0A8EA2D37F2,0.14140040585217947
CC_D0AAD35C800F,0.10888870919202215
CC_D0D666EC0244,0.09162774771955806
CC_D0F3F68F4452,0.4613632852180543
CC_D0FBDE8ABAA7,0.12533249369114696
CC_D103D50237D9,0.23277058539125206
CC_D11E5A30CF3B,0.26088025053999186
CC_D122B30AE7CB,0.535704428488788
CC_D1679B40D83A,0.0967853940454112
CC_D1760785D631,0.2423529379119343
CC_D18088587757,0.23986258362720847
CC_D184160042B7,0.31980729633930727
CC_D1886485E8B4,0.14328446828940253
CC_D1893DD5B4D4,0.09152730473334156
CC_D18B60E035CE,0.7448122321935193
CC_D191D099789D,0.07978600302852709
CC_D1BDB41E7FF6,0.07180390252795442
CC_D1BE2E6E9C9F,0.17167354089193732
CC_D1BFB29BF61C,0.0907230958060366
CC_D1C259F80E13,0.08709230368647838
CC_D1C63DA9CA93,0.12908961821982207
CC_D1C931E4F305,0.07861849115512606
CC_D1CE25F271BE,0.16156960435653744
CC_D1D2127A0C67,0.05637074300445039
CC_D1D31EA359F4,0.13451649248786005
CC_D1DB888BD9B0,0.10721652357474715
CC_D1E82B9DD102,0.16392075959610564
CC_D1EF68A649AA,0.12594658566001105
CC_D1F05E69F80F,0.05990070198797339
CC_D1F6FE158DCF,0.23569252117109038
CC_D205612FD566,0.655772879914756
CC_D21474C31E3C,0.6898168723126306
CC_D2195A061A0E,0.6052202232823538
CC_D2199CC1CB08,0.03061543279128379
CC_D21FCD9DFE53,0.5426278542438531
CC_D233B2C8062B,0.40525363320612123
CC_D234CF2C21AE,0.6657693418005898
CC_D2373015DF41,0.046550791394196156
CC_D239CBE1012A,0.11325091024142964
CC_D2591377E980,0.7324080474736336
CC_D25E25C831B5,0.06545748130089388
CC_D262BB13DAAF,0.26961846432639763
CC_D272BC699F38,0.054615792646616396
CC_D2813C835750,0.777256127041962
CC_D285B0D67016,0.02482863496525938
CC_D28FB525E310,0.2530069243217674
CC_D2AFEE04E96F,0.040732198127211794
CC_D2BBAA423304,0.22240674899661483
CC_D2BE8B4011D7,0.06027256150786747
CC_D2C49D2FEBF8,0.19523746302606546
CC_D2D09498D333,0.1512865235094525
CC_D2D187DA334A,0.15415232131061318
CC_D2D47A5386CE,0.23386466517770998
CC_D2E98F50621A,0.03662878228541906
CC_D2F265035F0A,0.04389659646871969
CC_D2F91355C6D0,0.152993058401525
CC_D2FC934F8324,0.14139891803067087
CC_D3044C67CFFB,0.047233690849167925
CC_D313F2C49E46,0.33299265570228076
CC_D31FFB053D60,0.12343954109893406
CC_D336DB6323BB,0.29482356646092966
CC_D343A7CBA377,0.07315716727196825
CC_D345AF4C4B61,0.19346293531701014
CC_D34FA9410740,0.08100750167697085
CC_D354C5D1665A,0.1495595170023128
CC_D35E96480AF8,0.2777148385579453
CC_D3616386D6D2,0.14478247736492733
CC_D365173E852D,0.7669653483054932
CC_D3683C6CFC5C,0.6443323693779229
CC_D373463038E0,0.051267486117372224
CC_D379CF8E3FAB,0.7283414759124225
CC_D37B4CA7F3D8,0.041460784894358935
CC_D37B5B3CA4BE,0.7024085206950937
CC_D39265D7B6C9,0.051796074417695154
CC_D39E3F732408,0.07389778984138137
CC_D3A7B21165B3,0.3311351553986566
CC_D3A9028A4660,0.05240145401079144
CC_D3A948322BD5,0.7230555697993601
CC_D3B95DB5E6C1,0.3190507566768003
CC_D3C8C5014D5C,0.20850959296137156
CC_D3D80929AF52,0.08734958582251956
CC_D3F25136073A,0.15208674113425102
CC_D4102AD032BE,0.2567794804575806
CC_D416EFCEAD89,0.055386102294768785
CC_D41C5030494A,0.6809254358920976
CC_D42E477596A3,0.05027795844349014
CC_D432C89BADA8,0.12041705145208945
CC_D434638E9569,0.1179131690735003
CC_D4518F98BB77,0.0887753488707008
CC_D452847F2A4C,0.08702557943133628
CC_D454056F92E6,0.22990530413683996
CC_D461FB973AB2,0.8052483370969263
CC_D462250B13D3,0.43115431744704985
CC_D48E686A834A,0.6744073461977784
CC_D48FFD985E51,0.07088682002045246
CC_D49263A1BDF7,0.128962356244344
CC_D49668C65C33,0.032082095930451915
CC_D49D9C57A849,0.089863402545241
CC_D4A029A150E4,0.16036328176560866
CC_D4AC998C0BC8,0.7086616113182449
CC_D4B02AAFC697,0.12060275852545285
CC_D4BDF0F4FE9E,0.1274415034893729
CC_D4BF2778371B,0.16873029859412478
CC_D4C0F4DB3501,0.16951474745499936
CC_D4C6DD8A364F,0.13540182971352266
CC_D4CDE2A1E174,0.14893712221575112
CC_D4E7EE35695B,0.1711783797487668
CC_D4ED652E86DF,0.29731279459399124
CC_D4F844B54B84,0.0381371553047497
CC_D4FA0055DB4A,0.039114762504577356
CC_D4FDCBAFEC74,0.7185994925027348
CC_D517D90E105F,0.09482964412507386
CC_D52B87A01028,0.24471421205759414
CC_D530C3D1DBF8,0.6715868830358355
CC_D5327E41EBA2,0.10817553685878838
CC_D53C8BCA531F,0.08133352851200336
CC_D540C7ABF683,0.6828565970715619
CC_D54105FC1349,0.3323760984678754
CC_D550CE8B9313,0.7456117978747878
CC_D55C5B432387,0.16923945073755942
CC_D5646FCC5E14,0.5812902793700246
CC_D56F34613338,0.13725589362100693
CC_D573AF0F1674,0.10407588992038264
CC_D586E2C2B3EF,0.19967056850282172
CC_D589E388CA02,0.05582240306021512
CC_D58EBD954E68,0.3353719197345897
CC_D59AFE884BDD,0.478693240069849
CC_D5AC596A85E1,0.1630378683889729
CC_D5B99B578573,0.04241966485998211
CC_D5CBF4A4D3B3,0.10357531945342502
CC_D5CE05EAA837,0.20575508390785677
CC_D5D36A6C8DB3,0.07887510486644034
CC_D5D8D545736F,0.08380399859698234
CC_D5ECFAF8C1A3,0.07333048816611068
CC_D605715F737A,0.15019298111019957
CC_D617428B4B0E,0.3833156049948073
CC_D61E8E5C4414,0.12768813567492332
CC_D652B5F05769,0.18789286065542743
CC_D6564D0CB9A8,0.19867821341991376
CC_D66183657419,0.06262523679219521
CC_D66BDD3E1AA7,0.11150919347094063
CC_D66DA331534A,0.10122231054785688
CC_D687A780C0E6,0.051728819249223255
CC_D6AE871A4C9C,0.10937646688182823
CC_D6B7AF1FBDD4,0.4965430589334243
CC_D6B874308353,0.549252627020467
CC_D6B8F47FE484,0.5283188214222296
CC_D6CB1BFDCEEA,0.107101346405096
CC_D6D47D7E1C51,0.03541904498092113
CC_D6DE060699C6,0.14830009607127925
CC_D6E06014457F,0.784963054926214
CC_D6E8E17EA449,0.32416138952570717
CC_D6F216AB1C4A,0.16091075203664654
CC_D6F5E3A51C8A,0.09172961766512697
CC_D6FB3B76D7A0,0.5849069949249079
CC_D6FBCD4BA3DA,0.28794406481701057
CC_D70918916097,0.5108631562941605
CC_D73B1B9B81A5,0.05366756191810097
CC_D73E9E24BB48,0.12487242003405792
CC_D74AA0F20466,0.125151375735699
CC_D750070C44BB,0.7143350149571105
CC_D7529675CB7D,0.17137812563127236
CC_D75C8CDB510B,0.6595064743460004
CC_D76009C47709,0.30021026639380277
CC_D771775A58F5,0.18901201059906458
CC_D77F9D613EF7,0.18088197296468334
CC_D7999C3EDE22,0.19911410794249723
CC_D79BF1D26499,0.1763125042621474
CC_D79C05885899,0.13006431562916032
CC_D79D4F15D10C,0.03949931934089185
CC_D7A11E3512D2,0.04754098294638737
CC_D7AD7A7279C4,0.15416129480336066
CC_D7B35055AF0D,0.17021450361758758
CC_D7D99409D57E,0.3169189918508324
CC_D7E403181D8F,0.11285051277542574
CC_D808C7BA9399,0.13377542901250156
CC_D80DE8B544F3,0.03690811957480942
CC_D81D19AEFB77,0.028813847164846584
CC_D81F317F6384,0.12613233950145902
CC_D844D9DF962C,0.07830295960165702
CC_D847D978387D,0.05336889110193062
CC_D85C7B85C440,0.22936819188231838
CC_D885591596E7,0.08570030577762239
CC_D887D07BDE23,0.3756396942238275
CC_D88ACC0CFDA5,0.11483757277881049
CC_D88BDD0F510C,0.05259909379684137
CC_D8956424CB37,0.41443866671510093
CC_D8959BB99A7F,0.325698276657019
CC_D89A9A14B5E8,0.05006127578172982
CC_D8AD01F3CCE7,0.04343290128884898
CC_D8B4122DC296,0.1204475978309352
CC_D8C38B187875,0.7230554408839946
CC_D8E55509595E,0.05009353993004929
CC_D8E6B90C37A3,0.12590456390460394
CC_D8F1AECFCC2F,0.056380095046238976
CC_D8F7672C70D7,0.040358576809026624
CC_D8F7E904E7DF,0.15624547385377008
CC_D8FEF1C99F88,0.6778845475794766
CC_D90761F9E9C9,0.3983739003615141
CC_D90D9D5C8FEB,0.08171577060096621
CC_D912917A4F4E,0.7254333090601819
CC_D91ECE64FD0C,0.10926166829254105
CC_D9325E5695D5,0.05316422887084181
CC_D9563654A397,0.19844067193693862
CC_D95766A6C24F,0.1243367581051658
CC_D95939B1BBFA,0.06275824182481159
CC_D96729C38BC9,0.09396757780253584
CC_D9791EFF766C,0.21268433662609404
CC_D97AA7C54F6D,0.09677332149705004
CC_D98BA5CE8EE6,0.4735011627000629
CC_D991DAD5413D,0.12801830003180167
CC_D995C89AA359,0.2136349183634058
CC_D9A54F55AD6A,0.09066927813867082
CC_D9B87A96C353,0.2229769887864862
CC_D9C42B0B6A0C,0.17266798685217732
CC_D9D487E78FAF,0.6674835572490955
CC_D9D744A66B09,0.08744664282635946
CC_D9DA3F6E2E7E,0.1414090806111909
CC_D9E5792258E4,0.09135148439582501
CC_D9E6B9CBEB77,0.04748423769835433
CC_D9F0CDB02AC6,0.1391735761790675
CC_DA0201D1BCF2,0.10937318389068726
CC_DA0500AFE692,0.05979647987582587
CC_DA0E0BD3880D,0.39027663400283996
CC_DA10F53AE655,0.65469963220094
CC_DA1643A835A2,0.10271492951660902
CC_DA1C5BAB7E35,0.5268199365370045
CC_DA1DC6A6371D,0.21684350316187007
CC_DA1E6B31DD2A,0.6518460545387235
CC_DA1F282809D0,0.03315219505756433
CC_DA226442D919,0.7391194951233713
CC_DA31EC318B1F,0.0529725835543889
CC_DA33597C6459,0.16082527013424527
CC_DA43CFB5CC2F,0.18752602910150878
CC_DA481C72B8A4,0.25097193167797294
CC_DA55447636EB,0.04502046283107199
CC_DA5AE34842E3,0.08678790225663736
CC_DA6880B018AC,0.18360059372926282
CC_DA700A961616,0.1446089290390818
CC_DA7E65F1E6AA,0.07187563224746531
CC_DA80FAA7FE30,0.09504052717581851
CC_DA8DCCC1199D,0.321472265893463
CC_DA8EA724C1D3,0.4208171300606425
CC_DA8FA65D1924,0.03784253964369533
CC_DA99D1E41C3E,0.054432448309424286
CC_DA9C3BEFD0B3,0.18175093847880386
CC_DAA3B7FE1C62,0.07687782267718302
CC_DAACE4211B34,0.16040127842584817
CC_DAD239E56638,0.7584329459278579
CC_DAD4BC090253,0.06702180696294653
CC_DAEDBA26BA12,0.30472708624607003
CC_DB1EB08EB40E,0.12961637081797658
CC_DB2314ED6960,0.07288797891379999
CC_DB25E05EC5CD,0.41346051995679833
CC_DB3BE0C87882,0.05757017050922436
CC_DB44628BC147,0.18999298817182508
CC_DB562E602BA8,0.1096028765759255
CC_DB61D7F5F8F2,0.6911130150138063
CC_DB6498598C32,0.1786800306799941
CC_DB6B59FB6E30,0.038002096015815376
CC_DB801B947698,0.2951534549326774
CC_DBB8C467FF1D,0.10996862404774538
CC_DBCD21C2C322,0.06835449351965617
CC_DBDB148E45DD,0.09548483196105673
CC_DBDF9BFA7E87,0.10264034620524368
CC_DBF5CD2D854F,0.21443528152036595
CC_DC0077DE6E39,0.2014266724226047
CC_DC23159A1F99,0.05566346603299899
CC_DC2458827FD8,0.23033034395277016
CC_DC2BE35D58AC,0.27477888409360185
CC_DC49C8D3F7EC,0.559539558757996
CC_DC5DE66826E9,0.10290373188515853
CC_DC6063FC6464,0.08107408272780015
CC_DC771AE1B4BA,0.6775904627173228
CC_DC7DEBC30E17,0.4332315538752275
CC_DC978F3A711F,0.6568556612717473
CC_DCA2140C7BC4,0.19498051489822324
CC_DCA5CE7C9DC3,0.13692955982460744
CC_DCB5798049B2,0.14064443321406492
CC_DCD10C95C942,0.5290303421655609
CC_DCD145E8E729,0.29420121394997534
CC_DCE0BFC03B86,0.0482434994522276
CC_DCE75AE2FB52,0.05575487813743371
CC_DCFCEEF21BA7,0.3620229788399833
CC_DD12A8C462FA,0.07509854436215618
CC_DD14867350AC,0.17056847895794708
CC_DD232BC8881D,0.2017286306978139
CC_DD2473D34D68,0.21238803119630312
CC_DD2B5C4CD318,0.06134900915231993
CC_DD4EC06C3A92,0.27876785518211356
CC_DD5299DA8C1C,0.08609008618428521
CC_DD59BFF18ABC,0.15275137138980896
CC_DD6777E1B05C,0.04748137827723217
CC_DD6EE1501B89,0.07972236969709476
CC_DD78B52AE022,0.12850967939885244
CC_DD7983A07B43,0.6292156689206704
CC_DD80B5CC495F,0.11481717495064636
CC_DD8956B71825,0.6279417278761885
CC_DD8D40E7E2A9,0.09091937711450435
CC_DD9972D0B63E,0.13111500748980073
CC_DDAE70634ED3,0.0994421328536951
CC_DDB4A9FF2B03,0.10019849800527308
CC_DDB68302DA2A,0.14975020021221072
CC_DDB9DEC9C037,0.07062428616059171
CC_DDC610D2B2F0,0.061464259201589905
CC_DDCAEC6BD9F0,0.20747879493771298
CC_DDDF665EBD93,0.31802306386348866
CC_DDE66EBF2157,0.06234349399291841
CC_DDE8B7E9C7F4,0.31500336901729553
CC_DE019FC36D28,0.36399954984446
CC_DE07076B04D5,0.13674673259381792
CC_DE07AECD2361,0.035751920137508976
CC_DE08A4514010,0.544973704890177
CC_DE093FAC5293,0.44911708259110095
CC_DE17BC1C2324,0.061925098257261696
CC_DE1B13B3E504,0.03561350354654333
CC_DE4264861B73,0.09368700390104565
CC_DE4810B88C51,0.2870445792072184
CC_DE4EE8A16896,0.1517807013192115
CC_DE523A2403BB,0.09854530059985336
CC_DE52860CFBBE,0.22347213262235713
CC_DE593193FB9C,0.19399304021185076
CC_DE5A9B499ED4,0.085167956274039
CC_DE6AFFA63ABD,0.09256355030601102
CC_DE7CEC14CCD5,0.7052605164537693
CC_DE7D7B5BBB14,0.6546359134428298
CC_DE81AAB7BF48,0.06530999916085739
CC_DE8956D433E2,0.6575623261964958
CC_DE8FB8D1CB71,0.32475257524667295
CC_DE90D07B269D,0.2193167965982718
CC_DE9A62529780,0.157644096085377
CC_DEA425EA8441,0.10715869318476143
CC_DEBE01582EFF,0.19510821413942508
CC_DEBFD4E79A38,0.050354495545674685
CC_DEC97F13CB8C,0.19127665143059125
CC_DECF1507C86D,0.15765209370485683
CC_DED24C8D047A,0.0983627821013751
CC_DEF4AEBD31C8,0.21089752172913417
CC_DF062F698349,0.10360089795760044
CC_DF13D5CB626A,0.09491272926196376
CC_DF15C526CDC5,0.04314300944477093
CC_DF1F6C68F7D2,0.141218059014275
CC_DF3EB88F509B,0.08756602300879573
CC_DF4E332C886F,0.0260787669653937
CC_DF514171DC30,0.16236529933958638
CC_DF536CEAE5C0,0.06557753945549591
CC_DF5806CC2CFF,0.12998232593592962
CC_DF715690EF20,0.2579178236225011
CC_DF718A37AF15,0.10228360632301481
CC_DF7276DD74AA,0.11275651462324371
CC_DF750B2D6872,0.35202071248682
CC_DF9FB6670627,0.06982423688016148
CC_DFA65A0125D9,0.05058834779009537
CC_DFAE355359B8,0.18655056559485417
CC_DFEA562F7BCF,0.31238329533711995
CC_DFEDAF0F0D6E,0.0391039346775921
CC_DFF6F74C64B5,0.6740080502194478
CC_DFF87DF16763,0.1299986858856101
CC_E00D8ECE9FA9,0.14495867634048434
CC_E027E36615C0,0.5219413082273503
CC_E02E23CE49A8,0.09043641202001435
CC_E030B3AEBF19,0.13844492895941474
CC_E031A4C862C1,0.18093144290385674
CC_E0339B331F4F,0.08876977525703394
CC_E038981B2FEE,0.12880685124488622
CC_E0463868968B,0.15140389852513886
CC_E05A8621B581,0.3188602819101956
CC_E07FB0312232,0.1557678069686273
CC_E088594E0624,0.2397827842712341
CC_E09AC3B1E534,0.1020820507130136
CC_E0AC29AFCF97,0.18775287334851376
CC_E0BAC6E0D0DA,0.09345987698578707
CC_E0DDDA07F0A1,0.1732178380066467
CC_E0DF45AB72B6,0.2256235615845799
CC_E0E1F8E7379E,0.11043730469541754
CC_E0EF095444A5,0.16696593810306642
CC_E102E4F7F8B4,0.20033687721943966
CC_E109B4CA6A8D,0.12683137365759203
CC_E11470A2D92C,0.44286665284328147
CC_E117B8A6ADC6,0.028668011051255972
CC_E128015073F3,0.06892755009584106
CC_E131D5EB9237,0.1940768295258643
CC_E14A24095E9F,0.09710017384100972
CC_E14CADF89123,0.5373525320561295
CC_E16876025011,0.05266993821628023
CC_E16C71C15D04,0.6723341866439542
CC_E16F1BB83653,0.050877863441611465
CC_E17448FB08EF,0.5440835850435595
CC_E17AAACEB07D,0.08001736081790042
CC_E1875522DC57,0.1487569596962
CC_E18A0734641A,0.11339229373725807
CC_E18A22453843,0.07964506746894581
CC_E1B4E3360C0F,0.18248153564631298
CC_E1B5AE645169,0.05639316253476809
CC_E1B71F6B7DD2,0.31807795660723553
CC_E1D073F693A2,0.30558449328524
CC_E1EA83C31C66,0.09790621318802642
CC_E1ECAE226485,0.25646639835417656
CC_E1F0C5076481,0.0663116708709316
CC_E1F78CE289D8,0.043341556836343074
CC_E1FBCECE0A54,0.22720912173204058
CC_E1FD46CA26D5,0.09290358237239794
CC_E20E7C7164A6,0.7229976890282009
CC_E211E2698C14,0.03478070874730055
CC_E21B4F587C45,0.14398050956506886
CC_E22A278A1386,0.058746321115630565
CC_E24078C03B7C,0.1576018516013542
CC_E2452737F950,0.1479857328950277
CC_E246119AA09C,0.5838404671931277
CC_E246942C7310,0.0836019662642229
CC_E2474A334F3D,0.09107430767052328
CC_E2489637D0E8,0.13609206958752995
CC_E2521AF9C2A2,0.08621359134358972
CC_E253F4AC4762,0.5644844451534443
CC_E257805D0F0A,0.2043863934326825
CC_E25A924EDB70,0.09911971628293326
CC_E25B5D5502AD,0.09229894856016302
CC_E2619E24BEDD,0.6554790073793495
CC_E274DAF3C064,0.07010245193785913
CC_E2787CBDFBF1,0.13650801657565725
CC_E28AE2E68BB7,0.6686200505074072
CC_E2C3E272D059,0.2381357653651973
CC_E2D653061523,0.3979892161532813
CC_E2ECDC7D23EE,0.1394558871338999
CC_E2F0E725C3AB,0.057216493966157314
CC_E2F7712CD056,0.19033787674329405
CC_E2FD7FCF0AD5,0.7936579281504219
CC_E308C7DFB2F2,0.13413894649060876
CC_E30B791D5F11,0.22239654666206587
CC_E315F7A94400,0.35035037597593166
CC_E31DAB1E73F5,0.052069333063263605
CC_E32034C97E83,0.2277592993751845
CC_E32DBED5EAC1,0.2621428170595182
CC_E32DDDDEE3CB,0.19413547214066956
CC_E343EC3EB052,0.6875018390073164
CC_E34A04E78D60,0.1370099487830576
CC_E3503B565AD0,0.2506708219298548
CC_E356B05ADD56,0.19632860244451045
CC_E35D02BE6780,0.02033870164481786
CC_E369AAECB2B1,0.49617792351184375
CC_E36ACDB4F96F,0.43324269519711955
CC_E36C7F0E1657,0.8191017878665472
CC_E381FD4674D5,0.034345556862607
CC_E38E3835121E,0.04140608480927812
CC_E3A70438A0C1,0.297234766086215
CC_E3B5C76189F3,0.22982022062541482
CC_E3B7B7E57889,0.18984640067738598
CC_E3CCC0D886D9,0.1813426009778906
CC_E3DD8AD10171,0.3089361856689503
CC_E3E230CF20A1,0.2409317202593055
CC_E3E4B2543CCB,0.07492545639078582
CC_E3E5DF01E014,0.17205457700792412
CC_E3EB157288A2,0.09532402868443927
CC_E3FBDA203EDF,0.15561919538967786
CC_E404FCA6CB2B,0.6966836579119107
CC_E4054F9C8442,0.2925139702476708
CC_E405D808772F,0.035157648532419004
CC_E4137B250609,0.40205049929620373
CC_E41482A7E968,0.06986715499146845
CC_E421FA1874F4,0.10574545006062822
CC_E42C38BBBD04,0.16027940304344798
CC_E42D90BFB285,0.04411316571002743
CC_E42EFC05C891,0.08345785902125208
CC_E430F3C75969,0.08743561028661831
CC_E4576D6B6478,0.11227734148807132
CC_E46B27A13728,0.41049898551854913
CC_E4783FB590D4,0.17672010431388652
CC_E489009C6500,0.15702528170646557
CC_E493CB46177D,0.10988057168698545
CC_E496AFA9B40A,0.31955463611726265
CC_E4A2FFE0EE1F,0.12412631768344223
CC_E4C553538385,0.3023866474997663
CC_E4C7B5501ED1,0.16083274104302003
CC_E4C8A5A60F51,0.1792910384950328
CC_E4C94AB69214,0.3683556362240883
CC_E4D75244E8B8,0.1953735793757667
CC_E4D9A8EEDBAE,0.1996075275718332
CC_E4DF787730AA,0.1229061610416555
CC_E4E0DC070132,0.14992764552364546
CC_E4E3C08B7F86,0.0605210322021033
CC_E4FEEB4389C9,0.3644053105514663
CC_E50598344DD9,0.4030729126168896
CC_E50C634A9A18,0.027268383813909464
CC_E5107337FDD7,0.04457334902941945
CC_E511BFCFEC9E,0.6682619470776463
CC_E51318749E09,0.1163854605203673
CC_E53FE6708AD9,0.6941622136434735
CC_E54290FEA34D,0.1137080714948343
CC_E54B723C018B,0.04155168585113936
CC_E554618F383B,0.10445041833840656
CC_E557336955A2,0.10664933007675584
CC_E55B48E73651,0.16556070221308616
CC_E55D8DC645B9,0.05609686057815315
CC_E575DA02C575,0.2573276354303456
CC_E576BD98A727,0.2089706256275638
CC_E578DC77656B,0.1326414473027902
CC_E57F3EAFD9A3,0.1449585874321454
CC_E59A01603B7D,0.3180002950311822
CC_E59B2D974CB3,0.19573824965109626
CC_E5A1C44F0F07,0.632588159639357
CC_E5A8BDF6BFC1,0.16333506790210006
CC_E5B284DA0E5D,0.09247499544486851
CC_E5B8363BB378,0.6136035217364708
CC_E5D8BFFA5F88,0.05791590043024377
CC_E5DA04902EFD,0.26639543901132845
CC_E5F53CFC20EC,0.0764054181767618
CC_E5FAECE63C59,0.5485974533340399
CC_E5FB6E872C58,0.08677392399549917
CC_E6045565E7ED,0.09161011596428142
CC_E60845ADC7F1,0.03677943121023991
CC_E61567D6B392,0.12994297720744363
CC_E62174AFA94C,0.14116104275917532
CC_E6247DD14641,0.097076043466234
CC_E6289A61F0ED,0.09917921453974946
CC_E62E32FB6FBB,0.02820047732394874
CC_E62F6BE942DC,0.2543563262243199
CC_E63E49B128AE,0.0737804238514528
CC_E63F89885A3E,0.7694173954086471
CC_E6466E6A92CB,0.23493364079748388
CC_E64BC95F8B2A,0.8280625363629295
CC_E64C652BBAB2,0.08324298199874577
CC_E659DB355476,0.1781753232929032
CC_E65C8BA5A7CE,0.06861208575830545
CC_E65F39446752,0.34028859866323435
CC_E67395791589,0.186967067493036
CC_E67622A69EEF,0.07754842994000395
CC_E680830CAEF3,0.06428810828198754
CC_E6823643AC4C,0.6685090516704391
CC_E683F33931BB,0.12658302916740172
CC_E68841DEB163,0.08642365967866449
CC_E68B2C33D180,0.15175734908287664
CC_E68EE6EC2618,0.04369345622577955
CC_E69508D3D3F1,0.22310755352637074
CC_E698F1348426,0.21769817281312165
CC_E6A178F3709D,0.13711541229038798
CC_E6A4B6E8619C,0.6669690371411247
CC_E6B3887C66BB,0.30549185779058524
CC_E6B6BBBDBEDB,0.28966517863450364
CC_E6DBD0F9DC3B,0.0756056085479732
CC_E6F090F70DDD,0.3167428525148298
CC_E6F2D8CB45C6,0.10932471454739068
CC_E6F8FBEDA2A7,0.09054408864949633
CC_E70854CDFE9C,0.05330394468880623
CC_E71C05F07F85,0.06329851934255588
CC_E72797CABC60,0.08061518231229929
CC_E727C1153226,0.09230853284724608
CC_E73489D828C7,0.1231112764150514
CC_E7355465CE6A,0.07434885628977753
CC_E73CDBC743FF,0.21697850135454486
CC_E74F00E75A4F,0.06039069659110832
CC_E751F7E19192,0.14978294115077762
CC_E7522AD6431A,0.568792507854923
CC_E7523630D2D9,0.2560700196305993
CC_E767372DD95A,0.5901140750320131
CC_E76C5DFD3BA6,0.18737511163460713
CC_E77326438575,0.2178022987649036
CC_E77E29E11EB1,0.14450772065041792
CC_E78F20B3223F,0.6988469248974005
CC_E79A23E64518,0.09802611941577213
CC_E7AC69AEA182,0.759477334148773
CC_E7B754CA9668,0.046040305427476017
CC_E7BA60365AE8,0.16374042219204119
CC_E7C95D4A741C,0.0732159700129755
CC_E7D3D728EC5B,0.20424222287848676
CC_E7E4D5F851D3,0.06978830997484226
CC_E7EA49D37B64,0.3631054706461069
CC_E7EF11A24F73,0.7861833963254263
CC_E7F6F9A7EC65,0.06731714883771428
CC_E7FBC7F69DBB,0.20238154115461182
CC_E80B1A55A74D,0.161564082511924
CC_E824AB0AFDBB,0.1983941822024824
CC_E826DAC92D9D,0.26894218660060243
CC_E83AB7100D06,0.12826888028457056
CC_E83E6D31EC76,0.25185733266296084
CC_E86650461FBE,0.16162410501916724
CC_E868A3754B11,0.8269089425037679
CC_E86A993F7D05,0.09305169536720177
CC_E87992FBEE80,0.6465924419892778
CC_E87B909C4DDD,0.17827673772206268
CC_E8828BA7EE08,0.12722703611851519
CC_E886157F6FBD,0.35521478732229517
CC_E88711C5C98E,0.10570362091345689
CC_E887680BB6CC,0.16305845050230552
CC_E8909BF77D8D,0.10458283148984351
CC_E8A82DA3A246,0.16707995303012452
CC_E8AC7545DBD3,0.09031685288481807
CC_E8BA6B224C3E,0.11112570081402352
CC_E8C6CA45BF72,0.16889002515255583
CC_E8D2E3126A8F,0.6758304998000828
CC_E8E55DAC4FF9,0.05706814948560103
CC_E8EB77AF3F78,0.8287556657356168
CC_E8F2C6905503,0.3641773310722115
CC_E90831F897A9,0.1793451446319309
CC_E90B14D51185,0.5402957595933879
CC_E9188329C9E7,0.09318993380879137
CC_E91E1C0C0C61,0.6109444584863966
CC_E91E9D34C5F3,0.12011949374777556
CC_E91F555DBA96,0.13155631515851304
CC_E932CFF4B4A4,0.24405225458273314
CC_E93643CB34CA,0.16469719716382825
CC_E937CA493910,0.15097550959549047
CC_E9409A50B4BF,0.5261411892675727
CC_E96711AD5512,0.052341275145857624
CC_E96A3E6912B4,0.4972590920145713
CC_E98AEE74B9BC,0.2162681717982086
CC_E992FB78BC2D,0.2932328147120762
CC_E9A3AECEE3A9,0.07816190958218192
CC_E9BDA7766728,0.2572768768665685
CC_E9BF1AFE86C3,0.19665448402731878
CC_E9CA055AD1A3,0.09859265107890453
CC_E9CA0A56E917,0.23178648248436357
CC_E9D3453F53AC,0.6321138502273584
CC_E9D46EFFA839,0.20471357213586297
CC_E9ED872B6037,0.037485270979866286
CC_E9F40C1B559E,0.12783524701152837
CC_EA06928C0AA9,0.2632440196561311
CC_EA0A46F64C80,0.11369094417689106
CC_EA114B15FC04,0.5157711348333184
CC_EA1F3F67BA2E,0.08068037268949002
CC_EA21618614D1,0.706724492366031
CC_EA26B5A89181,0.22842963040075104
CC_EA26C6C27662,0.1772888174260257
CC_EA3B5AC76649,0.21219948057643956
CC_EA4E669C8528,0.07978416834764893
CC_EA6917E7A5C2,0.7340521089181589
CC_EA8A25862433,0.14994415547536458
CC_EA901D7CA670,0.15751931887808018
CC_EAA2BCE323EE,0.7439284808806517
CC_EAA6D5189190,0.11682527365475881
CC_EAAA8DD7FAAF,0.15166546152151458
CC_EAB7408CCE0E,0.3326635674326416
CC_EABEDB3C4827,0.13482474041188783
CC_EAC6D83D1BFC,0.031115231113053546
CC_EAD7F3E9DAD1,0.0610022851416359
CC_EADC7D8196C2,0.3242965789726768
CC_EAE608E24E29,0.03885038223069824
CC_EB05AD2C7C27,0.0373724060687959
CC_EB1DA337E2D1,0.14413719143810122
CC_EB1F425EC937,0.1032619972030476
CC_EB2FE764BF6D,0.1348006968445898
CC_EB55483587DE,0.10402997859824811
CC_EB569B3E2E12,0.6494480273223718
CC_EB57E6E6C96C,0.22686031808647866
CC_EB5A0FE0605C,0.1326267043581302
CC_EB64EC97D01D,0.11550524880805546
CC_EB691249B91A,0.20146279344048104
CC_EB7C50A7D4C1,0.47402355963965825
CC_EB7C52FDBEC3,0.1589355658803433
CC_EB86FED24535,0.271718180296023
CC_EB89DECC2021,0.1116515895943036
CC_EB999F9D6095,0.19122520981073915
CC_EBA2F85924CE,0.06597715375751584
CC_EBAC5A53FD11,0.09043297106828183
CC_EBB109EF7619,0.19364445705787825
CC_EBBD00C18763,0.04232908429686047
CC_EBCA68C7854D,0.06835208688061176
CC_EBCBDE122879,0.15152013108764367
CC_EBDF6C88BBA5,0.07283908073017822
CC_EBEDAC91ED43,0.0947785507273757
CC_EBEEC4183FDE,0.052363659800301325
CC_EBFD9D007253,0.479493708192935
CC_EC1ABC58E09A,0.16423688259683422
CC_EC26EABA68DC,0.7851179279909897
CC_EC2A485A3E71,0.20276316333498778
CC_EC3B9E2FE47B,0.09149068538982114
CC_EC505F03EE5F,0.03463238324998108
CC_EC5317EC6706,0.17726809842427296
CC_EC5B7FBD1EA7,0.1397065716891976
CC_EC5C7471FFC5,0.05432856220516469
CC_EC5D92B3617B,0.20498561500724416
CC_EC5E214BFED0,0.6431709325746877
CC_EC6406527201,0.1076904504204122
CC_EC79022358C6,0.326363132804785
CC_EC831A90189F,0.104626204616588
CC_EC87C131FADC,0.0596123691247512
CC_EC88785D6F39,0.21808516559413127
CC_EC9173F5284E,0.041206740380228875
CC_ECB7B3B6272E,0.06701541663488313
CC_ECBF4CED56D1,0.12345590979012681
CC_ECBF80B94EAE,0.7902621105374628
CC_ECC78B7AE3F1,0.6008144688673662
CC_ECC7E9E691F5,0.1598648956808257
CC_ECC9235F612E,0.23416704758508902
CC_ECCB0BD557DC,0.16252850438638045
CC_ECCCB1B4EA8F,0.09711383111954806
CC_ECDDF4983DD9,0.045183273019643706
CC_ECEE93C4F564,0.5754399227530761
CC_ED07BD8B2CB3,0.052315725077627245
CC_ED0F4A02A01C,0.24096038418587806
CC_ED11D72A1D3B,0.06394449840241365
CC_ED165FC5A06F,0.05278391379272882
CC_ED2B6A40ABC7,0.25313462569038225
CC_ED390F22A931,0.08643587667020039
CC_ED40E7CE5177,0.20995776956671527
CC_ED4E4B13DB1A,0.0411272339430417
CC_ED4F22572419,0.1508545515212645
CC_ED5AE5CB1DC5,0.053075097699321325
CC_ED6090A4E6E4,0.24083943988006798
CC_ED645D91E6A5,0.10241888931955244
CC_ED6B045B6075,0.15629979261794458
CC_ED9313C71C57,0.14559442195538683
CC_ED9BCE7C776F,0.74622013403477
CC_ED9D4644716C,0.1899566141837019
CC_EDA794402358,0.27096987775271
CC_EDAADACD4DED,0.13807926683843125
CC_EDBAD2E989FB,0.1511680055387989
CC_EDC98B474E76,0.31763970976448014
CC_EDD1FD49A66A,0.7630997544683298
CC_EDD448008C0C,0.7092929771074572
CC_EDDA3B790095,0.06346912401383159
CC_EDF95BF0E3D6,0.17744197090984415
CC_EE03D7C2BC69,0.06375664817853624
CC_EE0D95184E81,0.046329798209812145
CC_EE0FF690C214,0.44206215405186067
CC_EE2412C352D5,0.09138692065733806
CC_EE2A010019CF,0.06242709657320785
CC_EE2AC730827E,0.05422859613837647
CC_EE3236E6A9FD,0.12596747196892577
CC_EE3759EA49FF,0.15590508418480467
CC_EE38C78AD88B,0.40442859397307646
CC_EE3CE0FD6B77,0.5850344314048319
CC_EE6B7E58FC63,0.04249355563222388
CC_EE6E02464067,0.30914856876754426
CC_EE6E1FA7A753,0.1392513039420557
CC_EE6FCE6C233A,0.22115493612784587
CC_EE88C07B9333,0.08404046661624841
CC_EE9004165810,0.06429558544007238
CC_EE9BD17AD343,0.050023654468999035
CC_EEA608D5A455,0.15720972427618812
CC_EEAFDB1BB486,0.526419879625295
CC_EEB482736C41,0.23886262482695533
CC_EEBD9DA093E1,0.0462487214057943
CC_EEF23DDD2262,0.11488586557673902
CC_EEFBDC9AD94A,0.07833539434101719
CC_EF05000895F4,0.5144855768068008
CC_EF16B2CE0988,0.3813466960097305
CC_EF1DD3F0CBDF,0.06602243314341946
CC_EF2D82085BB9,0.0991861511671404
CC_EF2DBE79D656,0.25088801931196536
CC_EF3000C48A4C,0.06856698501292222
CC_EF359AF608EA,0.03398904410734639
CC_EF362432D758,0.33118131741004597
CC_EF548B30F1B6,0.22852388235616955
CC_EF5B403DFD7E,0.1007214536020365
CC_EF66DA0DDF9C,0.3041800552228452
CC_EF70BA4AEEC4,0.16718818625469617
CC_EF83DD56FCC5,0.06803873174030005
CC_EF8B642A6F8D,0.07450429620207759
CC_EFA1EB27DA19,0.04113694512085614
CC_EFAE84EA9BDE,0.07155210440999712
CC_EFB26BEA106E,0.32208712925118455
CC_EFBB51CD8502,0.22209110170295038
CC_EFC18E9B3B55,0.1144400568850104
CC_EFC4B0020E2D,0.14035082973181984
CC_EFC9FA5108D9,0.16351895600512356
CC_EFE45D9B9D9C,0.04741874479063125
CC_EFF27FA98DF1,0.07345479417705636
CC_F000DA497736,0.24874197446544977
CC_F00107DE219E,0.6531093955430056
CC_F009FC54A64B,0.7614907939918182
CC_F01DF28C6BFF,0.09507258369198031
CC_F037C91F63BF,0.12572014475760146
CC_F03FADA95A03,0.7382481514210086
CC_F05235F3C894,0.10992966390299344
CC_F0649FEBFEB8,0.47733069717698046
CC_F066C78B5C0D,0.13360873814604002
CC_F07313626618,0.623045989858877
CC_F0783F6A56F5,0.7681020221989499
CC_F0791523691A,0.15602226742286457
CC_F080750455CE,0.06394057853646332
CC_F0809EBB0B51,0.030281035102456798
CC_F08259F86E23,0.17568375133716246
CC_F0929F859702,0.17755064180472452
CC_F0A7203CCA39,0.1839111589541606
CC_F0CD4DD9C63C,0.15126269412428953
CC_F0D29AD328E5,0.157815287826037
CC_F0D339E5B80C,0.05283634204043093
CC_F0D3BC14FA77,0.08736038212033254
CC_F0E16D28D49D,0.16762902428018284
CC_F0EBE2C00A7B,0.05402900566439185
CC_F0F137758DC2,0.055759001327676694
CC_F0F6BD40CA43,0.32928408650930086
CC_F0F6FCF6010F,0.17997884127853925
CC_F0FBC9D4ECA1,0.03164849560185132
CC_F0FEE924096C,0.25098400809370547
CC_F1074E035DE6,0.05804443387509538
CC_F108D26930FF,0.37779627175426755
CC_F10DB853B9DF,0.4012542421733978
CC_F10E06D52D76,0.1256986274824556
CC_F11F5F477B91,0.6532590530471686
CC_F14913B5BE1B,0.7566108005500127
CC_F156C1647E3D,0.08190679274274591
CC_F1598097E314,0.6973611460819913
CC_F1641E3AAB3C,0.046647369907147684
CC_F166878FB959,0.05068238050260715
CC_F17540FE7C9F,0.13688111078819387
CC_F175BB08B29E,0.05387791499133402
CC_F1782AF286D0,0.37794708185681597
CC_F1796AD4B774,0.5815261426775171
CC_F17B3A3A5E56,0.6556564962514768
CC_F1858D6F0080,0.14245892379961744
CC_F18689FA8E29,0.06425600759221439
CC_F18A82B0F153,0.1375093600690175
CC_F1AE7142A128,0.09505362099794577
CC_F1B43DD57C9C,0.11508181303875888
CC_F1BCB7676492,0.08693828126678824
CC_F1C8B8BB90AE,0.12513429359397932
CC_F1E044CD2D75,0.264883577675701
CC_F1FCB96B5E14,0.2601068180836694
CC_F2067E92A939,0.14761961560850523
CC_F21512554CC9,0.08296413474809691
CC_F243956B7575,0.08653989511303284
CC_F24FBC9FD3F7,0.3384852937316429
CC_F252EB3F208B,0.07301297985987551
CC_F25D793346CA,0.359983161019798
CC_F25EB1ED5AD9,0.06901619344065975
CC_F265A0AE845F,0.7166272097371711
CC_F274BB4AEBE0,0.051442431116098
CC_F28BF2185131,0.1101368414904526
CC_F29077E45AF0,0.23728562953943388
CC_F2988560CAB8,0.37438850910003874
CC_F2993AB36C56,0.08812352217843647
CC_F29D6C65779E,0.07047092266654956
CC_F2D2BADD0000,0.06212771039213909
CC_F2E4AEB73D57,0.12423273588517096
CC_F2E630BAF431,0.050614827779650755
CC_F2EFCB40AE74,0.15716806736885935
CC_F2F085891915,0.702347494491929
CC_F3030E2C80A0,0.22047246090069716
CC_F3044C7C16BB,0.06515890959379832
CC_F30B21CB4603,0.09538870213581029
CC_F3140FCE870A,0.08241715640198038
CC_F32A84B321FC,0.1753287397771622
CC_F339FF584607,0.3244271989273414
CC_F33CEE0F6DBE,0.4382581867683571
CC_F33DAF3E9CF0,0.10964677931904876
CC_F34EC3FF202F,0.07072520323306766
CC_F35A6C383B39,0.17629797405567002
CC_F360E0FF27CA,0.061769922269764944
CC_F36B7AEC0086,0.11355603348018548
CC_F370665BECB8,0.5489827466779801
CC_F373A60E53E8,0.033080436785838926
CC_F373BDAE18B2,0.06463118810702995
CC_F3745BC63340,0.0674708876121341
CC_F37DC9169301,0.14910890769887092
CC_F394E57C5243,0.2135274457348297
CC_F39E98FD418D,0.07390853067394945
CC_F39F51452381,0.03598528285455177
CC_F3A52465664E,0.061206734369
CC_F3A8CF761A0F,0.23998670955739815
CC_F3BF1709E29A,0.39673653872271364
CC_F3BF72C29211,0.07464489980284086
CC_F3CF35465CF1,0.04932693552657476
CC_F3E2186DBD4F,0.28372859236761283
CC_F3F0F9B9B56E,0.15799206362200174
CC_F3F185395BE1,0.14081545527245265
CC_F3F68E6599E7,0.07403051261566779
CC_F3F7763C9DFE,0.17462372488771924
CC_F3FFF13592CE,0.05836068013166266
CC_F410C3CE89E1,0.1531323546913448
CC_F410C8B811FE,0.060877882061352764
CC_F4132072D78E,0.1206718654520672
CC_F4157B8E5B32,0.5111227306498836
CC_F41CF067E828,0.10903699880580776
CC_F41DC456E539,0.042077950749578166
CC_F41EEF55A0EC,0.03902825628841315
CC_F426B5C1F07D,0.33237354262363006
CC_F437875F9000,0.22805740449722633
CC_F43C961F8A30,0.13824729603228764
CC_F43D9BF23472,0.05084883238762713
CC_F444BE033109,0.14391517778657564
CC_F4481124F17A,0.15722583457688957
CC_F44EAAF80F70,0.14098318642366375
CC_F4521F6D3492,0.5379030540975116
CC_F46BD9AB1B68,0.13892607676780933
CC_F4763AA0B824,0.5248150008041257
CC_F47976F33E20,0.21259271495531673
CC_F47E588D4470,0.18969052251484325
CC_F4A2777912C2,0.13431617475066004
CC_F4A6C2B23685,0.059836441758854206
CC_F4B3EAEEEA8B,0.04291670663908413
CC_F4C6CD1E720C,0.06605724133908966
CC_F4D05DA98C83,0.06719397768804738
CC_F4D15889CDE0,0.15099896213588976
CC_F4DEC1E6173D,0.04013370197462271
CC_F4EFAD6AF8BD,0.32521310468016484
CC_F4F7835A1FA2,0.233939904869743
CC_F500597795FB,0.1683225482758391
CC_F5197FA9580F,0.688913572121628
CC_F5240F59146F,0.08234716639858757
CC_F534A0B87C3B,0.15096690892453976
CC_F536972BFE98,0.13548501508771177
CC_F54FDFE5A5C8,0.07832110453387214
CC_F55727F65F86,0.21623520827690362
CC_F558EBDCDD6D,0.12861293420706316
CC_F56D569AC51F,0.09204790341614372
CC_F5714D180EE1,0.1337129863883001
CC_F576ED9554AD,0.3287955082456948
CC_F57C2559358E,0.19891372411738847
CC_F5AA72FC0972,0.0948112161716052
CC_F5AE7DEA2B48,0.08400246594549562
CC_F5C6A5E9D495,0.17849962914803735
CC_F5E0731F2181,0.21645141647414995
CC_F5F4F3B03FE8,0.7240440941283426
CC_F604D7B9CBD9,0.19691895343728694
CC_F60F13391D61,0.17889894930619998
CC_F618D72DF162,0.07940666967974222
CC_F620B15ACC5D,0.0779580710073956
CC_F62D426D6614,0.13945792259382722
CC_F634999D5C1D,0.02693957412708161
CC_F636E5BAEE47,0.19132080360766263
CC_F6461B692240,0.7084738653682792
CC_F65BAD63AED0,0.20226451601846301
CC_F65DD2AC57E8,0.28289973266012547
CC_F66C6577674C,0.0544203082641969
CC_F670896FE959,0.19965521897068184
CC_F67376F272EA,0.6858582629983396
CC_F67FFE9E884E,0.29131385694370526
CC_F683C99F06C1,0.1612179852958077
CC_F68523E2CE7A,0.7549954929183686
CC_F68E62F9AA0F,0.02763980461046433
CC_F69604E05962,0.08112588295708667
CC_F6B8913740B3,0.09593913592560888
CC_F6BB4952DD35,0.24998744004701864
CC_F6C0B7AC57B5,0.6036701874747985
CC_F6D2B06E6E8B,0.5724363282482795
CC_F6EB30A84C9F,0.2815612274652384
CC_F70345A4792A,0.11283973016364693
CC_F7068C1F77B3,0.3481140000077041
CC_F70B0EA8C0E7,0.055175288992385094
CC_F71CC97FCE83,0.10176909568438065
CC_F722224A84F4,0.6522562125286547
CC_F72D1046063A,0.2638206266090799
CC_F72DAB32A281,0.05670732833284342
CC_F733AA5C0ED9,0.06208242481290059
CC_F74043C1BBEB,0.061588418671182504
CC_F74A31E36137,0.06351713390297102
CC_F756B167634F,0.1682227466954899
CC_F75CBE8E1B92,0.49030364080561817
CC_F761F7EEAD39,0.12911741725163323
CC_F79303D62FCD,0.07443182857907674
CC_F795134B52E6,0.6402075317423811
CC_F79533E83ECA,0.08752124863057976
CC_F79F9A7ED432,0.74916811447103
CC_F7B2FC73E020,0.04092121631859356
CC_F7CF24594B20,0.05742471474192587
CC_F7D31937AA89,0.04275013106190318
CC_F7EFD378035D,0.3867782410314963
CC_F8014B1E00D6,0.039500282300311364
CC_F80ADE95A7C8,0.058448659769462924
CC_F82E58E476A9,0.1202799136065292
CC_F82EB123CC19,0.1697320984356948
CC_F83088660331,0.1296196610881081
CC_F83C6DF6A815,0.5503862311864507
CC_F8620C4F7581,0.16685779125107103
CC_F869F4DA5077,0.7928642512276538
CC_F86B1C53EAF4,0.18791245610034019
CC_F87B7F26FF51,0.240840229010412
CC_F8803D1C899B,0.05669815076161805
CC_F892E51AC9DD,0.05007278114797546
CC_F89C185743F0,0.1312574336165988
CC_F8A4D45C3769,0.1015622770212426
CC_F8AD68EA5A16,0.22814900856945292
CC_F8B4DBD0CE8A,0.36179710085330075
CC_F8F3E551F166,0.2785468915673123
CC_F8F9FE2C9B65,0.25716326518826693
CC_F912A50D0DD1,0.15634319178000977
CC_F91B7C2B1AFD,0.11250451592660642
CC_F925251D4BF0,0.41522756121831805
CC_F925ADD60E7B,0.04303034591341274
CC_F9282C144479,0.06737290195160713
CC_F92EE3287CC8,0.08481209735581094
CC_F93332608FE1,0.16621163082851542
CC_F94070DE3B81,0.05921383977525666
CC_F94C81428D20,0.20801793762413245
CC_F95DFFDA9B12,0.39675263502850133
CC_F96A53B02447,0.5995992862523083
CC_F96A965CDCB0,0.6548043641473631
CC_F9721FEDBE9E,0.17164719405058407
CC_F97C3E145882,0.2632270753322604
CC_F97C64C64052,0.09008757546818602
CC_F98660A07E6A,0.7904552245293699
CC_F98BA4B13724,0.08197185480712704
CC_F9A3F3A76B1A,0.12396685420543757
CC_F9A8E2B3A703,0.11366044200715493
CC_F9B3E7E7F2A9,0.41983971255395414
CC_F9D7D0B1E4A8,0.6686511170172338
CC_F9EDA4EDDD44,0.045063745488959514
CC_F9F2176B12FE,0.050749297891621206
CC_F9F90E76CA5B,0.10919996118736577
CC_FA0157249C01,0.10919926400179275
CC_FA169BCA835F,0.06820489365450079
CC_FA19B61BCABB,0.13655645377263326
CC_FA1DD203C293,0.2589449788520956
CC_FA2E30269BC1,0.18700926412998148
CC_FA304CE8E045,0.2221702345480545
CC_FA310759A257,0.6570108182123718
CC_FA32397E7B8C,0.10235382263324369
CC_FA33D97B84D4,0.09892946899479862
CC_FA38991B9434,0.031898403506993515
CC_FA4079FFF1E5,0.21235990264799506
CC_FA716665CD8F,0.0831539604796562
CC_FA770268B207,0.17527232361100406
CC_FA7A2F59245B,0.4526927557035422
CC_FA8205104EBF,0.09670067486763095
CC_FA8370AF8740,0.06015883403456355
CC_FA858F1025FF,0.12768603315535684
CC_FA86320CF6B0,0.0581817052901704
CC_FA8B341CD3EA,0.23461766387128846
CC_FA9057AAF95B,0.09150749290107385
CC_FA97314C666C,0.05486065432586218
CC_FA974C1D91AD,0.3682350934231914
CC_FAA0E5BC9F44,0.7208548447028496
CC_FAA2694D8578,0.3014930038343753
CC_FAAFFC74BC35,0.6839269048436465
CC_FABA6DCF8E45,0.037041839371257976
CC_FABC53294AC1,0.17478536744123424
CC_FAC52B8E66DA,0.10564227559792816
CC_FAD284D8DAC8,0.8199636901247898
CC_FAE70CA5999C,0.13422426677768254
CC_FAF1CCB40132,0.11037585387523693
CC_FAF93D8B3B59,0.061428086607039356
CC_FB09E5481B64,0.10006507786382979
CC_FB150A1F7C3B,0.12125187524243279
CC_FB1808471515,0.37668592335498796
CC_FB296D823CF6,0.07312523266648577
CC_FB301E1FA7FF,0.03638955749630858
CC_FB33C958A19E,0.41021556959945626
CC_FB40D63FC3D3,0.17373842567640033
CC_FB45A1837AD7,0.10225334052165247
CC_FB45B79CED15,0.10318777224612519
CC_FB52260232E3,0.05627332258412305
CC_FB6A0A7B8813,0.28040058463713335
CC_FB6ED10D82D2,0.08872811816276814
CC_FB78DE84AF05,0.0324716200047279
CC_FB8DF8F93E7F,0.20393426145065927
CC_FB8F89048B89,0.09149139452647281
CC_FB9C3E77A49E,0.12235327318007938
CC_FBA40CEAEA18,0.0823850268796026
CC_FBA998938FE5,0.1538499126825295
CC_FBADBAFCD1B3,0.2727305758108275
CC_FBCB85E21ADD,0.1652449024926263
CC_FBCD00EE4402,0.17246705464392276
CC_FBD40DFBA5D5,0.2916680515028795
CC_FBDECF3DACAE,0.2175895687462982
CC_FBE4E2F652EB,0.211875415068045
CC_FBEA9510C687,0.2687008393475794
CC_FBED1E2E1CC0,0.137063404258002
CC_FBF54E48EB13,0.05153373264601406
CC_FC1E279EF320,0.05378627288222509
CC_FC2E1D460089,0.08774450565841156
CC_FC31CBD20CDF,0.17063520675859328
CC_FC41D8134A1C,0.06225442538935136
CC_FC44D7EF257E,0.05133169311352577
CC_FC4A649BDD07,0.22078611393796768
CC_FC51BCDBB6B2,0.13062412766763373
CC_FC57B6E79AAC,0.18429754318981534
CC_FC6AA879D9CF,0.11504734075764081
CC_FC7A926F3A64,0.6483142948786336
CC_FC83CB9C71CD,0.03901390585728138
CC_FC9E6D511294,0.14374168428350753
CC_FCA657E69930,0.38762363312140524
CC_FCB451237214,0.7800572525415612
CC_FCC7E51DF812,0.565141139711425
CC_FCD42ECC012B,0.04939002162540395
CC_FCE8FAEAAEF1,0.10922764801804
CC_FCFAE9BE2522,0.407675320511147
CC_FCFDB5DFE5D4,0.09518616295043966
CC_FD24FC7961A5,0.07540781325859719
CC_FD2793DCB5EF,0.11390763003141628
CC_FD2EEF724088,0.12726497257118122
CC_FD3205367675,0.0898161751392734
CC_FD3A21CDCA7C,0.11582689128868522
CC_FD3C4C2FB68C,0.15189734835917582
CC_FD41687DC1A0,0.1545245881487891
CC_FD44B4E31EFE,0.09752267390993592
CC_FD5721556AB7,0.06772821388139802
CC_FD643C174587,0.3608890737725119
CC_FD6BFA30DD9E,0.24225919907109533
CC_FD7C9DD7F11B,0.14820025491440658
CC_FD7F2D90CF8C,0.056526530758414954
CC_FD8C4F601909,0.04531600128575616
CC_FD90B45AA24E,0.08530734784991847
CC_FD95457772AB,0.06182996294645908
CC_FD9D9B58DB1A,0.19854480747944087
CC_FDA918AEB5D6,0.6222036620266392
CC_FDD4C2065540,0.3333168437977444
CC_FDE57A2C5156,0.18393947253540072
CC_FDE9920975F6,0.2561117944671043
CC_FDEC856F9C6D,0.06373820779487867
CC_FDEED2AA92A3,0.4152222300758171
CC_FDF5607ECC1B,0.05015609277448234
CC_FDFED3D7E70E,0.19497777769697483
CC_FE0324F99784,0.12230241957386932
CC_FE0A18D6570D,0.042781289432122685
CC_FE0DACAC84BC,0.25282509830086897
CC_FE16586C9FAB,0.25333735556699466
CC_FE16FBC86237,0.1676643334953803
CC_FE1C808C4515,0.06221949464581569
CC_FE1E64201B9F,0.10515833670078163
CC_FE33D60E29EB,0.028111745637199516
CC_FE3ACE674BEA,0.15441512134646762
CC_FE468E9AA9D9,0.027174537265351822
CC_FE5AA923C220,0.16131895739666957
CC_FE6C777DDC19,0.05890981332406736
CC_FE6DD8C8EC90,0.2528893758813499
CC_FE7A84AAA8F7,0.11117258825045254
CC_FE7DB6B410A4,0.12335868693850582
CC_FE8691B1F3D9,0.07154901767779931
CC_FE874279A94B,0.10516196531353274
CC_FEA61499305D,0.19325508496465882
CC_FEC22B334AC5,0.15281262211471178
CC_FF045F9508F2,0.1650565007481053
CC_FF0EFF711598,0.26764447237973904
CC_FF12F53D5676,0.051334526081474124
CC_FF13D426EC1C,0.17530016909455423
CC_FF16A7C8600F,0.2291299766974344
CC_FF2236DC115C,0.430519925561646
CC_FF2725428B6F,0.06764696342043744
CC_FF3176D91690,0.1250346200944276
CC_FF393D295D66,0.045917080750348546
CC_FF4598202C5F,0.6544842746318598
CC_FF463A4B3D04,0.32340583989798377
CC_FF4703F7664E,0.046573117522288765
CC_FF86EC3C0851,0.4603431893193743
CC_FF8A580DD831,0.15113407787759048
CC_FF8BD8697ADE,0.14042657394369887
CC_FFA681A2054A,0.04347235042578797
CC_FFB6B2D2BB2A,0.37024360427481845
CC_FFBFA27643F8,0.14831010032932423
CC_FFC81CC80F9D,0.13722701287314645
CC_FFCC9C0763D4,0.10229588894939759
CC_FFD4E33DC920,0.5599477945098519
CC_FFDE11143038,0.06276157923135953
CC_FFEF28047C4F,0.3674992108864192
