client_id,prob_default
CC_0012A082B7B7,0.13701715353111538
CC_0012BC27DFB6,0.15652252829905536
CC_001563B2143D,0.11806023505507643
CC_001B46930B6F,0.10384406454562214
CC_001D771E1C9F,0.04376682616368996
CC_0028BD91E759,0.08929583954747375
CC_0029971D7EF4,0.23804186813859596
CC_002B8C00B239,0.03337846605506474
CC_0035DFA86185,0.7503535200356443
CC_0042D11A6D0F,0.06181019664330402
CC_004D21A4ABB6,0.12597461131747878
CC_004EE05FC2EF,0.45629728744475434
CC_0050E546EDCE,0.7062867083464204
CC_005D7F31F785,0.054617870266700355
CC_0079996ED779,0.20585457175857658
CC_0082B4E1D9CE,0.03746737984532497
CC_00B01C73CEB8,0.17597094631544086
CC_00B74FFEEA53,0.20877750201483514
CC_00BF6791C18C,0.11997716727148923
CC_00C5E30B288C,0.31824962791989975
CC_00C68CE1CC12,0.39515706966462194
CC_00CC4148959F,0.1763242341744628
CC_00D428772D30,0.40164408083183045
CC_00D5806C7783,0.10029400386541312
CC_00D5C677C2AE,0.5026702521167653
CC_00DA781C4D66,0.07856871980232344
CC_00E7E2D6B548,0.2162791702884371
CC_012BC0A68DC1,0.09102954541254493
CC_014911033882,0.16762613181916425
CC_014F7EF4E595,0.6651802925292191
CC_016501B25F2B,0.04231917637122173
CC_016767D9B049,0.04127812577589539
CC_017598512EA2,0.11562310586693678
CC_01941532C804,0.21703186604624397
CC_01A66C6E22FF,0.7830663953790213
CC_01A684355200,0.1682630923643028
CC_01AC62740827,0.109581336100825
CC_01B0EFE5DB79,0.29431077989773274
CC_01B876B2988F,0.21204932571617757
CC_01CBB64C1DB1,0.3636239096694286
CC_01DBD993A1FC,0.058065159645586395
CC_01DC49D55C2D,0.031935437880860666
CC_01EF18A3ADBC,0.5454192370007017
CC_020252D37557,0.17112766075588465
CC_020BCDBCA8CA,0.33166828161624773
CC_021A6DD97ED4,0.1809657423547566
CC_022054506F33,0.06701487617489864
CC_0225D6231EAA,0.06670863501719031
CC_024B524B0176,0.03247104137736913
CC_0256303A6DC0,0.22503284500222548
CC_02589E6E4714,0.05491679428684793
CC_025927626E10,0.7242716446084032
CC_0283023DB294,0.030043500760429
CC_02903C6FC0C0,0.19299969629792854
CC_0296E572CF21,0.037682960807837715
CC_02999E509460,0.6001959700165789
CC_029E835D91BB,0.07150958618488006
CC_02A32EC3526B,0.06204135765727607
CC_02A393632CD3,0.2955632333260543
CC_02A3E21B28BC,0.7633831235591318
CC_02A4B4644529,0.07975870541525876
CC_02B43865B30E,0.05705522776179708
CC_02B5A1A178A2,0.1671910427329921
CC_02BC4785773C,0.2280866087413742
CC_02BEDD9627DD,0.693831004109407
CC_02CD2C1EFBB0,0.11461500700838778
CC_02D4430492D3,0.34274496602001087
CC_02F79A06858B,0.1030100323782258
CC_02FA254C9D43,0.03612081314834795
CC_03062402B4EE,0.051962272510926735
CC_03072CF2EC63,0.3594283208021736
CC_0315369B079D,0.09706134693392435
CC_03199242A810,0.14759563041552812
CC_03214BA76DB4,0.20711715350115353
CC_032735A44CC6,0.06873359963584047
CC_0330340F2FE5,0.1869543137920906
CC_033236FAAFDB,0.17648202991811585
CC_0337298F948C,0.03700796357484702
CC_0341CAE5E2E8,0.2244101024760432
CC_03434E2371CD,0.33835888318733015
CC_03547AAB948A,0.22361327256404623
CC_0354D0453D8E,0.1145531062248122
CC_03592E51F427,0.7948611577518858
CC_0365DEB525A3,0.09713336731733181
CC_036782052BC9,0.348983140701502
CC_036977A50F1A,0.1449944407240224
CC_03720D08B8C2,0.28470054675216494
CC_038AE599BCA8,0.3353761126870749
CC_039E67CDFE1E,0.2721367119130833
CC_03AC962FC717,0.17772500141402386
CC_03B00DFA3A85,0.7321623977503446
CC_03BC6380E968,0.4929431582284249
CC_03BC730E0B02,0.02367157657356883
CC_03BD4F22DA3D,0.1497492489435966
CC_03C7E1EF6F69,0.7943257404054148
CC_03C9FA383477,0.0951978075426419
CC_03D1AAE90CA6,0.06505329062377418
CC_03DBB9598F39,0.1493862201268445
CC_03F18B43797C,0.08851727575743062
CC_03F80118E46D,0.06355211659718311
CC_0405E0151A6D,0.19114426919896568
CC_041FEE6C805E,0.343216433952974
CC_042F88EE269B,0.19462138549403823
CC_043D98ED7F98,0.16890892733894902
CC_044C3537B769,0.1612306370242398
CC_045932C46685,0.12005094422519108
CC_04629624AA8D,0.19043765243873365
CC_04690B4A6AF1,0.24775492506071506
CC_046CF40369FB,0.12641966498614923
CC_046D6EC816AB,0.3958862790515496
CC_0475CD95EDC9,0.11602587602114593
CC_04796F06B82B,0.12863112028442436
CC_04AC7C1CE736,0.2981292757126097
CC_04AEDD051B96,0.31667630268092917
CC_04B42AD0E01A,0.36776273222945477
CC_04BBD1DB360C,0.32507968344934246
CC_04C767FFDA0F,0.4963847298155909
CC_04C7B819B9B9,0.08153908088045542
CC_04D127A775DE,0.08152896529033359
CC_04D9ED00053F,0.060188880456189066
CC_04E0EFC4F548,0.3066826520279326
CC_04E6848903E8,0.03282301092461734
CC_04F69D03ECE1,0.24738529661740405
CC_04FA1CFA1DEB,0.20389278908186634
CC_04FA6842AC62,0.028560415486210054
CC_0502F3791166,0.2774151708035093
CC_050B514E15FD,0.1514996396708608
CC_051ADBD6D835,0.11097422355389122
CC_051B4644216C,0.06391795636940538
CC_051C0A644DD3,0.02441798872124197
CC_051CBF566856,0.0417689025976681
CC_051EEA9AE819,0.15921601733641902
CC_0520E27BE904,0.13793039559156173
CC_05224448D290,0.11362962864148382
CC_0525DE4744C0,0.04464032650485619
CC_052F5CD81EFE,0.18268555813257412
CC_05368FAD2E6D,0.06770921549027037
CC_053788B82006,0.0998362966548835
CC_05471A48C6F5,0.1668726362923243
CC_056DBA1A87BA,0.064802361388248
CC_05901F3E7A0D,0.1785781384140639
CC_05906BC8ED3F,0.1357216056133949
CC_059D55E32C78,0.08309484819180658
CC_05A12EF84A86,0.504737246406854
CC_05A42D035609,0.1556467363657505
CC_05AD75A5CE38,0.044702156871700593
CC_05BBD4B92613,0.5328330061361225
CC_05C8EF6500D7,0.7659574665862254
CC_05DDB7B07497,0.0698379901697711
CC_05ECAE6E0774,0.2290878875016239
CC_05F11F14DF9E,0.3285657658848296
CC_05FA9192590F,0.13114115680784486
CC_05FD764FB154,0.7238104072396256
CC_0608DBB4DF03,0.2725182465512501
CC_06198383F6D4,0.10151779208189242
CC_06199EBE2B05,0.1860859591134446
CC_062A8881A331,0.06784336800793843
CC_062F74350907,0.04255609709198416
CC_0635AD30F004,0.7721108449499137
CC_0639F539946C,0.2824230347367272
CC_063DDB42CF5C,0.06815989589407237
CC_06405C00E240,0.2717777748155672
CC_064920FC9DAC,0.07174344575887359
CC_0650AB329174,0.7842487935960374
CC_066941B109B9,0.18767651542167152
CC_066AA16F5874,0.2820601217533715
CC_06732311FB8B,0.1672013187502253
CC_06780061F889,0.12434237903814645
CC_068A81B06B74,0.4597136304490903
CC_06A1C5FE269B,0.3125776301082706
CC_06AA7138DAF8,0.03191143234507035
CC_06C0DD0D066E,0.7374957663873809
CC_06C97CFBD476,0.12618240065389433
CC_06D15F523C05,0.19419755018903345
CC_06D35787AD65,0.03743271062260168
CC_06DA375201A2,0.08491699884609052
CC_06DB455FF19B,0.6705877502015971
CC_06F3674E7313,0.48494651978965947
CC_070232DF9996,0.11444333031796118
CC_07141FA77DBF,0.09335553687386706
CC_0715F11CC8CA,0.21935100936353977
CC_07168A9C843C,0.1909275538791647
CC_072AB9F855DD,0.03768115931641082
CC_07337AF6AC2A,0.12484010169982421
CC_07434E4E5C28,0.06134099675542295
CC_074381358A2C,0.02865931826633058
CC_074E7CA75E8A,0.2763589853999677
CC_075D0C618BAB,0.19435781624752285
CC_075D804F7851,0.0881504328261927
CC_0765961D818F,0.4387339015436896
CC_07698F10563E,0.053281864849857086
CC_0773B9BA9E18,0.3266851275804692
CC_0784ABDA7F8C,0.17927009421252998
CC_0790C9F9EC9C,0.08214426907147536
CC_07A996E6CA6C,0.26541518133868924
CC_07B588ED677A,0.15608610141407706
CC_07B730FD7F82,0.17761535253004607
CC_07BE6961D039,0.06947922273457968
CC_07D23A6BAF5C,0.13398940188547595
CC_07E08196A3DB,0.05356074188994811
CC_07E4850039B3,0.1143641539544224
CC_07FAAF8B2D23,0.03908130803777856
CC_07FB3FD9BE0B,0.10348173809742403
CC_080CB94A724F,0.27888595580639736
CC_0837C56711FE,0.08269876606752666
CC_084100A049EE,0.04657242038589831
CC_084113D0951B,0.294972880643033
CC_0843DDCDD601,0.648995853165557
CC_0846C14EAAFE,0.06080449784344343
CC_085091ADED2C,0.2330834492673888
CC_087943B4A5D2,0.17512061459749867
CC_08A97B98C405,0.14834108416511577
CC_08AA321BC4AD,0.1762023152949054
CC_08AA44ECBDD5,0.05963056707326571
CC_08AE2EE9D798,0.19077135209315527
CC_08B149462891,0.1842450256858175
CC_08C71A8D2D58,0.04916511806090613
CC_08D645F7B257,0.04174583848834519
CC_08D80BF0B273,0.05156906536613563
CC_08F52B1BE431,0.27312096847395506
CC_0903571AC7E7,0.15485857595214447
CC_090D528C09D0,0.4595969887025546
CC_09106BA6CFC9,0.09011208769676743
CC_0915905A5D48,0.13337699067658393
CC_0918F67CDF01,0.15889923289664373
CC_0925D0B6276C,0.15865855027477427
CC_092A2830E36A,0.7829450022046143
CC_0951489C8F79,0.028439493468540467
CC_0951FA4D5513,0.08935825434665004
CC_095C712064EA,0.09589129372858729
CC_0969AA7BEC71,0.07615222695909873
CC_0974840BED49,0.7748154337502945
CC_097BD371F652,0.08720082090289427
CC_097C8139DBD1,0.055339859244670914
CC_0981CA4DBCE0,0.02314732355107133
CC_09A5D2F129A4,0.2500688128273768
CC_09A9BE38080D,0.09468485586067973
CC_09CDC42E000B,0.1667352629441953
CC_09D8DBAB2A42,0.09842728736218485
CC_09EBB1960580,0.036283503492964
CC_09EBF206FEE6,0.21145450963812742
CC_09F2AE996181,0.08607245595324103
CC_09F45833F53F,0.16406767225919855
CC_09F4F5C5B4EA,0.7594200396590882
CC_0A04BF4005F8,0.20278239779609974
CC_0A0E563D1060,0.08114195485328612
CC_0A0F781A999D,0.18729579116848757
CC_0A1138C37BC0,0.18368566082890764
CC_0A334A16524B,0.06738023718027472
CC_0A359CD5D73A,0.06604944672103424
CC_0A3E2C273DB5,0.058832926027263685
CC_0A4705B1E08B,0.03935043807516134
CC_0A67EB7C5282,0.15697897859058063
CC_0A6CD64871E5,0.3347792430353321
CC_0A75643FDC7B,0.06181104553224929
CC_0A8066F501AC,0.041412392316602806
CC_0A83017D027D,0.18670544851939355
CC_0A9AB7441D5B,0.31946511338653827
CC_0AAA72FA148E,0.35436834906060344
CC_0AAC488C8AE4,0.46064451897971004
CC_0AC2DB82398C,0.31564455313781214
CC_0ACA2C49A497,0.14050079329174586
CC_0AD4BBEA75ED,0.030925018858516614
CC_0ADCD6553B8C,0.06437020162927634
CC_0ADE56B56C41,0.032028046225772905
CC_0AF4B5B4162F,0.7276089545205113
CC_0AF9BD814AC7,0.10711735122221083
CC_0B083BE0FEA3,0.11545027361286717
CC_0B1384331163,0.06105143080952743
CC_0B216C6AF0F2,0.021691632340182142
CC_0B3465DB0684,0.5874883440591568
CC_0B442B91679E,0.15602719530085407
CC_0B455175F494,0.09562510941869479
CC_0B4C01B4002C,0.22104916300658706
CC_0B544A526D6C,0.06872245832768943
CC_0B5B19AFCD18,0.06540253428190716
CC_0B5BD2D224BF,0.06436290549650035
CC_0B6407C2C9BD,0.1551487302765559
CC_0B73F59991EE,0.09182138956199322
CC_0B7579216681,0.07525641259398638
CC_0B7F3B4B32C1,0.2969840694244654
CC_0B830A67900A,0.14005361398323032
CC_0B84250F96B8,0.2104366872069141
CC_0B92212B8E27,0.27785677017480104
CC_0BB43BC4B3BC,0.11512995158632956
CC_0BB992973640,0.06273768996973127
CC_0BBC41297846,0.11477857048237255
CC_0BDDB468A1E0,0.3065932717207532
CC_0C00A631C2B4,0.07237827096016541
CC_0C011AF6C857,0.35260403309386035
CC_0C0459AB67DE,0.13200892587835802
CC_0C18B07E451D,0.14334583560532
CC_0C19EB845CA2,0.29306120188816975
CC_0C1A736F37CC,0.08355543045253586
CC_0C335C9D86F7,0.7804959929898211
CC_0C4C24D066E9,0.17853965357159024
CC_0C5499989AF4,0.17507063774682102
CC_0C95548CC1BD,0.167748913605005
CC_0CA2DE660B41,0.2276723470570824
CC_0CA6D8CFCF2B,0.22944899909380992
CC_0CA9DF9C5C15,0.06377717234389738
CC_0CA9F52C92A8,0.18398049567825336
CC_0CAFB6C41CE7,0.1284651838492839
CC_0CB27D5313F1,0.5857984377767378
CC_0CC9DDDB8B44,0.04322956003546287
CC_0CCA18595BA5,0.271112813151396
CC_0CD90568D3E6,0.25717083896679765
CC_0CE0D56B0584,0.07292180979940299
CC_0CEA028BF961,0.26871939461340977
CC_0CF67D68AF16,0.35056053568778506
CC_0CFAA0FB0691,0.06442802840037565
CC_0CFFD2785D2D,0.08369931025730397
CC_0D28AF91CE97,0.1597493593380218
CC_0D34E55A580B,0.12623762593288196
CC_0D3663B6524E,0.7516645938029818
CC_0D3C2864ACD2,0.3407722005195771
CC_0D5F4BE8132C,0.15604786879082583
CC_0D6D5ACB0889,0.18833491027083388
CC_0D7BFE8CC0D5,0.1303336104171196
CC_0D8852AAB481,0.22036566159794166
CC_0D97EF394C79,0.41704056874524387
CC_0DA8FDDE6DD0,0.057824580929073895
CC_0DABB89E37CE,0.08377485149835204
CC_0DAF0F2FAA86,0.103552012370181
CC_0DB9E5F8EDAD,0.08178462303693873
CC_0DBC64F88C05,0.15518757068031402
CC_0DBDF018E822,0.13288221360349667
CC_0DC31A5A1096,0.047178725005551286
CC_0DC3870F23D0,0.036446718808910074
CC_0DD39F5D7C0D,0.06691606205499176
CC_0DDC2C18BBDE,0.048348493163836596
CC_0DE09CAA93E5,0.17270427538209232
CC_0DEA4477FDC1,0.13324441319683966
CC_0DED63EF6639,0.19018082882001267
CC_0DED7DBF26F6,0.2836455915579861
CC_0DF01CD21B9D,0.1731296053012559
CC_0DF6A478C01B,0.2197509850005157
CC_0DFE1A3FA5AE,0.16915924255017997
CC_0E07D5FB24B2,0.14513386841313863
CC_0E0CD9F23A5F,0.7027753396615171
CC_0E121FCB1D47,0.06932712758222993
CC_0E1423A4C263,0.19330053183520807
CC_0E16883EE8E6,0.42481080454792136
CC_0E1A2BA1C545,0.2157339961703129
CC_0E2B52BBA69B,0.05113116035338146
CC_0E40BAFC3530,0.16061779950402302
CC_0E48EE235179,0.0788127352082435
CC_0E4FA0FB9797,0.6407611385269458
CC_0E5162F59924,0.7567756389317413
CC_0E5E2FCAC8C2,0.2670332529324519
CC_0E68C2BE2A75,0.14088056366567903
CC_0E6C5A8D8CE4,0.09808593235431567
CC_0E6E9B0E674E,0.09580831316067503
CC_0E746EAD6CE9,0.06933911367067647
CC_0E968E7C22C1,0.30954052968538887
CC_0EA1483F50A9,0.16068250104342735
CC_0EA81362C7D1,0.20393860356330928
CC_0EAE97520873,0.3164671029286842
CC_0EBCF4228FF2,0.5127470947954352
CC_0EBDEFD0BDC2,0.05543146712085413
CC_0EC6AEDA63EC,0.21467727550483728
CC_0ED61DD76795,0.10757401347067713
CC_0EE33B1B71D5,0.1408258234059253
CC_0EE7EFF13EBA,0.06146329863835155
CC_0F0F136B0991,0.14165994905440008
CC_0F0FAF218BCB,0.048290902960589216
CC_0F125B48F175,0.07777923360620943
CC_0F292A238627,0.10075042924531633
CC_0F2949A1746E,0.07589630979234148
CC_0F2B71163121,0.0813226812910452
CC_0F393F1DE2EB,0.07561775669663243
CC_0F41B187053C,0.39482297678872513
CC_0F52EDC9D383,0.10982176890949613
CC_0F62C4F36236,0.10014004009532891
CC_0F6A29CE5D45,0.16965457068913348
CC_0F7C0515A6CF,0.14746101679820042
CC_0F8D6C89202F,0.1675823187809548
CC_0F933684CC08,0.19384795448401004
CC_0F9BA54F2AF6,0.046518585621289174
CC_0FA06CE7FAE8,0.039857127178808224
CC_0FD25AA655DA,0.15896854537619146
CC_0FF5570E06EC,0.6610790923275202
CC_10197FE0E34B,0.6762648273631194
CC_10355B5718CD,0.10381468209509219
CC_103A9D18EC12,0.1584166043890154
CC_1040DB6A21EA,0.11251146873420537
CC_104D2B84FC4F,0.03643816027644613
CC_104EA2802A11,0.08570406604856909
CC_105777B1BF91,0.06210062787712528
CC_1059F1B6C0C3,0.17030895584722033
CC_1061947FDD14,0.053224806542296305
CC_10689257E68C,0.3515938341450138
CC_106BFCFA7D7B,0.0350239044091405
CC_108FA04AC10D,0.09673499657450163
CC_1092915D0093,0.12007819315277443
CC_10A30F88E157,0.1528869647388104
CC_10A657027AC9,0.7289448635282532
CC_10A6EAF27BF3,0.050783109089845145
CC_10B148BED568,0.42736628508310465
CC_10BB7101F191,0.030758784973347827
CC_10BC5BC3A9AD,0.40596847588953233
CC_10F27C70AB99,0.09970854262213708
CC_10FADDF63CDC,0.176619736460911
CC_1107D9301AA0,0.08025906058352192
CC_111A6DE5D9C7,0.7453723059314576
CC_111DC3B1756E,0.22175374587794366
CC_1131156CC6F6,0.15329264451688074
CC_113B66D5D5D9,0.11788790916117728
CC_1143254EFF36,0.0517263380841306
CC_1145E5277FA7,0.2611005828490295
CC_11521077BBB0,0.16538920497429227
CC_1154861ABCCB,0.5867331470565672
CC_115BCAEAE2A0,0.10077243714619821
CC_115BF13E8BFC,0.22726932301860886
CC_115EBE5044BD,0.36490450234393657
CC_1165AA07FC47,0.730613531342545
CC_116EE8219753,0.055632792317979324
CC_1176FA3233B3,0.044341993758863475
CC_117C2A1587ED,0.09431689408943018
CC_118C0A1D14B2,0.2939302496102622
CC_118ECB589F3C,0.1158663775066463
CC_1190F13FB1FC,0.12041467981364526
CC_1192EEC65A1E,0.27349762872630934
CC_119B1FEC4D83,0.2320245142103711
CC_119C413C2580,0.1644430818131996
CC_11AB74142A2E,0.7990203395541954
CC_11C8A291FD11,0.16698072811424558
CC_11D1E9C39E41,0.05993833547837221
CC_11D600EE1BD6,0.18073736666055099
CC_11D7539AC69D,0.18537159928752697
CC_11D78BB50016,0.14434077198817896
CC_11E0C583685C,0.11898664683787946
CC_11E0D2F15AA1,0.03576330587228056
CC_11EDFE67C719,0.6536706241315524
CC_11EE85F284B8,0.2347708967152036
CC_11F700202C6D,0.15536745125869356
CC_11FB668DF543,0.10425200186911525
CC_1209FA26609D,0.032438467048487594
CC_120CA1B916D0,0.12720240777203173
CC_1210186F4D33,0.07513019372237395
CC_121F621374FC,0.2462587877930552
CC_122532C1FBCB,0.1298996809440419
CC_122B19CBC88C,0.6415544309565884
CC_123C7F0111C7,0.5992949944556321
CC_1241EE42F174,0.14990569448370347
CC_125B7100F1DD,0.1442425602706475
CC_1263B255B3B5,0.19775658663792142
CC_12878596E940,0.07284378462729102
CC_1298ED71A9E0,0.06348788739870273
CC_12B555C6F086,0.17834271262990162
CC_12D22C629874,0.17204170742923236
CC_12DD89EA0C14,0.19986250778258574
CC_12E24CDE2684,0.17560294472377996
CC_12F3B7309455,0.614051512303267
CC_12F8E7A4BBE5,0.35565118924364136
CC_12FDEAE4873F,0.2057579520323359
CC_130F7B067939,0.36235904000334646
CC_13209EDC85EE,0.6560968859176523
CC_1332B6F0E543,0.2534600238703126
CC_1334E256AEBC,0.5672501414275255
CC_1337726B2AE6,0.08287953123187775
CC_1338237BF402,0.20695140088266273
CC_1341DF38D9C1,0.17977301933678919
CC_1342F868176B,0.6925597964539218
CC_134651CCD2F8,0.1234400109287404
CC_1363E3090578,0.06149195833124821
CC_13736493B695,0.07233892198497265
CC_1392DE633D4C,0.2951958591878032
CC_139ED2E0AD76,0.08945962410656384
CC_13A5383EA098,0.6301729937817915
CC_13AA272C6861,0.060339128650481605
CC_13B74E4EE3EF,0.1960836801273389
CC_13C437E86B81,0.49383831738163975
CC_13D61B077E7C,0.06915620281971022
CC_13D7115A8FCC,0.16096552262870079
CC_13DFE319B21E,0.7755097167452218
CC_13E0F0B3FAE6,0.21055341749851025
CC_13FD88C2920A,0.6834412074247896
CC_1401CB818627,0.19532621126466942
CC_140B86E74F74,0.7705426444765484
CC_1452A0B69085,0.041435902044299575
CC_1458CA7329A7,0.24100934846321667
CC_1459E7125AFB,0.07746210256051847
CC_14633EC7F622,0.39591709124824404
CC_147B1B30DE7F,0.11709248278916443
CC_1484511F54C5,0.2940219168938907
CC_1489A941A69B,0.296170070158259
CC_14A8B16706E9,0.08151604168826912
CC_14BE52BADB77,0.09839445327617118
CC_14D53413FBCE,0.3207251215213716
CC_14D59B58E51E,0.13768860681912742
CC_14D964327B1D,0.055672235319222635
CC_14F5D06CF093,0.1293917613810901
CC_1501D63D5A80,0.3465026669599562
CC_150E3A0E5084,0.21512725758351475
CC_15152312AC56,0.06964242110178259
CC_1522BA0411C3,0.05626771067032685
CC_1534B0241A1B,0.0474513078136231
CC_153BE2BEB74C,0.12912453792131018
CC_154BBCD4DCEA,0.25224567714540563
CC_1552EC27FC0C,0.7150871270293584
CC_1566BFF4BCDC,0.3299057136416914
CC_1579BD86A63D,0.31848953337480546
CC_1583CFD90530,0.2811988140236851
CC_1584385F38C8,0.0655094315820184
CC_159656F13BE8,0.09804717547946859
CC_159B6F6AAF1E,0.08952876277406346
CC_15A4934FD96E,0.12199305690630254
CC_15B2140CE869,0.09733213841025987
CC_15C0972DE384,0.6526832650640247
CC_15C0E30FF2DC,0.11083558212347384
CC_15D617FAB434,0.04983775303068348
CC_15DA0F4FFF0E,0.3152505476487179
CC_15DAE76D15DF,0.048975631381412296
CC_15DC7C139EBC,0.33852041873252636
CC_15EB741857ED,0.08133676794630319
CC_15EC51F4C521,0.3013865639507265
CC_15F6259C7C53,0.07718054373882399
CC_15F7C012E10D,0.4332188900433957
CC_15F7C1BEC28F,0.19805514963361906
CC_15FF58854AEA,0.2453638875401844
CC_16035CDDC2F6,0.15872006351575518
CC_16095572722B,0.0493005689526734
CC_16109F1CE0A6,0.26584901360251734
CC_16150E74E4DA,0.15634746646601605
CC_1629E47AFBA5,0.07841428127752416
CC_162F4582D06D,0.6095126501125445
CC_163194DFEDDA,0.03680809147748136
CC_1640F01B7730,0.10455420062802741
CC_16460554039F,0.02801028085740323
CC_164D308CDE41,0.2298969298558393
CC_1661041F819B,0.7529175628289919
CC_166829780A76,0.12834912487699718
CC_16798666E855,0.10916668272267613
CC_1684B5493414,0.22656049317453408
CC_168A8907C8F4,0.0669470223583666
CC_1690EC56D088,0.06485268845612534
CC_169853EEAB4A,0.09631693058754374
CC_169B7FD839BA,0.14884731119574227
CC_16AED1A3008A,0.15497258981249382
CC_16BAC7837C73,0.17920620902021867
CC_16D57E1EEA01,0.13934721260627903
CC_16D833E56D7A,0.19046282382565582
CC_1702487A047B,0.18873692212229476
CC_17029F78E70E,0.05698359963697909
CC_1702F3E986AE,0.07492035604389233
CC_1707181BB559,0.04265075222528921
CC_17117BF03935,0.22104881472162774
CC_1723E40C3D40,0.2428480063636904
CC_174FBBE9ADD9,0.20614566256251654
CC_176E6E58FD1E,0.10544570865729735
CC_1783F37259BE,0.0906801187235275
CC_178B135605CA,0.08791209605264036
CC_179AA5165026,0.35187346333932684
CC_179DBA1C4CDB,0.31368176844162954
CC_17A1090B69C9,0.10889092129031556
CC_17AA1A4C904D,0.20477209120635842
CC_17B06C06FDC1,0.15095328631471752
CC_17B89AC1FD03,0.21267345664760304
CC_17DC33AA73F3,0.05748511183469665
CC_17DE4D267831,0.09049014517453141
CC_17E929BE0344,0.3671784658869716
CC_17EB83DECE5E,0.4367388790451346
CC_17EC9982E5A6,0.1404809489240978
CC_17ED5555B4FD,0.24720287530291524
CC_17F4292DAF8D,0.10215856114073096
CC_1807B0980C86,0.06977824744886944
CC_181354A58B53,0.073450990820278
CC_181E7266E018,0.1008469009272053
CC_182AAE7CC3CA,0.46474380224307016
CC_183EDEDC5DA7,0.08370245502909425
CC_184C47552665,0.264848682981336
CC_185A7392A475,0.300428387947444
CC_185FEFD3233A,0.4101535967487167
CC_18676FE5FC07,0.07452667216122812
CC_18776C4FDE28,0.08432636343556435
CC_187A8AECEFBC,0.15479803529447084
CC_187E7D0B4E82,0.7150142295521271
CC_18839D393105,0.15506301829345936
CC_1888476F6CF3,0.1442565125192594
CC_188B1ED2AAA5,0.3246909623005666
CC_18A4257C3172,0.2858826263536256
CC_18A7929D9FC9,0.30282262407011806
CC_18A8695F185E,0.11048416721778934
CC_18ACE64E8F74,0.2117606160490079
CC_18BF4A29BB38,0.13272812944591877
CC_18DE36F7D294,0.14208459079992666
CC_190EB07AC1FC,0.127610426246832
CC_19219F2C60B7,0.17558187697501487
CC_192262DB0B0F,0.08264115430288455
CC_1929746E06CD,0.6168387003211672
CC_193356E72D61,0.6495224127503125
CC_193938E8EA40,0.18457531377739939
CC_193C60092202,0.5188802183829755
CC_193F669537D1,0.18017695442238377
CC_194E13150BE5,0.051125725551182596
CC_19556DDCCDB3,0.034700596852965136
CC_195A6E9B48A2,0.12337838282222263
CC_196DEC616B33,0.09587188306351888
CC_1978B23D64A8,0.12197802088273559
CC_198562A4BD86,0.12342656896830687
CC_19864C9572BC,0.1596787235390661
CC_19868B6887C9,0.12779687164582518
CC_19969E05AB2B,0.16490522551838918
CC_199FC89885C7,0.1284424102258943
CC_19A40411B404,0.2615167611077893
CC_19A6D9B60B29,0.6579525375188481
CC_19AAB010550E,0.0625908384201982
CC_19B4743DFEEC,0.08165362608441334
CC_19B95A61D757,0.1760503493195234
CC_19E6A00F6A5B,0.06354887546106895
CC_19E8DEC29F47,0.5870836929192147
CC_19EA54976042,0.1591693312238485
CC_19FBBEA75B7F,0.13970935220783423
CC_1A039E58840A,0.05598415921221135
CC_1A075331756B,0.1188607825097325
CC_1A1E1302C432,0.15646273904742025
CC_1A37690EAEDB,0.16416216834314395
CC_1A3BF9F5BD42,0.14173714975720975
CC_1A4268FEB02E,0.17198853538470898
CC_1A5F8618A912,0.30993454147301447
CC_1A659D4D521E,0.4017978038816602
CC_1A879655902A,0.06752505073591501
CC_1A9F6DA46BC2,0.1185362170080789
CC_1AAB15E81743,0.03270837175935073
CC_1AAC389EF8A2,0.229035844366287
CC_1AAD0CE365D9,0.13261765143795742
CC_1AAD9152C90B,0.05170293791326141
CC_1AB15BDA9296,0.06632962714681781
CC_1AB8BDA3041B,0.19206128950263185
CC_1ABB9CB074E2,0.7061700649076232
CC_1AC1B1A3978D,0.056744676236012356
CC_1AD20D1F9C08,0.7194168086714764
CC_1AD881A90D1A,0.3116245953100803
CC_1AE9811724DD,0.7647322390958176
CC_1AF1AAAB9D12,0.7522940212990988
CC_1AFCC4D0ABD4,0.16304587717894325
CC_1B08ADAFD1C4,0.17173551732821601
CC_1B10139C7917,0.12102824777838947
CC_1B127133B948,0.1653138416880806
CC_1B25964EA376,0.15494227888575607
CC_1B27A85C7244,0.18686255552749426
CC_1B29F4378A34,0.13124206596629673
CC_1B2EC0BD0677,0.3424048675012768
CC_1B4AAF37FB97,0.08639965683785159
CC_1B5E792F6E6C,0.32212905275841
CC_1B7166DAA790,0.17238180928608005
CC_1B89FD901C95,0.09394101123558268
CC_1B91E3A70338,0.07341650916841672
CC_1B9D9B7184F7,0.16606313733526518
CC_1BA3FDD92B1B,0.0563038675992348
CC_1BA9B3D67170,0.1615317230346346
CC_1BAF97E2BCF2,0.09499772977078072
CC_1BB7D8A54021,0.07555012577855091
CC_1BD548A5FEF3,0.11783444602917964
CC_1BDF1893ECEB,0.24925845677624828
CC_1BF117A8AF9A,0.055580621164865826
CC_1BFA7E407428,0.7028944947518959
CC_1C0066F472E4,0.6886044722038404
CC_1C09CC2385AF,0.06285382252023815
CC_1C11467AB472,0.6521072447466393
CC_1C1627B7EE6E,0.038355422533149976
CC_1C3259B85E28,0.16402947312983712
CC_1C334ED885FA,0.03481988109558684
CC_1C376760FE39,0.07985036339596352
CC_1C39A1ADF3F2,0.15459630390774107
CC_1C450FC77478,0.13100650627518426
CC_1C48409023DF,0.4101468038687772
CC_1C4D03324C60,0.3537192431786061
CC_1C5F1E1028DB,0.037179696269412185
CC_1C6681C0AA7A,0.7773792796536572
CC_1C84CFE19CDC,0.2151977190514056
CC_1C8B3F689C6D,0.23163619605221017
CC_1C95674B902D,0.044498746601895435
CC_1C9A4C11F28F,0.16708735094861155
CC_1CA3F50BABEA,0.07892651904948082
CC_1CBF42D35AED,0.6166403452629873
CC_1CC11BEADBD5,0.11825637151445251
CC_1CC3CE396A8A,0.2301658996149979
CC_1CD2B13C2E6B,0.08308113441652396
CC_1CE0B37CA670,0.0780478988090591
CC_1CF5A99FC068,0.13335940446030117
CC_1CF71AEB6671,0.07446057558716801
CC_1CFE066F5EE4,0.19616042846360532
CC_1D00B360809D,0.061717758603594644
CC_1D1173F82F2F,0.1135082736754485
CC_1D1E06E0B393,0.17286092632698236
CC_1D2789866B1B,0.07574998558028184
CC_1D2DD7DF781A,0.1884180907682354
CC_1D313498A2DF,0.17936042140696118
CC_1D68396533F9,0.33470779455768407
CC_1D7235BA1EAF,0.19071588724412314
CC_1D7ABAF9D080,0.044865085498304494
CC_1D7FA51D0D7D,0.4851726393713708
CC_1D8CFB3589AE,0.05874968181828734
CC_1D9421A6EB19,0.33693621403862195
CC_1DA0AC68719F,0.33604834361294933
CC_1DA366D588B6,0.10568654310401995
CC_1DACBFE0296C,0.1106027812163857
CC_1DBD6A716910,0.6574340716163096
CC_1DCB75B5CBDE,0.3371339500480368
CC_1DCDADBC0E90,0.4268713532058153
CC_1DD11FAF43E8,0.13283341647166053
CC_1DD8064E71C7,0.1594286484338234
CC_1DEC926EE25C,0.11727080251256425
CC_1DECBAE4FC5B,0.06305468044285019
CC_1DFF80E6D4DF,0.06255053314460042
CC_1E025C3597E7,0.22845791536883958
CC_1E082052CCBA,0.6281549978231032
CC_1E0E30441DD1,0.20482360333826435
CC_1E20E200611C,0.1388732708489184
CC_1E354C75EB9B,0.029585560460430472
CC_1E3B2C15EBCD,0.18266208443469367
CC_1E4DF11FAF55,0.169479036188788
CC_1E4FE60DFD8D,0.7365115902250463
CC_1E5A648D299F,0.1815014054688468
CC_1E6C0A8B3841,0.6270575062205724
CC_1E7FA6E807A3,0.2162724085216926
CC_1E93F760EC93,0.274287317148935
CC_1E99F40FA03E,0.061854078306401765
CC_1EAD09DBC23F,0.19735666852576245
CC_1EB3D53252DB,0.25199347862844856
CC_1EC889E04D69,0.10197046249646347
CC_1ECCBF6853F6,0.47892253358841674
CC_1EEC4520436C,0.19366516186740668
CC_1F2827DC99C0,0.17158881737329432
CC_1F2C184C5227,0.08320117584026994
CC_1F3FA8091B02,0.14025950009107307
CC_1F4E07BFDC8C,0.046898706686314545
CC_1F4E0E9B54BF,0.06038308707734509
CC_1F55738A6A27,0.3434728996785167
CC_1F65276D0EF8,0.10559794938278319
CC_1F65C797BD40,0.054518128945271443
CC_1F668C0AE868,0.09195093147021169
CC_1F6B19A04BD8,0.04379847394013961
CC_1F945A60367E,0.4544916656813997
CC_1FAB6F11DFCA,0.6810168345919738
CC_1FACCCE95224,0.28288095675364233
CC_1FD010E5EA82,0.06322315617663862
CC_1FD2B7BCCD20,0.6928780470536369
CC_1FDAEC3D5CBB,0.10956508686720506
CC_1FDC65FE3DBE,0.1370735605974697
CC_1FE696D8A81B,0.05799020306890801
CC_20027685F59C,0.7594874093322499
CC_2009F3D77774,0.13474089103961395
CC_200C552C40F3,0.12199720822504562
CC_201459527065,0.11846824076575671
CC_20275029A688,0.08229658923936814
CC_2028DA597C34,0.20378710121022947
CC_204E557E5046,0.36559021810688874
CC_20542CFCFB39,0.04265068480072526
CC_2060F813C9B2,0.2642994142168935
CC_20813A9A7F71,0.09794107716645767
CC_208429A11E2F,0.17524083831557646
CC_208B0FE7CBAD,0.09165463698618097
CC_209A511030A7,0.03547298571809663
CC_209DD60421B5,0.06631817707784247
CC_20B26D646D62,0.15915867470255846
CC_20C47966B174,0.20068510539099071
CC_20CFE9681E4D,0.08686227681571779
CC_20D4DB0F3E3D,0.03513483863529341
CC_20DD84CE3CA0,0.09976556964266092
CC_20E57CA675DA,0.6069436862710222
CC_20F129FFBE00,0.25090829537079107
CC_20F4E0F62D2C,0.06615226358072313
CC_20FEE0B2130D,0.6154583284866111
CC_2111B298C212,0.10584036446003668
CC_211315AD7633,0.19738615321976216
CC_211504721E27,0.14677573420652318
CC_2119919BCB4F,0.7957496573236664
CC_21375C9ED931,0.20558215061045454
CC_213D2A5355FB,0.21159336169516169
CC_214B50E48E94,0.15452350008555724
CC_215F86D986BA,0.14415581823546136
CC_21600308F496,0.0424044803130893
CC_2166F3F6344B,0.10363806172919005
CC_2168BBB42053,0.12906989801866484
CC_217030CE0127,0.03592186372679035
CC_2179067B405D,0.03735420066947154
CC_219B59B67193,0.21116454419276184
CC_21A9E8DB58FE,0.12038940184478106
CC_21AE679C5E95,0.23016334317245984
CC_21B98D13174C,0.10989443110806486
CC_21C81BC15002,0.08640266860185553
CC_21C9B26CFEA3,0.06735721606675325
CC_21D22081A4CA,0.7518011712583612
CC_21D29CD736D3,0.3207551229449056
CC_21D3CEAF838E,0.18923217638481754
CC_21EF792A3811,0.6352644379890252
CC_21F04E996723,0.35858287581575643
CC_21FB6C8AB8BF,0.4760355254952696
CC_22067686F6C4,0.6996006005983931
CC_2207A39B7BB8,0.12366111527577352
CC_221053121AAB,0.18234257551605712
CC_222423774191,0.06771315315248536
CC_2230EFBC99AE,0.43574438390428155
CC_223BDED2A465,0.2594544936855701
CC_223E3CA7A07F,0.1850750914093829
CC_2250B42E48B2,0.10916960561884448
CC_225935E43583,0.13156686696900913
CC_22781E93CF84,0.1759014035501008
CC_22784AF3CB6B,0.43515881824120045
CC_22831690395E,0.23415682614746017
CC_228E6CBCC935,0.594117695580739
CC_229338EBBA6C,0.08911173374287297
CC_229A63057E54,0.4921692829099005
CC_22A2D8A4B437,0.08942005324558701
CC_22ADE1EE9BC7,0.13839080130171894
CC_22B69E7C415A,0.03542522405612401
CC_22C590B43FEF,0.31721814411028104
CC_22F06379D8FD,0.029074480346212003
CC_22F282264A1D,0.12403654461137031
CC_22FBF5F0E1C0,0.2281655228498604
CC_2302088175A3,0.2577017916731542
CC_230672EAA654,0.029095123473522295
CC_230870B121F6,0.15777766828162074
CC_230A051B2B3E,0.04454769555677221
CC_2316F57AFB7A,0.08710636328217221
CC_231D091FCD1D,0.048240202811873835
CC_231FDED1781F,0.25310286782623426
CC_2320053D1183,0.05079323337674439
CC_2320AF507566,0.17810939732729453
CC_23321FF41C3D,0.22867109294303464
CC_233470D6BE72,0.6339651043387581
CC_233C8EBC95FC,0.4040677715063503
CC_235F99F13500,0.1598865396668931
CC_235FC02CA52F,0.2093454685080231
CC_236C80CAF53D,0.19985979862422965
CC_236E7222D97C,0.07403764802847189
CC_237B86FDC93C,0.050382827664513435
CC_237E7EB2D7D8,0.08675011714311914
CC_23830081EE1A,0.6195469039931119
CC_23894AAA08DB,0.47737379092911125
CC_238CBFD6E20C,0.3795791817594202
CC_2392A4A79C9E,0.03238259383719876
CC_23A474D43C73,0.2234396352620472
CC_23A9CC59BA0D,0.021545776020901224
CC_23B158D8306A,0.13371246160275158
CC_23D147F1870B,0.1815564967858574
CC_23D2E73DCFCF,0.13200790785431182
CC_23D9103D1EAB,0.028364751080085897
CC_23E142182F2F,0.6755935761812536
CC_23E43713A108,0.034581860791290234
CC_23EF2911610E,0.506281951290741
CC_24056B76BD7D,0.04521896888511464
CC_2416ECE66177,0.13269962185196266
CC_241E65816FC2,0.07077012663414192
CC_241F7E97FBDD,0.04894837153546088
CC_24217201D7A1,0.39311762533780603
CC_242301FCCE50,0.04292066108395517
CC_242C69CF0B12,0.10959990016737653
CC_243B23702DC1,0.19133553030651274
CC_2456B9C796E4,0.1251450046159113
CC_2457D89CB88B,0.6364318955035237
CC_24667210E2AF,0.22048827121749298
CC_2468D206CAEA,0.05793028333050843
CC_2469630A4F86,0.3511256247194193
CC_2469D83D9594,0.0327798302794166
CC_248C65EF54A5,0.6348578375498058
CC_24BCCA7941E8,0.08984028198805791
CC_24BDC1CE2A3A,0.20734291759369577
CC_24BFCCDF957C,0.04334849321072791
CC_24CC8A1B1CB7,0.12569923299966473
CC_24D4B1852554,0.20954225118230727
CC_24E65FA5A32E,0.1621985484359306
CC_24EF3EDB6857,0.03550126897380796
CC_24F15A19D648,0.1644224038292155
CC_24F2410B5A19,0.14940747599140947
CC_24F27E7DE1C6,0.45651946092588225
CC_24FFFD0C983B,0.02946293375298359
CC_2504E9D5D5E4,0.13748459445850544
CC_250F6A0DB62D,0.05280795469395077
CC_2520E13DF0A2,0.703535590310777
CC_2539C315029D,0.29661802856084707
CC_25519ED78507,0.18131132613355672
CC_255D49296DB6,0.12405465850777223
CC_255DC60FF5BD,0.04059592026317063
CC_2563C9EF9D55,0.054927078187232733
CC_25756EB9651F,0.12123000531161238
CC_257CC46D379B,0.4230556525974406
CC_258D5F80A933,0.6724157003585562
CC_259D87270257,0.2577877468291057
CC_25A41AB21C94,0.23482444654658702
CC_25ABCDCC8B71,0.10497367852004166
CC_25AF0D0569B5,0.06941518017834343
CC_25B61D393144,0.16210477476666582
CC_25B95D7288CB,0.39523309312226435
CC_25CE2F2F13BE,0.22324732274220258
CC_25D1A5971976,0.3334114055305853
CC_25D411B46F00,0.7457746039410061
CC_25E7A2DC5E41,0.05697700498233013
CC_25F4C8E51AC2,0.5435036833419821
CC_260323EFB122,0.5373234614222971
CC_260F10484312,0.05958079527427515
CC_2610D0F1D0A7,0.1899990495016063
CC_2615866F35A2,0.09718542648359983
CC_261DA4E8DBEB,0.11538221500269957
CC_2628F00B0745,0.3889117926669535
CC_26338E9AD15F,0.13711083743990948
CC_26346B99BDBE,0.6527018611734791
CC_26351DBC1AF6,0.1253592459653992
CC_2637397AA3F3,0.5986199731802093
CC_26675C32611C,0.6759811950743269
CC_266E49E49071,0.19509010009671987
CC_2696368A4DC6,0.028519127285358353
CC_2698641B68A5,0.1594699266391411
CC_269C5AE6A1A3,0.6747170187142896
CC_26A06AD1206C,0.7533846742850752
CC_26A358B0C10F,0.15903070117071158
CC_26B07CB02EA3,0.5481741991655817
CC_26B638BEA8CE,0.12927574857623847
CC_26C33B649FC9,0.05887845311162782
CC_26D5B969A36F,0.327413071279801
CC_26E3A1226C2D,0.15882921608161998
CC_26EEA3F0224A,0.25996504388426556
CC_26FA5E5A718C,0.14034526269990114
CC_26FE119D4919,0.05503328157667185
CC_270B462BAEF3,0.03064432512703531
CC_270D929FEA9F,0.07959943859049744
CC_2731AD82BA11,0.20721530605635935
CC_274144AE3E86,0.14160617678215337
CC_274AE6E82879,0.15490237530826698
CC_2757A490C5E1,0.0817542390481063
CC_2766F6011BD0,0.37749095931052823
CC_2768E644C697,0.04531423597982848
CC_2770DF70328D,0.07133482177350806
CC_277503968C44,0.5045326687096922
CC_277CE974AA8F,0.27739837796100036
CC_277D246E39B9,0.19948112031254794
CC_27A1CC725B7A,0.06287543871152088
CC_27A798829CA8,0.7628565048753664
CC_27C938FC8DC6,0.46611000068265107
CC_27CA2D819E7A,0.06302364452823615
CC_27E3712F0E38,0.12802576662803683
CC_27F3B3F43FF9,0.03479370513449393
CC_27F9832EAB8A,0.47259326539971164
CC_2809CC131F3A,0.6509684726945794
CC_2812523510C0,0.15444882424772083
CC_28151C75756D,0.04386039262348158
CC_28203CC976F9,0.1007826051457492
CC_282AFAE06F96,0.09244839157536949
CC_282C2404F4C0,0.0757909565932052
CC_2834BA2F19FC,0.21460563388115586
CC_28432E22F47D,0.5670343987272153
CC_2844882CC439,0.052342409785600584
CC_284F79726032,0.4057061435545941
CC_28544783AB15,0.4894152779929063
CC_2856104729EA,0.6866467652724201
CC_28625CD86761,0.17571789734472598
CC_2866BDB46FB1,0.09333969244105367
CC_2872415C6B36,0.07353252948717623
CC_28752737647D,0.61742204435567
CC_2875C281EE88,0.05247925143961901
CC_287E3E9EDAC9,0.07700153343297532
CC_288A2C49D62A,0.04886660577132586
CC_288FA8CD819C,0.19052210871950043
CC_2891894CCED4,0.07080630252927098
CC_2895608A9699,0.14222224769609004
CC_28A2EF7926AE,0.5953538370685808
CC_28A7DBD2B710,0.17081047778492026
CC_28AD81DF2C51,0.11606989569252638
CC_28AEC29CEC25,0.16599805825383246
CC_28C1C3DF7928,0.10135809854561846
CC_28CA76962EC8,0.17651929769280494
CC_28CD47803B6A,0.07110639589651185
CC_28DF569DBBE5,0.0804575432663521
CC_28DFE611C657,0.10153624759436555
CC_28E11E6A6C8D,0.16465682703255552
CC_28F58ADC7CBC,0.12192640487602412
CC_2916479EBC84,0.11641202284764743
CC_2917C6CB0B2C,0.15138482543478615
CC_291C7830D4B5,0.36724212085759667
CC_291FE1744E5F,0.0750887513447932
CC_293124F1ACD1,0.134476742317566
CC_293C2D704AA9,0.36002504479000763
CC_29432A6B2555,0.12056982267497054
CC_2944B427406C,0.16364759433697212
CC_29468B7035D6,0.1283251075812815
CC_294A9A24E473,0.047632268497377714
CC_294B94EB0E07,0.26316848556705025
CC_2967C29E4C3A,0.13561663136442695
CC_29716D5835F4,0.21536908246662093
CC_297179FF2BCC,0.4145193866417711
CC_29803690C939,0.21009000811372253
CC_29821539DC4D,0.13543467074129492
CC_2983C1D2A273,0.17301926165620823
CC_298CAC5A1868,0.6218710029413326
CC_299EBE0FB429,0.13952382048062167
CC_29A1C0073882,0.47658391901534847
CC_29B6065F187B,0.36341791262011214
CC_29BC66C10F87,0.6286571019010354
CC_29BF3C3D9682,0.16599534813298022
CC_29C4425FB2DA,0.19876329907910278
CC_29C5D0D72D61,0.10837864535836259
CC_29D65E313500,0.1344690550666281
CC_29FD856F47A5,0.7349154680310674
CC_2A097F88615A,0.0884504131139627
CC_2A0CB4CE1A48,0.21991758692030336
CC_2A14C1652D6D,0.2242535250801999
CC_2A1F96F80938,0.12082335725567334
CC_2A23F71805A2,0.13506756086590468
CC_2A2BF2FD0498,0.13592637095708196
CC_2A358A1D3DDF,0.6318997021073314
CC_2A3E371F0DAD,0.26903420724677396
CC_2A423FC8A330,0.3096209844594404
CC_2A43368D54F9,0.5049183130016697
CC_2A47A21C0E07,0.6536325945323573
CC_2A4CB02E7A1E,0.12443121117024973
CC_2A510080BA29,0.18805528095335716
CC_2A5316E550F0,0.0854488658519166
CC_2A59695EF90A,0.5824680709615342
CC_2A606D00CC46,0.0485013487579805
CC_2A6C69145AE0,0.0856394035575729
CC_2A6CD71471A6,0.10838740448965148
CC_2A70D6EF64E1,0.08536824038355517
CC_2A844754AE67,0.5989511892959596
CC_2A85A7B242FD,0.1582425323198205
CC_2A9A51067D7F,0.15096351085790938
CC_2AAAD4020436,0.20536339530577205
CC_2AB62BCF3704,0.08159899375990919
CC_2AC1C8DE5649,0.11636960649705883
CC_2AD10D78793D,0.7034699308767356
CC_2AD26446A7AE,0.04034178149434439
CC_2AD2D35975D1,0.09813162521288274
CC_2ADA07B0211F,0.29618227431465805
CC_2AED2D284351,0.3177695494507999
CC_2B01FDE2552D,0.24613494075778541
CC_2B06DDFD7F8A,0.0680635493820938
CC_2B08FBC0A948,0.16927028275929942
CC_2B1914218468,0.7342841586650932
CC_2B1D93E12DC9,0.16965822658639962
CC_2B248C488918,0.08221967531781203
CC_2B256891C60A,0.6227032715134918
CC_2B2801591A25,0.3837113841605954
CC_2B2B7CF1E40F,0.11187787231553908
CC_2B2F4204834B,0.18957931248844453
CC_2B5443C7AB87,0.06664533002221112
CC_2B5D780AC244,0.6732843898459883
CC_2B64E67CFF13,0.05206889642501902
CC_2B6B872C8D21,0.06769514859606332
CC_2B85D931F011,0.08082782824345787
CC_2B959EF030DD,0.1462485197736386
CC_2B973D1AC16E,0.12737247575547894
CC_2B98983C2687,0.0483489314565147
CC_2BA581E7B8D2,0.09577716822714565
CC_2BB2C432C369,0.12935391314057845
CC_2BBE19587CD5,0.08378552936252132
CC_2BCB838A9581,0.15001599596361265
CC_2BD0E9336EB4,0.06835055180119545
CC_2BD1633FD528,0.09062749707111892
CC_2BD58FC8C2B9,0.030684094549132977
CC_2BD6083CAB0B,0.7741535833949553
CC_2BDD47B177E5,0.77825714286122
CC_2BDE889EB05C,0.2735547915597206
CC_2BF8DB192A49,0.6102228931577314
CC_2BFDF46F3AC2,0.11602100846966022
CC_2C00CF2FAE22,0.14779751165412833
CC_2C06DDBA1073,0.3567424415768873
CC_2C16C7838FAB,0.7976641438254866
CC_2C263A1A732C,0.1885614371184164
CC_2C34105831A6,0.1944297647154794
CC_2C43FFA06F31,0.08530639949307617
CC_2C4DEE4CA1CF,0.0601936616562014
CC_2C56DB55E40E,0.08815910158481594
CC_2C59F565C183,0.14590218325689844
CC_2C7F54E56925,0.16936598450231022
CC_2C8CFCC646BE,0.0310882287668713
CC_2C91AB1DB754,0.055336456771681794
CC_2C93356976AE,0.37671473812682943
CC_2C9DADC294C8,0.06852614862320044
CC_2CA94231028A,0.2623962302702445
CC_2CC8CB17283A,0.19300654156396996
CC_2CCD42AA2376,0.1372247296221421
CC_2CCFE560A79E,0.061181859703789726
CC_2CED227E5216,0.12517465766226027
CC_2CF326E90715,0.04019716705947188
CC_2CFEA03CC6A0,0.644311419319573
CC_2D1D032137DA,0.10719920485896278
CC_2D258781011B,0.18528468734335818
CC_2D30260A1CEC,0.21906701497832487
CC_2D35C002A9F1,0.14912732012088675
CC_2D45DEA4EB25,0.15012181100321348
CC_2D5494C13FFA,0.08553053512669091
CC_2D5EA2953E81,0.23074193976162316
CC_2D6E7894EA16,0.6470981769623232
CC_2D7DA36360AD,0.2329401157658968
CC_2D7DFEACA38C,0.3031391949047211
CC_2D836654A121,0.14860121064781068
CC_2D9CDFC6C57E,0.7252699922159238
CC_2DAC67585B03,0.2111604687667234
CC_2DAE338809DE,0.2890516626351714
CC_2DB062A18C75,0.4924909739043566
CC_2DB2C55CF89E,0.7728900060808295
CC_2DBCBF870292,0.035036389238786034
CC_2DCBC03B4FA3,0.7517545506436174
CC_2DD78131B5A1,0.11986902245192008
CC_2DD7BCA75AB9,0.1285013650752825
CC_2DEB49017220,0.10654587273598883
CC_2DF6C71ED372,0.14687859722615595
CC_2DFBFA1A4FE8,0.15212078332364104
CC_2E12A41F7733,0.06743493850292945
CC_2E1A348EB1E6,0.11715426138582588
CC_2E23CB0F6F7B,0.3623924861209059
CC_2E3634587158,0.05689523537690862
CC_2E3F4B14D8DF,0.35404015651534715
CC_2E3FDDBF4F48,0.1930573098742916
CC_2E61C46BC16A,0.16503773991756193
CC_2E62AEB14351,0.3227462052332081
CC_2E6F1C0ADEB8,0.18399072888378482
CC_2E7415FAB62E,0.07880235048577539
CC_2E77F7444FDF,0.037925751199349315
CC_2E78431BE3DB,0.08409632704441737
CC_2E7D44FB8075,0.15228858373913545
CC_2E7D8539BDA6,0.29733494800095717
CC_2E7F248874AA,0.7178425114366821
CC_2E85BB8F3BB5,0.08356801685239937
CC_2E8897E4D9BB,0.236249819748105
CC_2E8CCDE89E2D,0.23925157575581446
CC_2E927D910813,0.11592343497937736
CC_2E9891F5A2D5,0.13472037652500618
CC_2EA56A7EAC04,0.26453398407386874
CC_2EB45D13B248,0.12899332743645817
CC_2EC924B0EAAE,0.11819320750307619
CC_2ECC248C96B7,0.044932603798204095
CC_2ECF0C98B06D,0.3722081181760845
CC_2ED3F6481454,0.15783608284318687
CC_2EDDF0B40ED8,0.14284154835109042
CC_2EE2A139642B,0.13799899374160238
CC_2EEE072DA301,0.19691136189113817
CC_2EFEBB85DAEB,0.15598686003648538
CC_2F133BEFAA69,0.1438556877554416
CC_2F1AAE3B81F2,0.08434886184091314
CC_2F1BC47CC90E,0.040978465018270835
CC_2F2128FBBDDC,0.15787825723379664
CC_2F3D3342834E,0.07089635059432509
CC_2F42D39F710B,0.6117516158874015
CC_2F4AFE398419,0.681196037110179
CC_2F4C24B38EE6,0.05248102054531416
CC_2F508C0838A6,0.08740830699793084
CC_2F50EC193942,0.21886771939547145
CC_2F5BD03D4900,0.06543633384406156
CC_2F73AF6728BC,0.04229278437885422
CC_2F7EBEAB9CF2,0.19184382459547616
CC_2F9AD2BC25F5,0.0634610836128238
CC_2FA3172ED3FE,0.6793455556855903
CC_2FBEF8808F48,0.1675802219497941
CC_2FC014F0EA3C,0.09426292352941007
CC_2FC3AD2EC986,0.25387352983569933
CC_2FCC82AC097C,0.29304639094888957
CC_2FE2ED7D464E,0.2639908766127179
CC_2FFCC9802D2A,0.18114530801350998
CC_2FFE32627DF8,0.20884086567409565
CC_300BEA90EF3F,0.15909559639206483
CC_3017B64D0364,0.21308836293745193
CC_3017E5E87C94,0.14287265802795107
CC_3028375CC87E,0.7938291740966095
CC_302A48CFCEDA,0.0727103828295582
CC_3031F96196BD,0.35014968460685797
CC_30328ADA0AE8,0.09195856977946099
CC_30451015D913,0.027115251098271287
CC_305D33AC15A9,0.7499752809418287
CC_306015CFB66A,0.1556143102090034
CC_306413849CEA,0.42690354023630883
CC_306EF0BC7CB3,0.027115183486579167
CC_3075C5B861A8,0.09525996552959726
CC_3083D9B76858,0.0434803279700101
CC_3096994A495B,0.2026620138893676
CC_30B106BC1657,0.18743530045627516
CC_30B967417C42,0.20689399272425998
CC_30CABAFF5453,0.08193392779203915
CC_30D68208FB23,0.35462715294231756
CC_30E2A90BACAD,0.16938722764138636
CC_30FFD856443D,0.6066962687088291
CC_311EF26786A8,0.08742612595841788
CC_3129843EADE6,0.6815384971096405
CC_312C34EF683B,0.04827285016661596
CC_31302B64C078,0.11510946964973
CC_31344A25B569,0.028109105412425887
CC_31397A399AD5,0.07362981608475554
CC_3145B5EAD7AE,0.22406351044728073
CC_3146EE0BF81A,0.13544476317970872
CC_314D02632843,0.32416084213584906
CC_315133406E42,0.24361039381106203
CC_3180D1C6FB7E,0.25394857009030103
CC_31827EE8A968,0.2953786671329376
CC_319BE06CC27F,0.036210750141080515
CC_31A0A97AFFCC,0.47965461102653373
CC_31B22116E36C,0.16668001896826043
CC_31C78D9B6494,0.3847057987084709
CC_31D3FA367B41,0.11871518123524102
CC_31DAAB3E6DA7,0.16537291076521532
CC_31E36F666FB7,0.08098476676545294
CC_31E72EA14FE4,0.10382898801283212
CC_31FC6DC9482C,0.23112001555695488
CC_32076DA6AE23,0.16014874590267184
CC_3209FA12D938,0.3073361103125455
CC_320E17F947CD,0.4283913778758993
CC_3223C706DD92,0.23931362917653165
CC_322EFB2E377D,0.10283311446402221
CC_3248EB928073,0.07594627986249064
CC_325D5DC52B1F,0.08432216564909104
CC_32662A6DB78D,0.16833865205950854
CC_328DD3BA068A,0.23565481993045537
CC_328DF7798F91,0.15487381088973604
CC_3295CFEB188B,0.08768338925174678
CC_329DC79286ED,0.6933998557414802
CC_32CB77D55C73,0.1259458973737447
CC_32D129B9E651,0.09632326449052436
CC_32DB12551D37,0.647817793765354
CC_32F00D77D5CD,0.11172887275235349
CC_32FF5F6892D9,0.21923834152227775
CC_3301EF60877F,0.12740516090125253
CC_330F334BD816,0.1179644569162073
CC_331285B3494C,0.21322733042983322
CC_331364283D5C,0.11396529921660552
CC_331718E0F54F,0.17558772669701372
CC_33194D48FF66,0.0812647772323315
CC_331E8B8BCAB8,0.06630843802268319
CC_33254134ABA9,0.7813238681588741
CC_332E42439579,0.09735665930357427
CC_333102AB964C,0.14911908026792867
CC_3338AC0E8112,0.25719662849886216
CC_33656EEDE6F2,0.39335246525473005
CC_336777D934E0,0.47122841202470495
CC_336DBFE464D1,0.5219715671236462
CC_3382BB2F3152,0.1395985546424755
CC_3387207793E4,0.03765236175500325
CC_33992C973839,0.21230950028808845
CC_339C36703675,0.09172902058280066
CC_339CA5814519,0.10699446524077698
CC_33B157F2A921,0.12314862709883218
CC_33BBD10F239D,0.06517830786872529
CC_33D3B12EE56E,0.08613834248515778
CC_33DB68EA27CB,0.10275177538547038
CC_33F0B95E70CE,0.22159330452384132
CC_33F40275D630,0.050399220687252055
CC_33FD5DE22692,0.08177276503596323
CC_340961106343,0.11923072739354099
CC_340BB1F4CEF0,0.14477963307661995
CC_3410B11F1FA3,0.16019904480558095
CC_3424972707B6,0.6511889847417469
CC_34452758A645,0.027945758884239523
CC_344D239879D6,0.1367277176495997
CC_34503B6891CE,0.22318815598028952
CC_3451722A3813,0.07230419257662624
CC_34517B513D8E,0.46973664914316837
CC_346ECB4CF2F8,0.09913400529262918
CC_3478E8B6B56A,0.06257013618796087
CC_347AFDE16722,0.08465686297307216
CC_347B1A01467F,0.0435750618364877
CC_348AA62FF484,0.2919610198126613
CC_348D3F098A4D,0.0893281632522829
CC_349290E4D0C9,0.14507370891957277
CC_349347D553D1,0.27080525576697245
CC_3495CE27BB05,0.25782727658004945
CC_34B10A654721,0.1512606192737582
CC_34BD2C5130C8,0.1340451299023376
CC_34C433439160,0.0597356601103265
CC_34CA271F73E3,0.305635211859072
CC_34CEBEA3B15A,0.06864913254299393
CC_34E58CF793A0,0.15939468907504772
CC_34E6909B6027,0.5115782013548857
CC_34F4292A8B5C,0.19545675470214333
CC_34F6DD223594,0.044361784855462494
CC_3508A7A5E9EB,0.1480772711608369
CC_35094977DD75,0.14756719621314157
CC_350DE157CE6D,0.15878208052078496
CC_351BD5C2EE8B,0.021867593406815718
CC_35486249EDEF,0.21200087456340516
CC_354C9ABE6DDE,0.0652175162656797
CC_35578162927A,0.11270284150460186
CC_357C3E7518D3,0.7463300971994598
CC_3584C15BF11F,0.0355511471920578
CC_3588C5166872,0.0868731034031691
CC_35A68306B19E,0.2565117763779448
CC_35BFB3093D02,0.046897595730346915
CC_35C085ED37BD,0.5339129012266218
CC_35C695C13279,0.07102852049639036
CC_35D1668A4C13,0.22139692339671166
CC_35D27495E0CB,0.7797968724072832
CC_35D562E1DBE1,0.695492116452574
CC_35DCDC74A757,0.4787277094422414
CC_35EC2AB1D1EE,0.14450639070639126
CC_35EEB90317B9,0.6046614945378668
CC_361A9EAF7706,0.2850142604335249
CC_361B968FEB98,0.30736677622939396
CC_361C9FA031A7,0.7694960910869754
CC_3620C5D1B3E2,0.06161745973433613
CC_3622D7221940,0.03430764604174897
CC_363175E92F74,0.3134182280485075
CC_3638C9146BFC,0.15574757664125077
CC_3643A4C7EC5C,0.059342974588606746
CC_36690A9AE112,0.7291516917460151
CC_36719170F638,0.0881559085451343
CC_3673466BA7A7,0.07912403005767324
CC_36847054DF52,0.3458178410146686
CC_3691CE792752,0.7430792917450706
CC_36A27FE53743,0.4986243128502752
CC_36A3FB06D1D8,0.7766992657082517
CC_36B0F2AD5413,0.05907628039492553
CC_36B1B7BF5F75,0.17173680520546605
CC_36B68E66951E,0.4565590135487494
CC_36D3F09AD810,0.4291265415747672
CC_36DBD8424220,0.554252508436863
CC_36E5645D8018,0.08631171556898606
CC_36E6592E4E23,0.1800386557474376
CC_36F143AEC864,0.09240256368158253
CC_36F2A735DF73,0.1881956187587425
CC_36F81C003E8F,0.033047810627386306
CC_36FCD55EE425,0.5364038095601869
CC_3701D5DB7FA1,0.07917423231222666
CC_3706E1EB2587,0.5653490053259691
CC_370E0F8EF86F,0.5852669271343214
CC_371D47444D5B,0.6952045508100059
CC_372CFE308EA4,0.6510339290229319
CC_3731D90357A6,0.2509295237378351
CC_37322F66C543,0.03354038834028393
CC_373539DE38C5,0.1348800451764585
CC_375225700242,0.3238571072589149
CC_3762D0B6F3C2,0.12080845156868791
CC_377A277E831A,0.1480794904661128
CC_377B6066B91B,0.28206487980048234
CC_378D71726B5E,0.07666526997940748
CC_37A46BD0DCBF,0.04200922518445328
CC_37B447368F02,0.7099646332396585
CC_37BFDFE369A3,0.2198075070987884
CC_37D09FE492BD,0.07453463726424045
CC_37D3F4C07235,0.3043111117509987
CC_37DDACE48E3C,0.1290534039992777
CC_37DEF85C0A37,0.30532266160110066
CC_38020CED9EEF,0.08513973435349656
CC_382207621EC5,0.793975084561088
CC_38374AB27F95,0.08078042334396618
CC_383A5544DD5C,0.131583028514703
CC_383C129A5B96,0.23766271712901987
CC_3847AAA649C7,0.12024792536017073
CC_3849D992C1E3,0.08429108522576524
CC_384BB17F0F0B,0.6125402939489829
CC_3851177E5E76,0.0775369624910735
CC_3862F88850B8,0.2885695671185645
CC_3867CFCFCC94,0.24520631505135893
CC_3872ED018F85,0.17623604593784425
CC_3881A587C072,0.13569541567240115
CC_3882F8EB5EEB,0.5973011053453295
CC_38911341EA6C,0.0885259093937269
CC_389E5B71E254,0.6068642247737674
CC_38A0DBCD3728,0.07771846318429686
CC_38B3E9142747,0.09359602422133753
CC_38C1B8860300,0.04949811465004893
CC_38C8CF250B60,0.028097157483752553
CC_38D32B790B4A,0.13715802625237794
CC_38EB304A9915,0.18312857453575662
CC_38F26461C872,0.7591300852697049
CC_38F942257E28,0.5422358070559027
CC_38FA5D78A8A7,0.05070188585863959
CC_3903D7BCCA95,0.06570471710806687
CC_39043D7ED04D,0.19244039515475297
CC_39098B256732,0.06555419582548014
CC_3909A2E4C679,0.13972870697468306
CC_392344DF8D55,0.34151333045875626
CC_392628C8AD47,0.09795136146152501
CC_39285F4C42BF,0.40636109904522255
CC_392A376EA1A2,0.09447561697714069
CC_3932E086F150,0.1739687010491907
CC_393D1D3640D0,0.06835067648140941
CC_3943B3490B49,0.6796257727012232
CC_394DE164DBCD,0.13970453864447596
CC_395600E84A54,0.12924622398286312
CC_395D181A7E1F,0.10354907030091375
CC_395E8CACC437,0.1348628387694474
CC_39635AC6A70E,0.0631482907996309
CC_3969352E3ABC,0.09520102867729677
CC_3985C0DF9CB5,0.5644461719196933
CC_3989F2C6A9F8,0.21239151642769716
CC_39A82672A1B2,0.07938374000719021
CC_39AA15DAE17D,0.6064733719918606
CC_39AA2A3D98CC,0.030142263028099803
CC_39AC257B00C5,0.10289602082404548
CC_39ACC63CDAEE,0.11826231239604067
CC_39CE40784C2C,0.20338645891017787
CC_39E1A306D418,0.1476098170842325
CC_39F2B11C46D7,0.08625794389771499
CC_3A10F5F50A27,0.04984135771421745
CC_3A27CF9D162A,0.5972528792227063
CC_3A297424A7F7,0.11390317654133054
CC_3A39F7930BF3,0.08958174524995292
CC_3A57566F9977,0.5917167711226704
CC_3A61121254E6,0.047671201299578705
CC_3A81C568A7F8,0.19544925103704275
CC_3A82E7050A4D,0.038664795666188814
CC_3A860AADE6CE,0.149910018906399
CC_3A8B3FC29C9E,0.13303828465496942
CC_3A8E9056A5A2,0.09555893165054044
CC_3A9617A5777D,0.45318459936452804
CC_3A99D25777CD,0.14455607854217128
CC_3AA9E8D01340,0.5698681039433958
CC_3AAEFC09C290,0.7202504773368669
CC_3AB5E579843E,0.26786203438778633
CC_3AB77A30AD40,0.17797199239385963
CC_3AB7BA36A414,0.3376672545138984
CC_3ABA830A5BB2,0.11521421484564306
CC_3ADDDA550A57,0.10300623487980066
CC_3AE7B1151DC9,0.13240249014440075
CC_3AE9A209EE00,0.0435244646395384
CC_3B06FCD75C98,0.058930492838840914
CC_3B0722FB5E8E,0.2920032788176542
CC_3B1C51DD7429,0.18018401377111798
CC_3B1F4696D710,0.6159661966114484
CC_3B224413A072,0.2514677504889856
CC_3B35C3783CCD,0.26394198906514477
CC_3B3626F3DF9F,0.23285232746224138
CC_3B4405C7E486,0.5484718577987564
CC_3B4C4A9C9D99,0.25499813519674946
CC_3B72F0E9E3F8,0.23663888496555346
CC_3BB02A95C6C1,0.7209388159411813
CC_3BB8B675C2BC,0.3736052253055735
CC_3BC51B069218,0.10912943645508448
CC_3BCA5BD201AC,0.17088815745477046
CC_3BCAC9793441,0.30857105408800245
CC_3BCBC867AC4A,0.0398347459766481
CC_3BE51412ABE7,0.43259966615670264
CC_3BEA98B401CD,0.6778696397978383
CC_3BED6DF1ABF1,0.17704609065102914
CC_3BF0BF7CF827,0.7868416719201943
CC_3BF110035599,0.6139969733924537
CC_3BF213810DEE,0.6658582090764672
CC_3BF21CA88D3C,0.46681787889467863
CC_3C0E29764C71,0.057972833167952625
CC_3C19509D4636,0.16255237404039583
CC_3C1B038BB068,0.16954679569383724
CC_3C594CADCA2E,0.20047855024771022
CC_3C5D909498F7,0.6241988484713239
CC_3C68D5179A01,0.11799802128680732
CC_3C83955704BA,0.7758064433109245
CC_3C93218F41B2,0.2862520240388885
CC_3C9CFC8FB4D1,0.6907054367919716
CC_3CA266EB55BE,0.12035257249702264
CC_3CE49C937F7C,0.0911931741466031
CC_3CEEB9C04F0B,0.37716042114944975
CC_3CF504AD4DD9,0.0663088455727146
CC_3D1092DBC5C2,0.218014959241462
CC_3D185833E7BB,0.03833172114697879
CC_3D2309981121,0.3336060962806514
CC_3D27A0086AA6,0.20314956317936234
CC_3D3BE7D0F4D8,0.12683749631385074
CC_3D412B5EA919,0.08715529366112515
CC_3D47650C6F30,0.06497480960519572
CC_3D55D1FD8457,0.054615742444099294
CC_3D599501BA76,0.07833522090023652
CC_3D6181EE3C87,0.6663229248901734
CC_3D65CC165F44,0.1455248688571547
CC_3D6CF6DB8014,0.37938200505748054
CC_3D7C14801D40,0.1798328374633647
CC_3D836BDBF866,0.6489545092681035
CC_3D8DF3A3DB71,0.746763182505488
CC_3D9309851089,0.1881893124338434
CC_3D9ECB4274C3,0.11988571549195307
CC_3DC8A9A92802,0.31527115544235207
CC_3DDD3813D1D4,0.09183464335408048
CC_3DF3FFB3CFC7,0.10716806115416024
CC_3DF88701601B,0.15605886642062428
CC_3DF91A482CFD,0.32074828880215756
CC_3DFD6349D046,0.6486106882653392
CC_3E0D54125AE0,0.18225802399011978
CC_3E10CFE1DD57,0.04628491034549202
CC_3E13CB98572B,0.13604983684897762
CC_3E142C8ACA6F,0.09041179116597865
CC_3E1BAC4E5B90,0.07494473885615642
CC_3E2DD0D1E2D8,0.15313196309519292
CC_3E403BF08A45,0.0896060706452591
CC_3E46368104AE,0.0967330607408902
CC_3E48A086B5C7,0.24198182506463417
CC_3E54451B0F6D,0.08930883245039628
CC_3E6335ED3F4F,0.07881885491328156
CC_3E87A65C50A5,0.15100221183988843
CC_3E91109E2090,0.06110576893299387
CC_3E92A1EDA618,0.2559544723147772
CC_3E94684FE270,0.4465322598911223
CC_3E9DB402F352,0.14982109603837
CC_3EB5A15A6C04,0.7927723380954689
CC_3EB8A9A6C49D,0.1037398410527886
CC_3EC96BC884F2,0.12216771548807517
CC_3ECA9E44B90F,0.2986644375728173
CC_3ECE4EF16A44,0.1619372120692744
CC_3EDDB8E70F57,0.21036273709269
CC_3EDF137D0E1C,0.13852782769328525
CC_3EEEE844410D,0.365986871239369
CC_3EF4F348C967,0.1174617716599333
CC_3EF91DD11A81,0.14039031580195946
CC_3F08C55E7A40,0.19174795547150392
CC_3F171CED0CFA,0.026191491587580232
CC_3F2544EFA753,0.14171011820612137
CC_3F28F3286CCA,0.0777241467716095
CC_3F379CB37B0D,0.18772523494261378
CC_3F42D798AB1D,0.6379237991248616
CC_3F48724540D5,0.16351853739519398
CC_3F68068E2D5E,0.11104101267006931
CC_3F7FBE71B77F,0.05793585009441152
CC_3F80017B8599,0.04756549793833147
CC_3F8B17953200,0.0663589099378222
CC_3F964BADC4BC,0.7361326227472401
CC_3F9767602FCB,0.20358777893760638
CC_3FA84F0B23CE,0.04662903363569039
CC_3FB4B189143F,0.15259894800129642
CC_3FB7C976EB26,0.48003908244141835
CC_3FBCEB2F36D5,0.13536380260567832
CC_3FC4FE843245,0.12612518310380127
CC_3FD52E32FE8B,0.665878320544521
CC_3FDB44EC6254,0.05737767131424352
CC_3FEFBD6DC62F,0.2447700914122915
CC_4005466D00ED,0.32732489412235927
CC_40095FFBC1A2,0.05732279104970867
CC_400F1887A662,0.11269888493859134
CC_40133FF3069C,0.08201612981751351
CC_401C6F0EED5A,0.11007096532922582
CC_4021AD03FA01,0.11739547869112138
CC_402E91F3A56C,0.12014019070737801
CC_403754B6988D,0.113306081783286
CC_4052DFCB1656,0.2254114153343469
CC_40579C5C13D5,0.8011776262726735
CC_406937FF97E7,0.08623575565152147
CC_406C4233347A,0.18698881941124107
CC_4073E42E11E4,0.2579083162104221
CC_4077BB12A5F4,0.10372908432226048
CC_4077DD5B5C4F,0.12225844487067035
CC_40824D899215,0.08077086125465861
CC_408D79189FBF,0.31435889485567436
CC_40A3F1D5EA0F,0.3658795690266684
CC_40A852A592FB,0.1171092486060001
CC_40AADA91D560,0.21268382062427382
CC_40B39CB2CC58,0.031984298836711306
CC_40CE2030F058,0.05635269723040372
CC_40EA2F8481E8,0.1714701508750699
CC_40EFD7778F98,0.15571908066908174
CC_40F278D49681,0.2760991131276952
CC_40FFCF631F19,0.3906754598792511
CC_4101D1B82788,0.20719645573956225
CC_4109B79A4B06,0.03725023322235802
CC_4119348F051A,0.10941423122164556
CC_41206EE45803,0.0739154576912
CC_412DF740DA62,0.1370037231770203
CC_413AB4CA7451,0.10574545526533723
CC_414C06C60FF7,0.7139268097416489
CC_414F50748A51,0.05408761110490422
CC_415C65EA66AA,0.04692851978752055
CC_415CED95F7CA,0.13818549396071492
CC_416584250060,0.10051171611217692
CC_416B3A1F0F0B,0.1025134218825005
CC_41735021FC7A,0.17647006872066662
CC_417858CD20F4,0.09661346792219146
CC_41902EFB3974,0.0415460207597978
CC_41A27790EFBF,0.1298425690828195
CC_41A4A223F39D,0.1074215588990672
CC_41B464757ED6,0.1312821925015661
CC_41D1A87E1136,0.43509536375661007
CC_420FE297808E,0.04401230368427482
CC_4211096D5588,0.1422804964994465
CC_421F4D78128B,0.4648536929647694
CC_422F2780C85A,0.32133422429916203
CC_423B0296BE24,0.07350216121123711
CC_423E78000AA5,0.1499594992926923
CC_4246081DD359,0.09697422832089533
CC_4249EDF2FDCC,0.7934676891428956
CC_42568C67F412,0.36589456324653474
CC_426A25EA9E21,0.7379405230988972
CC_427ECDDEECE6,0.3001605205910316
CC_4289EEC8F0A2,0.18292464953522194
CC_429A7158AD07,0.15115430457988885
CC_429C51AE729D,0.04132994585064227
CC_42A0DE1E5E80,0.0750224282901
CC_42A7D0F5388F,0.08751672360383575
CC_42B23C8C9F66,0.19955762392338555
CC_42BD3999AC3E,0.23854059286373214
CC_42C95B199130,0.41784670644448346
CC_42CD6CE97523,0.4435317266304374
CC_42DA114F12A2,0.24863107172971627
CC_42E2736AA331,0.20122261691155946
CC_42EA825C351B,0.45135577920561576
CC_42F1B2B4D258,0.546219982129198
CC_42F4588EB38D,0.2977993069665658
CC_431F29A12E99,0.23739425165548705
CC_432EB78A198D,0.24485066288061666
CC_43383344BC72,0.18080891226305068
CC_4339187DD10A,0.06110211913753673
CC_4344A2E7EA1F,0.5012180962438754
CC_4347468ABE51,0.5815456362200335
CC_434894BC2577,0.046290750871677104
CC_4362DB93FC92,0.09929850036707916
CC_436850DDC704,0.1370534254976966
CC_43698E2EEA0A,0.1062640743523377
CC_4387F73F131E,0.14477018194154
CC_43A33C994C70,0.3543889396747945
CC_43ACD82B5514,0.29806480689996695
CC_43B37131B8FA,0.21246151891820064
CC_43BFCAF8BD20,0.17331486824840703
CC_43C060E01266,0.20600059874983395
CC_43C41AF27375,0.05392840530898338
CC_43C5AFA48B93,0.06269564837771276
CC_43C767A44C55,0.20526880684238102
CC_43DECAB53552,0.044522903175744255
CC_43E6D931158D,0.3621273446033393
CC_43E9F88019F8,0.0572795017544576
CC_43EBD6EBD675,0.0649121392310167
CC_43F81C577002,0.31925234752265835
CC_443C4E041687,0.07529255707098317
CC_443F63BF238A,0.10410617011672954
CC_4463776F9AA1,0.09320427628436717
CC_446F1EDF03C8,0.060783583448995746
CC_447BAD4F7820,0.8168368159212324
CC_447D02F917B5,0.05680121642387628
CC_447E705746E2,0.15237353783636837
CC_44A017104F93,0.6463353767562766
CC_44A1E58CDBC0,0.047990510826424436
CC_44ABCC04C418,0.07601532788508138
CC_44BF6BCCFC2E,0.04656427187165577
CC_44D0671A3B87,0.1311371781186852
CC_44DBEE3A7D81,0.1914749193119888
CC_44F7DD6A88A1,0.22552848873261222
CC_45080C42280D,0.1939070610855772
CC_4524AD74135F,0.4515153996394971
CC_45262103231F,0.20118335132777249
CC_452D8C5D039C,0.7835738849449978
CC_452DECDBC90F,0.06855231793555613
CC_453C9B3A5992,0.4853159462189117
CC_4542AACA1FE4,0.10969924824937433
CC_455209549D3B,0.7798064757106329
CC_4555C804C4D0,0.06586357930493386
CC_4581E4190B2E,0.10822850686421341
CC_458912F91D6F,0.4318325912754005
CC_45913E1BE65C,0.32195926066179015
CC_4594791FB40D,0.11739910692714325
CC_459B49073E2C,0.36054659065900324
CC_459EA8E0E2EF,0.13369525904671137
CC_45A4A38557E9,0.13298488532565358
CC_45ACE2B1DB6F,0.06007740916715684
CC_45C1A92F0E8D,0.09721299792801197
CC_45D0673EDD20,0.1648901883810856
CC_45D70DC84DA0,0.11103273239964127
CC_45D96479EC1E,0.060473510329183015
CC_45E8597BF74E,0.06413462564299693
CC_45E97246F83A,0.28444962987484257
CC_45EC44761309,0.13673648692144544
CC_4603A6F83E2A,0.05887297858549747
CC_46045CEE8330,0.059400052011177075
CC_464E17187A4E,0.4116701793651951
CC_4659FB4B8536,0.14552509475158518
CC_465EF4F9B68F,0.15407928369745783
CC_4663FDE62E3A,0.27749591771101334
CC_466D54BE0809,0.0767623929585619
CC_466ED9BD34B5,0.07326011574358693
CC_466F7908E13D,0.20547934395034922
CC_4695A5525A11,0.1809746159787946
CC_46BBB8A4854A,0.052578415483600704
CC_46BC61EC8F2E,0.20113016379405696
CC_46C0DFA660B0,0.12447748013488305
CC_46C2DCF84CA0,0.10844697917189583
CC_46C38B9F0D8E,0.0988989397054167
CC_46CAB9AE7C87,0.5388240208695094
CC_46D0D1ADEA59,0.18093868514260572
CC_46DFC1AA0821,0.7743568906399925
CC_46ECA5976180,0.12407008613316442
CC_46F5F6D27991,0.09029079817021533
CC_46FE9F226120,0.22879457207787535
CC_47130CC63FC5,0.18197690350545387
CC_472330768F5F,0.08757818878565028
CC_47292EBB8BD1,0.12540680541310045
CC_4734AB1281DA,0.062198306432463706
CC_473989E6BA47,0.2770024316566446
CC_473AE07014DC,0.16530762427601214
CC_4741EF45C3DB,0.22261264055133057
CC_474586BE49EB,0.14484896699755523
CC_47490BF44944,0.32103793324475477
CC_477213DAED38,0.08156930952230866
CC_4778086276B7,0.15605960780604114
CC_47910B073CF3,0.16865459799277957
CC_47939776FDF6,0.7120207614394819
CC_4796F6A64420,0.06542020237453341
CC_4798549B52ED,0.3077063473934591
CC_47A3714E7D2E,0.30399094274013966
CC_47CE219EBAAD,0.16869455932787603
CC_47CF9074E03E,0.1667576697506949
CC_47E4537A53FD,0.1488737571590588
CC_47E8BC938FA1,0.14156193994374994
CC_47F134D17818,0.13497923812792734
CC_4812FBE05C7C,0.3527291744515681
CC_48152725FAB1,0.5339727739862562
CC_482256495FAD,0.6727291396513299
CC_4829FF15D21E,0.13941554054529887
CC_482D26D81935,0.6333152904119397
CC_4838990A8D02,0.055272236757562744
CC_4862EA9CD1DD,0.05011395337476882
CC_4862F8C1B0AC,0.08772996005292723
CC_486CD67D26CF,0.17238126688664648
CC_486D8F9AE549,0.33572715713733736
CC_4877D1BDB737,0.12109342070017073
CC_4885E34F0B26,0.1290843793579009
CC_48928CA8082E,0.1574303875917004
CC_48A74FF0E6C5,0.08666861963793898
CC_48E0791DDD62,0.06937465333923316
CC_48F620B6A472,0.1064330632883162
CC_48FDBB1D7493,0.1341148870035665
CC_4910EC928152,0.1364518530673074
CC_491C18C17767,0.05971806150534431
CC_492F65EF8D9D,0.7821236001226517
CC_493DDD53B97E,0.055595960241728026
CC_495F82AA5B9B,0.16455767357753426
CC_49618412FF86,0.07980225024365963
CC_496A7CFA344D,0.7580432361471632
CC_4983EBABAE3F,0.06653258586843955
CC_4992C1915957,0.552936039403952
CC_4993B31028A7,0.08414095738607463
CC_49945441A644,0.17766740735506212
CC_49A80692BC68,0.11329223289584094
CC_49AB67613A58,0.1697611582800301
CC_49B05CADDD95,0.5657532027271296
CC_49C6F9AD111E,0.08529715980998669
CC_49CEB94F0B3B,0.04363687670780068
CC_49D3A79B55CD,0.07770778348922464
CC_49D6671DAE8E,0.11927464551915945
CC_49E6C539B1CF,0.05902029176564359
CC_49EEDF0DA684,0.0323460855990574
CC_49FC290E33A7,0.19119581499231364
CC_4A01CF2F67D2,0.7292965434603944
CC_4A16DC668832,0.5335551028722038
CC_4A212461781C,0.0706337291544957
CC_4A237A8E6706,0.14533969635999486
CC_4A3DFA0E27A4,0.13422568262071485
CC_4A513D39DCE3,0.04705065920743776
CC_4A532B0E6165,0.1717076615818594
CC_4A5FA9F1C804,0.10171467651372401
CC_4A7BDEC665FF,0.05606597964253757
CC_4A7FC9B23222,0.34007429804521583
CC_4A8A7080FA25,0.2637376811220695
CC_4A8EFD589879,0.06072688904581045
CC_4A8F7D2B857C,0.16395413636096842
CC_4A91E8D4289D,0.39599775752193
CC_4A93163A12F4,0.31486156253453856
CC_4A9FEF48EA65,0.1164432227749109
CC_4AA73D751AA5,0.3161043466410125
CC_4AAED0C85F70,0.14218930208935396
CC_4AB1DEF044AA,0.04083069773190437
CC_4AB5AE299217,0.21716317656193618
CC_4ABA0CDC2270,0.180536775045556
CC_4ACFFC2F295F,0.5989288611689201
CC_4B0490BAB1B9,0.07386144265774133
CC_4B28B03CEFEA,0.08999275366236946
CC_4B420765EB9A,0.11692712766025146
CC_4B47C16D9867,0.1197316522661377
CC_4B494C4D7D03,0.42851861225462284
CC_4B4C84B015C2,0.04059719319276942
CC_4B607295E983,0.04420169781090463
CC_4B6D24E81483,0.06263118783665553
CC_4B77AF6FAF2B,0.6559516014182858
CC_4B7EC3F2FFBA,0.060468795732579184
CC_4B85318DFA50,0.1259689668923977
CC_4B9B36B36DA5,0.7447152551150472
CC_4B9E0AD5D692,0.5494284941353227
CC_4BA041C9678C,0.1201943826357347
CC_4BB40F2129A6,0.11395667413458216
CC_4BB8FD274E2A,0.05378168320778307
CC_4BBB8118FBBB,0.1487730357166262
CC_4BC8CB91719F,0.13199326585610005
CC_4BE447D54BB8,0.1761186791190218
CC_4BE85B1BDB62,0.32956383218480617
CC_4BEF3C7F6395,0.2601344115701683
CC_4BF03FF61B97,0.4321820417842218
CC_4BF4C38EAE8D,0.23081338514756458
CC_4BF95B8140C8,0.09414404072245831
CC_4BFE0CB61B5A,0.41950489852660405
CC_4C2A3F254101,0.36506741961489086
CC_4C351DEB6230,0.23774704962433543
CC_4C38031A2A9E,0.10074221032939826
CC_4C3E35875F03,0.09978076010235172
CC_4C4D79F933B2,0.11211833721989276
CC_4C56497F4AB0,0.6462553542025457
CC_4C827B493CFD,0.17886395453146928
CC_4C849C6073AF,0.13024339911700739
CC_4C869E6F618A,0.14076967270981655
CC_4CA21C15763D,0.13000984710573202
CC_4CB2F1CAE684,0.114617219055875
CC_4CC0265E0778,0.05056462258990211
CC_4CC5483903E9,0.5463534273843375
CC_4CD7C76FE235,0.4385861338623878
CC_4CE2BFED4F4C,0.08348869895284446
CC_4CE751CB58FA,0.41256328411258464
CC_4CF3E184C500,0.041879623465822476
CC_4CF668E60D64,0.24094025216620918
CC_4D1A1AF53E18,0.039900795990399626
CC_4D29155FCF33,0.2288732168434261
CC_4D2CC7618AC2,0.5623347498350304
CC_4D350FF7402B,0.33745120693386427
CC_4D38AE84E3CB,0.18233522669809665
CC_4D4140E1056D,0.08745038110824674
CC_4D5545FAB130,0.5509062071312955
CC_4D55E218946E,0.08213021210535895
CC_4D5E14BD6AFA,0.0970235570421272
CC_4D78935D66E9,0.0626244262773982
CC_4D883AAAC6C9,0.030294796673694977
CC_4D8D8108C51E,0.6097503351574439
CC_4DB40331777A,0.7974608993184166
CC_4DBC8652D26F,0.09493018735974947
CC_4DC0E154EBB0,0.693191727609443
CC_4DD5B8780C4C,0.10346775025748209
CC_4DE0070FF683,0.11725527692336381
CC_4DE688CDBC27,0.09183735140188083
CC_4DF37857FCEF,0.06271399710866582
CC_4E20F0249BC6,0.7484132903906915
CC_4E2F01B7B9EE,0.16440799496851033
CC_4E41C247B4E5,0.1458825531642373
CC_4E479F6989A1,0.06640439573167221
CC_4E48AF17BC29,0.08107634145841194
CC_4E6BE67E3C4F,0.042014074610860916
CC_4E70939C5933,0.4818434916770363
CC_4E70FB172717,0.18698394471031243
CC_4E726EE8C026,0.21426581020700117
CC_4E76F48DFDEF,0.09650699541194305
CC_4EA180B2B913,0.035410740420349335
CC_4EA67A160C3E,0.6060221501985815
CC_4EE41FC91AD2,0.20946213003247538
CC_4EFECC6C2E36,0.6460720918617127
CC_4F22CB97C34F,0.0388809820468796
CC_4F2444DC6C75,0.7847081813461372
CC_4F2B7F512DD5,0.07291038679920493
CC_4F504A9744FB,0.11554682367355534
CC_4F6FEE589187,0.15555769364133262
CC_4F71AAF96C32,0.09340491142045514
CC_4F76E57C55EF,0.39500339187768696
CC_4F88D3E5AA2E,0.03808503409606035
CC_4F8A4384F6DE,0.13827841034185784
CC_4F8D83DCCF25,0.22172066516571082
CC_4F956AA47816,0.697659550265651
CC_4F99FCEA10E8,0.1134494495193715
CC_4F9F10A183F6,0.07652610656234715
CC_4FA766935F14,0.12650552195700765
CC_4FB0B9E398F2,0.3202025674867629
CC_4FD0DF6CA3AA,0.045382597686105024
CC_4FD902F7ADEC,0.08258705110114341
CC_4FF1155E3A6B,0.42608744770227003
CC_50103368F241,0.08670787610407696
CC_5012B9991935,0.10367929991553201
CC_50172FF2C2C1,0.1378322977500921
CC_5017C9BA7773,0.05332978890734623
CC_502C3D0EC4CA,0.12731726611708882
CC_504157951119,0.04877685212081818
CC_5042938B5A9A,0.4426317412871572
CC_504A57293FE4,0.7991123022137194
CC_505812CFE43B,0.36311895081345696
CC_505A6EB06E39,0.3212461218171283
CC_5064CCE0EF29,0.2224271805644007
CC_507BDF639FB5,0.17910807477026425
CC_507E53684AB6,0.14378004694726262
CC_5087A0D1765D,0.23481255220853514
CC_509229AEC221,0.20154602147726813
CC_5092D3A72B03,0.24832721545333858
CC_5092DF691F74,0.47362356172821435
CC_5094BB59416F,0.20965794440010116
CC_509926B384D8,0.7559820584681198
CC_50A6C96DA7D3,0.04790993400487083
CC_50AE75A10F3B,0.31269971491216847
CC_50D4BB93EB1A,0.07020088467166632
CC_50DF7B02E356,0.2060172861877982
CC_50EB53CFE7F8,0.05455346781919074
CC_50FC7D563CE4,0.1726504415078715
CC_5100E6EAA3FF,0.18440216892178699
CC_510F2944B2A0,0.13585636490450023
CC_5128881AAD54,0.15133824270581075
CC_5138941DB7A2,0.13037329412411008
CC_5139EF8BEAFB,0.13921262142061425
CC_513E5EEC6B04,0.11790035955959785
CC_51427EF15375,0.28743405788039506
CC_5147B281DA64,0.3991644871825454
CC_515D968ED36E,0.08122101749466859
CC_5176FF858154,0.1088546056003069
CC_517CB40FB016,0.07745156056073202
CC_51884D5F3E4D,0.10492955323093897
CC_51AE98263438,0.139590005057188
CC_51C9CE782368,0.18776168246587424
CC_51CC80D1570F,0.052871895905803754
CC_51D2E3476902,0.06506928435507668
CC_51E05E706D64,0.12715839517682184
CC_51E5A5E9801C,0.05329618914489799
CC_51F5DA44F9A0,0.3745377761970581
CC_51F6BDD355F4,0.04770973533458246
CC_51FE657FE212,0.0827038830176344
CC_520950C9BAA3,0.05753577408008774
CC_520B1D31AB99,0.12180398653682972
CC_522550E1761D,0.7599910742961022
CC_524CD519E76B,0.09137784963787615
CC_524FE9E3DAD3,0.43740402738411704
CC_52629A025048,0.12224469471090638
CC_526765FC100C,0.23192295067060606
CC_526E56249FFA,0.30003325288882293
CC_528B42A34966,0.2709183079636138
CC_5292B36E4882,0.24165709026507437
CC_529A2F110236,0.13346272501643783
CC_529BC4ADAD6A,0.20755704968215605
CC_52C1C5A6F887,0.08997626952188215
CC_52C3B674FDFD,0.22868414135666554
CC_52CCBB8F9964,0.08616932317444273
CC_52D21FFA24DE,0.7369236305647416
CC_52D32EDBAA78,0.19611058669826098
CC_52D7821A8363,0.1281762445576367
CC_52D9087EBCD6,0.8002389029120706
CC_52DD62E1AC2E,0.20388289097726886
CC_52E8B04F0FA0,0.14310700102812798
CC_52E965E9E2C3,0.14872208671448414
CC_530BA492842A,0.2990573294864611
CC_530F6E906D6B,0.04230757487638964
CC_531FCFBE3B13,0.09180611931447605
CC_5320DFEAD897,0.1794703186144272
CC_53319AE7B829,0.6430492898383787
CC_53481151859F,0.04284248925253979
CC_534D4FC05F82,0.1791897293833566
CC_53687DA8C9E5,0.3462010441695983
CC_53795A7B7751,0.0505633849462932
CC_538328A6B3BA,0.46597362181579405
CC_5385266461B1,0.1884015462499441
CC_53891CB35BF8,0.15353251649324004
CC_53A6E1083B13,0.06740059731647086
CC_53A77DA726A4,0.06938840090948163
CC_53ADBC2F6E34,0.2377193201320713
CC_53B249809561,0.09617771828689589
CC_53B2DF5B019C,0.054120232707224304
CC_53C1F3E031A3,0.16893963619536823
CC_53CBF2E8AD05,0.40685157229236046
CC_53D04793ED9D,0.07673860071874428
CC_53E23A9B6F74,0.061849124611353334
CC_53EB59C99100,0.43278260998131346
CC_53EB9AC04311,0.11388117342873513
CC_53EC732C9B30,0.030546280075678577
CC_540122E71534,0.12973550353917668
CC_5405C89DF8BD,0.6912148739741002
CC_540D69F5BA23,0.13460551389770084
CC_5414446319CC,0.6887880866119364
CC_5418410F95A2,0.08431537294163524
CC_5431A01C30E4,0.08081485367990482
CC_5452437FC605,0.38578508827176605
CC_5452979BF98D,0.062063466309894094
CC_546EE83F84A4,0.5090114298267726
CC_5473268241FC,0.1598149946963031
CC_5474EE64D859,0.27296254626540056
CC_5476E2B2FCA0,0.1357640390731111
CC_54892024F98D,0.20083172241238945
CC_54B33C66DCF7,0.09165722895423556
CC_54CF66B660B4,0.4524522876201225
CC_54D3A35EC69F,0.06741794389723973
CC_54D6AE2665AA,0.1115515056052393
CC_54D93974E62F,0.3244433955225049
CC_54F5F552A0F2,0.12340140912938125
CC_54FC3B361BDA,0.09702785976590451
CC_550135E8FAC6,0.138996309351893
CC_55020AD0D117,0.1480038934614779
CC_55094AF7EFEF,0.10424712172377656
CC_55126E23462E,0.03418421604467133
CC_554C21CCAF3E,0.11844130941032235
CC_554C912C7DBE,0.06496281830728791
CC_556B02A2B401,0.2620909481619734
CC_557A0B0CD0F4,0.1777323597379126
CC_559A14E729EB,0.30893227897535436
CC_559F0DD4E4A7,0.32397329325464946
CC_55A82B4E57F6,0.1397711048986437
CC_55A98ABE4C75,0.1337387884161708
CC_55A9D45EA466,0.03983130517346146
CC_55CB872FF50B,0.2580046423481892
CC_55D9E3D58435,0.18251977033326983
CC_55DFF3C3BB46,0.07979867803390107
CC_55EDC3996984,0.1613360443512435
CC_56013299D8C5,0.09761872598627669
CC_560B519C1F50,0.08269511594049334
CC_560CABF0F5D0,0.2204737383759837
CC_56178AD87948,0.24393629104324793
CC_5619A7BB54EA,0.11620057917630715
CC_5624319D7B28,0.10693510287638366
CC_5625119D6C37,0.21049779311908426
CC_562BE7245E1B,0.6923074698004423
CC_563684010DF5,0.5760237107184311
CC_563EA9A29338,0.1095968744265368
CC_564590AFB575,0.03491698316459983
CC_565E01191BF6,0.5857496828417916
CC_56612A039382,0.06633468741440564
CC_5665FB827721,0.5737189603553623
CC_566932C3CC97,0.09982720224438373
CC_5671D59B2A51,0.12410119365320801
CC_567E7DD24A97,0.09107633560097092
CC_567F47F37683,0.037518084148536815
CC_56847A91065C,0.10066467919133804
CC_5698480F8634,0.05701030508032609
CC_5698B024CECC,0.5950278174706465
CC_569DC051A2EA,0.1100214195268487
CC_56A322152604,0.31645504673662644
CC_56BFD9A8335D,0.33895343684933066
CC_56C9379BADB6,0.03396409655556538
CC_56D410FD8F56,0.3803428426059945
CC_56D4549919EA,0.17737353272824818
CC_56D918CA6353,0.12744066274073457
CC_56DB30CE666D,0.18159405764091147
CC_56E760C3206D,0.2518805747903521
CC_56F73F905615,0.8081577745332084
CC_570683C088DB,0.15302190470686064
CC_571C6AFD00ED,0.35108056231717094
CC_5725663C3B89,0.1212798637908655
CC_57291D7667C8,0.15166956085191197
CC_57313F6E7927,0.1847382688394032
CC_5735F9B859AF,0.6174487790843153
CC_573B34826B2B,0.6327764623911473
CC_5744447CAF7A,0.06585913422740493
CC_574CC0FC7B05,0.10401137462088417
CC_5759E2982909,0.06689280910171416
CC_575CCCCDD7B6,0.6290721047251802
CC_57603A37D19F,0.039805957086774424
CC_57639D4995CF,0.21307833251717978
CC_576E6676FD55,0.0652799446025038
CC_5775C148E05C,0.12162450041017553
CC_5798E560E9F3,0.7649943687469475
CC_57A486F61065,0.572994391742568
CC_57A726458B99,0.05950182461248353
CC_57B0D41BD7D3,0.34577527206610215
CC_57B501E60C35,0.07727906007791939
CC_57CA90509CB1,0.733908504621422
CC_57CB7673547B,0.064742286397095
CC_57DE479CB61A,0.727653025505892
CC_57E7F1A6B895,0.032291418221407256
CC_57F13C4115FA,0.3411382918777185
CC_57F480CA9A42,0.08238836271580524
CC_57FDFC6DE726,0.28374315851784077
CC_5810468B76BE,0.14456342701521852
CC_5810F212B2EE,0.3228520092470679
CC_5817759E7007,0.14022295327087417
CC_5818B5089B3C,0.1049294508260285
CC_582C78363EB6,0.09172311408067607
CC_58391600720C,0.1306382261626831
CC_583D7B177F85,0.08182240161310939
CC_584C11014F63,0.13878537434658414
CC_584CDC12578D,0.058898227144033796
CC_5852F443C55D,0.07856742296653792
CC_58565AF0F70A,0.5463216983215261
CC_58568DF9AECF,0.1787314586580323
CC_5859EE6309D5,0.468857788076543
CC_5872B45E1C19,0.7479389516259372
CC_58797A417EEA,0.21008464262532023
CC_587A4844B482,0.21667792868434765
CC_587C0CC3DD82,0.6485485418972449
CC_5881A04052CE,0.09209292863552598
CC_589A4E02EF81,0.14108684184591636
CC_58AB46E5655E,0.14652714583181853
CC_58B0CFC9F3D2,0.05812191957124985
CC_58BEFDA6B4C6,0.12188943563582458
CC_58D95C7247D5,0.0508091133905476
CC_58DBF3409D48,0.061496899064550054
CC_58E35A47B880,0.16164872190149843
CC_58E40EFF57CF,0.40085945917522453
CC_58F551219BD6,0.043918093357306925
CC_58FA76C6C45C,0.5731394636597338
CC_59018149723B,0.057424763112343964
CC_5904459ACECB,0.7702793929451366
CC_59088B2886E8,0.03714174227246426
CC_590D2E0AD18E,0.5937351268545646
CC_59146CA05E8C,0.06311462951558547
CC_592592397DC2,0.5199724164406847
CC_5926F5B4E054,0.16556605870598454
CC_592A5A163624,0.3274161947744567
CC_5941C323917F,0.07432875475533243
CC_594E4E86A1C6,0.2173041242048081
CC_595ADAA76A32,0.08577721344539493
CC_596A20270C3D,0.16369392843255448
CC_5970E93E11DF,0.2524831803262659
CC_597AD111527C,0.11978250131754861
CC_597FDFFA265C,0.09518608696328096
CC_599C287D2BAA,0.39095805009647383
CC_599E345094D2,0.13802666009221973
CC_59A4741B5A92,0.177155553822271
CC_59BB3A5BA2A3,0.5417412582544068
CC_59BFD1200F6B,0.17910035784496167
CC_59C07CCAF4E0,0.22057845179456487
CC_59C49474B501,0.13506432782425024
CC_59CFBC2CA471,0.5657805760344727
CC_59D62BE0C0C6,0.0958643221434058
CC_59D86F572716,0.12030956741646684
CC_59DF71FBA4B0,0.04444540672694544
CC_59ECB7465DCD,0.06103926776733823
CC_59ED43A803B3,0.03355308401914035
CC_59F5E81F4EA0,0.15148543436708078
CC_5A10371BE7B1,0.7926195209636118
CC_5A2F9A594A05,0.5685624594121377
CC_5A38E46246FC,0.4142662737074447
CC_5A3F52B0A07B,0.21156675073919393
CC_5A5507A49F6D,0.09515068247164155
CC_5A58A5E6DE82,0.1019678716956655
CC_5A5BB6DC1018,0.18551453671807638
CC_5A5C0DF50E01,0.12333681014638245
CC_5A633C535360,0.09950510304204183
CC_5A67E62D8D5E,0.6220866633982431
CC_5A6BA0007593,0.11991149545700336
CC_5A7513434C72,0.03542353529299527
CC_5A756D8AE60D,0.23317629767401551
CC_5A7C13841B7A,0.6341614346066153
CC_5A7CBB6E8716,0.22907420703482018
CC_5A83A1E25A2B,0.3368720430973786
CC_5A86EB53A14D,0.7314539883382358
CC_5A89E13CE597,0.14965364446766427
CC_5A9466D0CF9F,0.11181935755608824
CC_5A95331BD0C5,0.11569371445642614
CC_5A9F63C3E428,0.06936939782208859
CC_5ABC76FF707A,0.05493715652903043
CC_5AD0F1B43457,0.11038033667030067
CC_5AD82250C271,0.036853696526905476
CC_5ADD27165E38,0.7052724329350506
CC_5AF32E5C8018,0.03763612103026207
CC_5AF3690FA0B0,0.19049753928215313
CC_5AFDFAA63B45,0.1500120780187687
CC_5B025DA26FE6,0.04997917748111945
CC_5B07C7DE7E7E,0.22227765444825864
CC_5B08171A6880,0.17439502095567844
CC_5B09FB1A0BE2,0.07173821671157825
CC_5B0D6BA12702,0.44733236085174355
CC_5B0EF2D4C3CC,0.17030928022155384
CC_5B195D88C182,0.3757495652613472
CC_5B1F6FE71A38,0.05733999913307204
CC_5B247961602E,0.05825065611336734
CC_5B276421F4CD,0.042449556184144165
CC_5B289AFA1662,0.2436286674090961
CC_5B3A16421A31,0.05282584711842923
CC_5B3E78897EB7,0.07008371946469494
CC_5B480B44A9B1,0.12111101515745804
CC_5B546C3A21F8,0.17793949615287902
CC_5B5BC4023EE7,0.15994437302789785
CC_5B6D63DD34B7,0.09249496472017817
CC_5B6E868912E6,0.054626010798892385
CC_5B818D2581FB,0.14173493103118945
CC_5B82E8BB921F,0.2866874152234494
CC_5B8E8DA14EE6,0.1701972804384482
CC_5B900A135A69,0.08473004298459433
CC_5BB64BDF3C99,0.10566537195926581
CC_5BCB2C79D1CA,0.22829005433191674
CC_5C072DB8586F,0.058178552479189724
CC_5C0BEC2A0850,0.06173765023046746
CC_5C24010127D1,0.3475196256587498
CC_5C2DAF5E0EB7,0.41660807915325015
CC_5C3E8DB90978,0.11889957931341212
CC_5C4A7CE69975,0.2949120402148631
CC_5C5766F933B0,0.47216978505427
CC_5C5808240054,0.09415227623395905
CC_5C5D6E15EA27,0.17923797093885843
CC_5C60C4545922,0.11529289092925461
CC_5C626D70F6D6,0.1492826287297077
CC_5C670F0622BF,0.054122680039394945
CC_5C799E57EF53,0.0603109340324975
CC_5C7B44735AF4,0.1820383458447055
CC_5C7D8DF047E9,0.17224810600971055
CC_5C80F394EFC3,0.12681297547228015
CC_5C99E6189441,0.10478314495913782
CC_5CA9AB4A6AB4,0.11755024756492052
CC_5CB78ADD2432,0.1397121686267307
CC_5CDE37CE08CF,0.04507938207903192
CC_5CE258D12432,0.3374636922511526
CC_5CEEF006ABF9,0.06054794636772115
CC_5CFD2850E277,0.23236457499477198
CC_5D01F71B9FAD,0.11046044810858799
CC_5D065A455A45,0.20528133941741247
CC_5D0AA7D4954A,0.22822004905553897
CC_5D242448B812,0.11810839120289132
CC_5D2C5115BDD2,0.19131256234952873
CC_5D3273E039AF,0.6659091874336278
CC_5D398BB3365B,0.06833061945682306
CC_5D3C1CE64952,0.07375313252228524
CC_5D4B0EBB5CD6,0.1282319013371139
CC_5D5E897588D3,0.09560217842978809
CC_5D65F25FFB8D,0.044064069548
CC_5D665A86C465,0.11531033656345716
CC_5D80C353E475,0.10656019102299533
CC_5D8895A0AB4C,0.1786683936213
CC_5D88A673BF50,0.2078239241752071
CC_5D89688B69A9,0.38757610698639533
CC_5D8AC8E18A8E,0.0709387541935304
CC_5D8E7DC2FA6A,0.5642045932608538
CC_5DA29AD9E85E,0.05075769359442192
CC_5DB286EAC626,0.2849500568545987
CC_5DBC1BB95B84,0.7896599375050382
CC_5DC0A465470D,0.04765928312096007
CC_5DF82CB03C3F,0.11277905396006674
CC_5E001C93F359,0.06021137315791406
CC_5E029094A55C,0.6633509321509499
CC_5E0808121A65,0.13805885912427168
CC_5E1117E4E593,0.13140393934127184
CC_5E1541060A97,0.7148227860757848
CC_5E1C11540C0B,0.10902778776083999
CC_5E1DC0E143F2,0.17800682159533796
CC_5E206AC277E4,0.24916795550328216
CC_5E22B4BC8B12,0.08882089893264958
CC_5E22D889B6BF,0.13127079580325932
CC_5E38425EC99F,0.7061100051139154
CC_5E3A70C2077A,0.15773476278480714
CC_5E5607D275CA,0.131654432027095
CC_5E73C3D2B3EE,0.16513279339323378
CC_5E7F23A07A71,0.09259772555817392
CC_5E80A96974B8,0.22550077020153925
CC_5E8C0453B9B8,0.269633941049163
CC_5EA599FBA5E0,0.5348726817819736
CC_5EB379BA6C7A,0.11900487236520015
CC_5EBB96F65AFE,0.4058688317476793
CC_5EC41568C2E1,0.09559712660260242
CC_5EDB5C924107,0.28838620896634887
CC_5EEE5D0FF8D3,0.1979054450977153
CC_5EEF07FFC243,0.06399320614650852
CC_5EEFD690759A,0.08688870073318292
CC_5EF2176F01D5,0.1082515096004418
CC_5F17CA33D26B,0.06894013106088659
CC_5F20750D6658,0.18389180367787317
CC_5F2CE32A6EC3,0.11751759511195678
CC_5F328EE757B6,0.04508459137221709
CC_5F35B8D87D06,0.22709648492508175
CC_5F390BA40E83,0.6941839522602179
CC_5F59092CA9B2,0.10408792385277486
CC_5F5916E96E19,0.1566258114497447
CC_5F5E835B9E6E,0.08295584259820901
CC_5F648D39D67F,0.5650944323090097
CC_5F6D4104C808,0.1679018830022908
CC_5F72EBE104D4,0.029792026433325215
CC_5F765C41F051,0.055889107447389126
CC_5F8859A6F0DB,0.02788619062786392
CC_5F88ACC7C384,0.11872903461453561
CC_5F89DFA97B7C,0.5418323463358161
CC_5F93A3E31DD6,0.5966353624501727
CC_5F9A44423DD4,0.14532754376561563
CC_5FAA7965BD71,0.12355388963525235
CC_5FAFA265CA02,0.34936669260501996
CC_5FBE1A34704F,0.17453760436610977
CC_5FCAA919577A,0.2006771799512519
CC_5FCD208ADD77,0.18627959656940685
CC_5FECD2BB0094,0.08742315227674079
CC_5FFDE52E6B7A,0.08466449038662599
CC_6002BFD3F26A,0.14477945352492078
CC_600311592F72,0.05535368928030138
CC_600AE12112D6,0.272506584764702
CC_601C3178E38D,0.17267249112960248
CC_6037EEA42F2C,0.37022486922630626
CC_604C08F76272,0.668964406486426
CC_604C72AC662C,0.15390049428157299
CC_60510AFA8A87,0.1675823071224874
CC_605E2E26E52A,0.1983909600796262
CC_605E3904CD8E,0.15491055308859447
CC_60611B935106,0.14799032891199482
CC_6061787228F8,0.13252791003398376
CC_607270A72DFD,0.24179818612282222
CC_60738E418DB3,0.1288378521685744
CC_60961DF8A134,0.11486958654206636
CC_609B7A7FA165,0.07509767630915276
CC_60AC5C892D01,0.09272102980456386
CC_60C09FF84412,0.17097250468338968
CC_60C87349D73D,0.31866187843677274
CC_60DA2FBF1FBF,0.11418385178752752
CC_60DA539A39FD,0.1778797509419658
CC_60E974A0B278,0.06719375241999988
CC_60EF7D647EFC,0.05180553754647067
CC_60F525A39898,0.027699255018139496
CC_610009B69EBA,0.6781044478867142
CC_610FDDF5FE54,0.15208538581341288
CC_612C06CB5FF4,0.10192094281088043
CC_61307D82CC26,0.6690882556178281
CC_615030FD33CC,0.7094619101401178
CC_61649241FE59,0.16896722673611392
CC_6170051A606A,0.15465981254921288
CC_6179A630658E,0.07577909828091106
CC_617BD59427E7,0.1011155049417186
CC_617EC8BD5153,0.21213319414776532
CC_6191E14D21BE,0.056940665809997376
CC_61A798B8D222,0.04064013853399645
CC_61B4A983D1A1,0.07045520535887992
CC_61C9732AA682,0.7103830867596777
CC_61DC64E37471,0.05222649253936744
CC_61EAF14033DB,0.12007881606308024
CC_61F18E0C218F,0.07193905560608113
CC_61F1A1263F5B,0.16249146762287198
CC_6209EA426553,0.04659683199776231
CC_622BD8CB3807,0.3034824488796318
CC_6234A9617A7F,0.09972342118055302
CC_623AC074EB25,0.1886383138472731
CC_623FAACE8A80,0.05548843461014706
CC_6244E2935407,0.24034677364112228
CC_624535E11F69,0.053873878616845346
CC_624EA2917CDD,0.6913425035452653
CC_62565D08DDDD,0.7762091057470024
CC_6268ACD3F95B,0.5222210795435861
CC_626B61F4789A,0.6108815850381855
CC_629193C2A090,0.23998711899500585
CC_62933641AC43,0.27933811809887776
CC_629480877536,0.346792576484099
CC_629CB045D9FE,0.0924688258609782
CC_62A84BC400F0,0.2840260029268858
CC_62C36DF81797,0.17546372638178437
CC_62CC835CAE4A,0.6101479853989047
CC_62D4192F126E,0.7309581007960296
CC_62D7A3C9483D,0.06357776498561248
CC_62DF1B99B4DA,0.08518728912152916
CC_62ED7BA3E620,0.03972389942173071
CC_62FC001AFC78,0.08530687733230088
CC_630412B4AFDA,0.16881236472543742
CC_630903AD39C1,0.04027619089355722
CC_630938DCC1B5,0.0552142254339868
CC_630ACED773E9,0.4687126574783782
CC_631E1690D913,0.07160487140980304
CC_633A7C7FC25F,0.2415532968293448
CC_6342051D8FEA,0.23345204963954702
CC_634CE4E8AE49,0.16075113584369125
CC_6359692F5EF6,0.13594071884777614
CC_637278423A6D,0.23252433110779308
CC_6377AB848081,0.1069001191032932
CC_6381A65E0A3D,0.09511305380704148
CC_63871B4814E2,0.11830402188730518
CC_638AD269F05C,0.0262412758736468
CC_6391AE0FB83F,0.1509215893088719
CC_639703EE2ABD,0.039355978418622234
CC_639750C87A7A,0.7440453895065113
CC_639B1DCECD2F,0.17793522489927185
CC_63A869443AC0,0.43693455926044394
CC_63CCEE26BCAE,0.05025138448612121
CC_63D51CECB6D2,0.25582116437466407
CC_63E53402FC02,0.03307582721168185
CC_63FC6895901C,0.15467587860292764
CC_63FC8A97D9C1,0.11730683540976997
CC_64117B93EF73,0.34811870858529886
CC_642D9C325F1D,0.29130624392214527
CC_6436B950E22B,0.19229206051635656
CC_6445BD3DDB6E,0.032721100730697464
CC_645C15569E42,0.11374803379671142
CC_646472AD66EF,0.09214664965656871
CC_646B8254357E,0.1456377951103839
CC_647F4BB4983D,0.6863204958792528
CC_6489ECEEFD0E,0.1010152620651607
CC_64946E57306A,0.03399673868190923
CC_64976830B0B7,0.34348317128568456
CC_64BA10F3FAA1,0.08924917207587932
CC_64BA39A0DFC6,0.08476153905471548
CC_64CF9A79EBFC,0.09882557689965366
CC_64F0E0473D1E,0.08837091725993974
CC_65006C2AB2D4,0.7586923586842251
CC_6500BD19FA06,0.31416922679102094
CC_6504DCAA90E1,0.09335252328955163
CC_6509C7361994,0.1720878595043927
CC_651486189673,0.08219148218678726
CC_65194BAE506A,0.18285847801664323
CC_652539353439,0.1863850765652008
CC_653CE5FA5A76,0.3002997284732229
CC_6560C2F4EDA4,0.19509081302131526
CC_656137F98187,0.6351210870636361
CC_6575B4B39113,0.042338512343464633
CC_657F629D31E2,0.22554104274342268
CC_6580B7583ADE,0.21621505822862067
CC_658477BA75D6,0.04565379169693802
CC_658B7867BE7C,0.1020467121631077
CC_6593FE5349F2,0.0894453021461062
CC_659EE0F05A75,0.36234093075467955
CC_65A0D8134410,0.22578257509047145
CC_65ADD5A19F64,0.10156429788552032
CC_65C3F0F73BB1,0.08756512777674619
CC_65C47521C285,0.038547726092618806
CC_65C4EE0B737C,0.22754513251675967
CC_65CB68404333,0.18930239780169988
CC_65D6DFF1B766,0.11214518072121063
CC_65F1545C35E1,0.22831423624710562
CC_6602547E2FCF,0.21784973147031728
CC_6615D7044816,0.2861134035196495
CC_66244D4B72EA,0.10548100628638041
CC_662E5AAE07A8,0.04405294930797964
CC_66322B339E84,0.040944509117749335
CC_6634FD4B1CD5,0.7625125101849161
CC_663DCEF4923E,0.19360591390253212
CC_663FE5BF918D,0.41455808325697807
CC_6645798E740D,0.07166662932774392
CC_6649736C8321,0.7752970421143719
CC_664E1026C4D9,0.25506840424824784
CC_665603C4A33B,0.06962052608910042
CC_665BDD9C8039,0.37379589241254924
CC_665F2AD58363,0.20216254352883814
CC_666767444BC3,0.22713279784049495
CC_666C0A2A8674,0.051981230244493803
CC_666F2BCDC7D7,0.17819885679591113
CC_66775178B226,0.05113900013038311
CC_667B6F8C846A,0.6075349053810226
CC_667E909835A4,0.2194528160187016
CC_66809C278FCC,0.1730005871574246
CC_669CCC44CFCD,0.06731280527084642
CC_66B0BD3F6516,0.330352593049412
CC_66BF02C05DD8,0.14174983507818928
CC_66C491256BE4,0.06120170903222384
CC_66CEFA65F912,0.36058902184655584
CC_66E025DB3282,0.602827875870838
CC_66E7B423A32F,0.6645659501042279
CC_66ED26E7BAD9,0.08027833235105827
CC_66F7FF7735C3,0.18571435631801736
CC_66FD0CE6D57B,0.05621628071759707
CC_66FFFE05C2E8,0.09488161915323115
CC_6700012A39B8,0.10966239936390479
CC_670FC6A064F0,0.2139646422995493
CC_672932B65802,0.07911489226882415
CC_6742C6478F98,0.20813639896434488
CC_6745321663BF,0.057597889716083206
CC_67579CF57290,0.1363936668645957
CC_675F7483FB90,0.1871547817629357
CC_676ACFAA6131,0.6496603087306193
CC_676B423C495A,0.6088008806592375
CC_6771C0D1CB1F,0.05544536455502541
CC_677EE0369CA7,0.08703016144954306
CC_677FE35855A9,0.1782443455865011
CC_678091614A14,0.11569277543272796
CC_678A43ED0803,0.6216744724001207
CC_67955C210226,0.09003483678226404
CC_6797E0B01112,0.2223754950691929
CC_679D90941842,0.1446948005004667
CC_67C05273700B,0.1197541557446081
CC_67D5172B6450,0.16472428247639537
CC_67E8CF412D93,0.10497826299544291
CC_67F6576A6836,0.2555081564203905
CC_67F985A00A12,0.05196142873949824
CC_6801AD1D4478,0.0754864396662952
CC_6803BFA94B17,0.05149369741186066
CC_680B16E5E240,0.13680588719011808
CC_680F2D0F4F6C,0.09861439025850624
CC_68221E1393E1,0.11523539003069636
CC_6822590B968C,0.16581642792121482
CC_682D8EBCEE94,0.2106803289304558
CC_68429B4AE401,0.4052772043049577
CC_686B26BDD061,0.05518743351919905
CC_687518442359,0.4099304457283955
CC_6875DA61F422,0.2644224684058825
CC_68A3D749608C,0.18603034594851706
CC_68A9C3CE2557,0.0977346082291978
CC_68B9F8C6D9D6,0.629785437644246
CC_68BC65E3C84A,0.37753684446760105
CC_68CC4D1D898F,0.06988343324026722
CC_68D0ACBD2D0F,0.03787766223305563
CC_68DA8D5488B3,0.07170009267174553
CC_68E675A69AF3,0.17241778029273255
CC_68FC9E6FA27E,0.1926579640997804
CC_69322F7C4CE3,0.13118762276943677
CC_693710EAD59A,0.19716599362518755
CC_69387752F41F,0.537386866667801
CC_693B71DDFE67,0.15519586600831942
CC_693D4AEDA3A2,0.10999225864292708
CC_6952171BCD2D,0.14859898568281626
CC_69547DEB412A,0.2213932233486824
CC_695E80DBA42A,0.06969805035579406
CC_69717E76CFAF,0.41057740232687345
CC_69741BF89A2D,0.11871547425305101
CC_69825C70EEE9,0.19586416552996244
CC_6985C268DC74,0.46647104354141683
CC_698886C4AD90,0.13483989395203555
CC_6999901A6060,0.1499688375260043
CC_699ABD34646F,0.0864903791975155
CC_69A98DC7A907,0.06754976631551227
CC_69AA6E0DDE10,0.2657384008601158
CC_69AD5A48A78B,0.20147800861231124
CC_69BA7BFF98E2,0.1270121978648043
CC_69BBE365C097,0.05510335094996312
CC_69CD95A00D9C,0.03562840075053482
CC_69D328691680,0.08675459027914519
CC_69D39C9F36F2,0.24687804832206875
CC_69E09390CD64,0.08412266324403281
CC_69FD49E90AC9,0.32182772273778876
CC_6A099AFE73BC,0.19150200815972435
CC_6A099E6C91BA,0.36698592101388244
CC_6A19EB191A81,0.025820859689027927
CC_6A39017046FE,0.08207016595844085
CC_6A4A401F2920,0.3702739300284531
CC_6A5261180031,0.081685081090214
CC_6A7432494840,0.1802421173030443
CC_6A7963180D20,0.36366888911988543
CC_6A7D7E5F814F,0.5877202920521027
CC_6A8B8BBA749E,0.14450467503803752
CC_6A8DFDB0621D,0.13704650494156329
CC_6A93C436E2FF,0.10575157952556988
CC_6A97F81D9A0A,0.18193047077960128
CC_6A9D1622B4DE,0.3349856467349067
CC_6AA6589445C1,0.6803265638361602
CC_6AA7A87F59FD,0.15055512598353588
CC_6AADD44C0B52,0.07101134712954257
CC_6AB4A5EBA3F6,0.24511278774691778
CC_6ABA7D0ABAC5,0.1296483817333244
CC_6ACF1E52BE8E,0.13232216541593464
CC_6AD3513459CB,0.0958523276098256
CC_6AD4238EE77D,0.1939990165872977
CC_6ADD0FE5DD74,0.6303304179879105
CC_6AE2737BD3A8,0.07940000266919453
CC_6AE48C1F2448,0.14213276923612245
CC_6B00A666A420,0.6767843988056292
CC_6B07C3992304,0.06832787348621511
CC_6B0A72BBD800,0.6637864483858019
CC_6B12B975F2EC,0.28618502742908847
CC_6B12C9507F32,0.21605729591566683
CC_6B34719D93AC,0.6093536647146102
CC_6B34740DD355,0.15158459107314104
CC_6B41081727AD,0.22787687194949174
CC_6B4902892E70,0.08497666562594651
CC_6B5BC2D89077,0.7092604267566529
CC_6B65242C2CCC,0.15745017421629265
CC_6B823BACBE75,0.3286248429370521
CC_6B83E1A959C2,0.23401862910028237
CC_6B84FB3DE604,0.03338768661419986
CC_6B8AABAA752E,0.19252566059180526
CC_6B8AC0DEE990,0.3705635509101999
CC_6BA45C072D40,0.1812642832309412
CC_6BA72ECB5027,0.11929702398447863
CC_6BB560F020BD,0.076521741293255
CC_6BDF0B68C126,0.021941129213864877
CC_6BF0A9437728,0.1292436066893892
CC_6BF3B9097199,0.15921979331673855
CC_6BF7A1EF31B9,0.16039938672551685
CC_6C29DF49246A,0.07732539176491504
CC_6C3C86C2125E,0.083256944937734
CC_6C42FF6D7218,0.696986703825729
CC_6C541A482CF2,0.19315035059419927
CC_6C585A6BFE01,0.7992038223910509
CC_6C5CE36700D0,0.17361852152034024
CC_6C62C2094733,0.06911897806034868
CC_6C66539A9D02,0.275995604543852
CC_6C684505E498,0.07562456976556697
CC_6C6E40927C35,0.037204779805667165
CC_6C7736F51C12,0.6455272929308439
CC_6C781CEB6F52,0.09589362992429606
CC_6C7E39BF4744,0.1347745703056782
CC_6C9EE9BAECEE,0.07304347783125578
CC_6CA0F076091A,0.11417927295576318
CC_6CAD299645B0,0.17955441980913708
CC_6CC3C50BA394,0.12012805753896257
CC_6CC593C5385D,0.0322865185865663
CC_6CDA4B24C602,0.30013591662584294
CC_6CE31AFF7813,0.06923741824922448
CC_6CECB68DE9C1,0.31809224639940814
CC_6CECD3DBA212,0.16545667033162106
CC_6CF17D012682,0.18856283958583311
CC_6CFCDF903310,0.14031373528038601
CC_6D08B5E62654,0.09603061690567757
CC_6D0F60667273,0.27534402186561774
CC_6D127EE83945,0.04691947127547936
CC_6D134DB29068,0.4050572895134854
CC_6D141A49D94E,0.6144042035389357
CC_6D148C0A624D,0.15138885334350904
CC_6D1EFDDE2EED,0.06484393380941197
CC_6D22B938D7B9,0.0665471983321643
CC_6D27409F4956,0.08441701309780107
CC_6D2F0EBBCA4D,0.22694873431543017
CC_6D43BE30E8B8,0.25414807660138733
CC_6D4EDEAF67C7,0.1883704187348363
CC_6D72571304DC,0.5010841227683867
CC_6D7C62C7C161,0.05377310822697135
CC_6D8A18C28AF0,0.0788381660038489
CC_6D8B35007242,0.09589310303764942
CC_6D93A9E49E3B,0.17732539932667943
CC_6D9C644A082B,0.11225012595083567
CC_6D9F52BD4D0E,0.1356065639899868
CC_6DA058F9B631,0.30011232690141343
CC_6DA1F8DF9CDC,0.2219421229153007
CC_6DB000AEF16A,0.09385747995123533
CC_6DB5025899E3,0.20010892236710495
CC_6DD6FA2FA0C6,0.10705877290241325
CC_6DE4E4C1A31D,0.20053003227839267
CC_6E09CBC15C94,0.5252246378275564
CC_6E353816938F,0.05032016990970439
CC_6E3AB992A5C9,0.15507577461288582
CC_6E420A2FE490,0.14039338804473003
CC_6E46D01888D5,0.14249034551889486
CC_6E4702162475,0.05841662746535522
CC_6E548AF15091,0.24697261132766557
CC_6E5C9A2DA27E,0.03566471460385778
CC_6E610F3976CB,0.18815480584521152
CC_6E614FF9BE02,0.6214994308705042
CC_6E68D46447E2,0.10827686120426581
CC_6E712C21215D,0.03446222767013268
CC_6E84DED41B8B,0.1296308643074837
CC_6E8557E30DC9,0.609166623759474
CC_6E8963475D35,0.21253566377474947
CC_6E9880CA0BF9,0.3167269189056217
CC_6E9FCD68ED52,0.7059356337530762
CC_6EB194A93F60,0.14662106072099115
CC_6EB370F511F7,0.06126254733896427
CC_6EC722B2BC2F,0.17261078080201187
CC_6ED1B0EE4B6C,0.24043740133783711
CC_6ED65E7CABA2,0.10797795069018779
CC_6EDA84B653B8,0.379212164553444
CC_6EEE8E7C1D1C,0.18894701771780864
CC_6EF17801ADD6,0.14586961076026514
CC_6EF337CC4BA9,0.29751207269205554
CC_6EF464EC9FCF,0.1029302115306959
CC_6EF6B8AE7DCD,0.034896620832449196
CC_6EF8C59D8395,0.8322398696211992
CC_6F2146FE362E,0.058226132714282064
CC_6F2408B665A6,0.3634973707027851
CC_6F2B8E925D59,0.029274734465618485
CC_6F3034E96848,0.1389884486982031
CC_6F3559ACC2F5,0.038017929270521125
CC_6F46C5897DA8,0.4048457398540349
CC_6F49ECAE902C,0.07391073044174508
CC_6F4B818665D3,0.13130984163971687
CC_6F4E696A1F88,0.26754602066049504
CC_6F54BD66C0EA,0.16167043159044
CC_6F786C433998,0.09601624698690975
CC_6F78BF56B0C0,0.09511766321617839
CC_6F8346F138C1,0.43406776028178684
CC_6F86CFDB23D6,0.04287586788998764
CC_6F8E30AE9457,0.15200318337408258
CC_6FC25B27AC26,0.07943277170818086
CC_6FC8BE007FE9,0.14596740052129065
CC_6FC8DA40122A,0.18384117671902478
CC_6FD8BAB1DA3E,0.06280296501210392
CC_6FE4FD09A9D8,0.08080867291491897
CC_6FE78CB02174,0.03763066292991896
CC_6FEB8EDBF2A4,0.18798439212497972
CC_6FFCF2DAD0A4,0.07890671780657971
CC_7002034B0979,0.07903328623915637
CC_7006523D45E4,0.07035672545500087
CC_70097151A773,0.054872071510446666
CC_7011BC95A91B,0.04354635718334639
CC_7020F3C11A3F,0.16633412814044823
CC_70306409A3E8,0.36964199309603374
CC_706B18DA7204,0.12164147634009101
CC_70703A59C070,0.17477216033110124
CC_70749DDFF595,0.13881769047858156
CC_7079CE5127A3,0.02682571528743083
CC_7087A46F0AB7,0.09346812929493287
CC_708B73EBD939,0.16712617926456988
CC_709315667BCA,0.06688721851054555
CC_709970475B6D,0.6126972735492886
CC_70A56ADAC199,0.05765618888997111
CC_70ABB244502D,0.037792519878175515
CC_70B0176647CE,0.13031769712612878
CC_70D3353DA1C3,0.06821750283792943
CC_70D652DF4E91,0.1400573898541491
CC_70E3121BFDC4,0.10795755878124497
CC_70E5FB8B072D,0.034906378994178214
CC_70EFECA3FAEB,0.1745598235433452
CC_70F59DA18BCA,0.3911349523859339
CC_7100129A0AFF,0.12056659271812095
CC_7113554E33B9,0.07086648846180163
CC_71260405461D,0.0708514672877644
CC_712677251322,0.1980862644765595
CC_712D31B2785D,0.06776866605129862
CC_713052DB1E2E,0.07098051824098228
CC_7139C2D6F1AC,0.09966485123534352
CC_71427FC8FA49,0.2469079876597143
CC_714912E93A71,0.12684208145179518
CC_717A5C2ED311,0.22344509704886673
CC_717C94F5C8F1,0.06812957138593521
CC_718F067F4DA0,0.03250889731372821
CC_719E714DD38C,0.045508719397711506
CC_71B169C874D0,0.1728090996414699
CC_71BB5070615C,0.13315558118046966
CC_71D37D6D19C6,0.20754937672357557
CC_71DC80205F42,0.17320888174513782
CC_71DEB636B8CD,0.6055301258074661
CC_71E4CBAA1211,0.17426612084260615
CC_71E787049755,0.10435844619563522
CC_71F1EF5575AC,0.08238948289296244
CC_7201DD8EB33B,0.21583117721996634
CC_7202C8CE2317,0.3071946438865046
CC_720B06583C57,0.040922716756151244
CC_721DEC038BAF,0.079890663755349
CC_72219BCC83E3,0.1545784641700671
CC_7223DABA7E98,0.11558922404808059
CC_7233459FF7B8,0.23893579924487401
CC_7238A8A6767A,0.241749751932995
CC_724559551664,0.6703688299778612
CC_7248EB4B76CF,0.05901111546995146
CC_7259B5314D92,0.06927438660606618
CC_725CA03102FE,0.04689328570566935
CC_726E05E5A555,0.12410095330999113
CC_7276AEED6D4A,0.063157435074764
CC_72A18E8D6670,0.033880802221456424
CC_72CDBC38202A,0.38855191032140346
CC_72D8B2ABA2D1,0.7233230897276667
CC_72E4590D362B,0.36568476530630967
CC_72E8542AE4BA,0.03917032389205247
CC_73010B6E55DD,0.6199554495569453
CC_7309A4693D52,0.15383358228768504
CC_730C2A3FF1BF,0.18053496983835277
CC_731C1BCED024,0.6307786206595342
CC_732C325832D8,0.17626765906719846
CC_732DFCAA0A75,0.19266726236551956
CC_73322A6A24B1,0.7362226735212691
CC_7336B19A18AB,0.22135372631643924
CC_733AF1D123B8,0.3072565420703768
CC_7344A0E90AFC,0.11171408908949265
CC_7348C2B475B7,0.11955418030719277
CC_735E1A78B058,0.0752283585368542
CC_735ED2A02DC4,0.15811480895754798
CC_736015DE4E3D,0.3821228110116972
CC_736A42761E55,0.10524452469807691
CC_736C0436B98D,0.1661782513902874
CC_7379212919FD,0.09006570967226057
CC_73859CD59E75,0.5857055755329296
CC_738B201B1CF9,0.11286669335553237
CC_738DCB11942F,0.06492200166946235
CC_739198ACE582,0.116499709305052
CC_739D093D7B69,0.10884447818687942
CC_73A7FC903662,0.16757959804462258
CC_73A8927DCEB9,0.09586361578385069
CC_73B575BBBBE3,0.12990684985901785
CC_73B6B9AD2002,0.048749158975914225
CC_73C28D72A5A3,0.562793514404684
CC_73C38DBDF9A7,0.11253495918087071
CC_73D44BEF6754,0.39317208556012606
CC_73D4C1D7C022,0.07746037791024127
CC_73EF383F3C2E,0.1782697427099042
CC_73F34B1607C1,0.06226726831842634
CC_74137206902D,0.11834749227903416
CC_74198E5EC366,0.07508922075262438
CC_744FB5804A8C,0.6324671831534054
CC_7451E64B6D47,0.1555798441976326
CC_745A64878AF1,0.0814136620153181
CC_746B196CECA1,0.16754381265705612
CC_746C06898D5B,0.6133755093008543
CC_746DE1EED0DD,0.2558922508659288
CC_7476938CF6A0,0.546736480195287
CC_747CFDB7E305,0.07820808818970984
CC_74845374E870,0.7444738486772697
CC_74AD8D3B192C,0.6822698860697958
CC_74B90A15B270,0.09833669516173078
CC_74BA5D46E909,0.6690911281866014
CC_74BE0AD5E21D,0.19336184919214022
CC_74C33B66F002,0.12896511303534847
CC_74C9C3F17421,0.05093599440881166
CC_74E4BD5C07D2,0.06936870432256861
CC_750D90249EFD,0.11970375682383745
CC_750DA21B7EDD,0.33680689371771017
CC_750E6537383A,0.26479028187066406
CC_75137D6F9DCB,0.10947539305500062
CC_75173A8A11D1,0.34931310441568986
CC_751DDC1FC2AD,0.09479733461231511
CC_75357E0206F5,0.08281047873751193
CC_753D160E3A58,0.10922715764765491
CC_754447632F75,0.04356793672939211
CC_7549363C5D36,0.07514006967536052
CC_754F3894627C,0.08081626839623501
CC_7562CD43897F,0.1338032799532795
CC_756A077EC614,0.38267734667356335
CC_756D3492443F,0.29290038243537975
CC_75783B3E6C6E,0.04460838712400776
CC_7598068A716C,0.028749025956841902
CC_75A37D8C1F6C,0.6283479119060971
CC_75ABDDA24C26,0.13665052063708097
CC_75B287424E59,0.3681105817067162
CC_75B2B88876B6,0.09013266643782233
CC_75B324FCDD4A,0.2390501473896201
CC_75C1466E61E2,0.2501096850763954
CC_75CCCD9D4568,0.08780076149418417
CC_75D2DAF4491C,0.30777134393578576
CC_75D54090AAD4,0.11107687597898444
CC_75F1927E5941,0.6638490245463151
CC_75F99AD6844A,0.30461600446546255
CC_75FBA505C727,0.2782898357937732
CC_7615CC930B76,0.12664299312040406
CC_76168488EBB0,0.5511275171662505
CC_76197A77D666,0.02715366804749883
CC_761F48F8E962,0.265310665936411
CC_764C6ADC6D1A,0.07625947406313814
CC_7658A6B0910B,0.044971508156891174
CC_766347951B7B,0.5923445144396524
CC_76857712D8F5,0.3481106019632596
CC_76A0DF2549B7,0.10458969058666365
CC_76A636414AEB,0.2448214823675176
CC_76B01540CDD1,0.18101387455145213
CC_76B420FC66EB,0.10597002371631661
CC_76B6BCD2EBAF,0.06164055425211698
CC_76B7A0029620,0.1066653555726667
CC_76BA435EF2AC,0.1325933291619974
CC_76BCC1AFDA4D,0.0735237274518786
CC_76C35913E797,0.16321769606886533
CC_76DE3DF1DEE3,0.17793530105400707
CC_76DFA4CD068B,0.08699028396884266
CC_76DFE3568C72,0.3178061455078531
CC_76E201F1E036,0.3693509251337395
CC_76E83166FE0A,0.1482285542017744
CC_76FD9E9D9ED0,0.1588750966674099
CC_7720BBD06736,0.3176375744995549
CC_77340228F356,0.6720218395760346
CC_773CBBCBAFFE,0.11372179318578035
CC_773E9B092923,0.1032576534620443
CC_773F22C3E42F,0.0355059665745279
CC_774ED295BF96,0.17729857487002015
CC_7751ED6DF76C,0.040953742238811604
CC_77571749B970,0.14936447994608099
CC_776F8B3BAC08,0.1101135500137768
CC_777889F9694E,0.034561436417254024
CC_777D08513AE8,0.0762898887924783
CC_777E3D988EFD,0.30450535112233823
CC_7795BEDE05E8,0.32237071719996335
CC_77A9EA3A6784,0.07342987964230224
CC_77B1AB7960A9,0.19952473433420165
CC_77B6EA810549,0.2619392820912855
CC_77B9889C9BFD,0.16407738200621477
CC_77BC55DC92B6,0.12448825954170101
CC_77D1DFCB0A8B,0.05277533470560827
CC_77D9AC43DFE1,0.1978614804692575
CC_77E6EF1CF2F7,0.3628708606941161
CC_77FFA8E6B36D,0.11912107622655102
CC_7801661A9DC2,0.1522840942227359
CC_78069B1BD931,0.14403135544982593
CC_780828B48716,0.11160998622107901
CC_782130B98F34,0.10378343653099821
CC_78273789B3C5,0.7723641650575488
CC_78296783E4EA,0.1943449713673988
CC_782B06291D87,0.06033610334995895
CC_783A2D4C89F9,0.43743300226098775
CC_784407E16923,0.08554400200508014
CC_78491B6255F2,0.43255735745167934
CC_784F17AC712F,0.06466432526423267
CC_7852FC3BBADB,0.09605242368592692
CC_7866E4CE528E,0.7263679592758688
CC_7867E7C01013,0.19227970138110356
CC_7869F609EC2E,0.17919538748188069
CC_7874F14ABD7F,0.19779292133585352
CC_78774E05FF12,0.16794210439465307
CC_78815A352067,0.08797202471734052
CC_788FF4549766,0.21893645935748302
CC_789977501322,0.12226172847911373
CC_789B2BA880E7,0.03752233770921898
CC_789D87F51AA1,0.05414105847021786
CC_789DC3C358CB,0.21600234134742569
CC_78A036DF6320,0.67203329114578
CC_78A3EA63B7EF,0.04293659164607684
CC_78BF1B8FC1CA,0.11864451325091802
CC_78C96E7015BA,0.6258201771916051
CC_78CC84FA2CE2,0.18501448375230345
CC_78F0087076CF,0.22502720686065053
CC_78FAA95F5B5F,0.11754184700126978
CC_79033EFDE096,0.11678029522214015
CC_79086C18A963,0.137819631604614
CC_790DA2ED9F5B,0.11894079409068979
CC_7928811F7D86,0.09403054715998482
CC_79345478FCE5,0.19309644350692784
CC_7936C8D65B95,0.14584372720476316
CC_7948C5509411,0.5084187322664511
CC_794ADB0677CD,0.13842314473349077
CC_794FF8E7F876,0.05013793728503725
CC_79500EA652BC,0.569326809208461
CC_795083A66DB5,0.036770019827991475
CC_7950D4B773CF,0.1414617929263286
CC_7955AEB49759,0.13722482349166087
CC_7964F862DFA3,0.39551785385896493
CC_797A700CF967,0.4775147739901438
CC_798180DDF677,0.35639269075214
CC_7981ABA9C370,0.09878018869474882
CC_798B2DC03C5A,0.076052947460231
CC_79BD986C23CA,0.07005397812637806
CC_79C6BA680815,0.5430686095374823
CC_79D694E6F5AF,0.24235276937433253
CC_79ED9A0F6E49,0.41148154207006976
CC_79FA2512E5A2,0.15962161482200193
CC_7A0024F6FA60,0.24343466087000842
CC_7A193A453F27,0.027365813407576683
CC_7A1F071DC5D4,0.42799968120437537
CC_7A5D96BC99AA,0.7259879525284103
CC_7A6B51562949,0.3047164235016964
CC_7A6D7F9654DD,0.4316572400481217
CC_7A778E010F33,0.28831460897046246
CC_7A7FB841B669,0.6058356198812668
CC_7A91013D31E1,0.13092566720876558
CC_7A9117596769,0.04781661717797923
CC_7AAF340DCE8F,0.1832691046182068
CC_7AB146267981,0.21031952877844806
CC_7AB2A9CC8424,0.2964413641657366
CC_7AC1DF18CBA4,0.2245383579322488
CC_7AC4240DD225,0.3349132874662001
CC_7ACB325BD924,0.17343309934478038
CC_7ACB88002397,0.5110487655792167
CC_7ACD4F370AED,0.1716634545827107
CC_7AD4072A9F82,0.06040251464904108
CC_7ADEECDE4D73,0.21523234980438943
CC_7AEB48D8C5E0,0.07403013515762692
CC_7AFA5CD2B29E,0.11079171551068716
CC_7B092786DDB0,0.04955002661730615
CC_7B1B35D5628E,0.05355012967974804
CC_7B210557F04A,0.10081815000710795
CC_7B369A7C1D3F,0.15261405652459453
CC_7B4002591821,0.6614042634857096
CC_7B42BD80D79A,0.1914660475555882
CC_7B44FDF08B93,0.09951712418619449
CC_7B501C32CAE5,0.058948444143691915
CC_7B88520D4FA2,0.39115109051756153
CC_7B8ABE6E552B,0.19130349847060518
CC_7B8D2E07908E,0.38490230085589194
CC_7BA150468D19,0.6434667112715784
CC_7BB159FCEB53,0.29263186807660935
CC_7BDD72710831,0.074116608243313
CC_7BE02C65B967,0.13472684967894805
CC_7BE382988C1C,0.6220434273742642
CC_7BE6110DBAA1,0.3404361576979723
CC_7C0B14BB0573,0.14253335639197678
CC_7C0CF5558904,0.6760140994104822
CC_7C13E7F561DA,0.6156259742167594
CC_7C46F7F667F3,0.12356558740178998
CC_7C510CE0521B,0.08421790208838609
CC_7C61B5D39E49,0.49313181436269377
CC_7C6770DDA182,0.11556116686504468
CC_7C6DBF78A610,0.09794568869511264
CC_7C7B0438E3AB,0.1831640164088055
CC_7C87DFBC3176,0.09930783596178314
CC_7C9528E94215,0.3196742310735177
CC_7C9ADE65CF81,0.11007601151293905
CC_7CB6CD1B9DD0,0.04302224782429028
CC_7CB7C7E55BE6,0.15027984522497193
CC_7CCC3A690325,0.18223611898328534
CC_7CE5689488DB,0.04412824694031212
CC_7CEB758A9814,0.05076619241538756
CC_7CF7443D923A,0.047643465793021346
CC_7D0D597690BF,0.17900919181431815
CC_7D0EA0307817,0.04588939877915694
CC_7D12E6FF25C3,0.13721342674157966
CC_7D28D39AED1F,0.6885506681977326
CC_7D2D19D832FF,0.0623403103342398
CC_7D34A67E1369,0.06480988385314437
CC_7D4388B41EB9,0.17121989967134466
CC_7D46FE573D79,0.07423162120427534
CC_7D7810799F2E,0.044226604499059366
CC_7D79241150C8,0.13003707738189402
CC_7D7B92EF2655,0.14477216059711617
CC_7D8C2495C1F7,0.06930405165607904
CC_7DA4F1BA24A1,0.5965190394805351
CC_7DAF18939084,0.059648594100811504
CC_7DB8BA427410,0.06533487379450417
CC_7DC9456F1161,0.03590326546730697
CC_7DD2CBE0F0BC,0.19165655119273095
CC_7DD495158BFD,0.607845420948704
CC_7DD5411F7A14,0.29774835068563255
CC_7DF099A7A092,0.2341063176837454
CC_7DF27D2AC111,0.043839106750355065
CC_7E0CA072EF93,0.06908027778747462
CC_7E0DA100F5F2,0.17824528623731312
CC_7E1086EFDED5,0.034681222926883574
CC_7E12E0F3CF6D,0.1184506231669893
CC_7E178CE78FB8,0.08258880332616769
CC_7E1C1A6D0E9A,0.15957639305917173
CC_7E2A76850DF6,0.7787352773821291
CC_7E3ACB15C69D,0.13563065291256723
CC_7E3F3373A73D,0.7306805941838053
CC_7E42A3D0737F,0.11036523224395736
CC_7E4679C534D7,0.2821718263084822
CC_7E53FEEB19B1,0.2676882527574713
CC_7E71CE7FC603,0.21954038774203236
CC_7E8333DBAEB4,0.3930229412620996
CC_7E843438DE4A,0.05671476209734269
CC_7E8E4747C0D0,0.668958343682717
CC_7E952828C1B5,0.10036562653418468
CC_7EA6431FE6F5,0.14141666925994564
CC_7EA7BA7621C3,0.2513563414592196
CC_7EA8F24B3010,0.1045575359075918
CC_7EAB28B0309C,0.06060705920482841
CC_7EB4A5BDA97E,0.08789953390336136
CC_7EB4B0A36534,0.10564022196085268
CC_7EB791F4AB2E,0.11317151205339414
CC_7EB883C9D5F9,0.03621684773294367
CC_7EC59C577F02,0.058672720441551064
CC_7ED2683D26DD,0.06049411459702678
CC_7EDB3440E0AB,0.59380045719821
CC_7EE12013C7DF,0.1878663893317411
CC_7EF824CC0D3C,0.1440150078579963
CC_7F09C6F6321D,0.70466101833172
CC_7F1AD40DA179,0.21283850785159392
CC_7F1D38A39164,0.08166326289338025
CC_7F22B7D326CC,0.19465467452457091
CC_7F2614F1AAAE,0.25410278117582374
CC_7F2CDC7C1634,0.04383951494792574
CC_7F2D46DF9BC7,0.15636298555724
CC_7F57A90B69E0,0.2207010796791405
CC_7F633226A676,0.31274944353829465
CC_7F753D809267,0.6383588895044864
CC_7F7EBF25AED7,0.03319439240528267
CC_7F8496CC5779,0.04245129982700169
CC_7F88D9C5D258,0.08868056436284721
CC_7F8AB4DCA794,0.13873263662687596
CC_7F8CC9509418,0.31636770702045386
CC_7F9069571F79,0.27839877912464733
CC_7F9AD27E079E,0.18430907804210223
CC_7FA281AC1C7A,0.0990996112233466
CC_7FA389E90548,0.08462753234571496
CC_7FBF4A48AF55,0.04634655703929757
CC_7FC40175A8E1,0.273962314311294
CC_7FD58EE7029D,0.0732328865745979
CC_7FD7F635C341,0.046378197204741616
CC_7FDD458DA059,0.24856319039585223
CC_7FE85C259E03,0.10686810515713917
CC_7FE8CD30D7E0,0.10208887316455156
CC_7FFA32DE7B04,0.1614302428513284
CC_8014F1E2C5BF,0.036733651786997085
CC_8015895C1C29,0.25559027600939715
CC_802BA7E39A13,0.06007262337041146
CC_80300D23C3FE,0.34665695221603915
CC_80465303B6E2,0.19660299175562945
CC_805ADFD46B84,0.056341248359703944
CC_8060F40D9522,0.19692383442963232
CC_80621E822131,0.05119159511741213
CC_806654B580B5,0.4084209461408997
CC_806CFD6A52BA,0.03360366067677733
CC_807935BBEB7F,0.05373144275503521
CC_807C57E626E4,0.07159742549974532
CC_807C91C98684,0.030666722118654954
CC_8096B589BB07,0.17024920175428526
CC_809D60155E9D,0.0690506262374599
CC_80A2189E5125,0.5242771934367968
CC_80AF87F62770,0.17553367251481705
CC_80C03DF9CC57,0.20611855121543074
CC_80D9B6563750,0.5536980249097936
CC_80E9638ABD4B,0.045601554281752124
CC_80F7171B71CF,0.11123629028054868
CC_80F9983BC18B,0.0629517458097876
CC_811109A98EFF,0.09583167347749723
CC_8129480B056D,0.30925634880556363
CC_8134E5DA9FEB,0.583722530759959
CC_8140399AD344,0.11442640877115456
CC_8140E278B6A0,0.21523983914257622
CC_814E0F756757,0.4436886400594742
CC_815FAAABFC91,0.20090655396710194
CC_816B28807CED,0.07177248524966319
CC_81821F9F2307,0.5144851548814291
CC_8186D7991EB8,0.05153810473434811
CC_819E203180C8,0.8111910589331803
CC_81A5E3141BDA,0.5267560111815599
CC_81B5CED8EE79,0.1267971606043195
CC_81B91198E00D,0.7094699420874032
CC_81BADC379C8B,0.22822330452616255
CC_81BF8EA390F7,0.05487938746450948
CC_81C5FC962C72,0.0583735362638981
CC_81DDBFAF1CB6,0.05315918886553973
CC_81DE637E6138,0.031228114647715674
CC_81F389DEC9C5,0.07568785015218048
CC_81F647806849,0.11360307570007752
CC_820D491B2903,0.74311386587037
CC_82172863AA45,0.2978559987281836
CC_82195FBE9366,0.05213810402986703
CC_821F503DA953,0.08184328111906294
CC_8221AF9B0B93,0.7391355658070432
CC_8222D1C47857,0.0733706447749318
CC_824BB6CD2B25,0.055565643492890636
CC_825192411933,0.09088495715708812
CC_8270E213EDF5,0.2180875549493316
CC_82839CC161E8,0.05538085830304594
CC_828A0B6D7291,0.08816483771908226
CC_828EDE22A438,0.04293947891841264
CC_82928B5ABD45,0.3073204690727196
CC_82A7FE954659,0.18143716635708645
CC_82ABE1FFFA1F,0.1543070761992342
CC_82BDFA01C41F,0.12095080347368607
CC_82C20057CB4A,0.10225467048612988
CC_82E52529A567,0.1987544133134766
CC_82EFBFCF68AB,0.1110567239989332
CC_83092F58B321,0.13424564762911134
CC_83098B4BBD4A,0.12658219961854233
CC_831F9E623C5F,0.16427210418035537
CC_8326C8A3D569,0.11064777740080675
CC_832730F42A18,0.1421790739413809
CC_832A44C3F2A0,0.04747542276177823
CC_832EBAE498AE,0.6935773767632145
CC_833B196A70F3,0.7139776952700398
CC_833E14DFF4C6,0.15914250719133854
CC_834092035687,0.32094132993979874
CC_8351244DE3CB,0.07013574498864697
CC_835B90025058,0.044313930903096654
CC_836534CEDFD3,0.12365249195330502
CC_837ADC1EA55A,0.1895336399122975
CC_83884D799788,0.19857792111399586
CC_83947255841B,0.11608607410861126
CC_83A5A3022ADF,0.7641990383879134
CC_83ABA98906DE,0.07045553398223607
CC_83C75D07414A,0.4063313441023021
CC_83CBA767432F,0.7237318503715391
CC_83D342F53F36,0.14908946028027276
CC_83D5CA2A23C2,0.035497399140761
CC_83E002D6D82D,0.17206294211620857
CC_83FE1BCC83E6,0.29686148747129504
CC_840E5B830DB4,0.03660261555810819
CC_842525788FC1,0.20227433683812834
CC_843076C8EB9E,0.29066038383527204
CC_8442C97EE91A,0.11111116466035363
CC_844C3C30ED67,0.11438529212181378
CC_844E345D2636,0.1972129840484259
CC_844F26E92B12,0.19163728243155154
CC_845032D8A261,0.2635666075835885
CC_845223F606E2,0.2592218278406705
CC_846F5B19B110,0.3623415759881738
CC_84797EA9ABF9,0.2675565234846586
CC_848D59D48081,0.1782902773337645
CC_84AB057BFCCA,0.050888330332528715
CC_84B0BA112537,0.060081051056494646
CC_84B8FCEDADD5,0.0846678796509265
CC_84C61A6BE99D,0.08593299927076525
CC_84CDF830F68F,0.07680710599211353
CC_84D5B88572DC,0.25277220861223915
CC_84FABECED186,0.11628520107449938
CC_8503F43FB29C,0.18869149122584017
CC_850ACB004EE2,0.08453229825746489
CC_850B114489CE,0.09680019679239732
CC_850CC17BB13B,0.14912926230156076
CC_8518C159BDE6,0.1380708702143906
CC_85299261146C,0.09048229738477306
CC_853986C52A17,0.04387721215406586
CC_853ABBECF2E1,0.7931118923447785
CC_853BF4485D85,0.19082834419024822
CC_853EED03843B,0.07201113009515907
CC_853FD1B551B1,0.16479689740774792
CC_854AAA98CC0C,0.7679548280550956
CC_854F8AB5F1FE,0.04068495463190693
CC_855E2A785BAA,0.10819448963466019
CC_85614CA68432,0.058772120257379705
CC_856B92B23BB5,0.766645121762914
CC_856DF4A30E13,0.6968658615869345
CC_858704DBD5A6,0.056839157121210085
CC_859EF0AAA74A,0.04746921755137941
CC_859FB710961E,0.1500167642158151
CC_85A0EB3C9884,0.6032821438318652
CC_85C887BB996A,0.09382792590111821
CC_85D9A6C9CA60,0.13690053371797992
CC_85DAF10E61A1,0.6126986767415554
CC_85DEF8ECB524,0.13185576257499487
CC_85E2E0B8B15F,0.6931188449248213
CC_85F018DC47FC,0.29120906989672346
CC_85F376B33951,0.17142659092036439
CC_85F745E1D307,0.1241535744769676
CC_85FAFB430486,0.3010008692280897
CC_860D4B868C17,0.021608738544664337
CC_8614E30C9FCE,0.3875119636311114
CC_861F5DC22035,0.04744197360423773
CC_8624ABB391B1,0.16459526370222127
CC_862BAB422756,0.3435843850987721
CC_8642F98E5504,0.17294868187764753
CC_8655B8862C81,0.17498749015733678
CC_865FCEE75A8E,0.034737799321785535
CC_867372811CCD,0.4332894756346475
CC_867695B5C296,0.5312412690106461
CC_8682B1F914ED,0.16719112498690578
CC_8691DF144B92,0.5199304944893979
CC_86AD259FA5B1,0.14837204255143965
CC_86AEC21936BB,0.7316123638994841
CC_86B1D15F8424,0.03934448601843434
CC_86C2A6EC5712,0.7217241743408872
CC_86CF816B494B,0.06070398736346243
CC_86D4D58B1D0C,0.15806518723390905
CC_86E2C4E17CB6,0.04689526710100018
CC_86E9E191E3CA,0.41774934978600003
CC_87000C16C856,0.10939295909126016
CC_8703DD5FA02C,0.18124325891907564
CC_87065B1F429D,0.11228869904742587
CC_87434BBA1CE7,0.036938434295416295
CC_87450EA8CD55,0.6846937456184432
CC_87480F785786,0.07120973755972884
CC_8777EA6EBFD4,0.041292171452182745
CC_877A35E76904,0.07354164139082528
CC_877B37D01563,0.13212769232904617
CC_879759A5EFB8,0.3556122086292052
CC_8798AF2651BC,0.13596177050501895
CC_879989FB3B92,0.5675329702914541
CC_87A3BECEE5A4,0.13333539569810612
CC_87B7CDF4BDDE,0.0419668307548057
CC_87C13E620006,0.2692992972481226
CC_87E3AFB080F8,0.14288612254881602
CC_880044F77ACC,0.09703920372005126
CC_8809BCAC74A9,0.03910743602440767
CC_880E0019DB5D,0.03541914953222185
CC_880F027D886E,0.12360655677200341
CC_8812BC579F7D,0.07341956028533139
CC_88225FE57D82,0.2082090893451458
CC_88315318E9DA,0.3298283747534687
CC_883864E584A8,0.07055179958836251
CC_88469BAD58C4,0.049577371540358725
CC_8854EE679596,0.08723483331946118
CC_886273CC4072,0.0773392392025472
CC_8866B6D4524F,0.23864816933940522
CC_88A943606806,0.35254576437105684
CC_88E916A3F984,0.8076108311589524
CC_88FDC55C31A4,0.12164283125620004
CC_890D5EE59076,0.029670273230727164
CC_890F721517F2,0.10292711558580082
CC_89129D16418A,0.3455770551534225
CC_8917F02F9326,0.13668055679299085
CC_8920B6584A43,0.061804496602081996
CC_8929DF270419,0.7204022747006387
CC_892B119F0E5C,0.18255352799027072
CC_89302456B9D5,0.6743345050646159
CC_893FAA6D1F04,0.7372667505788665
CC_895AF697BFBB,0.29636719949597556
CC_8961FF892F79,0.030359497085911444
CC_897674493060,0.0701850993323168
CC_898AFCD28B03,0.1213403561597601
CC_898CC919D10F,0.18265566822337917
CC_89A711195EEB,0.15536990437371262
CC_89B4DF07DF12,0.07110529802226377
CC_89B941079E10,0.09932517025327914
CC_89B97E9FF67A,0.11000682097583375
CC_89C5162E8055,0.16842890362244856
CC_89CA0F1E2DBF,0.24012011203785333
CC_89DEE29A78AA,0.11017134314133571
CC_89E089707730,0.1612481801845213
CC_89F0B865A6D4,0.10278503071902861
CC_8A04C5D4D02D,0.07084016357357237
CC_8A081AA1FB92,0.32694365183691343
CC_8A0C640E7A89,0.5456023083837458
CC_8A12B68246A6,0.042472661013326356
CC_8A14A46B280C,0.164937506462886
CC_8A165A18560F,0.314593146446988
CC_8A19196788FA,0.06452219616560481
CC_8A25FA445037,0.11944504271572425
CC_8A29EA87B295,0.1347966074988487
CC_8A2AC87CB22A,0.054360173271123066
CC_8A34634E7423,0.6197515473581849
CC_8A38BC1AFE57,0.07373518255859028
CC_8A4CAF0CD0F3,0.08983806472403172
CC_8A5A0429CAB0,0.13451564840047112
CC_8A6E60FAE870,0.08156088017673314
CC_8A7DA054E397,0.6767915342961017
CC_8A7F5FF4B421,0.2558977414063866
CC_8A8249A44847,0.12521991840171418
CC_8A8BCE16DF45,0.1299075964702892
CC_8A8EC764734B,0.0733280990101313
CC_8AB553BFA00A,0.09851864903703769
CC_8AB57DC077EE,0.6509803103115097
CC_8ABA5808D313,0.06412513993759576
CC_8ABDD9A05C87,0.3474626119148374
CC_8AC7520DBCCF,0.16702519995640297
CC_8AC7F8BABF28,0.06315411101560109
CC_8AD67FB3A5CC,0.7445693511965119
CC_8ADDCF5EDCC1,0.08966125903279266
CC_8AF1C3A0799E,0.7341102200411347
CC_8B388FAED0B6,0.12366069061162147
CC_8B46CA903D09,0.028613499264700665
CC_8B5819403FC8,0.6671019688192521
CC_8B581B8207A9,0.13554809473057644
CC_8B6DBEF19F46,0.1581977005124292
CC_8B8326C4C229,0.11715322605604078
CC_8B850FDCFC83,0.08505807740814599
CC_8B8F41F19B72,0.0760576103777643
CC_8BAF98C60957,0.14365889049853187
CC_8BB0824B181E,0.053511926060685354
CC_8BB963DAD9E2,0.15264335257865794
CC_8BBF5F939D7C,0.15094698791618244
CC_8BCBDCF4DFF1,0.09122705567054412
CC_8BCE343561CB,0.7470978504632436
CC_8BDA87361657,0.09738694945403686
CC_8BE68A4DB87C,0.07815894144330841
CC_8BE9BBD879A5,0.045157600780141305
CC_8BED85B91011,0.3998067468749681
CC_8BF68E552DA2,0.19133059342963438
CC_8BF832E6464E,0.8041167910407445
CC_8C1561920E84,0.23113326140422646
CC_8C2A7D9A667A,0.16979317405420485
CC_8C3A5DFE70B9,0.18400414798096185
CC_8C534CCBDA4C,0.21868771449306817
CC_8C6472A3EEAB,0.05178590169986596
CC_8C6B4854D16C,0.2566310512594329
CC_8C76DE4F58D4,0.06564693184804865
CC_8C7DA3F4F88F,0.07558617676233989
CC_8C8527DE7DD7,0.07869343769530114
CC_8C9416612FDE,0.39774011654611385
CC_8C9973F02AD6,0.3385844054439143
CC_8CA1DB61A2AC,0.045210350305032745
CC_8CA59CAE22F6,0.1486982450530604
CC_8CAFD04A6EDD,0.11116124785098584
CC_8CCCC389913B,0.6238912781484907
CC_8CCEF12DC7B9,0.18707161150773743
CC_8CDCD714BD1F,0.787952970316704
CC_8CEC7987D1B1,0.085526961307328
CC_8CF621ADAC0A,0.29009857470810696
CC_8CF8FE2A4B82,0.39429837744082785
CC_8D048396D9D5,0.10064829207152048
CC_8D1089C58563,0.5411296405832609
CC_8D35A37FC4B1,0.10039109123627704
CC_8D41E12FE5B6,0.13635048296478636
CC_8D4A859839EF,0.1522327776576843
CC_8D4AD431C55F,0.08657590503580939
CC_8D4D882CA579,0.1169497498529057
CC_8D6151025078,0.10786951363703241
CC_8D637233FE54,0.16419018663443813
CC_8D6AEBA2D7EC,0.09536978480318264
CC_8D6E16DED971,0.18620337805950174
CC_8D7329F79BBD,0.4455436977290609
CC_8D7B7307C43F,0.08892639490620854
CC_8D7B9D4936EC,0.7056047809650892
CC_8D80B1B44AE1,0.4010843001415626
CC_8D9516D61143,0.41146563055872054
CC_8DBB8445786A,0.09690282537870615
CC_8DC5B86D9DCC,0.7524488568673358
CC_8DC6465998DD,0.18754502934300776
CC_8DDD0EDA9CB2,0.1417544972089766
CC_8DDEF0265CB4,0.05868627867427304
CC_8DE06BEB95A1,0.09996117169828589
CC_8DEBB5B14A14,0.15054621744090363
CC_8DF5BE7F759C,0.0630376767108259
CC_8E0ADCC71F85,0.05169374459926152
CC_8E0BD86F6F0E,0.09322318253263273
CC_8E143BFCF3E5,0.1139003926944705
CC_8E170A60D71C,0.37588213331969844
CC_8E1C3A21FAEE,0.10086354081425564
CC_8E408E18F060,0.1042526904430699
CC_8E42FB163DA5,0.7989194958934087
CC_8E47536D29BE,0.28749892794885357
CC_8E50AFFC5BBD,0.05136287304787296
CC_8E5FB1035354,0.1717196175209661
CC_8E7B9B8DD1A3,0.09560757846427165
CC_8E85B08196AF,0.033488150974187746
CC_8E96FC75AE5A,0.07520621211360351
CC_8ECAB5A6C7B9,0.07871190100078732
CC_8ECC4C7A6638,0.5003788676375319
CC_8ED6F13C35F5,0.16447158496202285
CC_8EE5E9467038,0.18171710665729957
CC_8F037E5AE692,0.04864955026538911
CC_8F1A418D96B3,0.3098578890873662
CC_8F1C4014F91A,0.1396265324233407
CC_8F30A5FC9D49,0.08792432176353046
CC_8F3456F298F7,0.227821475573336
CC_8F393D485C29,0.13580500699933148
CC_8F4A41130110,0.04553822993284514
CC_8F7AA6E4D486,0.11170762999928203
CC_8F887BE25314,0.1560890115248215
CC_8F90CD1A5E00,0.15709316721283076
CC_8F9B26042C4A,0.11529510255406081
CC_8FA9423E65C6,0.10164012225335295
CC_8FBA6C32E0A5,0.27741456658922115
CC_8FC1C50C41E7,0.08630547865313212
CC_8FD005425792,0.06201464608039538
CC_8FD6A223135B,0.14226877511758926
CC_9002450E1B5A,0.04616127369546953
CC_901CE62199C7,0.38504251887565
CC_901D2136E1F9,0.1787546214528115
CC_902648F62345,0.16179446701075823
CC_902BF0612E70,0.16115741558338487
CC_9036F7423277,0.19978691651045766
CC_903AD2767BAE,0.715287957874993
CC_903E4BA690FA,0.31788972954124484
CC_904386E31210,0.05382693785040258
CC_904EA6C846F8,0.39813386818428803
CC_90549DD3CC39,0.12192978360161433
CC_905739E5494F,0.0900822612025595
CC_906F852C69D6,0.6357993028054996
CC_907911F4930A,0.25258888121157963
CC_90798A7273BD,0.1391159512187813
CC_907F3A8AFCFB,0.06450257006351151
CC_907FA7722881,0.11011968712509186
CC_90812D9F30FE,0.0926137327824238
CC_90870A89F310,0.0370105464801797
CC_90894CA021C3,0.5831048586271214
CC_9092C5EBF5F6,0.05267033336289479
CC_90A10D649D9C,0.6857714791783877
CC_90BF8E127519,0.5705080271310581
CC_90DBB385A7F3,0.7082216911141901
CC_90EAD308012B,0.3125029176289992
CC_90F4BF0B868D,0.11816825933882677
CC_90FA39516EAF,0.08091197291333681
CC_9117894F31C2,0.1726336312710641
CC_911ED63BB556,0.369695725281987
CC_912730AE6E8F,0.282645442244527
CC_912CA7EE4C26,0.12345322623597364
CC_912DA46AAED2,0.08279445362403023
CC_9132E67EA479,0.14087365801352195
CC_913D95FB31E0,0.16886324155163634
CC_91529F20D461,0.7579516822814015
CC_91586318C780,0.03984755213359522
CC_915F2708219D,0.1627721030295788
CC_916CCF9CBC08,0.03254843471499362
CC_916CF77A29CC,0.09087079453315308
CC_9189E4FF82C5,0.1462124437980602
CC_91A27CB6139A,0.14453945256613715
CC_91B7A4A15A37,0.6172659985370106
CC_91C2077BA6D7,0.08369681738217627
CC_91C4CC43EEE5,0.141140682566023
CC_91C55BE33AC7,0.060458687148026186
CC_91C81BC58B49,0.05153997956431455
CC_91DE12EE18A7,0.3782885726903008
CC_91DED13CDCD9,0.16581598090345173
CC_91EF639761F8,0.1514729865670121
CC_91F23A7E743A,0.32826126118722826
CC_91F4C5E889C7,0.7312181541925868
CC_920E91EB28A7,0.18593817167137702
CC_921481F5F77E,0.09904201427548354
CC_92221DB27176,0.1803018535729834
CC_9224D5677C66,0.11883236026374129
CC_9230B9656F93,0.2079457380651688
CC_9231D0F8A993,0.7172934280391535
CC_923727159A8F,0.047959011827258605
CC_9248706729D9,0.03785846673995362
CC_924AEB5DD991,0.20041848208967178
CC_9250BA851692,0.3050707417283172
CC_925BACE3417D,0.09864077868838073
CC_9260CD0D7C0A,0.1234216362142435
CC_9285EB21B38A,0.111572194347407
CC_92A09F03DAB5,0.79157331820095
CC_92BC35D7F9CD,0.10832443593092303
CC_92C5FE9E5B12,0.6803536307169683
CC_92DC8CF8C902,0.0927973929430631
CC_92E006664648,0.2610201610927235
CC_92E4EFB9F0DD,0.11067009352514058
CC_92E621E0298E,0.18415680751463331
CC_92F412AC7D22,0.07156270930307902
CC_92F42886B7E4,0.20240660965467527
CC_9301E23D376D,0.5830126335644101
CC_931133320380,0.193390026957998
CC_9314B6D8B7F2,0.07314057816944798
CC_9337E3B43211,0.1887628125592506
CC_933E044F26DB,0.09018183500917915
CC_934BB89938A3,0.09626442847722853
CC_935296A995DA,0.13015181184882782
CC_935326AF26E2,0.16782151915470286
CC_935B72B8E7F0,0.05135268041540397
CC_936FF3C9BE68,0.04210050460998183
CC_937FFE1718BC,0.038538753564924394
CC_939F92AEE460,0.7876661172109893
CC_93A4365B25CF,0.7929309864282154
CC_93AB9D6A7EFA,0.09101572237076586
CC_93C719738590,0.8006617781639362
CC_93CB48930B37,0.20511367601482994
CC_93D24FAFD21D,0.09813469443571264
CC_93DB5F477493,0.12916027933860935
CC_93E1CAFAD44D,0.0639726393393816
CC_93EC9F853123,0.20268187282748487
CC_93FEAF515A8E,0.04373366162431149
CC_94063A67F136,0.30183097411847093
CC_9406E32819F5,0.06518831203613282
CC_940971CBC1A4,0.16376259898309622
CC_940ADC8DEA3F,0.11835481387563913
CC_940C7E8E0C52,0.21758229956044867
CC_941DD2E1DE56,0.15393397237571727
CC_941FC1FD0D55,0.20147095102941426
CC_943B720DB5BB,0.1003192827000414
CC_9440309323A0,0.14289517053712883
CC_944B461BC558,0.06541260951381375
CC_9453654BACE9,0.19916313337014133
CC_945888CEAF10,0.3466645231253176
CC_9458D4A483A8,0.1128775749978649
CC_9464BA7E98B9,0.07801293219130861
CC_94794B478A5C,0.30910703039940685
CC_947E58EFF90A,0.0933471074918793
CC_948537FC17AA,0.763899409329154
CC_949576D25153,0.08580462291257594
CC_949B8CEAD619,0.09093021858321446
CC_94B4E05906A9,0.13245985680904598
CC_94C3B6F3B0CC,0.13299461479484745
CC_94C3D9D8FBF3,0.6312208984702161
CC_94CD530B2099,0.07366655665916952
CC_94E9D1E527E6,0.03200828622807402
CC_950450C0845E,0.39341274513460067
CC_95169A4360C6,0.04482571141410485
CC_951A69571676,0.054650791813088496
CC_95232636844F,0.22092102492922233
CC_953A5913EDD3,0.1756220208079938
CC_953B678083F9,0.08373090218334175
CC_9541BD0604B6,0.17751652675767512
CC_954404C1BEE6,0.3960965083043174
CC_95444ED71872,0.08364631857460897
CC_9544B86C78A6,0.712491027948651
CC_954AD7E7C8F1,0.15913155017195593
CC_95525CC6C854,0.14576227446118797
CC_95573B318A91,0.04347001036330078
CC_9569309DC18E,0.08832048847358512
CC_956A2DF28600,0.20182282591962647
CC_957C7A0D7B72,0.3517647968179862
CC_958BECCA0BAB,0.4581390269168161
CC_95A6C4DA2F12,0.6187649977924656
CC_95AB75B5BBBB,0.1286662382220423
CC_95C1274DD7DF,0.027174113108011377
CC_95CD8F6A8CBA,0.03833461527333058
CC_95DD4DC604BD,0.18427221827564322
CC_95E1AC08266F,0.14264070974063317
CC_95E3DDCB74EF,0.06175625384746988
CC_9601384AC971,0.45396641489554895
CC_9608A73A8025,0.16485803276533212
CC_961F3BFBDDAC,0.8402542392120729
CC_96206C1277EB,0.2839862306322465
CC_96396AE6347C,0.2003851171910089
CC_96416D2A937F,0.19928551026150693
CC_964C2E0B00C1,0.1871534827776302
CC_9657A2A04BAF,0.2210548787347258
CC_9662D713B7BB,0.22657307709994268
CC_9664F83B7F1D,0.18617321459368852
CC_968AF836D0C4,0.05139841394437758
CC_96A6735A4317,0.07344514510610056
CC_96BC62A4A0AD,0.2195615415522537
CC_96CD75668A6C,0.06324978527918505
CC_96D928252719,0.38428591023086756
CC_96E40BDE9A6C,0.11708273392708418
CC_970116768415,0.22857336041104442
CC_970E94875C2B,0.7606958188591013
CC_9721C8A61D80,0.0720887446010777
CC_972313B0F814,0.16930182174657943
CC_972FD8FFFF63,0.5397274807198493
CC_97478A77EC17,0.1736859829963635
CC_974D14774BD8,0.06195086491382898
CC_974D86BD39FD,0.04843882153535234
CC_97508465AB76,0.12418222211089212
CC_975689C0CD6E,0.06192697983490765
CC_975967702106,0.04559011254735234
CC_975F3F07ED23,0.052042316217041085
CC_976E0D9A64ED,0.3594747199466676
CC_977145B2B363,0.39662705429640227
CC_9772CABFE1D2,0.7896387102901136
CC_9773C1E6AC8B,0.6041591405620137
CC_97832657396B,0.47569106011422524
CC_97963C337FD3,0.47583656528669327
CC_97978B581F20,0.16953740678991946
CC_97A9ECF23955,0.2419460890703655
CC_97ACD6D965F3,0.09298631878840999
CC_97C69AF6E34B,0.7173015163519375
CC_97D0E7256861,0.6704294117275985
CC_97DEBFBE2BDE,0.26484176318195707
CC_97ED469F2950,0.1186647025054845
CC_97EE84ABA6BF,0.3249146655153416
CC_9801B22BF375,0.11468915798565184
CC_9803B6D4D780,0.2752268879193916
CC_980E90C8A301,0.10537879510486753
CC_9814B3D08A69,0.08199300935799925
CC_9821BD45BB0D,0.16772907752935717
CC_9829FA0350F7,0.034908024724260654
CC_982CAA309A38,0.1854436315214741
CC_98346EBF382E,0.13807034579511554
CC_986698CCC6AA,0.14696323951763796
CC_988FC580CD50,0.12414427298105568
CC_989795BA3DD2,0.05940759752469292
CC_9897A1DFE807,0.08565545109559501
CC_98A2C8F4E956,0.07680419007363498
CC_98A3E6CDC707,0.10628570538332391
CC_98CE15EE1565,0.05660270065375156
CC_98D036D16215,0.0601250789206786
CC_98D09B14EE3D,0.40895400830029804
CC_98DB782DF852,0.05287305045139205
CC_98E2EA67BC97,0.0731566629703972
CC_98E6E7CF74AF,0.07813976079503908
CC_98EEEB2A83DF,0.6202747001109441
CC_98F3D3194788,0.12101724305792375
CC_98F8A8CF4F9C,0.33190737025171346
CC_98F91BAB57EE,0.16376010102155727
CC_98FA377070FB,0.18905490953177062
CC_9900D0479959,0.3348881029524108
CC_99061A735C6D,0.2304302109164448
CC_99093EC1A2C2,0.12709608539026457
CC_99376CA4DC26,0.04619612243770177
CC_993A588895DA,0.1309582757838583
CC_993EE6417CED,0.08267372717601318
CC_99559319913F,0.04241258110264105
CC_9970123DCC41,0.329199060116403
CC_998BB6848FDE,0.08409725112307194
CC_99958287B2A9,0.5099870060282901
CC_999BAB2D16FA,0.42457774201745824
CC_999C7029261D,0.7419795142109522
CC_99AA61D1896E,0.08385049768469573
CC_99C03E7D99CE,0.05003570844804937
CC_99C62022794F,0.08409991985620044
CC_99D46BE6593A,0.17180881892949273
CC_99D5A5371B39,0.1626488330080561
CC_99D79709AD9F,0.7660966443471833
CC_99D7DDAA460A,0.16822970230624934
CC_99FC44B3C58A,0.11673842309265675
CC_9A02B2A17C07,0.09961822177560399
CC_9A05DE55D408,0.2120590613030648
CC_9A0C42AA09BD,0.39255540357160723
CC_9A2B390551F6,0.04411496457299123
CC_9A2D66206BD1,0.5314578884247468
CC_9A366E181FA0,0.15502845987485908
CC_9A39365FA850,0.617657821567692
CC_9A42833BA860,0.04089949396270726
CC_9A4911A0140F,0.08918874748861093
CC_9A4FE1E8E0C5,0.4328955329084389
CC_9A51017C734F,0.34995496160781153
CC_9A5DCCD62D0A,0.3658732882076608
CC_9A602F492510,0.19216114747960822
CC_9A66BDD34B89,0.03850638579281478
CC_9A6AB0AB1E67,0.04496710482665138
CC_9A7049ED5656,0.5580575377392976
CC_9A7AF31828E5,0.08853343396825801
CC_9AA750377C6F,0.1163446556372448
CC_9AB359C82202,0.050738237542971625
CC_9AB7BF77EE83,0.7517589621354048
CC_9ACAC8474B9F,0.023403507897273475
CC_9ACCA4FB9101,0.07229745213714724
CC_9AE1529AF9E0,0.12542536632665016
CC_9AEE181F1156,0.2575523132047801
CC_9AFD130D3725,0.10495654085922289
CC_9B09C3353732,0.08212546409826782
CC_9B0D37817EBB,0.08278820624126018
CC_9B290B59155F,0.3749772365712804
CC_9B2D487C64B0,0.08337172073219382
CC_9B3DEC76ABF7,0.07209690035990819
CC_9B4F778D0A6E,0.17883535581700982
CC_9B581A92C2A3,0.38151004097803665
CC_9B5CA8C38414,0.16777604160620485
CC_9B6E82167593,0.19357789327410596
CC_9B6F6B2BCC05,0.3486186339414526
CC_9B7FC3DA1594,0.3431959172719484
CC_9B957DC280F6,0.1575601942018784
CC_9B997DF20042,0.38539750097270664
CC_9B9BC4B83736,0.07892163297605527
CC_9BBE1A16C04A,0.1630159192948054
CC_9BC63F1A568C,0.2626774138577962
CC_9BCB0166227D,0.2374606006905774
CC_9BD3DC96ACC5,0.1206447471782337
CC_9BDC5A0E43C7,0.41850862923675747
CC_9BF9485A3F9D,0.24000205935725094
CC_9BFE93FF2145,0.2587629007441551
CC_9C0470A0536E,0.23431878460190908
CC_9C205AF09E47,0.5520421845568262
CC_9C30DC5C1E46,0.06603880993946783
CC_9C325B6CAD11,0.03944258552855959
CC_9C4A200D0BFB,0.40966160176426153
CC_9C5EAF238007,0.2598536896143948
CC_9C601C6BBD37,0.05716633644012102
CC_9C606C2C92CC,0.06190978599510358
CC_9C6192D3A16B,0.06171755026500616
CC_9C84FB9B1469,0.06550208058961714
CC_9C989433D637,0.2772871692855947
CC_9C9B2FEB4937,0.15691882505768506
CC_9CA7FBE1DD54,0.1508751619410199
CC_9CACA50F80F2,0.19076333704046583
CC_9CB40D552388,0.0719066341051115
CC_9CB8127D17F0,0.03441457260230113
CC_9CB9CE2989CF,0.7093174764481436
CC_9CCE51CD83ED,0.7898776121906979
CC_9CDD2F3D0BE7,0.046477905092800725
CC_9CDEC693AA99,0.38478814471072137
CC_9CE9091AA9A9,0.24433385514551792
CC_9D007C60D29F,0.06472308276166223
CC_9D017774D4FC,0.6687256968646492
CC_9D095EC1F232,0.27526672898714993
CC_9D1A1281C8FB,0.33783169213226
CC_9D23F42B7996,0.47179123563170905
CC_9D2FBC479646,0.693241775221674
CC_9D363365CAFD,0.08019407091998687
CC_9D44E4543573,0.19771388989796151
CC_9D45F67E3B01,0.08067691479952721
CC_9D535DD207D2,0.08601812698918981
CC_9D53ED53A15A,0.5810545813784761
CC_9D5D97AEE98B,0.5045297087574117
CC_9D5F2A5B6913,0.09375099607163921
CC_9D6BC1C470B0,0.5264893586163744
CC_9D71FBDE765A,0.04632790587237465
CC_9D73939E357F,0.12172682029382433
CC_9D82F401BD88,0.6512388743762242
CC_9D8B4454BE84,0.25567580371899895
CC_9D92537645DB,0.05961249411983198
CC_9D95ADE03ED1,0.22630590104630852
CC_9D98FE7A1809,0.048598343610734354
CC_9D9D59757786,0.06778382286932039
CC_9DAEB38616AC,0.15166822446603878
CC_9DD55CC0E928,0.02120078560674442
CC_9DD6B460CDFB,0.24800887503838043
CC_9DD80B5E3729,0.0912593621652266
CC_9DD82B4310AC,0.44121843162493646
CC_9DD9389E8AE0,0.08874990534170508
CC_9DDA8ACEB3D8,0.07828298006497564
CC_9DDCD898D01D,0.13518579693998123
CC_9DDD90B42A27,0.8038513259394882
CC_9DF1807A4316,0.03704405645904925
CC_9DF786FD2620,0.4473237794156036
CC_9DF7B9B3C8F8,0.0713833969967745
CC_9DFF6E2AC586,0.15576769772999577
CC_9E0546BD7BD6,0.1418856445725757
CC_9E0BE8227931,0.09744073914902068
CC_9E1A205BA261,0.4193185215627823
CC_9E2967559B00,0.05148583060309317
CC_9E323A031449,0.7113591783627882
CC_9E377CC03D51,0.04874272222365672
CC_9E3B83584C12,0.16914230172658273
CC_9E3D46FF5709,0.5759781926798117
CC_9E4FA91B86A9,0.07211950027649591
CC_9E53534DCD6B,0.1259399324882746
CC_9E73656FC8C0,0.7254274263835352
CC_9E7430675033,0.18374929475757779
CC_9E84CACDD7B6,0.3881096041185063
CC_9E84E0E4C5BE,0.299057146585029
CC_9E9C65275B4C,0.09215676589534089
CC_9E9CB6473D59,0.25574044026758846
CC_9EA4F11BE6C2,0.1729998771486247
CC_9EBE3F26F2FB,0.06569571723976575
CC_9EC23AB6C573,0.3512702526821154
CC_9EC34DDD0E53,0.04556772428226086
CC_9ED8EDFE8C55,0.06451412520769101
CC_9EF352F179D2,0.07837482303502555
CC_9EF505400F8B,0.6443460908179635
CC_9EF66D83B743,0.29829834736241506
CC_9F051572BFE4,0.21558055433855716
CC_9F151A782BAC,0.22680494640192828
CC_9F1A5DF4619C,0.3814331371559939
CC_9F1BF78ECD7A,0.08585124610999266
CC_9F263092AD72,0.16009219686773324
CC_9F36EC36A9E6,0.09092792643003818
CC_9F3D52242888,0.18846398833612577
CC_9F41F312CDBB,0.31579038382920394
CC_9F425167F9ED,0.17511388780603404
CC_9F6981E0009A,0.3023179526778188
CC_9F706DFE0AE7,0.03167007776459171
CC_9F7B525DD52D,0.37182538593360304
CC_9F8D5A5A9DAC,0.16423814361664935
CC_9F8FAE57E6A8,0.1413560741112394
CC_9FD1AB8E65FE,0.043263178077395076
CC_9FD2689202D5,0.1297094194077526
CC_9FDBB5C2CD09,0.039358365444409474
CC_9FE52BD71CA2,0.10827152739346602
CC_9FE8E62EB24D,0.09321154655248443
CC_9FEA59AEA00C,0.27537307628386487
CC_9FEA77B36A29,0.37813577637764806
CC_9FEE9701D16D,0.2703435026988705
CC_9FF35BA60E6E,0.28362032744635063
CC_A0003F08B22E,0.16026596871188942
CC_A00AE2543224,0.06953613247240573
CC_A02A29DECDC6,0.10734187596936598
CC_A0336C21117C,0.642323697693824
CC_A053B42BBE0B,0.07418977794038699
CC_A0591F16FA37,0.03128027610148411
CC_A05F962C80FF,0.1675793977384563
CC_A07B0549E53F,0.0631976158739266
CC_A09F230CCF5D,0.6562699693321021
CC_A0AED6346ECD,0.1961221329898887
CC_A0C4A796643F,0.10187202972410539
CC_A0D6DDFB430F,0.0627150390493772
CC_A0DF672F9C4E,0.12293157250538993
CC_A0E8C7C5558A,0.2939269552255209
CC_A0E9269DF22C,0.4949945040981169
CC_A0F1DB5CB28C,0.10213365182220452
CC_A0F42B26F8F0,0.05943532012595606
CC_A0F8F80EDFB0,0.05941919915484399
CC_A10AD9550E4D,0.02718354182474811
CC_A10EB26E5EE1,0.1882165819366431
CC_A111B065F623,0.07591533042761042
CC_A113D95B4AB2,0.14408147811995337
CC_A1320C0F0129,0.7262561092051156
CC_A1348D850EFD,0.767071757815569
CC_A13D08B372E8,0.06223189521412025
CC_A143E64BD9D6,0.3691993364081507
CC_A14B0A24DC3C,0.10912608650050343
CC_A15137F25F7C,0.07650679981533648
CC_A152DBEC5BE7,0.05834696301679015
CC_A1591CFF6D81,0.04435183258824362
CC_A168CCB582C6,0.37494303263670237
CC_A17DC38133CE,0.7634733305661114
CC_A185D5EA3DE8,0.6290506574639656
CC_A19C842508E0,0.14153468382657847
CC_A1B648DA406D,0.028008255337656746
CC_A1BF7028CAA8,0.02265032413880265
CC_A1D035FA36E1,0.08021613820412477
CC_A1DD653D41A7,0.09112045809126706
CC_A1E3AD4B934C,0.30652797903357576
CC_A1E58421CE87,0.05053600237198408
CC_A219144EDEFE,0.06033421553555142
CC_A21FCEEBB3C3,0.4380131081202726
CC_A220E4278D79,0.039508842618013934
CC_A2231BDC961C,0.2536655214877938
CC_A234E219EFC7,0.35283706348982324
CC_A239B1BD81FF,0.06448938170231794
CC_A23D8CFFA31F,0.074718437730887
CC_A23F463F4B4D,0.03769421920485866
CC_A23FFDC4A7A4,0.08822110070182629
CC_A2423E273F84,0.11923977560176068
CC_A2493E6036AD,0.31333937103794907
CC_A25C54470CED,0.0915783724984776
CC_A25FA690BBBC,0.1234482901108468
CC_A2636CF7C075,0.0908641372087641
CC_A26C22870E3D,0.45312815102771514
CC_A26F6A272B3F,0.13326348737741478
CC_A27CDC9BCBAA,0.1777761516642341
CC_A27E5269DA60,0.20425564663013981
CC_A28D4A46B6FA,0.10764807814438598
CC_A28EB319030E,0.047559191167748725
CC_A294D3A59462,0.7853723447257712
CC_A29D8034C304,0.06052380195885971
CC_A2A109409963,0.05355939444582659
CC_A2A4FA5F9962,0.115332627421249
CC_A2A7E30C59D0,0.15462524605175584
CC_A2B5D2D4E269,0.5512143574477391
CC_A2BB24180208,0.26954461340889835
CC_A2CF1DFEFE46,0.49953931637738125
CC_A2D6090EA5B8,0.15968264038736868
CC_A300BC40BC9D,0.045233630555954536
CC_A3212501F639,0.19286235319567885
CC_A3278A566572,0.06254670243432173
CC_A327EBE4F783,0.18066787932709416
CC_A32FB6659B01,0.07433100838574169
CC_A33915EE72B6,0.23604795711238458
CC_A33D350BE79E,0.1830006536500792
CC_A3553B8AA8F6,0.10134717370490567
CC_A36EB077BF3C,0.030437583853326716
CC_A3753EB66DEC,0.11981635675582941
CC_A378342AC9BB,0.17100933682886635
CC_A379E9455C60,0.14752093377974376
CC_A387ADBD7249,0.0964010890486254
CC_A39E961FC29F,0.153286546128935
CC_A39FA1EF0B16,0.26884641961474687
CC_A3A4E39FB04D,0.17092140739792183
CC_A3A751BE68D2,0.03675923089562788
CC_A3ABB3C5E9D5,0.6368211101877747
CC_A3AF9C2C68F1,0.18014625199726247
CC_A3BEA14873AD,0.1324932589890204
CC_A3C2FEE13C37,0.15448500956511874
CC_A3D6435D5F17,0.15636862021764328
CC_A3E3E51AD0E7,0.04795683104917997
CC_A40566694D53,0.2349234140153947
CC_A410C0DC7125,0.041400892696453764
CC_A42168D2B94B,0.0875636560609369
CC_A43CED9AFEF5,0.4494587480102197
CC_A4475A788D13,0.13716100362324307
CC_A44D677C0C07,0.04282991987570087
CC_A44E2673E71E,0.04543686937242126
CC_A44E79A96425,0.36954856826498805
CC_A462CA147DB9,0.11323640458369455
CC_A4660E424386,0.2075151329448392
CC_A476C9F116F6,0.15339033210165437
CC_A47C83B6EE2B,0.14772844483637187
CC_A47F8594678C,0.2853744169757406
CC_A48A7592F96A,0.057887624203287615
CC_A49195E659EE,0.06363433759934417
CC_A498A936AD21,0.11671521066844523
CC_A4BE6692361C,0.586578127860578
CC_A4BF2115580C,0.07701996439992814
CC_A4CACCD14A0E,0.11412043604491341
CC_A4CE57A1AB74,0.06602606481228042
CC_A4DE4F1B5F93,0.21693412913921226
CC_A4E300558DAB,0.05827606458814398
CC_A4E972915D89,0.7499535150928329
CC_A4EEA04CF3D0,0.19353001763674707
CC_A4F400E9A0ED,0.05163538236693626
CC_A4F550D7F95B,0.2014953308203051
CC_A4FB91B1BF31,0.205092239074169
CC_A500C1ED0A33,0.18754948279942385
CC_A50471962A96,0.6914081276272631
CC_A5161D8AA57D,0.11892355074588098
CC_A519C84307D2,0.07820811156678516
CC_A5277A9BE02B,0.7117561545943154
CC_A53578FCEA71,0.12592379413372282
CC_A54EAD1CCE27,0.1531130875404657
CC_A5512DA239BF,0.14826414224019535
CC_A5545DF298BE,0.07200011094841602
CC_A556EEF3010C,0.45016785666583065
CC_A56756C65136,0.31732144189950307
CC_A5852E06D2D5,0.24611526606598322
CC_A5886994671C,0.14795343318114615
CC_A594D8B41A99,0.05092023268220446
CC_A59C6A6B71C3,0.07258050998607643
CC_A5A06987AF5C,0.20853973372480616
CC_A5A1512FEEFD,0.1638508083668738
CC_A5ACE4284283,0.15211067130654266
CC_A5B10F07BCD5,0.09977267272602343
CC_A5BC9ACDB4CD,0.07002724915886038
CC_A5BF8B260922,0.43881577404128513
CC_A5C52379AE06,0.27525329256311726
CC_A5DD4441568D,0.030010773749217574
CC_A5FE3BE2949D,0.038642070569346834
CC_A60EF94F09C4,0.34059295466283873
CC_A628BE74CB45,0.13673678318445953
CC_A6292E9B43AD,0.061001172654831154
CC_A638610BF8F8,0.1060165497849265
CC_A63BBA86CE9A,0.31343450752785407
CC_A63BDDAC43CB,0.06875094855351627
CC_A6409E37A735,0.1401555380699187
CC_A655EC341406,0.12828840249123394
CC_A6562E47BFC7,0.20175401396039552
CC_A6563A22D668,0.7174273928419936
CC_A6601278C1BD,0.10477526462679895
CC_A683678AC9FC,0.35281496922177336
CC_A6864FE80A94,0.09663790598843501
CC_A69117CC3C24,0.16554584721598592
CC_A69928C7D217,0.17074310930862124
CC_A6A8BAF7124A,0.29270699502700714
CC_A6B7DFC69AAE,0.5745825150099434
CC_A6BB595B55AA,0.0562723984896402
CC_A6C5284C4586,0.09211157142899445
CC_A6CB0D0191D3,0.08245730380956036
CC_A6FA3FA9F0FB,0.11018754205670037
CC_A6FDADD23BD7,0.044366373791296695
CC_A6FE3938F001,0.17983285888848088
CC_A71DB65F0BBA,0.6359794843275155
CC_A730F4964FD4,0.12297344778964511
CC_A73C02C58DDA,0.1218466009074296
CC_A746BC2289C7,0.3019596733384379
CC_A766C3608214,0.12467865185142031
CC_A76F48111A8D,0.1425404236429343
CC_A77AEC8AD2D1,0.022953674867509283
CC_A781174166B3,0.18257920139118597
CC_A79024286DFF,0.06414370806228548
CC_A792720B875E,0.09894574742094434
CC_A7952C2BC5B6,0.08184044183721331
CC_A7954EE1A1C4,0.04488216221119945
CC_A7991E6B3CAD,0.22499296731858198
CC_A7B141DF4AAF,0.0609029360350154
CC_A7BE2CED0B93,0.052012619706581616
CC_A7CF446093DD,0.26414133065924594
CC_A7D1C6692090,0.07811581807783605
CC_A7D6CAB54328,0.452773514940061
CC_A7D8D1DA4EA6,0.12954513347041247
CC_A8102BA6933F,0.04962361072205936
CC_A81C1EDC5FE0,0.09063586176560623
CC_A82C0FDDC303,0.2233638433939707
CC_A83F92C0CABC,0.1505818247671894
CC_A849B0F60EEC,0.05775910419980456
CC_A852AAB180D7,0.042644395933476326
CC_A8536626873D,0.22020752798610566
CC_A85F953FFD40,0.3503504374203251
CC_A865A3F1E28A,0.6850895582283324
CC_A867253FC73C,0.7337646559529808
CC_A877592FE1AF,0.05882114772570193
CC_A8AE26057851,0.17614748652690398
CC_A8D50530622B,0.13141345450211506
CC_A8D5C834B061,0.7155914142031634
CC_A8DF49EED27D,0.7929535694094779
CC_A8FB53A944AA,0.09176214646631872
CC_A8FF19BCFB18,0.1528104581342194
CC_A9042AA97760,0.05881213657616037
CC_A917D68B7F33,0.049087607905028564
CC_A925B3023F01,0.15611511736434508
CC_A93A49678A0E,0.686735699709193
CC_A944C14551E0,0.11154287373668145
CC_A949A4D6CFDF,0.028080222625342426
CC_A96085AAACBB,0.3999039173131128
CC_A968E7B519AC,0.562643711599326
CC_A96F61DA3920,0.27427777247654983
CC_A98AA461487F,0.04609977262155725
CC_A98DE37F48B1,0.030907314608207743
CC_A99526CAE7B8,0.08843374091767521
CC_A9997F50D935,0.11968687605789935
CC_A99C3B09B728,0.05460841199431677
CC_A9A0DADE60F5,0.23667939423640563
CC_A9E27E0F8BF7,0.11288793082167618
CC_AA06B8C44B08,0.5950700813395361
CC_AA078692F54D,0.04452932377311175
CC_AA3181148667,0.11735428871353579
CC_AA36C8AD0AD4,0.09659551476433727
CC_AA36F0397FF6,0.09355886034097338
CC_AA3A8989A632,0.6444537227962948
CC_AA4A1B7522D9,0.096059899595934
CC_AA4AE0378324,0.2237724814944262
CC_AA5E4D5A692F,0.1726071096757247
CC_AA68EABEE4B1,0.0894992629185708
CC_AA6B5A7A5B67,0.08329172057830035
CC_AA6BD423C239,0.4018921233661258
CC_AA7074B42A4C,0.49501620631936233
CC_AA7A7F3159DC,0.09915124860516195
CC_AA7BDEB972E4,0.11445908423640418
CC_AA83426311A1,0.07538925663356671
CC_AA8F7D307212,0.1438301737595144
CC_AA994120654B,0.07676456027606231
CC_AA99CC1D0A77,0.10694405048615163
CC_AA9DF917E958,0.1456125859852002
CC_AA9FC6678135,0.33117472285652355
CC_AAA47EC0D4CE,0.08480618253095339
CC_AAD9F600283C,0.10678688401301545
CC_AADF003A3927,0.07051075601873162
CC_AAECFE806C8D,0.23524152188712444
CC_AAF2022B9CD1,0.17498293161556372
CC_AAF445E4CCF4,0.07762032427699103
CC_AAFDCAA5CA06,0.6635641627249986
CC_AB0384E131D8,0.18880440224016887
CC_AB0A4F4A2968,0.2186141988958465
CC_AB108580856A,0.08668471795004243
CC_AB10FED15FC0,0.8083238338717746
CC_AB176233A184,0.054724465781924296
CC_AB250982887C,0.1131255371724422
CC_AB25C565EA6F,0.07143478817639026
CC_AB31BDAE74E0,0.24076416673209444
CC_AB38A76F5698,0.37269357525740165
CC_AB38F588BDD4,0.16841768947233626
CC_AB3DB55C9A2E,0.18165999439762082
CC_AB42A7DA8FAE,0.19159874487312484
CC_AB486E8855F7,0.11645172017960709
CC_AB4A79BF0F21,0.04231410259432766
CC_AB7472FE1C8B,0.05080709786616208
CC_AB78F64D1DA0,0.12362325271553744
CC_AB821E2FB031,0.06224837327156891
CC_AB873276D910,0.050501849285740634
CC_AB8CF3C05B61,0.09948116624712797
CC_AB8DD8448ABE,0.3192527027446158
CC_AB953366A38C,0.10128151629299134
CC_ABB193697B23,0.6331744869618293
CC_ABB3F0A040BD,0.12676363300477558
CC_ABB618AD3E52,0.2265644031817145
CC_ABC0DA7DAFA5,0.04108266912391224
CC_ABC49E43DF40,0.6253817693479169
CC_ABD89F61734F,0.12023554169111209
CC_ABE04CDC2866,0.576403374440242
CC_ABE98746DB91,0.5582619132126863
CC_ABFDF22BBD97,0.06307848884147774
CC_AC0498A54CAD,0.22687338407374635
CC_AC1C23EA2767,0.31217549574167547
CC_AC1E028B2A1A,0.10387593037236464
CC_AC255B902EEB,0.16995018191788902
CC_AC44A88F7869,0.06537038753058072
CC_AC51CBCACA63,0.11727180014901381
CC_AC723E5F5EFA,0.042490112520396986
CC_AC7994A5FDC4,0.10739844331309636
CC_AC7EFDBCF2E8,0.725532965105679
CC_AC8A45716CD8,0.13194022763869503
CC_AC8FB78319A0,0.0332070234897001
CC_AC95C517E726,0.10296807291828741
CC_ACA4C6C9316D,0.05697263574848255
CC_ACAD97A186F4,0.08789735834470402
CC_ACC12168D6A9,0.15773075227557107
CC_ACC53294D3A0,0.08602929016590638
CC_ACC6A74A8BEC,0.06570778956964626
CC_ACD94D2B1200,0.06803827629005763
CC_ACD988315902,0.03685133692879915
CC_ACDA59536C9B,0.1241182632547143
CC_ACE5A4081F6E,0.18229094309720792
CC_ACF4F9A2CCFC,0.19072763983585353
CC_AD0D7D212968,0.29664463943670827
CC_AD131D09EB0F,0.12301104005103355
CC_AD13C87CF26E,0.1874275947085848
CC_AD2050A0C79D,0.15772517814359444
CC_AD276D71D3A7,0.2966811200700814
CC_AD2C54521FE4,0.2040400739193168
CC_AD2E59624FEC,0.3889804046516804
CC_AD3A36AF2840,0.2514758819815321
CC_AD3D286D0B68,0.17057750728221502
CC_AD46818E459F,0.6122943237982608
CC_AD4BB2E22EA9,0.20612773542340124
CC_AD4F7F88242F,0.3193548787858759
CC_AD58ADCD54CE,0.6981690581569466
CC_AD71619FA389,0.11927645987696171
CC_AD84592B950B,0.07263926666992308
CC_AD9898C0E8D2,0.12676393532995184
CC_ADC70A21D661,0.3269116171114304
CC_ADCF16189AF2,0.22625433510778184
CC_ADD894E6E4F4,0.3474962001172539
CC_ADE899835555,0.1420881810617899
CC_AE0D73A1EE19,0.3792329182687837
CC_AE0F08EA3935,0.17831839289539486
CC_AE23B59E6FC8,0.2976651567406914
CC_AE289E013D60,0.0795377111933215
CC_AE34D3F7F224,0.7293970876667526
CC_AE4069D8B4F6,0.21411697094126053
CC_AE4896E2BE76,0.7099074311016604
CC_AE51DCFE0671,0.07601718077534672
CC_AE69FEA8DA68,0.15459980633864695
CC_AE7C129CC90F,0.22098029077858045
CC_AE7CD49F20AB,0.17208911653737932
CC_AE89526E0335,0.18197754037718317
CC_AE8D62CF30C0,0.09500048375417905
CC_AE8D9CE8D6FE,0.03513136329221532
CC_AEB019CB9065,0.16769468365962492
CC_AED1D50AF584,0.11276092773117719
CC_AEE546316FB0,0.23660473927203918
CC_AEE5FA00FA6C,0.4230691445796574
CC_AEEC765D157B,0.03857025820800608
CC_AEEE44D6C8A4,0.023449700534466364
CC_AF14FF3EF570,0.32208760772168044
CC_AF1C3ACBA6B2,0.1199343378712436
CC_AF1E911C98B6,0.301437791162128
CC_AF337F410520,0.08392166237865166
CC_AF3C7BC3BA40,0.1007404338499478
CC_AF41E4075C87,0.18255499071521614
CC_AF6B4405276D,0.704853619145464
CC_AF78FE0BDBEE,0.10404711546888881
CC_AF8238D9082F,0.05271494036438548
CC_AF8CA6EE53C3,0.0646465596095502
CC_AF9AFA7C49A8,0.10441049623139928
CC_AFA1E3D3C685,0.1785145527556559
CC_AFA680030CB4,0.6279657305726926
CC_AFB351270B8B,0.038473772335006096
CC_AFC405AE0029,0.08149649674619824
CC_AFF90422E4FC,0.38148712298093745
CC_AFFBE2744B87,0.7686934487920031
CC_B0043CA53FCE,0.08335463215700005
CC_B01B2BD4EFD7,0.25722307494749924
CC_B01E87EB9940,0.15129919264378072
CC_B0273E66E2A5,0.1642192829860385
CC_B03E98085A9F,0.06614414335763624
CC_B0420D8C42DC,0.5175555841121349
CC_B0497BEB9F6B,0.1375664758446789
CC_B04A5E60B69D,0.0883068314268614
CC_B04D5517A193,0.12513560385758216
CC_B05FF3A960A0,0.22051473849152675
CC_B06A532EC131,0.28040792957005184
CC_B06D33A6761F,0.14032663101811732
CC_B074D4472CE4,0.04619593221509314
CC_B07CE95BCD88,0.3070409376920045
CC_B07D79368225,0.12751108842893927
CC_B07DD1ABABCE,0.7251403354985555
CC_B086C2D77820,0.17697477147932222
CC_B088DE9C9E3B,0.23568377980416755
CC_B0CD7932067B,0.10827946660444374
CC_B0CF90073A5E,0.6481186440256256
CC_B0D397D86639,0.6428680786308756
CC_B0EF4FD19FEA,0.09464659313647172
CC_B0F2F9514AA3,0.08515754495478918
CC_B0F3B79F51C8,0.15629604960449506
CC_B0F4041B1C76,0.027255614893748184
CC_B10FE31C61D5,0.09923204504073876
CC_B114E8F19D65,0.17204980795357333
CC_B117F0E3CAAE,0.15038409161109179
CC_B11D58F331A9,0.03720348704006565
CC_B1262188BC41,0.11503619100929452
CC_B12FFB2FF21F,0.08483689418888271
CC_B13253F34A9F,0.03276908551750844
CC_B137E2BBB53B,0.07263185805000656
CC_B13FEA7CDB99,0.07395191159031801
CC_B1481ED21111,0.03554476271035391
CC_B15BE5C9976A,0.23143202186098982
CC_B15EB6933578,0.08289111097409996
CC_B163CCB3BE4D,0.11125912124593837
CC_B16DC354FD71,0.37298917978557883
CC_B1777349EB15,0.1648866497497971
CC_B17C6CE0231F,0.2647058263400829
CC_B17CA8C22E5C,0.1271724241319027
CC_B18F3C9C30E4,0.13803179712684044
CC_B19CD93DDC96,0.05823147598538579
CC_B1A647674B84,0.11088844602035666
CC_B1AEC2E5E33B,0.24969949668986716
CC_B1B5C81AC0A6,0.059752165628685495
CC_B1B932EFD646,0.1515410776307255
CC_B1C3C0B52B88,0.2756175707187659
CC_B1C7216344F3,0.08316885297151096
CC_B1C982DBBD12,0.3239762712021207
CC_B1D81F8197B3,0.3425118500294807
CC_B1DF1DCBDC7E,0.5533509583231269
CC_B1E2C36607CB,0.06692270706183251
CC_B21351C93D8C,0.12387763004423327
CC_B2174860AB11,0.7159277562300368
CC_B235818E6A04,0.21295013831318804
CC_B23CDE30F00B,0.08557468509413724
CC_B23DE4971DF0,0.4364330656193527
CC_B23ECF574D8E,0.056183447922514444
CC_B24C41DDFBDA,0.2245174068208497
CC_B25EC73B9510,0.14263504286994952
CC_B25F69904D0F,0.07449271421817769
CC_B25FB6C11D05,0.6785279584317709
CC_B264F2B92259,0.5736990901731113
CC_B26B8FC23F1B,0.056091183888080653
CC_B272E29922B5,0.12930909733224139
CC_B27AA8E27BE7,0.11268246815199011
CC_B2A68FD3C236,0.08957553629875259
CC_B2AC50C00979,0.09071472761421873
CC_B2B16D7B821C,0.1968220381817618
CC_B2B32F1511E4,0.14769486050759606
CC_B2C241A93527,0.07476018179338628
CC_B2CB104FED6B,0.6705282245436213
CC_B2D352013F92,0.11094717683751328
CC_B2DF694BAB08,0.10003080446236697
CC_B2E993A9343F,0.2018231643867553
CC_B2EF61C93AB6,0.14659629292857115
CC_B2F94405EA89,0.11533156099161741
CC_B2FC07BF6251,0.047103425375969704
CC_B301A65B4164,0.11000645572896994
CC_B313E3A208A2,0.21076524601475155
CC_B318FF5D976D,0.139889697842771
CC_B32AEF0A2299,0.05803739219958903
CC_B33BD3C618EA,0.07778813275029192
CC_B348627365A2,0.13205025652417035
CC_B35109450BDD,0.03796488956918266
CC_B3528B870544,0.09309110786202117
CC_B3530E7CF8F5,0.12836564629934874
CC_B35C5B1DB9C1,0.07190232825053004
CC_B35FF59389D4,0.1957970090345817
CC_B3812C6700F2,0.6338970025833617
CC_B38280B483B8,0.13072017698735466
CC_B38B694A18EF,0.48833972773144263
CC_B392BDECD913,0.34239982431086086
CC_B398DF1ABAD4,0.04269283765953481
CC_B39E75E151A1,0.11752484331513394
CC_B39FD0E249E8,0.04516142025234793
CC_B3AA0891CA5E,0.3886075130141108
CC_B3B1C8EBE5C1,0.13513137940880385
CC_B3BBA28E2D39,0.41765261349113464
CC_B3C4DB0303A7,0.09579763156635253
CC_B3D32FE823B2,0.028960496306220954
CC_B3DA429C6C8F,0.08085519391186555
CC_B3DC5786AB0F,0.19318301303789265
CC_B3EA537531A3,0.15590091432615558
CC_B4096D3A38CE,0.037842106409812344
CC_B41EADCCC95F,0.05625663633779096
CC_B421940B9A48,0.627700881067979
CC_B42B3B83935C,0.8109520204847298
CC_B436B1CA6B2F,0.056360404063189554
CC_B439B06AF274,0.2868379482917064
CC_B4482E7879F4,0.07316843407070912
CC_B4660022C612,0.10688250493995322
CC_B46B899B4A63,0.1369139139714399
CC_B470280A580D,0.1357616115253642
CC_B471D3BF0C72,0.5551049850419176
CC_B4751DEE43CD,0.16821480712457607
CC_B482C254BAA5,0.05179463459096636
CC_B4889D036D3C,0.7189964324653766
CC_B4950F811C90,0.14306602708923083
CC_B49A6DE7A340,0.3332673483077854
CC_B49CD4C13DE8,0.35090029195010003
CC_B4A90370CA96,0.48901966160067334
CC_B4ADE6BC8A10,0.6677006765081888
CC_B4B6F805888C,0.03649919565844344
CC_B4B8F66BF4ED,0.6677205504501499
CC_B4C6F80DEE44,0.030672993840889014
CC_B4CCE78C09EE,0.1576793010372794
CC_B4D68D1C1C55,0.1679654433576802
CC_B4DAED63089A,0.16022080913589323
CC_B4DD9841E6FD,0.2535777980371471
CC_B4EF6743DDCF,0.0732445361474538
CC_B4F67F73D097,0.09194055881127305
CC_B50EB15EBA18,0.11278641370692559
CC_B51DCAAF4549,0.15419852826056046
CC_B51DFF8702D0,0.5435793931007269
CC_B520A001BF69,0.0902705799591102
CC_B529919BF24E,0.6515647996504249
CC_B542342650A1,0.08559762253942549
CC_B54A106E91E4,0.04880288920051312
CC_B54CFFC21F2B,0.12461944426583643
CC_B55C134C04A5,0.20947493279099216
CC_B55C2DBF6D3C,0.1972230444507253
CC_B569705352B4,0.10873652502752967
CC_B56E74A967C3,0.057016578826215344
CC_B57519F33EEF,0.049849401478237326
CC_B582E4405D85,0.08649197866557201
CC_B585A11F7BA7,0.12239809631278324
CC_B59726D36AEF,0.1929234689446832
CC_B5995E4F1A21,0.1297726655721168
CC_B5AC2AAF871B,0.7296959554968612
CC_B5AD19125E1B,0.21193987364355416
CC_B5B1E42858AC,0.05895295765723095
CC_B5B7599E8BC6,0.06786210408559383
CC_B5CAE0595637,0.21944085205369698
CC_B5D49843A799,0.3401830604600934
CC_B5DDFC7AEE78,0.10343598693787939
CC_B5E29344F63C,0.19736496214346902
CC_B5EE5AE6378A,0.4957227222519187
CC_B5F2A93AD996,0.09817606914169683
CC_B5F611613A78,0.06971284827343341
CC_B6055039255A,0.7557026224188768
CC_B607B2B0AFB7,0.056607694078729356
CC_B60CFD0F39F9,0.07433255891052203
CC_B620087B1C52,0.42045883369117687
CC_B6203BBBD151,0.10204250133070555
CC_B622662E664A,0.1677391570221238
CC_B62C9A2BC846,0.15882187801755407
CC_B636210548E5,0.36508250256572256
CC_B642C6714501,0.06262087352052571
CC_B64F81B8A263,0.1298812571013544
CC_B65CA581B9BD,0.14807792949093967
CC_B65D1B9B6F67,0.12029014037152236
CC_B661A8FCA431,0.046556937288921976
CC_B66AC40957D6,0.1349191162347222
CC_B672B35D1162,0.7195016918321788
CC_B68379D197F6,0.09682621375581689
CC_B6923D10FDA2,0.1440513729873978
CC_B69CC776BBE6,0.2481804671240301
CC_B69E50D76B29,0.10644309749969197
CC_B69EAA8C296F,0.210432036335176
CC_B69F7CB8CDA0,0.09712019016509163
CC_B6B4AD157354,0.1582014737944094
CC_B6BD764CB8B9,0.2063034077740708
CC_B6BEC3F4BE91,0.13431376608005346
CC_B6C13F4A610D,0.29614592412975205
CC_B6C1C3B5766B,0.11294931287135387
CC_B6C72241926C,0.14909379180676785
CC_B6CB40E245D7,0.5833976500953272
CC_B6EE58A108C5,0.06571835338250838
CC_B706F631F5BA,0.03689077242861474
CC_B71DC1206985,0.1474534183553326
CC_B72284CED807,0.18473320853453545
CC_B727865A5B5F,0.5829647415489694
CC_B72FD7EFA6BD,0.19217996490889816
CC_B7365B5A3392,0.7677611161769009
CC_B73820D308C9,0.11864942799963514
CC_B743560D847F,0.09489673588503633
CC_B76EF26F7C9A,0.3060899762763163
CC_B7764FC130E8,0.462535842470234
CC_B77B73B95532,0.12026925092455439
CC_B77D6653C7D4,0.033049360731227925
CC_B77DA6B77DEB,0.2706487984516024
CC_B783AE19622D,0.15858995082703586
CC_B78761738CAF,0.01795703464770096
CC_B787BA135B5D,0.39411779031280675
CC_B78B4449EA19,0.12749309946095744
CC_B78B4B7F80B5,0.24497630291835476
CC_B78BEE888CA6,0.0792552795662458
CC_B791FEE1CF37,0.03879533967486179
CC_B79A58AA4441,0.08887775204924232
CC_B79BEC538198,0.11912242795609881
CC_B79DD53178D3,0.07528587265019807
CC_B7A7EFD85149,0.18240071905602295
CC_B7B5F2A15C41,0.13106572448795814
CC_B7BC46A7D4DF,0.10291614001153651
CC_B7CBC65D9AF9,0.4965992689847935
CC_B7D40C5C891F,0.08062310735135089
CC_B7D4337C4797,0.33893746265848934
CC_B7DA04826165,0.32954930968652424
CC_B7DC19DA1440,0.15172555419382674
CC_B829EC622F0D,0.5808242728562663
CC_B82B9C0C7B85,0.6174648096168434
CC_B82C55DEE5E6,0.2954755534628224
CC_B8475B977AD2,0.6879575023456106
CC_B84BD2F4EB01,0.19658907067877118
CC_B86DA7D69F20,0.0437145142252227
CC_B87989F406EB,0.1681890498047142
CC_B88B702183E7,0.03520741854107564
CC_B89B80945ADE,0.20498819102478727
CC_B8A3A44BFE8A,0.4468329182778885
CC_B8A7A6548AE6,0.1832278600453512
CC_B8A8FB83065B,0.16517980220754513
CC_B8AAC20D626E,0.1833211137702857
CC_B8AC99873641,0.06799079554145059
CC_B8C9673B7834,0.08157077123032865
CC_B8D5FEB15CC8,0.07734631803303553
CC_B8DA64A33076,0.5656861210411301
CC_B8E912A01706,0.5981540450595485
CC_B90869280808,0.13623113921651867
CC_B908EC99951B,0.2550081821890625
CC_B90CBF2A6775,0.05147390058719378
CC_B91080C1ADA5,0.3329828253905017
CC_B918FB42AFD2,0.1730210079757729
CC_B92CA425080F,0.12404186182192252
CC_B937F632B71D,0.17214226647188488
CC_B94477C20476,0.37412037822979743
CC_B9483A5C922C,0.129926828506934
CC_B954EC1C63B5,0.40732824598899453
CC_B95580F93537,0.04661391587238354
CC_B96086044329,0.06880014805235546
CC_B96EB0A91589,0.2401676739760212
CC_B98357C70A41,0.6381752064311582
CC_B9929A66C2FD,0.6735356417689418
CC_B9BB52E4C529,0.12405640769056964
CC_B9BD45744855,0.7631449580254168
CC_B9BFDE4662AE,0.11567207480372525
CC_B9CEAF324145,0.030428047657081663
CC_B9E89F42B509,0.21892843100735937
CC_B9E8A3887223,0.21466781816187525
CC_B9FC67268C45,0.2728500841259012
CC_B9FE9DFEB3DC,0.09942232435497265
CC_BA041E14DD98,0.0761977005918455
CC_BA0619F54427,0.1048634512053343
CC_BA15072C4EC2,0.2503436607186573
CC_BA183CDC5429,0.8146705623768191
CC_BA43646012D2,0.40583548906005273
CC_BA4F7E494E71,0.4668231449512805
CC_BA557F75E2DD,0.1880629262492628
CC_BA740903CBDF,0.127471242133739
CC_BA77722A827A,0.5307079876480909
CC_BA78E47BB021,0.23197985018889683
CC_BA8C427054F4,0.03266456467273979
CC_BAA19F8D2563,0.09183883920942314
CC_BAA1BBFF8C6C,0.2945155632391227
CC_BABA44B5FB12,0.08249806311832439
CC_BAC25BCCEAD2,0.07435673184578413
CC_BAC74D0014D3,0.48049819358844226
CC_BAD99E36CC71,0.24707495241884941
CC_BADE7EB1D16D,0.7759938779756499
CC_BAE7410803AC,0.15140597382580556
CC_BAEBBF8054FB,0.1289602335790188
CC_BB054686B6F2,0.04599957436583239
CC_BB05D9DF72BD,0.06234684826936282
CC_BB0D54068D07,0.7993137068640643
CC_BB15DE5E0DA0,0.7303460288231118
CC_BB1A57AA813F,0.1429947289067029
CC_BB1CABE261EB,0.15984698743075199
CC_BB2BC46FCF61,0.2125517424433126
CC_BB2E5437EE04,0.04983051287468794
CC_BB2EF1FF6131,0.08858873664081592
CC_BB2F56C6BF57,0.1113265479856679
CC_BB35CEC5314E,0.10446174548372418
CC_BB39E3597B61,0.03815792957994926
CC_BB3A9EECD51E,0.08413315190641124
CC_BB44CDEE5103,0.19141021390838792
CC_BB458116ABA4,0.3477405411871579
CC_BB5F6936F6FE,0.2228636965842248
CC_BB666F8A551E,0.08058186817133611
CC_BB7355E735D2,0.1149323319749824
CC_BB8A2F186D6A,0.04056193016194573
CC_BB9FDED12C65,0.6648613359534489
CC_BBA8C316C8F8,0.07119387144899866
CC_BBADC7DC73EA,0.20460234808085095
CC_BBAEA7980B09,0.46880789723839966
CC_BBBA078A6429,0.7502681949083977
CC_BBBFC3EC2C72,0.3923827085370467
CC_BBD34B3225EE,0.030686368740956933
CC_BBE6C58C59A4,0.42332814126906004
CC_BBEBBE1E226D,0.107114966312417
CC_BBED56D34D38,0.13028006626605862
CC_BC0244FBDAF6,0.1805949319873408
CC_BC099E880236,0.18710325459417992
CC_BC0F05C89E25,0.11896030002560638
CC_BC1BD06C1085,0.11187493260137993
CC_BC21E8824A34,0.4546713222485266
CC_BC23655B2BF4,0.05921825347097401
CC_BC24F9024F49,0.049629120809644975
CC_BC2A58939715,0.10193574745237595
CC_BC2B90F226E0,0.20687907793311228
CC_BC31382964E4,0.042051351055920824
CC_BC31DA3EAFFF,0.13055919011266162
CC_BC3A6CF6FD16,0.12261907483850626
CC_BC410BDD9ED8,0.25151481663657926
CC_BC458960887E,0.14802121171084454
CC_BC484C329704,0.15294911681646725
CC_BC4D6D6D4553,0.3341292309483863
CC_BC5A59D88AFC,0.08382281381739308
CC_BC736DA19A00,0.16997621469175167
CC_BC7B9D13978F,0.192255780387944
CC_BC84BF34D69E,0.2775844999206395
CC_BC95D473C9CE,0.18275519020270176
CC_BC96FC9DCFE7,0.11782869946636171
CC_BCA0D6159C23,0.18936048804342712
CC_BCAE73132BA2,0.07703102070968257
CC_BCBBF055366F,0.05046144990806248
CC_BCC94F494979,0.09012377025389937
CC_BCF75F8B9A5D,0.12095160498779269
CC_BD10F4F15094,0.08806070949684229
CC_BD1A2052ACD5,0.8043283058442968
CC_BD217C39702F,0.3857978886982014
CC_BD2A9D4B9FAA,0.25109375016126523
CC_BD3EDD1630E8,0.04396671316035049
CC_BD4AAFE9EFEE,0.05932686803506437
CC_BD59D1252975,0.08108940391162607
CC_BD607BE97C17,0.09306538517389268
CC_BD889F165227,0.10421542687986365
CC_BD900B6BCF65,0.15809493997518587
CC_BD9967660461,0.4595047968834417
CC_BDABB99ADE2A,0.1731356702235439
CC_BDB07C66EDBD,0.4917616859273476
CC_BDB71DAAE50B,0.09822685896317329
CC_BDCB91FACECF,0.12329567315708645
CC_BDE1E398B4E4,0.06299583505550296
CC_BDE8D325637B,0.6539366983921726
CC_BDE9E7F390AE,0.09892359299033954
CC_BDECF392D7F9,0.15726646977619815
CC_BDF401C3BBCA,0.13367629577031012
CC_BDF53C42C5BC,0.22289310729409575
CC_BDFE5778530F,0.3378801365312737
CC_BE05EB5976EC,0.7444271796938061
CC_BE08A6D5E76D,0.04560173041059754
CC_BE146CE5BEE6,0.18067058734243496
CC_BE24C1EE877A,0.12540975448598807
CC_BE27E98C4BED,0.07125782968169382
CC_BE32DACBF6C2,0.10308308495211066
CC_BE3F52F9C9EA,0.13041960396966618
CC_BE3FC1024389,0.15403323971214
CC_BE4595898BF9,0.09452095719204442
CC_BE4F1F53F4B6,0.08504508489641639
CC_BE648663620C,0.16749211110723927
CC_BE6627F3B9EE,0.6874174270542555
CC_BE673F70B591,0.3510093124427884
CC_BE704640727F,0.030419695520886476
CC_BE7295B354DA,0.3602287745393684
CC_BE760A430ACD,0.20629434501974442
CC_BE8A340F3876,0.045512658686132315
CC_BE9CB8845101,0.18694080036447003
CC_BEA12286E57C,0.14059530856943225
CC_BEB24EB997CA,0.10960609716728376
CC_BEB80CCF2ED0,0.051267415797658804
CC_BEB86014B5BF,0.19135000693392346
CC_BEC035C8801A,0.1345242634460265
CC_BEE1B858F0C3,0.34585685842814323
CC_BEE664893442,0.20674751476060657
CC_BEE75A33F038,0.046559616027849283
CC_BEF22728402F,0.6232875051019122
CC_BEF8AB2DF19D,0.39403626134576364
CC_BF03683CC755,0.13160087321816888
CC_BF066CB8F7A0,0.18075907089774418
CC_BF154A9FEE8D,0.13521615242314267
CC_BF17E635C67F,0.10594665775205163
CC_BF196AFA6AE6,0.1645022928370789
CC_BF2012FCFE14,0.1959334909437219
CC_BF3733356D4B,0.42994623480563593
CC_BF376C8D14ED,0.5287543511970046
CC_BF3BF8B9F646,0.10663704238310559
CC_BF588A5FF18D,0.665386176958874
CC_BF7C643B8874,0.03844781356089312
CC_BF8919F14394,0.14770693356570896
CC_BF8B759EE1EF,0.06401201003130558
CC_BF971FA7A950,0.13979299565421405
CC_BFACE960372A,0.11022478447199544
CC_BFBF917EFEB7,0.6360822940446035
CC_BFCAE2959708,0.04336913672491749
CC_BFD80ECB739A,0.22714802022775699
CC_BFDEC7E68821,0.06544366226145697
CC_BFE3AD881F4C,0.049452237974132826
CC_BFE511C0F9F3,0.5549038249004448
CC_BFEE9CF8A6E9,0.08888874562783367
CC_BFF8E82FE4BE,0.14147558053447318
CC_BFF9E8C0FE28,0.5448444905696537
CC_BFFCB2882E26,0.04334244506881294
CC_BFFDCACC1E4F,0.10123454342505592
CC_C003A15648F3,0.09590844673987425
CC_C004160ABB18,0.14124626312638766
CC_C012746F45D6,0.10511942910541071
CC_C033B4EC89DA,0.1387419447743066
CC_C03578357D0D,0.42903975205134814
CC_C040C14F27A0,0.05278018851284778
CC_C0474C48C443,0.1380146629035292
CC_C04A1EF46A13,0.24519165342627144
CC_C067DA2C5F99,0.4216384213399589
CC_C0731DB0CD7F,0.6232234658826622
CC_C07C70AA1AF0,0.13929707491203994
CC_C0877F4DBC62,0.09944356422165475
CC_C0896CE6B4E2,0.07413870021910098
CC_C089B0517E81,0.07346316526257589
CC_C08B9066A5BB,0.1967061149001197
CC_C08DFB22BC71,0.09358202648394275
CC_C0A2108BEC82,0.19715546913218548
CC_C0A6B0787F91,0.10123786348297807
CC_C0B29B279C90,0.10881998441436652
CC_C0B7151247C2,0.10601830633349504
CC_C0BEDCC974E6,0.09241253782302442
CC_C0C6F913C2CB,0.6873020312616084
CC_C0C7EAB055B1,0.18793937174305886
CC_C0CCCF588BEB,0.2550216330693027
CC_C0D65A1BC1DF,0.5737119854788226
CC_C0D6ADDF1E0F,0.07662082456206723
CC_C0E49708EB44,0.2185126460691012
CC_C0F32BA57D17,0.0413760089605275
CC_C1094828B26C,0.31348989150690293
CC_C124E4C094F3,0.2498873136927683
CC_C12ECF48FA03,0.18393777611194223
CC_C12F5F7E5C54,0.10871984804978407
CC_C131509731A1,0.21031947499123982
CC_C14173B64C58,0.1810198178026317
CC_C14A4D39F494,0.3750551530549388
CC_C14DC9106B7E,0.2977666280921045
CC_C1624A910E58,0.03543377916765942
CC_C1645FA6EE7C,0.09057982560714589
CC_C165A26E7C1D,0.720877869756775
CC_C16824A69631,0.056109926880588336
CC_C177831DEDC2,0.08172631612072989
CC_C1815DD481ED,0.684071398328753
CC_C18313F97FC1,0.3232475521469138
CC_C18A7BC23071,0.28367954043243393
CC_C1941883C762,0.11878429668852236
CC_C1A0989CDF23,0.023001718419486138
CC_C1A8C99D910A,0.10822099651366814
CC_C1B057BAE0BB,0.27810139257265043
CC_C1B5D9A95708,0.0873118793145832
CC_C1C28181E30E,0.09991163503232067
CC_C1E8CA45E983,0.09507606294423995
CC_C1F4DD05F5FB,0.18162320653552957
CC_C205BAC0D181,0.06586124048004231
CC_C208790016F7,0.07444306412208485
CC_C219E603FD0B,0.06087370729752948
CC_C2323893E922,0.12831108633855817
CC_C236A614F73D,0.11775758034413672
CC_C241491551A8,0.11564214757397315
CC_C247E0377048,0.11783926062336161
CC_C24FBA584039,0.2680629845442696
CC_C25078D044CC,0.18335465620016558
CC_C255BE787955,0.2094918398227773
CC_C25ECB5C5FD8,0.05951171766840828
CC_C276E722FB1B,0.29800174140524305
CC_C279090E1F74,0.7726388549716058
CC_C279CA96D14A,0.13350320295922158
CC_C283330B9999,0.04619813661686331
CC_C289AF57EB24,0.27446377739258854
CC_C29558864857,0.11784878314619582
CC_C29846DE78AC,0.6052016936661206
CC_C2AEE09D92AD,0.10239760322427803
CC_C2BBFB603032,0.349938242722618
CC_C2C2B2EEBA69,0.04118864729355353
CC_C2D1CBB42952,0.16896342749169865
CC_C2D4587A871F,0.7163799006261117
CC_C2D583F20739,0.3529070957277109
CC_C2D9086A8C67,0.07958451885805264
CC_C2E8FA308586,0.171950467848959
CC_C2EA104630E3,0.09859268072310415
CC_C30ED2C6265A,0.04994099126858627
CC_C31BA9FD4FFF,0.2755003976110072
CC_C31DC3117984,0.17549840529050018
CC_C33142B2E26E,0.4292053142223629
CC_C340668CE604,0.07539320686113302
CC_C36580241000,0.13921008885321495
CC_C3664AFC710F,0.10489442470537874
CC_C3676D2ADC91,0.20555825223269186
CC_C368AC6AE19C,0.03538028827485078
CC_C38B446B7432,0.18571617239618649
CC_C38BE6D69E61,0.059656482133870876
CC_C38FB634E7B9,0.07070862790679144
CC_C3913A125FC9,0.17009563881206113
CC_C392AC1AABDB,0.13809867404506992
CC_C3A37C3EDCC5,0.3411798511602946
CC_C3A42A96D260,0.23344837570810476
CC_C3CA355F78BC,0.10196952385963698
CC_C3CD972B25E9,0.140977837201365
CC_C3CE9FCB05EA,0.04991045158984049
CC_C3DA12B31CD5,0.09167706471172446
CC_C3EF46D2CF29,0.17593592563137575
CC_C3F301EAE202,0.18257506358463826
CC_C404C200B723,0.10605109742932817
CC_C40BEE2EAD73,0.2510303950838272
CC_C40CA3E960D9,0.1418794388428733
CC_C40E0EEBA53A,0.1643830696712138
CC_C42183D7A586,0.08970106511514717
CC_C427199DAC5F,0.4651929491659599
CC_C445AEF194CA,0.07577661787698758
CC_C45051D20EC8,0.12724717591257695
CC_C47FCA703A69,0.3015619467821643
CC_C4965C6C6935,0.33166483914456174
CC_C498BD798847,0.046240614335219705
CC_C49A42D1C3CA,0.08843523949320634
CC_C4A2F5B06976,0.057602888038873645
CC_C4B632AEB96F,0.15760122041513855
CC_C4D194378554,0.0315361974421135
CC_C4D90E9CA5E9,0.12001660149330899
CC_C4D941D5A5F9,0.14670547080306018
CC_C4EB2486A9B1,0.20296295171762077
CC_C4EC2923D96F,0.2964236687706491
CC_C4EC9ACAE8C4,0.6896799602750874
CC_C4FB2ECB13DD,0.2790418651543491
CC_C50467EBCC58,0.07770683789469326
CC_C50C5E2A77CA,0.14642710689535435
CC_C50D7FAA75C1,0.0411152434893014
CC_C51FE3F4D2F3,0.17239335774349132
CC_C5234F4713B7,0.07454015226554063
CC_C55110310E14,0.10346071992073365
CC_C563D509181A,0.08505402661694708
CC_C5736F4887D6,0.7504025719197487
CC_C57C4F09442B,0.09348751380862422
CC_C59D2CA55CAD,0.8077090283263606
CC_C5AD04ABF022,0.08765740417052655
CC_C5AF7BF4B951,0.03280935341026027
CC_C5C5FD9FCFE4,0.6592102983500513
CC_C5D9A89022EF,0.2050688045186505
CC_C5E1FA10BD6B,0.17348472674312715
CC_C6039EF0459B,0.1547223572509998
CC_C6133F44EB0E,0.0986001086768308
CC_C637C1142503,0.7695574083253847
CC_C65496C86EAE,0.12426157462195736
CC_C67C2B86A807,0.13727682991164275
CC_C690CF8AF3B4,0.108346176976296
CC_C69204FFED48,0.30737330626688264
CC_C69DD80E5055,0.10709510265745681
CC_C6AE389CA79C,0.061412674966902274
CC_C6AFA8AF33BB,0.09239049093296445
CC_C6B56B2869A6,0.37342312285686796
CC_C6B61E03B42D,0.23216135119715242
CC_C6C2B357FDF2,0.10504491365371535
CC_C6C4A4A318E4,0.11712625288674926
CC_C6DECDCC7956,0.1871449729790411
CC_C6F134ABD932,0.6156244386091803
CC_C6F24128D8D3,0.16836271007385933
CC_C6F8C5E3D746,0.10876618131256403
CC_C6FB2BDCC78F,0.3749392839241421
CC_C70DBEB08378,0.8137674567770922
CC_C71AAC6F9607,0.10820163933790788
CC_C73D1C53BEC0,0.35852787646523887
CC_C7423B380FD2,0.05795402280980451
CC_C747ABF2B4BC,0.07982751316554232
CC_C74F0C45C093,0.14636452013409826
CC_C75307665BCF,0.22421435650723787
CC_C76473DBFF83,0.3215832919145654
CC_C7652C2D1CC7,0.21671683666845912
CC_C77B38900325,0.24199428100871254
CC_C782A94E6754,0.03925338261311531
CC_C786E0FDA098,0.7600550852291026
CC_C794632B3AAC,0.40545541053864775
CC_C795250A7B3F,0.10482175967910866
CC_C79BF5794AD9,0.04392034031417741
CC_C7A2A7BF85C5,0.060839695553672496
CC_C7A2CEDA36CD,0.4900439907322684
CC_C7AAAC514CD0,0.08170443228740984
CC_C7B39AE8206F,0.12982248711633282
CC_C7BA884F8DCA,0.15142206284009757
CC_C7BC592C11DB,0.04597127103294126
CC_C7CB29EBCEE1,0.042174884386490336
CC_C7D2BE35C77A,0.08551639306355534
CC_C7E56C7FFA19,0.16847185287822466
CC_C7ED63E403A8,0.07860703437160715
CC_C7EFF4BBEE1E,0.06147763077627532
CC_C7F1C90A261F,0.1515136304367678
CC_C7F38C2DEDFF,0.17622121999502605
CC_C807F881A35F,0.24366508426110306
CC_C808346EF2A7,0.04058957877193586
CC_C822401D05A0,0.13319071897617796
CC_C82D0EB32984,0.09180720092602843
CC_C82DE4520088,0.18363047678165867
CC_C84080607284,0.06817303319723116
CC_C85DEB66D6EC,0.28992771784375065
CC_C8601860B3AB,0.2924240562628542
CC_C86B56E5B000,0.11924971806140783
CC_C874E7D8B96A,0.062472308921467934
CC_C88F02C38654,0.17328317754592917
CC_C895990DF270,0.1730158820652139
CC_C896D6E93110,0.38187274546127115
CC_C8A57920FB6B,0.07994166856577938
CC_C8C2CEAC6750,0.45888798770659
CC_C8CBB38CF4B6,0.429804049496312
CC_C8DF2AEC8023,0.14233837214160366
CC_C8E24B1925A2,0.19293042840808539
CC_C8E2F0CA5050,0.6760595493848904
CC_C8E875AAFD58,0.2584908419798287
CC_C8EF7366016A,0.0693732648564961
CC_C8F1FB9C56E5,0.09917590903574662
CC_C8F2FF7E6DAF,0.1097776865385944
CC_C916DC82A00B,0.31770948534547194
CC_C91FF308D57A,0.05790779435965518
CC_C9297D88CD26,0.3491937377158766
CC_C932D885E1AA,0.18226326361888348
CC_C947A66A6A34,0.14115916414235363
CC_C953D19C82A6,0.284733619877758
CC_C960365C1125,0.25989248295340406
CC_C96221203852,0.25981905385392257
CC_C967937FC81A,0.6725887100767282
CC_C97434767545,0.21118363867789502
CC_C974620D4D4F,0.28557076751849136
CC_C9749B07E3CC,0.13053848031709003
CC_C979F86EC4EB,0.056817130683690896
CC_C9882357496D,0.06830412262932342
CC_C98B5F2B994A,0.09590931754486856
CC_C98CA453DC7F,0.12468543797134188
CC_C996515164AF,0.7135343196628586
CC_C9A1B8F512F3,0.4340868617890942
CC_C9E008678B77,0.08300190170818918
CC_C9E89E3728DA,0.20896397304019163
CC_C9EE0357CF4D,0.17554624995767432
CC_C9F15C15BA6A,0.12820195732391448
CC_C9F3BB887EB9,0.1817811788620017
CC_CA0906B9B58E,0.07332377044404721
CC_CA16B9133E4F,0.30523876492426916
CC_CA2524A5C7AF,0.3017387423391408
CC_CA2A17C9CD44,0.45821394951015715
CC_CA32C61E255B,0.10471335158589071
CC_CA37F92A8BC6,0.13578578241018485
CC_CA3C9D0F42A2,0.5760868500841358
CC_CA4669FF2379,0.11091797542888568
CC_CA486E08F176,0.05470905217532421
CC_CA5CF069C36C,0.0734954202635404
CC_CA6AB58D2C8D,0.2583102490861987
CC_CA6EDCBFA9E3,0.17956684012656282
CC_CA6FB58C11F4,0.07210411083107876
CC_CA7902338F91,0.14096829107677594
CC_CA7BE11DCB92,0.12431837087562214
CC_CA87A148C386,0.0708357663069798
CC_CA8E7E45347C,0.15941540345503613
CC_CA9214D0E170,0.15290521717068692
CC_CAA07EABEF71,0.06254445228843139
CC_CABC0190A9BF,0.5327343848605837
CC_CABF171B8582,0.5832109449818803
CC_CAC2F989A2D6,0.21887627304587337
CC_CAC50FF13A43,0.4760017117684593
CC_CAC9C52B6FB8,0.25199698743558585
CC_CAE19DE8446F,0.062143952796864715
CC_CAE5F6D8328C,0.49059796422125257
CC_CAFA0C6DBCEB,0.05881774037019277
CC_CAFE5D6E3E1D,0.11732811354934365
CC_CB02A97FAC1F,0.20599778114601294
CC_CB1155AAC7EB,0.13829715578665985
CC_CB1B2FC5769C,0.17636172937630873
CC_CB1BD3C19303,0.160347328907106
CC_CB2423DD4809,0.7797121829524283
CC_CB33381406F3,0.6515730875640336
CC_CB3CBA971E97,0.09604950048757964
CC_CB45CB5C940D,0.18994165458015438
CC_CB4A2667F8CE,0.21587526834681464
CC_CB4EA92BE238,0.05893423566294962
CC_CB4EE5CC0B09,0.16943946036180826
CC_CB50BDD92A4D,0.21926551609415562
CC_CB6A55831080,0.06756993850674345
CC_CB6CE149111A,0.13349333337116215
CC_CB6F9DA78019,0.031482945230188075
CC_CB722FAA608D,0.21274401946901708
CC_CBA786C05C1C,0.7420118303874746
CC_CBA9A6206DCB,0.15030824893084715
CC_CBB7AE2847B6,0.19666550254917256
CC_CBB9DDEAC819,0.0304711668526812
CC_CBC30D127BA4,0.08266861117746024
CC_CBE67EF0D3C5,0.4740937805909398
CC_CBEC318365B3,0.3935898655247217
CC_CBED6669EDA7,0.07761082552469206
CC_CBF1B052FA7E,0.07829975720242766
CC_CBFC7EFF2F94,0.1361451700727752
CC_CC27394B5E35,0.07835483819944805
CC_CC2A7B3D7A55,0.15056859046277205
CC_CC34B2523794,0.14465719472498836
CC_CC34E9023873,0.6988721760864891
CC_CC37D81F02A7,0.6377768714453674
CC_CC4822AEDB83,0.694924572878171
CC_CC5D6CAE5ADB,0.25122937814596874
CC_CC6D27804EF0,0.07258688280759025
CC_CC71D4876B90,0.09968496491123842
CC_CC75EA7F2C8F,0.09248073017570263
CC_CC9214A5C0CF,0.0871327284004283
CC_CCA2B8D2446C,0.40765670751497335
CC_CCAB3E56FD92,0.1804843288863123
CC_CCAF321D46D7,0.02870577732018288
CC_CCB46EA56584,0.21280397004398272
CC_CCB60CB8754C,0.1321668328678502
CC_CCD759553325,0.06276537309484315
CC_CCDC28D49832,0.14814219521067912
CC_CCE55029E621,0.6403305467971057
CC_CCEA133D7268,0.4720323681721974
CC_CCED6CEBC3D6,0.3920756142189835
CC_CCEE76415B51,0.31279050901867145
CC_CD1326D52AE1,0.6729828906653703
CC_CD35EEA81CE8,0.2958806480479929
CC_CD373485942B,0.08709510420407342
CC_CD379DD39658,0.2934565186536463
CC_CD37D5CF0EB0,0.17454406487383028
CC_CD380545A7A4,0.08208797137835565
CC_CD3A378249BA,0.2251793677950448
CC_CD415B1C7741,0.03957933239074734
CC_CD4976814F28,0.03849660922282596
CC_CD4F5F1C357B,0.2769229239670855
CC_CD54829713AF,0.0811711763619274
CC_CD5E3556D5AB,0.1766922399237674
CC_CD6C797F3C4F,0.06826792539155752
CC_CD7BA8F6C4BD,0.11794761084858932
CC_CD8352F0478D,0.18583034620648475
CC_CD972E578564,0.7771293556828793
CC_CDA1B20179B6,0.11493452001969301
CC_CDA2A36B81B4,0.2547690921265144
CC_CDF6354EC332,0.07030054132163008
CC_CE01E17132E0,0.03409038794602727
CC_CE1280B30475,0.14172008699680588
CC_CE134F878294,0.054361085743557025
CC_CE229894AC00,0.11230730602870351
CC_CE26907B9D30,0.44796373109692955
CC_CE2755B42DAC,0.06733938644746718
CC_CE2BD7F74421,0.26952209092300405
CC_CE3784121355,0.14561282536236309
CC_CE41F9FF509E,0.21618014077386757
CC_CE5AF0E9A157,0.07224604653014231
CC_CE5EA019DCAA,0.07641758728011246
CC_CE6460FE39F6,0.11548450531388668
CC_CE72D1734761,0.6490642799199272
CC_CE7FC560768D,0.3546602893650859
CC_CE871DB3950F,0.31901068345824296
CC_CE8D1564C4F1,0.140624089296018
CC_CE93240526A9,0.29617807819411346
CC_CE980FCAB154,0.29246390189079474
CC_CEA0FAD348F8,0.08233177581173783
CC_CEA369A3451F,0.059340424145004275
CC_CEBA67081418,0.24108607845145014
CC_CEC0C00FE770,0.5457077183713457
CC_CEC3B21D2982,0.3994688354263407
CC_CECEC680F701,0.17889160936062998
CC_CEDB263DB07B,0.03592005507220029
CC_CEDF9C14DC79,0.2656433016867427
CC_CEF23255BE06,0.05849903686953676
CC_CEF8C71C4E8B,0.4065340564825431
CC_CEF91FDD41AE,0.38258655069049374
CC_CF0B68684C3D,0.09181867060451371
CC_CF149865368F,0.1009661770775198
CC_CF2A7A5582C2,0.18575582621094808
CC_CF2B3E37CF2E,0.38831296861988457
CC_CF2F163CE005,0.16621480268205124
CC_CF3C063DF626,0.17243727723082278
CC_CF3E91DB8220,0.2882744798726115
CC_CF3FB5744443,0.7030737664448587
CC_CF4991B8EFE9,0.09956800961016121
CC_CF53FD3AC9AD,0.03340888268140072
CC_CF5A140B279D,0.2017926865352776
CC_CF613A7162B6,0.11998654172007156
CC_CF6A8A460B19,0.10120737335115342
CC_CF792E77A16D,0.049192495140457565
CC_CF7BAF373E0A,0.032951317779668844
CC_CF8B1D0015C4,0.1488189072283202
CC_CF8D0517B79F,0.08041465763473951
CC_CF92037ACA93,0.20574725790336612
CC_CF960A300F40,0.27338656954047325
CC_CF96B6335E6C,0.16411513314835102
CC_CF9880D67A7D,0.18688719431510295
CC_CF9B249283A7,0.7028073489893618
CC_CFABF7407978,0.20616863743117925
CC_CFB2AE99EABF,0.1298630360496697
CC_CFC0BC440771,0.13476238555944148
CC_CFC235739F25,0.5765439064636001
CC_CFC6E8954325,0.057401455375607105
CC_CFD37EDB214D,0.2281551470627296
CC_CFD93C04478A,0.5813090680803902
CC_CFE0AA5381FD,0.5945950077270585
CC_CFEB021AA137,0.04931177472843787
CC_CFF6E2A6A3F9,0.303666320441935
CC_CFFDC4947256,0.16989203337051742
CC_D009368CE434,0.049509331089770195
CC_D02E59E08B02,0.04350646582571019
CC_D03848B7353E,0.05226005331790308
CC_D03A69B1563D,0.1433035390388464
CC_D0576802096E,0.09026788636690253
CC_D0582E0F3440,0.05259183375733634
CC_D059D0BEC5D5,0.37995654427040415
CC_D05C4A8F2A25,0.13523059777675167
CC_D05FBA9B9040,0.7151140921340793
CC_D0653EA71CAD,0.1582938285191521
CC_D076A984B786,0.14732359288963878
CC_D08FC2D99CF5,0.20181609498958747
CC_D09942A02904,0.10951864973795275
CC_D0A8EA2D37F2,0.15374693310048082
CC_D0AAD35C800F,0.12138428110271879
CC_D0D666EC0244,0.09222165305078267
CC_D0F3F68F4452,0.49244853250061604
CC_D0FBDE8ABAA7,0.09694986343866313
CC_D103D50237D9,0.24216193730523844
CC_D11E5A30CF3B,0.2670434944847066
CC_D122B30AE7CB,0.5535853736573227
CC_D1679B40D83A,0.093807823043248
CC_D1760785D631,0.26537634341765065
CC_D18088587757,0.24908947652588992
CC_D184160042B7,0.3180371070441393
CC_D1886485E8B4,0.15126678328388765
CC_D1893DD5B4D4,0.100446771720575
CC_D18B60E035CE,0.7363550967338943
CC_D191D099789D,0.08330397440318711
CC_D1BDB41E7FF6,0.07808939097271783
CC_D1BE2E6E9C9F,0.1869230231350194
CC_D1BFB29BF61C,0.08072382500592705
CC_D1C259F80E13,0.09085042728914017
CC_D1C63DA9CA93,0.10559914230196454
CC_D1C931E4F305,0.060611286794329075
CC_D1CE25F271BE,0.14598212122414106
CC_D1D2127A0C67,0.05441133713745375
CC_D1D31EA359F4,0.1356260400553796
CC_D1DB888BD9B0,0.11364034483114635
CC_D1E82B9DD102,0.1634058743016117
CC_D1EF68A649AA,0.1267499846608624
CC_D1F05E69F80F,0.05536639286927777
CC_D1F6FE158DCF,0.27595452674589727
CC_D205612FD566,0.6215817964685001
CC_D21474C31E3C,0.683865291197143
CC_D2195A061A0E,0.6137025699514188
CC_D2199CC1CB08,0.02885085459265687
CC_D21FCD9DFE53,0.5437318373354931
CC_D233B2C8062B,0.4187035179990475
CC_D234CF2C21AE,0.6639253682083859
CC_D2373015DF41,0.047612698314267766
CC_D239CBE1012A,0.11159999187486458
CC_D2591377E980,0.7244014195236721
CC_D25E25C831B5,0.07483966350185153
CC_D262BB13DAAF,0.28346271958602787
CC_D272BC699F38,0.06173377265623406
CC_D2813C835750,0.7662154123978088
CC_D285B0D67016,0.02462497659642259
CC_D28FB525E310,0.26698553415939397
CC_D2AFEE04E96F,0.034350507191934984
CC_D2BBAA423304,0.2033542483685742
CC_D2BE8B4011D7,0.05495410253265374
CC_D2C49D2FEBF8,0.1927046629938103
CC_D2D09498D333,0.15947036385096147
CC_D2D187DA334A,0.12415833576310209
CC_D2D47A5386CE,0.27026875614757545
CC_D2E98F50621A,0.03958961193802432
CC_D2F265035F0A,0.04663613394746365
CC_D2F91355C6D0,0.15800265022440174
CC_D2FC934F8324,0.14052168209798999
CC_D3044C67CFFB,0.049998533615096055
CC_D313F2C49E46,0.33040129953663594
CC_D31FFB053D60,0.12030707934302222
CC_D336DB6323BB,0.3091570043685753
CC_D343A7CBA377,0.06210582625445368
CC_D345AF4C4B61,0.18323451818438952
CC_D34FA9410740,0.084938558218891
CC_D354C5D1665A,0.1650527822977673
CC_D35E96480AF8,0.31233190626298624
CC_D3616386D6D2,0.1348841567583675
CC_D365173E852D,0.7613464835188407
CC_D3683C6CFC5C,0.6433306142332557
CC_D373463038E0,0.05312038391422083
CC_D379CF8E3FAB,0.7216509406810029
CC_D37B4CA7F3D8,0.046594961206717744
CC_D37B5B3CA4BE,0.6829894739081123
CC_D39265D7B6C9,0.052682236398160234
CC_D39E3F732408,0.06638028460822032
CC_D3A7B21165B3,0.30538093338065553
CC_D3A9028A4660,0.04475066238297576
CC_D3A948322BD5,0.6900572261191509
CC_D3B95DB5E6C1,0.27959925531915486
CC_D3C8C5014D5C,0.1845431486926107
CC_D3D80929AF52,0.0932672582246011
CC_D3F25136073A,0.19039029786175002
CC_D4102AD032BE,0.23916675741650595
CC_D416EFCEAD89,0.04602993394317188
CC_D41C5030494A,0.6879937356253742
CC_D42E477596A3,0.054031598114952055
CC_D432C89BADA8,0.13105147155213043
CC_D434638E9569,0.12009605085466063
CC_D4518F98BB77,0.08702608338043918
CC_D452847F2A4C,0.08618353234759088
CC_D454056F92E6,0.2478603632174119
CC_D461FB973AB2,0.8126389182364919
CC_D462250B13D3,0.41228930650728024
CC_D48E686A834A,0.6868331557364451
CC_D48FFD985E51,0.07515702441848474
CC_D49263A1BDF7,0.1194472271218747
CC_D49668C65C33,0.02931725981711717
CC_D49D9C57A849,0.10120332230201315
CC_D4A029A150E4,0.1833659729278821
CC_D4AC998C0BC8,0.7008319494002315
CC_D4B02AAFC697,0.13613236121966787
CC_D4BDF0F4FE9E,0.11181008617100467
CC_D4BF2778371B,0.16933477305427846
CC_D4C0F4DB3501,0.17335900251302094
CC_D4C6DD8A364F,0.14291059058732714
CC_D4CDE2A1E174,0.1610517658540655
CC_D4E7EE35695B,0.15651169369882229
CC_D4ED652E86DF,0.2944967829259344
CC_D4F844B54B84,0.03880788516745069
CC_D4FA0055DB4A,0.03590199843537647
CC_D4FDCBAFEC74,0.7122870187447439
CC_D517D90E105F,0.09435551208130383
CC_D52B87A01028,0.23478991462772997
CC_D530C3D1DBF8,0.6447263279023783
CC_D5327E41EBA2,0.10395015925312437
CC_D53C8BCA531F,0.08381473188008517
CC_D540C7ABF683,0.6814688721466826
CC_D54105FC1349,0.3623803491349824
CC_D550CE8B9313,0.7424643224810417
CC_D55C5B432387,0.1665647695414792
CC_D5646FCC5E14,0.5779210932786694
CC_D56F34613338,0.1276362811815876
CC_D573AF0F1674,0.10711142873629226
CC_D586E2C2B3EF,0.19895196821489125
CC_D589E388CA02,0.06361384551666935
CC_D58EBD954E68,0.313097232433851
CC_D59AFE884BDD,0.4770454519746649
CC_D5AC596A85E1,0.1654487557748986
CC_D5B99B578573,0.044701650711502186
CC_D5CBF4A4D3B3,0.10260528234602624
CC_D5CE05EAA837,0.21067471648018932
CC_D5D36A6C8DB3,0.07730972909347034
CC_D5D8D545736F,0.08086580787089036
CC_D5ECFAF8C1A3,0.06081288298152211
CC_D605715F737A,0.1446734001509074
CC_D617428B4B0E,0.38120976007358254
CC_D61E8E5C4414,0.14286000250107933
CC_D652B5F05769,0.1757907288649116
CC_D6564D0CB9A8,0.19280293623158662
CC_D66183657419,0.0693505404095485
CC_D66BDD3E1AA7,0.11265335907863987
CC_D66DA331534A,0.09667372074699906
CC_D687A780C0E6,0.0448721217103776
CC_D6AE871A4C9C,0.0972519493156623
CC_D6B7AF1FBDD4,0.499419159557395
CC_D6B874308353,0.5957577173858133
CC_D6B8F47FE484,0.5078232032599647
CC_D6CB1BFDCEEA,0.11816819775789358
CC_D6D47D7E1C51,0.037560890230909146
CC_D6DE060699C6,0.1367580975873866
CC_D6E06014457F,0.7985653900273915
CC_D6E8E17EA449,0.320957042951333
CC_D6F216AB1C4A,0.15358051875765685
CC_D6F5E3A51C8A,0.09946003454084903
CC_D6FB3B76D7A0,0.5890445641643306
CC_D6FBCD4BA3DA,0.2826989862899667
CC_D70918916097,0.5232525528561125
CC_D73B1B9B81A5,0.04705949795509322
CC_D73E9E24BB48,0.11836482186261757
CC_D74AA0F20466,0.13333440528675528
CC_D750070C44BB,0.7133148799345208
CC_D7529675CB7D,0.17041595378590157
CC_D75C8CDB510B,0.6538470405727341
CC_D76009C47709,0.2909676974954572
CC_D771775A58F5,0.20142629249686414
CC_D77F9D613EF7,0.1902594252460703
CC_D7999C3EDE22,0.18873126724870604
CC_D79BF1D26499,0.19468390585494777
CC_D79C05885899,0.12252146706598545
CC_D79D4F15D10C,0.03188047679834288
CC_D7A11E3512D2,0.052874568565494835
CC_D7AD7A7279C4,0.14217507931006437
CC_D7B35055AF0D,0.1792631905444714
CC_D7D99409D57E,0.32216820991706885
CC_D7E403181D8F,0.13032642409929535
CC_D808C7BA9399,0.12178918190008535
CC_D80DE8B544F3,0.042528279107262916
CC_D81D19AEFB77,0.032813123288117224
CC_D81F317F6384,0.1412568333440532
CC_D844D9DF962C,0.0645862163995784
CC_D847D978387D,0.04074118522913458
CC_D85C7B85C440,0.2533395162075173
CC_D885591596E7,0.0922146304704362
CC_D887D07BDE23,0.38273383043689907
CC_D88ACC0CFDA5,0.1008606468790849
CC_D88BDD0F510C,0.05594819970852592
CC_D8956424CB37,0.4003132306049043
CC_D8959BB99A7F,0.2712816724151159
CC_D89A9A14B5E8,0.05682726877059835
CC_D8AD01F3CCE7,0.05210294254774106
CC_D8B4122DC296,0.11112341424454608
CC_D8C38B187875,0.7240620986333504
CC_D8E55509595E,0.052761811112947185
CC_D8E6B90C37A3,0.10745895528140326
CC_D8F1AECFCC2F,0.0610558407229702
CC_D8F7672C70D7,0.031629590459512
CC_D8F7E904E7DF,0.16200905496306545
CC_D8FEF1C99F88,0.6643791171092186
CC_D90761F9E9C9,0.41383846425062587
CC_D90D9D5C8FEB,0.08388272099157759
CC_D912917A4F4E,0.7441371014378155
CC_D91ECE64FD0C,0.1005054811255536
CC_D9325E5695D5,0.0446213318737536
CC_D9563654A397,0.19329287015700136
CC_D95766A6C24F,0.10235578247778761
CC_D95939B1BBFA,0.05673117147687896
CC_D96729C38BC9,0.07287153116804235
CC_D9791EFF766C,0.21762370526260108
CC_D97AA7C54F6D,0.11074244233922473
CC_D98BA5CE8EE6,0.4934886963263739
CC_D991DAD5413D,0.1516502100837628
CC_D995C89AA359,0.21391426554130638
CC_D9A54F55AD6A,0.11123237079475275
CC_D9B87A96C353,0.22662020391460652
CC_D9C42B0B6A0C,0.18687105540297863
CC_D9D487E78FAF,0.669323529619081
CC_D9D744A66B09,0.11276221967607922
CC_D9DA3F6E2E7E,0.16838319539758365
CC_D9E5792258E4,0.07760353582318286
CC_D9E6B9CBEB77,0.052244164463854874
CC_D9F0CDB02AC6,0.1412455160863298
CC_DA0201D1BCF2,0.10690061861181815
CC_DA0500AFE692,0.05879437693484431
CC_DA0E0BD3880D,0.32198154602404305
CC_DA10F53AE655,0.6358306237149111
CC_DA1643A835A2,0.09549640294887266
CC_DA1C5BAB7E35,0.5461106681900573
CC_DA1DC6A6371D,0.2207353156362014
CC_DA1E6B31DD2A,0.6395462962278482
CC_DA1F282809D0,0.031265173331294346
CC_DA226442D919,0.7218955158963354
CC_DA31EC318B1F,0.05595774080547639
CC_DA33597C6459,0.16176589939490754
CC_DA43CFB5CC2F,0.20184495378310263
CC_DA481C72B8A4,0.2698348613243541
CC_DA55447636EB,0.045125833254291675
CC_DA5AE34842E3,0.07418048956617798
CC_DA6880B018AC,0.16361762721294787
CC_DA700A961616,0.1500269300590692
CC_DA7E65F1E6AA,0.07390372897422855
CC_DA80FAA7FE30,0.10552555619511156
CC_DA8DCCC1199D,0.3165258660341568
CC_DA8EA724C1D3,0.4115049124138379
CC_DA8FA65D1924,0.03536810388169048
CC_DA99D1E41C3E,0.05261223978529579
CC_DA9C3BEFD0B3,0.18409521779443105
CC_DAA3B7FE1C62,0.07252897633112183
CC_DAACE4211B34,0.16252652651992733
CC_DAD239E56638,0.7641589278997668
CC_DAD4BC090253,0.07572263996182695
CC_DAEDBA26BA12,0.3156692894548155
CC_DB1EB08EB40E,0.1403329346834786
CC_DB2314ED6960,0.07290320000658922
CC_DB25E05EC5CD,0.4380638382721457
CC_DB3BE0C87882,0.053956737168947506
CC_DB44628BC147,0.1902252145064395
CC_DB562E602BA8,0.11402061689555967
CC_DB61D7F5F8F2,0.6829513680916808
CC_DB6498598C32,0.17589064501522336
CC_DB6B59FB6E30,0.04128643177705771
CC_DB801B947698,0.2787764564292424
CC_DBB8C467FF1D,0.11846170557079644
CC_DBCD21C2C322,0.07666661236876905
CC_DBDB148E45DD,0.09676243499261802
CC_DBDF9BFA7E87,0.08402319420291349
CC_DBF5CD2D854F,0.22427209082214355
CC_DC0077DE6E39,0.1856335298782164
CC_DC23159A1F99,0.06306405675872889
CC_DC2458827FD8,0.2368942596445654
CC_DC2BE35D58AC,0.2441685147120367
CC_DC49C8D3F7EC,0.5364851048315887
CC_DC5DE66826E9,0.10971026766797856
CC_DC6063FC6464,0.07266392742575026
CC_DC771AE1B4BA,0.6595970942376477
CC_DC7DEBC30E17,0.4198399661008539
CC_DC978F3A711F,0.6552412363489046
CC_DCA2140C7BC4,0.19330936628036596
CC_DCA5CE7C9DC3,0.1604533714189543
CC_DCB5798049B2,0.14252446821747702
CC_DCD10C95C942,0.5470567474512089
CC_DCD145E8E729,0.2957852250242887
CC_DCE0BFC03B86,0.042126395156690304
CC_DCE75AE2FB52,0.06144084992709427
CC_DCFCEEF21BA7,0.3577512816399686
CC_DD12A8C462FA,0.05684241390537462
CC_DD14867350AC,0.19071630218344754
CC_DD232BC8881D,0.19414999395483012
CC_DD2473D34D68,0.21742440731904644
CC_DD2B5C4CD318,0.0552531487543261
CC_DD4EC06C3A92,0.26151872930518494
CC_DD5299DA8C1C,0.08428261959922782
CC_DD59BFF18ABC,0.16886050226819724
CC_DD6777E1B05C,0.04921740824422158
CC_DD6EE1501B89,0.09006562429701752
CC_DD78B52AE022,0.12787035085014656
CC_DD7983A07B43,0.6277685266053603
CC_DD80B5CC495F,0.099153811885339
CC_DD8956B71825,0.6516031536265798
CC_DD8D40E7E2A9,0.09023423797298236
CC_DD9972D0B63E,0.12133380957182159
CC_DDAE70634ED3,0.09706946433963469
CC_DDB4A9FF2B03,0.10034737464119814
CC_DDB68302DA2A,0.17359881129952462
CC_DDB9DEC9C037,0.08503435851675907
CC_DDC610D2B2F0,0.05856745797957695
CC_DDCAEC6BD9F0,0.17852904068830655
CC_DDDF665EBD93,0.28773575716607797
CC_DDE66EBF2157,0.07034769741164268
CC_DDE8B7E9C7F4,0.31222500888157834
CC_DE019FC36D28,0.3546571423831333
CC_DE07076B04D5,0.1561481924485465
CC_DE07AECD2361,0.032924360284977146
CC_DE08A4514010,0.5579423563463048
CC_DE093FAC5293,0.44799833339610456
CC_DE17BC1C2324,0.07750731637112754
CC_DE1B13B3E504,0.03498090513955733
CC_DE4264861B73,0.09479992816546731
CC_DE4810B88C51,0.27855221258486773
CC_DE4EE8A16896,0.14482728187990015
CC_DE523A2403BB,0.09547951676228655
CC_DE52860CFBBE,0.22665930172344445
CC_DE593193FB9C,0.1820793448813357
CC_DE5A9B499ED4,0.08691410178569686
CC_DE6AFFA63ABD,0.07582798255158185
CC_DE7CEC14CCD5,0.7193885128715849
CC_DE7D7B5BBB14,0.6488388901254776
CC_DE81AAB7BF48,0.06587015810282226
CC_DE8956D433E2,0.6388593002660955
CC_DE8FB8D1CB71,0.36608304433721434
CC_DE90D07B269D,0.1980069497995843
CC_DE9A62529780,0.14974516823643397
CC_DEA425EA8441,0.1267435383212447
CC_DEBE01582EFF,0.19256643093571058
CC_DEBFD4E79A38,0.05803534985543189
CC_DEC97F13CB8C,0.19670892582498112
CC_DECF1507C86D,0.15598289126806864
CC_DED24C8D047A,0.10321196879147704
CC_DEF4AEBD31C8,0.20018307574245964
CC_DF062F698349,0.10484692776759164
CC_DF13D5CB626A,0.10820101221300969
CC_DF15C526CDC5,0.045648478234571035
CC_DF1F6C68F7D2,0.15560556856012583
CC_DF3EB88F509B,0.08699843668480194
CC_DF4E332C886F,0.02544282973818293
CC_DF514171DC30,0.1554731347605381
CC_DF536CEAE5C0,0.04960333128916242
CC_DF5806CC2CFF,0.1265217954398299
CC_DF715690EF20,0.20501875333932465
CC_DF718A37AF15,0.09385791152751552
CC_DF7276DD74AA,0.11165247194796718
CC_DF750B2D6872,0.27862227341866896
CC_DF9FB6670627,0.06300602604717835
CC_DFA65A0125D9,0.0443056888363567
CC_DFAE355359B8,0.18100185138360897
CC_DFEA562F7BCF,0.31885541512245874
CC_DFEDAF0F0D6E,0.0395619857811128
CC_DFF6F74C64B5,0.6572207557961438
CC_DFF87DF16763,0.11041448531728938
CC_E00D8ECE9FA9,0.13731327426096862
CC_E027E36615C0,0.5085865440737012
CC_E02E23CE49A8,0.08474411603808593
CC_E030B3AEBF19,0.1398872581621105
CC_E031A4C862C1,0.17387818932562266
CC_E0339B331F4F,0.10502210379571958
CC_E038981B2FEE,0.12813424938589008
CC_E0463868968B,0.15396973224511154
CC_E05A8621B581,0.31488007338651686
CC_E07FB0312232,0.14603664693716623
CC_E088594E0624,0.24523861319511794
CC_E09AC3B1E534,0.0948356954305893
CC_E0AC29AFCF97,0.17719413279931762
CC_E0BAC6E0D0DA,0.08558695964712631
CC_E0DDDA07F0A1,0.1749922155403809
CC_E0DF45AB72B6,0.2098342994071612
CC_E0E1F8E7379E,0.11596710843161555
CC_E0EF095444A5,0.16963705741138352
CC_E102E4F7F8B4,0.21753788431143903
CC_E109B4CA6A8D,0.13394424863971433
CC_E11470A2D92C,0.4038671678637912
CC_E117B8A6ADC6,0.02870018481706765
CC_E128015073F3,0.06880939902673887
CC_E131D5EB9237,0.19534696116809866
CC_E14A24095E9F,0.1017926377928741
CC_E14CADF89123,0.5295400809632435
CC_E16876025011,0.05231291911808273
CC_E16C71C15D04,0.682912957782624
CC_E16F1BB83653,0.056788341816949396
CC_E17448FB08EF,0.5368832064675076
CC_E17AAACEB07D,0.08404141158797936
CC_E1875522DC57,0.1872056668698044
CC_E18A0734641A,0.10780302990713708
CC_E18A22453843,0.0656096884623771
CC_E1B4E3360C0F,0.17931989623728467
CC_E1B5AE645169,0.056199109587189204
CC_E1B71F6B7DD2,0.3319736303078339
CC_E1D073F693A2,0.3073219267672649
CC_E1EA83C31C66,0.10160017598067994
CC_E1ECAE226485,0.25896038851523673
CC_E1F0C5076481,0.06992402888681691
CC_E1F78CE289D8,0.03883970769206569
CC_E1FBCECE0A54,0.23948605878080728
CC_E1FD46CA26D5,0.09519593126794443
CC_E20E7C7164A6,0.703846472705398
CC_E211E2698C14,0.032895445335402174
CC_E21B4F587C45,0.14019174944593898
CC_E22A278A1386,0.05934622640671758
CC_E24078C03B7C,0.15086263445736314
CC_E2452737F950,0.14933684114841977
CC_E246119AA09C,0.5841046525136934
CC_E246942C7310,0.07697938910041838
CC_E2474A334F3D,0.08996404927027453
CC_E2489637D0E8,0.12227556589932732
CC_E2521AF9C2A2,0.07255705685950792
CC_E253F4AC4762,0.5815278873204135
CC_E257805D0F0A,0.18440370018799496
CC_E25A924EDB70,0.09722216418038046
CC_E25B5D5502AD,0.10479996898556619
CC_E2619E24BEDD,0.6863679931275907
CC_E274DAF3C064,0.07514570380177957
CC_E2787CBDFBF1,0.14383459635816503
CC_E28AE2E68BB7,0.6631795703275403
CC_E2C3E272D059,0.22934550709892454
CC_E2D653061523,0.4344706475822595
CC_E2ECDC7D23EE,0.1374260106454355
CC_E2F0E725C3AB,0.06427097394548495
CC_E2F7712CD056,0.19193746390803834
CC_E2FD7FCF0AD5,0.7952232619123961
CC_E308C7DFB2F2,0.12998152932064816
CC_E30B791D5F11,0.21384611358044725
CC_E315F7A94400,0.3471118115455713
CC_E31DAB1E73F5,0.051096701047337746
CC_E32034C97E83,0.2276848677862015
CC_E32DBED5EAC1,0.2556984005473373
CC_E32DDDDEE3CB,0.22606511559170314
CC_E343EC3EB052,0.6708655197684104
CC_E34A04E78D60,0.13041186767479063
CC_E3503B565AD0,0.2746149656586654
CC_E356B05ADD56,0.2031128774492182
CC_E35D02BE6780,0.019857860335035525
CC_E369AAECB2B1,0.4944973052113375
CC_E36ACDB4F96F,0.43628724987003586
CC_E36C7F0E1657,0.8191016518732973
CC_E381FD4674D5,0.032718091217716294
CC_E38E3835121E,0.04399395946745771
CC_E3A70438A0C1,0.27491343317111694
CC_E3B5C76189F3,0.24745604458997586
CC_E3B7B7E57889,0.19236936303170835
CC_E3CCC0D886D9,0.2141607331903541
CC_E3DD8AD10171,0.34002961091964573
CC_E3E230CF20A1,0.21022262818985427
CC_E3E4B2543CCB,0.07353908371487602
CC_E3E5DF01E014,0.17401434510544084
CC_E3EB157288A2,0.08356853262781416
CC_E3FBDA203EDF,0.1679506643621913
CC_E404FCA6CB2B,0.6836341257786117
CC_E4054F9C8442,0.28432942744727
CC_E405D808772F,0.0401283390902486
CC_E4137B250609,0.4390413998839117
CC_E41482A7E968,0.056967488565553163
CC_E421FA1874F4,0.10995238171036181
CC_E42C38BBBD04,0.1701637127729405
CC_E42D90BFB285,0.04185466611078113
CC_E42EFC05C891,0.08703185999140339
CC_E430F3C75969,0.10202434806428294
CC_E4576D6B6478,0.11417793727147602
CC_E46B27A13728,0.40612079835251663
CC_E4783FB590D4,0.17456756438342336
CC_E489009C6500,0.15119048853311343
CC_E493CB46177D,0.08986684297085937
CC_E496AFA9B40A,0.3450799413630486
CC_E4A2FFE0EE1F,0.11484763597734048
CC_E4C553538385,0.3242295380807654
CC_E4C7B5501ED1,0.12964953545120628
CC_E4C8A5A60F51,0.17889520941641152
CC_E4C94AB69214,0.38425993011793796
CC_E4D75244E8B8,0.1966675389284182
CC_E4D9A8EEDBAE,0.21052177967590158
CC_E4DF787730AA,0.14141338576671608
CC_E4E0DC070132,0.1695636081887344
CC_E4E3C08B7F86,0.050403810153941145
CC_E4FEEB4389C9,0.318429721739967
CC_E50598344DD9,0.4182890561216156
CC_E50C634A9A18,0.02932376133605713
CC_E5107337FDD7,0.04135229635977687
CC_E511BFCFEC9E,0.6904887357589713
CC_E51318749E09,0.12430282320876111
CC_E53FE6708AD9,0.6892678141845723
CC_E54290FEA34D,0.10508967768443131
CC_E54B723C018B,0.037862210568579746
CC_E554618F383B,0.10866200687914478
CC_E557336955A2,0.12421688435516623
CC_E55B48E73651,0.21519245505028017
CC_E55D8DC645B9,0.0560118846149669
CC_E575DA02C575,0.2524477811826178
CC_E576BD98A727,0.21253558361510372
CC_E578DC77656B,0.12956618846596873
CC_E57F3EAFD9A3,0.14488178638545884
CC_E59A01603B7D,0.30475463579162776
CC_E59B2D974CB3,0.18036011784940992
CC_E5A1C44F0F07,0.5990291692786514
CC_E5A8BDF6BFC1,0.16833355814092787
CC_E5B284DA0E5D,0.08409319484062366
CC_E5B8363BB378,0.6124537157604059
CC_E5D8BFFA5F88,0.0644143665478227
CC_E5DA04902EFD,0.33431102700100135
CC_E5F53CFC20EC,0.0882830364244428
CC_E5FAECE63C59,0.534683892963771
CC_E5FB6E872C58,0.08098553048229246
CC_E6045565E7ED,0.09005095068408966
CC_E60845ADC7F1,0.03716394827090784
CC_E61567D6B392,0.11762429330708948
CC_E62174AFA94C,0.1317509920281293
CC_E6247DD14641,0.09366743007360481
CC_E6289A61F0ED,0.07689146321862685
CC_E62E32FB6FBB,0.027584807576018458
CC_E62F6BE942DC,0.25746837389517274
CC_E63E49B128AE,0.08291617720380959
CC_E63F89885A3E,0.769121550744909
CC_E6466E6A92CB,0.227488175389461
CC_E64BC95F8B2A,0.8302765408003032
CC_E64C652BBAB2,0.08684815159533915
CC_E659DB355476,0.17426998350670558
CC_E65C8BA5A7CE,0.06312601163354306
CC_E65F39446752,0.36598806574144954
CC_E67395791589,0.18494664875679873
CC_E67622A69EEF,0.08370175070244484
CC_E680830CAEF3,0.05484181787201611
CC_E6823643AC4C,0.6630018339364719
CC_E683F33931BB,0.11987209569154472
CC_E68841DEB163,0.07118252380377063
CC_E68B2C33D180,0.15116374523844422
CC_E68EE6EC2618,0.03999824864186906
CC_E69508D3D3F1,0.2426963896794593
CC_E698F1348426,0.20969684382128442
CC_E6A178F3709D,0.12137637311039562
CC_E6A4B6E8619C,0.6624469907781457
CC_E6B3887C66BB,0.29650114079787393
CC_E6B6BBBDBEDB,0.32511166356239546
CC_E6DBD0F9DC3B,0.06667968411539611
CC_E6F090F70DDD,0.3592644407908195
CC_E6F2D8CB45C6,0.11103483201447266
CC_E6F8FBEDA2A7,0.07153986467035114
CC_E70854CDFE9C,0.05559656469907611
CC_E71C05F07F85,0.06119376584159323
CC_E72797CABC60,0.08103523242069283
CC_E727C1153226,0.09118253332616148
CC_E73489D828C7,0.119072329055156
CC_E7355465CE6A,0.07155330113415956
CC_E73CDBC743FF,0.21337919321890117
CC_E74F00E75A4F,0.058375369422045735
CC_E751F7E19192,0.1604453183053057
CC_E7522AD6431A,0.5448355816578168
CC_E7523630D2D9,0.2719962992498033
CC_E767372DD95A,0.5912877622532596
CC_E76C5DFD3BA6,0.19366880895529276
CC_E77326438575,0.21489093135549764
CC_E77E29E11EB1,0.16404064714416125
CC_E78F20B3223F,0.6934458694549326
CC_E79A23E64518,0.1031480731968003
CC_E7AC69AEA182,0.7441419199475929
CC_E7B754CA9668,0.047953211518682266
CC_E7BA60365AE8,0.1664713562884274
CC_E7C95D4A741C,0.06611738076427323
CC_E7D3D728EC5B,0.18168090974490592
CC_E7E4D5F851D3,0.0703929871492837
CC_E7EA49D37B64,0.3563766236689563
CC_E7EF11A24F73,0.779316469769207
CC_E7F6F9A7EC65,0.07666487600252159
CC_E7FBC7F69DBB,0.21995806767258458
CC_E80B1A55A74D,0.18925287914106703
CC_E824AB0AFDBB,0.20546121959816022
CC_E826DAC92D9D,0.25802896144936444
CC_E83AB7100D06,0.1413419096171231
CC_E83E6D31EC76,0.2388888305943424
CC_E86650461FBE,0.17451517598867008
CC_E868A3754B11,0.8265296352964023
CC_E86A993F7D05,0.08567710496011663
CC_E87992FBEE80,0.6326994004870469
CC_E87B909C4DDD,0.21038501447125052
CC_E8828BA7EE08,0.12465440232072633
CC_E886157F6FBD,0.3388389100969247
CC_E88711C5C98E,0.12273052562869304
CC_E887680BB6CC,0.1916610753997719
CC_E8909BF77D8D,0.10756407488115477
CC_E8A82DA3A246,0.16706918822405065
CC_E8AC7545DBD3,0.08275391780576638
CC_E8BA6B224C3E,0.11042300758166845
CC_E8C6CA45BF72,0.18063071326995062
CC_E8D2E3126A8F,0.6723926072489262
CC_E8E55DAC4FF9,0.04642816616096619
CC_E8EB77AF3F78,0.82960137410503
CC_E8F2C6905503,0.3673749198180525
CC_E90831F897A9,0.19070567815813994
CC_E90B14D51185,0.5552562602541404
CC_E9188329C9E7,0.08236485764805598
CC_E91E1C0C0C61,0.6174529491431171
CC_E91E9D34C5F3,0.1155529591423864
CC_E91F555DBA96,0.13400141316998634
CC_E932CFF4B4A4,0.24500832185528676
CC_E93643CB34CA,0.16509718491986258
CC_E937CA493910,0.14888493942793513
CC_E9409A50B4BF,0.5352047731663585
CC_E96711AD5512,0.05574537063181992
CC_E96A3E6912B4,0.4978011479077093
CC_E98AEE74B9BC,0.19650957122396567
CC_E992FB78BC2D,0.2587458191365441
CC_E9A3AECEE3A9,0.07121786398999301
CC_E9BDA7766728,0.3028798698084184
CC_E9BF1AFE86C3,0.21061691477358171
CC_E9CA055AD1A3,0.09794702089646534
CC_E9CA0A56E917,0.22285447310533335
CC_E9D3453F53AC,0.6361735363142113
CC_E9D46EFFA839,0.1983524022298929
CC_E9ED872B6037,0.03662701185129919
CC_E9F40C1B559E,0.10750988418903658
CC_EA06928C0AA9,0.2566626934646067
CC_EA0A46F64C80,0.08873607649105353
CC_EA114B15FC04,0.525430199860314
CC_EA1F3F67BA2E,0.08889992648329788
CC_EA21618614D1,0.6545670162124589
CC_EA26B5A89181,0.199177952820405
CC_EA26C6C27662,0.18196254769414338
CC_EA3B5AC76649,0.1955973270909398
CC_EA4E669C8528,0.08213061283679596
CC_EA6917E7A5C2,0.6784196206891848
CC_EA8A25862433,0.14686201083003056
CC_EA901D7CA670,0.1638634522477994
CC_EAA2BCE323EE,0.7247197931549747
CC_EAA6D5189190,0.10424796662523786
CC_EAAA8DD7FAAF,0.15276495975492976
CC_EAB7408CCE0E,0.2962118997377999
CC_EABEDB3C4827,0.13561226462412249
CC_EAC6D83D1BFC,0.03263473581146887
CC_EAD7F3E9DAD1,0.06413303880506832
CC_EADC7D8196C2,0.3148584234437364
CC_EAE608E24E29,0.037409617846992003
CC_EB05AD2C7C27,0.030811994976746502
CC_EB1DA337E2D1,0.14379433062922597
CC_EB1F425EC937,0.11953570406036368
CC_EB2FE764BF6D,0.12364943101183792
CC_EB55483587DE,0.10629054242813027
CC_EB569B3E2E12,0.6206259132633882
CC_EB57E6E6C96C,0.216079633807038
CC_EB5A0FE0605C,0.15272294917043866
CC_EB64EC97D01D,0.11935971822762255
CC_EB691249B91A,0.1864804072385025
CC_EB7C50A7D4C1,0.5112245703664365
CC_EB7C52FDBEC3,0.13356232563450104
CC_EB86FED24535,0.27895282337929617
CC_EB89DECC2021,0.09933893287720101
CC_EB999F9D6095,0.1910300124448669
CC_EBA2F85924CE,0.0668383505174001
CC_EBAC5A53FD11,0.09647166661876705
CC_EBB109EF7619,0.1822583520403831
CC_EBBD00C18763,0.03970150836837752
CC_EBCA68C7854D,0.07147093846804148
CC_EBCBDE122879,0.15614236025152706
CC_EBDF6C88BBA5,0.06531780805003554
CC_EBEDAC91ED43,0.10285427623448958
CC_EBEEC4183FDE,0.04583844868788465
CC_EBFD9D007253,0.4707753737624716
CC_EC1ABC58E09A,0.16895907256621012
CC_EC26EABA68DC,0.7951767070954344
CC_EC2A485A3E71,0.18110384443333727
CC_EC3B9E2FE47B,0.09575663873274487
CC_EC505F03EE5F,0.02945178824451478
CC_EC5317EC6706,0.19335319832828185
CC_EC5B7FBD1EA7,0.1422445412072551
CC_EC5C7471FFC5,0.05180000160932488
CC_EC5D92B3617B,0.2008470560317447
CC_EC5E214BFED0,0.6567573164470575
CC_EC6406527201,0.10682348301768085
CC_EC79022358C6,0.330001569216301
CC_EC831A90189F,0.0981658706528447
CC_EC87C131FADC,0.055122594769107275
CC_EC88785D6F39,0.2023421906473591
CC_EC9173F5284E,0.033430169344292424
CC_ECB7B3B6272E,0.057366543689657414
CC_ECBF4CED56D1,0.11930382227518933
CC_ECBF80B94EAE,0.7785209500239784
CC_ECC78B7AE3F1,0.599916348095538
CC_ECC7E9E691F5,0.17220341966412467
CC_ECC9235F612E,0.2539227081903753
CC_ECCB0BD557DC,0.17003999580275087
CC_ECCCB1B4EA8F,0.09097872944398566
CC_ECDDF4983DD9,0.047249794151637714
CC_ECEE93C4F564,0.5926400386644259
CC_ED07BD8B2CB3,0.05526536866439462
CC_ED0F4A02A01C,0.2452089227918316
CC_ED11D72A1D3B,0.06811783744864759
CC_ED165FC5A06F,0.051864749729157764
CC_ED2B6A40ABC7,0.2805059363369483
CC_ED390F22A931,0.0957658449212363
CC_ED40E7CE5177,0.19854477535006254
CC_ED4E4B13DB1A,0.042771711988179445
CC_ED4F22572419,0.15680837559013802
CC_ED5AE5CB1DC5,0.061999349270840116
CC_ED6090A4E6E4,0.23903089552845383
CC_ED645D91E6A5,0.11078799484810653
CC_ED6B045B6075,0.18115043846192244
CC_ED9313C71C57,0.1614669447997665
CC_ED9BCE7C776F,0.7370634099770558
CC_ED9D4644716C,0.16614509334170655
CC_EDA794402358,0.24922949912487463
CC_EDAADACD4DED,0.13415780296794422
CC_EDBAD2E989FB,0.13740780917495377
CC_EDC98B474E76,0.2677518351171879
CC_EDD1FD49A66A,0.7629728692355362
CC_EDD448008C0C,0.6826107699934724
CC_EDDA3B790095,0.06326752260216484
CC_EDF95BF0E3D6,0.1659781392108638
CC_EE03D7C2BC69,0.07380433944033626
CC_EE0D95184E81,0.04244208085249974
CC_EE0FF690C214,0.42600142281003917
CC_EE2412C352D5,0.08657311082457744
CC_EE2A010019CF,0.058334098407733355
CC_EE2AC730827E,0.058024089187779654
CC_EE3236E6A9FD,0.10997611335166739
CC_EE3759EA49FF,0.16952328564739058
CC_EE38C78AD88B,0.41249193317332233
CC_EE3CE0FD6B77,0.5857002076646973
CC_EE6B7E58FC63,0.04101264745795105
CC_EE6E02464067,0.31012108271634303
CC_EE6E1FA7A753,0.1377252546244548
CC_EE6FCE6C233A,0.2073461728785182
CC_EE88C07B9333,0.09115755996229812
CC_EE9004165810,0.07294212292521196
CC_EE9BD17AD343,0.05142507074613478
CC_EEA608D5A455,0.1525305135355459
CC_EEAFDB1BB486,0.5425573425529622
CC_EEB482736C41,0.21640933989244443
CC_EEBD9DA093E1,0.04461589044498997
CC_EEF23DDD2262,0.123761721805997
CC_EEFBDC9AD94A,0.07584124151842261
CC_EF05000895F4,0.49829740468980444
CC_EF16B2CE0988,0.3736290106100193
CC_EF1DD3F0CBDF,0.056530865663367465
CC_EF2D82085BB9,0.09795354972136024
CC_EF2DBE79D656,0.24775384601102116
CC_EF3000C48A4C,0.07379129152462666
CC_EF359AF608EA,0.034401994695987766
CC_EF362432D758,0.3490855976963132
CC_EF548B30F1B6,0.21930809893284248
CC_EF5B403DFD7E,0.09953246494751519
CC_EF66DA0DDF9C,0.2635883080705154
CC_EF70BA4AEEC4,0.16367116351526861
CC_EF83DD56FCC5,0.07379614717642993
CC_EF8B642A6F8D,0.0685246316058533
CC_EFA1EB27DA19,0.03914683356636559
CC_EFAE84EA9BDE,0.07309900569399945
CC_EFB26BEA106E,0.34607141051591944
CC_EFBB51CD8502,0.25853988994526705
CC_EFC18E9B3B55,0.11905931891650992
CC_EFC4B0020E2D,0.13313061297399914
CC_EFC9FA5108D9,0.14657009383264447
CC_EFE45D9B9D9C,0.050729537278847284
CC_EFF27FA98DF1,0.06923936152286243
CC_F000DA497736,0.24963769649978096
CC_F00107DE219E,0.6795286832255395
CC_F009FC54A64B,0.7641542228113665
CC_F01DF28C6BFF,0.09021287257324068
CC_F037C91F63BF,0.12516606845302194
CC_F03FADA95A03,0.7301335426397841
CC_F05235F3C894,0.1032687044780668
CC_F0649FEBFEB8,0.47800477451218404
CC_F066C78B5C0D,0.13738081107439337
CC_F07313626618,0.6130329078267766
CC_F0783F6A56F5,0.7662283270908523
CC_F0791523691A,0.14811375912469463
CC_F080750455CE,0.06051335858585999
CC_F0809EBB0B51,0.026223631288529774
CC_F08259F86E23,0.17435635424858986
CC_F0929F859702,0.1856322279187372
CC_F0A7203CCA39,0.16594159151948204
CC_F0CD4DD9C63C,0.13123058215880112
CC_F0D29AD328E5,0.15239905508575663
CC_F0D339E5B80C,0.055093340981255026
CC_F0D3BC14FA77,0.0793030680424354
CC_F0E16D28D49D,0.1700597208553813
CC_F0EBE2C00A7B,0.05351242544175879
CC_F0F137758DC2,0.05722396972487233
CC_F0F6BD40CA43,0.3091447680974179
CC_F0F6FCF6010F,0.1732335996338084
CC_F0FBC9D4ECA1,0.0295581717762817
CC_F0FEE924096C,0.2771586868190213
CC_F1074E035DE6,0.04925228596087933
CC_F108D26930FF,0.3871613009430448
CC_F10DB853B9DF,0.41950515426365365
CC_F10E06D52D76,0.13498059651997546
CC_F11F5F477B91,0.6203386172813121
CC_F14913B5BE1B,0.7480734280949288
CC_F156C1647E3D,0.07674063764375483
CC_F1598097E314,0.6864121359208669
CC_F1641E3AAB3C,0.051524753684652126
CC_F166878FB959,0.05446945361762142
CC_F17540FE7C9F,0.12207825997234159
CC_F175BB08B29E,0.04882195434605131
CC_F1782AF286D0,0.3747931079304202
CC_F1796AD4B774,0.5652025942598969
CC_F17B3A3A5E56,0.6292150947871408
CC_F1858D6F0080,0.1547681909745747
CC_F18689FA8E29,0.07182928935486907
CC_F18A82B0F153,0.13704268844941037
CC_F1AE7142A128,0.11294752114289164
CC_F1B43DD57C9C,0.12116524563971101
CC_F1BCB7676492,0.07960561146312448
CC_F1C8B8BB90AE,0.12972936485133924
CC_F1E044CD2D75,0.25126129718240225
CC_F1FCB96B5E14,0.26441047490010317
CC_F2067E92A939,0.14918949814672117
CC_F21512554CC9,0.0715711857414958
CC_F243956B7575,0.08614136086241737
CC_F24FBC9FD3F7,0.322402868440341
CC_F252EB3F208B,0.09749474941379285
CC_F25D793346CA,0.4050638547503447
CC_F25EB1ED5AD9,0.0544057796119657
CC_F265A0AE845F,0.7119907487850836
CC_F274BB4AEBE0,0.05673436201301188
CC_F28BF2185131,0.1041775769874267
CC_F29077E45AF0,0.2268839391163416
CC_F2988560CAB8,0.36489104595417554
CC_F2993AB36C56,0.08097400613062058
CC_F29D6C65779E,0.06410743328141022
CC_F2D2BADD0000,0.06242264579745681
CC_F2E4AEB73D57,0.10974784287803213
CC_F2E630BAF431,0.04881441853565836
CC_F2EFCB40AE74,0.16613919877783856
CC_F2F085891915,0.7131457646638752
CC_F3030E2C80A0,0.20912366449460087
CC_F3044C7C16BB,0.05886429190893469
CC_F30B21CB4603,0.09993049004130793
CC_F3140FCE870A,0.08359445588695674
CC_F32A84B321FC,0.19814657477005293
CC_F339FF584607,0.3151270431009173
CC_F33CEE0F6DBE,0.42848648628010233
CC_F33DAF3E9CF0,0.11725050801382578
CC_F34EC3FF202F,0.07807581880758178
CC_F35A6C383B39,0.17731684790806554
CC_F360E0FF27CA,0.06665594917999058
CC_F36B7AEC0086,0.10869837372906682
CC_F370665BECB8,0.562661329152213
CC_F373A60E53E8,0.03200118801838838
CC_F373BDAE18B2,0.07652809742349498
CC_F3745BC63340,0.07114731086202458
CC_F37DC9169301,0.1449243023780155
CC_F394E57C5243,0.227349594508523
CC_F39E98FD418D,0.07906140111410914
CC_F39F51452381,0.036936303704374104
CC_F3A52465664E,0.05529274304131661
CC_F3A8CF761A0F,0.22316123392996307
CC_F3BF1709E29A,0.4493690811036372
CC_F3BF72C29211,0.08116879272497697
CC_F3CF35465CF1,0.04238993111063488
CC_F3E2186DBD4F,0.2833797292023536
CC_F3F0F9B9B56E,0.1603429591494573
CC_F3F185395BE1,0.14918870955920074
CC_F3F68E6599E7,0.0707669152579438
CC_F3F7763C9DFE,0.18607451974572625
CC_F3FFF13592CE,0.06434404307231709
CC_F410C3CE89E1,0.17950696878080097
CC_F410C8B811FE,0.0663035699465428
CC_F4132072D78E,0.11821801628957093
CC_F4157B8E5B32,0.5429933772187627
CC_F41CF067E828,0.11548428589850944
CC_F41DC456E539,0.033328848624380555
CC_F41EEF55A0EC,0.04475938647149799
CC_F426B5C1F07D,0.34534207699466507
CC_F437875F9000,0.20682404415717032
CC_F43C961F8A30,0.13741840944793662
CC_F43D9BF23472,0.05288626701568163
CC_F444BE033109,0.14518453100212234
CC_F4481124F17A,0.15523811627485318
CC_F44EAAF80F70,0.1403676746899813
CC_F4521F6D3492,0.5360939671451095
CC_F46BD9AB1B68,0.14272296162978093
CC_F4763AA0B824,0.5299260788473503
CC_F47976F33E20,0.2124831206756953
CC_F47E588D4470,0.18486975870336708
CC_F4A2777912C2,0.12472541149393943
CC_F4A6C2B23685,0.05390883526777259
CC_F4B3EAEEEA8B,0.038234611172384574
CC_F4C6CD1E720C,0.0771489410347482
CC_F4D05DA98C83,0.051160097765694884
CC_F4D15889CDE0,0.14640778886223793
CC_F4DEC1E6173D,0.0333459294359372
CC_F4EFAD6AF8BD,0.2946482987338932
CC_F4F7835A1FA2,0.2279601185252073
CC_F500597795FB,0.14476299489909494
CC_F5197FA9580F,0.6699451805976637
CC_F5240F59146F,0.07468515568035694
CC_F534A0B87C3B,0.1548550737891936
CC_F536972BFE98,0.12938976300978722
CC_F54FDFE5A5C8,0.09263661268923598
CC_F55727F65F86,0.2067915971159396
CC_F558EBDCDD6D,0.12803509984999523
CC_F56D569AC51F,0.09595016646912538
CC_F5714D180EE1,0.12288348784518452
CC_F576ED9554AD,0.35107805767819456
CC_F57C2559358E,0.20970940254407594
CC_F5AA72FC0972,0.0932116736733186
CC_F5AE7DEA2B48,0.07179669901401413
CC_F5C6A5E9D495,0.15948679681904954
CC_F5E0731F2181,0.2442903266517335
CC_F5F4F3B03FE8,0.7251157352096393
CC_F604D7B9CBD9,0.18489928139482287
CC_F60F13391D61,0.16771765541518968
CC_F618D72DF162,0.0716631698852084
CC_F620B15ACC5D,0.07424228415540207
CC_F62D426D6614,0.13955825412035083
CC_F634999D5C1D,0.02489765449777028
CC_F636E5BAEE47,0.17031417424896905
CC_F6461B692240,0.7175518085249394
CC_F65BAD63AED0,0.1814853923637995
CC_F65DD2AC57E8,0.27952001924769543
CC_F66C6577674C,0.05304951064132818
CC_F670896FE959,0.18009132230832084
CC_F67376F272EA,0.6903202808938802
CC_F67FFE9E884E,0.29275122407268184
CC_F683C99F06C1,0.16785427017845808
CC_F68523E2CE7A,0.7483743372048881
CC_F68E62F9AA0F,0.025507248796235265
CC_F69604E05962,0.08441322944975335
CC_F6B8913740B3,0.10029627019599105
CC_F6BB4952DD35,0.3252919909655781
CC_F6C0B7AC57B5,0.6064862773609704
CC_F6D2B06E6E8B,0.5928023585934866
CC_F6EB30A84C9F,0.2778613569045775
CC_F70345A4792A,0.11718539712331041
CC_F7068C1F77B3,0.34603870346352084
CC_F70B0EA8C0E7,0.056159973121158634
CC_F71CC97FCE83,0.10602619999347317
CC_F722224A84F4,0.641387829023254
CC_F72D1046063A,0.2246289942738862
CC_F72DAB32A281,0.049056844853520395
CC_F733AA5C0ED9,0.0644725804241306
CC_F74043C1BBEB,0.06225181552378262
CC_F74A31E36137,0.06236911977753845
CC_F756B167634F,0.1754297742565128
CC_F75CBE8E1B92,0.4798531710306926
CC_F761F7EEAD39,0.14832879226364235
CC_F79303D62FCD,0.07800379030258704
CC_F795134B52E6,0.6317085852001536
CC_F79533E83ECA,0.09473843412303591
CC_F79F9A7ED432,0.7502560756100896
CC_F7B2FC73E020,0.04071756773275415
CC_F7CF24594B20,0.05471868184844082
CC_F7D31937AA89,0.043385588390282274
CC_F7EFD378035D,0.4111739606408974
CC_F8014B1E00D6,0.04075025145698186
CC_F80ADE95A7C8,0.05007642521668709
CC_F82E58E476A9,0.09973571457114826
CC_F82EB123CC19,0.16396690176547798
CC_F83088660331,0.11428371426300035
CC_F83C6DF6A815,0.5718627935879212
CC_F8620C4F7581,0.16305081222091966
CC_F869F4DA5077,0.7589193834984157
CC_F86B1C53EAF4,0.18220158867580866
CC_F87B7F26FF51,0.23990370958386914
CC_F8803D1C899B,0.04961940062038227
CC_F892E51AC9DD,0.03975310026337174
CC_F89C185743F0,0.10474870395117582
CC_F8A4D45C3769,0.09508207404252271
CC_F8AD68EA5A16,0.20887643599221056
CC_F8B4DBD0CE8A,0.3562750145307493
CC_F8F3E551F166,0.27323392415612296
CC_F8F9FE2C9B65,0.2533247193168303
CC_F912A50D0DD1,0.17015057918863838
CC_F91B7C2B1AFD,0.11657320219289181
CC_F925251D4BF0,0.3695369545863701
CC_F925ADD60E7B,0.03721898044388826
CC_F9282C144479,0.06283718460938653
CC_F92EE3287CC8,0.08336283982551733
CC_F93332608FE1,0.17740205185320457
CC_F94070DE3B81,0.056423028586716356
CC_F94C81428D20,0.20313698524235307
CC_F95DFFDA9B12,0.39358344983513316
CC_F96A53B02447,0.6121120213826198
CC_F96A965CDCB0,0.6469766318623764
CC_F9721FEDBE9E,0.19308550363016858
CC_F97C3E145882,0.25518856421886577
CC_F97C64C64052,0.07967165493980674
CC_F98660A07E6A,0.7892239881664017
CC_F98BA4B13724,0.07833667869992
CC_F9A3F3A76B1A,0.14587111902382044
CC_F9A8E2B3A703,0.12740701240743396
CC_F9B3E7E7F2A9,0.41889586875011753
CC_F9D7D0B1E4A8,0.6772114098365087
CC_F9EDA4EDDD44,0.05336533162714533
CC_F9F2176B12FE,0.04931819784524721
CC_F9F90E76CA5B,0.0914963770645725
CC_FA0157249C01,0.11088186202105672
CC_FA169BCA835F,0.06465573329646422
CC_FA19B61BCABB,0.12928165845422834
CC_FA1DD203C293,0.25120289135443585
CC_FA2E30269BC1,0.18856209990723027
CC_FA304CE8E045,0.20013046223351755
CC_FA310759A257,0.6467358193083078
CC_FA32397E7B8C,0.09013471842137988
CC_FA33D97B84D4,0.1001616286360349
CC_FA38991B9434,0.02550203663989248
CC_FA4079FFF1E5,0.21253589592175343
CC_FA716665CD8F,0.07195839525424283
CC_FA770268B207,0.1907115620972351
CC_FA7A2F59245B,0.4587069193371109
CC_FA8205104EBF,0.11934708495613176
CC_FA8370AF8740,0.05166029915938551
CC_FA858F1025FF,0.12198828067010926
CC_FA86320CF6B0,0.049026568937530296
CC_FA8B341CD3EA,0.20254092882348573
CC_FA9057AAF95B,0.09297509982679343
CC_FA97314C666C,0.054855635825314886
CC_FA974C1D91AD,0.36755321161182364
CC_FAA0E5BC9F44,0.6845682711697124
CC_FAA2694D8578,0.2759781142070857
CC_FAAFFC74BC35,0.6712356774505275
CC_FABA6DCF8E45,0.03707847015156867
CC_FABC53294AC1,0.16726131216607026
CC_FAC52B8E66DA,0.11517426352381828
CC_FAD284D8DAC8,0.8271107652095562
CC_FAE70CA5999C,0.13374207761625845
CC_FAF1CCB40132,0.10506655993854447
CC_FAF93D8B3B59,0.06792160273348329
CC_FB09E5481B64,0.09176746043134978
CC_FB150A1F7C3B,0.1264419669066481
CC_FB1808471515,0.38293984570626816
CC_FB296D823CF6,0.07306413531609654
CC_FB301E1FA7FF,0.029154052581408504
CC_FB33C958A19E,0.42102407405342096
CC_FB40D63FC3D3,0.18823507559178138
CC_FB45A1837AD7,0.10277311329424532
CC_FB45B79CED15,0.10845573110365081
CC_FB52260232E3,0.06227188401540292
CC_FB6A0A7B8813,0.25860184101045436
CC_FB6ED10D82D2,0.10231547258991686
CC_FB78DE84AF05,0.03571554831147905
CC_FB8DF8F93E7F,0.17934384728256206
CC_FB8F89048B89,0.08553162459219618
CC_FB9C3E77A49E,0.12006504328136115
CC_FBA40CEAEA18,0.0782219406172759
CC_FBA998938FE5,0.17688762075314765
CC_FBADBAFCD1B3,0.2767488625178896
CC_FBCB85E21ADD,0.1684354036104863
CC_FBCD00EE4402,0.16478377652598325
CC_FBD40DFBA5D5,0.316532529631906
CC_FBDECF3DACAE,0.23549688255785967
CC_FBE4E2F652EB,0.21469423234594953
CC_FBEA9510C687,0.2538681056061431
CC_FBED1E2E1CC0,0.1527601478377693
CC_FBF54E48EB13,0.06167938201634161
CC_FC1E279EF320,0.05396405589287381
CC_FC2E1D460089,0.09962889610471715
CC_FC31CBD20CDF,0.17409608540437865
CC_FC41D8134A1C,0.07007189600218496
CC_FC44D7EF257E,0.04816400857344553
CC_FC4A649BDD07,0.22100321872657402
CC_FC51BCDBB6B2,0.13047496017315074
CC_FC57B6E79AAC,0.20421300407399742
CC_FC6AA879D9CF,0.1095954821874498
CC_FC7A926F3A64,0.6384211487449176
CC_FC83CB9C71CD,0.03195908153725693
CC_FC9E6D511294,0.14490564164368752
CC_FCA657E69930,0.40849956104199625
CC_FCB451237214,0.7753943557124217
CC_FCC7E51DF812,0.5593994916874458
CC_FCD42ECC012B,0.044352173307737094
CC_FCE8FAEAAEF1,0.10951656910885663
CC_FCFAE9BE2522,0.4313835522349501
CC_FCFDB5DFE5D4,0.10316317754027046
CC_FD24FC7961A5,0.09260164755306301
CC_FD2793DCB5EF,0.11735702031772063
CC_FD2EEF724088,0.12580637520768334
CC_FD3205367675,0.08291124044073594
CC_FD3A21CDCA7C,0.11716754342500875
CC_FD3C4C2FB68C,0.15057956235738795
CC_FD41687DC1A0,0.1656372999749558
CC_FD44B4E31EFE,0.0970230058975691
CC_FD5721556AB7,0.06476418642225433
CC_FD643C174587,0.3366201719060165
CC_FD6BFA30DD9E,0.26601332995466676
CC_FD7C9DD7F11B,0.13885431632169057
CC_FD7F2D90CF8C,0.05705526232895159
CC_FD8C4F601909,0.0478890723252518
CC_FD90B45AA24E,0.07806287726741934
CC_FD95457772AB,0.056910649397515736
CC_FD9D9B58DB1A,0.2110873621713587
CC_FDA918AEB5D6,0.6277148689044039
CC_FDD4C2065540,0.3324612891220586
CC_FDE57A2C5156,0.17871921078159286
CC_FDE9920975F6,0.2538149709974372
CC_FDEC856F9C6D,0.0604567251559156
CC_FDEED2AA92A3,0.4440121990933127
CC_FDF5607ECC1B,0.04590241422015334
CC_FDFED3D7E70E,0.17412722794640134
CC_FE0324F99784,0.12037619665501254
CC_FE0A18D6570D,0.04273855118608553
CC_FE0DACAC84BC,0.2475234740016261
CC_FE16586C9FAB,0.2717484891106763
CC_FE16FBC86237,0.15789792761340632
CC_FE1C808C4515,0.05555902462007751
CC_FE1E64201B9F,0.10755457098177823
CC_FE33D60E29EB,0.02995049856123889
CC_FE3ACE674BEA,0.1556461119569908
CC_FE468E9AA9D9,0.024273192202489115
CC_FE5AA923C220,0.16424220632627318
CC_FE6C777DDC19,0.05420083840152274
CC_FE6DD8C8EC90,0.2527487351259279
CC_FE7A84AAA8F7,0.11990294224146941
CC_FE7DB6B410A4,0.12697144532776694
CC_FE8691B1F3D9,0.0687400170064674
CC_FE874279A94B,0.07728761299130274
CC_FEA61499305D,0.18718099004241795
CC_FEC22B334AC5,0.15815578652427215
CC_FF045F9508F2,0.1843678139213332
CC_FF0EFF711598,0.24794098804863213
CC_FF12F53D5676,0.043420570487486675
CC_FF13D426EC1C,0.1692563122469306
CC_FF16A7C8600F,0.2122980057523085
CC_FF2236DC115C,0.4478204694145981
CC_FF2725428B6F,0.07529153344317262
CC_FF3176D91690,0.11817099104510306
CC_FF393D295D66,0.045332121864720396
CC_FF4598202C5F,0.6421967126814854
CC_FF463A4B3D04,0.32866227272555626
CC_FF4703F7664E,0.049269464051567145
CC_FF86EC3C0851,0.4791496875037221
CC_FF8A580DD831,0.16199307210881317
CC_FF8BD8697ADE,0.1284973075873642
CC_FFA681A2054A,0.03932092551852587
CC_FFB6B2D2BB2A,0.3628018698154213
CC_FFBFA27643F8,0.13501769536780228
CC_FFC81CC80F9D,0.14974443319683373
CC_FFCC9C0763D4,0.10647504380176473
CC_FFD4E33DC920,0.5816429040998007
CC_FFDE11143038,0.05935951856587123
CC_FFEF28047C4F,0.38139794247838876
