client_id,prob_default
CC_0012A082B7B7,0.1361611049777704
CC_0012BC27DFB6,0.15729574182787426
CC_001563B2143D,0.11761518061605822
CC_001B46930B6F,0.10334646240392023
CC_001D771E1C9F,0.04390721816454457
CC_0028BD91E759,0.08915693371382533
CC_0029971D7EF4,0.23732789484616873
CC_002B8C00B239,0.03300179710239001
CC_0035DFA86185,0.7501119813132556
CC_0042D11A6D0F,0.06131931320374383
CC_004D21A4ABB6,0.1262551599393086
CC_004EE05FC2EF,0.45504742855022967
CC_0050E546EDCE,0.7076178857160095
CC_005D7F31F785,0.054469937002443
CC_0079996ED779,0.20459022415478467
CC_0082B4E1D9CE,0.03725259050712499
CC_00B01C73CEB8,0.17644454627073075
CC_00B74FFEEA53,0.21003514963764067
CC_00BF6791C18C,0.1182289775703148
CC_00C5E30B288C,0.3175565337295944
CC_00C68CE1CC12,0.39621891420115735
CC_00CC4148959F,0.1742336257647482
CC_00D428772D30,0.3999891244644107
CC_00D5806C7783,0.09970696430298967
CC_00D5C677C2AE,0.5033152074970387
CC_00DA781C4D66,0.07890205383277335
CC_00E7E2D6B548,0.21527885962646096
CC_012BC0A68DC1,0.09127132999780699
CC_014911033882,0.1681007516940733
CC_014F7EF4E595,0.6656822021590518
CC_016501B25F2B,0.042306068816318626
CC_016767D9B049,0.041069491062324014
CC_017598512EA2,0.1148649091534346
CC_01941532C804,0.21796673563674612
CC_01A66C6E22FF,0.7844655315219526
CC_01A684355200,0.1682979202592092
CC_01AC62740827,0.11102950831212459
CC_01B0EFE5DB79,0.29116933593085015
CC_01B876B2988F,0.2122220509208646
CC_01CBB64C1DB1,0.36302270301519707
CC_01DBD993A1FC,0.05849676105933502
CC_01DC49D55C2D,0.03175062505688388
CC_01EF18A3ADBC,0.5426075178767144
CC_020252D37557,0.16962913758510867
CC_020BCDBCA8CA,0.3321443919171019
CC_021A6DD97ED4,0.18252000567887652
CC_022054506F33,0.06752850170954915
CC_0225D6231EAA,0.06709779188453503
CC_024B524B0176,0.032155916337429966
CC_0256303A6DC0,0.22587780074726987
CC_02589E6E4714,0.054519306231080755
CC_025927626E10,0.7240415922727015
CC_0283023DB294,0.03045392843032356
CC_02903C6FC0C0,0.19226192622392285
CC_0296E572CF21,0.037520641021969676
CC_02999E509460,0.6042792530256987
CC_029E835D91BB,0.07134714648637136
CC_02A32EC3526B,0.06155622970037368
CC_02A393632CD3,0.29507834379932846
CC_02A3E21B28BC,0.7620740383578208
CC_02A4B4644529,0.08012082879655877
CC_02B43865B30E,0.05682023944212673
CC_02B5A1A178A2,0.16885029733092877
CC_02BC4785773C,0.22825839628957617
CC_02BEDD9627DD,0.6951568142907293
CC_02CD2C1EFBB0,0.11522982409033447
CC_02D4430492D3,0.3413668592462477
CC_02F79A06858B,0.10359295531860115
CC_02FA254C9D43,0.035702504272879916
CC_03062402B4EE,0.05235586401525251
CC_03072CF2EC63,0.3579702335089885
CC_0315369B079D,0.09776014661994237
CC_03199242A810,0.14730180053552777
CC_03214BA76DB4,0.20839770566251764
CC_032735A44CC6,0.06904104488061102
CC_0330340F2FE5,0.1864992256151532
CC_033236FAAFDB,0.17639101114891104
CC_0337298F948C,0.03646372985489919
CC_0341CAE5E2E8,0.22445547179775122
CC_03434E2371CD,0.3376277902722038
CC_03547AAB948A,0.22201582628139338
CC_0354D0453D8E,0.11509490507946296
CC_03592E51F427,0.7972004496346523
CC_0365DEB525A3,0.09632922152753476
CC_036782052BC9,0.34611160878517655
CC_036977A50F1A,0.1454589112567462
CC_03720D08B8C2,0.2861172553388702
CC_038AE599BCA8,0.3342665664809087
CC_039E67CDFE1E,0.27045727281467835
CC_03AC962FC717,0.17760355603747796
CC_03B00DFA3A85,0.7324841714405916
CC_03BC6380E968,0.49324031142421976
CC_03BC730E0B02,0.023062689561541172
CC_03BD4F22DA3D,0.1499965991596448
CC_03C7E1EF6F69,0.7949239082501123
CC_03C9FA383477,0.09459145910606932
CC_03D1AAE90CA6,0.06589549890831715
CC_03DBB9598F39,0.15032419568409985
CC_03F18B43797C,0.08920828732824551
CC_03F80118E46D,0.06365782555100516
CC_0405E0151A6D,0.1910107349234534
CC_041FEE6C805E,0.33976488058252446
CC_042F88EE269B,0.19384603252691765
CC_043D98ED7F98,0.1699590448923457
CC_044C3537B769,0.16130342629265182
CC_045932C46685,0.11983666371445079
CC_04629624AA8D,0.1896216638280987
CC_04690B4A6AF1,0.24780572709250068
CC_046CF40369FB,0.12704466604600478
CC_046D6EC816AB,0.3975653760721874
CC_0475CD95EDC9,0.11556861849308192
CC_04796F06B82B,0.1278641272002063
CC_04AC7C1CE736,0.29781084818271025
CC_04AEDD051B96,0.3156437280645937
CC_04B42AD0E01A,0.3681392588422947
CC_04BBD1DB360C,0.3266163793601988
CC_04C767FFDA0F,0.49733830110704424
CC_04C7B819B9B9,0.08230476458729741
CC_04D127A775DE,0.08141725989611334
CC_04D9ED00053F,0.060052453401389636
CC_04E0EFC4F548,0.30588227716450056
CC_04E6848903E8,0.03229688484716526
CC_04F69D03ECE1,0.2472373158643404
CC_04FA1CFA1DEB,0.2042118652018617
CC_04FA6842AC62,0.02810412847829881
CC_0502F3791166,0.27713331743218134
CC_050B514E15FD,0.15089292784074068
CC_051ADBD6D835,0.11180847765916863
CC_051B4644216C,0.06400783115857142
CC_051C0A644DD3,0.02420134929304335
CC_051CBF566856,0.041637567530325395
CC_051EEA9AE819,0.1593767685129711
CC_0520E27BE904,0.13703830718699495
CC_05224448D290,0.11346003408663566
CC_0525DE4744C0,0.04312013515055039
CC_052F5CD81EFE,0.1830880350319674
CC_05368FAD2E6D,0.06727060155340611
CC_053788B82006,0.0999003630659622
CC_05471A48C6F5,0.16706241442189912
CC_056DBA1A87BA,0.06435859513155039
CC_05901F3E7A0D,0.1782845671942955
CC_05906BC8ED3F,0.13604559806476407
CC_059D55E32C78,0.08270176364596657
CC_05A12EF84A86,0.5042216093585534
CC_05A42D035609,0.15636535154584125
CC_05AD75A5CE38,0.04464741712964855
CC_05BBD4B92613,0.5339495048384885
CC_05C8EF6500D7,0.7669041425166214
CC_05DDB7B07497,0.0704556477884209
CC_05ECAE6E0774,0.22837085052281098
CC_05F11F14DF9E,0.32748248572842115
CC_05FA9192590F,0.13096211134161748
CC_05FD764FB154,0.7247802622073927
CC_0608DBB4DF03,0.2730131920464481
CC_06198383F6D4,0.10046791293256428
CC_06199EBE2B05,0.18502179670202423
CC_062A8881A331,0.06792575486357912
CC_062F74350907,0.04235293350162965
CC_0635AD30F004,0.7731542343827127
CC_0639F539946C,0.2819181600934415
CC_063DDB42CF5C,0.06746237995240921
CC_06405C00E240,0.27240751252586237
CC_064920FC9DAC,0.07129932068930792
CC_0650AB329174,0.7879405556624123
CC_066941B109B9,0.18831355816471076
CC_066AA16F5874,0.2809331016664121
CC_06732311FB8B,0.16782182071057233
CC_06780061F889,0.12404641255897361
CC_068A81B06B74,0.45849186681406595
CC_06A1C5FE269B,0.3119630366844272
CC_06AA7138DAF8,0.03141203689500986
CC_06C0DD0D066E,0.735841068865034
CC_06C97CFBD476,0.12715581397097847
CC_06D15F523C05,0.19301795084132245
CC_06D35787AD65,0.03683508455638693
CC_06DA375201A2,0.0853834164595001
CC_06DB455FF19B,0.6692279564509211
CC_06F3674E7313,0.4857577509221941
CC_070232DF9996,0.11472967463082177
CC_07141FA77DBF,0.0933064227365291
CC_0715F11CC8CA,0.22136618310383435
CC_07168A9C843C,0.18972399718705615
CC_072AB9F855DD,0.03727259360656542
CC_07337AF6AC2A,0.12648380451313773
CC_07434E4E5C28,0.061615724597776124
CC_074381358A2C,0.028293281658912296
CC_074E7CA75E8A,0.2796902923480466
CC_075D0C618BAB,0.19467648576452373
CC_075D804F7851,0.08867643640362578
CC_0765961D818F,0.43577879994446167
CC_07698F10563E,0.05366478316030758
CC_0773B9BA9E18,0.3280868637441448
CC_0784ABDA7F8C,0.1807243403226511
CC_0790C9F9EC9C,0.08241707921878177
CC_07A996E6CA6C,0.2654386503143041
CC_07B588ED677A,0.15712454822066663
CC_07B730FD7F82,0.17571797155913838
CC_07BE6961D039,0.06906441412812085
CC_07D23A6BAF5C,0.13539747854896975
CC_07E08196A3DB,0.0533098270440574
CC_07E4850039B3,0.11447602895513076
CC_07FAAF8B2D23,0.03883205366837304
CC_07FB3FD9BE0B,0.10272145604794505
CC_080CB94A724F,0.2779414993556069
CC_0837C56711FE,0.08356603827337505
CC_084100A049EE,0.04655970079856463
CC_084113D0951B,0.29613599461078965
CC_0843DDCDD601,0.6500458427428246
CC_0846C14EAAFE,0.060360642093144415
CC_085091ADED2C,0.23422143670515308
CC_087943B4A5D2,0.175723305768199
CC_08A97B98C405,0.1498005519590482
CC_08AA321BC4AD,0.17719129320109633
CC_08AA44ECBDD5,0.06005410795866101
CC_08AE2EE9D798,0.1891925197675448
CC_08B149462891,0.18468582526271504
CC_08C71A8D2D58,0.04930454265490686
CC_08D645F7B257,0.041507554878675065
CC_08D80BF0B273,0.05174848294660981
CC_08F52B1BE431,0.27493745123535274
CC_0903571AC7E7,0.1530393912471745
CC_090D528C09D0,0.458432408756835
CC_09106BA6CFC9,0.09057403525733745
CC_0915905A5D48,0.13277178883060628
CC_0918F67CDF01,0.1594248930330589
CC_0925D0B6276C,0.15831295067617585
CC_092A2830E36A,0.7842697245710732
CC_0951489C8F79,0.027988100461961908
CC_0951FA4D5513,0.08906348485362095
CC_095C712064EA,0.09619990849810467
CC_0969AA7BEC71,0.07653209943143448
CC_0974840BED49,0.7771116612523706
CC_097BD371F652,0.08685809572105935
CC_097C8139DBD1,0.054921565381493814
CC_0981CA4DBCE0,0.022600110766687546
CC_09A5D2F129A4,0.2483206577046445
CC_09A9BE38080D,0.09432155201508431
CC_09CDC42E000B,0.16622436831485693
CC_09D8DBAB2A42,0.09730295610223942
CC_09EBB1960580,0.03568921347282521
CC_09EBF206FEE6,0.21272532275467185
CC_09F2AE996181,0.08640970335572443
CC_09F45833F53F,0.16477744048410392
CC_09F4F5C5B4EA,0.7597351987406091
CC_0A04BF4005F8,0.20325247520867729
CC_0A0E563D1060,0.08085321178417104
CC_0A0F781A999D,0.1863929642497645
CC_0A1138C37BC0,0.18469821074868015
CC_0A334A16524B,0.06751156734352134
CC_0A359CD5D73A,0.06597144616793682
CC_0A3E2C273DB5,0.05867208578112816
CC_0A4705B1E08B,0.03898952611999765
CC_0A67EB7C5282,0.15678815839276108
CC_0A6CD64871E5,0.33736097714780383
CC_0A75643FDC7B,0.0618141121675844
CC_0A8066F501AC,0.04146805384912203
CC_0A83017D027D,0.18620706791226876
CC_0A9AB7441D5B,0.31857579731864816
CC_0AAA72FA148E,0.3526256261899874
CC_0AAC488C8AE4,0.46301995612127167
CC_0AC2DB82398C,0.3171934549947142
CC_0ACA2C49A497,0.1422979728985689
CC_0AD4BBEA75ED,0.030671249612703597
CC_0ADCD6553B8C,0.06320051718223912
CC_0ADE56B56C41,0.03175161915977785
CC_0AF4B5B4162F,0.7274519334537647
CC_0AF9BD814AC7,0.10677221519781031
CC_0B083BE0FEA3,0.11506557424854587
CC_0B1384331163,0.0608141792614356
CC_0B216C6AF0F2,0.021467023997912737
CC_0B3465DB0684,0.5902539032771286
CC_0B442B91679E,0.15379059844547358
CC_0B455175F494,0.09568029159134914
CC_0B4C01B4002C,0.22050940520137627
CC_0B544A526D6C,0.0693224120153223
CC_0B5B19AFCD18,0.06556657000538882
CC_0B5BD2D224BF,0.06482038541951228
CC_0B6407C2C9BD,0.15727086206982865
CC_0B73F59991EE,0.09173832739472515
CC_0B7579216681,0.07473525796166802
CC_0B7F3B4B32C1,0.2996195474669605
CC_0B830A67900A,0.14008168497982162
CC_0B84250F96B8,0.20832135420306008
CC_0B92212B8E27,0.2798052042522184
CC_0BB43BC4B3BC,0.11509491712030538
CC_0BB992973640,0.0629113426910942
CC_0BBC41297846,0.11483218033520687
CC_0BDDB468A1E0,0.3057945225889923
CC_0C00A631C2B4,0.07181343600435003
CC_0C011AF6C857,0.3537503880391836
CC_0C0459AB67DE,0.13115387783242516
CC_0C18B07E451D,0.14275788829984054
CC_0C19EB845CA2,0.29295794655403895
CC_0C1A736F37CC,0.08472607455438612
CC_0C335C9D86F7,0.7813525809332104
CC_0C4C24D066E9,0.17828164609250569
CC_0C5499989AF4,0.17561712813477426
CC_0C95548CC1BD,0.16976976778293634
CC_0CA2DE660B41,0.22896601032502667
CC_0CA6D8CFCF2B,0.2296167900562077
CC_0CA9DF9C5C15,0.0638453388647386
CC_0CA9F52C92A8,0.18435610491533486
CC_0CAFB6C41CE7,0.12899182446452395
CC_0CB27D5313F1,0.5847643196836347
CC_0CC9DDDB8B44,0.04274184869183022
CC_0CCA18595BA5,0.2694100579768587
CC_0CD90568D3E6,0.25858778762701073
CC_0CE0D56B0584,0.07253325971409774
CC_0CEA028BF961,0.2681936507877417
CC_0CF67D68AF16,0.35221177398931797
CC_0CFAA0FB0691,0.0645319753985243
CC_0CFFD2785D2D,0.08345910652164841
CC_0D28AF91CE97,0.1614114786542601
CC_0D34E55A580B,0.1252791590880733
CC_0D3663B6524E,0.7509825256046334
CC_0D3C2864ACD2,0.34109620616917086
CC_0D5F4BE8132C,0.1551636098419636
CC_0D6D5ACB0889,0.18771465461600267
CC_0D7BFE8CC0D5,0.13097203027027204
CC_0D8852AAB481,0.22193727467868152
CC_0D97EF394C79,0.41988345805390126
CC_0DA8FDDE6DD0,0.057787816886744156
CC_0DABB89E37CE,0.08254541729677074
CC_0DAF0F2FAA86,0.10407291376478348
CC_0DB9E5F8EDAD,0.08153600455576612
CC_0DBC64F88C05,0.15451516569158225
CC_0DBDF018E822,0.13287847436332612
CC_0DC31A5A1096,0.04678755282705549
CC_0DC3870F23D0,0.03620737048589354
CC_0DD39F5D7C0D,0.06692540553575291
CC_0DDC2C18BBDE,0.04872251494568231
CC_0DE09CAA93E5,0.17268471321364542
CC_0DEA4477FDC1,0.13297119511346625
CC_0DED63EF6639,0.18941390854496853
CC_0DED7DBF26F6,0.28736268764021394
CC_0DF01CD21B9D,0.17267405667163332
CC_0DF6A478C01B,0.2187893072559764
CC_0DFE1A3FA5AE,0.16887719773755122
CC_0E07D5FB24B2,0.1463191851550013
CC_0E0CD9F23A5F,0.706185412539503
CC_0E121FCB1D47,0.069184619844141
CC_0E1423A4C263,0.19436792141551718
CC_0E16883EE8E6,0.4243240173320541
CC_0E1A2BA1C545,0.21451224762354654
CC_0E2B52BBA69B,0.05055372272232957
CC_0E40BAFC3530,0.16241834944872477
CC_0E48EE235179,0.07791111030630506
CC_0E4FA0FB9797,0.6438974773382578
CC_0E5162F59924,0.7570717840571722
CC_0E5E2FCAC8C2,0.2671902493031432
CC_0E68C2BE2A75,0.1407965860378853
CC_0E6C5A8D8CE4,0.09796465004307911
CC_0E6E9B0E674E,0.09636580155245389
CC_0E746EAD6CE9,0.06870640098730015
CC_0E968E7C22C1,0.3098158981732364
CC_0EA1483F50A9,0.16041551902372206
CC_0EA81362C7D1,0.20568215150785318
CC_0EAE97520873,0.3140055778709443
CC_0EBCF4228FF2,0.5159263234593069
CC_0EBDEFD0BDC2,0.0550663645749047
CC_0EC6AEDA63EC,0.21544132701538196
CC_0ED61DD76795,0.1082085258599236
CC_0EE33B1B71D5,0.14196964750021204
CC_0EE7EFF13EBA,0.06115843524361439
CC_0F0F136B0991,0.14146417132132705
CC_0F0FAF218BCB,0.048338926545243424
CC_0F125B48F175,0.07682703243695363
CC_0F292A238627,0.10100788938941138
CC_0F2949A1746E,0.0761709881388932
CC_0F2B71163121,0.08093255153491324
CC_0F393F1DE2EB,0.07544588995921941
CC_0F41B187053C,0.3980448412605913
CC_0F52EDC9D383,0.11080312471445466
CC_0F62C4F36236,0.10085006287448173
CC_0F6A29CE5D45,0.16966165619028872
CC_0F7C0515A6CF,0.14636617305124078
CC_0F8D6C89202F,0.16920781395182183
CC_0F933684CC08,0.19314274565586995
CC_0F9BA54F2AF6,0.046226291220956214
CC_0FA06CE7FAE8,0.03958620554248532
CC_0FD25AA655DA,0.1581603340079012
CC_0FF5570E06EC,0.659520194850636
CC_10197FE0E34B,0.677101542929045
CC_10355B5718CD,0.10339911612746998
CC_103A9D18EC12,0.1580832362853265
CC_1040DB6A21EA,0.11167670412741437
CC_104D2B84FC4F,0.036039107875247486
CC_104EA2802A11,0.08645860669269495
CC_105777B1BF91,0.06255482734021339
CC_1059F1B6C0C3,0.17141015334484086
CC_1061947FDD14,0.05301156583129331
CC_10689257E68C,0.3522822164075694
CC_106BFCFA7D7B,0.0339241595587306
CC_108FA04AC10D,0.09625345448271407
CC_1092915D0093,0.12006605129967172
CC_10A30F88E157,0.1523403387134452
CC_10A657027AC9,0.729847922049449
CC_10A6EAF27BF3,0.05047609993535648
CC_10B148BED568,0.4278013552485232
CC_10BB7101F191,0.029859993647815917
CC_10BC5BC3A9AD,0.409850610658961
CC_10F27C70AB99,0.09948612215952957
CC_10FADDF63CDC,0.17671588012187067
CC_1107D9301AA0,0.08072466117986812
CC_111A6DE5D9C7,0.7448158135678262
CC_111DC3B1756E,0.22069668578426482
CC_1131156CC6F6,0.1542211035829803
CC_113B66D5D5D9,0.11911193265495382
CC_1143254EFF36,0.05161917038093554
CC_1145E5277FA7,0.25770974553634945
CC_11521077BBB0,0.16666660044487047
CC_1154861ABCCB,0.5868001821758084
CC_115BCAEAE2A0,0.10081989012887628
CC_115BF13E8BFC,0.227103851394021
CC_115EBE5044BD,0.36377780922581643
CC_1165AA07FC47,0.7293808546478948
CC_116EE8219753,0.056133430827902064
CC_1176FA3233B3,0.044459203131548795
CC_117C2A1587ED,0.09515429070375843
CC_118C0A1D14B2,0.29255042568625056
CC_118ECB589F3C,0.1159215387963524
CC_1190F13FB1FC,0.12094863250789648
CC_1192EEC65A1E,0.27222172331867145
CC_119B1FEC4D83,0.23378961642944399
CC_119C413C2580,0.16667082808607808
CC_11AB74142A2E,0.7992613265669025
CC_11C8A291FD11,0.16835958924047695
CC_11D1E9C39E41,0.05980664113949576
CC_11D600EE1BD6,0.1792901125038326
CC_11D7539AC69D,0.18413646606129985
CC_11D78BB50016,0.14336085206544075
CC_11E0C583685C,0.11789227632276544
CC_11E0D2F15AA1,0.035496966009426215
CC_11EDFE67C719,0.6572243319306914
CC_11EE85F284B8,0.2352813374924474
CC_11F700202C6D,0.15697413735381502
CC_11FB668DF543,0.10432809806891803
CC_1209FA26609D,0.03223988086356269
CC_120CA1B916D0,0.12692088151101033
CC_1210186F4D33,0.0720801027103264
CC_121F621374FC,0.24590246228129375
CC_122532C1FBCB,0.1293392148383992
CC_122B19CBC88C,0.6428724659914116
CC_123C7F0111C7,0.6003735994220126
CC_1241EE42F174,0.1510920477726458
CC_125B7100F1DD,0.14523539670605007
CC_1263B255B3B5,0.19798958738616074
CC_12878596E940,0.07260997470922809
CC_1298ED71A9E0,0.06257671720172704
CC_12B555C6F086,0.17826841719945802
CC_12D22C629874,0.17118047955096188
CC_12DD89EA0C14,0.20144009912869565
CC_12E24CDE2684,0.17620792901747837
CC_12F3B7309455,0.615356086962386
CC_12F8E7A4BBE5,0.3552513005174989
CC_12FDEAE4873F,0.20675585336370086
CC_130F7B067939,0.36157549105113423
CC_13209EDC85EE,0.6546512152511279
CC_1332B6F0E543,0.2555885016059041
CC_1334E256AEBC,0.5669513613734414
CC_1337726B2AE6,0.08181185256398321
CC_1338237BF402,0.20601868054037897
CC_1341DF38D9C1,0.17877551289289462
CC_1342F868176B,0.692049238324193
CC_134651CCD2F8,0.1226186157801242
CC_1363E3090578,0.06194076296576441
CC_13736493B695,0.07198754012368927
CC_1392DE633D4C,0.29735386533087055
CC_139ED2E0AD76,0.0892602264840475
CC_13A5383EA098,0.6305673714032931
CC_13AA272C6861,0.05966428424528124
CC_13B74E4EE3EF,0.19518051161134298
CC_13C437E86B81,0.493301924775998
CC_13D61B077E7C,0.06973405189442769
CC_13D7115A8FCC,0.1604364077365766
CC_13DFE319B21E,0.7772002971432297
CC_13E0F0B3FAE6,0.20978392903095333
CC_13FD88C2920A,0.6839253839279411
CC_1401CB818627,0.19463938734011832
CC_140B86E74F74,0.7715662389793556
CC_1452A0B69085,0.04117321716350065
CC_1458CA7329A7,0.24096834718652224
CC_1459E7125AFB,0.07828354458424477
CC_14633EC7F622,0.39742062505061737
CC_147B1B30DE7F,0.11783114097157234
CC_1484511F54C5,0.29451409344454627
CC_1489A941A69B,0.2979609740962918
CC_14A8B16706E9,0.08183574191416121
CC_14BE52BADB77,0.09785244433178528
CC_14D53413FBCE,0.32131654916669433
CC_14D59B58E51E,0.13794194188822712
CC_14D964327B1D,0.055853256734937705
CC_14F5D06CF093,0.12853569076266014
CC_1501D63D5A80,0.3441694009085136
CC_150E3A0E5084,0.214853342170792
CC_15152312AC56,0.06994127179285152
CC_1522BA0411C3,0.056391454909817035
CC_1534B0241A1B,0.04781779802376758
CC_153BE2BEB74C,0.12877876879825026
CC_154BBCD4DCEA,0.254677179576646
CC_1552EC27FC0C,0.7151449703070601
CC_1566BFF4BCDC,0.33234306118440204
CC_1579BD86A63D,0.31867245307543735
CC_1583CFD90530,0.2810266611634044
CC_1584385F38C8,0.06561324946527551
CC_159656F13BE8,0.09735801557887594
CC_159B6F6AAF1E,0.0891674320374534
CC_15A4934FD96E,0.12239994899003412
CC_15B2140CE869,0.09884850033296311
CC_15C0972DE384,0.6499603423153222
CC_15C0E30FF2DC,0.11081264209008225
CC_15D617FAB434,0.04996868209599681
CC_15DA0F4FFF0E,0.31534716410897384
CC_15DAE76D15DF,0.04840419771665562
CC_15DC7C139EBC,0.34125266466593984
CC_15EB741857ED,0.0819951609980314
CC_15EC51F4C521,0.3012842460359435
CC_15F6259C7C53,0.07720118201463741
CC_15F7C012E10D,0.43396365774445733
CC_15F7C1BEC28F,0.19759569793527076
CC_15FF58854AEA,0.24551855962756491
CC_16035CDDC2F6,0.15933522662478608
CC_16095572722B,0.04963698030743234
CC_16109F1CE0A6,0.26692322703846383
CC_16150E74E4DA,0.15576758495504708
CC_1629E47AFBA5,0.07896273099397136
CC_162F4582D06D,0.6146450971774982
CC_163194DFEDDA,0.03655408284739202
CC_1640F01B7730,0.10514599253787202
CC_16460554039F,0.027642146282089972
CC_164D308CDE41,0.23127673138262006
CC_1661041F819B,0.7516232520693511
CC_166829780A76,0.12804667777625842
CC_16798666E855,0.10915957153603625
CC_1684B5493414,0.22634962767735842
CC_168A8907C8F4,0.06680130205823223
CC_1690EC56D088,0.06478377713799321
CC_169853EEAB4A,0.09594439749889708
CC_169B7FD839BA,0.14961269294455132
CC_16AED1A3008A,0.15392786822720111
CC_16BAC7837C73,0.17946438610320897
CC_16D57E1EEA01,0.13888778614765832
CC_16D833E56D7A,0.1917105472809245
CC_1702487A047B,0.18835459893903245
CC_17029F78E70E,0.0568386482095238
CC_1702F3E986AE,0.07431291017026014
CC_1707181BB559,0.04229057464451606
CC_17117BF03935,0.22000834671944797
CC_1723E40C3D40,0.24291029204449618
CC_174FBBE9ADD9,0.20698258711989942
CC_176E6E58FD1E,0.10471327036289013
CC_1783F37259BE,0.0903453137235059
CC_178B135605CA,0.08751402061821273
CC_179AA5165026,0.3517955798979283
CC_179DBA1C4CDB,0.31274538769496474
CC_17A1090B69C9,0.1094799865275549
CC_17AA1A4C904D,0.20464598509219134
CC_17B06C06FDC1,0.15102984863463062
CC_17B89AC1FD03,0.213352149702639
CC_17DC33AA73F3,0.05719865023872381
CC_17DE4D267831,0.09079901034911422
CC_17E929BE0344,0.3664932424161037
CC_17EB83DECE5E,0.4347027737808398
CC_17EC9982E5A6,0.13972503158006194
CC_17ED5555B4FD,0.24873927670591514
CC_17F4292DAF8D,0.10330416911099036
CC_1807B0980C86,0.06913755438253133
CC_181354A58B53,0.07291828678743
CC_181E7266E018,0.10183926244301472
CC_182AAE7CC3CA,0.4636574402614021
CC_183EDEDC5DA7,0.08329113851700003
CC_184C47552665,0.2660327534565095
CC_185A7392A475,0.3008028366355702
CC_185FEFD3233A,0.41179379012308515
CC_18676FE5FC07,0.07493519580476712
CC_18776C4FDE28,0.08413218826918306
CC_187A8AECEFBC,0.1571031106817739
CC_187E7D0B4E82,0.7164915183522897
CC_18839D393105,0.1538246104621128
CC_1888476F6CF3,0.14352997690985084
CC_188B1ED2AAA5,0.3242139876823902
CC_18A4257C3172,0.2862298621119721
CC_18A7929D9FC9,0.3058552015767933
CC_18A8695F185E,0.11124977061604321
CC_18ACE64E8F74,0.21228928042861156
CC_18BF4A29BB38,0.13328109875129987
CC_18DE36F7D294,0.1410408725249584
CC_190EB07AC1FC,0.1294367077834784
CC_19219F2C60B7,0.1750295445858488
CC_192262DB0B0F,0.08197578675285588
CC_1929746E06CD,0.6176960564787457
CC_193356E72D61,0.6479870314124391
CC_193938E8EA40,0.18607736793290525
CC_193C60092202,0.5190389693769722
CC_193F669537D1,0.1804226999935047
CC_194E13150BE5,0.05068577824863302
CC_19556DDCCDB3,0.03484733428270457
CC_195A6E9B48A2,0.12233442203708399
CC_196DEC616B33,0.09531999056984289
CC_1978B23D64A8,0.12230897829275764
CC_198562A4BD86,0.12400371330681337
CC_19864C9572BC,0.15726888273125364
CC_19868B6887C9,0.1273564710078956
CC_19969E05AB2B,0.1654015444654721
CC_199FC89885C7,0.12837212906659579
CC_19A40411B404,0.26189331328750537
CC_19A6D9B60B29,0.6582906587244722
CC_19AAB010550E,0.062311739458203154
CC_19B4743DFEEC,0.08146674132947426
CC_19B95A61D757,0.17534449482163197
CC_19E6A00F6A5B,0.06365738489495668
CC_19E8DEC29F47,0.5848749314011751
CC_19EA54976042,0.1589337616745209
CC_19FBBEA75B7F,0.13958491728097325
CC_1A039E58840A,0.056022581537171226
CC_1A075331756B,0.118697936373508
CC_1A1E1302C432,0.15664888930170226
CC_1A37690EAEDB,0.1645552908665431
CC_1A3BF9F5BD42,0.14200169062305626
CC_1A4268FEB02E,0.17138337486576466
CC_1A5F8618A912,0.3091817774097292
CC_1A659D4D521E,0.39987030139969365
CC_1A879655902A,0.06703326231795026
CC_1A9F6DA46BC2,0.11735560318466795
CC_1AAB15E81743,0.0324658283584914
CC_1AAC389EF8A2,0.22694779193260067
CC_1AAD0CE365D9,0.1321996723467251
CC_1AAD9152C90B,0.0512352092143415
CC_1AB15BDA9296,0.066284377071056
CC_1AB8BDA3041B,0.19171602680890473
CC_1ABB9CB074E2,0.7073826233551951
CC_1AC1B1A3978D,0.05668998058083332
CC_1AD20D1F9C08,0.7187210037251284
CC_1AD881A90D1A,0.3087374382291694
CC_1AE9811724DD,0.7635747783392727
CC_1AF1AAAB9D12,0.7509643874630259
CC_1AFCC4D0ABD4,0.16448908298427278
CC_1B08ADAFD1C4,0.17286033720711358
CC_1B10139C7917,0.12180868492113539
CC_1B127133B948,0.1663177095032767
CC_1B25964EA376,0.15595034893505444
CC_1B27A85C7244,0.18625781353387802
CC_1B29F4378A34,0.1320835257444703
CC_1B2EC0BD0677,0.34427730223507935
CC_1B4AAF37FB97,0.08582661289270682
CC_1B5E792F6E6C,0.32223969916753004
CC_1B7166DAA790,0.17338020845433716
CC_1B89FD901C95,0.09446209860603426
CC_1B91E3A70338,0.07257803590558623
CC_1B9D9B7184F7,0.16683606618923602
CC_1BA3FDD92B1B,0.055829130622020995
CC_1BA9B3D67170,0.16194096754195025
CC_1BAF97E2BCF2,0.09506673937202736
CC_1BB7D8A54021,0.0753561219285861
CC_1BD548A5FEF3,0.11671859978276769
CC_1BDF1893ECEB,0.24855775012831308
CC_1BF117A8AF9A,0.05539574108484428
CC_1BFA7E407428,0.7022634369719907
CC_1C0066F472E4,0.6875667173773108
CC_1C09CC2385AF,0.06245034639424171
CC_1C11467AB472,0.6566557578293357
CC_1C1627B7EE6E,0.037943640981190484
CC_1C3259B85E28,0.1635052868603025
CC_1C334ED885FA,0.0339224415222284
CC_1C376760FE39,0.07920796049073651
CC_1C39A1ADF3F2,0.15469307237214996
CC_1C450FC77478,0.1310679664891125
CC_1C48409023DF,0.4073762150033252
CC_1C4D03324C60,0.35243559096610944
CC_1C5F1E1028DB,0.03723839788912194
CC_1C6681C0AA7A,0.7760096248121952
CC_1C84CFE19CDC,0.2157764098139321
CC_1C8B3F689C6D,0.231499377095807
CC_1C95674B902D,0.04446252111448352
CC_1C9A4C11F28F,0.16732294449245622
CC_1CA3F50BABEA,0.07846836846718538
CC_1CBF42D35AED,0.6151945692146478
CC_1CC11BEADBD5,0.11635968559717713
CC_1CC3CE396A8A,0.22915500152116325
CC_1CD2B13C2E6B,0.08275655593395828
CC_1CE0B37CA670,0.0782476128958626
CC_1CF5A99FC068,0.13327234944369093
CC_1CF71AEB6671,0.07471495327535876
CC_1CFE066F5EE4,0.19578104486253367
CC_1D00B360809D,0.061715710223624196
CC_1D1173F82F2F,0.11350199646589806
CC_1D1E06E0B393,0.17272996551154535
CC_1D2789866B1B,0.07437886560528979
CC_1D2DD7DF781A,0.1894710367592587
CC_1D313498A2DF,0.17937176947571892
CC_1D68396533F9,0.33477868484751483
CC_1D7235BA1EAF,0.19094312363938956
CC_1D7ABAF9D080,0.04445160970624658
CC_1D7FA51D0D7D,0.48363837652390107
CC_1D8CFB3589AE,0.058420730474640234
CC_1D9421A6EB19,0.3371015015027472
CC_1DA0AC68719F,0.3358156657906398
CC_1DA366D588B6,0.10488939026855562
CC_1DACBFE0296C,0.11178078649699955
CC_1DBD6A716910,0.6572701815683137
CC_1DCB75B5CBDE,0.33724532304331395
CC_1DCDADBC0E90,0.42937985466149303
CC_1DD11FAF43E8,0.13321370720152803
CC_1DD8064E71C7,0.1597482831875068
CC_1DEC926EE25C,0.11779741698867474
CC_1DECBAE4FC5B,0.06337917933889119
CC_1DFF80E6D4DF,0.06188311145162473
CC_1E025C3597E7,0.22585634236870297
CC_1E082052CCBA,0.631542066351069
CC_1E0E30441DD1,0.20642091958208042
CC_1E20E200611C,0.1392308939064018
CC_1E354C75EB9B,0.02909016071793861
CC_1E3B2C15EBCD,0.1844670570737324
CC_1E4DF11FAF55,0.1684137707336293
CC_1E4FE60DFD8D,0.7357278204148314
CC_1E5A648D299F,0.17998608398858168
CC_1E6C0A8B3841,0.6257433474731027
CC_1E7FA6E807A3,0.21628784527152908
CC_1E93F760EC93,0.27449008024902005
CC_1E99F40FA03E,0.061621052791994896
CC_1EAD09DBC23F,0.19533238406115477
CC_1EB3D53252DB,0.2523850850718836
CC_1EC889E04D69,0.10209361104561947
CC_1ECCBF6853F6,0.4782674640049743
CC_1EEC4520436C,0.19429106927265985
CC_1F2827DC99C0,0.1713163206532571
CC_1F2C184C5227,0.08318398517727262
CC_1F3FA8091B02,0.1405099733659123
CC_1F4E07BFDC8C,0.04639893841246372
CC_1F4E0E9B54BF,0.060932783296168094
CC_1F55738A6A27,0.3440044994381381
CC_1F65276D0EF8,0.1037840473324769
CC_1F65C797BD40,0.053867666416859014
CC_1F668C0AE868,0.09209199523367531
CC_1F6B19A04BD8,0.04414244417060316
CC_1F945A60367E,0.4498454753710227
CC_1FAB6F11DFCA,0.6817629332000066
CC_1FACCCE95224,0.28148008629385773
CC_1FD010E5EA82,0.06277085370274034
CC_1FD2B7BCCD20,0.6935005701948636
CC_1FDAEC3D5CBB,0.11032695059453551
CC_1FDC65FE3DBE,0.13758702576430235
CC_1FE696D8A81B,0.057861332431663665
CC_20027685F59C,0.7606161794510333
CC_2009F3D77774,0.13455262426854692
CC_200C552C40F3,0.12223673303170832
CC_201459527065,0.1181475076493961
CC_20275029A688,0.08129466665227823
CC_2028DA597C34,0.20289644470928286
CC_204E557E5046,0.3666956745753864
CC_20542CFCFB39,0.04238569340793315
CC_2060F813C9B2,0.2635575688861381
CC_20813A9A7F71,0.096726950683483
CC_208429A11E2F,0.17724349533587275
CC_208B0FE7CBAD,0.09082780277931797
CC_209A511030A7,0.03408982853287622
CC_209DD60421B5,0.06634413502677336
CC_20B26D646D62,0.1593067954169795
CC_20C47966B174,0.19949572788793657
CC_20CFE9681E4D,0.08830374412968589
CC_20D4DB0F3E3D,0.0349311624337966
CC_20DD84CE3CA0,0.10055780988712482
CC_20E57CA675DA,0.6067002283306625
CC_20F129FFBE00,0.25083301079741016
CC_20F4E0F62D2C,0.06598133864370007
CC_20FEE0B2130D,0.6147650382307529
CC_2111B298C212,0.10610519584769365
CC_211315AD7633,0.199412563838531
CC_211504721E27,0.14663681568700926
CC_2119919BCB4F,0.7962095550585804
CC_21375C9ED931,0.20743227946212897
CC_213D2A5355FB,0.21038594367868513
CC_214B50E48E94,0.1548847215995774
CC_215F86D986BA,0.14494830855729615
CC_21600308F496,0.041981975181111734
CC_2166F3F6344B,0.10307308544022312
CC_2168BBB42053,0.13061792341181752
CC_217030CE0127,0.03553709265440004
CC_2179067B405D,0.03699736641557802
CC_219B59B67193,0.21301464251221086
CC_21A9E8DB58FE,0.11984188373356833
CC_21AE679C5E95,0.2282951596977399
CC_21B98D13174C,0.1103975624052678
CC_21C81BC15002,0.08693354292401291
CC_21C9B26CFEA3,0.06673625058866602
CC_21D22081A4CA,0.7500897810337589
CC_21D29CD736D3,0.320538905275235
CC_21D3CEAF838E,0.1904341262673842
CC_21EF792A3811,0.6365861014408312
CC_21F04E996723,0.3565927298981869
CC_21FB6C8AB8BF,0.47612366729356737
CC_22067686F6C4,0.7012810891708092
CC_2207A39B7BB8,0.12254403630801892
CC_221053121AAB,0.18301319407616898
CC_222423774191,0.06767163693022882
CC_2230EFBC99AE,0.43598951852591633
CC_223BDED2A465,0.25796895787860846
CC_223E3CA7A07F,0.18258997736169622
CC_2250B42E48B2,0.10919516974070885
CC_225935E43583,0.1316016649682323
CC_22781E93CF84,0.17464890027285124
CC_22784AF3CB6B,0.43356147433113773
CC_22831690395E,0.23651090720347054
CC_228E6CBCC935,0.591987646993119
CC_229338EBBA6C,0.08869221573703687
CC_229A63057E54,0.4916190989763064
CC_22A2D8A4B437,0.08883343070195746
CC_22ADE1EE9BC7,0.13858266636422956
CC_22B69E7C415A,0.0353612194381387
CC_22C590B43FEF,0.31626949874231247
CC_22F06379D8FD,0.029062363233751175
CC_22F282264A1D,0.12375798361112199
CC_22FBF5F0E1C0,0.22915218807410176
CC_2302088175A3,0.2580584114731568
CC_230672EAA654,0.028523208679449807
CC_230870B121F6,0.15615454526595085
CC_230A051B2B3E,0.0438512525530664
CC_2316F57AFB7A,0.08820448367500493
CC_231D091FCD1D,0.04853891005850282
CC_231FDED1781F,0.2535489249884038
CC_2320053D1183,0.050610922716599976
CC_2320AF507566,0.17890357003186677
CC_23321FF41C3D,0.22752166802503102
CC_233470D6BE72,0.6334434927284607
CC_233C8EBC95FC,0.40582088698431507
CC_235F99F13500,0.15912549250245026
CC_235FC02CA52F,0.20958385790808126
CC_236C80CAF53D,0.20073493849237306
CC_236E7222D97C,0.0743884079382448
CC_237B86FDC93C,0.05004059928680947
CC_237E7EB2D7D8,0.08665993115927528
CC_23830081EE1A,0.6168733192649647
CC_23894AAA08DB,0.47599053540996594
CC_238CBFD6E20C,0.38099967748713603
CC_2392A4A79C9E,0.0320858670854581
CC_23A474D43C73,0.2255503643448546
CC_23A9CC59BA0D,0.021278599425676635
CC_23B158D8306A,0.13272978472119698
CC_23D147F1870B,0.1830397649745661
CC_23D2E73DCFCF,0.13261488320561496
CC_23D9103D1EAB,0.02810756364329707
CC_23E142182F2F,0.6746242650161115
CC_23E43713A108,0.0339059512315366
CC_23EF2911610E,0.5078463347954376
CC_24056B76BD7D,0.04556614389317781
CC_2416ECE66177,0.1320115677933809
CC_241E65816FC2,0.06836601105172332
CC_241F7E97FBDD,0.049793653510316324
CC_24217201D7A1,0.3966823960144288
CC_242301FCCE50,0.04274946864487809
CC_242C69CF0B12,0.10888928040910431
CC_243B23702DC1,0.19139079137615705
CC_2456B9C796E4,0.1250777007749243
CC_2457D89CB88B,0.6369380608087052
CC_24667210E2AF,0.22210609319975738
CC_2468D206CAEA,0.05796817879376499
CC_2469630A4F86,0.3552677571630207
CC_2469D83D9594,0.03232334093823895
CC_248C65EF54A5,0.6355087230233473
CC_24BCCA7941E8,0.08992587013324282
CC_24BDC1CE2A3A,0.20540417935747896
CC_24BFCCDF957C,0.04369919734363376
CC_24CC8A1B1CB7,0.12413301913024405
CC_24D4B1852554,0.20775762286376742
CC_24E65FA5A32E,0.16224415636471046
CC_24EF3EDB6857,0.035440837789468715
CC_24F15A19D648,0.16461412063169653
CC_24F2410B5A19,0.1514245582292476
CC_24F27E7DE1C6,0.458647274426359
CC_24FFFD0C983B,0.028881440326754094
CC_2504E9D5D5E4,0.13641170646315828
CC_250F6A0DB62D,0.05250766065900697
CC_2520E13DF0A2,0.7023364261646372
CC_2539C315029D,0.29563082914048777
CC_25519ED78507,0.18257080633508943
CC_255D49296DB6,0.12509053757841948
CC_255DC60FF5BD,0.03957261245667906
CC_2563C9EF9D55,0.05471247742220872
CC_25756EB9651F,0.12064412454109857
CC_257CC46D379B,0.4221622290716749
CC_258D5F80A933,0.6731199771433032
CC_259D87270257,0.2592260623361301
CC_25A41AB21C94,0.23429909601849364
CC_25ABCDCC8B71,0.10501629309378652
CC_25AF0D0569B5,0.06881624807135234
CC_25B61D393144,0.1610316178023975
CC_25B95D7288CB,0.3939128932735673
CC_25CE2F2F13BE,0.2243214170388392
CC_25D1A5971976,0.33333978143535736
CC_25D411B46F00,0.7478117286614179
CC_25E7A2DC5E41,0.05624696732222191
CC_25F4C8E51AC2,0.5434549369499971
CC_260323EFB122,0.5336986923592255
CC_260F10484312,0.05979165907249452
CC_2610D0F1D0A7,0.19069470796236415
CC_2615866F35A2,0.09699029515441585
CC_261DA4E8DBEB,0.11483450804230619
CC_2628F00B0745,0.3900628100727768
CC_26338E9AD15F,0.13673450554078717
CC_26346B99BDBE,0.6505995975354304
CC_26351DBC1AF6,0.12465504556769542
CC_2637397AA3F3,0.6004111491022474
CC_26675C32611C,0.6782520657909822
CC_266E49E49071,0.19672157319232253
CC_2696368A4DC6,0.028180922607146584
CC_2698641B68A5,0.15960790612146084
CC_269C5AE6A1A3,0.6773381997554304
CC_26A06AD1206C,0.7525167181898247
CC_26A358B0C10F,0.15900002336367527
CC_26B07CB02EA3,0.5413852336509295
CC_26B638BEA8CE,0.1289337437741556
CC_26C33B649FC9,0.058810731656349445
CC_26D5B969A36F,0.3289620395038545
CC_26E3A1226C2D,0.15802385284253598
CC_26EEA3F0224A,0.26011155740287595
CC_26FA5E5A718C,0.1392325596758679
CC_26FE119D4919,0.055304744597793706
CC_270B462BAEF3,0.030378525041014418
CC_270D929FEA9F,0.07983327543506144
CC_2731AD82BA11,0.20750189249293455
CC_274144AE3E86,0.14137727552451199
CC_274AE6E82879,0.15428175450605652
CC_2757A490C5E1,0.08156233033857496
CC_2766F6011BD0,0.37700712771782674
CC_2768E644C697,0.04511353730839594
CC_2770DF70328D,0.0720427698363281
CC_277503968C44,0.5040818023062054
CC_277CE974AA8F,0.2785603747243841
CC_277D246E39B9,0.2001060452711335
CC_27A1CC725B7A,0.0628290012659309
CC_27A798829CA8,0.7627079914285586
CC_27C938FC8DC6,0.46774955483895186
CC_27CA2D819E7A,0.06244885657513282
CC_27E3712F0E38,0.1269150551617072
CC_27F3B3F43FF9,0.03465085053340685
CC_27F9832EAB8A,0.47527685917826146
CC_2809CC131F3A,0.6514199655361093
CC_2812523510C0,0.15433247996403004
CC_28151C75756D,0.043155533489416906
CC_28203CC976F9,0.09938482462507794
CC_282AFAE06F96,0.09218306898623807
CC_282C2404F4C0,0.0766065887845333
CC_2834BA2F19FC,0.21611744983490278
CC_28432E22F47D,0.5640417294784121
CC_2844882CC439,0.051785476607676934
CC_284F79726032,0.4095214171989656
CC_28544783AB15,0.4883829614743697
CC_2856104729EA,0.6866185580779599
CC_28625CD86761,0.17366011531805342
CC_2866BDB46FB1,0.09308953553979646
CC_2872415C6B36,0.0727197409153848
CC_28752737647D,0.6175163881159544
CC_2875C281EE88,0.05298620178184609
CC_287E3E9EDAC9,0.07595719231899789
CC_288A2C49D62A,0.04909105058578335
CC_288FA8CD819C,0.19026024517157059
CC_2891894CCED4,0.07054020778341838
CC_2895608A9699,0.14401753390405683
CC_28A2EF7926AE,0.598723873416493
CC_28A7DBD2B710,0.1690848595278619
CC_28AD81DF2C51,0.1165974779629518
CC_28AEC29CEC25,0.16411154932634758
CC_28C1C3DF7928,0.1021152143206699
CC_28CA76962EC8,0.17734065596018095
CC_28CD47803B6A,0.07176206877516893
CC_28DF569DBBE5,0.07999974578002221
CC_28DFE611C657,0.10177341413336329
CC_28E11E6A6C8D,0.1645944606974596
CC_28F58ADC7CBC,0.12143051385445718
CC_2916479EBC84,0.11605601856097239
CC_2917C6CB0B2C,0.1520563359096248
CC_291C7830D4B5,0.3662039130543398
CC_291FE1744E5F,0.07519690033513883
CC_293124F1ACD1,0.1338739612949606
CC_293C2D704AA9,0.358979345386905
CC_29432A6B2555,0.11929938954546346
CC_2944B427406C,0.16410520201052303
CC_29468B7035D6,0.128221347548515
CC_294A9A24E473,0.047369302771052044
CC_294B94EB0E07,0.26477537793292927
CC_2967C29E4C3A,0.13610512741795805
CC_29716D5835F4,0.2172341014994354
CC_297179FF2BCC,0.41189250803390454
CC_29803690C939,0.20980643096305066
CC_29821539DC4D,0.1345507014438065
CC_2983C1D2A273,0.17391250638528774
CC_298CAC5A1868,0.624542262901278
CC_299EBE0FB429,0.13915680161549188
CC_29A1C0073882,0.4749364890235054
CC_29B6065F187B,0.3617621782131688
CC_29BC66C10F87,0.6260307518356604
CC_29BF3C3D9682,0.1647044317070528
CC_29C4425FB2DA,0.19945727697074278
CC_29C5D0D72D61,0.1077175295082165
CC_29D65E313500,0.13232687481204772
CC_29FD856F47A5,0.7349854025922239
CC_2A097F88615A,0.08827692328274502
CC_2A0CB4CE1A48,0.22025595171486795
CC_2A14C1652D6D,0.22444076533072202
CC_2A1F96F80938,0.12158929732557791
CC_2A23F71805A2,0.1343265711420223
CC_2A2BF2FD0498,0.13531936919320095
CC_2A358A1D3DDF,0.6308412418161169
CC_2A3E371F0DAD,0.2691266976063729
CC_2A423FC8A330,0.30980490697489305
CC_2A43368D54F9,0.495658966207991
CC_2A47A21C0E07,0.6559384671860332
CC_2A4CB02E7A1E,0.12392672197834775
CC_2A510080BA29,0.18814816672914092
CC_2A5316E550F0,0.08460580218465862
CC_2A59695EF90A,0.5846248044431486
CC_2A606D00CC46,0.048690133065018695
CC_2A6C69145AE0,0.08563196578777321
CC_2A6CD71471A6,0.10802498833152477
CC_2A70D6EF64E1,0.08570288999915973
CC_2A844754AE67,0.5964794994098628
CC_2A85A7B242FD,0.15621994680548873
CC_2A9A51067D7F,0.15129866688360355
CC_2AAAD4020436,0.20606092872171575
CC_2AB62BCF3704,0.08114110055088222
CC_2AC1C8DE5649,0.11549400717227368
CC_2AD10D78793D,0.7032184623140342
CC_2AD26446A7AE,0.0401128769275193
CC_2AD2D35975D1,0.09873549413117863
CC_2ADA07B0211F,0.29579354314716855
CC_2AED2D284351,0.3175051335394222
CC_2B01FDE2552D,0.2461551233871745
CC_2B06DDFD7F8A,0.06758014383567515
CC_2B08FBC0A948,0.1715960570424494
CC_2B1914218468,0.7314311501849469
CC_2B1D93E12DC9,0.17281580515140507
CC_2B248C488918,0.08235910115611786
CC_2B256891C60A,0.6210349972539246
CC_2B2801591A25,0.3831218268823755
CC_2B2B7CF1E40F,0.11209682101445884
CC_2B2F4204834B,0.19011876679412443
CC_2B5443C7AB87,0.06726852012205584
CC_2B5D780AC244,0.6743371570412882
CC_2B64E67CFF13,0.0520261490532753
CC_2B6B872C8D21,0.06682550018869488
CC_2B85D931F011,0.08087104404611575
CC_2B959EF030DD,0.14570196301873384
CC_2B973D1AC16E,0.12628275544172585
CC_2B98983C2687,0.04805713420961029
CC_2BA581E7B8D2,0.0955104327048263
CC_2BB2C432C369,0.12836837736625656
CC_2BBE19587CD5,0.08394751073412599
CC_2BCB838A9581,0.15135549010547017
CC_2BD0E9336EB4,0.06851701382106622
CC_2BD1633FD528,0.08980634027104553
CC_2BD58FC8C2B9,0.030563305368186935
CC_2BD6083CAB0B,0.7748831682774597
CC_2BDD47B177E5,0.77829603153397
CC_2BDE889EB05C,0.27410736044646816
CC_2BF8DB192A49,0.6101136021823164
CC_2BFDF46F3AC2,0.11537312374209646
CC_2C00CF2FAE22,0.14906198534125348
CC_2C06DDBA1073,0.356141349017212
CC_2C16C7838FAB,0.7988039814633242
CC_2C263A1A732C,0.1877215155402028
CC_2C34105831A6,0.19513253666463964
CC_2C43FFA06F31,0.08560808516220905
CC_2C4DEE4CA1CF,0.05955683098306527
CC_2C56DB55E40E,0.08814530156936234
CC_2C59F565C183,0.1458892913042878
CC_2C7F54E56925,0.16877750064216557
CC_2C8CFCC646BE,0.03094172194520727
CC_2C91AB1DB754,0.0553500741702023
CC_2C93356976AE,0.3791242733286015
CC_2C9DADC294C8,0.06904120937099434
CC_2CA94231028A,0.2631228616200939
CC_2CC8CB17283A,0.1919856087060559
CC_2CCD42AA2376,0.13817249998341646
CC_2CCFE560A79E,0.06084477784924949
CC_2CED227E5216,0.12455679261247427
CC_2CF326E90715,0.0402524599268542
CC_2CFEA03CC6A0,0.643831489145347
CC_2D1D032137DA,0.10706373016790069
CC_2D258781011B,0.18599609677052986
CC_2D30260A1CEC,0.2174409701406542
CC_2D35C002A9F1,0.14918474816284344
CC_2D45DEA4EB25,0.1494853849740992
CC_2D5494C13FFA,0.08523102664156926
CC_2D5EA2953E81,0.228968748806828
CC_2D6E7894EA16,0.6486295868129681
CC_2D7DA36360AD,0.2340533269603895
CC_2D7DFEACA38C,0.3050680279453223
CC_2D836654A121,0.1489243154022285
CC_2D9CDFC6C57E,0.7256599931800738
CC_2DAC67585B03,0.2114855162152282
CC_2DAE338809DE,0.2918494744095886
CC_2DB062A18C75,0.4954806628020213
CC_2DB2C55CF89E,0.772703442790149
CC_2DBCBF870292,0.034772593864473
CC_2DCBC03B4FA3,0.7533592290730491
CC_2DD78131B5A1,0.11995985819997798
CC_2DD7BCA75AB9,0.12682903131019202
CC_2DEB49017220,0.10635722864918837
CC_2DF6C71ED372,0.1468806177800547
CC_2DFBFA1A4FE8,0.15266369960289597
CC_2E12A41F7733,0.06780667321482303
CC_2E1A348EB1E6,0.11825023302518478
CC_2E23CB0F6F7B,0.3603197469444408
CC_2E3634587158,0.0567046015879188
CC_2E3F4B14D8DF,0.35362155069253864
CC_2E3FDDBF4F48,0.1924237895847228
CC_2E61C46BC16A,0.1626598552598401
CC_2E62AEB14351,0.3248072828389844
CC_2E6F1C0ADEB8,0.18293529708322737
CC_2E7415FAB62E,0.07908543975665241
CC_2E77F7444FDF,0.03775494786457165
CC_2E78431BE3DB,0.08490731863218087
CC_2E7D44FB8075,0.15109945701848274
CC_2E7D8539BDA6,0.2968433121518127
CC_2E7F248874AA,0.7166240291575451
CC_2E85BB8F3BB5,0.08310559111310627
CC_2E8897E4D9BB,0.23554633160504307
CC_2E8CCDE89E2D,0.23914955245403982
CC_2E927D910813,0.11522988118496906
CC_2E9891F5A2D5,0.13485895719928032
CC_2EA56A7EAC04,0.26369472618487944
CC_2EB45D13B248,0.12890163363332446
CC_2EC924B0EAAE,0.11793677115417332
CC_2ECC248C96B7,0.044223156636367146
CC_2ECF0C98B06D,0.3710922092500769
CC_2ED3F6481454,0.15655588913798357
CC_2EDDF0B40ED8,0.1426649587934709
CC_2EE2A139642B,0.1379870928071496
CC_2EEE072DA301,0.19873210517536835
CC_2EFEBB85DAEB,0.15581173958562244
CC_2F133BEFAA69,0.1453364869951994
CC_2F1AAE3B81F2,0.0844584296146395
CC_2F1BC47CC90E,0.04065455321991879
CC_2F2128FBBDDC,0.15771191457325567
CC_2F3D3342834E,0.07050390618122773
CC_2F42D39F710B,0.6094721835374908
CC_2F4AFE398419,0.6779096082766589
CC_2F4C24B38EE6,0.05246173370349828
CC_2F508C0838A6,0.08793684187536333
CC_2F50EC193942,0.2192272589175841
CC_2F5BD03D4900,0.06422657642267579
CC_2F73AF6728BC,0.04189085323979358
CC_2F7EBEAB9CF2,0.19257081461359934
CC_2F9AD2BC25F5,0.06371942280878304
CC_2FA3172ED3FE,0.6789000923581084
CC_2FBEF8808F48,0.1687438809284064
CC_2FC014F0EA3C,0.09328362128855455
CC_2FC3AD2EC986,0.2524227391405798
CC_2FCC82AC097C,0.29567568213364154
CC_2FE2ED7D464E,0.26299468593649505
CC_2FFCC9802D2A,0.1820616397237107
CC_2FFE32627DF8,0.20941724084416186
CC_300BEA90EF3F,0.16034148352083033
CC_3017B64D0364,0.21423711024579958
CC_3017E5E87C94,0.14303294637162478
CC_3028375CC87E,0.7965266744366697
CC_302A48CFCEDA,0.07272568455894851
CC_3031F96196BD,0.34867740067902503
CC_30328ADA0AE8,0.09168772799125781
CC_30451015D913,0.027051323918669247
CC_305D33AC15A9,0.7480666507104387
CC_306015CFB66A,0.15460214100460912
CC_306413849CEA,0.42720989758560635
CC_306EF0BC7CB3,0.026829965909093857
CC_3075C5B861A8,0.09463061634117331
CC_3083D9B76858,0.04371009230446576
CC_3096994A495B,0.20126106472701447
CC_30B106BC1657,0.1871526884433492
CC_30B967417C42,0.20891891993677783
CC_30CABAFF5453,0.08132868768865993
CC_30D68208FB23,0.3533517053121448
CC_30E2A90BACAD,0.16966317201248932
CC_30FFD856443D,0.6049851078767197
CC_311EF26786A8,0.08663319971716013
CC_3129843EADE6,0.6800754625843413
CC_312C34EF683B,0.04855178975590348
CC_31302B64C078,0.11454712316978038
CC_31344A25B569,0.027929467150850873
CC_31397A399AD5,0.07380189564674612
CC_3145B5EAD7AE,0.22484018121221877
CC_3146EE0BF81A,0.13514021548306873
CC_314D02632843,0.32302648107962817
CC_315133406E42,0.24195310731442138
CC_3180D1C6FB7E,0.253909811207477
CC_31827EE8A968,0.2966256909914827
CC_319BE06CC27F,0.03582038971313352
CC_31A0A97AFFCC,0.4794151312970345
CC_31B22116E36C,0.16651926458489164
CC_31C78D9B6494,0.3861290264510235
CC_31D3FA367B41,0.11841272473446424
CC_31DAAB3E6DA7,0.16558837939577542
CC_31E36F666FB7,0.08023835824855279
CC_31E72EA14FE4,0.10362843074472447
CC_31FC6DC9482C,0.230713008576519
CC_32076DA6AE23,0.16020452842438948
CC_3209FA12D938,0.30675684263461295
CC_320E17F947CD,0.4269895145791373
CC_3223C706DD92,0.2384638505307076
CC_322EFB2E377D,0.10310734153365911
CC_3248EB928073,0.07551163851543469
CC_325D5DC52B1F,0.08357588170088538
CC_32662A6DB78D,0.16896858268547432
CC_328DD3BA068A,0.23512428789056214
CC_328DF7798F91,0.15497371142780691
CC_3295CFEB188B,0.08730321081354686
CC_329DC79286ED,0.6961379119379301
CC_32CB77D55C73,0.1259123161438457
CC_32D129B9E651,0.09734599020544094
CC_32DB12551D37,0.646526870898264
CC_32F00D77D5CD,0.11170249417786726
CC_32FF5F6892D9,0.22070834700256609
CC_3301EF60877F,0.1278812078564262
CC_330F334BD816,0.11832517451887609
CC_331285B3494C,0.21340164789805904
CC_331364283D5C,0.11418458431033791
CC_331718E0F54F,0.17636576088453035
CC_33194D48FF66,0.08140113596596199
CC_331E8B8BCAB8,0.06624704040380924
CC_33254134ABA9,0.7804649244994972
CC_332E42439579,0.0971997426862726
CC_333102AB964C,0.14939299592272115
CC_3338AC0E8112,0.25869996412379526
CC_33656EEDE6F2,0.39233645893856556
CC_336777D934E0,0.4711327867633067
CC_336DBFE464D1,0.5219762282504308
CC_3382BB2F3152,0.13874930495589505
CC_3387207793E4,0.037236819524906595
CC_33992C973839,0.21253664141739367
CC_339C36703675,0.08972270868059792
CC_339CA5814519,0.10774615670185428
CC_33B157F2A921,0.12428239396191522
CC_33BBD10F239D,0.06528871496056513
CC_33D3B12EE56E,0.08550271384737204
CC_33DB68EA27CB,0.10346745563002717
CC_33F0B95E70CE,0.22231922905127321
CC_33F40275D630,0.050261325278913374
CC_33FD5DE22692,0.08180204506321763
CC_340961106343,0.11922603989071812
CC_340BB1F4CEF0,0.14306602462532178
CC_3410B11F1FA3,0.16087730914702814
CC_3424972707B6,0.650311101533847
CC_34452758A645,0.027446370753145127
CC_344D239879D6,0.1365710913097713
CC_34503B6891CE,0.2241626674873315
CC_3451722A3813,0.07228729750128007
CC_34517B513D8E,0.46859481754437016
CC_346ECB4CF2F8,0.09896769422606447
CC_3478E8B6B56A,0.06304951235215293
CC_347AFDE16722,0.08425124554031418
CC_347B1A01467F,0.043276462651918556
CC_348AA62FF484,0.2920899098445013
CC_348D3F098A4D,0.08997162351008561
CC_349290E4D0C9,0.1445961763310678
CC_349347D553D1,0.27156717206648684
CC_3495CE27BB05,0.25870887754844735
CC_34B10A654721,0.15007326450316272
CC_34BD2C5130C8,0.13251376256700223
CC_34C433439160,0.05935472394933248
CC_34CA271F73E3,0.30653797642807895
CC_34CEBEA3B15A,0.06866886352161822
CC_34E58CF793A0,0.1603864571672856
CC_34E6909B6027,0.5104548505337568
CC_34F4292A8B5C,0.1939059403533454
CC_34F6DD223594,0.04409207987897843
CC_3508A7A5E9EB,0.1484013562069014
CC_35094977DD75,0.147385455540119
CC_350DE157CE6D,0.15691605259339195
CC_351BD5C2EE8B,0.021428526444333663
CC_35486249EDEF,0.2131352160174682
CC_354C9ABE6DDE,0.06494796795901048
CC_35578162927A,0.11161416016164553
CC_357C3E7518D3,0.7495956591435979
CC_3584C15BF11F,0.03541008025246976
CC_3588C5166872,0.08621310291630443
CC_35A68306B19E,0.2568364942634791
CC_35BFB3093D02,0.0466053247046466
CC_35C085ED37BD,0.5348191643381814
CC_35C695C13279,0.07075745136913206
CC_35D1668A4C13,0.2226949624459349
CC_35D27495E0CB,0.7786940675319777
CC_35D562E1DBE1,0.6957371771118193
CC_35DCDC74A757,0.4809547196564914
CC_35EC2AB1D1EE,0.14557209841847765
CC_35EEB90317B9,0.6053800613329408
CC_361A9EAF7706,0.28343820054485663
CC_361B968FEB98,0.3059296581523996
CC_361C9FA031A7,0.7707004090098695
CC_3620C5D1B3E2,0.061325898840512316
CC_3622D7221940,0.0332345959909289
CC_363175E92F74,0.31281236026856923
CC_3638C9146BFC,0.1565678579038178
CC_3643A4C7EC5C,0.05958726965684402
CC_36690A9AE112,0.7324561915691735
CC_36719170F638,0.08760279068301596
CC_3673466BA7A7,0.07804333607324485
CC_36847054DF52,0.3462438777252294
CC_3691CE792752,0.7445478184301081
CC_36A27FE53743,0.4971689446451192
CC_36A3FB06D1D8,0.7776040009998271
CC_36B0F2AD5413,0.058912448791940554
CC_36B1B7BF5F75,0.17273688588868283
CC_36B68E66951E,0.4556031588610753
CC_36D3F09AD810,0.42671258840551496
CC_36DBD8424220,0.5543920208492058
CC_36E5645D8018,0.08662458092388459
CC_36E6592E4E23,0.18179215918058128
CC_36F143AEC864,0.09280778694819257
CC_36F2A735DF73,0.18717101438080125
CC_36F81C003E8F,0.033023306507650264
CC_36FCD55EE425,0.5356289451685365
CC_3701D5DB7FA1,0.079564708065187
CC_3706E1EB2587,0.5656975708553702
CC_370E0F8EF86F,0.585077710641674
CC_371D47444D5B,0.6944919477701715
CC_372CFE308EA4,0.6519161732456658
CC_3731D90357A6,0.24959869451467537
CC_37322F66C543,0.03220778266340416
CC_373539DE38C5,0.13510496322361623
CC_375225700242,0.32631346518583243
CC_3762D0B6F3C2,0.12190898451767804
CC_377A277E831A,0.14682049356978627
CC_377B6066B91B,0.28209671750137083
CC_378D71726B5E,0.0755577427538168
CC_37A46BD0DCBF,0.041612556927611594
CC_37B447368F02,0.7069922224092693
CC_37BFDFE369A3,0.21975725997375198
CC_37D09FE492BD,0.0751715634015619
CC_37D3F4C07235,0.30444356118249066
CC_37DDACE48E3C,0.12760687563740475
CC_37DEF85C0A37,0.30224604565620095
CC_38020CED9EEF,0.08527946858185044
CC_382207621EC5,0.7963162738625669
CC_38374AB27F95,0.08089494198732619
CC_383A5544DD5C,0.1302337758731501
CC_383C129A5B96,0.2389200527457338
CC_3847AAA649C7,0.12163780653227037
CC_3849D992C1E3,0.08458257547146021
CC_384BB17F0F0B,0.6153249756791584
CC_3851177E5E76,0.07777677642259595
CC_3862F88850B8,0.2881383174779464
CC_3867CFCFCC94,0.24569964389696525
CC_3872ED018F85,0.17781625595341294
CC_3881A587C072,0.13601194380047932
CC_3882F8EB5EEB,0.5972316329188926
CC_38911341EA6C,0.08939692376222677
CC_389E5B71E254,0.6053747955891684
CC_38A0DBCD3728,0.07800079805715518
CC_38B3E9142747,0.09231110050826456
CC_38C1B8860300,0.0492293196202952
CC_38C8CF250B60,0.02775637138593878
CC_38D32B790B4A,0.13679864346215642
CC_38EB304A9915,0.18434615866771667
CC_38F26461C872,0.76175055957811
CC_38F942257E28,0.5406497164222172
CC_38FA5D78A8A7,0.05086599573269371
CC_3903D7BCCA95,0.06513669443796635
CC_39043D7ED04D,0.19338186995270135
CC_39098B256732,0.06546465149066397
CC_3909A2E4C679,0.14031624406570553
CC_392344DF8D55,0.34143045282501155
CC_392628C8AD47,0.09708883535931942
CC_39285F4C42BF,0.41046147534553035
CC_392A376EA1A2,0.09356214902735815
CC_3932E086F150,0.1739432417878399
CC_393D1D3640D0,0.06806880350198911
CC_3943B3490B49,0.6811143186073443
CC_394DE164DBCD,0.13939490799590012
CC_395600E84A54,0.1292177343555469
CC_395D181A7E1F,0.10203895566997029
CC_395E8CACC437,0.1345869521385162
CC_39635AC6A70E,0.06350199376603566
CC_3969352E3ABC,0.0956318041875461
CC_3985C0DF9CB5,0.5689570807563711
CC_3989F2C6A9F8,0.2097978542263837
CC_39A82672A1B2,0.07932439188955859
CC_39AA15DAE17D,0.607075439863352
CC_39AA2A3D98CC,0.02961253364428794
CC_39AC257B00C5,0.10201766404849463
CC_39ACC63CDAEE,0.11750698492507479
CC_39CE40784C2C,0.20428857881931545
CC_39E1A306D418,0.1486127549151366
CC_39F2B11C46D7,0.08614925695962425
CC_3A10F5F50A27,0.04978262308266712
CC_3A27CF9D162A,0.5970452135841187
CC_3A297424A7F7,0.11277237348755134
CC_3A39F7930BF3,0.08965219363936733
CC_3A57566F9977,0.5902888852036084
CC_3A61121254E6,0.04759621217119123
CC_3A81C568A7F8,0.19492825337957792
CC_3A82E7050A4D,0.03879673035108856
CC_3A860AADE6CE,0.15134827293076064
CC_3A8B3FC29C9E,0.13420253103788982
CC_3A8E9056A5A2,0.09477301749864213
CC_3A9617A5777D,0.45307426638856774
CC_3A99D25777CD,0.14486919027117398
CC_3AA9E8D01340,0.5695067903868067
CC_3AAEFC09C290,0.7263052320673802
CC_3AB5E579843E,0.26714343850968447
CC_3AB77A30AD40,0.17828200262593974
CC_3AB7BA36A414,0.34063324248649873
CC_3ABA830A5BB2,0.11465601914313962
CC_3ADDDA550A57,0.1033398800193517
CC_3AE7B1151DC9,0.13148496300184137
CC_3AE9A209EE00,0.04331979254985104
CC_3B06FCD75C98,0.05906809058426782
CC_3B0722FB5E8E,0.29063415440550844
CC_3B1C51DD7429,0.17934892754955745
CC_3B1F4696D710,0.6182307814019236
CC_3B224413A072,0.2521104449485961
CC_3B35C3783CCD,0.26273266091117353
CC_3B3626F3DF9F,0.23235179800262334
CC_3B4405C7E486,0.5463510051587936
CC_3B4C4A9C9D99,0.2533994278516571
CC_3B72F0E9E3F8,0.23610786196055392
CC_3BB02A95C6C1,0.7219021655209856
CC_3BB8B675C2BC,0.37454415504180755
CC_3BC51B069218,0.10772833255321236
CC_3BCA5BD201AC,0.17191523601797787
CC_3BCAC9793441,0.3069304509817662
CC_3BCBC867AC4A,0.03953433516936707
CC_3BE51412ABE7,0.43379174402848114
CC_3BEA98B401CD,0.6780783208876229
CC_3BED6DF1ABF1,0.17637160694736403
CC_3BF0BF7CF827,0.7861172203064051
CC_3BF110035599,0.6153340227486767
CC_3BF213810DEE,0.6670900589200707
CC_3BF21CA88D3C,0.4714716037442529
CC_3C0E29764C71,0.058002254822063906
CC_3C19509D4636,0.16231177745019637
CC_3C1B038BB068,0.17183538829823947
CC_3C594CADCA2E,0.1989564556462707
CC_3C5D909498F7,0.6211601906691201
CC_3C68D5179A01,0.11822519965320137
CC_3C83955704BA,0.7771946971404741
CC_3C93218F41B2,0.2870940865700574
CC_3C9CFC8FB4D1,0.6898622072833532
CC_3CA266EB55BE,0.12115328704585301
CC_3CE49C937F7C,0.09132734530260801
CC_3CEEB9C04F0B,0.37872859581621926
CC_3CF504AD4DD9,0.06453509362035553
CC_3D1092DBC5C2,0.21780874731842761
CC_3D185833E7BB,0.03789650203945314
CC_3D2309981121,0.33493753451995034
CC_3D27A0086AA6,0.20363216843565282
CC_3D3BE7D0F4D8,0.12749462273907314
CC_3D412B5EA919,0.0869057617248489
CC_3D47650C6F30,0.06546241596036381
CC_3D55D1FD8457,0.05408163617779842
CC_3D599501BA76,0.0785083606637329
CC_3D6181EE3C87,0.6667459738663838
CC_3D65CC165F44,0.1475986152930167
CC_3D6CF6DB8014,0.37807019057195096
CC_3D7C14801D40,0.1809068340907732
CC_3D836BDBF866,0.6513720676074498
CC_3D8DF3A3DB71,0.7465303052092563
CC_3D9309851089,0.18773398336535924
CC_3D9ECB4274C3,0.12079382300464325
CC_3DC8A9A92802,0.31503833463591835
CC_3DDD3813D1D4,0.09104618231437656
CC_3DF3FFB3CFC7,0.10693544471708094
CC_3DF88701601B,0.15661445862254983
CC_3DF91A482CFD,0.3201479084777112
CC_3DFD6349D046,0.6465134283025744
CC_3E0D54125AE0,0.18419659870699395
CC_3E10CFE1DD57,0.04647959725552628
CC_3E13CB98572B,0.13524057726959182
CC_3E142C8ACA6F,0.08947799969843497
CC_3E1BAC4E5B90,0.07527253232657594
CC_3E2DD0D1E2D8,0.15327610088861515
CC_3E403BF08A45,0.08905517483775541
CC_3E46368104AE,0.09617407871949385
CC_3E48A086B5C7,0.2433504686179353
CC_3E54451B0F6D,0.08872940647841776
CC_3E6335ED3F4F,0.07881277359807538
CC_3E87A65C50A5,0.15172104028773925
CC_3E91109E2090,0.06125717856231371
CC_3E92A1EDA618,0.25715713378620186
CC_3E94684FE270,0.44671885334244665
CC_3E9DB402F352,0.14844780958994894
CC_3EB5A15A6C04,0.7962082760841602
CC_3EB8A9A6C49D,0.10424593915344024
CC_3EC96BC884F2,0.1221245992797119
CC_3ECA9E44B90F,0.30262213934615567
CC_3ECE4EF16A44,0.16288593738118867
CC_3EDDB8E70F57,0.21157629385651466
CC_3EDF137D0E1C,0.13824402641116795
CC_3EEEE844410D,0.3653958627563579
CC_3EF4F348C967,0.11755800497191315
CC_3EF91DD11A81,0.14002735625106044
CC_3F08C55E7A40,0.19221033195990392
CC_3F171CED0CFA,0.025755115371662148
CC_3F2544EFA753,0.14237002710355048
CC_3F28F3286CCA,0.07645043886635201
CC_3F379CB37B0D,0.18962117684742563
CC_3F42D798AB1D,0.6378995441335182
CC_3F48724540D5,0.16116922157003138
CC_3F68068E2D5E,0.11146938100450542
CC_3F7FBE71B77F,0.05766805971636402
CC_3F80017B8599,0.04708554875467237
CC_3F8B17953200,0.06610492419700309
CC_3F964BADC4BC,0.7360707011534852
CC_3F9767602FCB,0.20250947376717612
CC_3FA84F0B23CE,0.046396662047815465
CC_3FB4B189143F,0.15281126836291434
CC_3FB7C976EB26,0.48309429358306366
CC_3FBCEB2F36D5,0.13387423578733046
CC_3FC4FE843245,0.12620196656529703
CC_3FD52E32FE8B,0.6663238179127574
CC_3FDB44EC6254,0.05676969146234653
CC_3FEFBD6DC62F,0.2439725436275535
CC_4005466D00ED,0.3299337064468272
CC_40095FFBC1A2,0.05750518497501682
CC_400F1887A662,0.11266906004173219
CC_40133FF3069C,0.0821058208480885
CC_401C6F0EED5A,0.11011486221662335
CC_4021AD03FA01,0.11739266826583283
CC_402E91F3A56C,0.1191683226627902
CC_403754B6988D,0.11362417066277525
CC_4052DFCB1656,0.22592007703914008
CC_40579C5C13D5,0.8029783952235751
CC_406937FF97E7,0.08616061785063207
CC_406C4233347A,0.18771633622202563
CC_4073E42E11E4,0.2571306834880063
CC_4077BB12A5F4,0.1042394021935145
CC_4077DD5B5C4F,0.12061708837761616
CC_40824D899215,0.08043377658823904
CC_408D79189FBF,0.31350684772125065
CC_40A3F1D5EA0F,0.3671675600148384
CC_40A852A592FB,0.11750836638588813
CC_40AADA91D560,0.21269233908849675
CC_40B39CB2CC58,0.03198905788729198
CC_40CE2030F058,0.05662701277711435
CC_40EA2F8481E8,0.17215536888568597
CC_40EFD7778F98,0.15737254777215703
CC_40F278D49681,0.2761052688774096
CC_40FFCF631F19,0.3921353414472963
CC_4101D1B82788,0.2054775208768644
CC_4109B79A4B06,0.037091870276025826
CC_4119348F051A,0.10864030214642853
CC_41206EE45803,0.07351437635345448
CC_412DF740DA62,0.1362903840314131
CC_413AB4CA7451,0.10627182940357525
CC_414C06C60FF7,0.7151625212926822
CC_414F50748A51,0.053537385588413956
CC_415C65EA66AA,0.046075801533461636
CC_415CED95F7CA,0.13870996256312507
CC_416584250060,0.09881780363592158
CC_416B3A1F0F0B,0.10298019605352997
CC_41735021FC7A,0.1776552535248142
CC_417858CD20F4,0.09694483520504989
CC_41902EFB3974,0.041112948143469025
CC_41A27790EFBF,0.12948627452738667
CC_41A4A223F39D,0.10366895858990371
CC_41B464757ED6,0.13131736893511062
CC_41D1A87E1136,0.43150780775630504
CC_420FE297808E,0.0436323850579559
CC_4211096D5588,0.14185255030328126
CC_421F4D78128B,0.46540185220696917
CC_422F2780C85A,0.3218109500457287
CC_423B0296BE24,0.07331366451314852
CC_423E78000AA5,0.14909123340137748
CC_4246081DD359,0.09731901477869177
CC_4249EDF2FDCC,0.7925443448247885
CC_42568C67F412,0.36623533536558245
CC_426A25EA9E21,0.7409974781105033
CC_427ECDDEECE6,0.3001952121437057
CC_4289EEC8F0A2,0.18446457390200857
CC_429A7158AD07,0.15116742932271507
CC_429C51AE729D,0.04127270766425441
CC_42A0DE1E5E80,0.07466607859219276
CC_42A7D0F5388F,0.08694593074760583
CC_42B23C8C9F66,0.1991473914979922
CC_42BD3999AC3E,0.23826658968969866
CC_42C95B199130,0.41652630162490883
CC_42CD6CE97523,0.4435911871789866
CC_42DA114F12A2,0.2511658182134813
CC_42E2736AA331,0.20021216155515117
CC_42EA825C351B,0.4518646522916421
CC_42F1B2B4D258,0.5471578473401877
CC_42F4588EB38D,0.2970559745657891
CC_431F29A12E99,0.23941781288329755
CC_432EB78A198D,0.24468518348445945
CC_43383344BC72,0.1805032437427284
CC_4339187DD10A,0.060760627009919216
CC_4344A2E7EA1F,0.5016071275401988
CC_4347468ABE51,0.58060981098639
CC_434894BC2577,0.04552545767767628
CC_4362DB93FC92,0.09973795201171319
CC_436850DDC704,0.13643335113548885
CC_43698E2EEA0A,0.10486206114475138
CC_4387F73F131E,0.14333953566050067
CC_43A33C994C70,0.3504634450281493
CC_43ACD82B5514,0.298493066350546
CC_43B37131B8FA,0.21602878826792496
CC_43BFCAF8BD20,0.17466976166124246
CC_43C060E01266,0.2053602975185459
CC_43C41AF27375,0.05346386995754414
CC_43C5AFA48B93,0.06224571660985306
CC_43C767A44C55,0.204116770910125
CC_43DECAB53552,0.044573677958249354
CC_43E6D931158D,0.35901097940051624
CC_43E9F88019F8,0.05694380741689034
CC_43EBD6EBD675,0.06402796454983112
CC_43F81C577002,0.31877582825329115
CC_443C4E041687,0.07513007013091447
CC_443F63BF238A,0.1036810604362511
CC_4463776F9AA1,0.09224896720622074
CC_446F1EDF03C8,0.05991263606926367
CC_447BAD4F7820,0.8158883470116202
CC_447D02F917B5,0.05707572532934216
CC_447E705746E2,0.15162339152490467
CC_44A017104F93,0.6470804006466119
CC_44A1E58CDBC0,0.047725218404384984
CC_44ABCC04C418,0.07563378632412301
CC_44BF6BCCFC2E,0.046639687690141304
CC_44D0671A3B87,0.13035032676771527
CC_44DBEE3A7D81,0.19195684833314813
CC_44F7DD6A88A1,0.22586592977853417
CC_45080C42280D,0.19387581145670074
CC_4524AD74135F,0.4518580060960449
CC_45262103231F,0.19998826502313238
CC_452D8C5D039C,0.784373806888188
CC_452DECDBC90F,0.06908557810191415
CC_453C9B3A5992,0.4877727968320571
CC_4542AACA1FE4,0.11149696352081971
CC_455209549D3B,0.7809331360172491
CC_4555C804C4D0,0.06638518785864544
CC_4581E4190B2E,0.10838526525829971
CC_458912F91D6F,0.4309784226553509
CC_45913E1BE65C,0.3212847303512821
CC_4594791FB40D,0.11782342292317512
CC_459B49073E2C,0.36476018840217217
CC_459EA8E0E2EF,0.13338093425813632
CC_45A4A38557E9,0.1321972899414948
CC_45ACE2B1DB6F,0.05981468726972747
CC_45C1A92F0E8D,0.09725732247274393
CC_45D0673EDD20,0.16611771672814424
CC_45D70DC84DA0,0.11056575538758782
CC_45D96479EC1E,0.06018234157968416
CC_45E8597BF74E,0.06406096276862419
CC_45E97246F83A,0.28492036004453264
CC_45EC44761309,0.1363885541336145
CC_4603A6F83E2A,0.05893874233717654
CC_46045CEE8330,0.05916081931897277
CC_464E17187A4E,0.41232222243296324
CC_4659FB4B8536,0.14484203926553388
CC_465EF4F9B68F,0.1547995510748289
CC_4663FDE62E3A,0.2778982456314293
CC_466D54BE0809,0.07698063195271389
CC_466ED9BD34B5,0.07307957261153446
CC_466F7908E13D,0.20292359823953804
CC_4695A5525A11,0.1820701338051141
CC_46BBB8A4854A,0.05194840858801068
CC_46BC61EC8F2E,0.20111360431526054
CC_46C0DFA660B0,0.12492145356914774
CC_46C2DCF84CA0,0.10850371738069745
CC_46C38B9F0D8E,0.09940619966484246
CC_46CAB9AE7C87,0.5369237121645394
CC_46D0D1ADEA59,0.18287506768411257
CC_46DFC1AA0821,0.7751795480027439
CC_46ECA5976180,0.12277069369368641
CC_46F5F6D27991,0.09054145107418597
CC_46FE9F226120,0.22942180722601407
CC_47130CC63FC5,0.1820674276605314
CC_472330768F5F,0.0877727929809319
CC_47292EBB8BD1,0.12638423720168407
CC_4734AB1281DA,0.06245056853782303
CC_473989E6BA47,0.2765441331000074
CC_473AE07014DC,0.16408874118927833
CC_4741EF45C3DB,0.22553880972793933
CC_474586BE49EB,0.14441976179905858
CC_47490BF44944,0.3236377170196386
CC_477213DAED38,0.08143938373046038
CC_4778086276B7,0.15637971513997972
CC_47910B073CF3,0.1638152854619624
CC_47939776FDF6,0.7109891642435894
CC_4796F6A64420,0.06514501584486951
CC_4798549B52ED,0.30800855363660895
CC_47A3714E7D2E,0.3039831619853901
CC_47CE219EBAAD,0.16806808793939843
CC_47CF9074E03E,0.16621373263627656
CC_47E4537A53FD,0.14966140002169329
CC_47E8BC938FA1,0.14175600911952513
CC_47F134D17818,0.13584021817597114
CC_4812FBE05C7C,0.3523426155285036
CC_48152725FAB1,0.5313672094561521
CC_482256495FAD,0.6747154869393526
CC_4829FF15D21E,0.13919957176645992
CC_482D26D81935,0.6332007440390104
CC_4838990A8D02,0.0550064305237168
CC_4862EA9CD1DD,0.050243214669323674
CC_4862F8C1B0AC,0.08798397981790693
CC_486CD67D26CF,0.17255910587575196
CC_486D8F9AE549,0.33475114340952
CC_4877D1BDB737,0.11991112107372814
CC_4885E34F0B26,0.129925638379853
CC_48928CA8082E,0.15765136992145976
CC_48A74FF0E6C5,0.08755203317198897
CC_48E0791DDD62,0.06911894730352773
CC_48F620B6A472,0.10554233577978486
CC_48FDBB1D7493,0.13486844533851092
CC_4910EC928152,0.13607740235047183
CC_491C18C17767,0.059351411770693585
CC_492F65EF8D9D,0.7840800403484621
CC_493DDD53B97E,0.05584721055061305
CC_495F82AA5B9B,0.16575146218767683
CC_49618412FF86,0.07947554907787732
CC_496A7CFA344D,0.7578555208694682
CC_4983EBABAE3F,0.06632241296523984
CC_4992C1915957,0.5528939855314907
CC_4993B31028A7,0.08409501233993602
CC_49945441A644,0.17747319126957903
CC_49A80692BC68,0.1138564469142264
CC_49AB67613A58,0.17111196732254755
CC_49B05CADDD95,0.5674142412648517
CC_49C6F9AD111E,0.08479750007267073
CC_49CEB94F0B3B,0.04336706246081829
CC_49D3A79B55CD,0.07772988422117147
CC_49D6671DAE8E,0.11923218493324547
CC_49E6C539B1CF,0.05880461573074221
CC_49EEDF0DA684,0.031985086259603245
CC_49FC290E33A7,0.19131023332194746
CC_4A01CF2F67D2,0.7312157693808579
CC_4A16DC668832,0.5330649056565597
CC_4A212461781C,0.06990931673050034
CC_4A237A8E6706,0.14601285610789208
CC_4A3DFA0E27A4,0.1339883314402811
CC_4A513D39DCE3,0.04737573251320049
CC_4A532B0E6165,0.17122941931502025
CC_4A5FA9F1C804,0.10254346725881366
CC_4A7BDEC665FF,0.05654810734358039
CC_4A7FC9B23222,0.34086085014446155
CC_4A8A7080FA25,0.2620926718265004
CC_4A8EFD589879,0.06100589827897974
CC_4A8F7D2B857C,0.16483995684488237
CC_4A91E8D4289D,0.39744807851316066
CC_4A93163A12F4,0.3141277574504866
CC_4A9FEF48EA65,0.11584274232620849
CC_4AA73D751AA5,0.31544517608765826
CC_4AAED0C85F70,0.1418961177099583
CC_4AB1DEF044AA,0.04107552159872908
CC_4AB5AE299217,0.2156709136623161
CC_4ABA0CDC2270,0.18034760516997306
CC_4ACFFC2F295F,0.5944283095196219
CC_4B0490BAB1B9,0.07412639783285527
CC_4B28B03CEFEA,0.0893657148715146
CC_4B420765EB9A,0.1172811335049152
CC_4B47C16D9867,0.1195351654694324
CC_4B494C4D7D03,0.43243171016655013
CC_4B4C84B015C2,0.04017055638686518
CC_4B607295E983,0.044165890519073374
CC_4B6D24E81483,0.06265136870773985
CC_4B77AF6FAF2B,0.6555454241839942
CC_4B7EC3F2FFBA,0.060618145399457826
CC_4B85318DFA50,0.12512813156150188
CC_4B9B36B36DA5,0.7448556268372151
CC_4B9E0AD5D692,0.5515280332876331
CC_4BA041C9678C,0.12087208686269196
CC_4BB40F2129A6,0.11483417906891083
CC_4BB8FD274E2A,0.05376293446837398
CC_4BBB8118FBBB,0.14843033714922987
CC_4BC8CB91719F,0.13124665526347198
CC_4BE447D54BB8,0.17733176078414042
CC_4BE85B1BDB62,0.33017706874791186
CC_4BEF3C7F6395,0.25747042647719487
CC_4BF03FF61B97,0.4298354590958806
CC_4BF4C38EAE8D,0.23335782118707252
CC_4BF95B8140C8,0.09330974492128227
CC_4BFE0CB61B5A,0.42115335737664716
CC_4C2A3F254101,0.36594779998784366
CC_4C351DEB6230,0.2384937443553416
CC_4C38031A2A9E,0.10083116044063131
CC_4C3E35875F03,0.10041921443375011
CC_4C4D79F933B2,0.11131238226530313
CC_4C56497F4AB0,0.647582273569155
CC_4C827B493CFD,0.17801374331523395
CC_4C849C6073AF,0.12966202204769975
CC_4C869E6F618A,0.13897589513614958
CC_4CA21C15763D,0.1311783518932729
CC_4CB2F1CAE684,0.11341026609510246
CC_4CC0265E0778,0.05071832369953468
CC_4CC5483903E9,0.5447454677501986
CC_4CD7C76FE235,0.43693072025965746
CC_4CE2BFED4F4C,0.08305261303733219
CC_4CE751CB58FA,0.41344608150354933
CC_4CF3E184C500,0.04142446845042115
CC_4CF668E60D64,0.2387945347835569
CC_4D1A1AF53E18,0.03919580933823913
CC_4D29155FCF33,0.22955087565844656
CC_4D2CC7618AC2,0.5634826034333017
CC_4D350FF7402B,0.3379515585372588
CC_4D38AE84E3CB,0.18202989818533116
CC_4D4140E1056D,0.08675443652583689
CC_4D5545FAB130,0.5546878878931866
CC_4D55E218946E,0.08205127893508837
CC_4D5E14BD6AFA,0.09726066312459622
CC_4D78935D66E9,0.06281605325491096
CC_4D883AAAC6C9,0.029942377087770814
CC_4D8D8108C51E,0.6089521112700924
CC_4DB40331777A,0.7997165963244479
CC_4DBC8652D26F,0.09367423073422335
CC_4DC0E154EBB0,0.6937746346771307
CC_4DD5B8780C4C,0.10422176249207363
CC_4DE0070FF683,0.1182211653627047
CC_4DE688CDBC27,0.09191648511289151
CC_4DF37857FCEF,0.062445067621834764
CC_4E20F0249BC6,0.7478479069500682
CC_4E2F01B7B9EE,0.16466512554478177
CC_4E41C247B4E5,0.1450498573122986
CC_4E479F6989A1,0.06633627316919556
CC_4E48AF17BC29,0.08098638739707113
CC_4E6BE67E3C4F,0.04091835905766435
CC_4E70939C5933,0.48603441782597767
CC_4E70FB172717,0.1862622257312903
CC_4E726EE8C026,0.21441205517365097
CC_4E76F48DFDEF,0.09638666552989902
CC_4EA180B2B913,0.035054722591806725
CC_4EA67A160C3E,0.6065093685019343
CC_4EE41FC91AD2,0.2102142773502173
CC_4EFECC6C2E36,0.6469105928006047
CC_4F22CB97C34F,0.039181940407222574
CC_4F2444DC6C75,0.7845212385642222
CC_4F2B7F512DD5,0.07253762005861879
CC_4F504A9744FB,0.1163859252149004
CC_4F6FEE589187,0.15644222466986252
CC_4F71AAF96C32,0.09332615447629822
CC_4F76E57C55EF,0.4002919061424547
CC_4F88D3E5AA2E,0.037912441730969124
CC_4F8A4384F6DE,0.1385990003429358
CC_4F8D83DCCF25,0.22183303635423163
CC_4F956AA47816,0.6969892969484701
CC_4F99FCEA10E8,0.11287337226102799
CC_4F9F10A183F6,0.07689284492453893
CC_4FA766935F14,0.12680458990414847
CC_4FB0B9E398F2,0.31821257785574797
CC_4FD0DF6CA3AA,0.044605985811313455
CC_4FD902F7ADEC,0.08243614780200709
CC_4FF1155E3A6B,0.4252400779578609
CC_50103368F241,0.08861797561285856
CC_5012B9991935,0.10438316725803315
CC_50172FF2C2C1,0.13809982740534937
CC_5017C9BA7773,0.05357672155587383
CC_502C3D0EC4CA,0.12552495768964894
CC_504157951119,0.04891916422815707
CC_5042938B5A9A,0.4422731563589959
CC_504A57293FE4,0.8006985061006204
CC_505812CFE43B,0.3630690220638442
CC_505A6EB06E39,0.3222104269284938
CC_5064CCE0EF29,0.22117936742229133
CC_507BDF639FB5,0.17899797464559936
CC_507E53684AB6,0.14383004460272103
CC_5087A0D1765D,0.23472981748365918
CC_509229AEC221,0.20211780280682287
CC_5092D3A72B03,0.24920808128427485
CC_5092DF691F74,0.47679623003931404
CC_5094BB59416F,0.2096632655777794
CC_509926B384D8,0.7565085461254379
CC_50A6C96DA7D3,0.047638383296421616
CC_50AE75A10F3B,0.31233527388950877
CC_50D4BB93EB1A,0.07005492064546565
CC_50DF7B02E356,0.20630304165394897
CC_50EB53CFE7F8,0.05465198478014754
CC_50FC7D563CE4,0.1728691434201644
CC_5100E6EAA3FF,0.18297913344994998
CC_510F2944B2A0,0.1359825835556212
CC_5128881AAD54,0.14588688360438412
CC_5138941DB7A2,0.12950079258904368
CC_5139EF8BEAFB,0.13806000261492735
CC_513E5EEC6B04,0.11788670013705653
CC_51427EF15375,0.28642815039521347
CC_5147B281DA64,0.39987472777413197
CC_515D968ED36E,0.08120742206345541
CC_5176FF858154,0.10881585033514332
CC_517CB40FB016,0.07763581282085338
CC_51884D5F3E4D,0.1052473820256788
CC_51AE98263438,0.14029056150723374
CC_51C9CE782368,0.1883544726712453
CC_51CC80D1570F,0.05298500289298519
CC_51D2E3476902,0.0645096966246171
CC_51E05E706D64,0.12582814262809722
CC_51E5A5E9801C,0.05377764906251423
CC_51F5DA44F9A0,0.375190483125063
CC_51F6BDD355F4,0.04795654942946866
CC_51FE657FE212,0.0820603060531403
CC_520950C9BAA3,0.05689670793598242
CC_520B1D31AB99,0.12067059806279452
CC_522550E1761D,0.7616757994321401
CC_524CD519E76B,0.09070333434865274
CC_524FE9E3DAD3,0.4345469761050054
CC_52629A025048,0.12036112527137652
CC_526765FC100C,0.23229883699273354
CC_526E56249FFA,0.3016954797409181
CC_528B42A34966,0.27037233097995966
CC_5292B36E4882,0.23988651012710022
CC_529A2F110236,0.13356490492225268
CC_529BC4ADAD6A,0.20751363176681237
CC_52C1C5A6F887,0.09114130647048535
CC_52C3B674FDFD,0.2293841045442448
CC_52CCBB8F9964,0.08622468874063248
CC_52D21FFA24DE,0.738294369905961
CC_52D32EDBAA78,0.19521249905555987
CC_52D7821A8363,0.12692385007425477
CC_52D9087EBCD6,0.8004889127624081
CC_52DD62E1AC2E,0.20398743933082122
CC_52E8B04F0FA0,0.14312720741452595
CC_52E965E9E2C3,0.1493425822796454
CC_530BA492842A,0.2986269265319565
CC_530F6E906D6B,0.04193314283800294
CC_531FCFBE3B13,0.09175170432540158
CC_5320DFEAD897,0.17920627807233175
CC_53319AE7B829,0.6467583634257625
CC_53481151859F,0.04284787159611346
CC_534D4FC05F82,0.17862919869766247
CC_53687DA8C9E5,0.3478100097664021
CC_53795A7B7751,0.050417017593990074
CC_538328A6B3BA,0.4647517653398515
CC_5385266461B1,0.1905159963079498
CC_53891CB35BF8,0.15339066084811473
CC_53A6E1083B13,0.06722624508698755
CC_53A77DA726A4,0.06886354428300631
CC_53ADBC2F6E34,0.23666617652991012
CC_53B249809561,0.09652951867359205
CC_53B2DF5B019C,0.05415911471480286
CC_53C1F3E031A3,0.1694651430676978
CC_53CBF2E8AD05,0.4086282017779208
CC_53D04793ED9D,0.07754859747580337
CC_53E23A9B6F74,0.06129305973207325
CC_53EB59C99100,0.4340786373329637
CC_53EB9AC04311,0.1145999888745945
CC_53EC732C9B30,0.030388507778428435
CC_540122E71534,0.1294327528734803
CC_5405C89DF8BD,0.6913331550471553
CC_540D69F5BA23,0.13295505027342994
CC_5414446319CC,0.690534759212597
CC_5418410F95A2,0.08483438774004598
CC_5431A01C30E4,0.08036355680445206
CC_5452437FC605,0.3881538246616188
CC_5452979BF98D,0.06160207657844041
CC_546EE83F84A4,0.5095278175578852
CC_5473268241FC,0.1612323351061448
CC_5474EE64D859,0.2727541699193568
CC_5476E2B2FCA0,0.1360117059914166
CC_54892024F98D,0.20404074135459488
CC_54B33C66DCF7,0.09189938547153503
CC_54CF66B660B4,0.45394464590186445
CC_54D3A35EC69F,0.06693034351776388
CC_54D6AE2665AA,0.11254556141753497
CC_54D93974E62F,0.3241065342174993
CC_54F5F552A0F2,0.12378429239832617
CC_54FC3B361BDA,0.09586706697473088
CC_550135E8FAC6,0.1392784872223588
CC_55020AD0D117,0.1477701509602664
CC_55094AF7EFEF,0.10403422513547145
CC_55126E23462E,0.03428620038524183
CC_554C21CCAF3E,0.1188088242921762
CC_554C912C7DBE,0.0651384992681765
CC_556B02A2B401,0.260751397106073
CC_557A0B0CD0F4,0.1779793452394075
CC_559A14E729EB,0.30888179337516813
CC_559F0DD4E4A7,0.3272198579053285
CC_55A82B4E57F6,0.13993117269836036
CC_55A98ABE4C75,0.1335178606798383
CC_55A9D45EA466,0.0399948765328175
CC_55CB872FF50B,0.2569998247675585
CC_55D9E3D58435,0.1813131747091744
CC_55DFF3C3BB46,0.07774686978884869
CC_55EDC3996984,0.16022739295253172
CC_56013299D8C5,0.09628312475735523
CC_560B519C1F50,0.08345890347673211
CC_560CABF0F5D0,0.22139238907152858
CC_56178AD87948,0.2459170042029592
CC_5619A7BB54EA,0.11586323718216464
CC_5624319D7B28,0.10740092858623436
CC_5625119D6C37,0.21123948386456118
CC_562BE7245E1B,0.6900907041146849
CC_563684010DF5,0.579577777447461
CC_563EA9A29338,0.10943452471140921
CC_564590AFB575,0.035327118856337325
CC_565E01191BF6,0.5870710214009345
CC_56612A039382,0.06606330819031006
CC_5665FB827721,0.5739168363032809
CC_566932C3CC97,0.10016880557037317
CC_5671D59B2A51,0.12242010552878141
CC_567E7DD24A97,0.0910722684353926
CC_567F47F37683,0.037396813156048606
CC_56847A91065C,0.10029067234711875
CC_5698480F8634,0.056645723384861874
CC_5698B024CECC,0.5933654176255039
CC_569DC051A2EA,0.11047725478101131
CC_56A322152604,0.31577662685433394
CC_56BFD9A8335D,0.335708915042911
CC_56C9379BADB6,0.033769032402378524
CC_56D410FD8F56,0.37921655856005476
CC_56D4549919EA,0.17961900456912738
CC_56D918CA6353,0.12757548138377303
CC_56DB30CE666D,0.18235807490476502
CC_56E760C3206D,0.25142666510074996
CC_56F73F905615,0.8095091041840894
CC_570683C088DB,0.1527071552309675
CC_571C6AFD00ED,0.3515963720082904
CC_5725663C3B89,0.12130658936433847
CC_57291D7667C8,0.1525398937651766
CC_57313F6E7927,0.18627782873239418
CC_5735F9B859AF,0.6199965542245824
CC_573B34826B2B,0.6377208174831682
CC_5744447CAF7A,0.06604993978151612
CC_574CC0FC7B05,0.10385877380296267
CC_5759E2982909,0.06637427443642961
CC_575CCCCDD7B6,0.6315919911596777
CC_57603A37D19F,0.039379258100273165
CC_57639D4995CF,0.2139681683140498
CC_576E6676FD55,0.06517521887192529
CC_5775C148E05C,0.12198986374428618
CC_5798E560E9F3,0.7649813055769172
CC_57A486F61065,0.5736467475592495
CC_57A726458B99,0.05954741785088963
CC_57B0D41BD7D3,0.34575943477229887
CC_57B501E60C35,0.07616967248339379
CC_57CA90509CB1,0.7375855223740053
CC_57CB7673547B,0.06506180662466977
CC_57DE479CB61A,0.7248319276638623
CC_57E7F1A6B895,0.03170408127110254
CC_57F13C4115FA,0.34144245409267493
CC_57F480CA9A42,0.08216946765039987
CC_57FDFC6DE726,0.28580922909625395
CC_5810468B76BE,0.14413341391462706
CC_5810F212B2EE,0.32484779226210514
CC_5817759E7007,0.13995171539803947
CC_5818B5089B3C,0.10569128477332165
CC_582C78363EB6,0.09092002704551821
CC_58391600720C,0.13046324751377378
CC_583D7B177F85,0.08268474075423715
CC_584C11014F63,0.14042172881429765
CC_584CDC12578D,0.05844234352554997
CC_5852F443C55D,0.07841362542383906
CC_58565AF0F70A,0.545996384343082
CC_58568DF9AECF,0.17894281593031597
CC_5859EE6309D5,0.4718261006534658
CC_5872B45E1C19,0.7514317212147806
CC_58797A417EEA,0.21008225483036064
CC_587A4844B482,0.21641870807421731
CC_587C0CC3DD82,0.6503597025260702
CC_5881A04052CE,0.09300846703153623
CC_589A4E02EF81,0.13962647406429768
CC_58AB46E5655E,0.14588461658033797
CC_58B0CFC9F3D2,0.05752204104351995
CC_58BEFDA6B4C6,0.12119748341947487
CC_58D95C7247D5,0.050489810316589244
CC_58DBF3409D48,0.06107209211075744
CC_58E35A47B880,0.16236196119970314
CC_58E40EFF57CF,0.40391367549706453
CC_58F551219BD6,0.04399545080815469
CC_58FA76C6C45C,0.5704309272369013
CC_59018149723B,0.05707109147163553
CC_5904459ACECB,0.7709906413472615
CC_59088B2886E8,0.03721379811220842
CC_590D2E0AD18E,0.5932407247707996
CC_59146CA05E8C,0.06277199788790144
CC_592592397DC2,0.5232181036002606
CC_5926F5B4E054,0.1657588090136078
CC_592A5A163624,0.32618487169939675
CC_5941C323917F,0.0751614879791797
CC_594E4E86A1C6,0.217373300913956
CC_595ADAA76A32,0.08544520979574133
CC_596A20270C3D,0.1644433496404737
CC_5970E93E11DF,0.25141075833040727
CC_597AD111527C,0.12069656826552383
CC_597FDFFA265C,0.09499881437777098
CC_599C287D2BAA,0.3889581775393674
CC_599E345094D2,0.13937123661757223
CC_59A4741B5A92,0.17751816195366787
CC_59BB3A5BA2A3,0.536385952014314
CC_59BFD1200F6B,0.17862732738536674
CC_59C07CCAF4E0,0.22156865286914773
CC_59C49474B501,0.13285031803328887
CC_59CFBC2CA471,0.5652935202140001
CC_59D62BE0C0C6,0.09571939122665903
CC_59D86F572716,0.12100256643689383
CC_59DF71FBA4B0,0.044269751410045126
CC_59ECB7465DCD,0.06072258174445605
CC_59ED43A803B3,0.03318682529524016
CC_59F5E81F4EA0,0.1528240224035009
CC_5A10371BE7B1,0.7936363988205055
CC_5A2F9A594A05,0.5644766384045643
CC_5A38E46246FC,0.414435963890411
CC_5A3F52B0A07B,0.2130729877776108
CC_5A5507A49F6D,0.09503929743309067
CC_5A58A5E6DE82,0.10140892728226776
CC_5A5BB6DC1018,0.18494094373907993
CC_5A5C0DF50E01,0.12246057204723879
CC_5A633C535360,0.09936899946680686
CC_5A67E62D8D5E,0.6210189152110197
CC_5A6BA0007593,0.12074063407688504
CC_5A7513434C72,0.03516111464822957
CC_5A756D8AE60D,0.2323489491990008
CC_5A7C13841B7A,0.6357140330849372
CC_5A7CBB6E8716,0.2304860787835534
CC_5A83A1E25A2B,0.3369701955074028
CC_5A86EB53A14D,0.7339565985874648
CC_5A89E13CE597,0.15006767969783086
CC_5A9466D0CF9F,0.11062152275440967
CC_5A95331BD0C5,0.11522647636161724
CC_5A9F63C3E428,0.06941959969569725
CC_5ABC76FF707A,0.05524276126208251
CC_5AD0F1B43457,0.11068558034019055
CC_5AD82250C271,0.03647047428249377
CC_5ADD27165E38,0.707394590843657
CC_5AF32E5C8018,0.03755091072607415
CC_5AF3690FA0B0,0.1902175203191831
CC_5AFDFAA63B45,0.14895419527175405
CC_5B025DA26FE6,0.04952935240607308
CC_5B07C7DE7E7E,0.2232884645281271
CC_5B08171A6880,0.17352519044705955
CC_5B09FB1A0BE2,0.07209465415522642
CC_5B0D6BA12702,0.447110076841024
CC_5B0EF2D4C3CC,0.17173366630007247
CC_5B195D88C182,0.37703932898030235
CC_5B1F6FE71A38,0.05764868378244831
CC_5B247961602E,0.05796608480914027
CC_5B276421F4CD,0.04242915823277912
CC_5B289AFA1662,0.2419359510440898
CC_5B3A16421A31,0.05250298293361537
CC_5B3E78897EB7,0.07058199154147421
CC_5B480B44A9B1,0.11921298995962504
CC_5B546C3A21F8,0.1780223908284453
CC_5B5BC4023EE7,0.16177980415858906
CC_5B6D63DD34B7,0.09287488153124711
CC_5B6E868912E6,0.05470502002671773
CC_5B818D2581FB,0.14192426297038513
CC_5B82E8BB921F,0.28561414450422057
CC_5B8E8DA14EE6,0.17154332121064006
CC_5B900A135A69,0.08517467749666077
CC_5BB64BDF3C99,0.10648604158345681
CC_5BCB2C79D1CA,0.22880727016220614
CC_5C072DB8586F,0.05811935969170012
CC_5C0BEC2A0850,0.06137385711069289
CC_5C24010127D1,0.34863615985395047
CC_5C2DAF5E0EB7,0.4138788502058155
CC_5C3E8DB90978,0.12010685082887347
CC_5C4A7CE69975,0.2944912285031098
CC_5C5766F933B0,0.47519215082222876
CC_5C5808240054,0.09352326640942336
CC_5C5D6E15EA27,0.17951920143261463
CC_5C60C4545922,0.11624861592992716
CC_5C626D70F6D6,0.14880666379490592
CC_5C670F0622BF,0.05481741875977224
CC_5C799E57EF53,0.06082133663036299
CC_5C7B44735AF4,0.18371296750913368
CC_5C7D8DF047E9,0.17023613482771316
CC_5C80F394EFC3,0.12564123671064903
CC_5C99E6189441,0.10593952319086136
CC_5CA9AB4A6AB4,0.11757836651235172
CC_5CB78ADD2432,0.140254869881072
CC_5CDE37CE08CF,0.045266010885775504
CC_5CE258D12432,0.3367500812406457
CC_5CEEF006ABF9,0.06065083585276759
CC_5CFD2850E277,0.23227634352565785
CC_5D01F71B9FAD,0.11122514835254663
CC_5D065A455A45,0.2077335589178137
CC_5D0AA7D4954A,0.2269832285241527
CC_5D242448B812,0.11787883843094707
CC_5D2C5115BDD2,0.19334320965729404
CC_5D3273E039AF,0.6629210719407557
CC_5D398BB3365B,0.06837538115443374
CC_5D3C1CE64952,0.07280982971172853
CC_5D4B0EBB5CD6,0.1249955735213304
CC_5D5E897588D3,0.09652155668146489
CC_5D65F25FFB8D,0.04399880181823396
CC_5D665A86C465,0.11539602494468659
CC_5D80C353E475,0.10724717652096152
CC_5D8895A0AB4C,0.1780379729426198
CC_5D88A673BF50,0.20740292378392566
CC_5D89688B69A9,0.38853669212382524
CC_5D8AC8E18A8E,0.07035712456139986
CC_5D8E7DC2FA6A,0.5643193112326114
CC_5DA29AD9E85E,0.050429823306828284
CC_5DB286EAC626,0.28422341613028523
CC_5DBC1BB95B84,0.7908598525090536
CC_5DC0A465470D,0.04763725105575569
CC_5DF82CB03C3F,0.1122098271106799
CC_5E001C93F359,0.0598248682386622
CC_5E029094A55C,0.6632769930503373
CC_5E0808121A65,0.13768613004123376
CC_5E1117E4E593,0.1314943248082725
CC_5E1541060A97,0.713672673367682
CC_5E1C11540C0B,0.10901479196446502
CC_5E1DC0E143F2,0.1777662557993302
CC_5E206AC277E4,0.2503087698662679
CC_5E22B4BC8B12,0.08807542867903942
CC_5E22D889B6BF,0.1296148445445912
CC_5E38425EC99F,0.7054168002647918
CC_5E3A70C2077A,0.1571191079413665
CC_5E5607D275CA,0.13249969065391498
CC_5E73C3D2B3EE,0.16610086976228328
CC_5E7F23A07A71,0.09248959552719599
CC_5E80A96974B8,0.22696288221561095
CC_5E8C0453B9B8,0.266973527270247
CC_5EA599FBA5E0,0.5323984061259744
CC_5EB379BA6C7A,0.1188297624471299
CC_5EBB96F65AFE,0.4074862587608282
CC_5EC41568C2E1,0.09507313515018388
CC_5EDB5C924107,0.2890616898194788
CC_5EEE5D0FF8D3,0.19696494876726045
CC_5EEF07FFC243,0.06435198343140477
CC_5EEFD690759A,0.08610237376913103
CC_5EF2176F01D5,0.10843284769632394
CC_5F17CA33D26B,0.07001187472259213
CC_5F20750D6658,0.1846747390613105
CC_5F2CE32A6EC3,0.11751035173224963
CC_5F328EE757B6,0.0450850716565989
CC_5F35B8D87D06,0.22516642817006965
CC_5F390BA40E83,0.6956661469842988
CC_5F59092CA9B2,0.10410201071936466
CC_5F5916E96E19,0.1564398184737084
CC_5F5E835B9E6E,0.08268630992628345
CC_5F648D39D67F,0.5683886416694248
CC_5F6D4104C808,0.1671433713338889
CC_5F72EBE104D4,0.02861510263737923
CC_5F765C41F051,0.05587509767475853
CC_5F8859A6F0DB,0.02766299607609561
CC_5F88ACC7C384,0.11870363515984657
CC_5F89DFA97B7C,0.5482128535668123
CC_5F93A3E31DD6,0.5994239055881991
CC_5F9A44423DD4,0.14644131722639558
CC_5FAA7965BD71,0.12268147498078155
CC_5FAFA265CA02,0.34897473910856064
CC_5FBE1A34704F,0.1736929194227682
CC_5FCAA919577A,0.2019844951862791
CC_5FCD208ADD77,0.18223477547241462
CC_5FECD2BB0094,0.08572321690692872
CC_5FFDE52E6B7A,0.08442126999422989
CC_6002BFD3F26A,0.14337918048007436
CC_600311592F72,0.055637026609452
CC_600AE12112D6,0.27460276943353745
CC_601C3178E38D,0.17337282572261647
CC_6037EEA42F2C,0.3715266809909651
CC_604C08F76272,0.6687032519566822
CC_604C72AC662C,0.15589622156541535
CC_60510AFA8A87,0.16785391057529578
CC_605E2E26E52A,0.19796097822660635
CC_605E3904CD8E,0.15659815048256612
CC_60611B935106,0.149312935416077
CC_6061787228F8,0.13127884741430312
CC_607270A72DFD,0.24046388780506037
CC_60738E418DB3,0.1279402994704582
CC_60961DF8A134,0.11577788446835371
CC_609B7A7FA165,0.07451915234476941
CC_60AC5C892D01,0.09206031642903463
CC_60C09FF84412,0.17097244226531688
CC_60C87349D73D,0.32054122626457576
CC_60DA2FBF1FBF,0.11297133195646539
CC_60DA539A39FD,0.17934071260867768
CC_60E974A0B278,0.06759857906418189
CC_60EF7D647EFC,0.05103948229019044
CC_60F525A39898,0.027539722449866876
CC_610009B69EBA,0.6825497383430268
CC_610FDDF5FE54,0.15448212972061207
CC_612C06CB5FF4,0.10127770184299768
CC_61307D82CC26,0.6693992004513822
CC_615030FD33CC,0.7093136965376097
CC_61649241FE59,0.16983700280747932
CC_6170051A606A,0.15511709291837783
CC_6179A630658E,0.07608815303498079
CC_617BD59427E7,0.10077183874313904
CC_617EC8BD5153,0.21127542119012355
CC_6191E14D21BE,0.05642364800564004
CC_61A798B8D222,0.04061146514697851
CC_61B4A983D1A1,0.0707451218087014
CC_61C9732AA682,0.7087128285196995
CC_61DC64E37471,0.052699005259119844
CC_61EAF14033DB,0.11953908385532575
CC_61F18E0C218F,0.07200921517277016
CC_61F1A1263F5B,0.16101967420347102
CC_6209EA426553,0.04692332532324399
CC_622BD8CB3807,0.30366760392291225
CC_6234A9617A7F,0.09944805279374708
CC_623AC074EB25,0.18700294829086128
CC_623FAACE8A80,0.0550830879760404
CC_6244E2935407,0.23946342494310746
CC_624535E11F69,0.05422795528734575
CC_624EA2917CDD,0.6914693031082803
CC_62565D08DDDD,0.7788340814729249
CC_6268ACD3F95B,0.5216704182651659
CC_626B61F4789A,0.6104651787671838
CC_629193C2A090,0.24041297026505065
CC_62933641AC43,0.2826784662913428
CC_629480877536,0.3475259927314265
CC_629CB045D9FE,0.09242966829591792
CC_62A84BC400F0,0.28346394828724975
CC_62C36DF81797,0.17679460897473365
CC_62CC835CAE4A,0.614551715250111
CC_62D4192F126E,0.7323838212029765
CC_62D7A3C9483D,0.06291247779332695
CC_62DF1B99B4DA,0.0848291217973681
CC_62ED7BA3E620,0.03975346959794778
CC_62FC001AFC78,0.08513488967813737
CC_630412B4AFDA,0.16683134548995537
CC_630903AD39C1,0.03970535634016501
CC_630938DCC1B5,0.05510768711099147
CC_630ACED773E9,0.4699294880911961
CC_631E1690D913,0.07183832382379086
CC_633A7C7FC25F,0.24129914465861513
CC_6342051D8FEA,0.23425016492445505
CC_634CE4E8AE49,0.16091026852394105
CC_6359692F5EF6,0.13620121534771068
CC_637278423A6D,0.2339952658258619
CC_6377AB848081,0.10609637591362783
CC_6381A65E0A3D,0.09535597560238065
CC_63871B4814E2,0.11770053902865088
CC_638AD269F05C,0.025942781248664424
CC_6391AE0FB83F,0.15139368063579356
CC_639703EE2ABD,0.03919322542360867
CC_639750C87A7A,0.7463867817645867
CC_639B1DCECD2F,0.17803008587008334
CC_63A869443AC0,0.43569617245559017
CC_63CCEE26BCAE,0.05040971817368127
CC_63D51CECB6D2,0.25597694563873336
CC_63E53402FC02,0.03227351346216656
CC_63FC6895901C,0.15576579873138519
CC_63FC8A97D9C1,0.11605275343888735
CC_64117B93EF73,0.3477077303826273
CC_642D9C325F1D,0.28846355261275725
CC_6436B950E22B,0.1920109312159648
CC_6445BD3DDB6E,0.032336317505184724
CC_645C15569E42,0.11107617514186835
CC_646472AD66EF,0.09277817351315171
CC_646B8254357E,0.14607097431839292
CC_647F4BB4983D,0.6881119882874576
CC_6489ECEEFD0E,0.1008515964577988
CC_64946E57306A,0.033829106652203386
CC_64976830B0B7,0.3460025802382793
CC_64BA10F3FAA1,0.08980036892399249
CC_64BA39A0DFC6,0.08446411762958751
CC_64CF9A79EBFC,0.09799826914540527
CC_64F0E0473D1E,0.08849742539785878
CC_65006C2AB2D4,0.7599747042205874
CC_6500BD19FA06,0.3152778950252336
CC_6504DCAA90E1,0.09403779172906838
CC_6509C7361994,0.1712234184362874
CC_651486189673,0.08239353640536898
CC_65194BAE506A,0.18428506807831008
CC_652539353439,0.18704338907994955
CC_653CE5FA5A76,0.29886113476447734
CC_6560C2F4EDA4,0.1960604548894168
CC_656137F98187,0.6365857028903608
CC_6575B4B39113,0.042374369552895516
CC_657F629D31E2,0.2225843733058228
CC_6580B7583ADE,0.21611310833654748
CC_658477BA75D6,0.0461097489190491
CC_658B7867BE7C,0.101030242221023
CC_6593FE5349F2,0.08920836433026043
CC_659EE0F05A75,0.3635145940691382
CC_65A0D8134410,0.2250151559874748
CC_65ADD5A19F64,0.10145405208303326
CC_65C3F0F73BB1,0.08651739566771494
CC_65C47521C285,0.037594902300935235
CC_65C4EE0B737C,0.2250245930724703
CC_65CB68404333,0.18950011901682123
CC_65D6DFF1B766,0.11169036862287886
CC_65F1545C35E1,0.2287340461432809
CC_6602547E2FCF,0.21830832568875994
CC_6615D7044816,0.28628798969756897
CC_66244D4B72EA,0.10484110534773969
CC_662E5AAE07A8,0.04408374963865654
CC_66322B339E84,0.04046480700105819
CC_6634FD4B1CD5,0.7621517009486978
CC_663DCEF4923E,0.19329926243652995
CC_663FE5BF918D,0.41323933367574894
CC_6645798E740D,0.0708248926153641
CC_6649736C8321,0.7769185585881268
CC_664E1026C4D9,0.2569400024942967
CC_665603C4A33B,0.07034691529113321
CC_665BDD9C8039,0.37110395693698595
CC_665F2AD58363,0.2022263198424663
CC_666767444BC3,0.22767425370669403
CC_666C0A2A8674,0.051258341763043176
CC_666F2BCDC7D7,0.177388436388247
CC_66775178B226,0.05066482836946887
CC_667B6F8C846A,0.6080826630259943
CC_667E909835A4,0.2215106646022454
CC_66809C278FCC,0.17277685962424205
CC_669CCC44CFCD,0.06709669170889287
CC_66B0BD3F6516,0.33083492195344005
CC_66BF02C05DD8,0.14023979168016631
CC_66C491256BE4,0.060630301347727664
CC_66CEFA65F912,0.3606330814667872
CC_66E025DB3282,0.6030503422876754
CC_66E7B423A32F,0.6653747841637654
CC_66ED26E7BAD9,0.08043326847210669
CC_66F7FF7735C3,0.1838707035625664
CC_66FD0CE6D57B,0.056874337686212285
CC_66FFFE05C2E8,0.09535514307534809
CC_6700012A39B8,0.11019025432279184
CC_670FC6A064F0,0.2154050954910041
CC_672932B65802,0.07911799498497797
CC_6742C6478F98,0.2084280205415205
CC_6745321663BF,0.05811634449829708
CC_67579CF57290,0.13550206752563718
CC_675F7483FB90,0.18692083985208335
CC_676ACFAA6131,0.6492913885412342
CC_676B423C495A,0.6116449218106719
CC_6771C0D1CB1F,0.05573750484606477
CC_677EE0369CA7,0.08742717487828455
CC_677FE35855A9,0.1764547855809105
CC_678091614A14,0.11579223499820435
CC_678A43ED0803,0.621948172921893
CC_67955C210226,0.08908751543790824
CC_6797E0B01112,0.222755745407573
CC_679D90941842,0.14380153145327368
CC_67C05273700B,0.11997078061457803
CC_67D5172B6450,0.1659096588958131
CC_67E8CF412D93,0.10416356876473294
CC_67F6576A6836,0.25417866737270384
CC_67F985A00A12,0.05159142679881532
CC_6801AD1D4478,0.07535495606461678
CC_6803BFA94B17,0.051035816586024144
CC_680B16E5E240,0.13799140242460195
CC_680F2D0F4F6C,0.09872496543798887
CC_68221E1393E1,0.1159100666805011
CC_6822590B968C,0.16463626447863983
CC_682D8EBCEE94,0.20916323110023424
CC_68429B4AE401,0.40688447464364275
CC_686B26BDD061,0.05486445519129626
CC_687518442359,0.4126882615934635
CC_6875DA61F422,0.2638450434717096
CC_68A3D749608C,0.18743949447217761
CC_68A9C3CE2557,0.09820912479771227
CC_68B9F8C6D9D6,0.6316271254009317
CC_68BC65E3C84A,0.37664430536065385
CC_68CC4D1D898F,0.0698758767133576
CC_68D0ACBD2D0F,0.03792538688122927
CC_68DA8D5488B3,0.07195335927271343
CC_68E675A69AF3,0.17148409650003155
CC_68FC9E6FA27E,0.18952389094761554
CC_69322F7C4CE3,0.13168246706986225
CC_693710EAD59A,0.19814040273334504
CC_69387752F41F,0.5354871376312652
CC_693B71DDFE67,0.15329993662773767
CC_693D4AEDA3A2,0.11020833981044809
CC_6952171BCD2D,0.1491251295442418
CC_69547DEB412A,0.2181705478250277
CC_695E80DBA42A,0.06904987765118947
CC_69717E76CFAF,0.41087298357826996
CC_69741BF89A2D,0.11933176799249687
CC_69825C70EEE9,0.19670295658361892
CC_6985C268DC74,0.4699056507270971
CC_698886C4AD90,0.13434614862251923
CC_6999901A6060,0.15134298936067564
CC_699ABD34646F,0.08654886724944355
CC_69A98DC7A907,0.06765722556487641
CC_69AA6E0DDE10,0.2687227944977523
CC_69AD5A48A78B,0.20054893779330277
CC_69BA7BFF98E2,0.12735500291247778
CC_69BBE365C097,0.054860014690481684
CC_69CD95A00D9C,0.03521261679013368
CC_69D328691680,0.08641731594725299
CC_69D39C9F36F2,0.24587671907651543
CC_69E09390CD64,0.08390572333483824
CC_69FD49E90AC9,0.32102835098873295
CC_6A099AFE73BC,0.1925824917710019
CC_6A099E6C91BA,0.3683478563486352
CC_6A19EB191A81,0.0257042299939797
CC_6A39017046FE,0.08220035979236705
CC_6A4A401F2920,0.369685688490034
CC_6A5261180031,0.08147755971242499
CC_6A7432494840,0.17970566770532925
CC_6A7963180D20,0.36425645736091483
CC_6A7D7E5F814F,0.589410942849323
CC_6A8B8BBA749E,0.14419713710056326
CC_6A8DFDB0621D,0.13762702046592162
CC_6A93C436E2FF,0.1060790770642819
CC_6A97F81D9A0A,0.1814379825512525
CC_6A9D1622B4DE,0.33542425864185144
CC_6AA6589445C1,0.6808698327569207
CC_6AA7A87F59FD,0.1514886705588907
CC_6AADD44C0B52,0.07002653604060156
CC_6AB4A5EBA3F6,0.24569337761090326
CC_6ABA7D0ABAC5,0.1297812942156037
CC_6ACF1E52BE8E,0.1311162450686841
CC_6AD3513459CB,0.09652852593778416
CC_6AD4238EE77D,0.19531994796983732
CC_6ADD0FE5DD74,0.6300650069718173
CC_6AE2737BD3A8,0.07921158157363417
CC_6AE48C1F2448,0.14114756214095653
CC_6B00A666A420,0.6800037450390921
CC_6B07C3992304,0.06905883518072978
CC_6B0A72BBD800,0.6670662708137561
CC_6B12B975F2EC,0.28472710056790373
CC_6B12C9507F32,0.21668372796443855
CC_6B34719D93AC,0.6106083615481444
CC_6B34740DD355,0.14997419919866334
CC_6B41081727AD,0.22924298969068746
CC_6B4902892E70,0.08460624381493469
CC_6B5BC2D89077,0.7092251665566172
CC_6B65242C2CCC,0.1553244025928011
CC_6B823BACBE75,0.3290786177320141
CC_6B83E1A959C2,0.23664948432331434
CC_6B84FB3DE604,0.032963279525880115
CC_6B8AABAA752E,0.1921087553807514
CC_6B8AC0DEE990,0.3705044482731274
CC_6BA45C072D40,0.18259126624474975
CC_6BA72ECB5027,0.11850748235589333
CC_6BB560F020BD,0.07664813049658459
CC_6BDF0B68C126,0.021650809749122507
CC_6BF0A9437728,0.12897885593703792
CC_6BF3B9097199,0.1601003114329254
CC_6BF7A1EF31B9,0.16058245198006252
CC_6C29DF49246A,0.07632797194099693
CC_6C3C86C2125E,0.08407325982042185
CC_6C42FF6D7218,0.6989487351311703
CC_6C541A482CF2,0.19250385224383043
CC_6C585A6BFE01,0.8005614073280698
CC_6C5CE36700D0,0.17377119441341063
CC_6C62C2094733,0.06883082950384294
CC_6C66539A9D02,0.2741115645513248
CC_6C684505E498,0.07619551605456593
CC_6C6E40927C35,0.03642963129421732
CC_6C7736F51C12,0.6425984540983389
CC_6C781CEB6F52,0.09591978365669382
CC_6C7E39BF4744,0.13503119684434822
CC_6C9EE9BAECEE,0.07274653092354666
CC_6CA0F076091A,0.11403226363213742
CC_6CAD299645B0,0.18134722217447852
CC_6CC3C50BA394,0.12127658009900727
CC_6CC593C5385D,0.031999949741232186
CC_6CDA4B24C602,0.3015323936165852
CC_6CE31AFF7813,0.069829904877334
CC_6CECB68DE9C1,0.3178375162570777
CC_6CECD3DBA212,0.16647625683236933
CC_6CF17D012682,0.18583096779741312
CC_6CFCDF903310,0.14023920709938092
CC_6D08B5E62654,0.0961972674138332
CC_6D0F60667273,0.2730138005540271
CC_6D127EE83945,0.04713533848196926
CC_6D134DB29068,0.4054512596258426
CC_6D141A49D94E,0.6126414572898369
CC_6D148C0A624D,0.1530369201564036
CC_6D1EFDDE2EED,0.06548608328175567
CC_6D22B938D7B9,0.06583292268384722
CC_6D27409F4956,0.08409558252638098
CC_6D2F0EBBCA4D,0.22701568480841722
CC_6D43BE30E8B8,0.25360034619727184
CC_6D4EDEAF67C7,0.18870597980740522
CC_6D72571304DC,0.5038964131578496
CC_6D7C62C7C161,0.05327235820827931
CC_6D8A18C28AF0,0.07896998989561031
CC_6D8B35007242,0.09583560563868868
CC_6D93A9E49E3B,0.17793989928091206
CC_6D9C644A082B,0.11178750719000327
CC_6D9F52BD4D0E,0.1366908272474727
CC_6DA058F9B631,0.29918545146989217
CC_6DA1F8DF9CDC,0.22346447629994243
CC_6DB000AEF16A,0.09334039939314562
CC_6DB5025899E3,0.1992915528269139
CC_6DD6FA2FA0C6,0.1072165185950254
CC_6DE4E4C1A31D,0.19947198825732365
CC_6E09CBC15C94,0.5279166171976628
CC_6E353816938F,0.049415777620185605
CC_6E3AB992A5C9,0.15390659644311902
CC_6E420A2FE490,0.13964186963581945
CC_6E46D01888D5,0.1426981308886465
CC_6E4702162475,0.05834361525556762
CC_6E548AF15091,0.24882412518002447
CC_6E5C9A2DA27E,0.03522070201185433
CC_6E610F3976CB,0.18814690576400533
CC_6E614FF9BE02,0.6234675573379237
CC_6E68D46447E2,0.10928857389608607
CC_6E712C21215D,0.03414223850863363
CC_6E84DED41B8B,0.13119671121647386
CC_6E8557E30DC9,0.6128603775485324
CC_6E8963475D35,0.21252715547689205
CC_6E9880CA0BF9,0.3175412787767798
CC_6E9FCD68ED52,0.7044477561411842
CC_6EB194A93F60,0.14656800335209685
CC_6EB370F511F7,0.06130896783705783
CC_6EC722B2BC2F,0.1740711848397053
CC_6ED1B0EE4B6C,0.2410933672658938
CC_6ED65E7CABA2,0.1077297563482149
CC_6EDA84B653B8,0.3796510964025028
CC_6EEE8E7C1D1C,0.190977260009229
CC_6EF17801ADD6,0.1462182718648611
CC_6EF337CC4BA9,0.2961037444526993
CC_6EF464EC9FCF,0.1036296831691762
CC_6EF6B8AE7DCD,0.0347198992918638
CC_6EF8C59D8395,0.8349773818971342
CC_6F2146FE362E,0.05757896768525183
CC_6F2408B665A6,0.363015451104938
CC_6F2B8E925D59,0.02889134161332977
CC_6F3034E96848,0.14047365277052698
CC_6F3559ACC2F5,0.03759416112855736
CC_6F46C5897DA8,0.40635838895429655
CC_6F49ECAE902C,0.0734289962997394
CC_6F4B818665D3,0.1310614024072215
CC_6F4E696A1F88,0.26806135995378966
CC_6F54BD66C0EA,0.16178403611671838
CC_6F786C433998,0.09641812077942472
CC_6F78BF56B0C0,0.09498700566185285
CC_6F8346F138C1,0.43399204082049736
CC_6F86CFDB23D6,0.04247023173050972
CC_6F8E30AE9457,0.151606188680634
CC_6FC25B27AC26,0.07997392566997323
CC_6FC8BE007FE9,0.144719268915746
CC_6FC8DA40122A,0.18382384147432185
CC_6FD8BAB1DA3E,0.06223324912948587
CC_6FE4FD09A9D8,0.07987010139743098
CC_6FE78CB02174,0.037647117888024814
CC_6FEB8EDBF2A4,0.18770499456930165
CC_6FFCF2DAD0A4,0.07846615052851647
CC_7002034B0979,0.07891978000537571
CC_7006523D45E4,0.07008516108158072
CC_70097151A773,0.054908626413218684
CC_7011BC95A91B,0.042611237239812305
CC_7020F3C11A3F,0.16707630044745353
CC_70306409A3E8,0.3721523189635602
CC_706B18DA7204,0.12165380433807188
CC_70703A59C070,0.17575794922264606
CC_70749DDFF595,0.137333174129116
CC_7079CE5127A3,0.0267032483815716
CC_7087A46F0AB7,0.09322672042657448
CC_708B73EBD939,0.16694804011003303
CC_709315667BCA,0.06726915958667204
CC_709970475B6D,0.6105748416922282
CC_70A56ADAC199,0.05730708147659638
CC_70ABB244502D,0.037526707345276786
CC_70B0176647CE,0.12917704787343415
CC_70D3353DA1C3,0.06851024108175122
CC_70D652DF4E91,0.1405024285611904
CC_70E3121BFDC4,0.10857047892856715
CC_70E5FB8B072D,0.03494302021950941
CC_70EFECA3FAEB,0.1735071112806312
CC_70F59DA18BCA,0.38875758593002735
CC_7100129A0AFF,0.12143304501099329
CC_7113554E33B9,0.07140628636150761
CC_71260405461D,0.06845663149920024
CC_712677251322,0.1965149551110752
CC_712D31B2785D,0.0676407681190819
CC_713052DB1E2E,0.07068649515556315
CC_7139C2D6F1AC,0.09913177110964096
CC_71427FC8FA49,0.248722256854157
CC_714912E93A71,0.12628489303088306
CC_717A5C2ED311,0.22399535547591914
CC_717C94F5C8F1,0.06725535257609483
CC_718F067F4DA0,0.032403425305576466
CC_719E714DD38C,0.045056183097798075
CC_71B169C874D0,0.17242795403755434
CC_71BB5070615C,0.13353262089194154
CC_71D37D6D19C6,0.2074023042503858
CC_71DC80205F42,0.1729418566882966
CC_71DEB636B8CD,0.6035813251621814
CC_71E4CBAA1211,0.17533611130729476
CC_71E787049755,0.10529504094333074
CC_71F1EF5575AC,0.08106558406558273
CC_7201DD8EB33B,0.21598342722634575
CC_7202C8CE2317,0.30671221921949615
CC_720B06583C57,0.04096092621428877
CC_721DEC038BAF,0.08039338921720512
CC_72219BCC83E3,0.1563013118713223
CC_7223DABA7E98,0.1144056236234595
CC_7233459FF7B8,0.24203155385299688
CC_7238A8A6767A,0.2411645979306671
CC_724559551664,0.6720497463547115
CC_7248EB4B76CF,0.05890959463393157
CC_7259B5314D92,0.06913615912926842
CC_725CA03102FE,0.047041977759125095
CC_726E05E5A555,0.12523602062754108
CC_7276AEED6D4A,0.06344246236390594
CC_72A18E8D6670,0.03351644684912853
CC_72CDBC38202A,0.387951229091474
CC_72D8B2ABA2D1,0.7222528918065898
CC_72E4590D362B,0.36443320295875076
CC_72E8542AE4BA,0.03859274836031118
CC_73010B6E55DD,0.6255127746445477
CC_7309A4693D52,0.15320878305199412
CC_730C2A3FF1BF,0.1802428806722467
CC_731C1BCED024,0.6276332766083421
CC_732C325832D8,0.17908814983017535
CC_732DFCAA0A75,0.19129978001410633
CC_73322A6A24B1,0.7345482145672492
CC_7336B19A18AB,0.21946951402030165
CC_733AF1D123B8,0.30786033586630307
CC_7344A0E90AFC,0.11137371600359296
CC_7348C2B475B7,0.11867647182368585
CC_735E1A78B058,0.07417855893886391
CC_735ED2A02DC4,0.15928865006283116
CC_736015DE4E3D,0.3831464723023321
CC_736A42761E55,0.10562866138607421
CC_736C0436B98D,0.1669970712634418
CC_7379212919FD,0.09032482489167484
CC_73859CD59E75,0.5823866020469664
CC_738B201B1CF9,0.11000595654526743
CC_738DCB11942F,0.06545298826274869
CC_739198ACE582,0.11699865755603646
CC_739D093D7B69,0.10939506309354685
CC_73A7FC903662,0.16764741023504942
CC_73A8927DCEB9,0.09594966752086567
CC_73B575BBBBE3,0.1296501819339426
CC_73B6B9AD2002,0.048897368086678716
CC_73C28D72A5A3,0.5623312935379001
CC_73C38DBDF9A7,0.11242057294887223
CC_73D44BEF6754,0.39544629517722174
CC_73D4C1D7C022,0.07780541561661079
CC_73EF383F3C2E,0.1789331215617166
CC_73F34B1607C1,0.061724067814071706
CC_74137206902D,0.11911711854797344
CC_74198E5EC366,0.07526592806133611
CC_744FB5804A8C,0.6308839796451616
CC_7451E64B6D47,0.15569431533278547
CC_745A64878AF1,0.08168115187941578
CC_746B196CECA1,0.16637019134063544
CC_746C06898D5B,0.6155917110900533
CC_746DE1EED0DD,0.2577054283145704
CC_7476938CF6A0,0.5507270056537752
CC_747CFDB7E305,0.07676249855677153
CC_74845374E870,0.7437040291768736
CC_74AD8D3B192C,0.6847101111079409
CC_74B90A15B270,0.09785526632376827
CC_74BA5D46E909,0.6685408189432778
CC_74BE0AD5E21D,0.19483229363789273
CC_74C33B66F002,0.12957113090316436
CC_74C9C3F17421,0.0513265242463672
CC_74E4BD5C07D2,0.0692179354506873
CC_750D90249EFD,0.11817908231914188
CC_750DA21B7EDD,0.33884390276731613
CC_750E6537383A,0.26524219508072455
CC_75137D6F9DCB,0.1073132556070508
CC_75173A8A11D1,0.35102263104196957
CC_751DDC1FC2AD,0.09596818699430287
CC_75357E0206F5,0.08325268693632253
CC_753D160E3A58,0.1090519920113096
CC_754447632F75,0.04314552013571693
CC_7549363C5D36,0.07517708895997235
CC_754F3894627C,0.08074523507428627
CC_7562CD43897F,0.13297751899306365
CC_756A077EC614,0.3792812626775468
CC_756D3492443F,0.2932398084336125
CC_75783B3E6C6E,0.044297937691266165
CC_7598068A716C,0.028507278985922244
CC_75A37D8C1F6C,0.6276624997561144
CC_75ABDDA24C26,0.13807049743398098
CC_75B287424E59,0.3666258029074597
CC_75B2B88876B6,0.08992572312472374
CC_75B324FCDD4A,0.23642045200621617
CC_75C1466E61E2,0.25087589653263465
CC_75CCCD9D4568,0.08939080998937995
CC_75D2DAF4491C,0.3087112381910457
CC_75D54090AAD4,0.11094022557159063
CC_75F1927E5941,0.6616160898183452
CC_75F99AD6844A,0.304593969457135
CC_75FBA505C727,0.27843287314275456
CC_7615CC930B76,0.1263835586262118
CC_76168488EBB0,0.5533085550095126
CC_76197A77D666,0.026749851342877353
CC_761F48F8E962,0.26679039983194497
CC_764C6ADC6D1A,0.07614096616731214
CC_7658A6B0910B,0.045092658733219965
CC_766347951B7B,0.5935971648911985
CC_76857712D8F5,0.34384650760171614
CC_76A0DF2549B7,0.10423029135952148
CC_76A636414AEB,0.24159229379644345
CC_76B01540CDD1,0.1814021492688459
CC_76B420FC66EB,0.1053730333878454
CC_76B6BCD2EBAF,0.061683850625160505
CC_76B7A0029620,0.10700498659945623
CC_76BA435EF2AC,0.1327622830967507
CC_76BCC1AFDA4D,0.07288851675363359
CC_76C35913E797,0.1643685738721372
CC_76DE3DF1DEE3,0.17624545073603415
CC_76DFA4CD068B,0.08785726153672668
CC_76DFE3568C72,0.3189222952599725
CC_76E201F1E036,0.37064020703860223
CC_76E83166FE0A,0.1495762730499507
CC_76FD9E9D9ED0,0.15905414242414473
CC_7720BBD06736,0.31839031580701416
CC_77340228F356,0.6730310823450585
CC_773CBBCBAFFE,0.11375832781829628
CC_773E9B092923,0.10306081573832641
CC_773F22C3E42F,0.034988287049252345
CC_774ED295BF96,0.17719634850285187
CC_7751ED6DF76C,0.04041093019467622
CC_77571749B970,0.14974021014252922
CC_776F8B3BAC08,0.1101649958428212
CC_777889F9694E,0.03408338207005777
CC_777D08513AE8,0.07494816909530057
CC_777E3D988EFD,0.30726909462713603
CC_7795BEDE05E8,0.3234444547396382
CC_77A9EA3A6784,0.07292426042856882
CC_77B1AB7960A9,0.20067564857965844
CC_77B6EA810549,0.261404706736694
CC_77B9889C9BFD,0.16313094996818667
CC_77BC55DC92B6,0.12370796045074
CC_77D1DFCB0A8B,0.0528270213539708
CC_77D9AC43DFE1,0.19877537768214046
CC_77E6EF1CF2F7,0.36286501915262465
CC_77FFA8E6B36D,0.11867035399545146
CC_7801661A9DC2,0.15218783336892638
CC_78069B1BD931,0.14322080588251285
CC_780828B48716,0.10926175075916679
CC_782130B98F34,0.10453431438697622
CC_78273789B3C5,0.7707102881961359
CC_78296783E4EA,0.19498799225955732
CC_782B06291D87,0.06070987845862941
CC_783A2D4C89F9,0.4365049753183001
CC_784407E16923,0.08467500136280791
CC_78491B6255F2,0.4332885693435974
CC_784F17AC712F,0.06470449955589799
CC_7852FC3BBADB,0.09643189871663996
CC_7866E4CE528E,0.7276931774476031
CC_7867E7C01013,0.19208005915813217
CC_7869F609EC2E,0.17874208524079555
CC_7874F14ABD7F,0.19903164546365523
CC_78774E05FF12,0.16734224824258262
CC_78815A352067,0.08807913844558196
CC_788FF4549766,0.21958924163865318
CC_789977501322,0.12257043331171813
CC_789B2BA880E7,0.03732122325079194
CC_789D87F51AA1,0.053614745169674294
CC_789DC3C358CB,0.2160698366082343
CC_78A036DF6320,0.6724126257404272
CC_78A3EA63B7EF,0.04351324368846606
CC_78BF1B8FC1CA,0.11857101203217318
CC_78C96E7015BA,0.6270445590519969
CC_78CC84FA2CE2,0.18519494137926612
CC_78F0087076CF,0.22509483328469163
CC_78FAA95F5B5F,0.11897155697107885
CC_79033EFDE096,0.11824499502568003
CC_79086C18A963,0.13893873789348898
CC_790DA2ED9F5B,0.11816494502379758
CC_7928811F7D86,0.0937490403942515
CC_79345478FCE5,0.19077461417973282
CC_7936C8D65B95,0.1459950062827682
CC_7948C5509411,0.5085583079895448
CC_794ADB0677CD,0.13866785529961723
CC_794FF8E7F876,0.049808645316820874
CC_79500EA652BC,0.5676661494584738
CC_795083A66DB5,0.03670664963086566
CC_7950D4B773CF,0.14330910418290227
CC_7955AEB49759,0.1383152426320476
CC_7964F862DFA3,0.3948275810311707
CC_797A700CF967,0.4763941500076685
CC_798180DDF677,0.3581066049110916
CC_7981ABA9C370,0.09894856812914718
CC_798B2DC03C5A,0.0750631713284921
CC_79BD986C23CA,0.0702839518666698
CC_79C6BA680815,0.5404882052585201
CC_79D694E6F5AF,0.24260581231542894
CC_79ED9A0F6E49,0.41665287416557567
CC_79FA2512E5A2,0.15943300846143757
CC_7A0024F6FA60,0.2471572862860607
CC_7A193A453F27,0.027147318676656148
CC_7A1F071DC5D4,0.42714448465662347
CC_7A5D96BC99AA,0.7252167436367987
CC_7A6B51562949,0.30519739983083327
CC_7A6D7F9654DD,0.43269162215079426
CC_7A778E010F33,0.28825843160292053
CC_7A7FB841B669,0.6047741491059542
CC_7A91013D31E1,0.13219162082470062
CC_7A9117596769,0.04783924848295535
CC_7AAF340DCE8F,0.18526020003751117
CC_7AB146267981,0.21106985060359318
CC_7AB2A9CC8424,0.2978569748212011
CC_7AC1DF18CBA4,0.22348645231651365
CC_7AC4240DD225,0.33594265059783013
CC_7ACB325BD924,0.17454042440255305
CC_7ACB88002397,0.5133949831924952
CC_7ACD4F370AED,0.17083064756491984
CC_7AD4072A9F82,0.05961726035908377
CC_7ADEECDE4D73,0.21629108801544464
CC_7AEB48D8C5E0,0.07424937682918226
CC_7AFA5CD2B29E,0.11016791612159821
CC_7B092786DDB0,0.049282418113343524
CC_7B1B35D5628E,0.05270852926149394
CC_7B210557F04A,0.1009393218494837
CC_7B369A7C1D3F,0.15232058302486878
CC_7B4002591821,0.6613787220742758
CC_7B42BD80D79A,0.19191662532207593
CC_7B44FDF08B93,0.10041345031993394
CC_7B501C32CAE5,0.05872801722153156
CC_7B88520D4FA2,0.3915304159975861
CC_7B8ABE6E552B,0.19257090876124158
CC_7B8D2E07908E,0.38829504550566296
CC_7BA150468D19,0.6395872575028675
CC_7BB159FCEB53,0.29190449172650856
CC_7BDD72710831,0.07406796774875941
CC_7BE02C65B967,0.13358925030910157
CC_7BE382988C1C,0.6226097508045355
CC_7BE6110DBAA1,0.3398383613004493
CC_7C0B14BB0573,0.14294811552301598
CC_7C0CF5558904,0.6714327116740615
CC_7C13E7F561DA,0.6194635159521287
CC_7C46F7F667F3,0.12436506789004259
CC_7C510CE0521B,0.08358858219935321
CC_7C61B5D39E49,0.4935375493090887
CC_7C6770DDA182,0.11418433666736086
CC_7C6DBF78A610,0.09839507893753244
CC_7C7B0438E3AB,0.18380354612189337
CC_7C87DFBC3176,0.0990544726231794
CC_7C9528E94215,0.31929376425866957
CC_7C9ADE65CF81,0.1104552185615219
CC_7CB6CD1B9DD0,0.04269762434839165
CC_7CB7C7E55BE6,0.15055052036129646
CC_7CCC3A690325,0.1816717398760639
CC_7CE5689488DB,0.04328095739117439
CC_7CEB758A9814,0.05077322308654039
CC_7CF7443D923A,0.04786952190643841
CC_7D0D597690BF,0.17828771099804744
CC_7D0EA0307817,0.04558557151396704
CC_7D12E6FF25C3,0.13712946827221634
CC_7D28D39AED1F,0.6875608049909814
CC_7D2D19D832FF,0.06222483752883845
CC_7D34A67E1369,0.06399930389323588
CC_7D4388B41EB9,0.17103756380239848
CC_7D46FE573D79,0.0732897330221993
CC_7D7810799F2E,0.044101554066544785
CC_7D79241150C8,0.13076350664313707
CC_7D7B92EF2655,0.14292741315788446
CC_7D8C2495C1F7,0.06785429675104415
CC_7DA4F1BA24A1,0.597281956528156
CC_7DAF18939084,0.05989322270946476
CC_7DB8BA427410,0.0654730163014487
CC_7DC9456F1161,0.035845290548367444
CC_7DD2CBE0F0BC,0.19036393430805798
CC_7DD495158BFD,0.6132751092945911
CC_7DD5411F7A14,0.29741090801685355
CC_7DF099A7A092,0.23146341895401995
CC_7DF27D2AC111,0.0427510552582698
CC_7E0CA072EF93,0.0693249063998389
CC_7E0DA100F5F2,0.17780621915597272
CC_7E1086EFDED5,0.03446969189952454
CC_7E12E0F3CF6D,0.11786737089312349
CC_7E178CE78FB8,0.0824835982315883
CC_7E1C1A6D0E9A,0.1596811536360371
CC_7E2A76850DF6,0.7794262073043797
CC_7E3ACB15C69D,0.13722967133695685
CC_7E3F3373A73D,0.7325707996775211
CC_7E42A3D0737F,0.10945249093832404
CC_7E4679C534D7,0.28420952296602614
CC_7E53FEEB19B1,0.26771030884766867
CC_7E71CE7FC603,0.21916425218218
CC_7E8333DBAEB4,0.39656918314458267
CC_7E843438DE4A,0.055982558908622485
CC_7E8E4747C0D0,0.6693584047713184
CC_7E952828C1B5,0.1006551318621666
CC_7EA6431FE6F5,0.1418368547307339
CC_7EA7BA7621C3,0.25089184253059915
CC_7EA8F24B3010,0.10430263945164575
CC_7EAB28B0309C,0.05992065197471535
CC_7EB4A5BDA97E,0.08853250504329646
CC_7EB4B0A36534,0.10571662984487039
CC_7EB791F4AB2E,0.11322271734642698
CC_7EB883C9D5F9,0.035557961834687644
CC_7EC59C577F02,0.0583650055169963
CC_7ED2683D26DD,0.06008320708672966
CC_7EDB3440E0AB,0.5941813890081399
CC_7EE12013C7DF,0.1888326599696064
CC_7EF824CC0D3C,0.14249801386090086
CC_7F09C6F6321D,0.702963259481212
CC_7F1AD40DA179,0.21424976034470797
CC_7F1D38A39164,0.0818798326118836
CC_7F22B7D326CC,0.19031862792620474
CC_7F2614F1AAAE,0.25676899361910555
CC_7F2CDC7C1634,0.04372353144495024
CC_7F2D46DF9BC7,0.15685144578333998
CC_7F57A90B69E0,0.2216905009500903
CC_7F633226A676,0.3148182564357771
CC_7F753D809267,0.6378406622745848
CC_7F7EBF25AED7,0.033025024327042525
CC_7F8496CC5779,0.04228330510802695
CC_7F88D9C5D258,0.0885639685593235
CC_7F8AB4DCA794,0.13901393872628998
CC_7F8CC9509418,0.3164927592068607
CC_7F9069571F79,0.27901939424975924
CC_7F9AD27E079E,0.18571242594356918
CC_7FA281AC1C7A,0.09947877057137422
CC_7FA389E90548,0.08253293151558727
CC_7FBF4A48AF55,0.046241364305335216
CC_7FC40175A8E1,0.27723926716801284
CC_7FD58EE7029D,0.07227433756489379
CC_7FD7F635C341,0.04641214977701747
CC_7FDD458DA059,0.2474740904397924
CC_7FE85C259E03,0.10599319150036113
CC_7FE8CD30D7E0,0.10236768720509562
CC_7FFA32DE7B04,0.1618146918464567
CC_8014F1E2C5BF,0.03659703472033443
CC_8015895C1C29,0.2569354539408004
CC_802BA7E39A13,0.05964433597094061
CC_80300D23C3FE,0.34754481195025305
CC_80465303B6E2,0.19777978018916653
CC_805ADFD46B84,0.05636926109856133
CC_8060F40D9522,0.19743871383240594
CC_80621E822131,0.050225568188332084
CC_806654B580B5,0.41117320585925443
CC_806CFD6A52BA,0.03323310086037838
CC_807935BBEB7F,0.05346885718309832
CC_807C57E626E4,0.0713858684633778
CC_807C91C98684,0.030526813798797313
CC_8096B589BB07,0.1711136636962616
CC_809D60155E9D,0.06846917873452388
CC_80A2189E5125,0.5240037175272285
CC_80AF87F62770,0.17480220468614352
CC_80C03DF9CC57,0.20612108793922151
CC_80D9B6563750,0.5557600117337755
CC_80E9638ABD4B,0.045072217475857906
CC_80F7171B71CF,0.1115609388457259
CC_80F9983BC18B,0.06313634317585361
CC_811109A98EFF,0.09542515425601256
CC_8129480B056D,0.31003281168553254
CC_8134E5DA9FEB,0.5861024168154496
CC_8140399AD344,0.1146873345669689
CC_8140E278B6A0,0.21487865200542816
CC_814E0F756757,0.44533990155923864
CC_815FAAABFC91,0.2000669863406631
CC_816B28807CED,0.07179618463418148
CC_81821F9F2307,0.515608634314559
CC_8186D7991EB8,0.05134048521451999
CC_819E203180C8,0.812703879426154
CC_81A5E3141BDA,0.5262630123118694
CC_81B5CED8EE79,0.1261268635926574
CC_81B91198E00D,0.709559228196915
CC_81BADC379C8B,0.23079591053836024
CC_81BF8EA390F7,0.05453376739419686
CC_81C5FC962C72,0.05805654430351486
CC_81DDBFAF1CB6,0.053158459458088
CC_81DE637E6138,0.03099905047928915
CC_81F389DEC9C5,0.07564107517108422
CC_81F647806849,0.11296274480520543
CC_820D491B2903,0.7450961097270807
CC_82172863AA45,0.29818115655157534
CC_82195FBE9366,0.05229937836698607
CC_821F503DA953,0.08224611124882691
CC_8221AF9B0B93,0.738538136743503
CC_8222D1C47857,0.07352332473279698
CC_824BB6CD2B25,0.05505333546628344
CC_825192411933,0.089462744980441
CC_8270E213EDF5,0.21803476803980304
CC_82839CC161E8,0.055207283976154056
CC_828A0B6D7291,0.08709751490131129
CC_828EDE22A438,0.04313120274957033
CC_82928B5ABD45,0.30713003560714847
CC_82A7FE954659,0.18169569758809478
CC_82ABE1FFFA1F,0.1543471676288262
CC_82BDFA01C41F,0.1203591595067517
CC_82C20057CB4A,0.10203928139159475
CC_82E52529A567,0.1997608714354382
CC_82EFBFCF68AB,0.11154065606678336
CC_83092F58B321,0.13411667671759148
CC_83098B4BBD4A,0.12688845244847669
CC_831F9E623C5F,0.16376963916088466
CC_8326C8A3D569,0.10877445949229389
CC_832730F42A18,0.14299510458220982
CC_832A44C3F2A0,0.0470409231719314
CC_832EBAE498AE,0.6953577023383766
CC_833B196A70F3,0.7135688578861701
CC_833E14DFF4C6,0.1592076166818898
CC_834092035687,0.3225496481846521
CC_8351244DE3CB,0.07070891717799838
CC_835B90025058,0.04450151480372504
CC_836534CEDFD3,0.12536033482346715
CC_837ADC1EA55A,0.18925019528014747
CC_83884D799788,0.19998801663023374
CC_83947255841B,0.11573648301252981
CC_83A5A3022ADF,0.762262050729622
CC_83ABA98906DE,0.06973367554974357
CC_83C75D07414A,0.4064352642042862
CC_83CBA767432F,0.724079004388645
CC_83D342F53F36,0.1487864168941961
CC_83D5CA2A23C2,0.03471068781814888
CC_83E002D6D82D,0.17059093357157953
CC_83FE1BCC83E6,0.2963385550269434
CC_840E5B830DB4,0.03618503320400319
CC_842525788FC1,0.2038328478716157
CC_843076C8EB9E,0.2900094213741913
CC_8442C97EE91A,0.1106902792694652
CC_844C3C30ED67,0.1148032809898635
CC_844E345D2636,0.19912811245860346
CC_844F26E92B12,0.19144077106210947
CC_845032D8A261,0.26277745422744814
CC_845223F606E2,0.2581138660085748
CC_846F5B19B110,0.36114312352567446
CC_84797EA9ABF9,0.26981764047591994
CC_848D59D48081,0.18021950775486328
CC_84AB057BFCCA,0.049964552947748264
CC_84B0BA112537,0.06038765224321202
CC_84B8FCEDADD5,0.0843644671594064
CC_84C61A6BE99D,0.08641422217409864
CC_84CDF830F68F,0.07655023044147369
CC_84D5B88572DC,0.2524264441771521
CC_84FABECED186,0.11778531764026913
CC_8503F43FB29C,0.18729338038128268
CC_850ACB004EE2,0.08484277614728561
CC_850B114489CE,0.095518153759144
CC_850CC17BB13B,0.1491499824934724
CC_8518C159BDE6,0.13751762360795491
CC_85299261146C,0.09086320151083976
CC_853986C52A17,0.04369736825501119
CC_853ABBECF2E1,0.7943232578483244
CC_853BF4485D85,0.19215674799214139
CC_853EED03843B,0.07202679528768564
CC_853FD1B551B1,0.16507172813029639
CC_854AAA98CC0C,0.7686923683035516
CC_854F8AB5F1FE,0.04038629212158515
CC_855E2A785BAA,0.10881504029995438
CC_85614CA68432,0.058468238367370334
CC_856B92B23BB5,0.765528903959086
CC_856DF4A30E13,0.69832754093296
CC_858704DBD5A6,0.05667385763644732
CC_859EF0AAA74A,0.048246459763303114
CC_859FB710961E,0.14995391274677566
CC_85A0EB3C9884,0.6036616396485427
CC_85C887BB996A,0.09479664935371157
CC_85D9A6C9CA60,0.1379929954550695
CC_85DAF10E61A1,0.6126503477353764
CC_85DEF8ECB524,0.13139655227821717
CC_85E2E0B8B15F,0.6912653877630759
CC_85F018DC47FC,0.29187721155800533
CC_85F376B33951,0.17130156837021793
CC_85F745E1D307,0.12481698299332483
CC_85FAFB430486,0.30346580036920423
CC_860D4B868C17,0.02055019428979528
CC_8614E30C9FCE,0.3862219430621272
CC_861F5DC22035,0.0474109273650727
CC_8624ABB391B1,0.1648024888899567
CC_862BAB422756,0.343963545609336
CC_8642F98E5504,0.17363342386616384
CC_8655B8862C81,0.17466575672792273
CC_865FCEE75A8E,0.03450963087804364
CC_867372811CCD,0.4364096448678346
CC_867695B5C296,0.5306249829384304
CC_8682B1F914ED,0.16750131618725317
CC_8691DF144B92,0.5188247260405696
CC_86AD259FA5B1,0.14795427161558455
CC_86AEC21936BB,0.7291821299742943
CC_86B1D15F8424,0.03934607054050554
CC_86C2A6EC5712,0.721395291471906
CC_86CF816B494B,0.06024034337573681
CC_86D4D58B1D0C,0.1571345888198833
CC_86E2C4E17CB6,0.04689135909906157
CC_86E9E191E3CA,0.41759712388551573
CC_87000C16C856,0.10999435893833598
CC_8703DD5FA02C,0.18263768332676672
CC_87065B1F429D,0.11261296506936123
CC_87434BBA1CE7,0.0367080779933128
CC_87450EA8CD55,0.683114102764556
CC_87480F785786,0.07052259929359567
CC_8777EA6EBFD4,0.04109171266799261
CC_877A35E76904,0.07382397767611693
CC_877B37D01563,0.1324140331841568
CC_879759A5EFB8,0.35669172461377396
CC_8798AF2651BC,0.13423651934846476
CC_879989FB3B92,0.5655192933048987
CC_87A3BECEE5A4,0.13398106295814893
CC_87B7CDF4BDDE,0.04174950851954324
CC_87C13E620006,0.27085740255742374
CC_87E3AFB080F8,0.14219526569129798
CC_880044F77ACC,0.09701485317231873
CC_8809BCAC74A9,0.03855916208456776
CC_880E0019DB5D,0.03526299451740095
CC_880F027D886E,0.12338851765686101
CC_8812BC579F7D,0.07309207560681642
CC_88225FE57D82,0.21000366212138083
CC_88315318E9DA,0.3318079698037627
CC_883864E584A8,0.07007667863393978
CC_88469BAD58C4,0.04991319700422385
CC_8854EE679596,0.08764632647180864
CC_886273CC4072,0.07761175758024183
CC_8866B6D4524F,0.23921292688032053
CC_88A943606806,0.3540170429998861
CC_88E916A3F984,0.8104090297731499
CC_88FDC55C31A4,0.12217029683511185
CC_890D5EE59076,0.028655971640619442
CC_890F721517F2,0.10204512619982153
CC_89129D16418A,0.3439359522154221
CC_8917F02F9326,0.1364579737065444
CC_8920B6584A43,0.061898278286766494
CC_8929DF270419,0.7207017189626027
CC_892B119F0E5C,0.18193016397069517
CC_89302456B9D5,0.674472977753563
CC_893FAA6D1F04,0.7374371813067071
CC_895AF697BFBB,0.29499417865258054
CC_8961FF892F79,0.030384716683661994
CC_897674493060,0.07025675659169406
CC_898AFCD28B03,0.12102876918746311
CC_898CC919D10F,0.18211351539450954
CC_89A711195EEB,0.15512382085478302
CC_89B4DF07DF12,0.07053990131141097
CC_89B941079E10,0.10079576008563255
CC_89B97E9FF67A,0.11007189955123095
CC_89C5162E8055,0.16752451079044492
CC_89CA0F1E2DBF,0.24288258672210106
CC_89DEE29A78AA,0.10961919180419671
CC_89E089707730,0.15931940536742067
CC_89F0B865A6D4,0.10339330165084429
CC_8A04C5D4D02D,0.07146374689700849
CC_8A081AA1FB92,0.3269155731343021
CC_8A0C640E7A89,0.546478843989322
CC_8A12B68246A6,0.04213534920023998
CC_8A14A46B280C,0.1656580539013386
CC_8A165A18560F,0.31372303759204373
CC_8A19196788FA,0.06424548545177274
CC_8A25FA445037,0.12007281299308022
CC_8A29EA87B295,0.13529935589350447
CC_8A2AC87CB22A,0.05433085517083385
CC_8A34634E7423,0.6180090374284269
CC_8A38BC1AFE57,0.07367020205967034
CC_8A4CAF0CD0F3,0.08909462915232666
CC_8A5A0429CAB0,0.13396000705220487
CC_8A6E60FAE870,0.08133661515019477
CC_8A7DA054E397,0.6756312462346985
CC_8A7F5FF4B421,0.2543331575642226
CC_8A8249A44847,0.12709890188992168
CC_8A8BCE16DF45,0.1290843885432691
CC_8A8EC764734B,0.07244917680334266
CC_8AB553BFA00A,0.09803841429761384
CC_8AB57DC077EE,0.6568049943023804
CC_8ABA5808D313,0.0644937682483151
CC_8ABDD9A05C87,0.34938506199505215
CC_8AC7520DBCCF,0.1650593513944636
CC_8AC7F8BABF28,0.06278069452358372
CC_8AD67FB3A5CC,0.7463128001348843
CC_8ADDCF5EDCC1,0.08823267337411489
CC_8AF1C3A0799E,0.7357502994819681
CC_8B388FAED0B6,0.1230520173860763
CC_8B46CA903D09,0.02867406610618661
CC_8B5819403FC8,0.6648985363243838
CC_8B581B8207A9,0.13548232108758523
CC_8B6DBEF19F46,0.15749731749007045
CC_8B8326C4C229,0.11703903824729542
CC_8B850FDCFC83,0.08501440838229567
CC_8B8F41F19B72,0.07615535166127588
CC_8BAF98C60957,0.14292660993137252
CC_8BB0824B181E,0.05354594574889094
CC_8BB963DAD9E2,0.1520243145612626
CC_8BBF5F939D7C,0.15157181862738145
CC_8BCBDCF4DFF1,0.08857909052583404
CC_8BCE343561CB,0.747579388918678
CC_8BDA87361657,0.09612852960382048
CC_8BE68A4DB87C,0.0794051589229663
CC_8BE9BBD879A5,0.04459710092964604
CC_8BED85B91011,0.4002004812704233
CC_8BF68E552DA2,0.193062635737093
CC_8BF832E6464E,0.8057766560032495
CC_8C1561920E84,0.22956544797779774
CC_8C2A7D9A667A,0.16915643021253038
CC_8C3A5DFE70B9,0.18345815294119305
CC_8C534CCBDA4C,0.22059075524183952
CC_8C6472A3EEAB,0.05271975267600475
CC_8C6B4854D16C,0.25924488630493625
CC_8C76DE4F58D4,0.0651268344321398
CC_8C7DA3F4F88F,0.07607286351302373
CC_8C8527DE7DD7,0.07848625199922367
CC_8C9416612FDE,0.39559552812921656
CC_8C9973F02AD6,0.3402176597098262
CC_8CA1DB61A2AC,0.045079771323952564
CC_8CA59CAE22F6,0.14884964372588116
CC_8CAFD04A6EDD,0.11103770749348987
CC_8CCCC389913B,0.6224361376502787
CC_8CCEF12DC7B9,0.18785868060438987
CC_8CDCD714BD1F,0.7874698616214255
CC_8CEC7987D1B1,0.08480104431630844
CC_8CF621ADAC0A,0.2907613544091495
CC_8CF8FE2A4B82,0.3964045993503218
CC_8D048396D9D5,0.10076054551016642
CC_8D1089C58563,0.5402325472528666
CC_8D35A37FC4B1,0.10032589447778645
CC_8D41E12FE5B6,0.13593970911472836
CC_8D4A859839EF,0.15235139075663068
CC_8D4AD431C55F,0.08716615936266355
CC_8D4D882CA579,0.1172038315719741
CC_8D6151025078,0.10707562799522503
CC_8D637233FE54,0.16460707126612073
CC_8D6AEBA2D7EC,0.09516400656339362
CC_8D6E16DED971,0.18682528894894987
CC_8D7329F79BBD,0.44581774154823206
CC_8D7B7307C43F,0.08933646153145508
CC_8D7B9D4936EC,0.7044408114854042
CC_8D80B1B44AE1,0.40069207053747785
CC_8D9516D61143,0.40964298138264277
CC_8DBB8445786A,0.09696674628650492
CC_8DC5B86D9DCC,0.7518666141748513
CC_8DC6465998DD,0.18403052493713418
CC_8DDD0EDA9CB2,0.14282509615801925
CC_8DDEF0265CB4,0.05882623793005974
CC_8DE06BEB95A1,0.10100287649614022
CC_8DEBB5B14A14,0.1500868888490179
CC_8DF5BE7F759C,0.06300033632402256
CC_8E0ADCC71F85,0.05171725138441586
CC_8E0BD86F6F0E,0.09336217664270738
CC_8E143BFCF3E5,0.11345259741085496
CC_8E170A60D71C,0.37457170668574247
CC_8E1C3A21FAEE,0.10128902462875977
CC_8E408E18F060,0.10413217908408441
CC_8E42FB163DA5,0.7983889270698851
CC_8E47536D29BE,0.2905443182083337
CC_8E50AFFC5BBD,0.05093145951029557
CC_8E5FB1035354,0.17217527588861978
CC_8E7B9B8DD1A3,0.0940745895515101
CC_8E85B08196AF,0.033300597083209496
CC_8E96FC75AE5A,0.07544091708545764
CC_8ECAB5A6C7B9,0.07825825205986979
CC_8ECC4C7A6638,0.5039027011514728
CC_8ED6F13C35F5,0.16396124295771744
CC_8EE5E9467038,0.18256583732021664
CC_8F037E5AE692,0.0481909147801861
CC_8F1A418D96B3,0.31549734523170436
CC_8F1C4014F91A,0.140557541262007
CC_8F30A5FC9D49,0.08710986021716535
CC_8F3456F298F7,0.228035822990249
CC_8F393D485C29,0.13625980245816616
CC_8F4A41130110,0.04597766616087054
CC_8F7AA6E4D486,0.11119269288044391
CC_8F887BE25314,0.1550783043049314
CC_8F90CD1A5E00,0.1565788545485312
CC_8F9B26042C4A,0.11631176954395278
CC_8FA9423E65C6,0.10074795595344055
CC_8FBA6C32E0A5,0.2747338493105067
CC_8FC1C50C41E7,0.0867314015768634
CC_8FD005425792,0.061328958576455185
CC_8FD6A223135B,0.1436986127896959
CC_9002450E1B5A,0.04596943183826649
CC_901CE62199C7,0.3853274563950734
CC_901D2136E1F9,0.17885991411893384
CC_902648F62345,0.16218122727452855
CC_902BF0612E70,0.15983539956291357
CC_9036F7423277,0.20099214988026934
CC_903AD2767BAE,0.7156895411498614
CC_903E4BA690FA,0.31966141371577184
CC_904386E31210,0.05372924794541907
CC_904EA6C846F8,0.4008893937883883
CC_90549DD3CC39,0.12128061627754289
CC_905739E5494F,0.09004033862780374
CC_906F852C69D6,0.637017331028955
CC_907911F4930A,0.2513112089870022
CC_90798A7273BD,0.13891841042877814
CC_907F3A8AFCFB,0.06367384557551553
CC_907FA7722881,0.1099289139807207
CC_90812D9F30FE,0.09225126575506432
CC_90870A89F310,0.03686120260533817
CC_90894CA021C3,0.585903157494994
CC_9092C5EBF5F6,0.052104371847160186
CC_90A10D649D9C,0.6837099685716375
CC_90BF8E127519,0.5721135112911766
CC_90DBB385A7F3,0.7082623427355612
CC_90EAD308012B,0.31249862182319177
CC_90F4BF0B868D,0.11777818718430372
CC_90FA39516EAF,0.08098875691699053
CC_9117894F31C2,0.17077183142235328
CC_911ED63BB556,0.3708769282578818
CC_912730AE6E8F,0.2806165347513027
CC_912CA7EE4C26,0.12336964080156457
CC_912DA46AAED2,0.08245371262485277
CC_9132E67EA479,0.14092497884222005
CC_913D95FB31E0,0.16725867822398824
CC_91529F20D461,0.7593496216632577
CC_91586318C780,0.04005561751817824
CC_915F2708219D,0.1631634162894455
CC_916CCF9CBC08,0.03187991361930251
CC_916CF77A29CC,0.09055137285137826
CC_9189E4FF82C5,0.14552451394567315
CC_91A27CB6139A,0.14530905236333752
CC_91B7A4A15A37,0.6174424319636436
CC_91C2077BA6D7,0.08100993968829452
CC_91C4CC43EEE5,0.1414035763835608
CC_91C55BE33AC7,0.06063729912858053
CC_91C81BC58B49,0.05152699086635975
CC_91DE12EE18A7,0.37924305533418534
CC_91DED13CDCD9,0.16693357781737186
CC_91EF639761F8,0.15252689560820692
CC_91F23A7E743A,0.3300573693925327
CC_91F4C5E889C7,0.7299060362017367
CC_920E91EB28A7,0.18703859426232053
CC_921481F5F77E,0.0989186621520225
CC_92221DB27176,0.17775965153517986
CC_9224D5677C66,0.11947772325048352
CC_9230B9656F93,0.20928692134605176
CC_9231D0F8A993,0.7195010275311404
CC_923727159A8F,0.04825086048124072
CC_9248706729D9,0.03758054181699336
CC_924AEB5DD991,0.19995402669887397
CC_9250BA851692,0.3044459573128587
CC_925BACE3417D,0.09748030480928896
CC_9260CD0D7C0A,0.12380210247930792
CC_9285EB21B38A,0.11176558198453394
CC_92A09F03DAB5,0.7935552620360186
CC_92BC35D7F9CD,0.10861816875035271
CC_92C5FE9E5B12,0.6818426495843464
CC_92DC8CF8C902,0.09267409836929888
CC_92E006664648,0.2583604046720228
CC_92E4EFB9F0DD,0.11003343595935194
CC_92E621E0298E,0.1839454779268636
CC_92F412AC7D22,0.07111515937114818
CC_92F42886B7E4,0.2007263665027016
CC_9301E23D376D,0.5845598992420625
CC_931133320380,0.19214793593918672
CC_9314B6D8B7F2,0.07273701632971506
CC_9337E3B43211,0.1900798142874855
CC_933E044F26DB,0.09036094653146283
CC_934BB89938A3,0.0952971499670891
CC_935296A995DA,0.13005909003776384
CC_935326AF26E2,0.1679796056030936
CC_935B72B8E7F0,0.05106629653557078
CC_936FF3C9BE68,0.042317306368179326
CC_937FFE1718BC,0.03825998710290622
CC_939F92AEE460,0.7876259337224952
CC_93A4365B25CF,0.7932918299343423
CC_93AB9D6A7EFA,0.09114644279427402
CC_93C719738590,0.8029814265693089
CC_93CB48930B37,0.20475124621868315
CC_93D24FAFD21D,0.0969468557044124
CC_93DB5F477493,0.12852510836972347
CC_93E1CAFAD44D,0.06444719046244327
CC_93EC9F853123,0.20287693469357918
CC_93FEAF515A8E,0.043502374740533
CC_94063A67F136,0.3038640573027518
CC_9406E32819F5,0.06572849245911659
CC_940971CBC1A4,0.16473623645213303
CC_940ADC8DEA3F,0.11737302802068511
CC_940C7E8E0C52,0.2197946055250029
CC_941DD2E1DE56,0.15357915283858456
CC_941FC1FD0D55,0.2019061065606637
CC_943B720DB5BB,0.09917259318925942
CC_9440309323A0,0.142062340366545
CC_944B461BC558,0.065244862257795
CC_9453654BACE9,0.20069567603683724
CC_945888CEAF10,0.3456243785490981
CC_9458D4A483A8,0.11391969405329366
CC_9464BA7E98B9,0.07777134605410338
CC_94794B478A5C,0.3119950492151663
CC_947E58EFF90A,0.09220521369204007
CC_948537FC17AA,0.7664320463590366
CC_949576D25153,0.08685959782921865
CC_949B8CEAD619,0.09152613551656244
CC_94B4E05906A9,0.1312617256032072
CC_94C3B6F3B0CC,0.1325500223541404
CC_94C3D9D8FBF3,0.6328073791877947
CC_94CD530B2099,0.07285230972381886
CC_94E9D1E527E6,0.031306664327552684
CC_950450C0845E,0.39222384798446985
CC_95169A4360C6,0.04494272195445387
CC_951A69571676,0.05553489707251108
CC_95232636844F,0.22054372912231016
CC_953A5913EDD3,0.17523908491394827
CC_953B678083F9,0.0841905863377059
CC_9541BD0604B6,0.17736553707972938
CC_954404C1BEE6,0.3979822019300408
CC_95444ED71872,0.08406605023292982
CC_9544B86C78A6,0.7103192722194732
CC_954AD7E7C8F1,0.15778116386084973
CC_95525CC6C854,0.14546099665433276
CC_95573B318A91,0.04389750443201322
CC_9569309DC18E,0.08913273902816726
CC_956A2DF28600,0.2012260411551542
CC_957C7A0D7B72,0.35350316977242763
CC_958BECCA0BAB,0.4567974505212953
CC_95A6C4DA2F12,0.6176470518852426
CC_95AB75B5BBBB,0.12955559376527948
CC_95C1274DD7DF,0.026998660455878738
CC_95CD8F6A8CBA,0.038053115394420495
CC_95DD4DC604BD,0.18374334747417598
CC_95E1AC08266F,0.14212988159291648
CC_95E3DDCB74EF,0.06084538697464845
CC_9601384AC971,0.4541496974064934
CC_9608A73A8025,0.1649664333751511
CC_961F3BFBDDAC,0.8430304367602366
CC_96206C1277EB,0.28291254233866836
CC_96396AE6347C,0.1995896320354176
CC_96416D2A937F,0.1969932641882007
CC_964C2E0B00C1,0.18602629108098645
CC_9657A2A04BAF,0.2189617573466252
CC_9662D713B7BB,0.22591049405260594
CC_9664F83B7F1D,0.1863852437484087
CC_968AF836D0C4,0.051186884573767494
CC_96A6735A4317,0.0732228562000029
CC_96BC62A4A0AD,0.21912081972449568
CC_96CD75668A6C,0.06253072419879896
CC_96D928252719,0.38311561034863684
CC_96E40BDE9A6C,0.11758431975154778
CC_970116768415,0.2275937471056831
CC_970E94875C2B,0.7615636582385857
CC_9721C8A61D80,0.07224871494841838
CC_972313B0F814,0.1690058547663174
CC_972FD8FFFF63,0.5413730836690709
CC_97478A77EC17,0.17503998787494812
CC_974D14774BD8,0.06250504493458536
CC_974D86BD39FD,0.048151691062976246
CC_97508465AB76,0.12392988675792006
CC_975689C0CD6E,0.06160387179736318
CC_975967702106,0.045566617847866836
CC_975F3F07ED23,0.051943044832756975
CC_976E0D9A64ED,0.35861995983723055
CC_977145B2B363,0.3976083900123823
CC_9772CABFE1D2,0.7879887773255431
CC_9773C1E6AC8B,0.6056857118708912
CC_97832657396B,0.4793438929970588
CC_97963C337FD3,0.4748810752984499
CC_97978B581F20,0.1708540181675273
CC_97A9ECF23955,0.24367473628666889
CC_97ACD6D965F3,0.09286263110402315
CC_97C69AF6E34B,0.7163646622717376
CC_97D0E7256861,0.6711723877673046
CC_97DEBFBE2BDE,0.26658249851878807
CC_97ED469F2950,0.11762679560504469
CC_97EE84ABA6BF,0.326915696386388
CC_9801B22BF375,0.11479628404915514
CC_9803B6D4D780,0.27635145799986327
CC_980E90C8A301,0.10585304990684209
CC_9814B3D08A69,0.0833161599527883
CC_9821BD45BB0D,0.16871327321851623
CC_9829FA0350F7,0.035035022136970025
CC_982CAA309A38,0.1862696855719075
CC_98346EBF382E,0.13771784996916753
CC_986698CCC6AA,0.1466468288782645
CC_988FC580CD50,0.12325918611832398
CC_989795BA3DD2,0.05968802674954056
CC_9897A1DFE807,0.085512635069788
CC_98A2C8F4E956,0.07668943181353469
CC_98A3E6CDC707,0.10452036337470838
CC_98CE15EE1565,0.05621463563835891
CC_98D036D16215,0.059985018557994485
CC_98D09B14EE3D,0.4083113351446862
CC_98DB782DF852,0.052651581186939925
CC_98E2EA67BC97,0.07301937734911235
CC_98E6E7CF74AF,0.07784641485385195
CC_98EEEB2A83DF,0.6241580798541659
CC_98F3D3194788,0.12122826246202115
CC_98F8A8CF4F9C,0.3318739463356839
CC_98F91BAB57EE,0.16361598049563716
CC_98FA377070FB,0.18679048141382174
CC_9900D0479959,0.33589993031327403
CC_99061A735C6D,0.22922609931673413
CC_99093EC1A2C2,0.12596997014184125
CC_99376CA4DC26,0.04639202921929211
CC_993A588895DA,0.13186698787653062
CC_993EE6417CED,0.0822544018639246
CC_99559319913F,0.04236214059780145
CC_9970123DCC41,0.3294519375192658
CC_998BB6848FDE,0.08439468782517758
CC_99958287B2A9,0.5124061767622692
CC_999BAB2D16FA,0.4254423109577307
CC_999C7029261D,0.7401405121591627
CC_99AA61D1896E,0.08350484320948856
CC_99C03E7D99CE,0.04968989764745771
CC_99C62022794F,0.0840697164317295
CC_99D46BE6593A,0.1730919633900963
CC_99D5A5371B39,0.16188043443004616
CC_99D79709AD9F,0.7686609765188819
CC_99D7DDAA460A,0.16721584383310187
CC_99FC44B3C58A,0.11712601789495158
CC_9A02B2A17C07,0.09949882048807539
CC_9A05DE55D408,0.21202747584701295
CC_9A0C42AA09BD,0.3991926795320126
CC_9A2B390551F6,0.043493850318757674
CC_9A2D66206BD1,0.5330753229636662
CC_9A366E181FA0,0.15644902545242684
CC_9A39365FA850,0.6169229667379832
CC_9A42833BA860,0.04077981341293066
CC_9A4911A0140F,0.08868442871579568
CC_9A4FE1E8E0C5,0.4351246669679559
CC_9A51017C734F,0.3512095127250789
CC_9A5DCCD62D0A,0.36430155215585946
CC_9A602F492510,0.19310034250384683
CC_9A66BDD34B89,0.038128831887822706
CC_9A6AB0AB1E67,0.04448600471446705
CC_9A7049ED5656,0.5591370963486932
CC_9A7AF31828E5,0.08745146615618563
CC_9AA750377C6F,0.11583081252015988
CC_9AB359C82202,0.050264128234302895
CC_9AB7BF77EE83,0.7521050811192873
CC_9ACAC8474B9F,0.023030473472071555
CC_9ACCA4FB9101,0.07183712925861092
CC_9AE1529AF9E0,0.12333811835187583
CC_9AEE181F1156,0.25663971734822477
CC_9AFD130D3725,0.10595652928608287
CC_9B09C3353732,0.08209269893334861
CC_9B0D37817EBB,0.08241162162030394
CC_9B290B59155F,0.3740380930544147
CC_9B2D487C64B0,0.08347055881852307
CC_9B3DEC76ABF7,0.07238640482848943
CC_9B4F778D0A6E,0.1788523018308294
CC_9B581A92C2A3,0.3803911073218544
CC_9B5CA8C38414,0.16818158599568114
CC_9B6E82167593,0.19495486339465373
CC_9B6F6B2BCC05,0.34757450116482325
CC_9B7FC3DA1594,0.34278526956032596
CC_9B957DC280F6,0.15722806096007605
CC_9B997DF20042,0.38475168599061194
CC_9B9BC4B83736,0.07898195055792916
CC_9BBE1A16C04A,0.16324806462094074
CC_9BC63F1A568C,0.2641626573825263
CC_9BCB0166227D,0.239401970318198
CC_9BD3DC96ACC5,0.12191559144782327
CC_9BDC5A0E43C7,0.4169683041951606
CC_9BF9485A3F9D,0.24024735579015746
CC_9BFE93FF2145,0.2578189776430415
CC_9C0470A0536E,0.2355438575838292
CC_9C205AF09E47,0.553186334723634
CC_9C30DC5C1E46,0.06647534744762199
CC_9C325B6CAD11,0.038774556518872974
CC_9C4A200D0BFB,0.4103688228513587
CC_9C5EAF238007,0.2588032083110402
CC_9C601C6BBD37,0.057192092228859764
CC_9C606C2C92CC,0.06195447234104148
CC_9C6192D3A16B,0.06149027985592603
CC_9C84FB9B1469,0.06492284978514225
CC_9C989433D637,0.2777122782978817
CC_9C9B2FEB4937,0.15634980092036616
CC_9CA7FBE1DD54,0.15229781324889669
CC_9CACA50F80F2,0.1914286090382171
CC_9CB40D552388,0.07217031405735799
CC_9CB8127D17F0,0.03459773482355909
CC_9CB9CE2989CF,0.7092550411817926
CC_9CCE51CD83ED,0.7905365503521686
CC_9CDD2F3D0BE7,0.046231071793249735
CC_9CDEC693AA99,0.3816710447086133
CC_9CE9091AA9A9,0.246017785653396
CC_9D007C60D29F,0.06443795329103114
CC_9D017774D4FC,0.6691332108704867
CC_9D095EC1F232,0.27515410209782853
CC_9D1A1281C8FB,0.3379802844242498
CC_9D23F42B7996,0.47517326831666606
CC_9D2FBC479646,0.6963184371649641
CC_9D363365CAFD,0.08034900315485355
CC_9D44E4543573,0.1978687974357689
CC_9D45F67E3B01,0.08034127789518611
CC_9D535DD207D2,0.08625754042933782
CC_9D53ED53A15A,0.5824978450710128
CC_9D5D97AEE98B,0.5029216417919327
CC_9D5F2A5B6913,0.09337976874410223
CC_9D6BC1C470B0,0.5273776022303578
CC_9D71FBDE765A,0.04622286969623963
CC_9D73939E357F,0.12204572470094519
CC_9D82F401BD88,0.6509611157408076
CC_9D8B4454BE84,0.2558079996133407
CC_9D92537645DB,0.059597764721455296
CC_9D95ADE03ED1,0.22677879957772476
CC_9D98FE7A1809,0.04803703116061048
CC_9D9D59757786,0.06666833603122965
CC_9DAEB38616AC,0.15066196396354722
CC_9DD55CC0E928,0.020894322907828753
CC_9DD6B460CDFB,0.24466849229988596
CC_9DD80B5E3729,0.09079948018701889
CC_9DD82B4310AC,0.44145685282240216
CC_9DD9389E8AE0,0.08805697156833303
CC_9DDA8ACEB3D8,0.07810814624794439
CC_9DDCD898D01D,0.13435216496484853
CC_9DDD90B42A27,0.8070657302643964
CC_9DF1807A4316,0.036148260536795734
CC_9DF786FD2620,0.4439737317619332
CC_9DF7B9B3C8F8,0.07199827566796732
CC_9DFF6E2AC586,0.15554813328961342
CC_9E0546BD7BD6,0.14078324279817994
CC_9E0BE8227931,0.09803704727041618
CC_9E1A205BA261,0.42200647811944486
CC_9E2967559B00,0.051443849494332373
CC_9E323A031449,0.7118026257905161
CC_9E377CC03D51,0.04814879297282755
CC_9E3B83584C12,0.17042539452319522
CC_9E3D46FF5709,0.5781689036610028
CC_9E4FA91B86A9,0.06927952959279422
CC_9E53534DCD6B,0.1256822764941332
CC_9E73656FC8C0,0.7288518622962359
CC_9E7430675033,0.1840377021911926
CC_9E84CACDD7B6,0.3903594929816234
CC_9E84E0E4C5BE,0.2993297035379021
CC_9E9C65275B4C,0.091726458397676
CC_9E9CB6473D59,0.25545186400646264
CC_9EA4F11BE6C2,0.17496903309434156
CC_9EBE3F26F2FB,0.06576514800044572
CC_9EC23AB6C573,0.35538676468298847
CC_9EC34DDD0E53,0.04534317572058259
CC_9ED8EDFE8C55,0.06443941671493807
CC_9EF352F179D2,0.07678851645166393
CC_9EF505400F8B,0.6450532373397247
CC_9EF66D83B743,0.29696889779196445
CC_9F051572BFE4,0.21570543945378445
CC_9F151A782BAC,0.22783439442797931
CC_9F1A5DF4619C,0.3788704512533022
CC_9F1BF78ECD7A,0.08610228959521439
CC_9F263092AD72,0.16059953134150715
CC_9F36EC36A9E6,0.0914156522529414
CC_9F3D52242888,0.18673796722960226
CC_9F41F312CDBB,0.31577206439506345
CC_9F425167F9ED,0.17389417300747878
CC_9F6981E0009A,0.3057337140390678
CC_9F706DFE0AE7,0.03192659889410521
CC_9F7B525DD52D,0.3704341983836934
CC_9F8D5A5A9DAC,0.16465838284472864
CC_9F8FAE57E6A8,0.14064865459011247
CC_9FD1AB8E65FE,0.042742613868274416
CC_9FD2689202D5,0.12977263988074866
CC_9FDBB5C2CD09,0.0386430816583265
CC_9FE52BD71CA2,0.10855600136755528
CC_9FE8E62EB24D,0.09248623072460507
CC_9FEA59AEA00C,0.27684873113324043
CC_9FEA77B36A29,0.3767403741451947
CC_9FEE9701D16D,0.271936388466285
CC_9FF35BA60E6E,0.28433724168162866
CC_A0003F08B22E,0.1609104280742574
CC_A00AE2543224,0.06944418685703073
CC_A02A29DECDC6,0.10748318250007521
CC_A0336C21117C,0.6397942563993976
CC_A053B42BBE0B,0.07401061561863759
CC_A0591F16FA37,0.03125817381753061
CC_A05F962C80FF,0.16654445531474155
CC_A07B0549E53F,0.062300473704365526
CC_A09F230CCF5D,0.6552631286231135
CC_A0AED6346ECD,0.19747179847784435
CC_A0C4A796643F,0.10096956649332016
CC_A0D6DDFB430F,0.06288230838974743
CC_A0DF672F9C4E,0.12354911566782767
CC_A0E8C7C5558A,0.29276064837418253
CC_A0E9269DF22C,0.49850334176719885
CC_A0F1DB5CB28C,0.10057649176806395
CC_A0F42B26F8F0,0.05949072732911451
CC_A0F8F80EDFB0,0.05919658806726855
CC_A10AD9550E4D,0.027102776103265298
CC_A10EB26E5EE1,0.18843133049293298
CC_A111B065F623,0.07638281904561098
CC_A113D95B4AB2,0.1446588430715741
CC_A1320C0F0129,0.7255437197891931
CC_A1348D850EFD,0.7691155775116281
CC_A13D08B372E8,0.06195305495088509
CC_A143E64BD9D6,0.3683108687552322
CC_A14B0A24DC3C,0.10875383193486376
CC_A15137F25F7C,0.07686634217083284
CC_A152DBEC5BE7,0.05806489212295484
CC_A1591CFF6D81,0.04421514022299658
CC_A168CCB582C6,0.37441997845409797
CC_A17DC38133CE,0.7627196266489014
CC_A185D5EA3DE8,0.6267448177953112
CC_A19C842508E0,0.14165691765487365
CC_A1B648DA406D,0.027737642644768953
CC_A1BF7028CAA8,0.02234925290839813
CC_A1D035FA36E1,0.08016846924075641
CC_A1DD653D41A7,0.09079670298098992
CC_A1E3AD4B934C,0.30792582702990867
CC_A1E58421CE87,0.050408335834018464
CC_A219144EDEFE,0.05991197394326739
CC_A21FCEEBB3C3,0.4405272475148043
CC_A220E4278D79,0.03903347761529102
CC_A2231BDC961C,0.2532640208743104
CC_A234E219EFC7,0.35464215155065226
CC_A239B1BD81FF,0.06456320785737138
CC_A23D8CFFA31F,0.07388601352245387
CC_A23F463F4B4D,0.03780847030656101
CC_A23FFDC4A7A4,0.08895698788420592
CC_A2423E273F84,0.12009492699065144
CC_A2493E6036AD,0.31414592204804603
CC_A25C54470CED,0.09213914026243898
CC_A25FA690BBBC,0.12263293463136765
CC_A2636CF7C075,0.09218362237010114
CC_A26C22870E3D,0.4524339113511385
CC_A26F6A272B3F,0.13381917574904229
CC_A27CDC9BCBAA,0.17963523605231768
CC_A27E5269DA60,0.20514374217346645
CC_A28D4A46B6FA,0.10675690295492501
CC_A28EB319030E,0.04754973241771073
CC_A294D3A59462,0.7860529335524222
CC_A29D8034C304,0.05984500266825284
CC_A2A109409963,0.05416773658336354
CC_A2A4FA5F9962,0.11498353415099191
CC_A2A7E30C59D0,0.15651303763128457
CC_A2B5D2D4E269,0.552116686710776
CC_A2BB24180208,0.266761888877496
CC_A2CF1DFEFE46,0.5001696893529713
CC_A2D6090EA5B8,0.15824564082425743
CC_A300BC40BC9D,0.045403041526473474
CC_A3212501F639,0.19395274106659138
CC_A3278A566572,0.062162889599511904
CC_A327EBE4F783,0.1782561346202337
CC_A32FB6659B01,0.0747039592456591
CC_A33915EE72B6,0.23532608677462885
CC_A33D350BE79E,0.18345652534210558
CC_A3553B8AA8F6,0.10084923906536844
CC_A36EB077BF3C,0.030148077730738777
CC_A3753EB66DEC,0.12040240008337458
CC_A378342AC9BB,0.17101066850289656
CC_A379E9455C60,0.14664826441526851
CC_A387ADBD7249,0.09693024310084711
CC_A39E961FC29F,0.15494977178362127
CC_A39FA1EF0B16,0.26946887932464264
CC_A3A4E39FB04D,0.1719108268465328
CC_A3A751BE68D2,0.03630724434204891
CC_A3ABB3C5E9D5,0.6412188050790003
CC_A3AF9C2C68F1,0.18076970596077974
CC_A3BEA14873AD,0.13177018677383734
CC_A3C2FEE13C37,0.1541992160789978
CC_A3D6435D5F17,0.15575762944503826
CC_A3E3E51AD0E7,0.04738621344791899
CC_A40566694D53,0.23509205755241816
CC_A410C0DC7125,0.04121264920855778
CC_A42168D2B94B,0.08743065112080597
CC_A43CED9AFEF5,0.44649167342953966
CC_A4475A788D13,0.1371564574670874
CC_A44D677C0C07,0.04179424147211988
CC_A44E2673E71E,0.04543192802206456
CC_A44E79A96425,0.37183547986705257
CC_A462CA147DB9,0.11284052954485371
CC_A4660E424386,0.20719241375020572
CC_A476C9F116F6,0.15273744192054206
CC_A47C83B6EE2B,0.14674949927272082
CC_A47F8594678C,0.2848875502322733
CC_A48A7592F96A,0.05769503598884165
CC_A49195E659EE,0.06326765063031854
CC_A498A936AD21,0.11559776265713984
CC_A4BE6692361C,0.5857314200424246
CC_A4BF2115580C,0.07603532982523285
CC_A4CACCD14A0E,0.1143764726532004
CC_A4CE57A1AB74,0.06602944170074038
CC_A4DE4F1B5F93,0.21630850803785429
CC_A4E300558DAB,0.0576890127831202
CC_A4E972915D89,0.7499040421629659
CC_A4EEA04CF3D0,0.1920022903289259
CC_A4F400E9A0ED,0.05140020328371599
CC_A4F550D7F95B,0.2037007435141204
CC_A4FB91B1BF31,0.20481660119158607
CC_A500C1ED0A33,0.18689045985125605
CC_A50471962A96,0.6914844953917045
CC_A5161D8AA57D,0.11867087429919532
CC_A519C84307D2,0.0772558404700203
CC_A5277A9BE02B,0.7136750323590548
CC_A53578FCEA71,0.12496425122295754
CC_A54EAD1CCE27,0.15385203494759822
CC_A5512DA239BF,0.14814268328243527
CC_A5545DF298BE,0.07242698416609755
CC_A556EEF3010C,0.447848388223337
CC_A56756C65136,0.31773965132498866
CC_A5852E06D2D5,0.2449623704738658
CC_A5886994671C,0.1468219322519095
CC_A594D8B41A99,0.05111806919441551
CC_A59C6A6B71C3,0.07226936172986
CC_A5A06987AF5C,0.20868686519789084
CC_A5A1512FEEFD,0.16413367615217117
CC_A5ACE4284283,0.1519688479246793
CC_A5B10F07BCD5,0.10036195264612487
CC_A5BC9ACDB4CD,0.07018296993057235
CC_A5BF8B260922,0.43663953605370787
CC_A5C52379AE06,0.27522887015331177
CC_A5DD4441568D,0.02980954581810744
CC_A5FE3BE2949D,0.038417360014402754
CC_A60EF94F09C4,0.3398925523216306
CC_A628BE74CB45,0.13589307088033548
CC_A6292E9B43AD,0.06120786733294514
CC_A638610BF8F8,0.10544532983553417
CC_A63BBA86CE9A,0.3127817240813484
CC_A63BDDAC43CB,0.06937547339537932
CC_A6409E37A735,0.13970969763794805
CC_A655EC341406,0.126694449746733
CC_A6562E47BFC7,0.2044939837216961
CC_A6563A22D668,0.7164097083564347
CC_A6601278C1BD,0.10511752274331987
CC_A683678AC9FC,0.35168615210274445
CC_A6864FE80A94,0.09576471576321527
CC_A69117CC3C24,0.16605371139252695
CC_A69928C7D217,0.17120756339355142
CC_A6A8BAF7124A,0.29332777872613164
CC_A6B7DFC69AAE,0.5731732020448477
CC_A6BB595B55AA,0.05604544700730176
CC_A6C5284C4586,0.09246216362742518
CC_A6CB0D0191D3,0.08148226701206326
CC_A6FA3FA9F0FB,0.10989674127755948
CC_A6FDADD23BD7,0.04426337062459932
CC_A6FE3938F001,0.18142453342355502
CC_A71DB65F0BBA,0.637719873563878
CC_A730F4964FD4,0.12298810512244993
CC_A73C02C58DDA,0.12050595558912054
CC_A746BC2289C7,0.30133190610996125
CC_A766C3608214,0.1253045718778968
CC_A76F48111A8D,0.14340450803997273
CC_A77AEC8AD2D1,0.02265313729440665
CC_A781174166B3,0.18353800858108055
CC_A79024286DFF,0.06347272375205137
CC_A792720B875E,0.09960461519634226
CC_A7952C2BC5B6,0.08184754784770597
CC_A7954EE1A1C4,0.04409518999266495
CC_A7991E6B3CAD,0.2273394257545538
CC_A7B141DF4AAF,0.061086738186122744
CC_A7BE2CED0B93,0.05229767998501785
CC_A7CF446093DD,0.26540071545812366
CC_A7D1C6692090,0.07703293851880924
CC_A7D6CAB54328,0.45629741441917354
CC_A7D8D1DA4EA6,0.1297702449272774
CC_A8102BA6933F,0.049651726343716555
CC_A81C1EDC5FE0,0.08922708097248688
CC_A82C0FDDC303,0.22540579808390238
CC_A83F92C0CABC,0.15007108533492086
CC_A849B0F60EEC,0.05796803309885236
CC_A852AAB180D7,0.04201360851792319
CC_A8536626873D,0.22184768359009455
CC_A85F953FFD40,0.3532725423919342
CC_A865A3F1E28A,0.6859361112050406
CC_A867253FC73C,0.7340480944553442
CC_A877592FE1AF,0.05801260852318719
CC_A8AE26057851,0.1752273895685715
CC_A8D50530622B,0.13092496318064006
CC_A8D5C834B061,0.7161387816196376
CC_A8DF49EED27D,0.7949912310361248
CC_A8FB53A944AA,0.09173680535979038
CC_A8FF19BCFB18,0.1517826826092137
CC_A9042AA97760,0.05816075260099757
CC_A917D68B7F33,0.04880639615719324
CC_A925B3023F01,0.15762437376230323
CC_A93A49678A0E,0.6849157196828237
CC_A944C14551E0,0.11154904645361713
CC_A949A4D6CFDF,0.027624802746857968
CC_A96085AAACBB,0.40374088723970114
CC_A968E7B519AC,0.5638672255358714
CC_A96F61DA3920,0.27515798925939117
CC_A98AA461487F,0.04592284098520677
CC_A98DE37F48B1,0.03007976312534062
CC_A99526CAE7B8,0.0872130987185114
CC_A9997F50D935,0.11971685477633566
CC_A99C3B09B728,0.05472191758099248
CC_A9A0DADE60F5,0.2369403822981948
CC_A9E27E0F8BF7,0.11298356342029071
CC_AA06B8C44B08,0.5955462522892514
CC_AA078692F54D,0.0444756825746579
CC_AA3181148667,0.11587035021650524
CC_AA36C8AD0AD4,0.09708700881387773
CC_AA36F0397FF6,0.09312620401312623
CC_AA3A8989A632,0.6467734251568521
CC_AA4A1B7522D9,0.09531794440446253
CC_AA4AE0378324,0.22473192147789312
CC_AA5E4D5A692F,0.17380499094377533
CC_AA68EABEE4B1,0.08953513646658298
CC_AA6B5A7A5B67,0.08376287922026403
CC_AA6BD423C239,0.403107144516644
CC_AA7074B42A4C,0.4950197459611623
CC_AA7A7F3159DC,0.10008791003038568
CC_AA7BDEB972E4,0.11442151085627392
CC_AA83426311A1,0.07537440348194158
CC_AA8F7D307212,0.14365437686870394
CC_AA994120654B,0.0764182506539606
CC_AA99CC1D0A77,0.10745147324228953
CC_AA9DF917E958,0.14611352034163616
CC_AA9FC6678135,0.3314652894892555
CC_AAA47EC0D4CE,0.08429368352563027
CC_AAD9F600283C,0.1073834771165652
CC_AADF003A3927,0.07061280491298833
CC_AAECFE806C8D,0.23595307641196323
CC_AAF2022B9CD1,0.17391281771507122
CC_AAF445E4CCF4,0.07879894800195651
CC_AAFDCAA5CA06,0.6682379424707535
CC_AB0384E131D8,0.18820212218233787
CC_AB0A4F4A2968,0.2168295243801177
CC_AB108580856A,0.0866001905032169
CC_AB10FED15FC0,0.8084875041482742
CC_AB176233A184,0.05427307895566517
CC_AB250982887C,0.11378159818458751
CC_AB25C565EA6F,0.07005289314274016
CC_AB31BDAE74E0,0.23851701134202968
CC_AB38A76F5698,0.3742767802688566
CC_AB38F588BDD4,0.16809745587166555
CC_AB3DB55C9A2E,0.18302620041628168
CC_AB42A7DA8FAE,0.1914101116964601
CC_AB486E8855F7,0.11628749673027741
CC_AB4A79BF0F21,0.042040565867067545
CC_AB7472FE1C8B,0.050343333751191724
CC_AB78F64D1DA0,0.1234241578412953
CC_AB821E2FB031,0.0625853905807717
CC_AB873276D910,0.04994796983200771
CC_AB8CF3C05B61,0.09987534592450222
CC_AB8DD8448ABE,0.32100363550537936
CC_AB953366A38C,0.10157629835190499
CC_ABB193697B23,0.6345202906096786
CC_ABB3F0A040BD,0.1259656225186198
CC_ABB618AD3E52,0.22604988437444468
CC_ABC0DA7DAFA5,0.04061083938093631
CC_ABC49E43DF40,0.6252011747711298
CC_ABD89F61734F,0.12003808843464864
CC_ABE04CDC2866,0.5752380218078761
CC_ABE98746DB91,0.5571584656184092
CC_ABFDF22BBD97,0.06276822527479303
CC_AC0498A54CAD,0.22616479605843542
CC_AC1C23EA2767,0.30902304410753745
CC_AC1E028B2A1A,0.10446701571555972
CC_AC255B902EEB,0.17011580461745252
CC_AC44A88F7869,0.06579805371480746
CC_AC51CBCACA63,0.11695560130132909
CC_AC723E5F5EFA,0.04208426224679865
CC_AC7994A5FDC4,0.10795639037735935
CC_AC7EFDBCF2E8,0.725625543960019
CC_AC8A45716CD8,0.13171717659637217
CC_AC8FB78319A0,0.0332295739132181
CC_AC95C517E726,0.10399487863612694
CC_ACA4C6C9316D,0.05668254990009182
CC_ACAD97A186F4,0.08711312073727073
CC_ACC12168D6A9,0.1577151714717038
CC_ACC53294D3A0,0.08546795508587401
CC_ACC6A74A8BEC,0.06544329531780604
CC_ACD94D2B1200,0.06747038027556845
CC_ACD988315902,0.036987727697446446
CC_ACDA59536C9B,0.12002781243951184
CC_ACE5A4081F6E,0.17982673953057576
CC_ACF4F9A2CCFC,0.19136256529027248
CC_AD0D7D212968,0.29608930512382925
CC_AD131D09EB0F,0.12296910833515388
CC_AD13C87CF26E,0.18717686608365597
CC_AD2050A0C79D,0.15777974310517714
CC_AD276D71D3A7,0.29683221907352
CC_AD2C54521FE4,0.2050472701737416
CC_AD2E59624FEC,0.3841522095840031
CC_AD3A36AF2840,0.2510301277139028
CC_AD3D286D0B68,0.17099503889379328
CC_AD46818E459F,0.6116304775397808
CC_AD4BB2E22EA9,0.206714144877775
CC_AD4F7F88242F,0.32096220808189774
CC_AD58ADCD54CE,0.6971931836187978
CC_AD71619FA389,0.11927107273724326
CC_AD84592B950B,0.07195135897108917
CC_AD9898C0E8D2,0.12778576221109397
CC_ADC70A21D661,0.3293415784634567
CC_ADCF16189AF2,0.22728152580312272
CC_ADD894E6E4F4,0.34756060102963937
CC_ADE899835555,0.14472749182828332
CC_AE0D73A1EE19,0.3795860916927193
CC_AE0F08EA3935,0.1771334356588161
CC_AE23B59E6FC8,0.298093559271744
CC_AE289E013D60,0.07849560454356323
CC_AE34D3F7F224,0.7301428348699068
CC_AE4069D8B4F6,0.21437038565012917
CC_AE4896E2BE76,0.7074478317003847
CC_AE51DCFE0671,0.07665578146016228
CC_AE69FEA8DA68,0.1551194452971596
CC_AE7C129CC90F,0.2210025226957189
CC_AE7CD49F20AB,0.17274122298056824
CC_AE89526E0335,0.1826434272573803
CC_AE8D62CF30C0,0.09364064205708489
CC_AE8D9CE8D6FE,0.03449412890215059
CC_AEB019CB9065,0.16810643533970365
CC_AED1D50AF584,0.11400844948141242
CC_AEE546316FB0,0.23577165289860227
CC_AEE5FA00FA6C,0.424899666215515
CC_AEEC765D157B,0.03902124072473924
CC_AEEE44D6C8A4,0.023359935857842597
CC_AF14FF3EF570,0.32434845276852436
CC_AF1C3ACBA6B2,0.11999784314921835
CC_AF1E911C98B6,0.30083085760672257
CC_AF337F410520,0.08419611809796593
CC_AF3C7BC3BA40,0.10052735623556727
CC_AF41E4075C87,0.18557946957076454
CC_AF6B4405276D,0.7029203105827811
CC_AF78FE0BDBEE,0.10388235865919021
CC_AF8238D9082F,0.05135548764745698
CC_AF8CA6EE53C3,0.0646121079449283
CC_AF9AFA7C49A8,0.1050235016057666
CC_AFA1E3D3C685,0.17770741597662648
CC_AFA680030CB4,0.6274101306173654
CC_AFB351270B8B,0.038306848447965225
CC_AFC405AE0029,0.08161142303112423
CC_AFF90422E4FC,0.3824567754497019
CC_AFFBE2744B87,0.7705541598902711
CC_B0043CA53FCE,0.08256142305102271
CC_B01B2BD4EFD7,0.2563153530478975
CC_B01E87EB9940,0.1526647740239188
CC_B0273E66E2A5,0.16308875414219637
CC_B03E98085A9F,0.06593451000075666
CC_B0420D8C42DC,0.5177715964692282
CC_B0497BEB9F6B,0.13757512522856255
CC_B04A5E60B69D,0.08830042017529743
CC_B04D5517A193,0.12615340950697357
CC_B05FF3A960A0,0.21846640651347182
CC_B06A532EC131,0.28221244413708013
CC_B06D33A6761F,0.14105340679719386
CC_B074D4472CE4,0.04639930645804326
CC_B07CE95BCD88,0.3057464706747974
CC_B07D79368225,0.12815713912810023
CC_B07DD1ABABCE,0.7243728640584366
CC_B086C2D77820,0.177097926392741
CC_B088DE9C9E3B,0.23655150717678533
CC_B0CD7932067B,0.10889260605994718
CC_B0CF90073A5E,0.6488859818070444
CC_B0D397D86639,0.6429789311147283
CC_B0EF4FD19FEA,0.09419358400796654
CC_B0F2F9514AA3,0.0849010649404075
CC_B0F3B79F51C8,0.15786970112539098
CC_B0F4041B1C76,0.027036105993131235
CC_B10FE31C61D5,0.10132348454092771
CC_B114E8F19D65,0.17097760453577454
CC_B117F0E3CAAE,0.15020213923926384
CC_B11D58F331A9,0.036927156636544806
CC_B1262188BC41,0.11592452912307025
CC_B12FFB2FF21F,0.08369441013458354
CC_B13253F34A9F,0.03201220025132723
CC_B137E2BBB53B,0.0733003517482393
CC_B13FEA7CDB99,0.0733015790278205
CC_B1481ED21111,0.034917765315130925
CC_B15BE5C9976A,0.23163690466161305
CC_B15EB6933578,0.08210521360218506
CC_B163CCB3BE4D,0.11087612766446614
CC_B16DC354FD71,0.3725860708128411
CC_B1777349EB15,0.16554177622144212
CC_B17C6CE0231F,0.26398696669634025
CC_B17CA8C22E5C,0.1273459939403625
CC_B18F3C9C30E4,0.13791370302804726
CC_B19CD93DDC96,0.05790696150938636
CC_B1A647674B84,0.11100066955969429
CC_B1AEC2E5E33B,0.24799930482779176
CC_B1B5C81AC0A6,0.059844265114609795
CC_B1B932EFD646,0.15133963290259128
CC_B1C3C0B52B88,0.27389256051244937
CC_B1C7216344F3,0.08316017851754391
CC_B1C982DBBD12,0.32389905414131165
CC_B1D81F8197B3,0.3459880862347856
CC_B1DF1DCBDC7E,0.553285929081821
CC_B1E2C36607CB,0.06676621968418969
CC_B21351C93D8C,0.12310148293610562
CC_B2174860AB11,0.7185942239381702
CC_B235818E6A04,0.21330817888810574
CC_B23CDE30F00B,0.08606356393721679
CC_B23DE4971DF0,0.43328295602654787
CC_B23ECF574D8E,0.0565411994635441
CC_B24C41DDFBDA,0.223195375297214
CC_B25EC73B9510,0.1413560876074426
CC_B25F69904D0F,0.0746803489128096
CC_B25FB6C11D05,0.6782061701070348
CC_B264F2B92259,0.5731224843768756
CC_B26B8FC23F1B,0.05645417982801379
CC_B272E29922B5,0.1294202552352603
CC_B27AA8E27BE7,0.11311758995459477
CC_B2A68FD3C236,0.08789267835469353
CC_B2AC50C00979,0.09064668819660386
CC_B2B16D7B821C,0.1956669371570035
CC_B2B32F1511E4,0.14726642332415296
CC_B2C241A93527,0.0752796190571478
CC_B2CB104FED6B,0.672875972082227
CC_B2D352013F92,0.11116936067960453
CC_B2DF694BAB08,0.0996585557722319
CC_B2E993A9343F,0.2018747328815429
CC_B2EF61C93AB6,0.14745206988964826
CC_B2F94405EA89,0.11409250602890482
CC_B2FC07BF6251,0.04714403425631186
CC_B301A65B4164,0.11080418619393201
CC_B313E3A208A2,0.21015430705103827
CC_B318FF5D976D,0.14016072507607202
CC_B32AEF0A2299,0.058136024488294344
CC_B33BD3C618EA,0.07783674773951613
CC_B348627365A2,0.13247602643125742
CC_B35109450BDD,0.037605144639439814
CC_B3528B870544,0.09301075571200638
CC_B3530E7CF8F5,0.1282736256272497
CC_B35C5B1DB9C1,0.07166475623261923
CC_B35FF59389D4,0.1972998514148653
CC_B3812C6700F2,0.6345110120553177
CC_B38280B483B8,0.13026401254570608
CC_B38B694A18EF,0.48869858384623244
CC_B392BDECD913,0.3420739103447099
CC_B398DF1ABAD4,0.042423547011089184
CC_B39E75E151A1,0.11738508782742066
CC_B39FD0E249E8,0.04524206722557286
CC_B3AA0891CA5E,0.38833032273431367
CC_B3B1C8EBE5C1,0.13583572938283786
CC_B3BBA28E2D39,0.4172424868153177
CC_B3C4DB0303A7,0.09398157423117509
CC_B3D32FE823B2,0.029075844966571344
CC_B3DA429C6C8F,0.08093702188448963
CC_B3DC5786AB0F,0.1931944325047874
CC_B3EA537531A3,0.1549994237364953
CC_B4096D3A38CE,0.03808051728183842
CC_B41EADCCC95F,0.05579565054319634
CC_B421940B9A48,0.6272074150013238
CC_B42B3B83935C,0.8124292490628724
CC_B436B1CA6B2F,0.05604229142833621
CC_B439B06AF274,0.28571663987502394
CC_B4482E7879F4,0.07292929975692918
CC_B4660022C612,0.1065554440115819
CC_B46B899B4A63,0.1367038377640165
CC_B470280A580D,0.1367836424845776
CC_B471D3BF0C72,0.5546663091532619
CC_B4751DEE43CD,0.1683864903298607
CC_B482C254BAA5,0.05153760614041512
CC_B4889D036D3C,0.7199316888211571
CC_B4950F811C90,0.14354108230179818
CC_B49A6DE7A340,0.33530152389570883
CC_B49CD4C13DE8,0.3498553862835011
CC_B4A90370CA96,0.4894583033664751
CC_B4ADE6BC8A10,0.6661648954442988
CC_B4B6F805888C,0.03601486288022861
CC_B4B8F66BF4ED,0.6702442687138377
CC_B4C6F80DEE44,0.030137318485615006
CC_B4CCE78C09EE,0.15733459777168812
CC_B4D68D1C1C55,0.16613019583633276
CC_B4DAED63089A,0.1629935018900558
CC_B4DD9841E6FD,0.2545824743757179
CC_B4EF6743DDCF,0.07150782080284636
CC_B4F67F73D097,0.09078191484509879
CC_B50EB15EBA18,0.11261507733052659
CC_B51DCAAF4549,0.154450808025961
CC_B51DFF8702D0,0.543289099853258
CC_B520A001BF69,0.08983582269072735
CC_B529919BF24E,0.6535749555595297
CC_B542342650A1,0.08544082298103889
CC_B54A106E91E4,0.0483753794261944
CC_B54CFFC21F2B,0.12302017010973787
CC_B55C134C04A5,0.2084671587426271
CC_B55C2DBF6D3C,0.196366141420757
CC_B569705352B4,0.10856807011686292
CC_B56E74A967C3,0.056632078519566975
CC_B57519F33EEF,0.049938951287460016
CC_B582E4405D85,0.08661958432392242
CC_B585A11F7BA7,0.12099133817380331
CC_B59726D36AEF,0.1926522632987775
CC_B5995E4F1A21,0.12985429292905332
CC_B5AC2AAF871B,0.7288467585624518
CC_B5AD19125E1B,0.2105113177238455
CC_B5B1E42858AC,0.05958047040098531
CC_B5B7599E8BC6,0.06759899342935122
CC_B5CAE0595637,0.22124580084565273
CC_B5D49843A799,0.3377618617543826
CC_B5DDFC7AEE78,0.10226863038219974
CC_B5E29344F63C,0.20030580064147901
CC_B5EE5AE6378A,0.49424969100932264
CC_B5F2A93AD996,0.09846347657093935
CC_B5F611613A78,0.07072586076173829
CC_B6055039255A,0.7558747256771237
CC_B607B2B0AFB7,0.05647093998253276
CC_B60CFD0F39F9,0.07439391079313383
CC_B620087B1C52,0.4229999654058898
CC_B6203BBBD151,0.10217526342535865
CC_B622662E664A,0.1684952042548427
CC_B62C9A2BC846,0.15726857168891936
CC_B636210548E5,0.3630321956218085
CC_B642C6714501,0.06222779398457198
CC_B64F81B8A263,0.12855352864684833
CC_B65CA581B9BD,0.14935426555407694
CC_B65D1B9B6F67,0.12220478863243388
CC_B661A8FCA431,0.046301033212779105
CC_B66AC40957D6,0.13672009769635773
CC_B672B35D1162,0.7209073499837115
CC_B68379D197F6,0.09683327964803129
CC_B6923D10FDA2,0.14446269892940153
CC_B69CC776BBE6,0.24876939079760485
CC_B69E50D76B29,0.1065075290119996
CC_B69EAA8C296F,0.2107614213597302
CC_B69F7CB8CDA0,0.096923822869662
CC_B6B4AD157354,0.1576806389876482
CC_B6BD764CB8B9,0.2084621610732328
CC_B6BEC3F4BE91,0.13316256274916644
CC_B6C13F4A610D,0.2949228001498225
CC_B6C1C3B5766B,0.11337499831198013
CC_B6C72241926C,0.1499081564086919
CC_B6CB40E245D7,0.5831002745538031
CC_B6EE58A108C5,0.06485726026554264
CC_B706F631F5BA,0.03692689281682665
CC_B71DC1206985,0.1480217114617699
CC_B72284CED807,0.18400012972261182
CC_B727865A5B5F,0.5783792895301727
CC_B72FD7EFA6BD,0.19189307904345332
CC_B7365B5A3392,0.7689768137918135
CC_B73820D308C9,0.11749140726371679
CC_B743560D847F,0.09460888743710957
CC_B76EF26F7C9A,0.306355345875161
CC_B7764FC130E8,0.45811514461590885
CC_B77B73B95532,0.1192245985908977
CC_B77D6653C7D4,0.033148894224739336
CC_B77DA6B77DEB,0.26993995668085913
CC_B783AE19622D,0.1578290087338661
CC_B78761738CAF,0.017660103501757618
CC_B787BA135B5D,0.3918957928893675
CC_B78B4449EA19,0.12770818980624876
CC_B78B4B7F80B5,0.24408074875739202
CC_B78BEE888CA6,0.07987255263954723
CC_B791FEE1CF37,0.03868930498280598
CC_B79A58AA4441,0.0898593714115575
CC_B79BEC538198,0.11904342964983529
CC_B79DD53178D3,0.07659171935703536
CC_B7A7EFD85149,0.18206239886233458
CC_B7B5F2A15C41,0.13165224239022305
CC_B7BC46A7D4DF,0.10302064233403925
CC_B7CBC65D9AF9,0.49373718221969115
CC_B7D40C5C891F,0.08021094755931538
CC_B7D4337C4797,0.33711739476879354
CC_B7DA04826165,0.3275670203240164
CC_B7DC19DA1440,0.15080231526914123
CC_B829EC622F0D,0.5788453161149096
CC_B82B9C0C7B85,0.6158236698347186
CC_B82C55DEE5E6,0.29512812585204884
CC_B8475B977AD2,0.6912233797662528
CC_B84BD2F4EB01,0.1946728373190908
CC_B86DA7D69F20,0.04300196160047739
CC_B87989F406EB,0.16691708431511593
CC_B88B702183E7,0.035337373805859024
CC_B89B80945ADE,0.20626607943586917
CC_B8A3A44BFE8A,0.4487579747942805
CC_B8A7A6548AE6,0.18072978950496602
CC_B8A8FB83065B,0.16609560594534054
CC_B8AAC20D626E,0.1840787776366759
CC_B8AC99873641,0.06801799829220694
CC_B8C9673B7834,0.0811996434318026
CC_B8D5FEB15CC8,0.07778410945038085
CC_B8DA64A33076,0.5645487718758513
CC_B8E912A01706,0.5955669884597177
CC_B90869280808,0.1357606325746868
CC_B908EC99951B,0.2542612777324321
CC_B90CBF2A6775,0.051018397020135185
CC_B91080C1ADA5,0.3309736777328272
CC_B918FB42AFD2,0.173649930184538
CC_B92CA425080F,0.12302441591451556
CC_B937F632B71D,0.17178059396918094
CC_B94477C20476,0.3769220976817312
CC_B9483A5C922C,0.12920496752878077
CC_B954EC1C63B5,0.40909832311251526
CC_B95580F93537,0.046804309178609116
CC_B96086044329,0.06882829765892232
CC_B96EB0A91589,0.24237292982217545
CC_B98357C70A41,0.640094607925282
CC_B9929A66C2FD,0.6740185928493297
CC_B9BB52E4C529,0.12274527279380101
CC_B9BD45744855,0.764121343505582
CC_B9BFDE4662AE,0.11591971398524098
CC_B9CEAF324145,0.03011148083804279
CC_B9E89F42B509,0.22054860492488737
CC_B9E8A3887223,0.2157833863034786
CC_B9FC67268C45,0.2744538854437547
CC_B9FE9DFEB3DC,0.09931833903523996
CC_BA041E14DD98,0.07596802457198279
CC_BA0619F54427,0.10436695049151264
CC_BA15072C4EC2,0.2505930259091418
CC_BA183CDC5429,0.8163064213059958
CC_BA43646012D2,0.4028205303543994
CC_BA4F7E494E71,0.469584974798042
CC_BA557F75E2DD,0.1862883354075018
CC_BA740903CBDF,0.1270776667410664
CC_BA77722A827A,0.5306585143567681
CC_BA78E47BB021,0.23388890403412615
CC_BA8C427054F4,0.03246014486401272
CC_BAA19F8D2563,0.09208269268896688
CC_BAA1BBFF8C6C,0.29521485250441015
CC_BABA44B5FB12,0.08261266640655468
CC_BAC25BCCEAD2,0.07458841996461157
CC_BAC74D0014D3,0.48148190616894215
CC_BAD99E36CC71,0.24783226743468026
CC_BADE7EB1D16D,0.7775119411940887
CC_BAE7410803AC,0.1517832278971429
CC_BAEBBF8054FB,0.12917210710300756
CC_BB054686B6F2,0.04580936250518491
CC_BB05D9DF72BD,0.062220712982659
CC_BB0D54068D07,0.799687367249291
CC_BB15DE5E0DA0,0.7312231473923634
CC_BB1A57AA813F,0.14337474580000142
CC_BB1CABE261EB,0.1583851029888158
CC_BB2BC46FCF61,0.21092565181811013
CC_BB2E5437EE04,0.04989559774914081
CC_BB2EF1FF6131,0.08813845729572735
CC_BB2F56C6BF57,0.11164853501525049
CC_BB35CEC5314E,0.1036574058132869
CC_BB39E3597B61,0.03754547608515655
CC_BB3A9EECD51E,0.08272088600902511
CC_BB44CDEE5103,0.19018832095303853
CC_BB458116ABA4,0.34957440539336915
CC_BB5F6936F6FE,0.22230627498015135
CC_BB666F8A551E,0.08089653593558102
CC_BB7355E735D2,0.11404142112643083
CC_BB8A2F186D6A,0.04044436387234654
CC_BB9FDED12C65,0.6625199637063227
CC_BBA8C316C8F8,0.0703519078797204
CC_BBADC7DC73EA,0.20596597262101654
CC_BBAEA7980B09,0.4714351062190667
CC_BBBA078A6429,0.7521730578845075
CC_BBBFC3EC2C72,0.39560939217907765
CC_BBD34B3225EE,0.029654290144561564
CC_BBE6C58C59A4,0.4186021390641986
CC_BBEBBE1E226D,0.10782594127710517
CC_BBED56D34D38,0.1294672288375629
CC_BC0244FBDAF6,0.18149888263906672
CC_BC099E880236,0.18746522727343706
CC_BC0F05C89E25,0.12102301098861996
CC_BC1BD06C1085,0.11181742584383011
CC_BC21E8824A34,0.4560245021181384
CC_BC23655B2BF4,0.05882184697107998
CC_BC24F9024F49,0.050664703675283265
CC_BC2A58939715,0.10278928112387645
CC_BC2B90F226E0,0.20621973212409614
CC_BC31382964E4,0.04259388266899314
CC_BC31DA3EAFFF,0.12807835221189362
CC_BC3A6CF6FD16,0.1234173368478898
CC_BC410BDD9ED8,0.2515770015341553
CC_BC458960887E,0.1476166176155473
CC_BC484C329704,0.15320774278341737
CC_BC4D6D6D4553,0.33550331217876705
CC_BC5A59D88AFC,0.08435203277544442
CC_BC736DA19A00,0.17046219921580227
CC_BC7B9D13978F,0.1906093086656629
CC_BC84BF34D69E,0.27739337604370934
CC_BC95D473C9CE,0.18513094976917682
CC_BC96FC9DCFE7,0.11812021112926263
CC_BCA0D6159C23,0.1876626275465595
CC_BCAE73132BA2,0.07682822582638968
CC_BCBBF055366F,0.05073272276322492
CC_BCC94F494979,0.09026284417615046
CC_BCF75F8B9A5D,0.12076523981631365
CC_BD10F4F15094,0.08802254234752195
CC_BD1A2052ACD5,0.8052895005965458
CC_BD217C39702F,0.3906879156844959
CC_BD2A9D4B9FAA,0.2544602198598245
CC_BD3EDD1630E8,0.04356357058757344
CC_BD4AAFE9EFEE,0.05924309776068472
CC_BD59D1252975,0.08160814865817294
CC_BD607BE97C17,0.09260641486854222
CC_BD889F165227,0.10412838443201393
CC_BD900B6BCF65,0.15874603292269066
CC_BD9967660461,0.45885596661691247
CC_BDABB99ADE2A,0.17392498187620298
CC_BDB07C66EDBD,0.4901469216184372
CC_BDB71DAAE50B,0.09791840105476815
CC_BDCB91FACECF,0.12260752931218458
CC_BDE1E398B4E4,0.0635942039872594
CC_BDE8D325637B,0.654166712221691
CC_BDE9E7F390AE,0.09888164016543682
CC_BDECF392D7F9,0.15670887481509688
CC_BDF401C3BBCA,0.13255767690055986
CC_BDF53C42C5BC,0.22288594171574655
CC_BDFE5778530F,0.33728820455293146
CC_BE05EB5976EC,0.7453758045125288
CC_BE08A6D5E76D,0.04523503908238274
CC_BE146CE5BEE6,0.1814442278333543
CC_BE24C1EE877A,0.1258740401883266
CC_BE27E98C4BED,0.07078382059231496
CC_BE32DACBF6C2,0.1024264649697309
CC_BE3F52F9C9EA,0.12954446814731424
CC_BE3FC1024389,0.15231080806908193
CC_BE4595898BF9,0.09363407095834181
CC_BE4F1F53F4B6,0.08462327236563265
CC_BE648663620C,0.16539885016205047
CC_BE6627F3B9EE,0.6870374628271092
CC_BE673F70B591,0.34873660822127683
CC_BE704640727F,0.030310342438263763
CC_BE7295B354DA,0.3600513615548614
CC_BE760A430ACD,0.2075615014255089
CC_BE8A340F3876,0.04518454854600892
CC_BE9CB8845101,0.18570429505548106
CC_BEA12286E57C,0.1421121776807332
CC_BEB24EB997CA,0.11011860194757281
CC_BEB80CCF2ED0,0.050508345248037656
CC_BEB86014B5BF,0.19151341859257356
CC_BEC035C8801A,0.1344900718715067
CC_BEE1B858F0C3,0.34677570140042707
CC_BEE664893442,0.20615162402499146
CC_BEE75A33F038,0.046613011708803546
CC_BEF22728402F,0.6185216405527059
CC_BEF8AB2DF19D,0.39467041208347364
CC_BF03683CC755,0.13124677941415713
CC_BF066CB8F7A0,0.18131603133978091
CC_BF154A9FEE8D,0.1349145385911385
CC_BF17E635C67F,0.10592943025046664
CC_BF196AFA6AE6,0.16518254849314762
CC_BF2012FCFE14,0.19453560265855258
CC_BF3733356D4B,0.4248872294722592
CC_BF376C8D14ED,0.53247612274999
CC_BF3BF8B9F646,0.10683252774595214
CC_BF588A5FF18D,0.6660896327215293
CC_BF7C643B8874,0.038046522729149934
CC_BF8919F14394,0.1485153731395884
CC_BF8B759EE1EF,0.063734400439622
CC_BF971FA7A950,0.13905611127350087
CC_BFACE960372A,0.1095986407707823
CC_BFBF917EFEB7,0.6361804876449606
CC_BFCAE2959708,0.04300451518175405
CC_BFD80ECB739A,0.22778990617751416
CC_BFDEC7E68821,0.06526473386693962
CC_BFE3AD881F4C,0.04893292847338902
CC_BFE511C0F9F3,0.5507435996796229
CC_BFEE9CF8A6E9,0.08922947335834844
CC_BFF8E82FE4BE,0.14038671164163563
CC_BFF9E8C0FE28,0.5440052160621738
CC_BFFCB2882E26,0.04345559626008104
CC_BFFDCACC1E4F,0.10134910504409342
CC_C003A15648F3,0.09587680726753772
CC_C004160ABB18,0.14153897172279822
CC_C012746F45D6,0.10475414103921375
CC_C033B4EC89DA,0.1385764429823669
CC_C03578357D0D,0.4330914076853466
CC_C040C14F27A0,0.05199968059019561
CC_C0474C48C443,0.1369813070495622
CC_C04A1EF46A13,0.2458196550977538
CC_C067DA2C5F99,0.4228927652292179
CC_C0731DB0CD7F,0.6222068219604491
CC_C07C70AA1AF0,0.13909552886396354
CC_C0877F4DBC62,0.09971382247321536
CC_C0896CE6B4E2,0.07110292856043932
CC_C089B0517E81,0.0737370754678156
CC_C08B9066A5BB,0.19623051592528917
CC_C08DFB22BC71,0.09415086902475578
CC_C0A2108BEC82,0.19881009369952565
CC_C0A6B0787F91,0.10085540104015023
CC_C0B29B279C90,0.10843273478803778
CC_C0B7151247C2,0.10482870954105805
CC_C0BEDCC974E6,0.09230875438212083
CC_C0C6F913C2CB,0.688748641795241
CC_C0C7EAB055B1,0.1873684444549451
CC_C0CCCF588BEB,0.2571555806520438
CC_C0D65A1BC1DF,0.5734586883181874
CC_C0D6ADDF1E0F,0.0760388579695375
CC_C0E49708EB44,0.2197258448836125
CC_C0F32BA57D17,0.04083999329772507
CC_C1094828B26C,0.31292883006333044
CC_C124E4C094F3,0.250038342021912
CC_C12ECF48FA03,0.18668698860545713
CC_C12F5F7E5C54,0.109479053190848
CC_C131509731A1,0.21009768915058397
CC_C14173B64C58,0.17920209415938226
CC_C14A4D39F494,0.3769376012973478
CC_C14DC9106B7E,0.2990822253197002
CC_C1624A910E58,0.03539029134693242
CC_C1645FA6EE7C,0.09107366260315808
CC_C165A26E7C1D,0.7202538752925822
CC_C16824A69631,0.05619047169200335
CC_C177831DEDC2,0.08173534441518694
CC_C1815DD481ED,0.6870723123736399
CC_C18313F97FC1,0.3240917717818955
CC_C18A7BC23071,0.283733998287257
CC_C1941883C762,0.11976720789733461
CC_C1A0989CDF23,0.02265384056064642
CC_C1A8C99D910A,0.10878047915896917
CC_C1B057BAE0BB,0.2797847828608432
CC_C1B5D9A95708,0.08680835677137072
CC_C1C28181E30E,0.10037831643221548
CC_C1E8CA45E983,0.09489768569205372
CC_C1F4DD05F5FB,0.18291564709229882
CC_C205BAC0D181,0.06554660758956111
CC_C208790016F7,0.07405540874607522
CC_C219E603FD0B,0.0611470463324708
CC_C2323893E922,0.12794113362545367
CC_C236A614F73D,0.11669800863181043
CC_C241491551A8,0.1161833938098538
CC_C247E0377048,0.11775502146115986
CC_C24FBA584039,0.2677597466431305
CC_C25078D044CC,0.18464592150421544
CC_C255BE787955,0.2108551003417417
CC_C25ECB5C5FD8,0.06003824808483465
CC_C276E722FB1B,0.29786673662249263
CC_C279090E1F74,0.7734509891217106
CC_C279CA96D14A,0.13481849337336121
CC_C283330B9999,0.04593148169301099
CC_C289AF57EB24,0.2735677405084669
CC_C29558864857,0.11701569482785872
CC_C29846DE78AC,0.6036726947354153
CC_C2AEE09D92AD,0.10262766821326122
CC_C2BBFB603032,0.3497270029887503
CC_C2C2B2EEBA69,0.04147571848516513
CC_C2D1CBB42952,0.16919699174855374
CC_C2D4587A871F,0.7167506230675714
CC_C2D583F20739,0.3520832245348001
CC_C2D9086A8C67,0.07846647406911104
CC_C2E8FA308586,0.17259922289556473
CC_C2EA104630E3,0.09914483776434975
CC_C30ED2C6265A,0.05017041944774221
CC_C31BA9FD4FFF,0.2751252076233464
CC_C31DC3117984,0.17440897477358994
CC_C33142B2E26E,0.42873698511933966
CC_C340668CE604,0.07523293503121545
CC_C36580241000,0.14055481632996306
CC_C3664AFC710F,0.10501528185730383
CC_C3676D2ADC91,0.2062108585822392
CC_C368AC6AE19C,0.03464243058581611
CC_C38B446B7432,0.18355702839774532
CC_C38BE6D69E61,0.059626947430345495
CC_C38FB634E7B9,0.0705394825190614
CC_C3913A125FC9,0.16975530828392832
CC_C392AC1AABDB,0.13758354840966103
CC_C3A37C3EDCC5,0.3414052360421216
CC_C3A42A96D260,0.23288912731807443
CC_C3CA355F78BC,0.10259845935725515
CC_C3CD972B25E9,0.1412087176560096
CC_C3CE9FCB05EA,0.04971419032168928
CC_C3DA12B31CD5,0.0924107832954542
CC_C3EF46D2CF29,0.1761279726202977
CC_C3F301EAE202,0.18135474060414886
CC_C404C200B723,0.10633674070401225
CC_C40BEE2EAD73,0.2504074897193432
CC_C40CA3E960D9,0.1416083812311449
CC_C40E0EEBA53A,0.16596339461413007
CC_C42183D7A586,0.08872077162119145
CC_C427199DAC5F,0.467225272517235
CC_C445AEF194CA,0.07514926783936057
CC_C45051D20EC8,0.126793800129475
CC_C47FCA703A69,0.3036373227760644
CC_C4965C6C6935,0.3331805542521309
CC_C498BD798847,0.04612781905762198
CC_C49A42D1C3CA,0.08861119376063666
CC_C4A2F5B06976,0.05677744042548198
CC_C4B632AEB96F,0.1589404794926471
CC_C4D194378554,0.031210090771419847
CC_C4D90E9CA5E9,0.11892570218698449
CC_C4D941D5A5F9,0.1468467809745711
CC_C4EB2486A9B1,0.20353680315353717
CC_C4EC2923D96F,0.29712315033934866
CC_C4EC9ACAE8C4,0.6895428301032233
CC_C4FB2ECB13DD,0.280331189986445
CC_C50467EBCC58,0.07701148945404457
CC_C50C5E2A77CA,0.14750544644168118
CC_C50D7FAA75C1,0.040836384471660395
CC_C51FE3F4D2F3,0.17239128132133613
CC_C5234F4713B7,0.07433534830250196
CC_C55110310E14,0.10300830003557376
CC_C563D509181A,0.08512539433299748
CC_C5736F4887D6,0.7479635723550209
CC_C57C4F09442B,0.0930282624568337
CC_C59D2CA55CAD,0.8102547801581494
CC_C5AD04ABF022,0.08772035281879374
CC_C5AF7BF4B951,0.0326621381849318
CC_C5C5FD9FCFE4,0.6588689292127726
CC_C5D9A89022EF,0.20110797707000516
CC_C5E1FA10BD6B,0.17546176947914605
CC_C6039EF0459B,0.15447687960165185
CC_C6133F44EB0E,0.09947323567217975
CC_C637C1142503,0.770593277905159
CC_C65496C86EAE,0.12313824689321036
CC_C67C2B86A807,0.13806003627219732
CC_C690CF8AF3B4,0.10743252291265215
CC_C69204FFED48,0.3075513323662926
CC_C69DD80E5055,0.10706448686976144
CC_C6AE389CA79C,0.06145652897563751
CC_C6AFA8AF33BB,0.09304898675700884
CC_C6B56B2869A6,0.3729903603648653
CC_C6B61E03B42D,0.2320317478051248
CC_C6C2B357FDF2,0.10512185967854364
CC_C6C4A4A318E4,0.11749510063846402
CC_C6DECDCC7956,0.18571634774403575
CC_C6F134ABD932,0.6112149475391231
CC_C6F24128D8D3,0.1670336983699562
CC_C6F8C5E3D746,0.10826837915602526
CC_C6FB2BDCC78F,0.3732555766836624
CC_C70DBEB08378,0.8151710768642146
CC_C71AAC6F9607,0.10829225909974394
CC_C73D1C53BEC0,0.36029628328728824
CC_C7423B380FD2,0.05818065949373147
CC_C747ABF2B4BC,0.07997562760539573
CC_C74F0C45C093,0.14587903576269323
CC_C75307665BCF,0.22253488814427455
CC_C76473DBFF83,0.31753153976121073
CC_C7652C2D1CC7,0.21809807235525427
CC_C77B38900325,0.2402431394950686
CC_C782A94E6754,0.03915452027122589
CC_C786E0FDA098,0.7598608920166969
CC_C794632B3AAC,0.4115298336206865
CC_C795250A7B3F,0.10567322018777095
CC_C79BF5794AD9,0.043663429727538325
CC_C7A2A7BF85C5,0.0606606043115729
CC_C7A2CEDA36CD,0.49027533257331996
CC_C7AAAC514CD0,0.08043902214983319
CC_C7B39AE8206F,0.12989343072291348
CC_C7BA884F8DCA,0.15254420893877046
CC_C7BC592C11DB,0.04608920342512158
CC_C7CB29EBCEE1,0.042096017304379896
CC_C7D2BE35C77A,0.08548168074411139
CC_C7E56C7FFA19,0.16795054589296898
CC_C7ED63E403A8,0.07878140423978108
CC_C7EFF4BBEE1E,0.06117556283866193
CC_C7F1C90A261F,0.1521882333289564
CC_C7F38C2DEDFF,0.17491563417118294
CC_C807F881A35F,0.24181350682599217
CC_C808346EF2A7,0.04115427435550732
CC_C822401D05A0,0.13413543427914232
CC_C82D0EB32984,0.09090575563498432
CC_C82DE4520088,0.18299757826204419
CC_C84080607284,0.06828840252797719
CC_C85DEB66D6EC,0.2898838766218674
CC_C8601860B3AB,0.29258685030102316
CC_C86B56E5B000,0.12022758427347752
CC_C874E7D8B96A,0.06160553206942715
CC_C88F02C38654,0.17450925904888287
CC_C895990DF270,0.17352159125201128
CC_C896D6E93110,0.3817117686601124
CC_C8A57920FB6B,0.08033555142144963
CC_C8C2CEAC6750,0.4610880619136418
CC_C8CBB38CF4B6,0.42912735958093595
CC_C8DF2AEC8023,0.14116007781498585
CC_C8E24B1925A2,0.19427329233161972
CC_C8E2F0CA5050,0.6767981331884974
CC_C8E875AAFD58,0.2579915296882488
CC_C8EF7366016A,0.06940085658576121
CC_C8F1FB9C56E5,0.09968714905793184
CC_C8F2FF7E6DAF,0.1093063264511539
CC_C916DC82A00B,0.317547215044125
CC_C91FF308D57A,0.058183609775374685
CC_C9297D88CD26,0.3497976806672185
CC_C932D885E1AA,0.1811030712254509
CC_C947A66A6A34,0.14038286773865474
CC_C953D19C82A6,0.2879100011725448
CC_C960365C1125,0.2596210435484663
CC_C96221203852,0.26157990210391197
CC_C967937FC81A,0.6736965393732881
CC_C97434767545,0.2124881759133499
CC_C974620D4D4F,0.28316068018593044
CC_C9749B07E3CC,0.1305033389069275
CC_C979F86EC4EB,0.05699237801707456
CC_C9882357496D,0.06907410041780943
CC_C98B5F2B994A,0.09587481737334357
CC_C98CA453DC7F,0.1256979662186403
CC_C996515164AF,0.7147303893544734
CC_C9A1B8F512F3,0.4372443368560615
CC_C9E008678B77,0.08317249779107595
CC_C9E89E3728DA,0.2105985593579095
CC_C9EE0357CF4D,0.17462053067037522
CC_C9F15C15BA6A,0.12857518422840664
CC_C9F3BB887EB9,0.17984100612109408
CC_CA0906B9B58E,0.07411371482893868
CC_CA16B9133E4F,0.303567851260895
CC_CA2524A5C7AF,0.30100087279262294
CC_CA2A17C9CD44,0.45971628197288544
CC_CA32C61E255B,0.10513004860370348
CC_CA37F92A8BC6,0.13636843088698408
CC_CA3C9D0F42A2,0.5730537192768456
CC_CA4669FF2379,0.11087318129001028
CC_CA486E08F176,0.05437323722284898
CC_CA5CF069C36C,0.07310035225587654
CC_CA6AB58D2C8D,0.25740115543586894
CC_CA6EDCBFA9E3,0.17910830262600186
CC_CA6FB58C11F4,0.07250938801132153
CC_CA7902338F91,0.13999752609580834
CC_CA7BE11DCB92,0.12486994981264005
CC_CA87A148C386,0.07127922540282261
CC_CA8E7E45347C,0.16086755771570677
CC_CA9214D0E170,0.15297681641242888
CC_CAA07EABEF71,0.06277887506151908
CC_CABC0190A9BF,0.5338288484953193
CC_CABF171B8582,0.5840366315012004
CC_CAC2F989A2D6,0.21839963841521684
CC_CAC50FF13A43,0.47908836009570055
CC_CAC9C52B6FB8,0.25245875069738777
CC_CAE19DE8446F,0.062307455046558574
CC_CAE5F6D8328C,0.49196549933463174
CC_CAFA0C6DBCEB,0.05896661198187302
CC_CAFE5D6E3E1D,0.1166477906818664
CC_CB02A97FAC1F,0.20411958228117635
CC_CB1155AAC7EB,0.13696786494712926
CC_CB1B2FC5769C,0.1785894450357947
CC_CB1BD3C19303,0.1599189846058421
CC_CB2423DD4809,0.7809013670326823
CC_CB33381406F3,0.6523232556609846
CC_CB3CBA971E97,0.09684234014871577
CC_CB45CB5C940D,0.19097893740263994
CC_CB4A2667F8CE,0.21724313381876187
CC_CB4EA92BE238,0.05952533659260714
CC_CB4EE5CC0B09,0.16905883069351527
CC_CB50BDD92A4D,0.21814208548252373
CC_CB6A55831080,0.06715786588246159
CC_CB6CE149111A,0.1322764482776931
CC_CB6F9DA78019,0.031204205904123133
CC_CB722FAA608D,0.2156374958614421
CC_CBA786C05C1C,0.7414623479974005
CC_CBA9A6206DCB,0.1511206435209824
CC_CBB7AE2847B6,0.1962913348221155
CC_CBB9DDEAC819,0.03006013370999475
CC_CBC30D127BA4,0.0825134365504892
CC_CBE67EF0D3C5,0.4716061387119163
CC_CBEC318365B3,0.39603294740689976
CC_CBED6669EDA7,0.07729955656065682
CC_CBF1B052FA7E,0.07902587667428712
CC_CBFC7EFF2F94,0.13677572387770157
CC_CC27394B5E35,0.07786653567168093
CC_CC2A7B3D7A55,0.15113058160524795
CC_CC34B2523794,0.14473285003087566
CC_CC34E9023873,0.6997829527293746
CC_CC37D81F02A7,0.6366731804441453
CC_CC4822AEDB83,0.6960712304847132
CC_CC5D6CAE5ADB,0.2527525348509061
CC_CC6D27804EF0,0.073008614330357
CC_CC71D4876B90,0.10001756436803923
CC_CC75EA7F2C8F,0.09209564534164025
CC_CC9214A5C0CF,0.08712935697357518
CC_CCA2B8D2446C,0.4090761771128471
CC_CCAB3E56FD92,0.18198964493127148
CC_CCAF321D46D7,0.028639621075220497
CC_CCB46EA56584,0.2157601777833661
CC_CCB60CB8754C,0.13207782550312017
CC_CCD759553325,0.063075494636775
CC_CCDC28D49832,0.14804022821360274
CC_CCE55029E621,0.6409323210090696
CC_CCEA133D7268,0.47006148442844436
CC_CCED6CEBC3D6,0.3868910506492571
CC_CCEE76415B51,0.3122897281363011
CC_CD1326D52AE1,0.6728433827144116
CC_CD35EEA81CE8,0.29642035646385284
CC_CD373485942B,0.08572527169862502
CC_CD379DD39658,0.29433833289854827
CC_CD37D5CF0EB0,0.17369747522196444
CC_CD380545A7A4,0.07861897163436231
CC_CD3A378249BA,0.22452553088302066
CC_CD415B1C7741,0.03915831989982318
CC_CD4976814F28,0.03822337761322962
CC_CD4F5F1C357B,0.27676379130366363
CC_CD54829713AF,0.08091999098569756
CC_CD5E3556D5AB,0.17824788630593308
CC_CD6C797F3C4F,0.06926052112764862
CC_CD7BA8F6C4BD,0.11650215501020572
CC_CD8352F0478D,0.18656009850260827
CC_CD972E578564,0.7760366618742103
CC_CDA1B20179B6,0.11513825876678649
CC_CDA2A36B81B4,0.2543456743868451
CC_CDF6354EC332,0.07030600478651655
CC_CE01E17132E0,0.034396226566145674
CC_CE1280B30475,0.14266127334223042
CC_CE134F878294,0.05351904431966979
CC_CE229894AC00,0.11267338726262124
CC_CE26907B9D30,0.4481692165270509
CC_CE2755B42DAC,0.06639314589955
CC_CE2BD7F74421,0.26868115901530254
CC_CE3784121355,0.14583320979725614
CC_CE41F9FF509E,0.21559628149227328
CC_CE5AF0E9A157,0.07206055755893453
CC_CE5EA019DCAA,0.07739510313893527
CC_CE6460FE39F6,0.11536129557556471
CC_CE72D1734761,0.648651901023541
CC_CE7FC560768D,0.35562875263079163
CC_CE871DB3950F,0.3181805653448293
CC_CE8D1564C4F1,0.14122922578368483
CC_CE93240526A9,0.29832955489730995
CC_CE980FCAB154,0.29013998718539186
CC_CEA0FAD348F8,0.08187995153022123
CC_CEA369A3451F,0.05987117345703785
CC_CEBA67081418,0.2416163500792992
CC_CEC0C00FE770,0.5463779096301116
CC_CEC3B21D2982,0.3961013582561158
CC_CECEC680F701,0.18077902629183137
CC_CEDB263DB07B,0.035948208514546914
CC_CEDF9C14DC79,0.2652650430853101
CC_CEF23255BE06,0.05908463708239505
CC_CEF8C71C4E8B,0.4085098418232018
CC_CEF91FDD41AE,0.38278566933688996
CC_CF0B68684C3D,0.0919836789858737
CC_CF149865368F,0.10185448280882378
CC_CF2A7A5582C2,0.18601759315887634
CC_CF2B3E37CF2E,0.38962835616465175
CC_CF2F163CE005,0.16544049507513592
CC_CF3C063DF626,0.17274807871010464
CC_CF3E91DB8220,0.28992995902117435
CC_CF3FB5744443,0.7015401030760251
CC_CF4991B8EFE9,0.09923158318012001
CC_CF53FD3AC9AD,0.03319383486083208
CC_CF5A140B279D,0.20224945122496163
CC_CF613A7162B6,0.12136451975262713
CC_CF6A8A460B19,0.10118687764771978
CC_CF792E77A16D,0.048868666421926735
CC_CF7BAF373E0A,0.032953302216935064
CC_CF8B1D0015C4,0.1474864265774551
CC_CF8D0517B79F,0.08021438630333336
CC_CF92037ACA93,0.20543536081764602
CC_CF960A300F40,0.27208134209974766
CC_CF96B6335E6C,0.16368364375224442
CC_CF9880D67A7D,0.18627035772809686
CC_CF9B249283A7,0.7033019374633304
CC_CFABF7407978,0.20756767916551266
CC_CFB2AE99EABF,0.1290566829765532
CC_CFC0BC440771,0.1342658919134159
CC_CFC235739F25,0.5773044239499735
CC_CFC6E8954325,0.05735000067682369
CC_CFD37EDB214D,0.22836641193638763
CC_CFD93C04478A,0.58110182987916
CC_CFE0AA5381FD,0.5915980208427516
CC_CFEB021AA137,0.049174814889827057
CC_CFF6E2A6A3F9,0.3027990293796968
CC_CFFDC4947256,0.16980469724830588
CC_D009368CE434,0.048900933901530226
CC_D02E59E08B02,0.0431435099339167
CC_D03848B7353E,0.05241409359046575
CC_D03A69B1563D,0.14235476252776208
CC_D0576802096E,0.0903161672224557
CC_D0582E0F3440,0.052673792588382916
CC_D059D0BEC5D5,0.37894673965863435
CC_D05C4A8F2A25,0.13580345742837951
CC_D05FBA9B9040,0.7156653131447761
CC_D0653EA71CAD,0.15950640301586141
CC_D076A984B786,0.14810652722884687
CC_D08FC2D99CF5,0.20139092299251793
CC_D09942A02904,0.10916966933736426
CC_D0A8EA2D37F2,0.1543338787556009
CC_D0AAD35C800F,0.12162821854304733
CC_D0D666EC0244,0.09345891473334134
CC_D0F3F68F4452,0.49162951845179304
CC_D0FBDE8ABAA7,0.09676003623810256
CC_D103D50237D9,0.24161527099320385
CC_D11E5A30CF3B,0.26680986418925035
CC_D122B30AE7CB,0.5550270508848653
CC_D1679B40D83A,0.09508501026589608
CC_D1760785D631,0.26516548715878585
CC_D18088587757,0.2493790477222516
CC_D184160042B7,0.3170669821252473
CC_D1886485E8B4,0.15272091184591025
CC_D1893DD5B4D4,0.10120455837464531
CC_D18B60E035CE,0.7343919316226172
CC_D191D099789D,0.08359438103354816
CC_D1BDB41E7FF6,0.07748971872270827
CC_D1BE2E6E9C9F,0.187223298689911
CC_D1BFB29BF61C,0.08039628914134589
CC_D1C259F80E13,0.09139680395527065
CC_D1C63DA9CA93,0.10549846149579939
CC_D1C931E4F305,0.05978765384910778
CC_D1CE25F271BE,0.14374007702741348
CC_D1D2127A0C67,0.05439708717770335
CC_D1D31EA359F4,0.13431927292129678
CC_D1DB888BD9B0,0.11388970736453231
CC_D1E82B9DD102,0.16248663839091007
CC_D1EF68A649AA,0.12629991243520702
CC_D1F05E69F80F,0.05459509329529513
CC_D1F6FE158DCF,0.27762720920350425
CC_D205612FD566,0.6223257595949946
CC_D21474C31E3C,0.6837853720562668
CC_D2195A061A0E,0.618518583406387
CC_D2199CC1CB08,0.02848090100874135
CC_D21FCD9DFE53,0.543159379259432
CC_D233B2C8062B,0.4220631657141221
CC_D234CF2C21AE,0.6640335604285763
CC_D2373015DF41,0.04747720066241891
CC_D239CBE1012A,0.11080322866488534
CC_D2591377E980,0.7282251197624623
CC_D25E25C831B5,0.07461178937333607
CC_D262BB13DAAF,0.2828619977162523
CC_D272BC699F38,0.062003546446162044
CC_D2813C835750,0.765713770398005
CC_D285B0D67016,0.02440379184767255
CC_D28FB525E310,0.2676502823945487
CC_D2AFEE04E96F,0.033685418159761275
CC_D2BBAA423304,0.19658063126175507
CC_D2BE8B4011D7,0.05444635047324635
CC_D2C49D2FEBF8,0.19215583565502745
CC_D2D09498D333,0.16092985820621541
CC_D2D187DA334A,0.12460868877965278
CC_D2D47A5386CE,0.26996293248225856
CC_D2E98F50621A,0.03985983796293906
CC_D2F265035F0A,0.046917383401422146
CC_D2F91355C6D0,0.1574119148425942
CC_D2FC934F8324,0.13959118814301913
CC_D3044C67CFFB,0.0494165988451218
CC_D313F2C49E46,0.3327264465544639
CC_D31FFB053D60,0.1220173453552364
CC_D336DB6323BB,0.30730977198993775
CC_D343A7CBA377,0.06143929619795664
CC_D345AF4C4B61,0.18187592417416618
CC_D34FA9410740,0.08425975149515022
CC_D354C5D1665A,0.1645642531342827
CC_D35E96480AF8,0.31054754953703895
CC_D3616386D6D2,0.1344788590795981
CC_D365173E852D,0.7636028673158746
CC_D3683C6CFC5C,0.6456586707429175
CC_D373463038E0,0.05222489407148821
CC_D379CF8E3FAB,0.7204028268749393
CC_D37B4CA7F3D8,0.04649264525262102
CC_D37B5B3CA4BE,0.6823194603599363
CC_D39265D7B6C9,0.0527021540316454
CC_D39E3F732408,0.06655165835331237
CC_D3A7B21165B3,0.30188341927910717
CC_D3A9028A4660,0.044303477389722914
CC_D3A948322BD5,0.6871268810917455
CC_D3B95DB5E6C1,0.278171026203547
CC_D3C8C5014D5C,0.18425223852475106
CC_D3D80929AF52,0.09282513089337671
CC_D3F25136073A,0.1914952232781737
CC_D4102AD032BE,0.2391756059290689
CC_D416EFCEAD89,0.04544458457673477
CC_D41C5030494A,0.6854694343584755
CC_D42E477596A3,0.05373851170377583
CC_D432C89BADA8,0.1323018350063567
CC_D434638E9569,0.12039990053059234
CC_D4518F98BB77,0.08720335374159306
CC_D452847F2A4C,0.0852927321966775
CC_D454056F92E6,0.250238392886955
CC_D461FB973AB2,0.8149187811093792
CC_D462250B13D3,0.4127318951342307
CC_D48E686A834A,0.6871205438403125
CC_D48FFD985E51,0.07562549825922127
CC_D49263A1BDF7,0.11993816682001024
CC_D49668C65C33,0.029257166124800366
CC_D49D9C57A849,0.1004277306906784
CC_D4A029A150E4,0.18346328412573273
CC_D4AC998C0BC8,0.6987523539077943
CC_D4B02AAFC697,0.137421207031719
CC_D4BDF0F4FE9E,0.11086926848089768
CC_D4BF2778371B,0.16986637825287665
CC_D4C0F4DB3501,0.17342887042795832
CC_D4C6DD8A364F,0.1432695664131835
CC_D4CDE2A1E174,0.16171364011434552
CC_D4E7EE35695B,0.1563720931021334
CC_D4ED652E86DF,0.29433917654469005
CC_D4F844B54B84,0.03825412087249076
CC_D4FA0055DB4A,0.034509230859479344
CC_D4FDCBAFEC74,0.7065814927031788
CC_D517D90E105F,0.09405554068121569
CC_D52B87A01028,0.2357949986057588
CC_D530C3D1DBF8,0.6447509664109734
CC_D5327E41EBA2,0.10465061563783956
CC_D53C8BCA531F,0.08394676076247991
CC_D540C7ABF683,0.6797158004920177
CC_D54105FC1349,0.3641294639123941
CC_D550CE8B9313,0.7443630996512538
CC_D55C5B432387,0.16708461623087373
CC_D5646FCC5E14,0.5771672570581116
CC_D56F34613338,0.12661390409882428
CC_D573AF0F1674,0.10605202104558353
CC_D586E2C2B3EF,0.20054946718235583
CC_D589E388CA02,0.0639440454665114
CC_D58EBD954E68,0.3121567928903871
CC_D59AFE884BDD,0.4776703059877984
CC_D5AC596A85E1,0.16529924890944397
CC_D5B99B578573,0.0447748933540071
CC_D5CBF4A4D3B3,0.10246526548156008
CC_D5CE05EAA837,0.2100156084000997
CC_D5D36A6C8DB3,0.07732689369234363
CC_D5D8D545736F,0.08045693311096153
CC_D5ECFAF8C1A3,0.060927803399365085
CC_D605715F737A,0.14412284744022602
CC_D617428B4B0E,0.38183052418384156
CC_D61E8E5C4414,0.14285301912954054
CC_D652B5F05769,0.17471157289187
CC_D6564D0CB9A8,0.19380953060224293
CC_D66183657419,0.06877162020364763
CC_D66BDD3E1AA7,0.11143575032700524
CC_D66DA331534A,0.09773764439629787
CC_D687A780C0E6,0.0452424296161852
CC_D6AE871A4C9C,0.09886317697988303
CC_D6B7AF1FBDD4,0.49824335996982216
CC_D6B874308353,0.5984246259936199
CC_D6B8F47FE484,0.5080102167403334
CC_D6CB1BFDCEEA,0.1181517678086837
CC_D6D47D7E1C51,0.03712663380082068
CC_D6DE060699C6,0.1374140771176253
CC_D6E06014457F,0.800142429750101
CC_D6E8E17EA449,0.3202709129832087
CC_D6F216AB1C4A,0.15334021666221834
CC_D6F5E3A51C8A,0.09962018698779511
CC_D6FB3B76D7A0,0.5905773045873344
CC_D6FBCD4BA3DA,0.2822093297645956
CC_D70918916097,0.5216963743368793
CC_D73B1B9B81A5,0.04717732920653574
CC_D73E9E24BB48,0.11835211033045909
CC_D74AA0F20466,0.13308346114047576
CC_D750070C44BB,0.7115854189154713
CC_D7529675CB7D,0.16862462428599787
CC_D75C8CDB510B,0.654880134229109
CC_D76009C47709,0.28837871339868304
CC_D771775A58F5,0.20177768325766998
CC_D77F9D613EF7,0.19091892486643652
CC_D7999C3EDE22,0.18833364938552963
CC_D79BF1D26499,0.19931006188449743
CC_D79C05885899,0.1233312920210495
CC_D79D4F15D10C,0.031782176100289716
CC_D7A11E3512D2,0.0534491249593616
CC_D7AD7A7279C4,0.14204745072159303
CC_D7B35055AF0D,0.17947821993777274
CC_D7D99409D57E,0.322253996413882
CC_D7E403181D8F,0.1299208745373136
CC_D808C7BA9399,0.12161988966634407
CC_D80DE8B544F3,0.0419406149004926
CC_D81D19AEFB77,0.032902650639215957
CC_D81F317F6384,0.14176194723056598
CC_D844D9DF962C,0.0643127810568424
CC_D847D978387D,0.04079729241624853
CC_D85C7B85C440,0.25394703733846824
CC_D885591596E7,0.09262252976679322
CC_D887D07BDE23,0.38397074399864156
CC_D88ACC0CFDA5,0.10090801084203802
CC_D88BDD0F510C,0.05591745846575504
CC_D8956424CB37,0.4063856632931643
CC_D8959BB99A7F,0.2706783308244589
CC_D89A9A14B5E8,0.05639202101931077
CC_D8AD01F3CCE7,0.052092219312630875
CC_D8B4122DC296,0.11102288536295093
CC_D8C38B187875,0.7261459145702944
CC_D8E55509595E,0.052474407840609444
CC_D8E6B90C37A3,0.10738456463815055
CC_D8F1AECFCC2F,0.060643177503237645
CC_D8F7672C70D7,0.03173738902500511
CC_D8F7E904E7DF,0.1612808374649769
CC_D8FEF1C99F88,0.6630508381482519
CC_D90761F9E9C9,0.4156331426747343
CC_D90D9D5C8FEB,0.08349368962265259
CC_D912917A4F4E,0.745865471321983
CC_D91ECE64FD0C,0.10035200900380095
CC_D9325E5695D5,0.044653264792986425
CC_D9563654A397,0.19269347293061673
CC_D95766A6C24F,0.10277529278497172
CC_D95939B1BBFA,0.05692198209806999
CC_D96729C38BC9,0.07229342099614876
CC_D9791EFF766C,0.21887983525588245
CC_D97AA7C54F6D,0.11115712076561193
CC_D98BA5CE8EE6,0.49243729660235747
CC_D991DAD5413D,0.15114198539350987
CC_D995C89AA359,0.2136974776373633
CC_D9A54F55AD6A,0.11183799281448428
CC_D9B87A96C353,0.2265035170399057
CC_D9C42B0B6A0C,0.18777319524553782
CC_D9D487E78FAF,0.6686984010202893
CC_D9D744A66B09,0.11217498368107053
CC_D9DA3F6E2E7E,0.16982753591963712
CC_D9E5792258E4,0.07784638623913366
CC_D9E6B9CBEB77,0.05188743618975618
CC_D9F0CDB02AC6,0.14247271844504306
CC_DA0201D1BCF2,0.10772677711531291
CC_DA0500AFE692,0.057923220580262905
CC_DA0E0BD3880D,0.3234235855639602
CC_DA10F53AE655,0.6370853323355997
CC_DA1643A835A2,0.09487586161480378
CC_DA1C5BAB7E35,0.5433265116088604
CC_DA1DC6A6371D,0.22140764388528636
CC_DA1E6B31DD2A,0.6412500026885168
CC_DA1F282809D0,0.030054935455003286
CC_DA226442D919,0.7201068250618536
CC_DA31EC318B1F,0.056011263777072676
CC_DA33597C6459,0.16199433818769912
CC_DA43CFB5CC2F,0.20191778567554797
CC_DA481C72B8A4,0.2722723625184263
CC_DA55447636EB,0.04526595144938689
CC_DA5AE34842E3,0.07357323943211115
CC_DA6880B018AC,0.1643732954323801
CC_DA700A961616,0.15091387856977112
CC_DA7E65F1E6AA,0.07350531463153291
CC_DA80FAA7FE30,0.10571088606265443
CC_DA8DCCC1199D,0.3159201159755189
CC_DA8EA724C1D3,0.4113468014234464
CC_DA8FA65D1924,0.03519623455952192
CC_DA99D1E41C3E,0.05238336943382263
CC_DA9C3BEFD0B3,0.1832068423094082
CC_DAA3B7FE1C62,0.07218000203785466
CC_DAACE4211B34,0.16279269422894102
CC_DAD239E56638,0.7635891139945176
CC_DAD4BC090253,0.07582657989185573
CC_DAEDBA26BA12,0.3153316082111999
CC_DB1EB08EB40E,0.13973252716860124
CC_DB2314ED6960,0.07274471001129487
CC_DB25E05EC5CD,0.4373881109052864
CC_DB3BE0C87882,0.05365048604096062
CC_DB44628BC147,0.19164239080326384
CC_DB562E602BA8,0.11361211456691087
CC_DB61D7F5F8F2,0.684975282370084
CC_DB6498598C32,0.17622134864359182
CC_DB6B59FB6E30,0.04135510767819153
CC_DB801B947698,0.27724589264629085
CC_DBB8C467FF1D,0.11786820297750972
CC_DBCD21C2C322,0.07756561960917487
CC_DBDB148E45DD,0.09692304288462511
CC_DBDF9BFA7E87,0.08378352906937206
CC_DBF5CD2D854F,0.22317458995510397
CC_DC0077DE6E39,0.18509654169332324
CC_DC23159A1F99,0.06258712872800822
CC_DC2458827FD8,0.23611387364717645
CC_DC2BE35D58AC,0.24461844101417923
CC_DC49C8D3F7EC,0.5350770651893616
CC_DC5DE66826E9,0.10866829244828916
CC_DC6063FC6464,0.07238926150479225
CC_DC771AE1B4BA,0.6571831681091052
CC_DC7DEBC30E17,0.41842360352879115
CC_DC978F3A711F,0.6539102520921659
CC_DCA2140C7BC4,0.1936859326880636
CC_DCA5CE7C9DC3,0.16010028446859823
CC_DCB5798049B2,0.14432722481472932
CC_DCD10C95C942,0.5445324259659816
CC_DCD145E8E729,0.29647524452020096
CC_DCE0BFC03B86,0.04210340285332158
CC_DCE75AE2FB52,0.060765369750706205
CC_DCFCEEF21BA7,0.3592143855914905
CC_DD12A8C462FA,0.056667173318111955
CC_DD14867350AC,0.19200883407812194
CC_DD232BC8881D,0.194511216504408
CC_DD2473D34D68,0.21784552746766378
CC_DD2B5C4CD318,0.055798389145703106
CC_DD4EC06C3A92,0.26509962314911983
CC_DD5299DA8C1C,0.08446197704997058
CC_DD59BFF18ABC,0.16945135953442925
CC_DD6777E1B05C,0.04932386314954863
CC_DD6EE1501B89,0.09045848265720588
CC_DD78B52AE022,0.12797014750236135
CC_DD7983A07B43,0.6294566477617586
CC_DD80B5CC495F,0.09917205771380316
CC_DD8956B71825,0.6503048572405254
CC_DD8D40E7E2A9,0.09000868657717655
CC_DD9972D0B63E,0.12209753968024196
CC_DDAE70634ED3,0.0973384432650161
CC_DDB4A9FF2B03,0.100381410333789
CC_DDB68302DA2A,0.17540309035235546
CC_DDB9DEC9C037,0.08415251101479912
CC_DDC610D2B2F0,0.05768283128538444
CC_DDCAEC6BD9F0,0.1785227423122539
CC_DDDF665EBD93,0.2873371101826414
CC_DDE66EBF2157,0.0703606274539054
CC_DDE8B7E9C7F4,0.31124680578110486
CC_DE019FC36D28,0.3536262723236339
CC_DE07076B04D5,0.1550343586744056
CC_DE07AECD2361,0.03282491614196532
CC_DE08A4514010,0.5634338019561462
CC_DE093FAC5293,0.44983476409651246
CC_DE17BC1C2324,0.07690526486397649
CC_DE1B13B3E504,0.03515154255461127
CC_DE4264861B73,0.09376847211183799
CC_DE4810B88C51,0.2790558373384131
CC_DE4EE8A16896,0.1443342257063288
CC_DE523A2403BB,0.09541231612933848
CC_DE52860CFBBE,0.22744292653162312
CC_DE593193FB9C,0.1830796209696397
CC_DE5A9B499ED4,0.08758473305161724
CC_DE6AFFA63ABD,0.0752906944884017
CC_DE7CEC14CCD5,0.7202781025476386
CC_DE7D7B5BBB14,0.6509200843683509
CC_DE81AAB7BF48,0.06571699932991852
CC_DE8956D433E2,0.637433265898189
CC_DE8FB8D1CB71,0.3656067301615253
CC_DE90D07B269D,0.2001778105419933
CC_DE9A62529780,0.15015602019765584
CC_DEA425EA8441,0.12696648994075432
CC_DEBE01582EFF,0.19036636541064827
CC_DEBFD4E79A38,0.05731577713824691
CC_DEC97F13CB8C,0.19390110618628778
CC_DECF1507C86D,0.15596115141554345
CC_DED24C8D047A,0.10488360935529138
CC_DEF4AEBD31C8,0.19751783721515365
CC_DF062F698349,0.10446992465450061
CC_DF13D5CB626A,0.10966196659805619
CC_DF15C526CDC5,0.0457777775906056
CC_DF1F6C68F7D2,0.15494778135584286
CC_DF3EB88F509B,0.08692976118425329
CC_DF4E332C886F,0.025149213914933837
CC_DF514171DC30,0.1547601319561928
CC_DF536CEAE5C0,0.04895739555351894
CC_DF5806CC2CFF,0.12594534790423648
CC_DF715690EF20,0.20529272729667578
CC_DF718A37AF15,0.09352515534544362
CC_DF7276DD74AA,0.11165067140041826
CC_DF750B2D6872,0.2785421931137178
CC_DF9FB6670627,0.06308008578854354
CC_DFA65A0125D9,0.044246853046697995
CC_DFAE355359B8,0.18071654933701328
CC_DFEA562F7BCF,0.3183542299493647
CC_DFEDAF0F0D6E,0.039340195509326416
CC_DFF6F74C64B5,0.6506050733498423
CC_DFF87DF16763,0.10986367251958805
CC_E00D8ECE9FA9,0.13673909146016244
CC_E027E36615C0,0.5102528463286424
CC_E02E23CE49A8,0.08516218609483733
CC_E030B3AEBF19,0.13931502676480514
CC_E031A4C862C1,0.175001170612262
CC_E0339B331F4F,0.10555789557744978
CC_E038981B2FEE,0.12776502226633557
CC_E0463868968B,0.1538507906527495
CC_E05A8621B581,0.3143136679346099
CC_E07FB0312232,0.14777244056828118
CC_E088594E0624,0.2461320613027972
CC_E09AC3B1E534,0.09455674272060582
CC_E0AC29AFCF97,0.17461207315715788
CC_E0BAC6E0D0DA,0.08264317149836597
CC_E0DDDA07F0A1,0.17568118500949909
CC_E0DF45AB72B6,0.20913196632793057
CC_E0E1F8E7379E,0.11554227584228052
CC_E0EF095444A5,0.16981123477002197
CC_E102E4F7F8B4,0.2193857291425002
CC_E109B4CA6A8D,0.13503047536138785
CC_E11470A2D92C,0.40493259320820285
CC_E117B8A6ADC6,0.028451682195081766
CC_E128015073F3,0.06808770999921616
CC_E131D5EB9237,0.1961990470385043
CC_E14A24095E9F,0.10161857012414012
CC_E14CADF89123,0.5305216427750103
CC_E16876025011,0.052481639044188386
CC_E16C71C15D04,0.6852785299573116
CC_E16F1BB83653,0.05661141407384216
CC_E17448FB08EF,0.5335808104265072
CC_E17AAACEB07D,0.0833712688196574
CC_E1875522DC57,0.18860859263351779
CC_E18A0734641A,0.1089101473425261
CC_E18A22453843,0.06596622051914816
CC_E1B4E3360C0F,0.1816257312490764
CC_E1B5AE645169,0.05617775431488328
CC_E1B71F6B7DD2,0.3322018254388938
CC_E1D073F693A2,0.3095421512035928
CC_E1EA83C31C66,0.10148209077975344
CC_E1ECAE226485,0.25881175320450434
CC_E1F0C5076481,0.06954513214640545
CC_E1F78CE289D8,0.038288975181067705
CC_E1FBCECE0A54,0.24081227506525407
CC_E1FD46CA26D5,0.09561366057031857
CC_E20E7C7164A6,0.7019466052010367
CC_E211E2698C14,0.032775451325029584
CC_E21B4F587C45,0.1406390857304175
CC_E22A278A1386,0.06011247166159982
CC_E24078C03B7C,0.15013596685100547
CC_E2452737F950,0.15173476303864297
CC_E246119AA09C,0.5816154739292095
CC_E246942C7310,0.07640103869884725
CC_E2474A334F3D,0.09016452432301594
CC_E2489637D0E8,0.11999092254775272
CC_E2521AF9C2A2,0.07259344667295443
CC_E253F4AC4762,0.5795465473293454
CC_E257805D0F0A,0.1852689015513131
CC_E25A924EDB70,0.09657334910576527
CC_E25B5D5502AD,0.10470239197775898
CC_E2619E24BEDD,0.68496757363282
CC_E274DAF3C064,0.07450555649023301
CC_E2787CBDFBF1,0.14241506352654543
CC_E28AE2E68BB7,0.6609360231486894
CC_E2C3E272D059,0.22769087379336037
CC_E2D653061523,0.43461777496424325
CC_E2ECDC7D23EE,0.13646238681868436
CC_E2F0E725C3AB,0.06437001432815458
CC_E2F7712CD056,0.1914462768059053
CC_E2FD7FCF0AD5,0.7956188469866526
CC_E308C7DFB2F2,0.12825871752473744
CC_E30B791D5F11,0.21333098765294028
CC_E315F7A94400,0.3465505801554202
CC_E31DAB1E73F5,0.05036375824856641
CC_E32034C97E83,0.2272548137009776
CC_E32DBED5EAC1,0.25542442864153275
CC_E32DDDDEE3CB,0.22871180598737645
CC_E343EC3EB052,0.6719875380013784
CC_E34A04E78D60,0.13007314190813035
CC_E3503B565AD0,0.27378253534207025
CC_E356B05ADD56,0.20271915059325607
CC_E35D02BE6780,0.01954156827401821
CC_E369AAECB2B1,0.49723777058218865
CC_E36ACDB4F96F,0.43376576576259573
CC_E36C7F0E1657,0.8196283777715967
CC_E381FD4674D5,0.03259546835375075
CC_E38E3835121E,0.0437699757699898
CC_E3A70438A0C1,0.2756272066622131
CC_E3B5C76189F3,0.2461052995376507
CC_E3B7B7E57889,0.19324391703130653
CC_E3CCC0D886D9,0.21597052090700103
CC_E3DD8AD10171,0.34429984500806365
CC_E3E230CF20A1,0.2108856612242649
CC_E3E4B2543CCB,0.07394007405090565
CC_E3E5DF01E014,0.17391181301639236
CC_E3EB157288A2,0.0823954589017494
CC_E3FBDA203EDF,0.1672282684640776
CC_E404FCA6CB2B,0.6822074193914898
CC_E4054F9C8442,0.2848958008543765
CC_E405D808772F,0.04043111021875498
CC_E4137B250609,0.4381926801577618
CC_E41482A7E968,0.05671716332898585
CC_E421FA1874F4,0.10971952608044996
CC_E42C38BBBD04,0.17016335746473094
CC_E42D90BFB285,0.04170319800793214
CC_E42EFC05C891,0.08741617080575542
CC_E430F3C75969,0.10148576266219693
CC_E4576D6B6478,0.11398657360502963
CC_E46B27A13728,0.40723111706685305
CC_E4783FB590D4,0.17287457448917062
CC_E489009C6500,0.1509125949218146
CC_E493CB46177D,0.08910981929236905
CC_E496AFA9B40A,0.3457644965133193
CC_E4A2FFE0EE1F,0.11439178763539969
CC_E4C553538385,0.3265989169966166
CC_E4C7B5501ED1,0.12845402315903331
CC_E4C8A5A60F51,0.17889076809025095
CC_E4C94AB69214,0.38211217664781455
CC_E4D75244E8B8,0.1969197038399367
CC_E4D9A8EEDBAE,0.21032100925157599
CC_E4DF787730AA,0.1419331247452229
CC_E4E0DC070132,0.17068352460465827
CC_E4E3C08B7F86,0.05034682520834673
CC_E4FEEB4389C9,0.31856356764752625
CC_E50598344DD9,0.4138977700124101
CC_E50C634A9A18,0.029004350910962713
CC_E5107337FDD7,0.04129529241564017
CC_E511BFCFEC9E,0.691723018754445
CC_E51318749E09,0.1247518254699187
CC_E53FE6708AD9,0.6889489026003484
CC_E54290FEA34D,0.10424684931933903
CC_E54B723C018B,0.037213461602585964
CC_E554618F383B,0.10871161944630477
CC_E557336955A2,0.12429875421987974
CC_E55B48E73651,0.2150022559643145
CC_E55D8DC645B9,0.05622893426482107
CC_E575DA02C575,0.25391679679670826
CC_E576BD98A727,0.21320791125680216
CC_E578DC77656B,0.12865552395225016
CC_E57F3EAFD9A3,0.14515502950969172
CC_E59A01603B7D,0.30782702816999347
CC_E59B2D974CB3,0.18054997889512656
CC_E5A1C44F0F07,0.5965078862273299
CC_E5A8BDF6BFC1,0.167463744880802
CC_E5B284DA0E5D,0.08376712555855054
CC_E5B8363BB378,0.611039788670853
CC_E5D8BFFA5F88,0.06327522842864114
CC_E5DA04902EFD,0.3345122170817413
CC_E5F53CFC20EC,0.0882966731760711
CC_E5FAECE63C59,0.5304024925441386
CC_E5FB6E872C58,0.07786744998525179
CC_E6045565E7ED,0.0900987346999706
CC_E60845ADC7F1,0.037331848439778055
CC_E61567D6B392,0.11691363639325175
CC_E62174AFA94C,0.13158333272006803
CC_E6247DD14641,0.09402608379161678
CC_E6289A61F0ED,0.0766274079530456
CC_E62E32FB6FBB,0.027261687678156794
CC_E62F6BE942DC,0.2568569313901891
CC_E63E49B128AE,0.08363268672690448
CC_E63F89885A3E,0.7709368128116258
CC_E6466E6A92CB,0.22906859993862289
CC_E64BC95F8B2A,0.8328363650397679
CC_E64C652BBAB2,0.08598807666690364
CC_E659DB355476,0.1737446530743599
CC_E65C8BA5A7CE,0.0633714273531341
CC_E65F39446752,0.36605636688608695
CC_E67395791589,0.1845315347535355
CC_E67622A69EEF,0.08381311840577275
CC_E680830CAEF3,0.054797971529000025
CC_E6823643AC4C,0.6621577330985837
CC_E683F33931BB,0.12007316226715198
CC_E68841DEB163,0.07058747935373078
CC_E68B2C33D180,0.15235076433121847
CC_E68EE6EC2618,0.03987650956106987
CC_E69508D3D3F1,0.24512189503538218
CC_E698F1348426,0.20859519151108247
CC_E6A178F3709D,0.12098988905356683
CC_E6A4B6E8619C,0.6645184911145446
CC_E6B3887C66BB,0.29570514640096635
CC_E6B6BBBDBEDB,0.32442161743724746
CC_E6DBD0F9DC3B,0.06747010520908027
CC_E6F090F70DDD,0.35834563173197187
CC_E6F2D8CB45C6,0.11261711914223238
CC_E6F8FBEDA2A7,0.07082166099393844
CC_E70854CDFE9C,0.0550373250977967
CC_E71C05F07F85,0.06050319182875636
CC_E72797CABC60,0.0799304382524755
CC_E727C1153226,0.08988398344926805
CC_E73489D828C7,0.1193512783878679
CC_E7355465CE6A,0.07084184560756716
CC_E73CDBC743FF,0.21225878664251524
CC_E74F00E75A4F,0.057971782681939414
CC_E751F7E19192,0.16208032594767557
CC_E7522AD6431A,0.5432061387712961
CC_E7523630D2D9,0.27064228222373254
CC_E767372DD95A,0.5936273439973528
CC_E76C5DFD3BA6,0.1946151084772355
CC_E77326438575,0.21489420136081389
CC_E77E29E11EB1,0.16578764976698449
CC_E78F20B3223F,0.6940886960686882
CC_E79A23E64518,0.10375715845326418
CC_E7AC69AEA182,0.7474971508974084
CC_E7B754CA9668,0.04752076805309536
CC_E7BA60365AE8,0.16607804401188092
CC_E7C95D4A741C,0.06614742873328264
CC_E7D3D728EC5B,0.1825859068292412
CC_E7E4D5F851D3,0.06983494238644511
CC_E7EA49D37B64,0.3551687917614332
CC_E7EF11A24F73,0.7786107144602925
CC_E7F6F9A7EC65,0.07511604442749417
CC_E7FBC7F69DBB,0.2190287690600526
CC_E80B1A55A74D,0.19108636799786102
CC_E824AB0AFDBB,0.20604623825672788
CC_E826DAC92D9D,0.26001415770632574
CC_E83AB7100D06,0.13937956893031114
CC_E83E6D31EC76,0.23896376111780449
CC_E86650461FBE,0.17259256088587052
CC_E868A3754B11,0.8282594898732273
CC_E86A993F7D05,0.08555904736404571
CC_E87992FBEE80,0.6333875084208941
CC_E87B909C4DDD,0.2095301830449981
CC_E8828BA7EE08,0.12340724567456196
CC_E886157F6FBD,0.3357371924218888
CC_E88711C5C98E,0.12316091359206972
CC_E887680BB6CC,0.19238367937302525
CC_E8909BF77D8D,0.10840699512612526
CC_E8A82DA3A246,0.1659102473363498
CC_E8AC7545DBD3,0.08265924058152942
CC_E8BA6B224C3E,0.10995576206592303
CC_E8C6CA45BF72,0.1790391969411729
CC_E8D2E3126A8F,0.6725132451042953
CC_E8E55DAC4FF9,0.04659039211449705
CC_E8EB77AF3F78,0.8315060294142658
CC_E8F2C6905503,0.3691725451757268
CC_E90831F897A9,0.19207410653846776
CC_E90B14D51185,0.5541322222414472
CC_E9188329C9E7,0.08255586690859106
CC_E91E1C0C0C61,0.6173215682384408
CC_E91E9D34C5F3,0.11681748982664383
CC_E91F555DBA96,0.1337628558785051
CC_E932CFF4B4A4,0.24586222169950678
CC_E93643CB34CA,0.16413094520721733
CC_E937CA493910,0.14776296739205835
CC_E9409A50B4BF,0.5333953271108092
CC_E96711AD5512,0.05510262758964493
CC_E96A3E6912B4,0.4975844699830869
CC_E98AEE74B9BC,0.19480257052427757
CC_E992FB78BC2D,0.25645095782092336
CC_E9A3AECEE3A9,0.07117910662073434
CC_E9BDA7766728,0.3027873689853843
CC_E9BF1AFE86C3,0.2125507126528048
CC_E9CA055AD1A3,0.09802783673607712
CC_E9CA0A56E917,0.2231448947780157
CC_E9D3453F53AC,0.6296340577494264
CC_E9D46EFFA839,0.1985541300290409
CC_E9ED872B6037,0.03636377648220869
CC_E9F40C1B559E,0.10737718401856813
CC_EA06928C0AA9,0.2558282566756073
CC_EA0A46F64C80,0.08803605274542972
CC_EA114B15FC04,0.5276153850834179
CC_EA1F3F67BA2E,0.08941871308246316
CC_EA21618614D1,0.6549269008853632
CC_EA26B5A89181,0.19985466711350774
CC_EA26C6C27662,0.18252601356663317
CC_EA3B5AC76649,0.19531648480769265
CC_EA4E669C8528,0.08287869991675095
CC_EA6917E7A5C2,0.674838828927292
CC_EA8A25862433,0.14541533944696924
CC_EA901D7CA670,0.16408082734096102
CC_EAA2BCE323EE,0.7236145990419622
CC_EAA6D5189190,0.10317523845565754
CC_EAAA8DD7FAAF,0.15390282838074393
CC_EAB7408CCE0E,0.2968744184014727
CC_EABEDB3C4827,0.13611350446444948
CC_EAC6D83D1BFC,0.03223625504180204
CC_EAD7F3E9DAD1,0.06473012604996595
CC_EADC7D8196C2,0.3154961553828861
CC_EAE608E24E29,0.03764891531120053
CC_EB05AD2C7C27,0.030405786565253883
CC_EB1DA337E2D1,0.14493476564470953
CC_EB1F425EC937,0.11923118926290249
CC_EB2FE764BF6D,0.12229168743923419
CC_EB55483587DE,0.10519391050179802
CC_EB569B3E2E12,0.6195609198484119
CC_EB57E6E6C96C,0.21542460532727517
CC_EB5A0FE0605C,0.1528196136501323
CC_EB64EC97D01D,0.11966733287128907
CC_EB691249B91A,0.18654859887227593
CC_EB7C50A7D4C1,0.5130820512111716
CC_EB7C52FDBEC3,0.1330865232778313
CC_EB86FED24535,0.2790819527109317
CC_EB89DECC2021,0.09902924779003533
CC_EB999F9D6095,0.18984579617588387
CC_EBA2F85924CE,0.06669654561574709
CC_EBAC5A53FD11,0.09681204884076217
CC_EBB109EF7619,0.18065099061434112
CC_EBBD00C18763,0.03937175780761766
CC_EBCA68C7854D,0.07196268333447563
CC_EBCBDE122879,0.1567173184819951
CC_EBDF6C88BBA5,0.06493286257446823
CC_EBEDAC91ED43,0.1033088070535864
CC_EBEEC4183FDE,0.04580492884301357
CC_EBFD9D007253,0.46940543957007774
CC_EC1ABC58E09A,0.1677397479499773
CC_EC26EABA68DC,0.7977059483442396
CC_EC2A485A3E71,0.18249059022658937
CC_EC3B9E2FE47B,0.09675565631206776
CC_EC505F03EE5F,0.029075402067050837
CC_EC5317EC6706,0.19420545456451882
CC_EC5B7FBD1EA7,0.14101229678500185
CC_EC5C7471FFC5,0.05154073906137514
CC_EC5D92B3617B,0.19782096428857188
CC_EC5E214BFED0,0.6538621901961186
CC_EC6406527201,0.10646979910534973
CC_EC79022358C6,0.32914543344378433
CC_EC831A90189F,0.09817358747961148
CC_EC87C131FADC,0.053521605235059375
CC_EC88785D6F39,0.20281782239972926
CC_EC9173F5284E,0.03211576665135359
CC_ECB7B3B6272E,0.05687153046738308
CC_ECBF4CED56D1,0.11808896559382526
CC_ECBF80B94EAE,0.7792748095374135
CC_ECC78B7AE3F1,0.5968713788675082
CC_ECC7E9E691F5,0.17271880153670183
CC_ECC9235F612E,0.25321976605518587
CC_ECCB0BD557DC,0.16910187789242284
CC_ECCCB1B4EA8F,0.09069271059334785
CC_ECDDF4983DD9,0.04737972347970877
CC_ECEE93C4F564,0.5950823355369963
CC_ED07BD8B2CB3,0.05552601386896857
CC_ED0F4A02A01C,0.2465714418548119
CC_ED11D72A1D3B,0.06862568497522745
CC_ED165FC5A06F,0.05219658508322152
CC_ED2B6A40ABC7,0.28088358692886034
CC_ED390F22A931,0.09633488388673278
CC_ED40E7CE5177,0.1988677109061296
CC_ED4E4B13DB1A,0.04244584092922875
CC_ED4F22572419,0.15765802228996323
CC_ED5AE5CB1DC5,0.06145054293561426
CC_ED6090A4E6E4,0.2421509294065955
CC_ED645D91E6A5,0.11035279146123135
CC_ED6B045B6075,0.18384079701499545
CC_ED9313C71C57,0.1611685394900685
CC_ED9BCE7C776F,0.7372922393127324
CC_ED9D4644716C,0.16462557457194626
CC_EDA794402358,0.24930908022106438
CC_EDAADACD4DED,0.1301373317149388
CC_EDBAD2E989FB,0.13625650626995675
CC_EDC98B474E76,0.2682889848189944
CC_EDD1FD49A66A,0.7630604586849197
CC_EDD448008C0C,0.6825308132314656
CC_EDDA3B790095,0.06346081956376712
CC_EDF95BF0E3D6,0.16446285497945187
CC_EE03D7C2BC69,0.07360097088508386
CC_EE0D95184E81,0.042580523824643945
CC_EE0FF690C214,0.4253521487961674
CC_EE2412C352D5,0.08707628901329081
CC_EE2A010019CF,0.0580293501516454
CC_EE2AC730827E,0.05815676354134465
CC_EE3236E6A9FD,0.10793840598089874
CC_EE3759EA49FF,0.17020300390629722
CC_EE38C78AD88B,0.4127036399509867
CC_EE3CE0FD6B77,0.5799267042289944
CC_EE6B7E58FC63,0.04061342156133567
CC_EE6E02464067,0.31103331484228547
CC_EE6E1FA7A753,0.13709153219301803
CC_EE6FCE6C233A,0.20754712520197693
CC_EE88C07B9333,0.091330078175902
CC_EE9004165810,0.07309517857391784
CC_EE9BD17AD343,0.05166235325450788
CC_EEA608D5A455,0.15133879090858926
CC_EEAFDB1BB486,0.5436432854664566
CC_EEB482736C41,0.2146028425080662
CC_EEBD9DA093E1,0.044568959920838175
CC_EEF23DDD2262,0.12343252038106892
CC_EEFBDC9AD94A,0.07654747928634505
CC_EF05000895F4,0.49893382543735676
CC_EF16B2CE0988,0.37340084698910914
CC_EF1DD3F0CBDF,0.056128278530140525
CC_EF2D82085BB9,0.09828677224110037
CC_EF2DBE79D656,0.2487240311761479
CC_EF3000C48A4C,0.07361872497101624
CC_EF359AF608EA,0.03307962278628777
CC_EF362432D758,0.3486948448220002
CC_EF548B30F1B6,0.21903615088696193
CC_EF5B403DFD7E,0.09925147332267897
CC_EF66DA0DDF9C,0.263736811665655
CC_EF70BA4AEEC4,0.16458883158494264
CC_EF83DD56FCC5,0.07378293071733634
CC_EF8B642A6F8D,0.06842796659380246
CC_EFA1EB27DA19,0.039028991332873596
CC_EFAE84EA9BDE,0.07228614098591413
CC_EFB26BEA106E,0.3436768533195186
CC_EFBB51CD8502,0.2618238283631477
CC_EFC18E9B3B55,0.1200256597821884
CC_EFC4B0020E2D,0.13262622632260046
CC_EFC9FA5108D9,0.1483081480577965
CC_EFE45D9B9D9C,0.051192103473451045
CC_EFF27FA98DF1,0.06910100951189009
CC_F000DA497736,0.24800646353286349
CC_F00107DE219E,0.6805173384591487
CC_F009FC54A64B,0.7638184060234114
CC_F01DF28C6BFF,0.09046758124277639
CC_F037C91F63BF,0.12404127455742542
CC_F03FADA95A03,0.7337851077892872
CC_F05235F3C894,0.10221258086148302
CC_F0649FEBFEB8,0.4802129748510825
CC_F066C78B5C0D,0.13735605857630595
CC_F07313626618,0.6179822853959778
CC_F0783F6A56F5,0.7663703454120525
CC_F0791523691A,0.14781003567345247
CC_F080750455CE,0.06066062517485658
CC_F0809EBB0B51,0.025082886343611013
CC_F08259F86E23,0.17453562528778557
CC_F0929F859702,0.18503339864185467
CC_F0A7203CCA39,0.1651011852840051
CC_F0CD4DD9C63C,0.1308450576106868
CC_F0D29AD328E5,0.1529830557245564
CC_F0D339E5B80C,0.0545051368735015
CC_F0D3BC14FA77,0.07850241066850167
CC_F0E16D28D49D,0.1732689453564992
CC_F0EBE2C00A7B,0.052924489467933794
CC_F0F137758DC2,0.057237135229328086
CC_F0F6BD40CA43,0.3097592420929629
CC_F0F6FCF6010F,0.17311916345434988
CC_F0FBC9D4ECA1,0.029366353469847367
CC_F0FEE924096C,0.2767461311720741
CC_F1074E035DE6,0.04943465436555615
CC_F108D26930FF,0.3848707915312035
CC_F10DB853B9DF,0.41913904277329384
CC_F10E06D52D76,0.13615324112841554
CC_F11F5F477B91,0.6225341662216666
CC_F14913B5BE1B,0.7487997557232693
CC_F156C1647E3D,0.07760184659975862
CC_F1598097E314,0.6874003456011882
CC_F1641E3AAB3C,0.051513552857684865
CC_F166878FB959,0.0542199899470421
CC_F17540FE7C9F,0.12150361997028072
CC_F175BB08B29E,0.04857657621479538
CC_F1782AF286D0,0.37308404043980736
CC_F1796AD4B774,0.5682004368517517
CC_F17B3A3A5E56,0.6268871663221945
CC_F1858D6F0080,0.15653290240389242
CC_F18689FA8E29,0.07163750135543048
CC_F18A82B0F153,0.13784100156021495
CC_F1AE7142A128,0.11422406433797916
CC_F1B43DD57C9C,0.12034362404990057
CC_F1BCB7676492,0.07958802319624113
CC_F1C8B8BB90AE,0.13175065085879112
CC_F1E044CD2D75,0.2513060555935195
CC_F1FCB96B5E14,0.2670994337755265
CC_F2067E92A939,0.14792857435810924
CC_F21512554CC9,0.0713444410256634
CC_F243956B7575,0.08580803178582393
CC_F24FBC9FD3F7,0.3223456659926474
CC_F252EB3F208B,0.0967397657846453
CC_F25D793346CA,0.4049090053067621
CC_F25EB1ED5AD9,0.05447178732740894
CC_F265A0AE845F,0.7123804679910442
CC_F274BB4AEBE0,0.05583681361747868
CC_F28BF2185131,0.10381699242053238
CC_F29077E45AF0,0.22408605537165635
CC_F2988560CAB8,0.36477439199944717
CC_F2993AB36C56,0.0803444770591954
CC_F29D6C65779E,0.06434106437170506
CC_F2D2BADD0000,0.06247938476475606
CC_F2E4AEB73D57,0.1094964804552146
CC_F2E630BAF431,0.04814723784987795
CC_F2EFCB40AE74,0.16588316932229194
CC_F2F085891915,0.7158248200612479
CC_F3030E2C80A0,0.20936376767845777
CC_F3044C7C16BB,0.05784341453543986
CC_F30B21CB4603,0.09965014367337593
CC_F3140FCE870A,0.08373964486318362
CC_F32A84B321FC,0.2003968487674347
CC_F339FF584607,0.312839365952313
CC_F33CEE0F6DBE,0.4299424342963764
CC_F33DAF3E9CF0,0.11807441197105625
CC_F34EC3FF202F,0.07818884018213057
CC_F35A6C383B39,0.17779013532182197
CC_F360E0FF27CA,0.06661339880974873
CC_F36B7AEC0086,0.10880184592616757
CC_F370665BECB8,0.5642897269830373
CC_F373A60E53E8,0.03157867524927489
CC_F373BDAE18B2,0.07716880233693413
CC_F3745BC63340,0.0707463490876224
CC_F37DC9169301,0.14525005192577534
CC_F394E57C5243,0.22817297898647415
CC_F39E98FD418D,0.07941102327761296
CC_F39F51452381,0.036534685804088654
CC_F3A52465664E,0.05512889402456664
CC_F3A8CF761A0F,0.2235536982050913
CC_F3BF1709E29A,0.45076139369941953
CC_F3BF72C29211,0.08098622705476236
CC_F3CF35465CF1,0.0419719441921875
CC_F3E2186DBD4F,0.28362546188467397
CC_F3F0F9B9B56E,0.15989040736961413
CC_F3F185395BE1,0.15095828238951287
CC_F3F68E6599E7,0.07079905822566117
CC_F3F7763C9DFE,0.18632477953042892
CC_F3FFF13592CE,0.06391338896851925
CC_F410C3CE89E1,0.1800528196361326
CC_F410C8B811FE,0.06682829130075231
CC_F4132072D78E,0.11820285007440545
CC_F4157B8E5B32,0.5486095062588366
CC_F41CF067E828,0.117189005745101
CC_F41DC456E539,0.03350071530690952
CC_F41EEF55A0EC,0.044700450446803375
CC_F426B5C1F07D,0.34520818490081895
CC_F437875F9000,0.20559469201251718
CC_F43C961F8A30,0.1363630513870207
CC_F43D9BF23472,0.05269528296772279
CC_F444BE033109,0.14424763237933358
CC_F4481124F17A,0.15456307089441204
CC_F44EAAF80F70,0.1402964564799204
CC_F4521F6D3492,0.5358293986394709
CC_F46BD9AB1B68,0.14323756365084672
CC_F4763AA0B824,0.5310911661331301
CC_F47976F33E20,0.21202126202445545
CC_F47E588D4470,0.18388087408064008
CC_F4A2777912C2,0.12458863791317631
CC_F4A6C2B23685,0.054255152373723366
CC_F4B3EAEEEA8B,0.03830644958960963
CC_F4C6CD1E720C,0.0775143912394111
CC_F4D05DA98C83,0.05125172293368839
CC_F4D15889CDE0,0.14585779685122158
CC_F4DEC1E6173D,0.03308333753546805
CC_F4EFAD6AF8BD,0.29398124636629386
CC_F4F7835A1FA2,0.22876539574532107
CC_F500597795FB,0.1450714143592518
CC_F5197FA9580F,0.6692237193352825
CC_F5240F59146F,0.07449505648206253
CC_F534A0B87C3B,0.15367032717770418
CC_F536972BFE98,0.12919392289068424
CC_F54FDFE5A5C8,0.09296338315498474
CC_F55727F65F86,0.20755245241551473
CC_F558EBDCDD6D,0.12704382365575706
CC_F56D569AC51F,0.09611200748506438
CC_F5714D180EE1,0.1225052149795936
CC_F576ED9554AD,0.3497820037400268
CC_F57C2559358E,0.2097058047090533
CC_F5AA72FC0972,0.09234092867941995
CC_F5AE7DEA2B48,0.07239122704482781
CC_F5C6A5E9D495,0.1601707405826147
CC_F5E0731F2181,0.24516822593779786
CC_F5F4F3B03FE8,0.725169641495033
CC_F604D7B9CBD9,0.18431316872295056
CC_F60F13391D61,0.16641785595474612
CC_F618D72DF162,0.0721946294014879
CC_F620B15ACC5D,0.07396890838217077
CC_F62D426D6614,0.14041434150108612
CC_F634999D5C1D,0.024635222768318813
CC_F636E5BAEE47,0.16893547677564152
CC_F6461B692240,0.7197514254772435
CC_F65BAD63AED0,0.1802983020775052
CC_F65DD2AC57E8,0.27887806077739885
CC_F66C6577674C,0.05259251643257852
CC_F670896FE959,0.18061722236424715
CC_F67376F272EA,0.6914805288052571
CC_F67FFE9E884E,0.2920205597527914
CC_F683C99F06C1,0.16889756779121157
CC_F68523E2CE7A,0.7503057437558709
CC_F68E62F9AA0F,0.02517030623292265
CC_F69604E05962,0.08419340551721147
CC_F6B8913740B3,0.10015026969064302
CC_F6BB4952DD35,0.3275916268008904
CC_F6C0B7AC57B5,0.6053438321808111
CC_F6D2B06E6E8B,0.5946362809685636
CC_F6EB30A84C9F,0.2777093507179992
CC_F70345A4792A,0.11784534503324492
CC_F7068C1F77B3,0.34492542077386135
CC_F70B0EA8C0E7,0.05664782115942326
CC_F71CC97FCE83,0.10533015540540394
CC_F722224A84F4,0.6438252696874243
CC_F72D1046063A,0.22563374088176336
CC_F72DAB32A281,0.04877567502277061
CC_F733AA5C0ED9,0.0646578130081539
CC_F74043C1BBEB,0.06168565204428579
CC_F74A31E36137,0.06255578358012175
CC_F756B167634F,0.1749817555947354
CC_F75CBE8E1B92,0.476290169319376
CC_F761F7EEAD39,0.1491282360588724
CC_F79303D62FCD,0.0773314888406948
CC_F795134B52E6,0.6303593884930121
CC_F79533E83ECA,0.09427546469096197
CC_F79F9A7ED432,0.7535352663196744
CC_F7B2FC73E020,0.04059366729368385
CC_F7CF24594B20,0.05494532819386601
CC_F7D31937AA89,0.04304737974777324
CC_F7EFD378035D,0.40886624755040707
CC_F8014B1E00D6,0.040710342430723384
CC_F80ADE95A7C8,0.04963907647468463
CC_F82E58E476A9,0.1000796460417866
CC_F82EB123CC19,0.16297660443382603
CC_F83088660331,0.11404990604717496
CC_F83C6DF6A815,0.5697136687628945
CC_F8620C4F7581,0.16342184803452253
CC_F869F4DA5077,0.7598086641242634
CC_F86B1C53EAF4,0.1830407893011307
CC_F87B7F26FF51,0.24096939501192888
CC_F8803D1C899B,0.049249583207253034
CC_F892E51AC9DD,0.038983564442098204
CC_F89C185743F0,0.10377787570539973
CC_F8A4D45C3769,0.09531617531509572
CC_F8AD68EA5A16,0.20827375087493954
CC_F8B4DBD0CE8A,0.3564996688103435
CC_F8F3E551F166,0.27261635830710185
CC_F8F9FE2C9B65,0.25276367154035395
CC_F912A50D0DD1,0.17142835382220414
CC_F91B7C2B1AFD,0.11738199835952237
CC_F925251D4BF0,0.36839579333966876
CC_F925ADD60E7B,0.037515475823918065
CC_F9282C144479,0.0627488742459208
CC_F92EE3287CC8,0.08257471702120628
CC_F93332608FE1,0.1785371055366598
CC_F94070DE3B81,0.055810760754582224
CC_F94C81428D20,0.2022625008044263
CC_F95DFFDA9B12,0.3932953123463784
CC_F96A53B02447,0.6137255223017013
CC_F96A965CDCB0,0.6477630609740908
CC_F9721FEDBE9E,0.1933730057542304
CC_F97C3E145882,0.25280245180096644
CC_F97C64C64052,0.07927298809563958
CC_F98660A07E6A,0.7910973696431032
CC_F98BA4B13724,0.07770513620243649
CC_F9A3F3A76B1A,0.14677024319275062
CC_F9A8E2B3A703,0.1274179006518732
CC_F9B3E7E7F2A9,0.42179149809225436
CC_F9D7D0B1E4A8,0.6769230559320669
CC_F9EDA4EDDD44,0.053729992895879854
CC_F9F2176B12FE,0.04945940332809178
CC_F9F90E76CA5B,0.09120773894800384
CC_FA0157249C01,0.11117983705582621
CC_FA169BCA835F,0.06438245063369083
CC_FA19B61BCABB,0.12978632141285468
CC_FA1DD203C293,0.25184025486097683
CC_FA2E30269BC1,0.18823472481329745
CC_FA304CE8E045,0.20116329055734905
CC_FA310759A257,0.6471128687622326
CC_FA32397E7B8C,0.09008256151562792
CC_FA33D97B84D4,0.10017578023895962
CC_FA38991B9434,0.024490573491330235
CC_FA4079FFF1E5,0.21197550847175525
CC_FA716665CD8F,0.07192772637179143
CC_FA770268B207,0.18941219603072862
CC_FA7A2F59245B,0.46034301500701513
CC_FA8205104EBF,0.11915839557107041
CC_FA8370AF8740,0.051999739052549745
CC_FA858F1025FF,0.12354260557476592
CC_FA86320CF6B0,0.04876288651814363
CC_FA8B341CD3EA,0.20305111380946006
CC_FA9057AAF95B,0.09298049312722272
CC_FA97314C666C,0.05464838634974545
CC_FA974C1D91AD,0.3671186814505288
CC_FAA0E5BC9F44,0.6848984951800084
CC_FAA2694D8578,0.27469928510090474
CC_FAAFFC74BC35,0.6740119794355073
CC_FABA6DCF8E45,0.036537391458850745
CC_FABC53294AC1,0.16969833300000464
CC_FAC52B8E66DA,0.115620364847468
CC_FAD284D8DAC8,0.8281209489758865
CC_FAE70CA5999C,0.13569938215008281
CC_FAF1CCB40132,0.1057489467002089
CC_FAF93D8B3B59,0.06810133786824511
CC_FB09E5481B64,0.09247366221166026
CC_FB150A1F7C3B,0.12562110881802777
CC_FB1808471515,0.3836764834475418
CC_FB296D823CF6,0.07313586027045588
CC_FB301E1FA7FF,0.02845592443964123
CC_FB33C958A19E,0.42215677253735717
CC_FB40D63FC3D3,0.18735675943555202
CC_FB45A1837AD7,0.10259851529520442
CC_FB45B79CED15,0.10777256791037775
CC_FB52260232E3,0.06182414660138697
CC_FB6A0A7B8813,0.25590927970610194
CC_FB6ED10D82D2,0.10250950689623695
CC_FB78DE84AF05,0.035532101932009674
CC_FB8DF8F93E7F,0.18223246623701778
CC_FB8F89048B89,0.08573290497583108
CC_FB9C3E77A49E,0.11988497342228482
CC_FBA40CEAEA18,0.07794937913034797
CC_FBA998938FE5,0.176748893270831
CC_FBADBAFCD1B3,0.277603013907144
CC_FBCB85E21ADD,0.16883202572625056
CC_FBCD00EE4402,0.16403566209038686
CC_FBD40DFBA5D5,0.3188312210975215
CC_FBDECF3DACAE,0.23462285141503636
CC_FBE4E2F652EB,0.2146200388956208
CC_FBEA9510C687,0.25190917062799884
CC_FBED1E2E1CC0,0.15252383691218713
CC_FBF54E48EB13,0.06122452458679706
CC_FC1E279EF320,0.05365072796598444
CC_FC2E1D460089,0.1000263559735173
CC_FC31CBD20CDF,0.17256226882090558
CC_FC41D8134A1C,0.06956314889415857
CC_FC44D7EF257E,0.04793374106344044
CC_FC4A649BDD07,0.22059739774704412
CC_FC51BCDBB6B2,0.13077547748416618
CC_FC57B6E79AAC,0.20837149416371492
CC_FC6AA879D9CF,0.10843369447460346
CC_FC7A926F3A64,0.6404034615580865
CC_FC83CB9C71CD,0.031412359577053295
CC_FC9E6D511294,0.14557010945119608
CC_FCA657E69930,0.4080739310631697
CC_FCB451237214,0.7745902891123868
CC_FCC7E51DF812,0.5518836855513488
CC_FCD42ECC012B,0.04425031067283521
CC_FCE8FAEAAEF1,0.1090699216321805
CC_FCFAE9BE2522,0.43315132343962764
CC_FCFDB5DFE5D4,0.10300623244775771
CC_FD24FC7961A5,0.09243506397671955
CC_FD2793DCB5EF,0.1170246167764212
CC_FD2EEF724088,0.1252616374671191
CC_FD3205367675,0.08210258029726333
CC_FD3A21CDCA7C,0.11637962054047155
CC_FD3C4C2FB68C,0.1510746103677198
CC_FD41687DC1A0,0.16762705589484006
CC_FD44B4E31EFE,0.09620150205401506
CC_FD5721556AB7,0.06501195399599806
CC_FD643C174587,0.337552951006691
CC_FD6BFA30DD9E,0.2627179042898255
CC_FD7C9DD7F11B,0.13897494509485447
CC_FD7F2D90CF8C,0.05713195954457037
CC_FD8C4F601909,0.048293281904764174
CC_FD90B45AA24E,0.07839049063056534
CC_FD95457772AB,0.057356067522259434
CC_FD9D9B58DB1A,0.21349781479303787
CC_FDA918AEB5D6,0.6267845189230852
CC_FDD4C2065540,0.3346815859064818
CC_FDE57A2C5156,0.1785890985871895
CC_FDE9920975F6,0.253655737935906
CC_FDEC856F9C6D,0.061084225701161954
CC_FDEED2AA92A3,0.4429743766179518
CC_FDF5607ECC1B,0.045442227547298965
CC_FDFED3D7E70E,0.17299995793421546
CC_FE0324F99784,0.11945289027494349
CC_FE0A18D6570D,0.04294571063046436
CC_FE0DACAC84BC,0.24795498859368076
CC_FE16586C9FAB,0.27466575716955227
CC_FE16FBC86237,0.15687841041445333
CC_FE1C808C4515,0.05455995833366463
CC_FE1E64201B9F,0.10768482493854625
CC_FE33D60E29EB,0.029670998772665314
CC_FE3ACE674BEA,0.15565478527688276
CC_FE468E9AA9D9,0.024021613705876698
CC_FE5AA923C220,0.1638849090103523
CC_FE6C777DDC19,0.053538022886245686
CC_FE6DD8C8EC90,0.2573516878353134
CC_FE7A84AAA8F7,0.12038952762601735
CC_FE7DB6B410A4,0.1285926668891561
CC_FE8691B1F3D9,0.06843870859088547
CC_FE874279A94B,0.07722622630219675
CC_FEA61499305D,0.18672911112849078
CC_FEC22B334AC5,0.15875951124330254
CC_FF045F9508F2,0.18599969525062643
CC_FF0EFF711598,0.24821129667348468
CC_FF12F53D5676,0.04328293562974722
CC_FF13D426EC1C,0.16884403373915136
CC_FF16A7C8600F,0.21040205082573427
CC_FF2236DC115C,0.44807753093810243
CC_FF2725428B6F,0.07437967549297382
CC_FF3176D91690,0.11873416144978366
CC_FF393D295D66,0.045192665278432534
CC_FF4598202C5F,0.6423769502935399
CC_FF463A4B3D04,0.3301091126232476
CC_FF4703F7664E,0.04804638724794207
CC_FF86EC3C0851,0.48004260494407275
CC_FF8A580DD831,0.1624148588217429
CC_FF8BD8697ADE,0.12782296817802677
CC_FFA681A2054A,0.03947940167261277
CC_FFB6B2D2BB2A,0.36155015167492277
CC_FFBFA27643F8,0.13444197326288704
CC_FFC81CC80F9D,0.15034851246737851
CC_FFCC9C0763D4,0.1057780137188622
CC_FFD4E33DC920,0.5820545425583769
CC_FFDE11143038,0.058906214748360754
CC_FFEF28047C4F,0.3832247714902405
