client_id,prob_default
CC_0012A082B7B7,0.13884874290810925
CC_0012BC27DFB6,0.1413747130334068
CC_001563B2143D,0.11693719083263332
CC_001B46930B6F,0.09634990842358297
CC_001D771E1C9F,0.047909706253229704
CC_0028BD91E759,0.08509569307324893
CC_0029971D7EF4,0.24206643446339718
CC_002B8C00B239,0.03989974570708969
CC_0035DFA86185,0.756517032946337
CC_0042D11A6D0F,0.06402530896437524
CC_004D21A4ABB6,0.11579139587956616
CC_004EE05FC2EF,0.4766514780267715
CC_0050E546EDCE,0.7144665370952082
CC_005D7F31F785,0.06092996984741737
CC_0079996ED779,0.2071182772763716
CC_0082B4E1D9CE,0.03836784797678935
CC_00B01C73CEB8,0.16410227992130483
CC_00B74FFEEA53,0.18678112682480946
CC_00BF6791C18C,0.13190379439852606
CC_00C5E30B288C,0.32744788855057116
CC_00C68CE1CC12,0.3861037487586259
CC_00CC4148959F,0.1750412700460063
CC_00D428772D30,0.4136648356464507
CC_00D5806C7783,0.09695935362531707
CC_00D5C677C2AE,0.45392304413321294
CC_00DA781C4D66,0.0917925176233014
CC_00E7E2D6B548,0.21920725031731547
CC_012BC0A68DC1,0.07063017816857148
CC_014911033882,0.15680638547954986
CC_014F7EF4E595,0.6682019055151407
CC_016501B25F2B,0.05216697756668491
CC_016767D9B049,0.04100525817695828
CC_017598512EA2,0.11367169725004124
CC_01941532C804,0.17178498534940728
CC_01A66C6E22FF,0.7814551399679497
CC_01A684355200,0.1791975973546547
CC_01AC62740827,0.11581068620702988
CC_01B0EFE5DB79,0.31849204855621616
CC_01B876B2988F,0.21482968173820607
CC_01CBB64C1DB1,0.3763156027368759
CC_01DBD993A1FC,0.05109704276021022
CC_01DC49D55C2D,0.03583297903227625
CC_01EF18A3ADBC,0.5606365149505268
CC_020252D37557,0.1846201806564144
CC_020BCDBCA8CA,0.35432223610968216
CC_021A6DD97ED4,0.15370691919276086
CC_022054506F33,0.07050398428258094
CC_0225D6231EAA,0.06407157029234378
CC_024B524B0176,0.03320431363859505
CC_0256303A6DC0,0.23132241067916776
CC_02589E6E4714,0.057245224354198126
CC_025927626E10,0.7137107049519187
CC_0283023DB294,0.03177820775241431
CC_02903C6FC0C0,0.19223987778095225
CC_0296E572CF21,0.040819673723806675
CC_02999E509460,0.5783603777858008
CC_029E835D91BB,0.06370696065436762
CC_02A32EC3526B,0.07284251964509256
CC_02A393632CD3,0.2848855555738188
CC_02A3E21B28BC,0.7719914426154233
CC_02A4B4644529,0.09081461017874833
CC_02B43865B30E,0.053394207492806836
CC_02B5A1A178A2,0.16079604127697522
CC_02BC4785773C,0.2162364427647453
CC_02BEDD9627DD,0.672540538859143
CC_02CD2C1EFBB0,0.11085440509863984
CC_02D4430492D3,0.35926382020024505
CC_02F79A06858B,0.10401342970408685
CC_02FA254C9D43,0.043834436411979295
CC_03062402B4EE,0.06043904695797396
CC_03072CF2EC63,0.321033973546886
CC_0315369B079D,0.10231491193580805
CC_03199242A810,0.14661943030110097
CC_03214BA76DB4,0.22073120135019375
CC_032735A44CC6,0.05940192585596388
CC_0330340F2FE5,0.19599389267127382
CC_033236FAAFDB,0.1656707212701754
CC_0337298F948C,0.04347932849403355
CC_0341CAE5E2E8,0.22734314014476198
CC_03434E2371CD,0.35226009996145985
CC_03547AAB948A,0.21638549991378053
CC_0354D0453D8E,0.10541543065881581
CC_03592E51F427,0.8056078954658258
CC_0365DEB525A3,0.09841144971855652
CC_036782052BC9,0.34155064602931295
CC_036977A50F1A,0.126170100427394
CC_03720D08B8C2,0.2888936174095339
CC_038AE599BCA8,0.3320357695060525
CC_039E67CDFE1E,0.3469288407077927
CC_03AC962FC717,0.1784914742957544
CC_03B00DFA3A85,0.7762731287555471
CC_03BC6380E968,0.49710658521964723
CC_03BC730E0B02,0.026056885077584583
CC_03BD4F22DA3D,0.1315588315359652
CC_03C7E1EF6F69,0.7970623945631279
CC_03C9FA383477,0.09261931293169624
CC_03D1AAE90CA6,0.054193763545073964
CC_03DBB9598F39,0.13886148813398133
CC_03F18B43797C,0.09087255009151801
CC_03F80118E46D,0.05942991018667253
CC_0405E0151A6D,0.18610183584241208
CC_041FEE6C805E,0.35126506007363445
CC_042F88EE269B,0.2061951315150155
CC_043D98ED7F98,0.1834876020625963
CC_044C3537B769,0.16093245235084783
CC_045932C46685,0.1356018541754968
CC_04629624AA8D,0.19594171897255291
CC_04690B4A6AF1,0.25046216917298925
CC_046CF40369FB,0.12467672467924279
CC_046D6EC816AB,0.3796171238958208
CC_0475CD95EDC9,0.12270468136420835
CC_04796F06B82B,0.12807306332550164
CC_04AC7C1CE736,0.3189412091370373
CC_04AEDD051B96,0.32395138135452584
CC_04B42AD0E01A,0.34698726610132535
CC_04BBD1DB360C,0.30776007874338496
CC_04C767FFDA0F,0.5049852064925721
CC_04C7B819B9B9,0.07603951672988454
CC_04D127A775DE,0.08776028845149648
CC_04D9ED00053F,0.05952142670839396
CC_04E0EFC4F548,0.29819621439874344
CC_04E6848903E8,0.03149942744228863
CC_04F69D03ECE1,0.2608964786344934
CC_04FA1CFA1DEB,0.20599502939800268
CC_04FA6842AC62,0.030684553090504968
CC_0502F3791166,0.2796145776980118
CC_050B514E15FD,0.15189586776981281
CC_051ADBD6D835,0.10790072186776449
CC_051B4644216C,0.06036165368608168
CC_051C0A644DD3,0.025750029642699363
CC_051CBF566856,0.04177550367895304
CC_051EEA9AE819,0.1452549422060857
CC_0520E27BE904,0.1452721728301126
CC_05224448D290,0.11175408934330251
CC_0525DE4744C0,0.05104840351029406
CC_052F5CD81EFE,0.17520073673936845
CC_05368FAD2E6D,0.07335869421636898
CC_053788B82006,0.09248814034486968
CC_05471A48C6F5,0.15995123304336864
CC_056DBA1A87BA,0.07769407108295978
CC_05901F3E7A0D,0.15978987483180962
CC_05906BC8ED3F,0.14357842154884132
CC_059D55E32C78,0.08241217987088618
CC_05A12EF84A86,0.49658376336792887
CC_05A42D035609,0.14189500183132336
CC_05AD75A5CE38,0.047097223217280396
CC_05BBD4B92613,0.5488294905184209
CC_05C8EF6500D7,0.7712519382302419
CC_05DDB7B07497,0.08003374363962365
CC_05ECAE6E0774,0.23104733464550464
CC_05F11F14DF9E,0.3365372386911002
CC_05FA9192590F,0.15203101609699343
CC_05FD764FB154,0.7633244562872203
CC_0608DBB4DF03,0.24708371270133503
CC_06198383F6D4,0.10209749610980728
CC_06199EBE2B05,0.1862421419259635
CC_062A8881A331,0.0655848083318471
CC_062F74350907,0.046611647279767916
CC_0635AD30F004,0.7768450517710315
CC_0639F539946C,0.3016572659840382
CC_063DDB42CF5C,0.08114966911042139
CC_06405C00E240,0.2823689808796435
CC_064920FC9DAC,0.07172472779013894
CC_0650AB329174,0.7771607607033415
CC_066941B109B9,0.17862851534404053
CC_066AA16F5874,0.2928296104740793
CC_06732311FB8B,0.1674656179451675
CC_06780061F889,0.11377463105277981
CC_068A81B06B74,0.4789928860089725
CC_06A1C5FE269B,0.3185525222672163
CC_06AA7138DAF8,0.038452719632879565
CC_06C0DD0D066E,0.742977590533461
CC_06C97CFBD476,0.1337895928391558
CC_06D15F523C05,0.20622985849558348
CC_06D35787AD65,0.037312971490701875
CC_06DA375201A2,0.08447930181402599
CC_06DB455FF19B,0.6687186356728827
CC_06F3674E7313,0.45444670405386517
CC_070232DF9996,0.1103372797476225
CC_07141FA77DBF,0.09406013554307872
CC_0715F11CC8CA,0.2163237075926545
CC_07168A9C843C,0.19794031224307368
CC_072AB9F855DD,0.039420204231928525
CC_07337AF6AC2A,0.11835514079921759
CC_07434E4E5C28,0.07151284777573401
CC_074381358A2C,0.03483871225584076
CC_074E7CA75E8A,0.23244033025834723
CC_075D0C618BAB,0.22836455137864603
CC_075D804F7851,0.09258747517963375
CC_0765961D818F,0.43940606751194583
CC_07698F10563E,0.06190373534453309
CC_0773B9BA9E18,0.30941210585773904
CC_0784ABDA7F8C,0.17884034102820645
CC_0790C9F9EC9C,0.08226990643336143
CC_07A996E6CA6C,0.27998241057822043
CC_07B588ED677A,0.15231267998935177
CC_07B730FD7F82,0.16840846544896776
CC_07BE6961D039,0.07269765846032988
CC_07D23A6BAF5C,0.1377426984371708
CC_07E08196A3DB,0.05362404890832978
CC_07E4850039B3,0.0970857373023879
CC_07FAAF8B2D23,0.04686191298988928
CC_07FB3FD9BE0B,0.12330056111970658
CC_080CB94A724F,0.3010947592182
CC_0837C56711FE,0.09637191443238334
CC_084100A049EE,0.050783927848448235
CC_084113D0951B,0.30625407874140953
CC_0843DDCDD601,0.6549200577112398
CC_0846C14EAAFE,0.06279417428524449
CC_085091ADED2C,0.229779775802757
CC_087943B4A5D2,0.1520966240513212
CC_08A97B98C405,0.1669971726063568
CC_08AA321BC4AD,0.17460221791407549
CC_08AA44ECBDD5,0.0637064964202937
CC_08AE2EE9D798,0.18468015677727365
CC_08B149462891,0.1780094346890928
CC_08C71A8D2D58,0.04450414310187421
CC_08D645F7B257,0.04964797284300566
CC_08D80BF0B273,0.05207070182116947
CC_08F52B1BE431,0.2677293038842763
CC_0903571AC7E7,0.15326725353195148
CC_090D528C09D0,0.44613494488530847
CC_09106BA6CFC9,0.0782047626097636
CC_0915905A5D48,0.11570527456985921
CC_0918F67CDF01,0.14666470368599738
CC_0925D0B6276C,0.14943083466920626
CC_092A2830E36A,0.7860256827550275
CC_0951489C8F79,0.032888906533414045
CC_0951FA4D5513,0.08413818545229682
CC_095C712064EA,0.07810889002724997
CC_0969AA7BEC71,0.08315556547096886
CC_0974840BED49,0.7610937067028001
CC_097BD371F652,0.08996300830814427
CC_097C8139DBD1,0.04862316656566531
CC_0981CA4DBCE0,0.02316085278085482
CC_09A5D2F129A4,0.24195851088058806
CC_09A9BE38080D,0.09535991956828727
CC_09CDC42E000B,0.17838003923260803
CC_09D8DBAB2A42,0.0960047270026488
CC_09EBB1960580,0.04465399608978322
CC_09EBF206FEE6,0.227831092715563
CC_09F2AE996181,0.08762206253712568
CC_09F45833F53F,0.14048526732782093
CC_09F4F5C5B4EA,0.768149334345693
CC_0A04BF4005F8,0.1931788009184412
CC_0A0E563D1060,0.08159741437600054
CC_0A0F781A999D,0.1832596806042426
CC_0A1138C37BC0,0.1633070361947891
CC_0A334A16524B,0.055812103831906296
CC_0A359CD5D73A,0.06663003168451659
CC_0A3E2C273DB5,0.0808549504901589
CC_0A4705B1E08B,0.04201390307800647
CC_0A67EB7C5282,0.15059020892546587
CC_0A6CD64871E5,0.34048211190780575
CC_0A75643FDC7B,0.0668320536311734
CC_0A8066F501AC,0.03989770196542904
CC_0A83017D027D,0.21631233405916137
CC_0A9AB7441D5B,0.3382657564776176
CC_0AAA72FA148E,0.39129005587117505
CC_0AAC488C8AE4,0.43782517884060224
CC_0AC2DB82398C,0.34628937704172313
CC_0ACA2C49A497,0.11747507936499534
CC_0AD4BBEA75ED,0.041000925075950836
CC_0ADCD6553B8C,0.06914165326343055
CC_0ADE56B56C41,0.03316166823948638
CC_0AF4B5B4162F,0.7304289044140511
CC_0AF9BD814AC7,0.11071027160438954
CC_0B083BE0FEA3,0.11903848391673938
CC_0B1384331163,0.06349874747604077
CC_0B216C6AF0F2,0.023991736901649727
CC_0B3465DB0684,0.6242180455866759
CC_0B442B91679E,0.15642553733723913
CC_0B455175F494,0.10208448417059701
CC_0B4C01B4002C,0.21553124125800982
CC_0B544A526D6C,0.06989749171713541
CC_0B5B19AFCD18,0.06019295475731075
CC_0B5BD2D224BF,0.05871719768864303
CC_0B6407C2C9BD,0.15533366485197483
CC_0B73F59991EE,0.09461967723007128
CC_0B7579216681,0.08398329962526904
CC_0B7F3B4B32C1,0.2821806915528162
CC_0B830A67900A,0.13776337229578117
CC_0B84250F96B8,0.19047892843574551
CC_0B92212B8E27,0.2520067512086905
CC_0BB43BC4B3BC,0.12146646999636845
CC_0BB992973640,0.0629801785887745
CC_0BBC41297846,0.10318760165885837
CC_0BDDB468A1E0,0.3126228137274476
CC_0C00A631C2B4,0.08481273691906466
CC_0C011AF6C857,0.35065814221309105
CC_0C0459AB67DE,0.13981337784836245
CC_0C18B07E451D,0.12425599594038397
CC_0C19EB845CA2,0.2758156222490229
CC_0C1A736F37CC,0.07750492536882533
CC_0C335C9D86F7,0.7712436349598286
CC_0C4C24D066E9,0.17030506993936909
CC_0C5499989AF4,0.1625636408579714
CC_0C95548CC1BD,0.1443982075758026
CC_0CA2DE660B41,0.20003494816943868
CC_0CA6D8CFCF2B,0.22891185158222271
CC_0CA9DF9C5C15,0.064532304772794
CC_0CA9F52C92A8,0.19148483454880597
CC_0CAFB6C41CE7,0.13138663504447093
CC_0CB27D5313F1,0.6030590515740608
CC_0CC9DDDB8B44,0.04242384154215231
CC_0CCA18595BA5,0.2619969873380845
CC_0CD90568D3E6,0.2129409977017654
CC_0CE0D56B0584,0.07839079142258507
CC_0CEA028BF961,0.24463175175935326
CC_0CF67D68AF16,0.3582222946438827
CC_0CFAA0FB0691,0.05700366380555932
CC_0CFFD2785D2D,0.0947483254388578
CC_0D28AF91CE97,0.14076097568317925
CC_0D34E55A580B,0.1161306094304966
CC_0D3663B6524E,0.7392532770419213
CC_0D3C2864ACD2,0.3420464344070059
CC_0D5F4BE8132C,0.16054222760010103
CC_0D6D5ACB0889,0.22124756360964667
CC_0D7BFE8CC0D5,0.12439507588073143
CC_0D8852AAB481,0.20987765691823645
CC_0D97EF394C79,0.4266518945524037
CC_0DA8FDDE6DD0,0.05953053693008088
CC_0DABB89E37CE,0.08465493956965806
CC_0DAF0F2FAA86,0.09496532977647963
CC_0DB9E5F8EDAD,0.07216218780033923
CC_0DBC64F88C05,0.16156626005370386
CC_0DBDF018E822,0.11239835040591706
CC_0DC31A5A1096,0.04918453979559009
CC_0DC3870F23D0,0.04423487713155577
CC_0DD39F5D7C0D,0.06863599513252326
CC_0DDC2C18BBDE,0.05210507946942408
CC_0DE09CAA93E5,0.14018708390002638
CC_0DEA4477FDC1,0.11822949134514278
CC_0DED63EF6639,0.20171691948428078
CC_0DED7DBF26F6,0.27000015414557066
CC_0DF01CD21B9D,0.17964331898289596
CC_0DF6A478C01B,0.224758981387104
CC_0DFE1A3FA5AE,0.16303398581346157
CC_0E07D5FB24B2,0.13766174870625322
CC_0E0CD9F23A5F,0.6802683334117559
CC_0E121FCB1D47,0.08356696635478641
CC_0E1423A4C263,0.19819647836593543
CC_0E16883EE8E6,0.4208001599198147
CC_0E1A2BA1C545,0.22516121835940844
CC_0E2B52BBA69B,0.05808478930114346
CC_0E40BAFC3530,0.1588414869573861
CC_0E48EE235179,0.08152474728346615
CC_0E4FA0FB9797,0.6131978719280269
CC_0E5162F59924,0.7662704096503302
CC_0E5E2FCAC8C2,0.2759195623168536
CC_0E68C2BE2A75,0.12842859143652344
CC_0E6C5A8D8CE4,0.104567780962951
CC_0E6E9B0E674E,0.09749265074549136
CC_0E746EAD6CE9,0.07847659143618661
CC_0E968E7C22C1,0.29588447824451297
CC_0EA1483F50A9,0.16464682784813583
CC_0EA81362C7D1,0.17188393591120324
CC_0EAE97520873,0.33637501326084546
CC_0EBCF4228FF2,0.5083208543320107
CC_0EBDEFD0BDC2,0.07281850240244371
CC_0EC6AEDA63EC,0.24668843959419434
CC_0ED61DD76795,0.10178667727756768
CC_0EE33B1B71D5,0.13575165167074166
CC_0EE7EFF13EBA,0.05668187174457774
CC_0F0F136B0991,0.14892553668099023
CC_0F0FAF218BCB,0.05898797208968174
CC_0F125B48F175,0.09536164024869578
CC_0F292A238627,0.12052045206939371
CC_0F2949A1746E,0.07680489774746434
CC_0F2B71163121,0.08054078428014501
CC_0F393F1DE2EB,0.06699524120215739
CC_0F41B187053C,0.41352005584369766
CC_0F52EDC9D383,0.11091748380730293
CC_0F62C4F36236,0.09605807261335428
CC_0F6A29CE5D45,0.1797109479572319
CC_0F7C0515A6CF,0.15293392857234117
CC_0F8D6C89202F,0.16333763297520756
CC_0F933684CC08,0.17192335412261983
CC_0F9BA54F2AF6,0.04793775413409593
CC_0FA06CE7FAE8,0.04412302410460596
CC_0FD25AA655DA,0.16282817184686602
CC_0FF5570E06EC,0.6911810594512001
CC_10197FE0E34B,0.6737608233034807
CC_10355B5718CD,0.1007028527862369
CC_103A9D18EC12,0.15859185001919024
CC_1040DB6A21EA,0.12222296832798299
CC_104D2B84FC4F,0.036379071473371515
CC_104EA2802A11,0.09150371404816095
CC_105777B1BF91,0.058891491565146704
CC_1059F1B6C0C3,0.16140908587449304
CC_1061947FDD14,0.05877278089061128
CC_10689257E68C,0.3957683526663327
CC_106BFCFA7D7B,0.035014793721806964
CC_108FA04AC10D,0.09165110594323875
CC_1092915D0093,0.11495251959402353
CC_10A30F88E157,0.1563010794780718
CC_10A657027AC9,0.718188530777616
CC_10A6EAF27BF3,0.04409146252856132
CC_10B148BED568,0.3958858294012787
CC_10BB7101F191,0.031464314523280024
CC_10BC5BC3A9AD,0.3784164998868751
CC_10F27C70AB99,0.10271431326680641
CC_10FADDF63CDC,0.16957068409307038
CC_1107D9301AA0,0.08423141559901601
CC_111A6DE5D9C7,0.7438743268746411
CC_111DC3B1756E,0.261704311244734
CC_1131156CC6F6,0.1628143556401235
CC_113B66D5D5D9,0.10786441776829855
CC_1143254EFF36,0.05308867260858903
CC_1145E5277FA7,0.26754379408068185
CC_11521077BBB0,0.14954993837433533
CC_1154861ABCCB,0.5838768270568889
CC_115BCAEAE2A0,0.09839552945941346
CC_115BF13E8BFC,0.24155258861007184
CC_115EBE5044BD,0.37527553244930056
CC_1165AA07FC47,0.7289395616823968
CC_116EE8219753,0.05520200285660559
CC_1176FA3233B3,0.04971097303111356
CC_117C2A1587ED,0.09139049670124905
CC_118C0A1D14B2,0.2987478332622534
CC_118ECB589F3C,0.111323064133217
CC_1190F13FB1FC,0.12258751336019978
CC_1192EEC65A1E,0.22072911595695177
CC_119B1FEC4D83,0.2135189650478022
CC_119C413C2580,0.13416193834153173
CC_11AB74142A2E,0.7981794106625295
CC_11C8A291FD11,0.15161525722439498
CC_11D1E9C39E41,0.06258733637504256
CC_11D600EE1BD6,0.19148932473762245
CC_11D7539AC69D,0.2034479496448043
CC_11D78BB50016,0.1543228935319252
CC_11E0C583685C,0.11976631363280711
CC_11E0D2F15AA1,0.03480229431363097
CC_11EDFE67C719,0.669683370571678
CC_11EE85F284B8,0.2256996591094385
CC_11F700202C6D,0.16728100414465
CC_11FB668DF543,0.10470845058303947
CC_1209FA26609D,0.03341210764771333
CC_120CA1B916D0,0.13221585994968515
CC_1210186F4D33,0.07894525168951949
CC_121F621374FC,0.24590206279850574
CC_122532C1FBCB,0.12862190384282263
CC_122B19CBC88C,0.6705455748333926
CC_123C7F0111C7,0.6007627519161276
CC_1241EE42F174,0.13106191009524365
CC_125B7100F1DD,0.1336979670208393
CC_1263B255B3B5,0.17017700406036823
CC_12878596E940,0.08494685874177044
CC_1298ED71A9E0,0.057876087045877385
CC_12B555C6F086,0.17026618315836603
CC_12D22C629874,0.18738291024422593
CC_12DD89EA0C14,0.1939986131530663
CC_12E24CDE2684,0.1891511113433124
CC_12F3B7309455,0.611715355487982
CC_12F8E7A4BBE5,0.3663899427675985
CC_12FDEAE4873F,0.18675703282689818
CC_130F7B067939,0.36423776192533164
CC_13209EDC85EE,0.6675521691026987
CC_1332B6F0E543,0.23089572173406028
CC_1334E256AEBC,0.6046765810117068
CC_1337726B2AE6,0.08679680616531132
CC_1338237BF402,0.21572908416691422
CC_1341DF38D9C1,0.17318708651979844
CC_1342F868176B,0.688440632871829
CC_134651CCD2F8,0.15589895394495915
CC_1363E3090578,0.06059502226482731
CC_13736493B695,0.0603062665859493
CC_1392DE633D4C,0.25387202836381134
CC_139ED2E0AD76,0.08708230594692859
CC_13A5383EA098,0.642831547480897
CC_13AA272C6861,0.05856397891174286
CC_13B74E4EE3EF,0.18579739174908375
CC_13C437E86B81,0.5169117184797016
CC_13D61B077E7C,0.07660906024599623
CC_13D7115A8FCC,0.1885446656684198
CC_13DFE319B21E,0.7701361018207014
CC_13E0F0B3FAE6,0.2187781217095404
CC_13FD88C2920A,0.7012041214829934
CC_1401CB818627,0.1930890975566572
CC_140B86E74F74,0.7758678458763686
CC_1452A0B69085,0.04269862498435713
CC_1458CA7329A7,0.23107847820285296
CC_1459E7125AFB,0.09080663218367063
CC_14633EC7F622,0.4220461621596734
CC_147B1B30DE7F,0.11446345287095253
CC_1484511F54C5,0.2765335843472778
CC_1489A941A69B,0.3091007399410516
CC_14A8B16706E9,0.08660897785648822
CC_14BE52BADB77,0.09630909835500709
CC_14D53413FBCE,0.3274524145823092
CC_14D59B58E51E,0.15008736089598826
CC_14D964327B1D,0.06577031410964859
CC_14F5D06CF093,0.13601501246032655
CC_1501D63D5A80,0.3725126692515891
CC_150E3A0E5084,0.18812908486798688
CC_15152312AC56,0.061227451324358625
CC_1522BA0411C3,0.06595723081854474
CC_1534B0241A1B,0.05176353557400504
CC_153BE2BEB74C,0.13493887632816676
CC_154BBCD4DCEA,0.23661092205102405
CC_1552EC27FC0C,0.7055550399523837
CC_1566BFF4BCDC,0.34735215594849816
CC_1579BD86A63D,0.3216943099073843
CC_1583CFD90530,0.2854182127910951
CC_1584385F38C8,0.06977135920321274
CC_159656F13BE8,0.10100149208876738
CC_159B6F6AAF1E,0.078155634352118
CC_15A4934FD96E,0.11368329551993252
CC_15B2140CE869,0.09844236139967122
CC_15C0972DE384,0.6680651931407542
CC_15C0E30FF2DC,0.117724246180541
CC_15D617FAB434,0.05596050268136689
CC_15DA0F4FFF0E,0.31918898766465587
CC_15DAE76D15DF,0.051957487442835376
CC_15DC7C139EBC,0.3587278220782044
CC_15EB741857ED,0.0688433607258265
CC_15EC51F4C521,0.3166243600746549
CC_15F6259C7C53,0.07726443452171948
CC_15F7C012E10D,0.4658333276893456
CC_15F7C1BEC28F,0.19404237366533214
CC_15FF58854AEA,0.2580604456219949
CC_16035CDDC2F6,0.1491252712818166
CC_16095572722B,0.05374433232506111
CC_16109F1CE0A6,0.29123464781015024
CC_16150E74E4DA,0.15687220193144952
CC_1629E47AFBA5,0.07869747126809079
CC_162F4582D06D,0.6081648611051421
CC_163194DFEDDA,0.04292351078107569
CC_1640F01B7730,0.10175126527269442
CC_16460554039F,0.03015069671203292
CC_164D308CDE41,0.2262156289645184
CC_1661041F819B,0.7606166498008549
CC_166829780A76,0.12833039253929562
CC_16798666E855,0.1034250665013737
CC_1684B5493414,0.21630878962241448
CC_168A8907C8F4,0.0735327068179437
CC_1690EC56D088,0.05901546515306728
CC_169853EEAB4A,0.09536463648473202
CC_169B7FD839BA,0.14647213361272127
CC_16AED1A3008A,0.16072997105942552
CC_16BAC7837C73,0.17759328878960795
CC_16D57E1EEA01,0.13777505284059785
CC_16D833E56D7A,0.18301817425770767
CC_1702487A047B,0.16630670165330463
CC_17029F78E70E,0.05679542835774437
CC_1702F3E986AE,0.07468952535947035
CC_1707181BB559,0.04214482884327317
CC_17117BF03935,0.2524990737632995
CC_1723E40C3D40,0.19787451266009412
CC_174FBBE9ADD9,0.1991510408862472
CC_176E6E58FD1E,0.1155863583695937
CC_1783F37259BE,0.08823968475697869
CC_178B135605CA,0.08767785051713972
CC_179AA5165026,0.34443740663490563
CC_179DBA1C4CDB,0.32213521633169373
CC_17A1090B69C9,0.09400699844297176
CC_17AA1A4C904D,0.19622948833746962
CC_17B06C06FDC1,0.15365993433570446
CC_17B89AC1FD03,0.2185649487461973
CC_17DC33AA73F3,0.06645447506377997
CC_17DE4D267831,0.09808945402848289
CC_17E929BE0344,0.34701544498679676
CC_17EB83DECE5E,0.444761663986309
CC_17EC9982E5A6,0.14064037668948548
CC_17ED5555B4FD,0.23889200829060064
CC_17F4292DAF8D,0.0983960507489508
CC_1807B0980C86,0.06805971412491797
CC_181354A58B53,0.0796868197640768
CC_181E7266E018,0.09823525268597053
CC_182AAE7CC3CA,0.518170131906333
CC_183EDEDC5DA7,0.09672170013697032
CC_184C47552665,0.2638899749360133
CC_185A7392A475,0.2748816720341285
CC_185FEFD3233A,0.3853568977942205
CC_18676FE5FC07,0.07191865069241382
CC_18776C4FDE28,0.09018663850877681
CC_187A8AECEFBC,0.14835552530817558
CC_187E7D0B4E82,0.72488982640511
CC_18839D393105,0.1651902565428711
CC_1888476F6CF3,0.14683038784697472
CC_188B1ED2AAA5,0.33158873106716075
CC_18A4257C3172,0.28921449012499745
CC_18A7929D9FC9,0.26560112122813695
CC_18A8695F185E,0.10819372695305576
CC_18ACE64E8F74,0.19286032868952413
CC_18BF4A29BB38,0.13574911203309867
CC_18DE36F7D294,0.16043563512113332
CC_190EB07AC1FC,0.12853585729648234
CC_19219F2C60B7,0.1564387492372563
CC_192262DB0B0F,0.08517152079475451
CC_1929746E06CD,0.6086467110036602
CC_193356E72D61,0.6885802764693693
CC_193938E8EA40,0.18397055374101348
CC_193C60092202,0.5356989642265507
CC_193F669537D1,0.15216956283177138
CC_194E13150BE5,0.050064209550818764
CC_19556DDCCDB3,0.038962594745756474
CC_195A6E9B48A2,0.14526598458398002
CC_196DEC616B33,0.09064318809492394
CC_1978B23D64A8,0.12958361149380865
CC_198562A4BD86,0.13993334030904958
CC_19864C9572BC,0.1757529579662582
CC_19868B6887C9,0.13000323237216882
CC_19969E05AB2B,0.1770293109426946
CC_199FC89885C7,0.11950245148104438
CC_19A40411B404,0.2585517197320686
CC_19A6D9B60B29,0.6509583499300278
CC_19AAB010550E,0.06404874486306192
CC_19B4743DFEEC,0.07827383507439348
CC_19B95A61D757,0.17356993621313938
CC_19E6A00F6A5B,0.08127136935545143
CC_19E8DEC29F47,0.5933763672878554
CC_19EA54976042,0.15783623289335383
CC_19FBBEA75B7F,0.1472893593512685
CC_1A039E58840A,0.05822448552557477
CC_1A075331756B,0.13015263080039474
CC_1A1E1302C432,0.17173938889353674
CC_1A37690EAEDB,0.16847214975114116
CC_1A3BF9F5BD42,0.13385726454306812
CC_1A4268FEB02E,0.18247874912220197
CC_1A5F8618A912,0.3277544822998149
CC_1A659D4D521E,0.4295293837914611
CC_1A879655902A,0.0696857589983409
CC_1A9F6DA46BC2,0.1351432337683035
CC_1AAB15E81743,0.03167817595377793
CC_1AAC389EF8A2,0.2522212240389131
CC_1AAD0CE365D9,0.13203031249640332
CC_1AAD9152C90B,0.052197301582485284
CC_1AB15BDA9296,0.06634030236257155
CC_1AB8BDA3041B,0.16981884064795946
CC_1ABB9CB074E2,0.7292799090882274
CC_1AC1B1A3978D,0.05535001625060705
CC_1AD20D1F9C08,0.7307429521859565
CC_1AD881A90D1A,0.2971366250618646
CC_1AE9811724DD,0.7683891355737789
CC_1AF1AAAB9D12,0.7646486553285285
CC_1AFCC4D0ABD4,0.1603237164638382
CC_1B08ADAFD1C4,0.1707115641583593
CC_1B10139C7917,0.12108758203704109
CC_1B127133B948,0.15588449752758754
CC_1B25964EA376,0.14265366434873814
CC_1B27A85C7244,0.19474017232425747
CC_1B29F4378A34,0.11876263247333188
CC_1B2EC0BD0677,0.3753528819130259
CC_1B4AAF37FB97,0.08986999546344716
CC_1B5E792F6E6C,0.2953528062636159
CC_1B7166DAA790,0.15053122855687795
CC_1B89FD901C95,0.09112509712165753
CC_1B91E3A70338,0.067580740310038
CC_1B9D9B7184F7,0.16356299970545685
CC_1BA3FDD92B1B,0.054259602075198046
CC_1BA9B3D67170,0.13670076077997884
CC_1BAF97E2BCF2,0.09957443944125165
CC_1BB7D8A54021,0.09395766160828425
CC_1BD548A5FEF3,0.11810260916097304
CC_1BDF1893ECEB,0.2620245641075277
CC_1BF117A8AF9A,0.057217907186901104
CC_1BFA7E407428,0.6866738396605905
CC_1C0066F472E4,0.6733071965296132
CC_1C09CC2385AF,0.0689452703765735
CC_1C11467AB472,0.6532988161487479
CC_1C1627B7EE6E,0.03951010377546696
CC_1C3259B85E28,0.17545444010014416
CC_1C334ED885FA,0.03575312673844515
CC_1C376760FE39,0.0837725497278471
CC_1C39A1ADF3F2,0.15323468745202712
CC_1C450FC77478,0.1230691217195261
CC_1C48409023DF,0.4079311767120791
CC_1C4D03324C60,0.3517243356298991
CC_1C5F1E1028DB,0.03902052102378946
CC_1C6681C0AA7A,0.7850518712875936
CC_1C84CFE19CDC,0.21353839643849548
CC_1C8B3F689C6D,0.21746284719798686
CC_1C95674B902D,0.03730862366332712
CC_1C9A4C11F28F,0.17153182565652444
CC_1CA3F50BABEA,0.07604823166357176
CC_1CBF42D35AED,0.6224173840836369
CC_1CC11BEADBD5,0.13896073157852934
CC_1CC3CE396A8A,0.22271691371941327
CC_1CD2B13C2E6B,0.0818325173380936
CC_1CE0B37CA670,0.09619996384934701
CC_1CF5A99FC068,0.13450643684242714
CC_1CF71AEB6671,0.08035215948743273
CC_1CFE066F5EE4,0.18684965345756768
CC_1D00B360809D,0.07300849549176613
CC_1D1173F82F2F,0.10948371075020219
CC_1D1E06E0B393,0.16752290866742398
CC_1D2789866B1B,0.07817028651288788
CC_1D2DD7DF781A,0.20909119718366698
CC_1D313498A2DF,0.17527117239277368
CC_1D68396533F9,0.32076366957017444
CC_1D7235BA1EAF,0.1890129103403448
CC_1D7ABAF9D080,0.03898973154860866
CC_1D7FA51D0D7D,0.4783647231168268
CC_1D8CFB3589AE,0.05934012263844034
CC_1D9421A6EB19,0.31471391980652325
CC_1DA0AC68719F,0.34591528517092984
CC_1DA366D588B6,0.11536462099144969
CC_1DACBFE0296C,0.10317613678631748
CC_1DBD6A716910,0.6504926852170604
CC_1DCB75B5CBDE,0.3436517020453436
CC_1DCDADBC0E90,0.4396518021191338
CC_1DD11FAF43E8,0.13171660741887406
CC_1DD8064E71C7,0.17212660057124435
CC_1DEC926EE25C,0.11908906702470017
CC_1DECBAE4FC5B,0.05899497480697569
CC_1DFF80E6D4DF,0.05789054432689801
CC_1E025C3597E7,0.2646463254704469
CC_1E082052CCBA,0.6435984070306381
CC_1E0E30441DD1,0.2105467754969456
CC_1E20E200611C,0.14397819752380422
CC_1E354C75EB9B,0.027319845537112464
CC_1E3B2C15EBCD,0.17565818902723368
CC_1E4DF11FAF55,0.15595038667195324
CC_1E4FE60DFD8D,0.7229979541057527
CC_1E5A648D299F,0.19127756427428366
CC_1E6C0A8B3841,0.6538170338445285
CC_1E7FA6E807A3,0.22393556085179278
CC_1E93F760EC93,0.26115454072013194
CC_1E99F40FA03E,0.07682313797163615
CC_1EAD09DBC23F,0.221655807952911
CC_1EB3D53252DB,0.2546228085630958
CC_1EC889E04D69,0.10474664588907168
CC_1ECCBF6853F6,0.47986290623659306
CC_1EEC4520436C,0.16428215173531474
CC_1F2827DC99C0,0.17991166788544402
CC_1F2C184C5227,0.07118039114312094
CC_1F3FA8091B02,0.13409885327387588
CC_1F4E07BFDC8C,0.04830520646961912
CC_1F4E0E9B54BF,0.0654778765519056
CC_1F55738A6A27,0.35706492589345085
CC_1F65276D0EF8,0.12093905743654323
CC_1F65C797BD40,0.062174705920003744
CC_1F668C0AE868,0.08445902585283153
CC_1F6B19A04BD8,0.05025184697278941
CC_1F945A60367E,0.47109365435363526
CC_1FAB6F11DFCA,0.7113455511925513
CC_1FACCCE95224,0.2931278126129485
CC_1FD010E5EA82,0.06937745074490625
CC_1FD2B7BCCD20,0.7115499837360852
CC_1FDAEC3D5CBB,0.10968192703542737
CC_1FDC65FE3DBE,0.13323479287354006
CC_1FE696D8A81B,0.06372195020936448
CC_20027685F59C,0.7662705915136374
CC_2009F3D77774,0.12137241903529719
CC_200C552C40F3,0.11738278688871447
CC_201459527065,0.11459103419864784
CC_20275029A688,0.06326644707417632
CC_2028DA597C34,0.22688330479822474
CC_204E557E5046,0.3802096863683577
CC_20542CFCFB39,0.04221420580889598
CC_2060F813C9B2,0.2565084658135278
CC_20813A9A7F71,0.10619589107138226
CC_208429A11E2F,0.1692789809744425
CC_208B0FE7CBAD,0.10904411706587572
CC_209A511030A7,0.033136452573090835
CC_209DD60421B5,0.06211494279873728
CC_20B26D646D62,0.1540774347086984
CC_20C47966B174,0.2209365481210411
CC_20CFE9681E4D,0.07644973533576398
CC_20D4DB0F3E3D,0.04101900378452941
CC_20DD84CE3CA0,0.10274605155092537
CC_20E57CA675DA,0.6148736566023552
CC_20F129FFBE00,0.254803830967931
CC_20F4E0F62D2C,0.0603449199567451
CC_20FEE0B2130D,0.6182626956853898
CC_2111B298C212,0.09981600043272784
CC_211315AD7633,0.2396121966971382
CC_211504721E27,0.14928050690387695
CC_2119919BCB4F,0.7884400603813031
CC_21375C9ED931,0.19083325637141993
CC_213D2A5355FB,0.22111595933192646
CC_214B50E48E94,0.16058866505526875
CC_215F86D986BA,0.1372876055736455
CC_21600308F496,0.04287667548791449
CC_2166F3F6344B,0.11399747501581432
CC_2168BBB42053,0.13603402358918756
CC_217030CE0127,0.04236600350750309
CC_2179067B405D,0.04481564630566991
CC_219B59B67193,0.19945444097378628
CC_21A9E8DB58FE,0.14394420516278106
CC_21AE679C5E95,0.24321301816846203
CC_21B98D13174C,0.10385873520834572
CC_21C81BC15002,0.10416373885517541
CC_21C9B26CFEA3,0.0637869641993937
CC_21D22081A4CA,0.7502156627860925
CC_21D29CD736D3,0.3300937676097632
CC_21D3CEAF838E,0.19047531054430744
CC_21EF792A3811,0.6117176684240871
CC_21F04E996723,0.37080799917176677
CC_21FB6C8AB8BF,0.43770226760050984
CC_22067686F6C4,0.7093766135454365
CC_2207A39B7BB8,0.12482989309083911
CC_221053121AAB,0.20991217190683403
CC_222423774191,0.07340105560652155
CC_2230EFBC99AE,0.41237729235948883
CC_223BDED2A465,0.252391949137066
CC_223E3CA7A07F,0.18332910637017025
CC_2250B42E48B2,0.10732902703943759
CC_225935E43583,0.1354308813453444
CC_22781E93CF84,0.1781357590980716
CC_22784AF3CB6B,0.4586380860615753
CC_22831690395E,0.22989152498112295
CC_228E6CBCC935,0.6309220518397245
CC_229338EBBA6C,0.08302150338976028
CC_229A63057E54,0.4930061777272333
CC_22A2D8A4B437,0.08760450837829023
CC_22ADE1EE9BC7,0.1279887138620739
CC_22B69E7C415A,0.03801873811119623
CC_22C590B43FEF,0.32202508215279557
CC_22F06379D8FD,0.03246018588553841
CC_22F282264A1D,0.11292254793327725
CC_22FBF5F0E1C0,0.22276100005459315
CC_2302088175A3,0.258492903908732
CC_230672EAA654,0.029130158675118683
CC_230870B121F6,0.16280097170229824
CC_230A051B2B3E,0.047774531780895794
CC_2316F57AFB7A,0.08157041814701042
CC_231D091FCD1D,0.05536345397502903
CC_231FDED1781F,0.22651746611492296
CC_2320053D1183,0.06059507966195034
CC_2320AF507566,0.17255127445936413
CC_23321FF41C3D,0.21624413780315194
CC_233470D6BE72,0.6634714503642996
CC_233C8EBC95FC,0.36565139585203243
CC_235F99F13500,0.1278766438889952
CC_235FC02CA52F,0.211351419645531
CC_236C80CAF53D,0.19612731723113824
CC_236E7222D97C,0.07766361157448268
CC_237B86FDC93C,0.0639799057690903
CC_237E7EB2D7D8,0.0833952213598725
CC_23830081EE1A,0.6752188359477775
CC_23894AAA08DB,0.5235377006120158
CC_238CBFD6E20C,0.3763359303658175
CC_2392A4A79C9E,0.03430879951943305
CC_23A474D43C73,0.20210376991808007
CC_23A9CC59BA0D,0.02396756393272302
CC_23B158D8306A,0.13969424636069372
CC_23D147F1870B,0.18586692966976767
CC_23D2E73DCFCF,0.1285119285673891
CC_23D9103D1EAB,0.02862811875858397
CC_23E142182F2F,0.6809868904388432
CC_23E43713A108,0.03811425284077006
CC_23EF2911610E,0.4804894090054458
CC_24056B76BD7D,0.046467435323063216
CC_2416ECE66177,0.1225817384003534
CC_241E65816FC2,0.07176773129768033
CC_241F7E97FBDD,0.05722732041101052
CC_24217201D7A1,0.38621951174961056
CC_242301FCCE50,0.05104786620746259
CC_242C69CF0B12,0.12181146370008583
CC_243B23702DC1,0.16411288640487437
CC_2456B9C796E4,0.11414706880644616
CC_2457D89CB88B,0.5938893628127078
CC_24667210E2AF,0.2072762380740233
CC_2468D206CAEA,0.06244981922511921
CC_2469630A4F86,0.3397447155892041
CC_2469D83D9594,0.03574620022984002
CC_248C65EF54A5,0.6421039819666904
CC_24BCCA7941E8,0.10006723419381708
CC_24BDC1CE2A3A,0.20051990275216824
CC_24BFCCDF957C,0.044261134744505846
CC_24CC8A1B1CB7,0.13859567819146856
CC_24D4B1852554,0.21008460314651073
CC_24E65FA5A32E,0.1460685958414008
CC_24EF3EDB6857,0.042090467038416186
CC_24F15A19D648,0.19517805738283103
CC_24F2410B5A19,0.12114414335303886
CC_24F27E7DE1C6,0.47316263104392464
CC_24FFFD0C983B,0.039125278998014004
CC_2504E9D5D5E4,0.12200457610805188
CC_250F6A0DB62D,0.0518937574301947
CC_2520E13DF0A2,0.7424486458763666
CC_2539C315029D,0.28997068740155263
CC_25519ED78507,0.19270646695028912
CC_255D49296DB6,0.11450706972229346
CC_255DC60FF5BD,0.047426576688726255
CC_2563C9EF9D55,0.06236809918701049
CC_25756EB9651F,0.12607053732083923
CC_257CC46D379B,0.41307088368702394
CC_258D5F80A933,0.6939433162756985
CC_259D87270257,0.22237445335096012
CC_25A41AB21C94,0.239540199778396
CC_25ABCDCC8B71,0.08940405535126161
CC_25AF0D0569B5,0.07058699204515874
CC_25B61D393144,0.14187388639638837
CC_25B95D7288CB,0.38878551031677877
CC_25CE2F2F13BE,0.2201688270771121
CC_25D1A5971976,0.33798468450813124
CC_25D411B46F00,0.753810037392395
CC_25E7A2DC5E41,0.06190552623292596
CC_25F4C8E51AC2,0.5334979171282044
CC_260323EFB122,0.6025383837085885
CC_260F10484312,0.05267835255137445
CC_2610D0F1D0A7,0.18698731544092806
CC_2615866F35A2,0.10513653557617768
CC_261DA4E8DBEB,0.1112641888239235
CC_2628F00B0745,0.35073844273420934
CC_26338E9AD15F,0.140619621395497
CC_26346B99BDBE,0.6556403741822302
CC_26351DBC1AF6,0.1268461248029897
CC_2637397AA3F3,0.5989751934512308
CC_26675C32611C,0.6715871342078543
CC_266E49E49071,0.19382950602700155
CC_2696368A4DC6,0.02808848599940864
CC_2698641B68A5,0.13872532742441
CC_269C5AE6A1A3,0.6741302494993486
CC_26A06AD1206C,0.7488210741055873
CC_26A358B0C10F,0.16245242809000626
CC_26B07CB02EA3,0.6352618283295013
CC_26B638BEA8CE,0.12777268546639964
CC_26C33B649FC9,0.05323985390160373
CC_26D5B969A36F,0.3069038984642154
CC_26E3A1226C2D,0.15555728441356637
CC_26EEA3F0224A,0.26151424095331544
CC_26FA5E5A718C,0.14961139153307895
CC_26FE119D4919,0.062141375907422566
CC_270B462BAEF3,0.03230794559342312
CC_270D929FEA9F,0.07798772475170947
CC_2731AD82BA11,0.21996168062583787
CC_274144AE3E86,0.1678581456709148
CC_274AE6E82879,0.17660742829473977
CC_2757A490C5E1,0.09133890461947594
CC_2766F6011BD0,0.38268373063975847
CC_2768E644C697,0.05637039429033682
CC_2770DF70328D,0.061272499171920874
CC_277503968C44,0.5194700641522637
CC_277CE974AA8F,0.2589026279034169
CC_277D246E39B9,0.19868342160407804
CC_27A1CC725B7A,0.06307990273127756
CC_27A798829CA8,0.7753544218104211
CC_27C938FC8DC6,0.4632823050573531
CC_27CA2D819E7A,0.06670314071922144
CC_27E3712F0E38,0.13122919719225618
CC_27F3B3F43FF9,0.03500248234337763
CC_27F9832EAB8A,0.4480915359949251
CC_2809CC131F3A,0.6773092062262294
CC_2812523510C0,0.16409402819497307
CC_28151C75756D,0.0399600510564774
CC_28203CC976F9,0.10648688038633977
CC_282AFAE06F96,0.08897313203753686
CC_282C2404F4C0,0.06712156537273373
CC_2834BA2F19FC,0.20152957012069186
CC_28432E22F47D,0.5812482381874273
CC_2844882CC439,0.053592871485968516
CC_284F79726032,0.3946113255037278
CC_28544783AB15,0.4922247136944298
CC_2856104729EA,0.7121644349526994
CC_28625CD86761,0.17991607879570934
CC_2866BDB46FB1,0.08691668955019878
CC_2872415C6B36,0.07841596313129069
CC_28752737647D,0.6463991680662768
CC_2875C281EE88,0.0536208132666431
CC_287E3E9EDAC9,0.07672967840584999
CC_288A2C49D62A,0.0468552559298255
CC_288FA8CD819C,0.19951827495917243
CC_2891894CCED4,0.06319047170414757
CC_2895608A9699,0.12932977973876097
CC_28A2EF7926AE,0.6187344345600823
CC_28A7DBD2B710,0.16793997800588045
CC_28AD81DF2C51,0.11299160116357428
CC_28AEC29CEC25,0.13134389551736372
CC_28C1C3DF7928,0.109536337193777
CC_28CA76962EC8,0.16146497985086822
CC_28CD47803B6A,0.06967856411478521
CC_28DF569DBBE5,0.07880992569974282
CC_28DFE611C657,0.09784086177975905
CC_28E11E6A6C8D,0.17931830437032403
CC_28F58ADC7CBC,0.12165075546466503
CC_2916479EBC84,0.10441262102859362
CC_2917C6CB0B2C,0.1470693596679936
CC_291C7830D4B5,0.3775588362392962
CC_291FE1744E5F,0.07338216883359572
CC_293124F1ACD1,0.13034997564019055
CC_293C2D704AA9,0.3452865691911855
CC_29432A6B2555,0.1140772231140758
CC_2944B427406C,0.18121667534033542
CC_29468B7035D6,0.12484880154837213
CC_294A9A24E473,0.0431666084665259
CC_294B94EB0E07,0.2365591085816825
CC_2967C29E4C3A,0.13144436484198393
CC_29716D5835F4,0.20293049894275417
CC_297179FF2BCC,0.39794219132420094
CC_29803690C939,0.20592807455981693
CC_29821539DC4D,0.14239586156553086
CC_2983C1D2A273,0.1641555149336517
CC_298CAC5A1868,0.6390714822453729
CC_299EBE0FB429,0.15405704730129022
CC_29A1C0073882,0.46992499861517106
CC_29B6065F187B,0.3351115721425108
CC_29BC66C10F87,0.6842614175211391
CC_29BF3C3D9682,0.20589683114622692
CC_29C4425FB2DA,0.1865758868016822
CC_29C5D0D72D61,0.13074839348317857
CC_29D65E313500,0.11684619710420557
CC_29FD856F47A5,0.7365054619752345
CC_2A097F88615A,0.09054093255326477
CC_2A0CB4CE1A48,0.2280653176986688
CC_2A14C1652D6D,0.20667158930468554
CC_2A1F96F80938,0.11184320721677496
CC_2A23F71805A2,0.13039815425334073
CC_2A2BF2FD0498,0.14074212448789852
CC_2A358A1D3DDF,0.6398617210429127
CC_2A3E371F0DAD,0.23866006941293125
CC_2A423FC8A330,0.31796889469362216
CC_2A43368D54F9,0.5298577062507208
CC_2A47A21C0E07,0.6712681879727967
CC_2A4CB02E7A1E,0.1267291615163031
CC_2A510080BA29,0.17433478067758668
CC_2A5316E550F0,0.08668256665258622
CC_2A59695EF90A,0.5794031184017489
CC_2A606D00CC46,0.050531110593399084
CC_2A6C69145AE0,0.07155912119740696
CC_2A6CD71471A6,0.11320044005204957
CC_2A70D6EF64E1,0.09518290707558974
CC_2A844754AE67,0.6019857678876818
CC_2A85A7B242FD,0.1653710019753012
CC_2A9A51067D7F,0.1458123553308609
CC_2AAAD4020436,0.2100938935195941
CC_2AB62BCF3704,0.07385513785988551
CC_2AC1C8DE5649,0.10695773415939201
CC_2AD10D78793D,0.7101550410204953
CC_2AD26446A7AE,0.04053874109480599
CC_2AD2D35975D1,0.08816038613468899
CC_2ADA07B0211F,0.30099252064753806
CC_2AED2D284351,0.32644043989096094
CC_2B01FDE2552D,0.24927460748351693
CC_2B06DDFD7F8A,0.07316124212399339
CC_2B08FBC0A948,0.16608768953131797
CC_2B1914218468,0.7500188834153312
CC_2B1D93E12DC9,0.1872990099756137
CC_2B248C488918,0.09366014315134072
CC_2B256891C60A,0.6086149444663105
CC_2B2801591A25,0.4052385985332165
CC_2B2B7CF1E40F,0.10472809346885194
CC_2B2F4204834B,0.2180395924296509
CC_2B5443C7AB87,0.07936332435577247
CC_2B5D780AC244,0.6651173589341336
CC_2B64E67CFF13,0.0600834551201755
CC_2B6B872C8D21,0.06355166080948617
CC_2B85D931F011,0.0962634342362364
CC_2B959EF030DD,0.14327621853890254
CC_2B973D1AC16E,0.12347159385200543
CC_2B98983C2687,0.05139590872721245
CC_2BA581E7B8D2,0.09027359674337387
CC_2BB2C432C369,0.10117829297774111
CC_2BBE19587CD5,0.09077748095621636
CC_2BCB838A9581,0.15747004974222018
CC_2BD0E9336EB4,0.07219767260449717
CC_2BD1633FD528,0.08564231993697968
CC_2BD58FC8C2B9,0.03299203278699927
CC_2BD6083CAB0B,0.7806962695206436
CC_2BDD47B177E5,0.786631322617791
CC_2BDE889EB05C,0.24565900475372449
CC_2BF8DB192A49,0.6329769851852498
CC_2BFDF46F3AC2,0.11953968665114255
CC_2C00CF2FAE22,0.15161278723663324
CC_2C06DDBA1073,0.3658070788968277
CC_2C16C7838FAB,0.792400111005723
CC_2C263A1A732C,0.16460390722125395
CC_2C34105831A6,0.20099804789511255
CC_2C43FFA06F31,0.09156985999111249
CC_2C4DEE4CA1CF,0.054493646795582
CC_2C56DB55E40E,0.08114083004639319
CC_2C59F565C183,0.15147383345042126
CC_2C7F54E56925,0.17055483510270925
CC_2C8CFCC646BE,0.031231925896638663
CC_2C91AB1DB754,0.050006210506965354
CC_2C93356976AE,0.38443338438528846
CC_2C9DADC294C8,0.06813310173098452
CC_2CA94231028A,0.23897894142048037
CC_2CC8CB17283A,0.19711147352355537
CC_2CCD42AA2376,0.1296866702412514
CC_2CCFE560A79E,0.06717748008779141
CC_2CED227E5216,0.1260710731838845
CC_2CF326E90715,0.04214320044558517
CC_2CFEA03CC6A0,0.6756565548064276
CC_2D1D032137DA,0.1234969214344197
CC_2D258781011B,0.1923645696032731
CC_2D30260A1CEC,0.21530621587328552
CC_2D35C002A9F1,0.15010379612316987
CC_2D45DEA4EB25,0.15176697391342145
CC_2D5494C13FFA,0.09625443095671757
CC_2D5EA2953E81,0.23530546608614522
CC_2D6E7894EA16,0.6515748149225282
CC_2D7DA36360AD,0.21320148617632706
CC_2D7DFEACA38C,0.2913484498943091
CC_2D836654A121,0.14609072815146257
CC_2D9CDFC6C57E,0.7208920879475971
CC_2DAC67585B03,0.1888281982768671
CC_2DAE338809DE,0.2955439709097978
CC_2DB062A18C75,0.5003265211426506
CC_2DB2C55CF89E,0.7670008676905287
CC_2DBCBF870292,0.03359002957015271
CC_2DCBC03B4FA3,0.7473539384351171
CC_2DD78131B5A1,0.11981362492955569
CC_2DD7BCA75AB9,0.12506160611768022
CC_2DEB49017220,0.10617911764891902
CC_2DF6C71ED372,0.17070261646833731
CC_2DFBFA1A4FE8,0.16501017990607428
CC_2E12A41F7733,0.0804669106626859
CC_2E1A348EB1E6,0.10564557394057056
CC_2E23CB0F6F7B,0.3819179952043486
CC_2E3634587158,0.047045877392776284
CC_2E3F4B14D8DF,0.3741853062952767
CC_2E3FDDBF4F48,0.1924769511766537
CC_2E61C46BC16A,0.2057497324410262
CC_2E62AEB14351,0.27923299523837825
CC_2E6F1C0ADEB8,0.1986420550164421
CC_2E7415FAB62E,0.07260355105378095
CC_2E77F7444FDF,0.03476393844435886
CC_2E78431BE3DB,0.0732817255691753
CC_2E7D44FB8075,0.1839283405649715
CC_2E7D8539BDA6,0.3250302777157216
CC_2E7F248874AA,0.7253116012204333
CC_2E85BB8F3BB5,0.08630275041387857
CC_2E8897E4D9BB,0.26102817207553525
CC_2E8CCDE89E2D,0.26122547004913627
CC_2E927D910813,0.11281293096706971
CC_2E9891F5A2D5,0.1326793077045585
CC_2EA56A7EAC04,0.23802035158630094
CC_2EB45D13B248,0.13810939854796342
CC_2EC924B0EAAE,0.10783817931461648
CC_2ECC248C96B7,0.0468030200676836
CC_2ECF0C98B06D,0.3708230488030976
CC_2ED3F6481454,0.1506002936219074
CC_2EDDF0B40ED8,0.17037247863852586
CC_2EE2A139642B,0.13979028602229093
CC_2EEE072DA301,0.18102490737571555
CC_2EFEBB85DAEB,0.16367819283055615
CC_2F133BEFAA69,0.1301356753671582
CC_2F1AAE3B81F2,0.07467872042247173
CC_2F1BC47CC90E,0.03709180338432805
CC_2F2128FBBDDC,0.15815623753997693
CC_2F3D3342834E,0.05806251927997998
CC_2F42D39F710B,0.6043379515570626
CC_2F4AFE398419,0.742665546879965
CC_2F4C24B38EE6,0.07229447730469643
CC_2F508C0838A6,0.09976564944149069
CC_2F50EC193942,0.22963160605001923
CC_2F5BD03D4900,0.06739629973076092
CC_2F73AF6728BC,0.0483348515875987
CC_2F7EBEAB9CF2,0.20515912359780494
CC_2F9AD2BC25F5,0.06383935218623427
CC_2FA3172ED3FE,0.7005578519465165
CC_2FBEF8808F48,0.16481330713114922
CC_2FC014F0EA3C,0.09038210651305513
CC_2FC3AD2EC986,0.23669494255673226
CC_2FCC82AC097C,0.26352661387025544
CC_2FE2ED7D464E,0.2724855621501322
CC_2FFCC9802D2A,0.17278885745290204
CC_2FFE32627DF8,0.20169583242368405
CC_300BEA90EF3F,0.14371756024642407
CC_3017B64D0364,0.2181865796938294
CC_3017E5E87C94,0.15201780003773765
CC_3028375CC87E,0.7877389152555754
CC_302A48CFCEDA,0.08378402881847866
CC_3031F96196BD,0.37268137060015816
CC_30328ADA0AE8,0.10511500910001179
CC_30451015D913,0.028263093867250098
CC_305D33AC15A9,0.7541710776443049
CC_306015CFB66A,0.18258128574011315
CC_306413849CEA,0.40842841229819205
CC_306EF0BC7CB3,0.02914078787097823
CC_3075C5B861A8,0.10061046200725413
CC_3083D9B76858,0.0523093048880204
CC_3096994A495B,0.2215684804885813
CC_30B106BC1657,0.19814761604746794
CC_30B967417C42,0.20576954681894777
CC_30CABAFF5453,0.09184880915027019
CC_30D68208FB23,0.3671926164280195
CC_30E2A90BACAD,0.1868334325480897
CC_30FFD856443D,0.5990968855120944
CC_311EF26786A8,0.08212916821352786
CC_3129843EADE6,0.7281675608899238
CC_312C34EF683B,0.052541429987068414
CC_31302B64C078,0.12022307216695102
CC_31344A25B569,0.02960583729836288
CC_31397A399AD5,0.07408065432389348
CC_3145B5EAD7AE,0.2144843313904197
CC_3146EE0BF81A,0.1296147474155
CC_314D02632843,0.3265470543832874
CC_315133406E42,0.25745339050236904
CC_3180D1C6FB7E,0.2708933578577442
CC_31827EE8A968,0.2740917803830796
CC_319BE06CC27F,0.039433739876243934
CC_31A0A97AFFCC,0.4338296011959981
CC_31B22116E36C,0.16274403688451444
CC_31C78D9B6494,0.39060148686223783
CC_31D3FA367B41,0.12088542692671783
CC_31DAAB3E6DA7,0.17346788631165222
CC_31E36F666FB7,0.08821856228346259
CC_31E72EA14FE4,0.12039726212327392
CC_31FC6DC9482C,0.2522039019986151
CC_32076DA6AE23,0.15529407355121172
CC_3209FA12D938,0.3128557164784759
CC_320E17F947CD,0.451783247489723
CC_3223C706DD92,0.24316410973027136
CC_322EFB2E377D,0.0942507683096519
CC_3248EB928073,0.09120616985793528
CC_325D5DC52B1F,0.0818616672544666
CC_32662A6DB78D,0.1719436185695904
CC_328DD3BA068A,0.24808608854037623
CC_328DF7798F91,0.16546654761497825
CC_3295CFEB188B,0.09054521637326465
CC_329DC79286ED,0.6593634388885884
CC_32CB77D55C73,0.13137366532590516
CC_32D129B9E651,0.11592121972791854
CC_32DB12551D37,0.6766090440167185
CC_32F00D77D5CD,0.12340406166031458
CC_32FF5F6892D9,0.21795679657540254
CC_3301EF60877F,0.11984815363502448
CC_330F334BD816,0.10569208556940553
CC_331285B3494C,0.20953323293887463
CC_331364283D5C,0.09990026443513528
CC_331718E0F54F,0.15121463925829526
CC_33194D48FF66,0.08015273030480893
CC_331E8B8BCAB8,0.06846902328750346
CC_33254134ABA9,0.7856248648064698
CC_332E42439579,0.1003534685618206
CC_333102AB964C,0.14843049395711017
CC_3338AC0E8112,0.2781883831136766
CC_33656EEDE6F2,0.4146712036954175
CC_336777D934E0,0.45546598451466014
CC_336DBFE464D1,0.5055676731415186
CC_3382BB2F3152,0.13062208402888953
CC_3387207793E4,0.03496892013631296
CC_33992C973839,0.19100181119356407
CC_339C36703675,0.09552627562288996
CC_339CA5814519,0.11037849860322477
CC_33B157F2A921,0.10770300168864091
CC_33BBD10F239D,0.07233353893914152
CC_33D3B12EE56E,0.09111361844250862
CC_33DB68EA27CB,0.10375193057048111
CC_33F0B95E70CE,0.21947386673713698
CC_33F40275D630,0.04330548247038645
CC_33FD5DE22692,0.07973419425357244
CC_340961106343,0.1357587022549986
CC_340BB1F4CEF0,0.14276493059261763
CC_3410B11F1FA3,0.16453881868338227
CC_3424972707B6,0.6528965697324589
CC_34452758A645,0.029630674880066255
CC_344D239879D6,0.1397060102359699
CC_34503B6891CE,0.24842627611777746
CC_3451722A3813,0.08870317360038671
CC_34517B513D8E,0.4725069756970083
CC_346ECB4CF2F8,0.1061509889648308
CC_3478E8B6B56A,0.06878035682264727
CC_347AFDE16722,0.07996148289516282
CC_347B1A01467F,0.0380708813940154
CC_348AA62FF484,0.2598199001931611
CC_348D3F098A4D,0.09012894843766459
CC_349290E4D0C9,0.15196703692207564
CC_349347D553D1,0.27546869195576906
CC_3495CE27BB05,0.25281224944548886
CC_34B10A654721,0.1372104273827976
CC_34BD2C5130C8,0.14236357162974622
CC_34C433439160,0.058920046705739124
CC_34CA271F73E3,0.31485053977092836
CC_34CEBEA3B15A,0.07431153274305888
CC_34E58CF793A0,0.15502419703547565
CC_34E6909B6027,0.5437057713718588
CC_34F4292A8B5C,0.21683346988656377
CC_34F6DD223594,0.04730556657630189
CC_3508A7A5E9EB,0.13546079871610617
CC_35094977DD75,0.11917447536641058
CC_350DE157CE6D,0.20225402158429076
CC_351BD5C2EE8B,0.02329011936477058
CC_35486249EDEF,0.17814351509238768
CC_354C9ABE6DDE,0.061334822155901934
CC_35578162927A,0.12288251660827877
CC_357C3E7518D3,0.743295452255685
CC_3584C15BF11F,0.04286613199089101
CC_3588C5166872,0.07939471221464656
CC_35A68306B19E,0.23556554924257114
CC_35BFB3093D02,0.04735308765827498
CC_35C085ED37BD,0.5006302234228014
CC_35C695C13279,0.06258088278017161
CC_35D1668A4C13,0.21149773988367454
CC_35D27495E0CB,0.7925481665543952
CC_35D562E1DBE1,0.7165345124201448
CC_35DCDC74A757,0.46587627691705896
CC_35EC2AB1D1EE,0.13090430613539397
CC_35EEB90317B9,0.583742275121679
CC_361A9EAF7706,0.30821113139792583
CC_361B968FEB98,0.3070360606330863
CC_361C9FA031A7,0.7638511840092104
CC_3620C5D1B3E2,0.06474029767275868
CC_3622D7221940,0.035824619844688266
CC_363175E92F74,0.32218225015444474
CC_3638C9146BFC,0.1365564258310214
CC_3643A4C7EC5C,0.058283306761648244
CC_36690A9AE112,0.7176783024180282
CC_36719170F638,0.08852493839829681
CC_3673466BA7A7,0.0899802674652358
CC_36847054DF52,0.34660445037081034
CC_3691CE792752,0.7404190959503892
CC_36A27FE53743,0.5013282590470469
CC_36A3FB06D1D8,0.7900238846532608
CC_36B0F2AD5413,0.06816270065144894
CC_36B1B7BF5F75,0.17650831216431484
CC_36B68E66951E,0.46827549854871303
CC_36D3F09AD810,0.46572593184596045
CC_36DBD8424220,0.5658860273208994
CC_36E5645D8018,0.07796713829812725
CC_36E6592E4E23,0.16719570064870737
CC_36F143AEC864,0.09539059607035566
CC_36F2A735DF73,0.18517042774422543
CC_36F81C003E8F,0.03514029913688557
CC_36FCD55EE425,0.5416483845805811
CC_3701D5DB7FA1,0.08053881506179411
CC_3706E1EB2587,0.5659136412091994
CC_370E0F8EF86F,0.5494564600656863
CC_371D47444D5B,0.6896422355623029
CC_372CFE308EA4,0.6610298133270869
CC_3731D90357A6,0.3033297075336933
CC_37322F66C543,0.04016302629527715
CC_373539DE38C5,0.11707851735443364
CC_375225700242,0.3304720942846426
CC_3762D0B6F3C2,0.1107993671603612
CC_377A277E831A,0.16935822456357968
CC_377B6066B91B,0.28696228582245686
CC_378D71726B5E,0.0741058880324397
CC_37A46BD0DCBF,0.04616762843480189
CC_37B447368F02,0.7347155308355746
CC_37BFDFE369A3,0.21867176450253928
CC_37D09FE492BD,0.07307049317282557
CC_37D3F4C07235,0.2809383193409166
CC_37DDACE48E3C,0.12243555732710482
CC_37DEF85C0A37,0.3371907127250165
CC_38020CED9EEF,0.09128935303567823
CC_382207621EC5,0.7900664297656479
CC_38374AB27F95,0.07376414955824152
CC_383A5544DD5C,0.1280802367007683
CC_383C129A5B96,0.24839150511750763
CC_3847AAA649C7,0.1046274511833282
CC_3849D992C1E3,0.08296681858157003
CC_384BB17F0F0B,0.6005668768592587
CC_3851177E5E76,0.07681158234105856
CC_3862F88850B8,0.29012156899686925
CC_3867CFCFCC94,0.230654317679754
CC_3872ED018F85,0.20184544967070311
CC_3881A587C072,0.1291656822057335
CC_3882F8EB5EEB,0.6220825246096251
CC_38911341EA6C,0.09243494692337226
CC_389E5B71E254,0.5942162860369145
CC_38A0DBCD3728,0.07314811716615637
CC_38B3E9142747,0.08992281822806004
CC_38C1B8860300,0.05911749691222551
CC_38C8CF250B60,0.029108968012960576
CC_38D32B790B4A,0.1342630853176187
CC_38EB304A9915,0.18693577203695155
CC_38F26461C872,0.7645146012454095
CC_38F942257E28,0.5427475277642926
CC_38FA5D78A8A7,0.05535913072576859
CC_3903D7BCCA95,0.083947447242775
CC_39043D7ED04D,0.19103013469653346
CC_39098B256732,0.06530014110412598
CC_3909A2E4C679,0.12350066656557068
CC_392344DF8D55,0.31157903028209777
CC_392628C8AD47,0.10089360465010139
CC_39285F4C42BF,0.39579154199622024
CC_392A376EA1A2,0.08333137117054354
CC_3932E086F150,0.17266173342868785
CC_393D1D3640D0,0.06403428915674508
CC_3943B3490B49,0.6971753766296943
CC_394DE164DBCD,0.1366394407447534
CC_395600E84A54,0.1288849147302035
CC_395D181A7E1F,0.10617815185233097
CC_395E8CACC437,0.12778638960735283
CC_39635AC6A70E,0.05456349815562053
CC_3969352E3ABC,0.0855040005362668
CC_3985C0DF9CB5,0.5305462533772687
CC_3989F2C6A9F8,0.22802162751098287
CC_39A82672A1B2,0.08015450320521836
CC_39AA15DAE17D,0.6113448591466547
CC_39AA2A3D98CC,0.03355188669066961
CC_39AC257B00C5,0.09836349035403102
CC_39ACC63CDAEE,0.1289100283283825
CC_39CE40784C2C,0.2117377709042665
CC_39E1A306D418,0.15047469030305932
CC_39F2B11C46D7,0.08855975248057721
CC_3A10F5F50A27,0.04267833585796506
CC_3A27CF9D162A,0.5810822306440799
CC_3A297424A7F7,0.11855815583195148
CC_3A39F7930BF3,0.0878665315697731
CC_3A57566F9977,0.5858479389510353
CC_3A61121254E6,0.053886750595599546
CC_3A81C568A7F8,0.2148106206352263
CC_3A82E7050A4D,0.04444358664698597
CC_3A860AADE6CE,0.13760980657051042
CC_3A8B3FC29C9E,0.129639435994631
CC_3A8E9056A5A2,0.11380037275991847
CC_3A9617A5777D,0.42806734798002766
CC_3A99D25777CD,0.13705477428620977
CC_3AA9E8D01340,0.5759531367387739
CC_3AAEFC09C290,0.7053406793022674
CC_3AB5E579843E,0.25725844862553277
CC_3AB77A30AD40,0.1750317545394197
CC_3AB7BA36A414,0.304711673252193
CC_3ABA830A5BB2,0.11766668168229354
CC_3ADDDA550A57,0.10674669410355304
CC_3AE7B1151DC9,0.13416344644614955
CC_3AE9A209EE00,0.050368269689546954
CC_3B06FCD75C98,0.057320557832643976
CC_3B0722FB5E8E,0.2903539871559937
CC_3B1C51DD7429,0.17902943880120206
CC_3B1F4696D710,0.6152487811494053
CC_3B224413A072,0.24090210049425437
CC_3B35C3783CCD,0.25221244580418956
CC_3B3626F3DF9F,0.2443667950960008
CC_3B4405C7E486,0.5589005348788753
CC_3B4C4A9C9D99,0.2909048301280255
CC_3B72F0E9E3F8,0.21657900220576418
CC_3BB02A95C6C1,0.7188017807566127
CC_3BB8B675C2BC,0.4207173510946228
CC_3BC51B069218,0.1138218522687443
CC_3BCA5BD201AC,0.1573599188122534
CC_3BCAC9793441,0.28996629232301335
CC_3BCBC867AC4A,0.040631926097806886
CC_3BE51412ABE7,0.42533700491130677
CC_3BEA98B401CD,0.6930429768996242
CC_3BED6DF1ABF1,0.15409107933587865
CC_3BF0BF7CF827,0.8003898376259533
CC_3BF110035599,0.598872725703615
CC_3BF213810DEE,0.6475622779725754
CC_3BF21CA88D3C,0.444878761274883
CC_3C0E29764C71,0.06348573029292659
CC_3C19509D4636,0.14911800917533707
CC_3C1B038BB068,0.15407915187074
CC_3C594CADCA2E,0.21335813942268927
CC_3C5D909498F7,0.6688169657964923
CC_3C68D5179A01,0.11800863326632148
CC_3C83955704BA,0.7845291867632473
CC_3C93218F41B2,0.3190575788555281
CC_3C9CFC8FB4D1,0.7094652329206872
CC_3CA266EB55BE,0.11037953477476824
CC_3CE49C937F7C,0.09875105461427373
CC_3CEEB9C04F0B,0.3837669893418918
CC_3CF504AD4DD9,0.0648249211973661
CC_3D1092DBC5C2,0.2057366002182136
CC_3D185833E7BB,0.04109490315311128
CC_3D2309981121,0.35617805098246724
CC_3D27A0086AA6,0.16610121452711657
CC_3D3BE7D0F4D8,0.11357545343517866
CC_3D412B5EA919,0.09544565198880034
CC_3D47650C6F30,0.07730379436521917
CC_3D55D1FD8457,0.04916946680110363
CC_3D599501BA76,0.07462672420028374
CC_3D6181EE3C87,0.6842719429616333
CC_3D65CC165F44,0.12101592497873245
CC_3D6CF6DB8014,0.4196578739196469
CC_3D7C14801D40,0.18378403806348995
CC_3D836BDBF866,0.6170615913336942
CC_3D8DF3A3DB71,0.756664426288479
CC_3D9309851089,0.1884364328085913
CC_3D9ECB4274C3,0.13936745445148646
CC_3DC8A9A92802,0.3145860561329924
CC_3DDD3813D1D4,0.1001810560014165
CC_3DF3FFB3CFC7,0.12318059134538342
CC_3DF88701601B,0.15797229593634074
CC_3DF91A482CFD,0.32757671321837833
CC_3DFD6349D046,0.6589631474910609
CC_3E0D54125AE0,0.1893986376633106
CC_3E10CFE1DD57,0.046707870675092925
CC_3E13CB98572B,0.13941710058513057
CC_3E142C8ACA6F,0.07969059120421465
CC_3E1BAC4E5B90,0.06132121191756293
CC_3E2DD0D1E2D8,0.14538631780658398
CC_3E403BF08A45,0.08925547787034846
CC_3E46368104AE,0.0887393604159143
CC_3E48A086B5C7,0.2538088557809625
CC_3E54451B0F6D,0.07716273792264627
CC_3E6335ED3F4F,0.09854936623607322
CC_3E87A65C50A5,0.18190753900602086
CC_3E91109E2090,0.05707405668391434
CC_3E92A1EDA618,0.2405973702443868
CC_3E94684FE270,0.4535945447342524
CC_3E9DB402F352,0.15192146505531762
CC_3EB5A15A6C04,0.7865637322817092
CC_3EB8A9A6C49D,0.08697729934291987
CC_3EC96BC884F2,0.12751850120652697
CC_3ECA9E44B90F,0.26702634983917406
CC_3ECE4EF16A44,0.16390782884097688
CC_3EDDB8E70F57,0.22652876680220427
CC_3EDF137D0E1C,0.14142078777787986
CC_3EEEE844410D,0.3756863862011614
CC_3EF4F348C967,0.12554496428728762
CC_3EF91DD11A81,0.14282787614121226
CC_3F08C55E7A40,0.19546310664313538
CC_3F171CED0CFA,0.0284337340254375
CC_3F2544EFA753,0.1333013771513744
CC_3F28F3286CCA,0.0801132541029043
CC_3F379CB37B0D,0.16260956579987756
CC_3F42D798AB1D,0.659646338344738
CC_3F48724540D5,0.16974426491180983
CC_3F68068E2D5E,0.10451614309056675
CC_3F7FBE71B77F,0.058809094612232174
CC_3F80017B8599,0.05884122777405752
CC_3F8B17953200,0.06067247343983304
CC_3F964BADC4BC,0.7261195530271537
CC_3F9767602FCB,0.20298224192729392
CC_3FA84F0B23CE,0.05786479124207162
CC_3FB4B189143F,0.15141580010859337
CC_3FB7C976EB26,0.48347638031301665
CC_3FBCEB2F36D5,0.1258300212959448
CC_3FC4FE843245,0.1198699377305047
CC_3FD52E32FE8B,0.6977924643405663
CC_3FDB44EC6254,0.05236196968539764
CC_3FEFBD6DC62F,0.2213609779590991
CC_4005466D00ED,0.33089772386952787
CC_40095FFBC1A2,0.06111553744394392
CC_400F1887A662,0.11644485368697188
CC_40133FF3069C,0.0778184059018767
CC_401C6F0EED5A,0.10512157060469723
CC_4021AD03FA01,0.11385678510701887
CC_402E91F3A56C,0.12387787484154822
CC_403754B6988D,0.1208810310145039
CC_4052DFCB1656,0.21215914213480175
CC_40579C5C13D5,0.7978514340958557
CC_406937FF97E7,0.08339648661879341
CC_406C4233347A,0.15869162824120936
CC_4073E42E11E4,0.2590960935801211
CC_4077BB12A5F4,0.12206252669124724
CC_4077DD5B5C4F,0.1253167137063864
CC_40824D899215,0.09359276025527821
CC_408D79189FBF,0.31994740819790973
CC_40A3F1D5EA0F,0.36724767450638596
CC_40A852A592FB,0.13333760001555695
CC_40AADA91D560,0.22489441139928465
CC_40B39CB2CC58,0.036866155076458594
CC_40CE2030F058,0.051830575834219156
CC_40EA2F8481E8,0.1706496781984452
CC_40EFD7778F98,0.14484544591264092
CC_40F278D49681,0.2924700009618126
CC_40FFCF631F19,0.4045955419919325
CC_4101D1B82788,0.2089439708088962
CC_4109B79A4B06,0.03377326744218188
CC_4119348F051A,0.12854800444301512
CC_41206EE45803,0.07942386633957285
CC_412DF740DA62,0.13965786794599133
CC_413AB4CA7451,0.09765534983744356
CC_414C06C60FF7,0.7130856339515979
CC_414F50748A51,0.05318234333620402
CC_415C65EA66AA,0.05548786782419382
CC_415CED95F7CA,0.13655378182828312
CC_416584250060,0.08690672073520105
CC_416B3A1F0F0B,0.09879796466301416
CC_41735021FC7A,0.1715125910890643
CC_417858CD20F4,0.11046148476860237
CC_41902EFB3974,0.0487912105786705
CC_41A27790EFBF,0.11193553359435834
CC_41A4A223F39D,0.12111316135941032
CC_41B464757ED6,0.1331942554855521
CC_41D1A87E1136,0.4209757455224675
CC_420FE297808E,0.04423881127624043
CC_4211096D5588,0.14868139300786315
CC_421F4D78128B,0.4667156151177136
CC_422F2780C85A,0.3273508556685061
CC_423B0296BE24,0.07400101144483455
CC_423E78000AA5,0.15308668227050948
CC_4246081DD359,0.09199806912889028
CC_4249EDF2FDCC,0.7988506170904663
CC_42568C67F412,0.34998209380434764
CC_426A25EA9E21,0.7473227824121507
CC_427ECDDEECE6,0.3133847229195119
CC_4289EEC8F0A2,0.1618748270804632
CC_429A7158AD07,0.14670939537267963
CC_429C51AE729D,0.037111844234611904
CC_42A0DE1E5E80,0.07869837075394966
CC_42A7D0F5388F,0.09069019298744335
CC_42B23C8C9F66,0.18417739966724744
CC_42BD3999AC3E,0.2663967233877694
CC_42C95B199130,0.4116865225999607
CC_42CD6CE97523,0.4816961390439654
CC_42DA114F12A2,0.2723603833738674
CC_42E2736AA331,0.20956716177300186
CC_42EA825C351B,0.4360169026893627
CC_42F1B2B4D258,0.5478811539084961
CC_42F4588EB38D,0.33333377208106696
CC_431F29A12E99,0.19517303899832042
CC_432EB78A198D,0.22534067003856978
CC_43383344BC72,0.19201100440579877
CC_4339187DD10A,0.0618273335580774
CC_4344A2E7EA1F,0.5345899932838316
CC_4347468ABE51,0.5732726069138039
CC_434894BC2577,0.05276758610292413
CC_4362DB93FC92,0.08920202668398951
CC_436850DDC704,0.13408824920435558
CC_43698E2EEA0A,0.09675580278741784
CC_4387F73F131E,0.13638612500430683
CC_43A33C994C70,0.35377252180760765
CC_43ACD82B5514,0.3145397632211892
CC_43B37131B8FA,0.19569812070360573
CC_43BFCAF8BD20,0.20067113382426466
CC_43C060E01266,0.205460527456728
CC_43C41AF27375,0.05930135538040464
CC_43C5AFA48B93,0.060126588880507995
CC_43C767A44C55,0.19126792206996845
CC_43DECAB53552,0.045102681734798235
CC_43E6D931158D,0.35999369258531816
CC_43E9F88019F8,0.06331505834448894
CC_43EBD6EBD675,0.06718465028999811
CC_43F81C577002,0.32841834610068366
CC_443C4E041687,0.08716977933640863
CC_443F63BF238A,0.10337633867909549
CC_4463776F9AA1,0.08733895781368725
CC_446F1EDF03C8,0.06866582164489436
CC_447BAD4F7820,0.8170446760148506
CC_447D02F917B5,0.055998533478233095
CC_447E705746E2,0.14689390653576664
CC_44A017104F93,0.6511706508179829
CC_44A1E58CDBC0,0.044339975152176685
CC_44ABCC04C418,0.08730793902834345
CC_44BF6BCCFC2E,0.048310152152896614
CC_44D0671A3B87,0.14181574714069098
CC_44DBEE3A7D81,0.17416968307826514
CC_44F7DD6A88A1,0.2025619455119136
CC_45080C42280D,0.2080055780789213
CC_4524AD74135F,0.4774934033920224
CC_45262103231F,0.21217007255864073
CC_452D8C5D039C,0.7875114151397167
CC_452DECDBC90F,0.0618281589495093
CC_453C9B3A5992,0.4849704879166184
CC_4542AACA1FE4,0.10652802719335336
CC_455209549D3B,0.7842462671105075
CC_4555C804C4D0,0.06287223861493846
CC_4581E4190B2E,0.09690457765790159
CC_458912F91D6F,0.4007104566775251
CC_45913E1BE65C,0.32855666193683586
CC_4594791FB40D,0.11849171716093793
CC_459B49073E2C,0.3605233272340319
CC_459EA8E0E2EF,0.12275689983632866
CC_45A4A38557E9,0.13855774854114478
CC_45ACE2B1DB6F,0.062006967346171254
CC_45C1A92F0E8D,0.09833533406921022
CC_45D0673EDD20,0.15927794116682578
CC_45D70DC84DA0,0.11088236638564322
CC_45D96479EC1E,0.05317429279278602
CC_45E8597BF74E,0.06581839923513154
CC_45E97246F83A,0.2896729232391363
CC_45EC44761309,0.129965539856584
CC_4603A6F83E2A,0.05050464045409234
CC_46045CEE8330,0.05908841959853964
CC_464E17187A4E,0.39027932148163846
CC_4659FB4B8536,0.14002416627137226
CC_465EF4F9B68F,0.17121923943896983
CC_4663FDE62E3A,0.2686640536281344
CC_466D54BE0809,0.09042911273311699
CC_466ED9BD34B5,0.08150461911475902
CC_466F7908E13D,0.18806611252929162
CC_4695A5525A11,0.1722373475140058
CC_46BBB8A4854A,0.05637557463062365
CC_46BC61EC8F2E,0.1901992287701023
CC_46C0DFA660B0,0.12832991341528732
CC_46C2DCF84CA0,0.10039304953745361
CC_46C38B9F0D8E,0.09978921137728283
CC_46CAB9AE7C87,0.5389200329714792
CC_46D0D1ADEA59,0.16299354599467514
CC_46DFC1AA0821,0.7532669542976338
CC_46ECA5976180,0.1304245875104546
CC_46F5F6D27991,0.07884539340286378
CC_46FE9F226120,0.23921304481428882
CC_47130CC63FC5,0.1549735508375419
CC_472330768F5F,0.0900785591731203
CC_47292EBB8BD1,0.12531110021185263
CC_4734AB1281DA,0.05979621541133197
CC_473989E6BA47,0.2704959081951953
CC_473AE07014DC,0.1588700095311705
CC_4741EF45C3DB,0.22031064093984465
CC_474586BE49EB,0.14025732665128926
CC_47490BF44944,0.3084408355766526
CC_477213DAED38,0.08920235608290199
CC_4778086276B7,0.1332309275628472
CC_47910B073CF3,0.17954070135013772
CC_47939776FDF6,0.7073886522706728
CC_4796F6A64420,0.06653654823998345
CC_4798549B52ED,0.3086814813637929
CC_47A3714E7D2E,0.31107225905759084
CC_47CE219EBAAD,0.1754064136236997
CC_47CF9074E03E,0.16442376550117155
CC_47E4537A53FD,0.15003245931816692
CC_47E8BC938FA1,0.15227750611980972
CC_47F134D17818,0.1190050905743257
CC_4812FBE05C7C,0.36194468549612185
CC_48152725FAB1,0.5171107029490039
CC_482256495FAD,0.6630646554917068
CC_4829FF15D21E,0.13855392826823978
CC_482D26D81935,0.6384864411380688
CC_4838990A8D02,0.07286616612493163
CC_4862EA9CD1DD,0.04922081020069174
CC_4862F8C1B0AC,0.0863720359400805
CC_486CD67D26CF,0.17386551592599908
CC_486D8F9AE549,0.30968820503925854
CC_4877D1BDB737,0.11873503726141993
CC_4885E34F0B26,0.1326030744373218
CC_48928CA8082E,0.15698811879409935
CC_48A74FF0E6C5,0.09114287862852027
CC_48E0791DDD62,0.07327408013309715
CC_48F620B6A472,0.11017042145783293
CC_48FDBB1D7493,0.1369984751802132
CC_4910EC928152,0.13165156069422856
CC_491C18C17767,0.0660200769741933
CC_492F65EF8D9D,0.7835343090160911
CC_493DDD53B97E,0.05302992370951793
CC_495F82AA5B9B,0.16134871407051868
CC_49618412FF86,0.08711673057319902
CC_496A7CFA344D,0.7409084638875248
CC_4983EBABAE3F,0.06454319021015728
CC_4992C1915957,0.5781373384949495
CC_4993B31028A7,0.08883332935712573
CC_49945441A644,0.1833484786303866
CC_49A80692BC68,0.12328691791742122
CC_49AB67613A58,0.16662475091755363
CC_49B05CADDD95,0.5465141210852879
CC_49C6F9AD111E,0.10006152658559898
CC_49CEB94F0B3B,0.04227721090257878
CC_49D3A79B55CD,0.08771554400562487
CC_49D6671DAE8E,0.12211309568586777
CC_49E6C539B1CF,0.05520764267318787
CC_49EEDF0DA684,0.03500532052187517
CC_49FC290E33A7,0.17460949080762014
CC_4A01CF2F67D2,0.7171883251590617
CC_4A16DC668832,0.5316202872030907
CC_4A212461781C,0.07179084709697958
CC_4A237A8E6706,0.137419632059201
CC_4A3DFA0E27A4,0.14216443493772538
CC_4A513D39DCE3,0.048989538051263555
CC_4A532B0E6165,0.16247708963211402
CC_4A5FA9F1C804,0.09681323105522477
CC_4A7BDEC665FF,0.05221900406720315
CC_4A7FC9B23222,0.32840793734044
CC_4A8A7080FA25,0.2734158248429567
CC_4A8EFD589879,0.05612681035293576
CC_4A8F7D2B857C,0.17920815486555766
CC_4A91E8D4289D,0.39900103237839035
CC_4A93163A12F4,0.325442381496034
CC_4A9FEF48EA65,0.12693743595086904
CC_4AA73D751AA5,0.3247276250934322
CC_4AAED0C85F70,0.14790631863136325
CC_4AB1DEF044AA,0.036453963858107424
CC_4AB5AE299217,0.1841306111109316
CC_4ABA0CDC2270,0.18303069623245002
CC_4ACFFC2F295F,0.6558330977477869
CC_4B0490BAB1B9,0.07186189508457641
CC_4B28B03CEFEA,0.09804773162610254
CC_4B420765EB9A,0.12047727168221788
CC_4B47C16D9867,0.11930855560911005
CC_4B494C4D7D03,0.4133545713995056
CC_4B4C84B015C2,0.042966361161418304
CC_4B607295E983,0.045763674340585814
CC_4B6D24E81483,0.061244315940479396
CC_4B77AF6FAF2B,0.6631857070645013
CC_4B7EC3F2FFBA,0.056051299197625415
CC_4B85318DFA50,0.12449459705914682
CC_4B9B36B36DA5,0.7346417088444934
CC_4B9E0AD5D692,0.5248432929828081
CC_4BA041C9678C,0.11706604258724664
CC_4BB40F2129A6,0.09213569224934307
CC_4BB8FD274E2A,0.05376179585868082
CC_4BBB8118FBBB,0.1380933184872858
CC_4BC8CB91719F,0.12913060403896837
CC_4BE447D54BB8,0.16042785228742282
CC_4BE85B1BDB62,0.3317085035770871
CC_4BEF3C7F6395,0.2667945433092488
CC_4BF03FF61B97,0.4221381758894564
CC_4BF4C38EAE8D,0.22987742514892118
CC_4BF95B8140C8,0.09852345741855387
CC_4BFE0CB61B5A,0.4231042806259336
CC_4C2A3F254101,0.3757526245574244
CC_4C351DEB6230,0.2260954179513644
CC_4C38031A2A9E,0.10918259291493301
CC_4C3E35875F03,0.08835973221801291
CC_4C4D79F933B2,0.1317552150300325
CC_4C56497F4AB0,0.6567088954462075
CC_4C827B493CFD,0.1652344053404054
CC_4C849C6073AF,0.11720047999972565
CC_4C869E6F618A,0.15750460299241753
CC_4CA21C15763D,0.12124688953276413
CC_4CB2F1CAE684,0.11290557742063398
CC_4CC0265E0778,0.05366388242897662
CC_4CC5483903E9,0.560008934739145
CC_4CD7C76FE235,0.4225481062853671
CC_4CE2BFED4F4C,0.08220011859016835
CC_4CE751CB58FA,0.39778248759644597
CC_4CF3E184C500,0.0394267775131768
CC_4CF668E60D64,0.27059386283265585
CC_4D1A1AF53E18,0.043780186034431935
CC_4D29155FCF33,0.1869737225540961
CC_4D2CC7618AC2,0.5395813338174359
CC_4D350FF7402B,0.35091442443646914
CC_4D38AE84E3CB,0.19501556719789453
CC_4D4140E1056D,0.0961296932085613
CC_4D5545FAB130,0.5409813117784913
CC_4D55E218946E,0.10067482793115844
CC_4D5E14BD6AFA,0.10637581168877955
CC_4D78935D66E9,0.058244991483752145
CC_4D883AAAC6C9,0.03444803325368467
CC_4D8D8108C51E,0.623375068958689
CC_4DB40331777A,0.7891288420297038
CC_4DBC8652D26F,0.08553251417668792
CC_4DC0E154EBB0,0.7125339168746915
CC_4DD5B8780C4C,0.08748436340233445
CC_4DE0070FF683,0.11313384233466042
CC_4DE688CDBC27,0.09743893743311312
CC_4DF37857FCEF,0.06694444566235543
CC_4E20F0249BC6,0.7527641130564211
CC_4E2F01B7B9EE,0.16110583843559406
CC_4E41C247B4E5,0.1718378921315588
CC_4E479F6989A1,0.06756608613963924
CC_4E48AF17BC29,0.07799187862152733
CC_4E6BE67E3C4F,0.03707785843868087
CC_4E70939C5933,0.4500393190237703
CC_4E70FB172717,0.17901547261916073
CC_4E726EE8C026,0.2548701860610295
CC_4E76F48DFDEF,0.10100083234128276
CC_4EA180B2B913,0.03457836067005894
CC_4EA67A160C3E,0.609681407710015
CC_4EE41FC91AD2,0.1870203209409191
CC_4EFECC6C2E36,0.6744145936735072
CC_4F22CB97C34F,0.042926735719429135
CC_4F2444DC6C75,0.7913040875962651
CC_4F2B7F512DD5,0.06688303220525132
CC_4F504A9744FB,0.12431576141737968
CC_4F6FEE589187,0.14915775360337527
CC_4F71AAF96C32,0.09138896231752357
CC_4F76E57C55EF,0.35321991497711164
CC_4F88D3E5AA2E,0.040257665071641885
CC_4F8A4384F6DE,0.13791855423885013
CC_4F8D83DCCF25,0.22447869252155422
CC_4F956AA47816,0.6749515525347154
CC_4F99FCEA10E8,0.10634382793573063
CC_4F9F10A183F6,0.07289836387734938
CC_4FA766935F14,0.1279916466192979
CC_4FB0B9E398F2,0.3514858834088368
CC_4FD0DF6CA3AA,0.05454105899414405
CC_4FD902F7ADEC,0.08031814180675423
CC_4FF1155E3A6B,0.3821505408809716
CC_50103368F241,0.0848487352008793
CC_5012B9991935,0.10063745890865977
CC_50172FF2C2C1,0.14038877129341787
CC_5017C9BA7773,0.05935961840794565
CC_502C3D0EC4CA,0.12244850972408783
CC_504157951119,0.04845671562739894
CC_5042938B5A9A,0.4340046736674542
CC_504A57293FE4,0.802793055978725
CC_505812CFE43B,0.35723327781740793
CC_505A6EB06E39,0.3295378316917175
CC_5064CCE0EF29,0.21170780691994326
CC_507BDF639FB5,0.18796332115336112
CC_507E53684AB6,0.13986235716744877
CC_5087A0D1765D,0.2349644199999289
CC_509229AEC221,0.18441723830994772
CC_5092D3A72B03,0.21620826379146876
CC_5092DF691F74,0.5174121135435636
CC_5094BB59416F,0.23352803104647635
CC_509926B384D8,0.7681004270694787
CC_50A6C96DA7D3,0.05598199127712801
CC_50AE75A10F3B,0.28355708686593517
CC_50D4BB93EB1A,0.07070931913505793
CC_50DF7B02E356,0.1781981764933973
CC_50EB53CFE7F8,0.05250472046276219
CC_50FC7D563CE4,0.1599381927981009
CC_5100E6EAA3FF,0.19187626571918293
CC_510F2944B2A0,0.11771120187360595
CC_5128881AAD54,0.1554549067408765
CC_5138941DB7A2,0.16273507938622606
CC_5139EF8BEAFB,0.15678078046241678
CC_513E5EEC6B04,0.11415947725908301
CC_51427EF15375,0.28156530930996154
CC_5147B281DA64,0.38254946533197143
CC_515D968ED36E,0.08382099489228381
CC_5176FF858154,0.12398531847552824
CC_517CB40FB016,0.08608349141690891
CC_51884D5F3E4D,0.10684266113373456
CC_51AE98263438,0.13777613873717087
CC_51C9CE782368,0.15679896795291787
CC_51CC80D1570F,0.06076901543400721
CC_51D2E3476902,0.07309835686107523
CC_51E05E706D64,0.1274406573695785
CC_51E5A5E9801C,0.05203774650296539
CC_51F5DA44F9A0,0.3753177695219092
CC_51F6BDD355F4,0.05527655487971711
CC_51FE657FE212,0.089033673018794
CC_520950C9BAA3,0.062086187661885145
CC_520B1D31AB99,0.12125261232589382
CC_522550E1761D,0.7550231210841956
CC_524CD519E76B,0.09770154063130425
CC_524FE9E3DAD3,0.43340230191907075
CC_52629A025048,0.1107373532801087
CC_526765FC100C,0.23854286407673597
CC_526E56249FFA,0.3285107651895734
CC_528B42A34966,0.26696684937530385
CC_5292B36E4882,0.23792997630821283
CC_529A2F110236,0.1388910404657509
CC_529BC4ADAD6A,0.20834539528951718
CC_52C1C5A6F887,0.08757410244468973
CC_52C3B674FDFD,0.22092207337662223
CC_52CCBB8F9964,0.08553533125159458
CC_52D21FFA24DE,0.7240209978684446
CC_52D32EDBAA78,0.1825081381772372
CC_52D7821A8363,0.13585990167669296
CC_52D9087EBCD6,0.8098113625337195
CC_52DD62E1AC2E,0.1838482014719521
CC_52E8B04F0FA0,0.11752314478504836
CC_52E965E9E2C3,0.14923294881161336
CC_530BA492842A,0.3035648372236189
CC_530F6E906D6B,0.03505902156321533
CC_531FCFBE3B13,0.08477300009520115
CC_5320DFEAD897,0.18009352383100463
CC_53319AE7B829,0.6620783756927534
CC_53481151859F,0.04408959715455365
CC_534D4FC05F82,0.1944802916787925
CC_53687DA8C9E5,0.3491112171313565
CC_53795A7B7751,0.04064357585860248
CC_538328A6B3BA,0.46491211047750564
CC_5385266461B1,0.17587378541310433
CC_53891CB35BF8,0.15118256278969922
CC_53A6E1083B13,0.06917027352821334
CC_53A77DA726A4,0.06668339686966805
CC_53ADBC2F6E34,0.21921794819981555
CC_53B249809561,0.09166225889019855
CC_53B2DF5B019C,0.05577407666055771
CC_53C1F3E031A3,0.17733708022264597
CC_53CBF2E8AD05,0.4115067430027617
CC_53D04793ED9D,0.07156312380303348
CC_53E23A9B6F74,0.069776491380861
CC_53EB59C99100,0.39949253656479333
CC_53EB9AC04311,0.10376808942602855
CC_53EC732C9B30,0.03174994930608507
CC_540122E71534,0.14463620773201202
CC_5405C89DF8BD,0.7052845258179354
CC_540D69F5BA23,0.15515336184521514
CC_5414446319CC,0.7055948408797764
CC_5418410F95A2,0.08024162129457511
CC_5431A01C30E4,0.0898064392513502
CC_5452437FC605,0.39411274449564426
CC_5452979BF98D,0.06435585090400198
CC_546EE83F84A4,0.5042289708382884
CC_5473268241FC,0.1559567983239177
CC_5474EE64D859,0.2877360785980281
CC_5476E2B2FCA0,0.12027791515691062
CC_54892024F98D,0.17944387660897568
CC_54B33C66DCF7,0.09892124608743808
CC_54CF66B660B4,0.4290528459900904
CC_54D3A35EC69F,0.06687226818734299
CC_54D6AE2665AA,0.11561544899951916
CC_54D93974E62F,0.332498061511592
CC_54F5F552A0F2,0.12479741854826132
CC_54FC3B361BDA,0.084017977101798
CC_550135E8FAC6,0.14393971707440423
CC_55020AD0D117,0.13355055133963123
CC_55094AF7EFEF,0.09919970077494238
CC_55126E23462E,0.043646511018169735
CC_554C21CCAF3E,0.09746985820991685
CC_554C912C7DBE,0.08152554567483389
CC_556B02A2B401,0.2860263772219163
CC_557A0B0CD0F4,0.16644933528642447
CC_559A14E729EB,0.3145209369095812
CC_559F0DD4E4A7,0.31540934298546996
CC_55A82B4E57F6,0.15098646283383713
CC_55A98ABE4C75,0.13125471362639052
CC_55A9D45EA466,0.04449795538992583
CC_55CB872FF50B,0.2515031896101949
CC_55D9E3D58435,0.18369816031802735
CC_55DFF3C3BB46,0.08144644986699888
CC_55EDC3996984,0.1614756113008603
CC_56013299D8C5,0.09315759590064737
CC_560B519C1F50,0.08304970553605606
CC_560CABF0F5D0,0.22029401209615693
CC_56178AD87948,0.2546927337656915
CC_5619A7BB54EA,0.11011300350069855
CC_5624319D7B28,0.10590482698257594
CC_5625119D6C37,0.2034727293592003
CC_562BE7245E1B,0.7061008139969319
CC_563684010DF5,0.5752874432575211
CC_563EA9A29338,0.10737383154328498
CC_564590AFB575,0.037110572263469976
CC_565E01191BF6,0.6076024588519204
CC_56612A039382,0.05824696502447333
CC_5665FB827721,0.5818813193697745
CC_566932C3CC97,0.10164469014897963
CC_5671D59B2A51,0.1281718736813532
CC_567E7DD24A97,0.09116911070187167
CC_567F47F37683,0.03859899151222783
CC_56847A91065C,0.09753731564477608
CC_5698480F8634,0.05904820423732236
CC_5698B024CECC,0.5817324007437498
CC_569DC051A2EA,0.11157874468374993
CC_56A322152604,0.32599151107077656
CC_56BFD9A8335D,0.33183365510756957
CC_56C9379BADB6,0.04114498176786334
CC_56D410FD8F56,0.3490168594804511
CC_56D4549919EA,0.1761435964344513
CC_56D918CA6353,0.12555607117790202
CC_56DB30CE666D,0.15402454329919552
CC_56E760C3206D,0.24452862296037076
CC_56F73F905615,0.8120093301121659
CC_570683C088DB,0.14058874629580204
CC_571C6AFD00ED,0.37757333296796525
CC_5725663C3B89,0.11156143548530825
CC_57291D7667C8,0.17011189594690448
CC_57313F6E7927,0.18870284939421209
CC_5735F9B859AF,0.6243904885087148
CC_573B34826B2B,0.6404015499980478
CC_5744447CAF7A,0.06038966053602059
CC_574CC0FC7B05,0.10596765436501347
CC_5759E2982909,0.07566991007467816
CC_575CCCCDD7B6,0.6430139103649861
CC_57603A37D19F,0.03667225375804055
CC_57639D4995CF,0.21968915320304638
CC_576E6676FD55,0.06995524418223592
CC_5775C148E05C,0.12169521392123601
CC_5798E560E9F3,0.7661705910054424
CC_57A486F61065,0.5988463819019059
CC_57A726458B99,0.05858255527507001
CC_57B0D41BD7D3,0.35374797101045186
CC_57B501E60C35,0.07214567811993929
CC_57CA90509CB1,0.7313972254857564
CC_57CB7673547B,0.07201495414898645
CC_57DE479CB61A,0.7375211891023044
CC_57E7F1A6B895,0.03698410658247146
CC_57F13C4115FA,0.35219272830370096
CC_57F480CA9A42,0.08666385442926075
CC_57FDFC6DE726,0.2593518876507305
CC_5810468B76BE,0.15216047706899324
CC_5810F212B2EE,0.31245520498509566
CC_5817759E7007,0.14685779987757086
CC_5818B5089B3C,0.1105285718357923
CC_582C78363EB6,0.09881078666988968
CC_58391600720C,0.15069523016973763
CC_583D7B177F85,0.07679380379780996
CC_584C11014F63,0.13802158376216256
CC_584CDC12578D,0.06230751043656366
CC_5852F443C55D,0.08965083174528181
CC_58565AF0F70A,0.5092251567634898
CC_58568DF9AECF,0.16899561228740426
CC_5859EE6309D5,0.4367601393829349
CC_5872B45E1C19,0.7358919189338129
CC_58797A417EEA,0.22809346935672004
CC_587A4844B482,0.23023452120987223
CC_587C0CC3DD82,0.6477692955793429
CC_5881A04052CE,0.09416195229272004
CC_589A4E02EF81,0.14428704793041522
CC_58AB46E5655E,0.15764200257042424
CC_58B0CFC9F3D2,0.05421894339473321
CC_58BEFDA6B4C6,0.11954717222000805
CC_58D95C7247D5,0.05691023777683529
CC_58DBF3409D48,0.05959188772520027
CC_58E35A47B880,0.17675391909389598
CC_58E40EFF57CF,0.402044352712148
CC_58F551219BD6,0.048189111631446985
CC_58FA76C6C45C,0.5794227805076836
CC_59018149723B,0.05722968091146339
CC_5904459ACECB,0.7819735347795113
CC_59088B2886E8,0.03161458449373638
CC_590D2E0AD18E,0.5809928642956171
CC_59146CA05E8C,0.05842194205131444
CC_592592397DC2,0.5015904549001885
CC_5926F5B4E054,0.15442897197472094
CC_592A5A163624,0.33152062851063635
CC_5941C323917F,0.07857470559051195
CC_594E4E86A1C6,0.21642979126971007
CC_595ADAA76A32,0.08730155722952312
CC_596A20270C3D,0.1852652134326343
CC_5970E93E11DF,0.2809948729819211
CC_597AD111527C,0.11644847332288527
CC_597FDFFA265C,0.08837576277693744
CC_599C287D2BAA,0.38214974172280297
CC_599E345094D2,0.12987866837301948
CC_59A4741B5A92,0.18278962475673177
CC_59BB3A5BA2A3,0.6013204141021428
CC_59BFD1200F6B,0.19565642088620397
CC_59C07CCAF4E0,0.20718680232716657
CC_59C49474B501,0.1415103658816182
CC_59CFBC2CA471,0.5700258248033337
CC_59D62BE0C0C6,0.10690209173404686
CC_59D86F572716,0.11380201469586665
CC_59DF71FBA4B0,0.04444707300900725
CC_59ECB7465DCD,0.06382702306924112
CC_59ED43A803B3,0.032739709523843655
CC_59F5E81F4EA0,0.13454843254333018
CC_5A10371BE7B1,0.7987853769637343
CC_5A2F9A594A05,0.5652533564445319
CC_5A38E46246FC,0.42648343691913293
CC_5A3F52B0A07B,0.21761941187259848
CC_5A5507A49F6D,0.09848466722846247
CC_5A58A5E6DE82,0.10622930581332693
CC_5A5BB6DC1018,0.20879689673956237
CC_5A5C0DF50E01,0.11675773847240233
CC_5A633C535360,0.08919680773693348
CC_5A67E62D8D5E,0.6304732405938365
CC_5A6BA0007593,0.11786801901250983
CC_5A7513434C72,0.038448889253491304
CC_5A756D8AE60D,0.24671702099121012
CC_5A7C13841B7A,0.6508912842274863
CC_5A7CBB6E8716,0.2138135707463491
CC_5A83A1E25A2B,0.35957721941927173
CC_5A86EB53A14D,0.728359138492209
CC_5A89E13CE597,0.18698034581362705
CC_5A9466D0CF9F,0.108315683634538
CC_5A95331BD0C5,0.11290492049976565
CC_5A9F63C3E428,0.07140059152824879
CC_5ABC76FF707A,0.0597473379311657
CC_5AD0F1B43457,0.09814183558554405
CC_5AD82250C271,0.0392310178251084
CC_5ADD27165E38,0.7241764353743851
CC_5AF32E5C8018,0.041106130865266696
CC_5AF3690FA0B0,0.1839560708738031
CC_5AFDFAA63B45,0.15929080624989297
CC_5B025DA26FE6,0.04958080793190471
CC_5B07C7DE7E7E,0.22332612165906573
CC_5B08171A6880,0.19061579715195248
CC_5B09FB1A0BE2,0.06877515880335343
CC_5B0D6BA12702,0.45624022224321126
CC_5B0EF2D4C3CC,0.15270699963101944
CC_5B195D88C182,0.37008142759283014
CC_5B1F6FE71A38,0.06094015597530797
CC_5B247961602E,0.06443121133495554
CC_5B276421F4CD,0.05203041646646566
CC_5B289AFA1662,0.2647366745506797
CC_5B3A16421A31,0.05398986455007115
CC_5B3E78897EB7,0.06999731230460143
CC_5B480B44A9B1,0.14341456528813173
CC_5B546C3A21F8,0.18019956166770235
CC_5B5BC4023EE7,0.1285418803176203
CC_5B6D63DD34B7,0.09341164662427032
CC_5B6E868912E6,0.06798588484723739
CC_5B818D2581FB,0.12732977041129545
CC_5B82E8BB921F,0.3106424855845027
CC_5B8E8DA14EE6,0.17899752803702995
CC_5B900A135A69,0.08518471985080553
CC_5BB64BDF3C99,0.10624721115068142
CC_5BCB2C79D1CA,0.23170647021691826
CC_5C072DB8586F,0.05668148695065088
CC_5C0BEC2A0850,0.06767436570649439
CC_5C24010127D1,0.32927844371148346
CC_5C2DAF5E0EB7,0.40839620869533455
CC_5C3E8DB90978,0.14184680500747898
CC_5C4A7CE69975,0.2996542064634129
CC_5C5766F933B0,0.47721835987346123
CC_5C5808240054,0.0925992693504391
CC_5C5D6E15EA27,0.20949387254029472
CC_5C60C4545922,0.11118389977425516
CC_5C626D70F6D6,0.15415174195076592
CC_5C670F0622BF,0.061320959191524534
CC_5C799E57EF53,0.053121936589403056
CC_5C7B44735AF4,0.1665392494238998
CC_5C7D8DF047E9,0.18123303163947949
CC_5C80F394EFC3,0.12514702788368987
CC_5C99E6189441,0.08630118064918384
CC_5CA9AB4A6AB4,0.12167914200826252
CC_5CB78ADD2432,0.136692260433612
CC_5CDE37CE08CF,0.05208941454825933
CC_5CE258D12432,0.3648985630114232
CC_5CEEF006ABF9,0.05353982231400946
CC_5CFD2850E277,0.23923785423060942
CC_5D01F71B9FAD,0.10184128298099883
CC_5D065A455A45,0.17513026471868479
CC_5D0AA7D4954A,0.2560733495376838
CC_5D242448B812,0.1190007900968221
CC_5D2C5115BDD2,0.17453246177914017
CC_5D3273E039AF,0.6987003496251224
CC_5D398BB3365B,0.08968243853354269
CC_5D3C1CE64952,0.09681221268104526
CC_5D4B0EBB5CD6,0.11019177354153742
CC_5D5E897588D3,0.09467167551580857
CC_5D65F25FFB8D,0.05452744983641739
CC_5D665A86C465,0.1161575445872347
CC_5D80C353E475,0.10263647565804515
CC_5D8895A0AB4C,0.17050412707125473
CC_5D88A673BF50,0.21154618969355232
CC_5D89688B69A9,0.38603046904136185
CC_5D8AC8E18A8E,0.07666429902612812
CC_5D8E7DC2FA6A,0.546028438143459
CC_5DA29AD9E85E,0.05758337380962865
CC_5DB286EAC626,0.2959352974028129
CC_5DBC1BB95B84,0.7912532127381315
CC_5DC0A465470D,0.04513044520977694
CC_5DF82CB03C3F,0.10864808605068313
CC_5E001C93F359,0.053613349103056346
CC_5E029094A55C,0.6735017780750792
CC_5E0808121A65,0.14974789985899387
CC_5E1117E4E593,0.151622238143446
CC_5E1541060A97,0.7218468745115663
CC_5E1C11540C0B,0.0954814842459229
CC_5E1DC0E143F2,0.15649558458285073
CC_5E206AC277E4,0.25293420298167146
CC_5E22B4BC8B12,0.09262617465946096
CC_5E22D889B6BF,0.10348140318845096
CC_5E38425EC99F,0.720880852908227
CC_5E3A70C2077A,0.15686910105858745
CC_5E5607D275CA,0.12293667366376121
CC_5E73C3D2B3EE,0.17262019582276478
CC_5E7F23A07A71,0.09947563420495534
CC_5E80A96974B8,0.225466124655952
CC_5E8C0453B9B8,0.2913069849454125
CC_5EA599FBA5E0,0.5548354100562868
CC_5EB379BA6C7A,0.11962106905890699
CC_5EBB96F65AFE,0.4363107544348486
CC_5EC41568C2E1,0.09708199897841516
CC_5EDB5C924107,0.25811147477148155
CC_5EEE5D0FF8D3,0.19136418384051462
CC_5EEF07FFC243,0.07849604372659555
CC_5EEFD690759A,0.08506321623088521
CC_5EF2176F01D5,0.11203514087674149
CC_5F17CA33D26B,0.07382142349040391
CC_5F20750D6658,0.1942498677510846
CC_5F2CE32A6EC3,0.12284579897798681
CC_5F328EE757B6,0.04976042012257759
CC_5F35B8D87D06,0.217738458722615
CC_5F390BA40E83,0.690197518680832
CC_5F59092CA9B2,0.11708993931621314
CC_5F5916E96E19,0.1594099927584896
CC_5F5E835B9E6E,0.07937019484248475
CC_5F648D39D67F,0.5824323330312263
CC_5F6D4104C808,0.17141793894992824
CC_5F72EBE104D4,0.032903046997752775
CC_5F765C41F051,0.05483361458061242
CC_5F8859A6F0DB,0.033236083122214335
CC_5F88ACC7C384,0.11869700139004896
CC_5F89DFA97B7C,0.5125915434020754
CC_5F93A3E31DD6,0.5701412326391138
CC_5F9A44423DD4,0.14711285153049786
CC_5FAA7965BD71,0.11534734295868705
CC_5FAFA265CA02,0.34958440748742836
CC_5FBE1A34704F,0.176517316243207
CC_5FCAA919577A,0.21322650126019524
CC_5FCD208ADD77,0.21170718751569195
CC_5FECD2BB0094,0.08849856501024761
CC_5FFDE52E6B7A,0.09368998882127633
CC_6002BFD3F26A,0.14912146888436603
CC_600311592F72,0.053869238762762714
CC_600AE12112D6,0.2674754953165621
CC_601C3178E38D,0.1884156379629781
CC_6037EEA42F2C,0.35689975252033895
CC_604C08F76272,0.6728803947972236
CC_604C72AC662C,0.14926108064598434
CC_60510AFA8A87,0.1396928290917893
CC_605E2E26E52A,0.20556427546936487
CC_605E3904CD8E,0.11504686299044764
CC_60611B935106,0.14215940336588218
CC_6061787228F8,0.1557637949102857
CC_607270A72DFD,0.24818345697833297
CC_60738E418DB3,0.11201838677549188
CC_60961DF8A134,0.1439689010837863
CC_609B7A7FA165,0.07461353272538082
CC_60AC5C892D01,0.11124157615023247
CC_60C09FF84412,0.16656559487239572
CC_60C87349D73D,0.3191408560323487
CC_60DA2FBF1FBF,0.10732217139398426
CC_60DA539A39FD,0.16876435696301578
CC_60E974A0B278,0.0630241100390398
CC_60EF7D647EFC,0.05031523617955472
CC_60F525A39898,0.030767992047401434
CC_610009B69EBA,0.6720671754849317
CC_610FDDF5FE54,0.1454876545782803
CC_612C06CB5FF4,0.10525404941523844
CC_61307D82CC26,0.6637289597871208
CC_615030FD33CC,0.7317545994631249
CC_61649241FE59,0.16624092310485472
CC_6170051A606A,0.17134300665156776
CC_6179A630658E,0.08028367780531337
CC_617BD59427E7,0.0907166521376321
CC_617EC8BD5153,0.22375139843043473
CC_6191E14D21BE,0.05981195197389838
CC_61A798B8D222,0.043679390157659245
CC_61B4A983D1A1,0.07083121145925389
CC_61C9732AA682,0.7269470772475619
CC_61DC64E37471,0.05745029033603645
CC_61EAF14033DB,0.1140961012828626
CC_61F18E0C218F,0.06998918652200702
CC_61F1A1263F5B,0.16187644612178573
CC_6209EA426553,0.04728579106787116
CC_622BD8CB3807,0.28240976958302466
CC_6234A9617A7F,0.09252141253407876
CC_623AC074EB25,0.18569402780973812
CC_623FAACE8A80,0.04780800998985036
CC_6244E2935407,0.25423647533164706
CC_624535E11F69,0.04726708187674117
CC_624EA2917CDD,0.6501912416446924
CC_62565D08DDDD,0.7653915223712926
CC_6268ACD3F95B,0.5138484859833414
CC_626B61F4789A,0.6047642780160914
CC_629193C2A090,0.2605787723904335
CC_62933641AC43,0.28509016827523825
CC_629480877536,0.35474917867399924
CC_629CB045D9FE,0.08945463340084832
CC_62A84BC400F0,0.2793271700295851
CC_62C36DF81797,0.17320122354029827
CC_62CC835CAE4A,0.6306848336367198
CC_62D4192F126E,0.7506351162841634
CC_62D7A3C9483D,0.059280038610997385
CC_62DF1B99B4DA,0.11507063364865794
CC_62ED7BA3E620,0.038648407298861404
CC_62FC001AFC78,0.09156703308620831
CC_630412B4AFDA,0.1745860004996196
CC_630903AD39C1,0.03613780545786378
CC_630938DCC1B5,0.056626613459517694
CC_630ACED773E9,0.45210568843293936
CC_631E1690D913,0.06768913994710192
CC_633A7C7FC25F,0.2554859584516975
CC_6342051D8FEA,0.23472033074785098
CC_634CE4E8AE49,0.19691648778435064
CC_6359692F5EF6,0.12860908226599999
CC_637278423A6D,0.2464659182433994
CC_6377AB848081,0.09803672880147993
CC_6381A65E0A3D,0.09622711809590709
CC_63871B4814E2,0.1148323100390223
CC_638AD269F05C,0.031475512547431916
CC_6391AE0FB83F,0.14884309157472192
CC_639703EE2ABD,0.03865121551951056
CC_639750C87A7A,0.7295408470968179
CC_639B1DCECD2F,0.15810359987386827
CC_63A869443AC0,0.43144905049406373
CC_63CCEE26BCAE,0.050122738854753636
CC_63D51CECB6D2,0.24667699611933058
CC_63E53402FC02,0.037637646636798194
CC_63FC6895901C,0.13818687976168836
CC_63FC8A97D9C1,0.12613508245681276
CC_64117B93EF73,0.35544912517501126
CC_642D9C325F1D,0.3067513804540891
CC_6436B950E22B,0.19775654240029625
CC_6445BD3DDB6E,0.0347063461612996
CC_645C15569E42,0.11471059175556275
CC_646472AD66EF,0.08572229508260824
CC_646B8254357E,0.15417582288736642
CC_647F4BB4983D,0.6729190049941026
CC_6489ECEEFD0E,0.09671706282823057
CC_64946E57306A,0.0350670866515215
CC_64976830B0B7,0.33807578137943484
CC_64BA10F3FAA1,0.09415823259440131
CC_64BA39A0DFC6,0.08933890677410233
CC_64CF9A79EBFC,0.10445950544029266
CC_64F0E0473D1E,0.09384867537168948
CC_65006C2AB2D4,0.7604780599542897
CC_6500BD19FA06,0.3168352408581553
CC_6504DCAA90E1,0.08841754083153983
CC_6509C7361994,0.17126235291333308
CC_651486189673,0.10873645230545956
CC_65194BAE506A,0.1872879673115556
CC_652539353439,0.15609989099715715
CC_653CE5FA5A76,0.3203305108019513
CC_6560C2F4EDA4,0.20065682233640844
CC_656137F98187,0.6375766007920521
CC_6575B4B39113,0.037743555194295786
CC_657F629D31E2,0.2302099690013318
CC_6580B7583ADE,0.20933185836566137
CC_658477BA75D6,0.04690849038109396
CC_658B7867BE7C,0.11851862617167849
CC_6593FE5349F2,0.08650097368132079
CC_659EE0F05A75,0.3475782213193722
CC_65A0D8134410,0.23487390758984972
CC_65ADD5A19F64,0.11050217438870003
CC_65C3F0F73BB1,0.08860238666916564
CC_65C47521C285,0.050139341841156954
CC_65C4EE0B737C,0.2387346703806237
CC_65CB68404333,0.20009972103831888
CC_65D6DFF1B766,0.11828806802498221
CC_65F1545C35E1,0.18897805314119565
CC_6602547E2FCF,0.2075548070635438
CC_6615D7044816,0.2755922780634083
CC_66244D4B72EA,0.09577359986556844
CC_662E5AAE07A8,0.04646105153573189
CC_66322B339E84,0.04553250980743729
CC_6634FD4B1CD5,0.7715968618612115
CC_663DCEF4923E,0.21544512297886248
CC_663FE5BF918D,0.42416948269327703
CC_6645798E740D,0.08530535145629653
CC_6649736C8321,0.777133149100877
CC_664E1026C4D9,0.25025056291871706
CC_665603C4A33B,0.06498409346521469
CC_665BDD9C8039,0.3698591898801654
CC_665F2AD58363,0.21755128886967792
CC_666767444BC3,0.21719879783890605
CC_666C0A2A8674,0.055340606913364926
CC_666F2BCDC7D7,0.1891872279267823
CC_66775178B226,0.0649720466675558
CC_667B6F8C846A,0.6463504305211325
CC_667E909835A4,0.19702194690676403
CC_66809C278FCC,0.1996485465850229
CC_669CCC44CFCD,0.07065635046006
CC_66B0BD3F6516,0.2967778061251857
CC_66BF02C05DD8,0.15147611217511492
CC_66C491256BE4,0.06317435663034544
CC_66CEFA65F912,0.3520303591822454
CC_66E025DB3282,0.636374644602588
CC_66E7B423A32F,0.6418004612207376
CC_66ED26E7BAD9,0.07890647874348743
CC_66F7FF7735C3,0.19220592622103194
CC_66FD0CE6D57B,0.057191112865185204
CC_66FFFE05C2E8,0.09234323601548082
CC_6700012A39B8,0.1351147378602957
CC_670FC6A064F0,0.20669302755230046
CC_672932B65802,0.07631310201539362
CC_6742C6478F98,0.20731414872093526
CC_6745321663BF,0.057277840602375035
CC_67579CF57290,0.14556908217864312
CC_675F7483FB90,0.1952223004007552
CC_676ACFAA6131,0.6765428143075225
CC_676B423C495A,0.607919350753842
CC_6771C0D1CB1F,0.05397454957556312
CC_677EE0369CA7,0.07676984901523629
CC_677FE35855A9,0.20869535236911613
CC_678091614A14,0.12398743170094836
CC_678A43ED0803,0.6179686887033298
CC_67955C210226,0.08844619807899706
CC_6797E0B01112,0.21374002537886974
CC_679D90941842,0.15476696763904677
CC_67C05273700B,0.11763321212579145
CC_67D5172B6450,0.16875760851245564
CC_67E8CF412D93,0.10235798419249216
CC_67F6576A6836,0.2716134447490933
CC_67F985A00A12,0.05040186551845831
CC_6801AD1D4478,0.07603075960976413
CC_6803BFA94B17,0.05418441772218979
CC_680B16E5E240,0.13461222855210242
CC_680F2D0F4F6C,0.10213352168216533
CC_68221E1393E1,0.11212384035675434
CC_6822590B968C,0.17601448669110942
CC_682D8EBCEE94,0.21299023388964033
CC_68429B4AE401,0.41997258254954145
CC_686B26BDD061,0.056752927611350215
CC_687518442359,0.44921623950558903
CC_6875DA61F422,0.23579445450496522
CC_68A3D749608C,0.19152754019250162
CC_68A9C3CE2557,0.10326263795624258
CC_68B9F8C6D9D6,0.6401850734155012
CC_68BC65E3C84A,0.4206398902607774
CC_68CC4D1D898F,0.0720498261783064
CC_68D0ACBD2D0F,0.030867326028800005
CC_68DA8D5488B3,0.07880795367839571
CC_68E675A69AF3,0.15743566971308118
CC_68FC9E6FA27E,0.1859061079893513
CC_69322F7C4CE3,0.1257692583187966
CC_693710EAD59A,0.1915952223489343
CC_69387752F41F,0.5549918579771365
CC_693B71DDFE67,0.16739949987777292
CC_693D4AEDA3A2,0.1108701562302745
CC_6952171BCD2D,0.1563825333628991
CC_69547DEB412A,0.24574222554969016
CC_695E80DBA42A,0.07447676130433667
CC_69717E76CFAF,0.45020958333488414
CC_69741BF89A2D,0.1218294853637164
CC_69825C70EEE9,0.20090540706354554
CC_6985C268DC74,0.4598005813842056
CC_698886C4AD90,0.14779521058437903
CC_6999901A6060,0.16232699422789398
CC_699ABD34646F,0.07691127776313009
CC_69A98DC7A907,0.06402007089811049
CC_69AA6E0DDE10,0.248153370098111
CC_69AD5A48A78B,0.2297293934758345
CC_69BA7BFF98E2,0.12352878715491471
CC_69BBE365C097,0.049967787283720616
CC_69CD95A00D9C,0.040277238099282665
CC_69D328691680,0.07881628330883025
CC_69D39C9F36F2,0.23589850989597994
CC_69E09390CD64,0.08542586997657928
CC_69FD49E90AC9,0.35829053932661603
CC_6A099AFE73BC,0.17344217930892597
CC_6A099E6C91BA,0.3282242483291384
CC_6A19EB191A81,0.02772049846359441
CC_6A39017046FE,0.08489956528297017
CC_6A4A401F2920,0.3811695066029298
CC_6A5261180031,0.07395272151353377
CC_6A7432494840,0.17651348552901733
CC_6A7963180D20,0.38120909142828263
CC_6A7D7E5F814F,0.5943230972136934
CC_6A8B8BBA749E,0.1529100570786659
CC_6A8DFDB0621D,0.14368659597951758
CC_6A93C436E2FF,0.1070789853225245
CC_6A97F81D9A0A,0.17282218210258726
CC_6A9D1622B4DE,0.30626454409113063
CC_6AA6589445C1,0.6739385956073298
CC_6AA7A87F59FD,0.14743853324582362
CC_6AADD44C0B52,0.09168879737158817
CC_6AB4A5EBA3F6,0.23405953787782768
CC_6ABA7D0ABAC5,0.13417502516369786
CC_6ACF1E52BE8E,0.13154576383610972
CC_6AD3513459CB,0.08202867915666086
CC_6AD4238EE77D,0.19572491724744157
CC_6ADD0FE5DD74,0.6332654246919958
CC_6AE2737BD3A8,0.0913529440717348
CC_6AE48C1F2448,0.15284322549919346
CC_6B00A666A420,0.6651627630807584
CC_6B07C3992304,0.06388170250141606
CC_6B0A72BBD800,0.6410838132904774
CC_6B12B975F2EC,0.3187805874503007
CC_6B12C9507F32,0.1783204961064486
CC_6B34719D93AC,0.6289046064987331
CC_6B34740DD355,0.16656183989502196
CC_6B41081727AD,0.21986018953844938
CC_6B4902892E70,0.0848258882092325
CC_6B5BC2D89077,0.7269270489290232
CC_6B65242C2CCC,0.16639102379464776
CC_6B823BACBE75,0.3375087201620091
CC_6B83E1A959C2,0.24127125501574742
CC_6B84FB3DE604,0.03070578713433938
CC_6B8AABAA752E,0.19857011810598607
CC_6B8AC0DEE990,0.35885892582864565
CC_6BA45C072D40,0.15439178967301076
CC_6BA72ECB5027,0.11856334918037614
CC_6BB560F020BD,0.07507917536204362
CC_6BDF0B68C126,0.023628099230784367
CC_6BF0A9437728,0.1342786468190396
CC_6BF3B9097199,0.14985295973518256
CC_6BF7A1EF31B9,0.16697450777650225
CC_6C29DF49246A,0.0741836103679786
CC_6C3C86C2125E,0.09965791400854135
CC_6C42FF6D7218,0.6649948742256611
CC_6C541A482CF2,0.19632964218751342
CC_6C585A6BFE01,0.7974059601898881
CC_6C5CE36700D0,0.17757819800289038
CC_6C62C2094733,0.07782543711526613
CC_6C66539A9D02,0.25423545210977133
CC_6C684505E498,0.08238971017226154
CC_6C6E40927C35,0.03200719950362369
CC_6C7736F51C12,0.6938775348277924
CC_6C781CEB6F52,0.09138883655572763
CC_6C7E39BF4744,0.1403358969310166
CC_6C9EE9BAECEE,0.06377831586839584
CC_6CA0F076091A,0.10179979652682447
CC_6CAD299645B0,0.185393198846733
CC_6CC3C50BA394,0.11297769162092396
CC_6CC593C5385D,0.034947440617513446
CC_6CDA4B24C602,0.2876872234105234
CC_6CE31AFF7813,0.06434644967113934
CC_6CECB68DE9C1,0.3468338105939802
CC_6CECD3DBA212,0.17356387174965104
CC_6CF17D012682,0.20445580400001062
CC_6CFCDF903310,0.14535290488699618
CC_6D08B5E62654,0.09187779317821637
CC_6D0F60667273,0.2883977898600477
CC_6D127EE83945,0.04706901191173383
CC_6D134DB29068,0.3990309745608533
CC_6D141A49D94E,0.610666993650647
CC_6D148C0A624D,0.16140604918117304
CC_6D1EFDDE2EED,0.05757842064952283
CC_6D22B938D7B9,0.07343523974843108
CC_6D27409F4956,0.09244745832819205
CC_6D2F0EBBCA4D,0.24415145714142955
CC_6D43BE30E8B8,0.25213948416080945
CC_6D4EDEAF67C7,0.19430991718498192
CC_6D72571304DC,0.49408138877639907
CC_6D7C62C7C161,0.05013638055618463
CC_6D8A18C28AF0,0.07062739461481307
CC_6D8B35007242,0.09121694979244141
CC_6D93A9E49E3B,0.17370223239989474
CC_6D9C644A082B,0.11778810968040876
CC_6D9F52BD4D0E,0.1352573761072003
CC_6DA058F9B631,0.2893801284369941
CC_6DA1F8DF9CDC,0.2217277695577278
CC_6DB000AEF16A,0.10198421852462393
CC_6DB5025899E3,0.1987911219677691
CC_6DD6FA2FA0C6,0.09620590319622152
CC_6DE4E4C1A31D,0.18620858092455633
CC_6E09CBC15C94,0.49095020004599
CC_6E353816938F,0.049388211006602095
CC_6E3AB992A5C9,0.15375173700138445
CC_6E420A2FE490,0.15268917404865232
CC_6E46D01888D5,0.1542008720784753
CC_6E4702162475,0.06155447014993562
CC_6E548AF15091,0.23377282681015682
CC_6E5C9A2DA27E,0.035441581977353705
CC_6E610F3976CB,0.17796144018000298
CC_6E614FF9BE02,0.6337996205437807
CC_6E68D46447E2,0.10161820663396473
CC_6E712C21215D,0.039431026772916086
CC_6E84DED41B8B,0.12159079190193706
CC_6E8557E30DC9,0.6186576496466436
CC_6E8963475D35,0.21920678815485847
CC_6E9880CA0BF9,0.32480215801687173
CC_6E9FCD68ED52,0.6837667771398359
CC_6EB194A93F60,0.1315895438567058
CC_6EB370F511F7,0.06290795977687011
CC_6EC722B2BC2F,0.17398559214456644
CC_6ED1B0EE4B6C,0.24901747003208094
CC_6ED65E7CABA2,0.10216923597986366
CC_6EDA84B653B8,0.3802163784798323
CC_6EEE8E7C1D1C,0.1832085643760495
CC_6EF17801ADD6,0.14415121461401423
CC_6EF337CC4BA9,0.29870872007105703
CC_6EF464EC9FCF,0.10228188433705981
CC_6EF6B8AE7DCD,0.03647433277817431
CC_6EF8C59D8395,0.832721615709219
CC_6F2146FE362E,0.05232821766698272
CC_6F2408B665A6,0.4049928814648714
CC_6F2B8E925D59,0.031228350219617493
CC_6F3034E96848,0.12452797098080785
CC_6F3559ACC2F5,0.037450362898712855
CC_6F46C5897DA8,0.40556671850594594
CC_6F49ECAE902C,0.06569547209291163
CC_6F4B818665D3,0.1333947608087147
CC_6F4E696A1F88,0.26819267652276346
CC_6F54BD66C0EA,0.17003263264258814
CC_6F786C433998,0.09898999298679434
CC_6F78BF56B0C0,0.09251481836787548
CC_6F8346F138C1,0.4074449639759814
CC_6F86CFDB23D6,0.04799830303489254
CC_6F8E30AE9457,0.16885412952962703
CC_6FC25B27AC26,0.07920009906480724
CC_6FC8BE007FE9,0.1482925704122398
CC_6FC8DA40122A,0.18468066527063987
CC_6FD8BAB1DA3E,0.05900162782029045
CC_6FE4FD09A9D8,0.08888686221929237
CC_6FE78CB02174,0.03659622602012096
CC_6FEB8EDBF2A4,0.19574758058813438
CC_6FFCF2DAD0A4,0.0798758175502946
CC_7002034B0979,0.07335652838526749
CC_7006523D45E4,0.08045118086370857
CC_70097151A773,0.06688580324063399
CC_7011BC95A91B,0.03421017435978299
CC_7020F3C11A3F,0.1622604994003921
CC_70306409A3E8,0.34662395592600126
CC_706B18DA7204,0.1287802550820911
CC_70703A59C070,0.17977684844551306
CC_70749DDFF595,0.14996302422210517
CC_7079CE5127A3,0.03492075329950545
CC_7087A46F0AB7,0.08599883646412454
CC_708B73EBD939,0.15736039698547327
CC_709315667BCA,0.07828680400191532
CC_709970475B6D,0.6230464427891002
CC_70A56ADAC199,0.05215100595512079
CC_70ABB244502D,0.040701539884667855
CC_70B0176647CE,0.12677225946292361
CC_70D3353DA1C3,0.06919402824621682
CC_70D652DF4E91,0.138837333620291
CC_70E3121BFDC4,0.09613382937088853
CC_70E5FB8B072D,0.039264181436492435
CC_70EFECA3FAEB,0.177039182966088
CC_70F59DA18BCA,0.400252146401
CC_7100129A0AFF,0.09737707161646254
CC_7113554E33B9,0.05932528319193413
CC_71260405461D,0.07317349709941434
CC_712677251322,0.200064948661045
CC_712D31B2785D,0.07753916191305571
CC_713052DB1E2E,0.06683852224664491
CC_7139C2D6F1AC,0.11568114143750502
CC_71427FC8FA49,0.2455270694561746
CC_714912E93A71,0.13584979565894117
CC_717A5C2ED311,0.23362079271480496
CC_717C94F5C8F1,0.06794873195143669
CC_718F067F4DA0,0.037736338794625165
CC_719E714DD38C,0.04665254261876017
CC_71B169C874D0,0.16560594191544675
CC_71BB5070615C,0.13647147954593228
CC_71D37D6D19C6,0.21722445674825214
CC_71DC80205F42,0.16515549087145978
CC_71DEB636B8CD,0.6210663292382088
CC_71E4CBAA1211,0.15705947854974595
CC_71E787049755,0.10402808032770033
CC_71F1EF5575AC,0.09104037163050045
CC_7201DD8EB33B,0.21001728826227728
CC_7202C8CE2317,0.31190097204761885
CC_720B06583C57,0.03529482264780275
CC_721DEC038BAF,0.08004052501059705
CC_72219BCC83E3,0.14921594480025746
CC_7223DABA7E98,0.09638322401876119
CC_7233459FF7B8,0.20139971265918805
CC_7238A8A6767A,0.232828612124994
CC_724559551664,0.6835331746780275
CC_7248EB4B76CF,0.05778135732228176
CC_7259B5314D92,0.07967234025196149
CC_725CA03102FE,0.040980126655985785
CC_726E05E5A555,0.10357491996754031
CC_7276AEED6D4A,0.061489856124025674
CC_72A18E8D6670,0.035198643426358374
CC_72CDBC38202A,0.3981520841223838
CC_72D8B2ABA2D1,0.727188314883106
CC_72E4590D362B,0.3835084647729311
CC_72E8542AE4BA,0.04259926376975817
CC_73010B6E55DD,0.6295300792638422
CC_7309A4693D52,0.15346796252576805
CC_730C2A3FF1BF,0.1808868480900018
CC_731C1BCED024,0.6005472641068249
CC_732C325832D8,0.17485453812162852
CC_732DFCAA0A75,0.1960274440761768
CC_73322A6A24B1,0.7578277885328881
CC_7336B19A18AB,0.22535933604920394
CC_733AF1D123B8,0.33459465644355196
CC_7344A0E90AFC,0.10947617067635017
CC_7348C2B475B7,0.11541577539858039
CC_735E1A78B058,0.07923374080924256
CC_735ED2A02DC4,0.14052807034274267
CC_736015DE4E3D,0.3475869117486853
CC_736A42761E55,0.10395954499987964
CC_736C0436B98D,0.14972642229110095
CC_7379212919FD,0.08799336133317533
CC_73859CD59E75,0.5930551666555011
CC_738B201B1CF9,0.11055361625787753
CC_738DCB11942F,0.060533087253751214
CC_739198ACE582,0.11975557998119929
CC_739D093D7B69,0.10778511034928752
CC_73A7FC903662,0.16347665558677466
CC_73A8927DCEB9,0.08902918216375535
CC_73B575BBBBE3,0.17136296735569764
CC_73B6B9AD2002,0.048254943203772584
CC_73C28D72A5A3,0.5345919722028061
CC_73C38DBDF9A7,0.11499999450912976
CC_73D44BEF6754,0.36550311674171665
CC_73D4C1D7C022,0.07157140035523475
CC_73EF383F3C2E,0.1587469852133082
CC_73F34B1607C1,0.06281289091382296
CC_74137206902D,0.09815742830915763
CC_74198E5EC366,0.07381288761438168
CC_744FB5804A8C,0.6311533897473215
CC_7451E64B6D47,0.14789834782307174
CC_745A64878AF1,0.08390759707078255
CC_746B196CECA1,0.1396223662290352
CC_746C06898D5B,0.63647275955579
CC_746DE1EED0DD,0.253938560542845
CC_7476938CF6A0,0.4984034868228341
CC_747CFDB7E305,0.08073944621503823
CC_74845374E870,0.753591218810636
CC_74AD8D3B192C,0.7002184907265848
CC_74B90A15B270,0.11608362748498649
CC_74BA5D46E909,0.6757253099360114
CC_74BE0AD5E21D,0.19357395129385552
CC_74C33B66F002,0.13836964288678
CC_74C9C3F17421,0.05121464952177
CC_74E4BD5C07D2,0.07026257399568929
CC_750D90249EFD,0.10414403816642406
CC_750DA21B7EDD,0.33310588852786427
CC_750E6537383A,0.23550112673743284
CC_75137D6F9DCB,0.10921317679792433
CC_75173A8A11D1,0.3597387782190743
CC_751DDC1FC2AD,0.10087881652745091
CC_75357E0206F5,0.0858152628004443
CC_753D160E3A58,0.11360992154084146
CC_754447632F75,0.03974868238390364
CC_7549363C5D36,0.0659078815101993
CC_754F3894627C,0.10749507838417366
CC_7562CD43897F,0.15267874464532924
CC_756A077EC614,0.41061090102458603
CC_756D3492443F,0.29303296617292846
CC_75783B3E6C6E,0.04335364277393687
CC_7598068A716C,0.0380049236532654
CC_75A37D8C1F6C,0.6151252666713937
CC_75ABDDA24C26,0.12401503912709588
CC_75B287424E59,0.34673154305860227
CC_75B2B88876B6,0.09322997213266696
CC_75B324FCDD4A,0.25730765846679593
CC_75C1466E61E2,0.2633196317854955
CC_75CCCD9D4568,0.0992602878191807
CC_75D2DAF4491C,0.3446504174909588
CC_75D54090AAD4,0.0969944076679568
CC_75F1927E5941,0.6874475564282615
CC_75F99AD6844A,0.30946840012328775
CC_75FBA505C727,0.27170991055381577
CC_7615CC930B76,0.13643655523369033
CC_76168488EBB0,0.5219706610110543
CC_76197A77D666,0.02857102754866741
CC_761F48F8E962,0.2547248086736714
CC_764C6ADC6D1A,0.08460755813306522
CC_7658A6B0910B,0.04286316114312241
CC_766347951B7B,0.5851593279566465
CC_76857712D8F5,0.3565731289813755
CC_76A0DF2549B7,0.10013456708008109
CC_76A636414AEB,0.2619991547452967
CC_76B01540CDD1,0.1812134407727065
CC_76B420FC66EB,0.10289708751198604
CC_76B6BCD2EBAF,0.07329848542082763
CC_76B7A0029620,0.11545851217428144
CC_76BA435EF2AC,0.15484775944094142
CC_76BCC1AFDA4D,0.07183477516455468
CC_76C35913E797,0.13065697692746187
CC_76DE3DF1DEE3,0.17543164999088806
CC_76DFA4CD068B,0.0811518110092179
CC_76DFE3568C72,0.2822173905192261
CC_76E201F1E036,0.36624012738725703
CC_76E83166FE0A,0.14425960669526627
CC_76FD9E9D9ED0,0.1583812432780862
CC_7720BBD06736,0.34448616072502036
CC_77340228F356,0.682704615895773
CC_773CBBCBAFFE,0.10868913194934783
CC_773E9B092923,0.11476967239991734
CC_773F22C3E42F,0.04108668292873063
CC_774ED295BF96,0.16280944246807905
CC_7751ED6DF76C,0.04286922676792018
CC_77571749B970,0.128533726709248
CC_776F8B3BAC08,0.10464514080298326
CC_777889F9694E,0.03664484200457593
CC_777D08513AE8,0.0794050243158409
CC_777E3D988EFD,0.25259036434247994
CC_7795BEDE05E8,0.3126247935606873
CC_77A9EA3A6784,0.09268155021568039
CC_77B1AB7960A9,0.19362155792389638
CC_77B6EA810549,0.2806759397087309
CC_77B9889C9BFD,0.1832501036533748
CC_77BC55DC92B6,0.12471905437384484
CC_77D1DFCB0A8B,0.05159223594267777
CC_77D9AC43DFE1,0.206144346946042
CC_77E6EF1CF2F7,0.3799854297314168
CC_77FFA8E6B36D,0.1058928782625877
CC_7801661A9DC2,0.16762853493746926
CC_78069B1BD931,0.15093792800823697
CC_780828B48716,0.11968849220535735
CC_782130B98F34,0.10800171876867033
CC_78273789B3C5,0.7640418388569478
CC_78296783E4EA,0.19368865710334043
CC_782B06291D87,0.05665027423989004
CC_783A2D4C89F9,0.444950280513866
CC_784407E16923,0.09911120567576578
CC_78491B6255F2,0.40778125201449095
CC_784F17AC712F,0.0663115074621243
CC_7852FC3BBADB,0.09140518245033119
CC_7866E4CE528E,0.7274425784953383
CC_7867E7C01013,0.18777531445401766
CC_7869F609EC2E,0.17861725558356004
CC_7874F14ABD7F,0.1854387724131654
CC_78774E05FF12,0.16049918523196133
CC_78815A352067,0.110493503103098
CC_788FF4549766,0.27105483765420757
CC_789977501322,0.1079406316586849
CC_789B2BA880E7,0.04028910927882662
CC_789D87F51AA1,0.06378492439879893
CC_789DC3C358CB,0.2113664670846951
CC_78A036DF6320,0.6844396300344878
CC_78A3EA63B7EF,0.042173003572014776
CC_78BF1B8FC1CA,0.11422492217560726
CC_78C96E7015BA,0.6480939012792392
CC_78CC84FA2CE2,0.19368138103338806
CC_78F0087076CF,0.22232635286093913
CC_78FAA95F5B5F,0.1221081718950905
CC_79033EFDE096,0.13047278069894694
CC_79086C18A963,0.1322478112448932
CC_790DA2ED9F5B,0.1271086477937178
CC_7928811F7D86,0.10121766384048575
CC_79345478FCE5,0.19137204679982195
CC_7936C8D65B95,0.13154900503864447
CC_7948C5509411,0.5050640859178185
CC_794ADB0677CD,0.1282838118602549
CC_794FF8E7F876,0.05083324979062498
CC_79500EA652BC,0.5559864079648602
CC_795083A66DB5,0.037944326801094413
CC_7950D4B773CF,0.12006071680518221
CC_7955AEB49759,0.1444313051261426
CC_7964F862DFA3,0.3936640914760434
CC_797A700CF967,0.4544045016462541
CC_798180DDF677,0.36759326609708964
CC_7981ABA9C370,0.10379086809106937
CC_798B2DC03C5A,0.07554139840207388
CC_79BD986C23CA,0.07705984385314461
CC_79C6BA680815,0.5240560940728796
CC_79D694E6F5AF,0.2532002989874794
CC_79ED9A0F6E49,0.4374130602413462
CC_79FA2512E5A2,0.15719120442986678
CC_7A0024F6FA60,0.24759803140726383
CC_7A193A453F27,0.034180419793112815
CC_7A1F071DC5D4,0.39250173491589024
CC_7A5D96BC99AA,0.7300599606778686
CC_7A6B51562949,0.3009344458911346
CC_7A6D7F9654DD,0.4390395647680096
CC_7A778E010F33,0.2905849700974579
CC_7A7FB841B669,0.5926376436952597
CC_7A91013D31E1,0.12908201293232519
CC_7A9117596769,0.054764026113727285
CC_7AAF340DCE8F,0.1830805629130546
CC_7AB146267981,0.21739470152511975
CC_7AB2A9CC8424,0.2311919702667051
CC_7AC1DF18CBA4,0.22787836167716582
CC_7AC4240DD225,0.3433069165960566
CC_7ACB325BD924,0.1802765830165428
CC_7ACB88002397,0.49476696119342645
CC_7ACD4F370AED,0.18240713882749426
CC_7AD4072A9F82,0.05499926367705349
CC_7ADEECDE4D73,0.21187371774354552
CC_7AEB48D8C5E0,0.08432995006618862
CC_7AFA5CD2B29E,0.10998601887120942
CC_7B092786DDB0,0.05213958531961682
CC_7B1B35D5628E,0.048368485842358894
CC_7B210557F04A,0.12232509157971938
CC_7B369A7C1D3F,0.16821064874153033
CC_7B4002591821,0.684724069417614
CC_7B42BD80D79A,0.1944970614003271
CC_7B44FDF08B93,0.0933075651204709
CC_7B501C32CAE5,0.0629920339107935
CC_7B88520D4FA2,0.38875827300300203
CC_7B8ABE6E552B,0.21929393274162495
CC_7B8D2E07908E,0.38150576607428166
CC_7BA150468D19,0.6268113377066012
CC_7BB159FCEB53,0.2713601773368308
CC_7BDD72710831,0.07276436035066769
CC_7BE02C65B967,0.14849155860360105
CC_7BE382988C1C,0.6240203897129384
CC_7BE6110DBAA1,0.3472468717307267
CC_7C0B14BB0573,0.1550089163597612
CC_7C0CF5558904,0.6801700980701675
CC_7C13E7F561DA,0.6361702092713423
CC_7C46F7F667F3,0.09939173495003487
CC_7C510CE0521B,0.08746792515243848
CC_7C61B5D39E49,0.4622044648030794
CC_7C6770DDA182,0.1257171626092983
CC_7C6DBF78A610,0.10117779040635158
CC_7C7B0438E3AB,0.18466214483537596
CC_7C87DFBC3176,0.09852253031860968
CC_7C9528E94215,0.3363619107788388
CC_7C9ADE65CF81,0.09969214646661079
CC_7CB6CD1B9DD0,0.04060135330141041
CC_7CB7C7E55BE6,0.1564952187142623
CC_7CCC3A690325,0.17572379554236672
CC_7CE5689488DB,0.03840042490869852
CC_7CEB758A9814,0.04997921665169431
CC_7CF7443D923A,0.05317528805473466
CC_7D0D597690BF,0.17863614780914328
CC_7D0EA0307817,0.044011445218777964
CC_7D12E6FF25C3,0.12531959668061218
CC_7D28D39AED1F,0.6657264730938466
CC_7D2D19D832FF,0.06399701155045659
CC_7D34A67E1369,0.061655501615527394
CC_7D4388B41EB9,0.17976527599888772
CC_7D46FE573D79,0.07992218825808883
CC_7D7810799F2E,0.045939615637169175
CC_7D79241150C8,0.1359313972579253
CC_7D7B92EF2655,0.15093303285863505
CC_7D8C2495C1F7,0.08113023930964411
CC_7DA4F1BA24A1,0.625520624849472
CC_7DAF18939084,0.05585049422165893
CC_7DB8BA427410,0.0664005070124419
CC_7DC9456F1161,0.038983784804583574
CC_7DD2CBE0F0BC,0.2202908266955757
CC_7DD495158BFD,0.6140652451654505
CC_7DD5411F7A14,0.3025056554411383
CC_7DF099A7A092,0.2416699012523838
CC_7DF27D2AC111,0.04802159384666788
CC_7E0CA072EF93,0.0712041997174333
CC_7E0DA100F5F2,0.17403803081232222
CC_7E1086EFDED5,0.0349653935846604
CC_7E12E0F3CF6D,0.11353520015949352
CC_7E178CE78FB8,0.07571595130419051
CC_7E1C1A6D0E9A,0.17452299431620663
CC_7E2A76850DF6,0.782083696398578
CC_7E3ACB15C69D,0.11164302117090277
CC_7E3F3373A73D,0.7218936483599321
CC_7E42A3D0737F,0.11172838735637955
CC_7E4679C534D7,0.25240887238271736
CC_7E53FEEB19B1,0.27300705627435184
CC_7E71CE7FC603,0.2402110666570165
CC_7E8333DBAEB4,0.37891956065748955
CC_7E843438DE4A,0.05365322345791593
CC_7E8E4747C0D0,0.6696737646538591
CC_7E952828C1B5,0.08479055976879311
CC_7EA6431FE6F5,0.12935078596687788
CC_7EA7BA7621C3,0.26412741480402113
CC_7EA8F24B3010,0.10429033544758211
CC_7EAB28B0309C,0.0626031649772208
CC_7EB4A5BDA97E,0.08401320072978835
CC_7EB4B0A36534,0.10198195852206451
CC_7EB791F4AB2E,0.11653011842837444
CC_7EB883C9D5F9,0.03728401060448777
CC_7EC59C577F02,0.0691602008284575
CC_7ED2683D26DD,0.06470274949067778
CC_7EDB3440E0AB,0.5892988466322178
CC_7EE12013C7DF,0.19661336612263688
CC_7EF824CC0D3C,0.14833517738859237
CC_7F09C6F6321D,0.7098989760011596
CC_7F1AD40DA179,0.21242402685409784
CC_7F1D38A39164,0.0828581298735184
CC_7F22B7D326CC,0.2026656316946212
CC_7F2614F1AAAE,0.23172577880794104
CC_7F2CDC7C1634,0.042219743237218395
CC_7F2D46DF9BC7,0.156677809009588
CC_7F57A90B69E0,0.2466410576056243
CC_7F633226A676,0.30148586229524654
CC_7F753D809267,0.6744282697764417
CC_7F7EBF25AED7,0.0357965584033903
CC_7F8496CC5779,0.042824799996581855
CC_7F88D9C5D258,0.08500198673065923
CC_7F8AB4DCA794,0.13967539367430265
CC_7F8CC9509418,0.31924380379125905
CC_7F9069571F79,0.3097682440412009
CC_7F9AD27E079E,0.17748925266686108
CC_7FA281AC1C7A,0.0953656502419003
CC_7FA389E90548,0.08934396446785538
CC_7FBF4A48AF55,0.04750860395627632
CC_7FC40175A8E1,0.2675222230193143
CC_7FD58EE7029D,0.07259237638662223
CC_7FD7F635C341,0.04854946698294316
CC_7FDD458DA059,0.24896308379454343
CC_7FE85C259E03,0.10168395095065089
CC_7FE8CD30D7E0,0.10006753934999207
CC_7FFA32DE7B04,0.18158972068338636
CC_8014F1E2C5BF,0.040732154046774924
CC_8015895C1C29,0.24761120128594694
CC_802BA7E39A13,0.06263885917934961
CC_80300D23C3FE,0.3502963389372744
CC_80465303B6E2,0.19604176239087234
CC_805ADFD46B84,0.0595562951335986
CC_8060F40D9522,0.18000928452615053
CC_80621E822131,0.05579963836642476
CC_806654B580B5,0.4108566945573623
CC_806CFD6A52BA,0.04303362446561507
CC_807935BBEB7F,0.05243677533445126
CC_807C57E626E4,0.07606385371503138
CC_807C91C98684,0.03064569499348535
CC_8096B589BB07,0.165923865375813
CC_809D60155E9D,0.0644685143893003
CC_80A2189E5125,0.49413132018155337
CC_80AF87F62770,0.17773967738185992
CC_80C03DF9CC57,0.20874119948122968
CC_80D9B6563750,0.570676312225202
CC_80E9638ABD4B,0.048651076231493826
CC_80F7171B71CF,0.1068125096191348
CC_80F9983BC18B,0.05933224113392676
CC_811109A98EFF,0.10437531137880451
CC_8129480B056D,0.3346021483930722
CC_8134E5DA9FEB,0.5539159865943066
CC_8140399AD344,0.12194506558704676
CC_8140E278B6A0,0.24789621637238293
CC_814E0F756757,0.4509484203082016
CC_815FAAABFC91,0.22107472767695055
CC_816B28807CED,0.07615650824703248
CC_81821F9F2307,0.5055599743655603
CC_8186D7991EB8,0.05247685630426324
CC_819E203180C8,0.8024452371062274
CC_81A5E3141BDA,0.5226325856050014
CC_81B5CED8EE79,0.12150256107108556
CC_81B91198E00D,0.700390775154472
CC_81BADC379C8B,0.2347325571181224
CC_81BF8EA390F7,0.058823835443170464
CC_81C5FC962C72,0.05623401207331406
CC_81DDBFAF1CB6,0.05200634856031636
CC_81DE637E6138,0.0323465215765193
CC_81F389DEC9C5,0.08175612493288857
CC_81F647806849,0.13064205036073986
CC_820D491B2903,0.7482422857364536
CC_82172863AA45,0.265072953633131
CC_82195FBE9366,0.05265295851146833
CC_821F503DA953,0.09172672587592412
CC_8221AF9B0B93,0.7404831526128306
CC_8222D1C47857,0.05919688237709353
CC_824BB6CD2B25,0.05427910977430342
CC_825192411933,0.10903074669128933
CC_8270E213EDF5,0.21824322483264946
CC_82839CC161E8,0.06581363890850904
CC_828A0B6D7291,0.08642423128494152
CC_828EDE22A438,0.04130804682788667
CC_82928B5ABD45,0.31142620683962785
CC_82A7FE954659,0.17810172276079805
CC_82ABE1FFFA1F,0.13838327800864822
CC_82BDFA01C41F,0.12118676421624405
CC_82C20057CB4A,0.1073465394583143
CC_82E52529A567,0.21130487895915784
CC_82EFBFCF68AB,0.12584943432922405
CC_83092F58B321,0.12319057619543547
CC_83098B4BBD4A,0.10660029843822223
CC_831F9E623C5F,0.1781352776464014
CC_8326C8A3D569,0.10773635342882092
CC_832730F42A18,0.12629276597828953
CC_832A44C3F2A0,0.0516135284383072
CC_832EBAE498AE,0.6800845786618663
CC_833B196A70F3,0.7170125590375649
CC_833E14DFF4C6,0.16536015335175036
CC_834092035687,0.34392796412276316
CC_8351244DE3CB,0.0640963960203422
CC_835B90025058,0.04527512018295883
CC_836534CEDFD3,0.11237796276842969
CC_837ADC1EA55A,0.19606395657694164
CC_83884D799788,0.19167991063393872
CC_83947255841B,0.12094712186990121
CC_83A5A3022ADF,0.7744522301429224
CC_83ABA98906DE,0.07381290021879691
CC_83C75D07414A,0.4170689614688293
CC_83CBA767432F,0.717278350389796
CC_83D342F53F36,0.1525636048148678
CC_83D5CA2A23C2,0.043710922208653955
CC_83E002D6D82D,0.1741538143726443
CC_83FE1BCC83E6,0.3027312144306741
CC_840E5B830DB4,0.04479829129657934
CC_842525788FC1,0.19374238044104075
CC_843076C8EB9E,0.29643590338566383
CC_8442C97EE91A,0.12214287205167326
CC_844C3C30ED67,0.11093832601249583
CC_844E345D2636,0.16875992719507574
CC_844F26E92B12,0.19076373207493966
CC_845032D8A261,0.26991138263340597
CC_845223F606E2,0.2712538051365444
CC_846F5B19B110,0.34072581167458
CC_84797EA9ABF9,0.268302917380015
CC_848D59D48081,0.17411522877382896
CC_84AB057BFCCA,0.059708130909883805
CC_84B0BA112537,0.05568132159281877
CC_84B8FCEDADD5,0.0787091211704342
CC_84C61A6BE99D,0.08366284413964747
CC_84CDF830F68F,0.07472006261320542
CC_84D5B88572DC,0.2272905229771241
CC_84FABECED186,0.12077173445881048
CC_8503F43FB29C,0.19353400624193273
CC_850ACB004EE2,0.07671007552665186
CC_850B114489CE,0.08986185365278127
CC_850CC17BB13B,0.1418549426616304
CC_8518C159BDE6,0.13859128530195775
CC_85299261146C,0.09365356376611092
CC_853986C52A17,0.04416590811654813
CC_853ABBECF2E1,0.7867987162780161
CC_853BF4485D85,0.18212092223161497
CC_853EED03843B,0.07374420707525634
CC_853FD1B551B1,0.15292949429724761
CC_854AAA98CC0C,0.7735706438758467
CC_854F8AB5F1FE,0.03761778778217833
CC_855E2A785BAA,0.10633825996083052
CC_85614CA68432,0.062162963151817296
CC_856B92B23BB5,0.7775850087668619
CC_856DF4A30E13,0.7000471260777528
CC_858704DBD5A6,0.06295012741615866
CC_859EF0AAA74A,0.04938234478511816
CC_859FB710961E,0.14547603924988145
CC_85A0EB3C9884,0.5966798203219463
CC_85C887BB996A,0.09135922946549488
CC_85D9A6C9CA60,0.1141285328259344
CC_85DAF10E61A1,0.6021432087870607
CC_85DEF8ECB524,0.1294610072027391
CC_85E2E0B8B15F,0.6922221706634799
CC_85F018DC47FC,0.2975535230000837
CC_85F376B33951,0.17523412862502274
CC_85F745E1D307,0.1453309371242875
CC_85FAFB430486,0.2755096163531948
CC_860D4B868C17,0.024855714129364822
CC_8614E30C9FCE,0.43382402495526234
CC_861F5DC22035,0.043584044356356155
CC_8624ABB391B1,0.1707631984232287
CC_862BAB422756,0.32603333436194715
CC_8642F98E5504,0.16858867486650292
CC_8655B8862C81,0.1633930796380518
CC_865FCEE75A8E,0.03462903523419991
CC_867372811CCD,0.44089343631928335
CC_867695B5C296,0.554260203216382
CC_8682B1F914ED,0.15888961049317576
CC_8691DF144B92,0.5005621819791035
CC_86AD259FA5B1,0.1447706579707389
CC_86AEC21936BB,0.7251857700683737
CC_86B1D15F8424,0.045257490127618254
CC_86C2A6EC5712,0.7096247386868499
CC_86CF816B494B,0.05957827694297456
CC_86D4D58B1D0C,0.16907314589133893
CC_86E2C4E17CB6,0.04658268343389613
CC_86E9E191E3CA,0.37905619618005887
CC_87000C16C856,0.10336362968612958
CC_8703DD5FA02C,0.18994473305497916
CC_87065B1F429D,0.10858702079859378
CC_87434BBA1CE7,0.03640174559107893
CC_87450EA8CD55,0.679297846290641
CC_87480F785786,0.07659238201646965
CC_8777EA6EBFD4,0.04169634992995518
CC_877A35E76904,0.07017094076875527
CC_877B37D01563,0.12386152377569919
CC_879759A5EFB8,0.3592178594708213
CC_8798AF2651BC,0.13376056343091897
CC_879989FB3B92,0.568955953012682
CC_87A3BECEE5A4,0.11849257437253488
CC_87B7CDF4BDDE,0.03765798098342758
CC_87C13E620006,0.2529724547765897
CC_87E3AFB080F8,0.12932671668024553
CC_880044F77ACC,0.09164814260911064
CC_8809BCAC74A9,0.038118185150227454
CC_880E0019DB5D,0.031046166833693975
CC_880F027D886E,0.12530441350499882
CC_8812BC579F7D,0.08149030027355506
CC_88225FE57D82,0.20228061599245445
CC_88315318E9DA,0.33918652156976714
CC_883864E584A8,0.08146119002590682
CC_88469BAD58C4,0.04795195009729499
CC_8854EE679596,0.08321603915484029
CC_886273CC4072,0.07879555536751275
CC_8866B6D4524F,0.21987192095897862
CC_88A943606806,0.32929881900485086
CC_88E916A3F984,0.8012963595602782
CC_88FDC55C31A4,0.1237722118597725
CC_890D5EE59076,0.02836543264061148
CC_890F721517F2,0.10010494351585444
CC_89129D16418A,0.32957747644219226
CC_8917F02F9326,0.1369398157328118
CC_8920B6584A43,0.06993202362507786
CC_8929DF270419,0.7117607709205179
CC_892B119F0E5C,0.1896244469603327
CC_89302456B9D5,0.6522056106832772
CC_893FAA6D1F04,0.7397913968840844
CC_895AF697BFBB,0.30202800827738363
CC_8961FF892F79,0.029372244332857782
CC_897674493060,0.07376574739676908
CC_898AFCD28B03,0.12862497503257958
CC_898CC919D10F,0.1894437642428051
CC_89A711195EEB,0.16176308640651954
CC_89B4DF07DF12,0.07435373356341358
CC_89B941079E10,0.11480324781096427
CC_89B97E9FF67A,0.10498542793599687
CC_89C5162E8055,0.1921960902336933
CC_89CA0F1E2DBF,0.23915116214567936
CC_89DEE29A78AA,0.11021118339110136
CC_89E089707730,0.15319522116893752
CC_89F0B865A6D4,0.11761879760891245
CC_8A04C5D4D02D,0.060587118271663014
CC_8A081AA1FB92,0.31364149546633224
CC_8A0C640E7A89,0.5442211420578302
CC_8A12B68246A6,0.05362778187894986
CC_8A14A46B280C,0.1527259925881172
CC_8A165A18560F,0.25789330236138974
CC_8A19196788FA,0.06529957185900107
CC_8A25FA445037,0.11051104556745771
CC_8A29EA87B295,0.12805658094226374
CC_8A2AC87CB22A,0.04998589510738636
CC_8A34634E7423,0.6267839064028878
CC_8A38BC1AFE57,0.07145078893441692
CC_8A4CAF0CD0F3,0.1128110077235068
CC_8A5A0429CAB0,0.13767625178666554
CC_8A6E60FAE870,0.08309309741316022
CC_8A7DA054E397,0.6905753588310618
CC_8A7F5FF4B421,0.27304466117036263
CC_8A8249A44847,0.11679562893024781
CC_8A8BCE16DF45,0.13596297898318055
CC_8A8EC764734B,0.06989669306076979
CC_8AB553BFA00A,0.09384323580767506
CC_8AB57DC077EE,0.6069735985477729
CC_8ABA5808D313,0.0688584682399
CC_8ABDD9A05C87,0.3429135167733708
CC_8AC7520DBCCF,0.17667837026277625
CC_8AC7F8BABF28,0.06436734031732565
CC_8AD67FB3A5CC,0.7388997219965446
CC_8ADDCF5EDCC1,0.09882529661680013
CC_8AF1C3A0799E,0.7343674123311128
CC_8B388FAED0B6,0.1136675471223026
CC_8B46CA903D09,0.028000066357679623
CC_8B5819403FC8,0.7270584134177971
CC_8B581B8207A9,0.13989901668654153
CC_8B6DBEF19F46,0.15098127620111115
CC_8B8326C4C229,0.12652259004490743
CC_8B850FDCFC83,0.0894821546298151
CC_8B8F41F19B72,0.07564355668592548
CC_8BAF98C60957,0.13478086251493976
CC_8BB0824B181E,0.0475796516518916
CC_8BB963DAD9E2,0.16595382977313333
CC_8BBF5F939D7C,0.14445514765714043
CC_8BCBDCF4DFF1,0.08812234010444694
CC_8BCE343561CB,0.734667316830895
CC_8BDA87361657,0.09918983504972334
CC_8BE68A4DB87C,0.06424727199222187
CC_8BE9BBD879A5,0.04609294006238377
CC_8BED85B91011,0.41517069183062727
CC_8BF68E552DA2,0.19238440360629525
CC_8BF832E6464E,0.8022063933690515
CC_8C1561920E84,0.22914661880332549
CC_8C2A7D9A667A,0.15264455493659018
CC_8C3A5DFE70B9,0.18705202554823525
CC_8C534CCBDA4C,0.2036785649342625
CC_8C6472A3EEAB,0.05653178120392066
CC_8C6B4854D16C,0.21704930587620092
CC_8C76DE4F58D4,0.06810433956832204
CC_8C7DA3F4F88F,0.07025876328357047
CC_8C8527DE7DD7,0.07336047874540622
CC_8C9416612FDE,0.42958173795688515
CC_8C9973F02AD6,0.3367398219301587
CC_8CA1DB61A2AC,0.04704487134884454
CC_8CA59CAE22F6,0.18704986799763829
CC_8CAFD04A6EDD,0.11745908970746005
CC_8CCCC389913B,0.6550092608853737
CC_8CCEF12DC7B9,0.19270407217311938
CC_8CDCD714BD1F,0.7888621452847137
CC_8CEC7987D1B1,0.08048001618923487
CC_8CF621ADAC0A,0.27479219581068576
CC_8CF8FE2A4B82,0.4025777753744223
CC_8D048396D9D5,0.10622469366088785
CC_8D1089C58563,0.5463054638840309
CC_8D35A37FC4B1,0.09239363229057547
CC_8D41E12FE5B6,0.15140030636925705
CC_8D4A859839EF,0.14935033924811358
CC_8D4AD431C55F,0.10231715379795916
CC_8D4D882CA579,0.11944250416549773
CC_8D6151025078,0.12385559230618037
CC_8D637233FE54,0.1473515571326125
CC_8D6AEBA2D7EC,0.09585306110456783
CC_8D6E16DED971,0.1782606024104269
CC_8D7329F79BBD,0.4765094026116766
CC_8D7B7307C43F,0.09643271646241725
CC_8D7B9D4936EC,0.7363751654084433
CC_8D80B1B44AE1,0.40321960667381884
CC_8D9516D61143,0.4176291040152564
CC_8DBB8445786A,0.09264554414594539
CC_8DC5B86D9DCC,0.7465393960086699
CC_8DC6465998DD,0.20256322778596966
CC_8DDD0EDA9CB2,0.1538400559130852
CC_8DDEF0265CB4,0.06458720061202153
CC_8DE06BEB95A1,0.09862040530738493
CC_8DEBB5B14A14,0.15496769769756616
CC_8DF5BE7F759C,0.06840128722602426
CC_8E0ADCC71F85,0.04509283299838038
CC_8E0BD86F6F0E,0.11663091157481018
CC_8E143BFCF3E5,0.11641871804373613
CC_8E170A60D71C,0.3854277033746829
CC_8E1C3A21FAEE,0.10903464820204928
CC_8E408E18F060,0.10065666256811998
CC_8E42FB163DA5,0.8009097488562553
CC_8E47536D29BE,0.2625414942752741
CC_8E50AFFC5BBD,0.0425104435146022
CC_8E5FB1035354,0.16725316466334866
CC_8E7B9B8DD1A3,0.0957980724238682
CC_8E85B08196AF,0.03928085320550243
CC_8E96FC75AE5A,0.07095039178373368
CC_8ECAB5A6C7B9,0.07456147494484743
CC_8ECC4C7A6638,0.5152095372749614
CC_8ED6F13C35F5,0.16345502762234157
CC_8EE5E9467038,0.1651183410279225
CC_8F037E5AE692,0.0599204613895096
CC_8F1A418D96B3,0.29423796377490485
CC_8F1C4014F91A,0.141554003487297
CC_8F30A5FC9D49,0.08925444473108732
CC_8F3456F298F7,0.2467757126892861
CC_8F393D485C29,0.14942311238883427
CC_8F4A41130110,0.0459469564874593
CC_8F7AA6E4D486,0.12455992738915111
CC_8F887BE25314,0.16770104572119754
CC_8F90CD1A5E00,0.16734578236150033
CC_8F9B26042C4A,0.12143274958156369
CC_8FA9423E65C6,0.11910398206177003
CC_8FBA6C32E0A5,0.26435532613073665
CC_8FC1C50C41E7,0.08561753358883908
CC_8FD005425792,0.06867628354699143
CC_8FD6A223135B,0.12386404158169655
CC_9002450E1B5A,0.042647504013707184
CC_901CE62199C7,0.39484271747201116
CC_901D2136E1F9,0.17516915204499744
CC_902648F62345,0.15869804180714334
CC_902BF0612E70,0.1602257615397274
CC_9036F7423277,0.19742574935466564
CC_903AD2767BAE,0.7155343193512127
CC_903E4BA690FA,0.2798620743285714
CC_904386E31210,0.05147937483914762
CC_904EA6C846F8,0.42550123352954644
CC_90549DD3CC39,0.1340252278473346
CC_905739E5494F,0.0833414631275559
CC_906F852C69D6,0.6664751294342129
CC_907911F4930A,0.25481440373275577
CC_90798A7273BD,0.13593359221344573
CC_907F3A8AFCFB,0.0787966459738082
CC_907FA7722881,0.10905917821716683
CC_90812D9F30FE,0.08435763438702874
CC_90870A89F310,0.04164983500981103
CC_90894CA021C3,0.6137894897697124
CC_9092C5EBF5F6,0.05805206579907262
CC_90A10D649D9C,0.6840154935751073
CC_90BF8E127519,0.5690107177551017
CC_90DBB385A7F3,0.7018183377037859
CC_90EAD308012B,0.31828663701224397
CC_90F4BF0B868D,0.11821592874341037
CC_90FA39516EAF,0.07494634150229955
CC_9117894F31C2,0.20834283410325516
CC_911ED63BB556,0.34131777179266626
CC_912730AE6E8F,0.2892023418826366
CC_912CA7EE4C26,0.1279707627432198
CC_912DA46AAED2,0.08637874983493364
CC_9132E67EA479,0.15979036344378478
CC_913D95FB31E0,0.14943761118026033
CC_91529F20D461,0.7593691735093127
CC_91586318C780,0.04039994074050398
CC_915F2708219D,0.1612279313728965
CC_916CCF9CBC08,0.03162039669732129
CC_916CF77A29CC,0.0857764349025906
CC_9189E4FF82C5,0.14573163953360374
CC_91A27CB6139A,0.1305873036585117
CC_91B7A4A15A37,0.6371316542128148
CC_91C2077BA6D7,0.07485557331355006
CC_91C4CC43EEE5,0.1477471514753
CC_91C55BE33AC7,0.061742998069774804
CC_91C81BC58B49,0.05233515095443339
CC_91DE12EE18A7,0.3863140587151629
CC_91DED13CDCD9,0.14622306314465913
CC_91EF639761F8,0.15861818463503335
CC_91F23A7E743A,0.32238617414385795
CC_91F4C5E889C7,0.7274846191283987
CC_920E91EB28A7,0.18211918979977765
CC_921481F5F77E,0.10402137690866589
CC_92221DB27176,0.16761536144686018
CC_9224D5677C66,0.09481987232884553
CC_9230B9656F93,0.20477501963674455
CC_9231D0F8A993,0.7001435852380777
CC_923727159A8F,0.04784772697198425
CC_9248706729D9,0.04457114825532741
CC_924AEB5DD991,0.21166197613924637
CC_9250BA851692,0.3616524117776112
CC_925BACE3417D,0.09797393310864079
CC_9260CD0D7C0A,0.11743990095154747
CC_9285EB21B38A,0.1037287238534013
CC_92A09F03DAB5,0.7927775633819003
CC_92BC35D7F9CD,0.08743680563538206
CC_92C5FE9E5B12,0.6854762471593743
CC_92DC8CF8C902,0.09178941094621426
CC_92E006664648,0.29569230343000674
CC_92E4EFB9F0DD,0.12452800829826045
CC_92E621E0298E,0.18452295816345798
CC_92F412AC7D22,0.07169523017986487
CC_92F42886B7E4,0.19637947437442405
CC_9301E23D376D,0.5978692778260477
CC_931133320380,0.21175651754293442
CC_9314B6D8B7F2,0.07763589558390803
CC_9337E3B43211,0.20064811061312682
CC_933E044F26DB,0.08585151130516366
CC_934BB89938A3,0.10228004411886754
CC_935296A995DA,0.1286731297535821
CC_935326AF26E2,0.18024846714627427
CC_935B72B8E7F0,0.058842546961479336
CC_936FF3C9BE68,0.04337785014958669
CC_937FFE1718BC,0.03966331644442087
CC_939F92AEE460,0.7941564117508253
CC_93A4365B25CF,0.8032158015611726
CC_93AB9D6A7EFA,0.09339948973816031
CC_93C719738590,0.7994836993015895
CC_93CB48930B37,0.1904631756116837
CC_93D24FAFD21D,0.09629578769440561
CC_93DB5F477493,0.12798061947133196
CC_93E1CAFAD44D,0.07125074875106312
CC_93EC9F853123,0.22505076022508577
CC_93FEAF515A8E,0.05285345293587369
CC_94063A67F136,0.3296614007314471
CC_9406E32819F5,0.06347689175704122
CC_940971CBC1A4,0.16812435245191834
CC_940ADC8DEA3F,0.13476000612352781
CC_940C7E8E0C52,0.2349847232386817
CC_941DD2E1DE56,0.1590542402621536
CC_941FC1FD0D55,0.21481137114999382
CC_943B720DB5BB,0.09782075473461962
CC_9440309323A0,0.13946694142015145
CC_944B461BC558,0.06831265393106864
CC_9453654BACE9,0.20378629893626443
CC_945888CEAF10,0.3750873811546632
CC_9458D4A483A8,0.11135194045420078
CC_9464BA7E98B9,0.07325397314213615
CC_94794B478A5C,0.2987842797010699
CC_947E58EFF90A,0.0923770235124164
CC_948537FC17AA,0.755125129275956
CC_949576D25153,0.0736971474145232
CC_949B8CEAD619,0.0882819972011176
CC_94B4E05906A9,0.14043937239447718
CC_94C3B6F3B0CC,0.1431339716702076
CC_94C3D9D8FBF3,0.632173518279312
CC_94CD530B2099,0.07045519608973785
CC_94E9D1E527E6,0.03341294889311608
CC_950450C0845E,0.4153950563821104
CC_95169A4360C6,0.05018869359217413
CC_951A69571676,0.0573959873165568
CC_95232636844F,0.23792013439297158
CC_953A5913EDD3,0.16619276202791142
CC_953B678083F9,0.08771055917084462
CC_9541BD0604B6,0.1449660732373758
CC_954404C1BEE6,0.3844890788356658
CC_95444ED71872,0.07608385962637351
CC_9544B86C78A6,0.7231317607097929
CC_954AD7E7C8F1,0.17416134879526857
CC_95525CC6C854,0.14734880548874346
CC_95573B318A91,0.04259966455539397
CC_9569309DC18E,0.08520228037633479
CC_956A2DF28600,0.198846690713937
CC_957C7A0D7B72,0.34423026329652195
CC_958BECCA0BAB,0.43727204686195714
CC_95A6C4DA2F12,0.5895413423276534
CC_95AB75B5BBBB,0.12760737941875816
CC_95C1274DD7DF,0.03091376633081412
CC_95CD8F6A8CBA,0.040551572103194836
CC_95DD4DC604BD,0.1734531459101445
CC_95E1AC08266F,0.11705428116721542
CC_95E3DDCB74EF,0.05766587011981998
CC_9601384AC971,0.4252513799403455
CC_9608A73A8025,0.16110444963799941
CC_961F3BFBDDAC,0.8397865289902617
CC_96206C1277EB,0.2768860810665274
CC_96396AE6347C,0.2090619630139614
CC_96416D2A937F,0.22313541664641534
CC_964C2E0B00C1,0.20354398499776027
CC_9657A2A04BAF,0.23734049563921314
CC_9662D713B7BB,0.20505712310483232
CC_9664F83B7F1D,0.1927398191714145
CC_968AF836D0C4,0.050449360356191145
CC_96A6735A4317,0.07470705061351092
CC_96BC62A4A0AD,0.20441904784801881
CC_96CD75668A6C,0.05168130453305292
CC_96D928252719,0.37746447887757734
CC_96E40BDE9A6C,0.10871633788718839
CC_970116768415,0.21257018645999837
CC_970E94875C2B,0.7612234695838778
CC_9721C8A61D80,0.0686371316198951
CC_972313B0F814,0.16178679492839465
CC_972FD8FFFF63,0.5268415434571969
CC_97478A77EC17,0.17495177209479246
CC_974D14774BD8,0.05731799018908722
CC_974D86BD39FD,0.04932843425072725
CC_97508465AB76,0.1172897372268278
CC_975689C0CD6E,0.062309521754559484
CC_975967702106,0.046376140939748345
CC_975F3F07ED23,0.05428261137341509
CC_976E0D9A64ED,0.37634336595625417
CC_977145B2B363,0.3948918006173455
CC_9772CABFE1D2,0.7986167342264767
CC_9773C1E6AC8B,0.6295711791808879
CC_97832657396B,0.45102593599749424
CC_97963C337FD3,0.5060125796678436
CC_97978B581F20,0.18124928159223558
CC_97A9ECF23955,0.20045585077377154
CC_97ACD6D965F3,0.0905301258927974
CC_97C69AF6E34B,0.7214425936055127
CC_97D0E7256861,0.6603467561017007
CC_97DEBFBE2BDE,0.27079776471901534
CC_97ED469F2950,0.11864376299267886
CC_97EE84ABA6BF,0.32100006520436364
CC_9801B22BF375,0.1064575346421339
CC_9803B6D4D780,0.24646526709806718
CC_980E90C8A301,0.10726703743504845
CC_9814B3D08A69,0.08286518068278215
CC_9821BD45BB0D,0.1714675504224763
CC_9829FA0350F7,0.037340506903263654
CC_982CAA309A38,0.17556670771239574
CC_98346EBF382E,0.15244921093364036
CC_986698CCC6AA,0.13531250669177444
CC_988FC580CD50,0.11699341223475995
CC_989795BA3DD2,0.06636719299637993
CC_9897A1DFE807,0.08490221439698882
CC_98A2C8F4E956,0.083492194119596
CC_98A3E6CDC707,0.135736459110022
CC_98CE15EE1565,0.07327837855948403
CC_98D036D16215,0.05526796599925132
CC_98D09B14EE3D,0.39873995107743165
CC_98DB782DF852,0.05384280016496164
CC_98E2EA67BC97,0.07734372061375319
CC_98E6E7CF74AF,0.09585596048237069
CC_98EEEB2A83DF,0.6531532698118078
CC_98F3D3194788,0.127179886483017
CC_98F8A8CF4F9C,0.338542092024429
CC_98F91BAB57EE,0.1495076625843138
CC_98FA377070FB,0.19234573872532712
CC_9900D0479959,0.3391429325550512
CC_99061A735C6D,0.23001004888751087
CC_99093EC1A2C2,0.12668978930524324
CC_99376CA4DC26,0.04424255779878933
CC_993A588895DA,0.13778569219889727
CC_993EE6417CED,0.08428491345608745
CC_99559319913F,0.04353256122258423
CC_9970123DCC41,0.3081072290574549
CC_998BB6848FDE,0.08360151012507777
CC_99958287B2A9,0.47084552381048506
CC_999BAB2D16FA,0.4221565513894987
CC_999C7029261D,0.745875259446581
CC_99AA61D1896E,0.08106740984063508
CC_99C03E7D99CE,0.04993587919832965
CC_99C62022794F,0.0841418970008938
CC_99D46BE6593A,0.15854080268080023
CC_99D5A5371B39,0.14760327311594007
CC_99D79709AD9F,0.7535576675550048
CC_99D7DDAA460A,0.15175561880977445
CC_99FC44B3C58A,0.11725253179512081
CC_9A02B2A17C07,0.09379563935908397
CC_9A05DE55D408,0.1898417892567689
CC_9A0C42AA09BD,0.38166634821274625
CC_9A2B390551F6,0.04894766686047178
CC_9A2D66206BD1,0.5039282078830821
CC_9A366E181FA0,0.15602217057613293
CC_9A39365FA850,0.6433173446095466
CC_9A42833BA860,0.03911727341288446
CC_9A4911A0140F,0.09414073228990363
CC_9A4FE1E8E0C5,0.402159834060217
CC_9A51017C734F,0.34379118724254754
CC_9A5DCCD62D0A,0.3534737018935667
CC_9A602F492510,0.17564924549533584
CC_9A66BDD34B89,0.03637510355030992
CC_9A6AB0AB1E67,0.04840933953970622
CC_9A7049ED5656,0.6136839700187062
CC_9A7AF31828E5,0.1178750228821924
CC_9AA750377C6F,0.12284673122481024
CC_9AB359C82202,0.04975299073058792
CC_9AB7BF77EE83,0.7654539882507463
CC_9ACAC8474B9F,0.0251904826752481
CC_9ACCA4FB9101,0.07166257015351395
CC_9AE1529AF9E0,0.1259424146630626
CC_9AEE181F1156,0.2453009914872346
CC_9AFD130D3725,0.09936121732937875
CC_9B09C3353732,0.09074551644909312
CC_9B0D37817EBB,0.08967475709131462
CC_9B290B59155F,0.4157655572710175
CC_9B2D487C64B0,0.09507612055941728
CC_9B3DEC76ABF7,0.06906668584524117
CC_9B4F778D0A6E,0.16884447075221914
CC_9B581A92C2A3,0.4101881285121734
CC_9B5CA8C38414,0.16657412278649725
CC_9B6E82167593,0.18900674294008274
CC_9B6F6B2BCC05,0.3463820845050815
CC_9B7FC3DA1594,0.3693338278066537
CC_9B957DC280F6,0.1768549389343897
CC_9B997DF20042,0.37506301629975314
CC_9B9BC4B83736,0.08916690020171456
CC_9BBE1A16C04A,0.15168938954716304
CC_9BC63F1A568C,0.2659178570639059
CC_9BCB0166227D,0.2602003896879713
CC_9BD3DC96ACC5,0.13112838420828646
CC_9BDC5A0E43C7,0.44207251091493527
CC_9BF9485A3F9D,0.25096846539031187
CC_9BFE93FF2145,0.2400887530157403
CC_9C0470A0536E,0.20612409472218368
CC_9C205AF09E47,0.5313321997056086
CC_9C30DC5C1E46,0.06525657904904678
CC_9C325B6CAD11,0.045803365516843844
CC_9C4A200D0BFB,0.4133006803665238
CC_9C5EAF238007,0.254911310320603
CC_9C601C6BBD37,0.061084179902311714
CC_9C606C2C92CC,0.0686095530500605
CC_9C6192D3A16B,0.07426835197378984
CC_9C84FB9B1469,0.0714625173052934
CC_9C989433D637,0.26664022978225677
CC_9C9B2FEB4937,0.1454340449966143
CC_9CA7FBE1DD54,0.11916549187331901
CC_9CACA50F80F2,0.1780889124175351
CC_9CB40D552388,0.05999275142819758
CC_9CB8127D17F0,0.036726314888225774
CC_9CB9CE2989CF,0.7151337795638957
CC_9CCE51CD83ED,0.78867148987117
CC_9CDD2F3D0BE7,0.04490286573158882
CC_9CDEC693AA99,0.3996116734788556
CC_9CE9091AA9A9,0.2189890206171103
CC_9D007C60D29F,0.06475720748231831
CC_9D017774D4FC,0.656107693998641
CC_9D095EC1F232,0.26678985833742225
CC_9D1A1281C8FB,0.3096206958449884
CC_9D23F42B7996,0.45855934535268394
CC_9D2FBC479646,0.6650270074909297
CC_9D363365CAFD,0.08720274014167174
CC_9D44E4543573,0.17933717064908766
CC_9D45F67E3B01,0.0816172218160807
CC_9D535DD207D2,0.08560151449518127
CC_9D53ED53A15A,0.5616215066917374
CC_9D5D97AEE98B,0.5324431007928679
CC_9D5F2A5B6913,0.08850032920643408
CC_9D6BC1C470B0,0.49702292023430467
CC_9D71FBDE765A,0.045930002160666915
CC_9D73939E357F,0.12843179424932086
CC_9D82F401BD88,0.6256041185910332
CC_9D8B4454BE84,0.2597007025385857
CC_9D92537645DB,0.06528409276643143
CC_9D95ADE03ED1,0.22640699208193532
CC_9D98FE7A1809,0.045637082102228894
CC_9D9D59757786,0.07394749494745814
CC_9DAEB38616AC,0.149120548805318
CC_9DD55CC0E928,0.022858602961516435
CC_9DD6B460CDFB,0.26007412245469774
CC_9DD80B5E3729,0.09282262312901582
CC_9DD82B4310AC,0.42916398879162587
CC_9DD9389E8AE0,0.09481039706373189
CC_9DDA8ACEB3D8,0.0818710368443373
CC_9DDCD898D01D,0.12349358500081101
CC_9DDD90B42A27,0.800493426941171
CC_9DF1807A4316,0.03919978114594802
CC_9DF786FD2620,0.4550424115398507
CC_9DF7B9B3C8F8,0.08380470295815497
CC_9DFF6E2AC586,0.13786466044661994
CC_9E0546BD7BD6,0.12748185362142894
CC_9E0BE8227931,0.08904547942535325
CC_9E1A205BA261,0.45200262111516787
CC_9E2967559B00,0.058744232207451355
CC_9E323A031449,0.7234774006288227
CC_9E377CC03D51,0.04486033905043448
CC_9E3B83584C12,0.17608708584067947
CC_9E3D46FF5709,0.566915585008591
CC_9E4FA91B86A9,0.08587079285103749
CC_9E53534DCD6B,0.12146546527041101
CC_9E73656FC8C0,0.7168712631921703
CC_9E7430675033,0.18289764522340668
CC_9E84CACDD7B6,0.396183699203926
CC_9E84E0E4C5BE,0.3034859004037268
CC_9E9C65275B4C,0.08219294919844072
CC_9E9CB6473D59,0.23649081215590942
CC_9EA4F11BE6C2,0.16139037363015765
CC_9EBE3F26F2FB,0.07060429119163977
CC_9EC23AB6C573,0.31775828850052107
CC_9EC34DDD0E53,0.05410384434551312
CC_9ED8EDFE8C55,0.08557460639997944
CC_9EF352F179D2,0.0836894465151401
CC_9EF505400F8B,0.6603369857107384
CC_9EF66D83B743,0.31680135254029723
CC_9F051572BFE4,0.2377644025038341
CC_9F151A782BAC,0.23027752743977847
CC_9F1A5DF4619C,0.39186127403300774
CC_9F1BF78ECD7A,0.0808271437322306
CC_9F263092AD72,0.16904202755161982
CC_9F36EC36A9E6,0.08369037146022966
CC_9F3D52242888,0.1602374444067067
CC_9F41F312CDBB,0.3226167714925294
CC_9F425167F9ED,0.1486301709961679
CC_9F6981E0009A,0.3066364089669136
CC_9F706DFE0AE7,0.034425348780001905
CC_9F7B525DD52D,0.33722478286693003
CC_9F8D5A5A9DAC,0.15893007025612185
CC_9F8FAE57E6A8,0.13497961829772837
CC_9FD1AB8E65FE,0.04781375824163501
CC_9FD2689202D5,0.13034967678382187
CC_9FDBB5C2CD09,0.04025596104509297
CC_9FE52BD71CA2,0.09669332562624884
CC_9FE8E62EB24D,0.09563583397247233
CC_9FEA59AEA00C,0.26570629048643574
CC_9FEA77B36A29,0.39103054611915355
CC_9FEE9701D16D,0.25358171546998826
CC_9FF35BA60E6E,0.2856188648805748
CC_A0003F08B22E,0.14385903628496605
CC_A00AE2543224,0.06065901130063908
CC_A02A29DECDC6,0.10945929288576012
CC_A0336C21117C,0.6558703654559419
CC_A053B42BBE0B,0.07285636601346016
CC_A0591F16FA37,0.03149944048532066
CC_A05F962C80FF,0.16918522446955375
CC_A07B0549E53F,0.06148084628616847
CC_A09F230CCF5D,0.6609959462220095
CC_A0AED6346ECD,0.19849286320391707
CC_A0C4A796643F,0.1154653493427659
CC_A0D6DDFB430F,0.06447090741995817
CC_A0DF672F9C4E,0.1372218286931327
CC_A0E8C7C5558A,0.3056231333087207
CC_A0E9269DF22C,0.48554519480358316
CC_A0F1DB5CB28C,0.09644402850227621
CC_A0F42B26F8F0,0.05768470664507785
CC_A0F8F80EDFB0,0.06968652809558908
CC_A10AD9550E4D,0.03212675855153835
CC_A10EB26E5EE1,0.16448882623933106
CC_A111B065F623,0.0636695416502395
CC_A113D95B4AB2,0.14549354013720592
CC_A1320C0F0129,0.7315033916863458
CC_A1348D850EFD,0.7650105509006875
CC_A13D08B372E8,0.06127019609038003
CC_A143E64BD9D6,0.334175839129666
CC_A14B0A24DC3C,0.11284201737165744
CC_A15137F25F7C,0.07906897862484712
CC_A152DBEC5BE7,0.0578106721185776
CC_A1591CFF6D81,0.04398652088561538
CC_A168CCB582C6,0.3529631544349226
CC_A17DC38133CE,0.7719555337035273
CC_A185D5EA3DE8,0.6385430976397971
CC_A19C842508E0,0.12856186085227816
CC_A1B648DA406D,0.029088684436999378
CC_A1BF7028CAA8,0.024173620319064597
CC_A1D035FA36E1,0.07912979729314212
CC_A1DD653D41A7,0.09517615878787784
CC_A1E3AD4B934C,0.3066762721929106
CC_A1E58421CE87,0.04633266088164911
CC_A219144EDEFE,0.054159665722147726
CC_A21FCEEBB3C3,0.42763116530189205
CC_A220E4278D79,0.043813974710161074
CC_A2231BDC961C,0.24970886840683137
CC_A234E219EFC7,0.3188389869246167
CC_A239B1BD81FF,0.06568389671684305
CC_A23D8CFFA31F,0.08287957547124679
CC_A23F463F4B4D,0.042700278130216915
CC_A23FFDC4A7A4,0.09309955924096622
CC_A2423E273F84,0.10178860654021007
CC_A2493E6036AD,0.3157419618995715
CC_A25C54470CED,0.0897909564864498
CC_A25FA690BBBC,0.1250868906501661
CC_A2636CF7C075,0.1035084818656584
CC_A26C22870E3D,0.4540338860807514
CC_A26F6A272B3F,0.13721695688718788
CC_A27CDC9BCBAA,0.1838549609249264
CC_A27E5269DA60,0.191184813799124
CC_A28D4A46B6FA,0.1099314886101827
CC_A28EB319030E,0.04824798281283563
CC_A294D3A59462,0.7867182089331486
CC_A29D8034C304,0.057751733834255845
CC_A2A109409963,0.05201759142740629
CC_A2A4FA5F9962,0.12071596257377307
CC_A2A7E30C59D0,0.15165504966235197
CC_A2B5D2D4E269,0.5302899550468567
CC_A2BB24180208,0.2851132098651072
CC_A2CF1DFEFE46,0.47421137319911594
CC_A2D6090EA5B8,0.15544529649198616
CC_A300BC40BC9D,0.045318404095168255
CC_A3212501F639,0.19467177689974452
CC_A3278A566572,0.06253889504515664
CC_A327EBE4F783,0.18419007731327913
CC_A32FB6659B01,0.07752981287050299
CC_A33915EE72B6,0.21495794489860892
CC_A33D350BE79E,0.17736849334409346
CC_A3553B8AA8F6,0.10301301905010876
CC_A36EB077BF3C,0.027376004028148795
CC_A3753EB66DEC,0.11772279389636776
CC_A378342AC9BB,0.16083715260093795
CC_A379E9455C60,0.1594486693272334
CC_A387ADBD7249,0.10252440274392563
CC_A39E961FC29F,0.1497847385874903
CC_A39FA1EF0B16,0.27706711045636223
CC_A3A4E39FB04D,0.1637157833667324
CC_A3A751BE68D2,0.03778900925926449
CC_A3ABB3C5E9D5,0.6485205601336725
CC_A3AF9C2C68F1,0.18595046011924898
CC_A3BEA14873AD,0.1347987994798791
CC_A3C2FEE13C37,0.14278425231605948
CC_A3D6435D5F17,0.17422816115138023
CC_A3E3E51AD0E7,0.05018685663890017
CC_A40566694D53,0.23780599553540627
CC_A410C0DC7125,0.0440810729571093
CC_A42168D2B94B,0.08575185666432689
CC_A43CED9AFEF5,0.43246955531759146
CC_A4475A788D13,0.12638685323939458
CC_A44D677C0C07,0.04555053113141513
CC_A44E2673E71E,0.04360475239795178
CC_A44E79A96425,0.340321006878786
CC_A462CA147DB9,0.11800070511120729
CC_A4660E424386,0.2090634582718192
CC_A476C9F116F6,0.1627331819826518
CC_A47C83B6EE2B,0.1499265980389965
CC_A47F8594678C,0.2709909653558296
CC_A48A7592F96A,0.056473912983806974
CC_A49195E659EE,0.06533543548780386
CC_A498A936AD21,0.11366147436244997
CC_A4BE6692361C,0.6096408072726157
CC_A4BF2115580C,0.06307595695153288
CC_A4CACCD14A0E,0.1146133955653949
CC_A4CE57A1AB74,0.07598931764441336
CC_A4DE4F1B5F93,0.1946217407240398
CC_A4E300558DAB,0.06262918916754838
CC_A4E972915D89,0.7452266359388853
CC_A4EEA04CF3D0,0.2117168682884128
CC_A4F400E9A0ED,0.0522788811276475
CC_A4F550D7F95B,0.20250250259721025
CC_A4FB91B1BF31,0.1586182875010501
CC_A500C1ED0A33,0.18826209713706724
CC_A50471962A96,0.6924693680742395
CC_A5161D8AA57D,0.11854970684839142
CC_A519C84307D2,0.07949754700081069
CC_A5277A9BE02B,0.7050434893564534
CC_A53578FCEA71,0.12653558851926033
CC_A54EAD1CCE27,0.1378695198041912
CC_A5512DA239BF,0.15145866855483836
CC_A5545DF298BE,0.06549943023584455
CC_A556EEF3010C,0.4453787358845511
CC_A56756C65136,0.32679016403698113
CC_A5852E06D2D5,0.2548161627156478
CC_A5886994671C,0.15674017127792006
CC_A594D8B41A99,0.056973002789786245
CC_A59C6A6B71C3,0.06866025870139468
CC_A5A06987AF5C,0.19802254448349313
CC_A5A1512FEEFD,0.17268874284175967
CC_A5ACE4284283,0.1581226777838905
CC_A5B10F07BCD5,0.10823801705656791
CC_A5BC9ACDB4CD,0.07543231917057674
CC_A5BF8B260922,0.43547352043461696
CC_A5C52379AE06,0.2954650654517629
CC_A5DD4441568D,0.031228055646693655
CC_A5FE3BE2949D,0.042801514225029785
CC_A60EF94F09C4,0.34792614030910907
CC_A628BE74CB45,0.1447181327298892
CC_A6292E9B43AD,0.061573885175359416
CC_A638610BF8F8,0.10592067393085348
CC_A63BBA86CE9A,0.32040386787913644
CC_A63BDDAC43CB,0.06609364202882251
CC_A6409E37A735,0.13451600444780504
CC_A655EC341406,0.14609979744931034
CC_A6562E47BFC7,0.2056382981805513
CC_A6563A22D668,0.7163650526860128
CC_A6601278C1BD,0.08753484276880383
CC_A683678AC9FC,0.3697168690003497
CC_A6864FE80A94,0.07593523826812575
CC_A69117CC3C24,0.1349149709753721
CC_A69928C7D217,0.20329195504156886
CC_A6A8BAF7124A,0.3036260171560329
CC_A6B7DFC69AAE,0.5785257142490701
CC_A6BB595B55AA,0.06542532779721996
CC_A6C5284C4586,0.11325855369429413
CC_A6CB0D0191D3,0.08937096031880834
CC_A6FA3FA9F0FB,0.11065991625934846
CC_A6FDADD23BD7,0.03926959339698164
CC_A6FE3938F001,0.197329954497605
CC_A71DB65F0BBA,0.6188340454023432
CC_A730F4964FD4,0.11824524292494593
CC_A73C02C58DDA,0.1100512854293107
CC_A746BC2289C7,0.2806748471540817
CC_A766C3608214,0.11483844562598096
CC_A76F48111A8D,0.12259664961440206
CC_A77AEC8AD2D1,0.02587725542926522
CC_A781174166B3,0.18691334214020394
CC_A79024286DFF,0.0649145456087693
CC_A792720B875E,0.09463145462699424
CC_A7952C2BC5B6,0.07943833649546994
CC_A7954EE1A1C4,0.050775433645105256
CC_A7991E6B3CAD,0.22413512239842526
CC_A7B141DF4AAF,0.06456620552910541
CC_A7BE2CED0B93,0.05096219025516145
CC_A7CF446093DD,0.26049741420378314
CC_A7D1C6692090,0.09067376891055312
CC_A7D6CAB54328,0.46118444199113573
CC_A7D8D1DA4EA6,0.10521156559536779
CC_A8102BA6933F,0.05511959636619331
CC_A81C1EDC5FE0,0.09078467508673492
CC_A82C0FDDC303,0.24896122665314616
CC_A83F92C0CABC,0.1495577438228341
CC_A849B0F60EEC,0.056135549185081866
CC_A852AAB180D7,0.04512811995281757
CC_A8536626873D,0.18799809173701137
CC_A85F953FFD40,0.3521255350553183
CC_A865A3F1E28A,0.6767240897329472
CC_A867253FC73C,0.7348110864877335
CC_A877592FE1AF,0.06431579635679335
CC_A8AE26057851,0.177518680269786
CC_A8D50530622B,0.15466112903082901
CC_A8D5C834B061,0.7329105056026004
CC_A8DF49EED27D,0.7915684630835769
CC_A8FB53A944AA,0.09973365169951769
CC_A8FF19BCFB18,0.1627300391924138
CC_A9042AA97760,0.06270414029170585
CC_A917D68B7F33,0.05443432794538666
CC_A925B3023F01,0.15275593733685408
CC_A93A49678A0E,0.690885489335326
CC_A944C14551E0,0.12412706312645325
CC_A949A4D6CFDF,0.029660165831551413
CC_A96085AAACBB,0.421147956743644
CC_A968E7B519AC,0.5312452199318487
CC_A96F61DA3920,0.2609503962693694
CC_A98AA461487F,0.04819733849606647
CC_A98DE37F48B1,0.028110838068718134
CC_A99526CAE7B8,0.0917239374749326
CC_A9997F50D935,0.11365869978877399
CC_A99C3B09B728,0.06073213648250769
CC_A9A0DADE60F5,0.27144464618850067
CC_A9E27E0F8BF7,0.11162636374843521
CC_AA06B8C44B08,0.5769676844219696
CC_AA078692F54D,0.04894984123164713
CC_AA3181148667,0.114256379891523
CC_AA36C8AD0AD4,0.10725490976917994
CC_AA36F0397FF6,0.08525438369665009
CC_AA3A8989A632,0.6549425945478671
CC_AA4A1B7522D9,0.08831214020846435
CC_AA4AE0378324,0.22690669425738608
CC_AA5E4D5A692F,0.15352890261250804
CC_AA68EABEE4B1,0.0768140059495763
CC_AA6B5A7A5B67,0.10794727515440217
CC_AA6BD423C239,0.3987896356599907
CC_AA7074B42A4C,0.5320028744352342
CC_AA7A7F3159DC,0.09807206466553878
CC_AA7BDEB972E4,0.10437499858999619
CC_AA83426311A1,0.07823197476264865
CC_AA8F7D307212,0.14980907238125724
CC_AA994120654B,0.07193505144113353
CC_AA99CC1D0A77,0.10602350916903949
CC_AA9DF917E958,0.14813031220112458
CC_AA9FC6678135,0.33491723766074893
CC_AAA47EC0D4CE,0.07264124230130349
CC_AAD9F600283C,0.1067510566908436
CC_AADF003A3927,0.0674324453442148
CC_AAECFE806C8D,0.22971944290659718
CC_AAF2022B9CD1,0.2264400748919531
CC_AAF445E4CCF4,0.06667572374615324
CC_AAFDCAA5CA06,0.6515657349628303
CC_AB0384E131D8,0.18320682961031734
CC_AB0A4F4A2968,0.20517908638207577
CC_AB108580856A,0.08828797982010687
CC_AB10FED15FC0,0.8113003626033213
CC_AB176233A184,0.06680732515828804
CC_AB250982887C,0.11770062844575355
CC_AB25C565EA6F,0.08302250581637624
CC_AB31BDAE74E0,0.2390825839910748
CC_AB38A76F5698,0.37878060025332805
CC_AB38F588BDD4,0.17313416327770179
CC_AB3DB55C9A2E,0.16866191711594952
CC_AB42A7DA8FAE,0.17365513560058324
CC_AB486E8855F7,0.11008120320837743
CC_AB4A79BF0F21,0.038579511260920546
CC_AB7472FE1C8B,0.047245911327976134
CC_AB78F64D1DA0,0.1274138863233285
CC_AB821E2FB031,0.05361883164115898
CC_AB873276D910,0.05154268122429429
CC_AB8CF3C05B61,0.10875840691251293
CC_AB8DD8448ABE,0.3447122473775367
CC_AB953366A38C,0.1043334995634645
CC_ABB193697B23,0.6215943482077456
CC_ABB3F0A040BD,0.1218211419195884
CC_ABB618AD3E52,0.21439410378404952
CC_ABC0DA7DAFA5,0.04370896217878081
CC_ABC49E43DF40,0.6071095796502749
CC_ABD89F61734F,0.10979492704963956
CC_ABE04CDC2866,0.5951705178324116
CC_ABE98746DB91,0.5417968535211941
CC_ABFDF22BBD97,0.06601596835902306
CC_AC0498A54CAD,0.22385200572635067
CC_AC1C23EA2767,0.3106111932515378
CC_AC1E028B2A1A,0.09809034785105811
CC_AC255B902EEB,0.14880757050460613
CC_AC44A88F7869,0.07798949935241772
CC_AC51CBCACA63,0.10489975367860073
CC_AC723E5F5EFA,0.0422626354410954
CC_AC7994A5FDC4,0.11957477633140873
CC_AC7EFDBCF2E8,0.7249009011530181
CC_AC8A45716CD8,0.13446177777637514
CC_AC8FB78319A0,0.03328757324734577
CC_AC95C517E726,0.08560028492710281
CC_ACA4C6C9316D,0.05327108240143211
CC_ACAD97A186F4,0.08703608865008762
CC_ACC12168D6A9,0.16032389772385117
CC_ACC53294D3A0,0.09766380369526273
CC_ACC6A74A8BEC,0.07709047050452354
CC_ACD94D2B1200,0.06146694636973726
CC_ACD988315902,0.04114850332872849
CC_ACDA59536C9B,0.13395055112350465
CC_ACE5A4081F6E,0.16833478412822367
CC_ACF4F9A2CCFC,0.18788862144596682
CC_AD0D7D212968,0.3061016135728052
CC_AD131D09EB0F,0.10940535873571126
CC_AD13C87CF26E,0.1899097538393954
CC_AD2050A0C79D,0.20676549780202894
CC_AD276D71D3A7,0.3016087215870479
CC_AD2C54521FE4,0.20871823627596142
CC_AD2E59624FEC,0.4157827888003527
CC_AD3A36AF2840,0.2713600584352839
CC_AD3D286D0B68,0.1726884305220583
CC_AD46818E459F,0.6371556508532572
CC_AD4BB2E22EA9,0.19901036961257867
CC_AD4F7F88242F,0.3069611877479827
CC_AD58ADCD54CE,0.6966618886713624
CC_AD71619FA389,0.11701471414394445
CC_AD84592B950B,0.07547981290665967
CC_AD9898C0E8D2,0.1310374241958254
CC_ADC70A21D661,0.2911691549918186
CC_ADCF16189AF2,0.22904547357046098
CC_ADD894E6E4F4,0.3495869159017052
CC_ADE899835555,0.13728653822012482
CC_AE0D73A1EE19,0.39132894652102035
CC_AE0F08EA3935,0.19607381177692224
CC_AE23B59E6FC8,0.30487973963789616
CC_AE289E013D60,0.08695122778289585
CC_AE34D3F7F224,0.7395448631760553
CC_AE4069D8B4F6,0.19082004001227781
CC_AE4896E2BE76,0.7388943368936373
CC_AE51DCFE0671,0.06938284691344007
CC_AE69FEA8DA68,0.1628415219369039
CC_AE7C129CC90F,0.23042334984336182
CC_AE7CD49F20AB,0.1742284016098989
CC_AE89526E0335,0.18650053961134505
CC_AE8D62CF30C0,0.09944018808433536
CC_AE8D9CE8D6FE,0.039852814661996847
CC_AEB019CB9065,0.17963893798164907
CC_AED1D50AF584,0.08961169686763443
CC_AEE546316FB0,0.22848188801632768
CC_AEE5FA00FA6C,0.4196140176192849
CC_AEEC765D157B,0.03931647653233976
CC_AEEE44D6C8A4,0.02510046372044245
CC_AF14FF3EF570,0.3153933238902123
CC_AF1C3ACBA6B2,0.1306789225220694
CC_AF1E911C98B6,0.30602089631624446
CC_AF337F410520,0.08080391806761547
CC_AF3C7BC3BA40,0.10183863980775272
CC_AF41E4075C87,0.1936764238157389
CC_AF6B4405276D,0.7175674281670926
CC_AF78FE0BDBEE,0.09400109216801214
CC_AF8238D9082F,0.042200096509381446
CC_AF8CA6EE53C3,0.0632867113330419
CC_AF9AFA7C49A8,0.10905965648291968
CC_AFA1E3D3C685,0.1719806012805178
CC_AFA680030CB4,0.6236350064102929
CC_AFB351270B8B,0.04066790671428637
CC_AFC405AE0029,0.07596263148868931
CC_AFF90422E4FC,0.38293335758328606
CC_AFFBE2744B87,0.7711640639690304
CC_B0043CA53FCE,0.08582080731316737
CC_B01B2BD4EFD7,0.2505034907132484
CC_B01E87EB9940,0.13190803673059862
CC_B0273E66E2A5,0.15791669085281687
CC_B03E98085A9F,0.06849988195559777
CC_B0420D8C42DC,0.49620247403823836
CC_B0497BEB9F6B,0.14473172171584037
CC_B04A5E60B69D,0.08714993192844198
CC_B04D5517A193,0.12252969399005964
CC_B05FF3A960A0,0.24099006079950472
CC_B06A532EC131,0.2485392116586839
CC_B06D33A6761F,0.16533191380407342
CC_B074D4472CE4,0.04304756523532679
CC_B07CE95BCD88,0.31873785893201495
CC_B07D79368225,0.11440384007928087
CC_B07DD1ABABCE,0.7378602873928615
CC_B086C2D77820,0.16358463153531366
CC_B088DE9C9E3B,0.24778133519328488
CC_B0CD7932067B,0.11145102947673416
CC_B0CF90073A5E,0.6423840381013535
CC_B0D397D86639,0.6334801736691601
CC_B0EF4FD19FEA,0.09552755336573936
CC_B0F2F9514AA3,0.08785945268611048
CC_B0F3B79F51C8,0.15803247477265794
CC_B0F4041B1C76,0.030259516132455422
CC_B10FE31C61D5,0.10351670965830696
CC_B114E8F19D65,0.14677447763507884
CC_B117F0E3CAAE,0.14435826350526976
CC_B11D58F331A9,0.04078746815035743
CC_B1262188BC41,0.09851420802158203
CC_B12FFB2FF21F,0.07616143744369218
CC_B13253F34A9F,0.03846147610340289
CC_B137E2BBB53B,0.07945515363645059
CC_B13FEA7CDB99,0.08308282614495408
CC_B1481ED21111,0.038380617089641654
CC_B15BE5C9976A,0.23712918413026007
CC_B15EB6933578,0.08956357748298213
CC_B163CCB3BE4D,0.12207775288061275
CC_B16DC354FD71,0.3835917421775872
CC_B1777349EB15,0.15749951337399343
CC_B17C6CE0231F,0.2502298029123607
CC_B17CA8C22E5C,0.13097628672504763
CC_B18F3C9C30E4,0.15567678883637903
CC_B19CD93DDC96,0.061536696970007056
CC_B1A647674B84,0.09978076495931834
CC_B1AEC2E5E33B,0.24806881255157087
CC_B1B5C81AC0A6,0.05956700473411227
CC_B1B932EFD646,0.1427453963306932
CC_B1C3C0B52B88,0.2828008377587202
CC_B1C7216344F3,0.06897699032851944
CC_B1C982DBBD12,0.2984563942906361
CC_B1D81F8197B3,0.34159324768751387
CC_B1DF1DCBDC7E,0.5578176555125165
CC_B1E2C36607CB,0.06979288951449945
CC_B21351C93D8C,0.1386558817006297
CC_B2174860AB11,0.7243436790340944
CC_B235818E6A04,0.2128908369282134
CC_B23CDE30F00B,0.07142297003751391
CC_B23DE4971DF0,0.4406804527518902
CC_B23ECF574D8E,0.06432108453296077
CC_B24C41DDFBDA,0.23246056379722096
CC_B25EC73B9510,0.14014180521674563
CC_B25F69904D0F,0.08454656897687432
CC_B25FB6C11D05,0.6881052481563341
CC_B264F2B92259,0.577908926972216
CC_B26B8FC23F1B,0.06364842443896276
CC_B272E29922B5,0.13840337060403446
CC_B27AA8E27BE7,0.11819739373498359
CC_B2A68FD3C236,0.10922256770851438
CC_B2AC50C00979,0.09340649013538434
CC_B2B16D7B821C,0.213264136021649
CC_B2B32F1511E4,0.14342509450089655
CC_B2C241A93527,0.06738717190812905
CC_B2CB104FED6B,0.6566731037684383
CC_B2D352013F92,0.10832461018248038
CC_B2DF694BAB08,0.10123811882229157
CC_B2E993A9343F,0.2150994319797365
CC_B2EF61C93AB6,0.14255051762464138
CC_B2F94405EA89,0.1113214863013551
CC_B2FC07BF6251,0.053285486182316134
CC_B301A65B4164,0.10935553735565115
CC_B313E3A208A2,0.21753354107842193
CC_B318FF5D976D,0.12776179929146206
CC_B32AEF0A2299,0.05294768914380877
CC_B33BD3C618EA,0.06951336882456532
CC_B348627365A2,0.12946119034785097
CC_B35109450BDD,0.044879435642711706
CC_B3528B870544,0.09820802266529519
CC_B3530E7CF8F5,0.1176863879181728
CC_B35C5B1DB9C1,0.0703881521666281
CC_B35FF59389D4,0.18986195009523876
CC_B3812C6700F2,0.6617811606728012
CC_B38280B483B8,0.1250692512909333
CC_B38B694A18EF,0.49693779192059523
CC_B392BDECD913,0.3484083443008091
CC_B398DF1ABAD4,0.04581165556661092
CC_B39E75E151A1,0.11323874831133307
CC_B39FD0E249E8,0.044127214989749454
CC_B3AA0891CA5E,0.4011076293900065
CC_B3B1C8EBE5C1,0.1269750319023577
CC_B3BBA28E2D39,0.4594801391716653
CC_B3C4DB0303A7,0.10987312627930905
CC_B3D32FE823B2,0.03185456799600149
CC_B3DA429C6C8F,0.08951071096995442
CC_B3DC5786AB0F,0.2000743693481013
CC_B3EA537531A3,0.16847688753579013
CC_B4096D3A38CE,0.044395029415879826
CC_B41EADCCC95F,0.05780774472754163
CC_B421940B9A48,0.6374019360164793
CC_B42B3B83935C,0.8156067743717259
CC_B436B1CA6B2F,0.054709680700650035
CC_B439B06AF274,0.2891471654992703
CC_B4482E7879F4,0.07091024962970457
CC_B4660022C612,0.10831567362005998
CC_B46B899B4A63,0.1490108904467401
CC_B470280A580D,0.13435804929885353
CC_B471D3BF0C72,0.5504864492230269
CC_B4751DEE43CD,0.1710926152998637
CC_B482C254BAA5,0.04913436778688901
CC_B4889D036D3C,0.708713559747542
CC_B4950F811C90,0.1333529684187392
CC_B49A6DE7A340,0.3262629718823234
CC_B49CD4C13DE8,0.35867532171081234
CC_B4A90370CA96,0.48704807882636325
CC_B4ADE6BC8A10,0.6838256924373476
CC_B4B6F805888C,0.034902961244557364
CC_B4B8F66BF4ED,0.669247782623454
CC_B4C6F80DEE44,0.03862164086660481
CC_B4CCE78C09EE,0.14653295652610993
CC_B4D68D1C1C55,0.17641081247092089
CC_B4DAED63089A,0.15390904004487457
CC_B4DD9841E6FD,0.238158890732718
CC_B4EF6743DDCF,0.07341793762263607
CC_B4F67F73D097,0.09512427616615021
CC_B50EB15EBA18,0.10116245403827108
CC_B51DCAAF4549,0.15593039632875202
CC_B51DFF8702D0,0.5167489703736081
CC_B520A001BF69,0.09928681072556646
CC_B529919BF24E,0.6461875300162765
CC_B542342650A1,0.09612558918464008
CC_B54A106E91E4,0.05597786852323808
CC_B54CFFC21F2B,0.12621410237063224
CC_B55C134C04A5,0.22153733154329866
CC_B55C2DBF6D3C,0.20544805146249878
CC_B569705352B4,0.11157987073965164
CC_B56E74A967C3,0.04742492097832273
CC_B57519F33EEF,0.05331991497538027
CC_B582E4405D85,0.08675816765372218
CC_B585A11F7BA7,0.13870484273122397
CC_B59726D36AEF,0.2246975912749396
CC_B5995E4F1A21,0.12683998095728816
CC_B5AC2AAF871B,0.7450298848461041
CC_B5AD19125E1B,0.2203952139366981
CC_B5B1E42858AC,0.06019503911820097
CC_B5B7599E8BC6,0.06304977589786022
CC_B5CAE0595637,0.19331571727550084
CC_B5D49843A799,0.3484414342046358
CC_B5DDFC7AEE78,0.10303325986876574
CC_B5E29344F63C,0.19351755735534315
CC_B5EE5AE6378A,0.5091727472403706
CC_B5F2A93AD996,0.09325472183506892
CC_B5F611613A78,0.06718149564157562
CC_B6055039255A,0.7578882007213379
CC_B607B2B0AFB7,0.05425513964934861
CC_B60CFD0F39F9,0.072509367382547
CC_B620087B1C52,0.3923967915420957
CC_B6203BBBD151,0.1036228367734392
CC_B622662E664A,0.16481891128952056
CC_B62C9A2BC846,0.1599725716256042
CC_B636210548E5,0.332323130641782
CC_B642C6714501,0.06082376423622786
CC_B64F81B8A263,0.14362792407851335
CC_B65CA581B9BD,0.14455866855479232
CC_B65D1B9B6F67,0.11857016732381323
CC_B661A8FCA431,0.05319062035634792
CC_B66AC40957D6,0.13388894482339683
CC_B672B35D1162,0.7035938703382281
CC_B68379D197F6,0.10704195498766922
CC_B6923D10FDA2,0.14688099151204279
CC_B69CC776BBE6,0.2475725470138562
CC_B69E50D76B29,0.10527573732083687
CC_B69EAA8C296F,0.22745445569151346
CC_B69F7CB8CDA0,0.0927856647298647
CC_B6B4AD157354,0.15707815864004343
CC_B6BD764CB8B9,0.21125909728998238
CC_B6BEC3F4BE91,0.15006029417942596
CC_B6C13F4A610D,0.3104160883129127
CC_B6C1C3B5766B,0.1051526729438921
CC_B6C72241926C,0.15827764513376624
CC_B6CB40E245D7,0.59942362207007
CC_B6EE58A108C5,0.06972967541747271
CC_B706F631F5BA,0.0400341642416904
CC_B71DC1206985,0.15624700132593117
CC_B72284CED807,0.1905830507035863
CC_B727865A5B5F,0.651591208099763
CC_B72FD7EFA6BD,0.19798500546171444
CC_B7365B5A3392,0.7680604935706162
CC_B73820D308C9,0.12333487145389897
CC_B743560D847F,0.08957263518897798
CC_B76EF26F7C9A,0.31388075221641065
CC_B7764FC130E8,0.4737082432492601
CC_B77B73B95532,0.15390204289108075
CC_B77D6653C7D4,0.04043741656483578
CC_B77DA6B77DEB,0.2758024912631699
CC_B783AE19622D,0.166257497260544
CC_B78761738CAF,0.02084671918797723
CC_B787BA135B5D,0.3937110463217306
CC_B78B4449EA19,0.13398907130948168
CC_B78B4B7F80B5,0.22735617960500745
CC_B78BEE888CA6,0.07713914963918715
CC_B791FEE1CF37,0.032145642984234044
CC_B79A58AA4441,0.09798970593091007
CC_B79BEC538198,0.11504186541146195
CC_B79DD53178D3,0.07453437266108069
CC_B7A7EFD85149,0.18874749846125216
CC_B7B5F2A15C41,0.11431079734321234
CC_B7BC46A7D4DF,0.09639798514006878
CC_B7CBC65D9AF9,0.5051168137090674
CC_B7D40C5C891F,0.09228910124671522
CC_B7D4337C4797,0.34038857538422357
CC_B7DA04826165,0.32555926568894705
CC_B7DC19DA1440,0.14264351601548295
CC_B829EC622F0D,0.563547116778911
CC_B82B9C0C7B85,0.6157764147660085
CC_B82C55DEE5E6,0.31469215168023895
CC_B8475B977AD2,0.6974585971959565
CC_B84BD2F4EB01,0.20821609149575615
CC_B86DA7D69F20,0.04469742929685333
CC_B87989F406EB,0.18171094897332019
CC_B88B702183E7,0.031693037413501275
CC_B89B80945ADE,0.20860877156289503
CC_B8A3A44BFE8A,0.45067115143341596
CC_B8A7A6548AE6,0.1948066941060453
CC_B8A8FB83065B,0.17152779365969642
CC_B8AAC20D626E,0.19133837600311585
CC_B8AC99873641,0.06459111006519204
CC_B8C9673B7834,0.08410448204341989
CC_B8D5FEB15CC8,0.07077861407903338
CC_B8DA64A33076,0.5380630568836731
CC_B8E912A01706,0.6268277795721242
CC_B90869280808,0.1479286173133993
CC_B908EC99951B,0.2728255390382162
CC_B90CBF2A6775,0.05628071623189121
CC_B91080C1ADA5,0.36867243101416386
CC_B918FB42AFD2,0.17993385941794274
CC_B92CA425080F,0.1216458364750324
CC_B937F632B71D,0.1794933082122324
CC_B94477C20476,0.39705552109340103
CC_B9483A5C922C,0.13396914077040822
CC_B954EC1C63B5,0.390864783879332
CC_B95580F93537,0.0514721926830459
CC_B96086044329,0.07534329906866297
CC_B96EB0A91589,0.19670401507933882
CC_B98357C70A41,0.6305392177097422
CC_B9929A66C2FD,0.6583567630051207
CC_B9BB52E4C529,0.11047391532056693
CC_B9BD45744855,0.7710727208235136
CC_B9BFDE4662AE,0.1195684176868369
CC_B9CEAF324145,0.031432138717645663
CC_B9E89F42B509,0.21796761160730938
CC_B9E8A3887223,0.21060966937674117
CC_B9FC67268C45,0.22241343385244028
CC_B9FE9DFEB3DC,0.10954196476849105
CC_BA041E14DD98,0.06888393365403475
CC_BA0619F54427,0.11418655021284427
CC_BA15072C4EC2,0.2516165067749166
CC_BA183CDC5429,0.8097447198439651
CC_BA43646012D2,0.3954927809838281
CC_BA4F7E494E71,0.48966604317060614
CC_BA557F75E2DD,0.19531127823603947
CC_BA740903CBDF,0.13705906986611607
CC_BA77722A827A,0.5181142131267653
CC_BA78E47BB021,0.23548519611842567
CC_BA8C427054F4,0.03893164423845006
CC_BAA19F8D2563,0.10039280077310307
CC_BAA1BBFF8C6C,0.28695778277681405
CC_BABA44B5FB12,0.08868595039084701
CC_BAC25BCCEAD2,0.06578007125844837
CC_BAC74D0014D3,0.46436599574354204
CC_BAD99E36CC71,0.22949064913704914
CC_BADE7EB1D16D,0.7739073791198463
CC_BAE7410803AC,0.166922104798732
CC_BAEBBF8054FB,0.12006482530137239
CC_BB054686B6F2,0.0418733999915063
CC_BB05D9DF72BD,0.05991137841112977
CC_BB0D54068D07,0.8008255679988608
CC_BB15DE5E0DA0,0.7332943971527925
CC_BB1A57AA813F,0.13798285787381298
CC_BB1CABE261EB,0.16337840859869168
CC_BB2BC46FCF61,0.2423254249089229
CC_BB2E5437EE04,0.04763533661957042
CC_BB2EF1FF6131,0.09241939615319822
CC_BB2F56C6BF57,0.10526569061721025
CC_BB35CEC5314E,0.09742581111010705
CC_BB39E3597B61,0.04363888041991032
CC_BB3A9EECD51E,0.08019035007096664
CC_BB44CDEE5103,0.19611420431373894
CC_BB458116ABA4,0.35489104082199563
CC_BB5F6936F6FE,0.1960007962686825
CC_BB666F8A551E,0.07002961013756562
CC_BB7355E735D2,0.11332982153003487
CC_BB8A2F186D6A,0.043782580932597535
CC_BB9FDED12C65,0.6881566131511251
CC_BBA8C316C8F8,0.07053105417483901
CC_BBADC7DC73EA,0.2007186275039703
CC_BBAEA7980B09,0.4180207247130661
CC_BBBA078A6429,0.7549473086747926
CC_BBBFC3EC2C72,0.3960866549356906
CC_BBD34B3225EE,0.030684950862464144
CC_BBE6C58C59A4,0.42276509759810393
CC_BBEBBE1E226D,0.11336905758401644
CC_BBED56D34D38,0.11559222141380589
CC_BC0244FBDAF6,0.18042779260278913
CC_BC099E880236,0.16562251981389484
CC_BC0F05C89E25,0.11692826274276882
CC_BC1BD06C1085,0.11948160175446446
CC_BC21E8824A34,0.4367667164449078
CC_BC23655B2BF4,0.053828730662159756
CC_BC24F9024F49,0.05399066990489808
CC_BC2A58939715,0.09993334229782355
CC_BC2B90F226E0,0.2163721546789809
CC_BC31382964E4,0.05409884527640897
CC_BC31DA3EAFFF,0.13468463273947603
CC_BC3A6CF6FD16,0.118530377306101
CC_BC410BDD9ED8,0.25458257361083386
CC_BC458960887E,0.13159449733351553
CC_BC484C329704,0.1499286291240425
CC_BC4D6D6D4553,0.3366343352298693
CC_BC5A59D88AFC,0.09452686354667716
CC_BC736DA19A00,0.17674780836961432
CC_BC7B9D13978F,0.16087560845277837
CC_BC84BF34D69E,0.26405260509238604
CC_BC95D473C9CE,0.16978100581999953
CC_BC96FC9DCFE7,0.11847195738939256
CC_BCA0D6159C23,0.19851541766353598
CC_BCAE73132BA2,0.08695146525394754
CC_BCBBF055366F,0.04411282347511659
CC_BCC94F494979,0.07988050371824687
CC_BCF75F8B9A5D,0.11331241714255852
CC_BD10F4F15094,0.08540639245310812
CC_BD1A2052ACD5,0.7981412802584136
CC_BD217C39702F,0.36167488688665517
CC_BD2A9D4B9FAA,0.22772920130581842
CC_BD3EDD1630E8,0.0577797381559407
CC_BD4AAFE9EFEE,0.06135876496055653
CC_BD59D1252975,0.10599450395738366
CC_BD607BE97C17,0.09065227265409453
CC_BD889F165227,0.10068166280909589
CC_BD900B6BCF65,0.15763786532435473
CC_BD9967660461,0.43244308419533894
CC_BDABB99ADE2A,0.17724199338472282
CC_BDB07C66EDBD,0.4356225888803552
CC_BDB71DAAE50B,0.09770723371543463
CC_BDCB91FACECF,0.13600884939847355
CC_BDE1E398B4E4,0.06573439850679007
CC_BDE8D325637B,0.6550190110314262
CC_BDE9E7F390AE,0.08885485186847905
CC_BDECF392D7F9,0.16404772390549785
CC_BDF401C3BBCA,0.1417541247554257
CC_BDF53C42C5BC,0.1993994153449225
CC_BDFE5778530F,0.3504583899493101
CC_BE05EB5976EC,0.7486563363892
CC_BE08A6D5E76D,0.042447864957980544
CC_BE146CE5BEE6,0.17781273836384157
CC_BE24C1EE877A,0.11639221024355685
CC_BE27E98C4BED,0.06991726869241123
CC_BE32DACBF6C2,0.10838745891412224
CC_BE3F52F9C9EA,0.1334721588821814
CC_BE3FC1024389,0.149028480267476
CC_BE4595898BF9,0.0996432502605363
CC_BE4F1F53F4B6,0.08377261973509284
CC_BE648663620C,0.1749147389524999
CC_BE6627F3B9EE,0.6631430082040841
CC_BE673F70B591,0.3588828737109843
CC_BE704640727F,0.030881574071277694
CC_BE7295B354DA,0.360364541284633
CC_BE760A430ACD,0.19223524136893164
CC_BE8A340F3876,0.04856504145239733
CC_BE9CB8845101,0.2450954095346191
CC_BEA12286E57C,0.1380430419627044
CC_BEB24EB997CA,0.12202292009874642
CC_BEB80CCF2ED0,0.044221656763541964
CC_BEB86014B5BF,0.19049943884524784
CC_BEC035C8801A,0.13883858663357415
CC_BEE1B858F0C3,0.315377031634177
CC_BEE664893442,0.2001923726946902
CC_BEE75A33F038,0.0475340794505708
CC_BEF22728402F,0.6798456827458828
CC_BEF8AB2DF19D,0.376207316236747
CC_BF03683CC755,0.12207122806304277
CC_BF066CB8F7A0,0.17079467408642932
CC_BF154A9FEE8D,0.13453637096431278
CC_BF17E635C67F,0.11434905288114677
CC_BF196AFA6AE6,0.13814682678089088
CC_BF2012FCFE14,0.2163715749044909
CC_BF3733356D4B,0.45486591381181274
CC_BF376C8D14ED,0.5220854447295026
CC_BF3BF8B9F646,0.10450955078569979
CC_BF588A5FF18D,0.6518476927739503
CC_BF7C643B8874,0.045014408385494586
CC_BF8919F14394,0.1521537008695188
CC_BF8B759EE1EF,0.07427911398831402
CC_BF971FA7A950,0.14571885371459178
CC_BFACE960372A,0.11822836905684891
CC_BFBF917EFEB7,0.6292606628141201
CC_BFCAE2959708,0.04598688891933784
CC_BFD80ECB739A,0.2396797371063597
CC_BFDEC7E68821,0.06765857273465392
CC_BFE3AD881F4C,0.049542627120908414
CC_BFE511C0F9F3,0.5427349623707352
CC_BFEE9CF8A6E9,0.07796270949249921
CC_BFF8E82FE4BE,0.1372144103621108
CC_BFF9E8C0FE28,0.578480435549571
CC_BFFCB2882E26,0.047248955090344685
CC_BFFDCACC1E4F,0.10980708307311599
CC_C003A15648F3,0.08811851146497096
CC_C004160ABB18,0.15103182423244954
CC_C012746F45D6,0.0969984876076771
CC_C033B4EC89DA,0.13691346158992065
CC_C03578357D0D,0.40699142865222593
CC_C040C14F27A0,0.05278431723131134
CC_C0474C48C443,0.12919738090249416
CC_C04A1EF46A13,0.24899842757622384
CC_C067DA2C5F99,0.4186376400425571
CC_C0731DB0CD7F,0.6554998150720642
CC_C07C70AA1AF0,0.1331130947515424
CC_C0877F4DBC62,0.09644241112094133
CC_C0896CE6B4E2,0.08094685034415187
CC_C089B0517E81,0.0870079051216229
CC_C08B9066A5BB,0.17686256098612274
CC_C08DFB22BC71,0.0919384586031777
CC_C0A2108BEC82,0.21020793210749913
CC_C0A6B0787F91,0.10336149302610478
CC_C0B29B279C90,0.1190709042155889
CC_C0B7151247C2,0.09216781571125462
CC_C0BEDCC974E6,0.09822104374335347
CC_C0C6F913C2CB,0.6858673562490569
CC_C0C7EAB055B1,0.18453066446662586
CC_C0CCCF588BEB,0.2504175609200447
CC_C0D65A1BC1DF,0.6250346687882965
CC_C0D6ADDF1E0F,0.07728145574695308
CC_C0E49708EB44,0.2206757845593933
CC_C0F32BA57D17,0.04620557651181155
CC_C1094828B26C,0.3199947367300897
CC_C124E4C094F3,0.2572846811259653
CC_C12ECF48FA03,0.1520656907909597
CC_C12F5F7E5C54,0.10099236165450116
CC_C131509731A1,0.1962120846555539
CC_C14173B64C58,0.1910578657103802
CC_C14A4D39F494,0.3819756029842286
CC_C14DC9106B7E,0.24648589188288927
CC_C1624A910E58,0.032085615571143034
CC_C1645FA6EE7C,0.09095928611322664
CC_C165A26E7C1D,0.7144663992207559
CC_C16824A69631,0.06272922530651634
CC_C177831DEDC2,0.06896711033371491
CC_C1815DD481ED,0.7064310825990077
CC_C18313F97FC1,0.28249462133299647
CC_C18A7BC23071,0.2963168626888849
CC_C1941883C762,0.1155760652271062
CC_C1A0989CDF23,0.02562201189793315
CC_C1A8C99D910A,0.12287779787560982
CC_C1B057BAE0BB,0.29277469068839207
CC_C1B5D9A95708,0.07827401205075914
CC_C1C28181E30E,0.10537054977812825
CC_C1E8CA45E983,0.10351956051046053
CC_C1F4DD05F5FB,0.20570273322391114
CC_C205BAC0D181,0.07794709331732039
CC_C208790016F7,0.0741233133355081
CC_C219E603FD0B,0.06685134487532202
CC_C2323893E922,0.13821786595788738
CC_C236A614F73D,0.11677168026387325
CC_C241491551A8,0.10121429764121173
CC_C247E0377048,0.11578275893181694
CC_C24FBA584039,0.24795363645974655
CC_C25078D044CC,0.22665984545977658
CC_C255BE787955,0.21375109860233427
CC_C25ECB5C5FD8,0.07341333811864913
CC_C276E722FB1B,0.30878031374873605
CC_C279090E1F74,0.7778915651296479
CC_C279CA96D14A,0.13080309541168633
CC_C283330B9999,0.03682950269992051
CC_C289AF57EB24,0.26939016087400924
CC_C29558864857,0.1208177126379735
CC_C29846DE78AC,0.6273274200906259
CC_C2AEE09D92AD,0.10885482668461426
CC_C2BBFB603032,0.35113915165813686
CC_C2C2B2EEBA69,0.04254146275487476
CC_C2D1CBB42952,0.16487457179433662
CC_C2D4587A871F,0.7125025360725806
CC_C2D583F20739,0.36748864817674387
CC_C2D9086A8C67,0.07110946757792352
CC_C2E8FA308586,0.14673865150895118
CC_C2EA104630E3,0.09469138746471881
CC_C30ED2C6265A,0.048649976034710926
CC_C31BA9FD4FFF,0.29050743034413345
CC_C31DC3117984,0.19930172174701738
CC_C33142B2E26E,0.4150749706973439
CC_C340668CE604,0.0759476030833313
CC_C36580241000,0.13167001333334397
CC_C3664AFC710F,0.09676477898336647
CC_C3676D2ADC91,0.1929311849254527
CC_C368AC6AE19C,0.03949136140611939
CC_C38B446B7432,0.19164773571433844
CC_C38BE6D69E61,0.05654593265188347
CC_C38FB634E7B9,0.060116125393721895
CC_C3913A125FC9,0.16121200639495387
CC_C392AC1AABDB,0.14694324438649717
CC_C3A37C3EDCC5,0.3199449904196292
CC_C3A42A96D260,0.2472407543131553
CC_C3CA355F78BC,0.10791452553628661
CC_C3CD972B25E9,0.14562550548782166
CC_C3CE9FCB05EA,0.051396752176020875
CC_C3DA12B31CD5,0.07880742366039892
CC_C3EF46D2CF29,0.15033926976933365
CC_C3F301EAE202,0.19973243343264363
CC_C404C200B723,0.10710165275742244
CC_C40BEE2EAD73,0.2553658262508887
CC_C40CA3E960D9,0.14372644859203065
CC_C40E0EEBA53A,0.15003355575324462
CC_C42183D7A586,0.08600909932616266
CC_C427199DAC5F,0.44128916454102746
CC_C445AEF194CA,0.0829475861621624
CC_C45051D20EC8,0.12012254076746362
CC_C47FCA703A69,0.2891691676158197
CC_C4965C6C6935,0.3258576005503769
CC_C498BD798847,0.04635285524875103
CC_C49A42D1C3CA,0.09432779405122398
CC_C4A2F5B06976,0.05914430153451626
CC_C4B632AEB96F,0.15942950582031337
CC_C4D194378554,0.03028846908103916
CC_C4D90E9CA5E9,0.11721648958579776
CC_C4D941D5A5F9,0.14699724402589778
CC_C4EB2486A9B1,0.17952187718962825
CC_C4EC2923D96F,0.303439780739052
CC_C4EC9ACAE8C4,0.7213579247670563
CC_C4FB2ECB13DD,0.25412624371321374
CC_C50467EBCC58,0.09913923295474356
CC_C50C5E2A77CA,0.1491351042001992
CC_C50D7FAA75C1,0.03857002085754242
CC_C51FE3F4D2F3,0.1658011767130616
CC_C5234F4713B7,0.06616752884504523
CC_C55110310E14,0.1028445470711369
CC_C563D509181A,0.08496422057734654
CC_C5736F4887D6,0.77406074441715
CC_C57C4F09442B,0.08467778119797839
CC_C59D2CA55CAD,0.798640615274018
CC_C5AD04ABF022,0.09002987434443982
CC_C5AF7BF4B951,0.03597264788592212
CC_C5C5FD9FCFE4,0.6469885469498813
CC_C5D9A89022EF,0.21878064588430807
CC_C5E1FA10BD6B,0.15877057626389166
CC_C6039EF0459B,0.16528333762726638
CC_C6133F44EB0E,0.10827905441843173
CC_C637C1142503,0.7738607348929052
CC_C65496C86EAE,0.17180546345046754
CC_C67C2B86A807,0.12353302557730111
CC_C690CF8AF3B4,0.10295067110969147
CC_C69204FFED48,0.30794855129507714
CC_C69DD80E5055,0.10491303386268118
CC_C6AE389CA79C,0.06251043310620073
CC_C6AFA8AF33BB,0.0770784843168262
CC_C6B56B2869A6,0.4046252961238676
CC_C6B61E03B42D,0.19365236774768707
CC_C6C2B357FDF2,0.10558671200705814
CC_C6C4A4A318E4,0.11011748051844124
CC_C6DECDCC7956,0.18436605806145362
CC_C6F134ABD932,0.5945908692724977
CC_C6F24128D8D3,0.1672984017204792
CC_C6F8C5E3D746,0.11517794829501851
CC_C6FB2BDCC78F,0.37802354389530995
CC_C70DBEB08378,0.8202762919290429
CC_C71AAC6F9607,0.11905560488498217
CC_C73D1C53BEC0,0.35914621392884793
CC_C7423B380FD2,0.056130308761695634
CC_C747ABF2B4BC,0.08426180523180926
CC_C74F0C45C093,0.13502310768183318
CC_C75307665BCF,0.21751028577355502
CC_C76473DBFF83,0.33079996236786285
CC_C7652C2D1CC7,0.20661112469211154
CC_C77B38900325,0.25254221475706984
CC_C782A94E6754,0.042617686528559524
CC_C786E0FDA098,0.7654355417605403
CC_C794632B3AAC,0.3754492782297982
CC_C795250A7B3F,0.09887480912160718
CC_C79BF5794AD9,0.05156288688077626
CC_C7A2A7BF85C5,0.07265237842669618
CC_C7A2CEDA36CD,0.4754506870660148
CC_C7AAAC514CD0,0.06608058313221053
CC_C7B39AE8206F,0.12796577810927934
CC_C7BA884F8DCA,0.1492458510073752
CC_C7BC592C11DB,0.05060406459318661
CC_C7CB29EBCEE1,0.044156749212783966
CC_C7D2BE35C77A,0.08346858906949195
CC_C7E56C7FFA19,0.18272594107329643
CC_C7ED63E403A8,0.07756159190656928
CC_C7EFF4BBEE1E,0.06731481399522836
CC_C7F1C90A261F,0.15280743169058278
CC_C7F38C2DEDFF,0.18386676194876694
CC_C807F881A35F,0.26045421634578186
CC_C808346EF2A7,0.043403904932537325
CC_C822401D05A0,0.12827444316103578
CC_C82D0EB32984,0.10457862332176718
CC_C82DE4520088,0.1985421632716725
CC_C84080607284,0.07353403083005572
CC_C85DEB66D6EC,0.2974602470542174
CC_C8601860B3AB,0.29675308704412334
CC_C86B56E5B000,0.11279698466826507
CC_C874E7D8B96A,0.06185340369709821
CC_C88F02C38654,0.1509360805122118
CC_C895990DF270,0.17943816294923753
CC_C896D6E93110,0.3929078567972024
CC_C8A57920FB6B,0.09917083826809467
CC_C8C2CEAC6750,0.4799628732941918
CC_C8CBB38CF4B6,0.4117948175129186
CC_C8DF2AEC8023,0.1506130851123102
CC_C8E24B1925A2,0.17964214706970455
CC_C8E2F0CA5050,0.6830481987778954
CC_C8E875AAFD58,0.2761749921813026
CC_C8EF7366016A,0.06988083413136288
CC_C8F1FB9C56E5,0.08630467470270467
CC_C8F2FF7E6DAF,0.11059824656272192
CC_C916DC82A00B,0.32616568697081044
CC_C91FF308D57A,0.06588109125292888
CC_C9297D88CD26,0.34461209803059945
CC_C932D885E1AA,0.1949102623561511
CC_C947A66A6A34,0.16957049772808136
CC_C953D19C82A6,0.2646713311064786
CC_C960365C1125,0.25624793229214976
CC_C96221203852,0.21512476754397925
CC_C967937FC81A,0.6792328869843047
CC_C97434767545,0.1968959969283584
CC_C974620D4D4F,0.29176058429498175
CC_C9749B07E3CC,0.1385578391028497
CC_C979F86EC4EB,0.06063665049584454
CC_C9882357496D,0.06312976889314663
CC_C98B5F2B994A,0.08895864750884747
CC_C98CA453DC7F,0.12284700395373271
CC_C996515164AF,0.6883812119999463
CC_C9A1B8F512F3,0.439865797075721
CC_C9E008678B77,0.10166691813775137
CC_C9E89E3728DA,0.18068612598522776
CC_C9EE0357CF4D,0.15856652126577514
CC_C9F15C15BA6A,0.11791574170887706
CC_C9F3BB887EB9,0.17847838720159576
CC_CA0906B9B58E,0.06475703386623649
CC_CA16B9133E4F,0.2958178394949059
CC_CA2524A5C7AF,0.2930264951249098
CC_CA2A17C9CD44,0.47842086201630646
CC_CA32C61E255B,0.10656898011752686
CC_CA37F92A8BC6,0.14112848753392976
CC_CA3C9D0F42A2,0.5731899077960837
CC_CA4669FF2379,0.10696858270742476
CC_CA486E08F176,0.050276055041679216
CC_CA5CF069C36C,0.07160222183898554
CC_CA6AB58D2C8D,0.2849869411382909
CC_CA6EDCBFA9E3,0.17443858528828612
CC_CA6FB58C11F4,0.07128915969258698
CC_CA7902338F91,0.1585325120934012
CC_CA7BE11DCB92,0.11523645703004623
CC_CA87A148C386,0.06971794788470634
CC_CA8E7E45347C,0.1366355158371107
CC_CA9214D0E170,0.16540241600519834
CC_CAA07EABEF71,0.05881380163577474
CC_CABC0190A9BF,0.5046437939838861
CC_CABF171B8582,0.558661005799191
CC_CAC2F989A2D6,0.21570739273110556
CC_CAC50FF13A43,0.48039109424417015
CC_CAC9C52B6FB8,0.2416340451178811
CC_CAE19DE8446F,0.06653931941652519
CC_CAE5F6D8328C,0.46656318620155157
CC_CAFA0C6DBCEB,0.07094515651922455
CC_CAFE5D6E3E1D,0.11332618698405719
CC_CB02A97FAC1F,0.205956363414641
CC_CB1155AAC7EB,0.1450702397448214
CC_CB1B2FC5769C,0.1650167442307912
CC_CB1BD3C19303,0.16513304507750182
CC_CB2423DD4809,0.7857310835804547
CC_CB33381406F3,0.6461311925467743
CC_CB3CBA971E97,0.08241055145479192
CC_CB45CB5C940D,0.1692089255531229
CC_CB4A2667F8CE,0.21036415200726627
CC_CB4EA92BE238,0.05994677785351342
CC_CB4EE5CC0B09,0.1643180617951987
CC_CB50BDD92A4D,0.2283625946593233
CC_CB6A55831080,0.07885821487365223
CC_CB6CE149111A,0.1365097034928625
CC_CB6F9DA78019,0.038905768230299245
CC_CB722FAA608D,0.23050144875569128
CC_CBA786C05C1C,0.7236502044434697
CC_CBA9A6206DCB,0.14674595162271079
CC_CBB7AE2847B6,0.20222441333245778
CC_CBB9DDEAC819,0.028296027613949434
CC_CBC30D127BA4,0.09295995358421784
CC_CBE67EF0D3C5,0.5054663805927848
CC_CBEC318365B3,0.3677646069845008
CC_CBED6669EDA7,0.07227978769854707
CC_CBF1B052FA7E,0.0804359217079947
CC_CBFC7EFF2F94,0.12186260305471462
CC_CC27394B5E35,0.08807489737579333
CC_CC2A7B3D7A55,0.1575534864199422
CC_CC34B2523794,0.1505586918846232
CC_CC34E9023873,0.7050507496659288
CC_CC37D81F02A7,0.6453920382493771
CC_CC4822AEDB83,0.6928852727993222
CC_CC5D6CAE5ADB,0.28709494545458636
CC_CC6D27804EF0,0.06846610398344805
CC_CC71D4876B90,0.11176952419303623
CC_CC75EA7F2C8F,0.10910239977808442
CC_CC9214A5C0CF,0.08855659130187785
CC_CCA2B8D2446C,0.39927284713992267
CC_CCAB3E56FD92,0.1906975470056595
CC_CCAF321D46D7,0.03065396601147178
CC_CCB46EA56584,0.20876075587484588
CC_CCB60CB8754C,0.12925966069796435
CC_CCD759553325,0.0560391391707836
CC_CCDC28D49832,0.1520411142380855
CC_CCE55029E621,0.6472284993858345
CC_CCEA133D7268,0.5086570722522293
CC_CCED6CEBC3D6,0.38133950701229424
CC_CCEE76415B51,0.32076590424920937
CC_CD1326D52AE1,0.6412218340073244
CC_CD35EEA81CE8,0.32684471448421026
CC_CD373485942B,0.09797090225593258
CC_CD379DD39658,0.29644438470448353
CC_CD37D5CF0EB0,0.1725248595511683
CC_CD380545A7A4,0.0883079581278306
CC_CD3A378249BA,0.27206518578928546
CC_CD415B1C7741,0.038653207665004644
CC_CD4976814F28,0.03547732186030626
CC_CD4F5F1C357B,0.27673655684653076
CC_CD54829713AF,0.08269480470143255
CC_CD5E3556D5AB,0.15966679732998157
CC_CD6C797F3C4F,0.07849973443431098
CC_CD7BA8F6C4BD,0.11587808093403648
CC_CD8352F0478D,0.1921281822012248
CC_CD972E578564,0.789545157952916
CC_CDA1B20179B6,0.12799866838856033
CC_CDA2A36B81B4,0.2614830494120227
CC_CDF6354EC332,0.06840527546659615
CC_CE01E17132E0,0.036040498426079426
CC_CE1280B30475,0.14953088786570834
CC_CE134F878294,0.048387674293959
CC_CE229894AC00,0.1265582638083786
CC_CE26907B9D30,0.42477518324069913
CC_CE2755B42DAC,0.07584540201021227
CC_CE2BD7F74421,0.2818249432039994
CC_CE3784121355,0.14463873221325005
CC_CE41F9FF509E,0.19497699798267767
CC_CE5AF0E9A157,0.09120006986501453
CC_CE5EA019DCAA,0.08179793023730385
CC_CE6460FE39F6,0.12722027880709452
CC_CE72D1734761,0.6265170355529122
CC_CE7FC560768D,0.37058988116963754
CC_CE871DB3950F,0.3280512545166147
CC_CE8D1564C4F1,0.1274682089126164
CC_CE93240526A9,0.2900167034863166
CC_CE980FCAB154,0.29934477343978405
CC_CEA0FAD348F8,0.0871072789284845
CC_CEA369A3451F,0.05839333173856428
CC_CEBA67081418,0.24690223069209363
CC_CEC0C00FE770,0.5236427603293776
CC_CEC3B21D2982,0.38269443089685995
CC_CECEC680F701,0.17583488745806747
CC_CEDB263DB07B,0.03707044821810904
CC_CEDF9C14DC79,0.2766854508362274
CC_CEF23255BE06,0.05421397404550605
CC_CEF8C71C4E8B,0.3933211552471419
CC_CEF91FDD41AE,0.39539183114548837
CC_CF0B68684C3D,0.0968172415128225
CC_CF149865368F,0.10179024604946214
CC_CF2A7A5582C2,0.19561573715990424
CC_CF2B3E37CF2E,0.3824127179603263
CC_CF2F163CE005,0.16865268722014376
CC_CF3C063DF626,0.14668647340690946
CC_CF3E91DB8220,0.3038289968326476
CC_CF3FB5744443,0.7234820440885856
CC_CF4991B8EFE9,0.1141175590240853
CC_CF53FD3AC9AD,0.03583761544243751
CC_CF5A140B279D,0.19919652603575116
CC_CF613A7162B6,0.1199006920292122
CC_CF6A8A460B19,0.10283897881707262
CC_CF792E77A16D,0.053464314825449055
CC_CF7BAF373E0A,0.0359013496950646
CC_CF8B1D0015C4,0.14369466368261158
CC_CF8D0517B79F,0.08031820633132644
CC_CF92037ACA93,0.20906322060164323
CC_CF960A300F40,0.2855764210291091
CC_CF96B6335E6C,0.18880154541985858
CC_CF9880D67A7D,0.1713389919770142
CC_CF9B249283A7,0.7082646687574526
CC_CFABF7407978,0.22217324659743437
CC_CFB2AE99EABF,0.13249525324402117
CC_CFC0BC440771,0.1288286573453801
CC_CFC235739F25,0.5575807991946232
CC_CFC6E8954325,0.05565433959775254
CC_CFD37EDB214D,0.24022359732566018
CC_CFD93C04478A,0.5759891588535268
CC_CFE0AA5381FD,0.6118089492243084
CC_CFEB021AA137,0.05157073105763038
CC_CFF6E2A6A3F9,0.2685402894641523
CC_CFFDC4947256,0.1580130840656997
CC_D009368CE434,0.04921153908639969
CC_D02E59E08B02,0.0384178729055137
CC_D03848B7353E,0.05282644119117788
CC_D03A69B1563D,0.14407613178879947
CC_D0576802096E,0.08876957416192034
CC_D0582E0F3440,0.047985110281141864
CC_D059D0BEC5D5,0.37267930857388437
CC_D05C4A8F2A25,0.1217127614292978
CC_D05FBA9B9040,0.6890535009411258
CC_D0653EA71CAD,0.18321299715298278
CC_D076A984B786,0.14288901855857145
CC_D08FC2D99CF5,0.20531530641752277
CC_D09942A02904,0.12627425160310174
CC_D0A8EA2D37F2,0.14147463848272518
CC_D0AAD35C800F,0.11330190180296695
CC_D0D666EC0244,0.09149265056733583
CC_D0F3F68F4452,0.47170368681545
CC_D0FBDE8ABAA7,0.12939233591920837
CC_D103D50237D9,0.2363111259567266
CC_D11E5A30CF3B,0.2664910984840341
CC_D122B30AE7CB,0.5342015257460357
CC_D1679B40D83A,0.09626874591111698
CC_D1760785D631,0.2438827803990875
CC_D18088587757,0.23814993401099505
CC_D184160042B7,0.32627646691684636
CC_D1886485E8B4,0.14390417539395267
CC_D1893DD5B4D4,0.09008294099489095
CC_D18B60E035CE,0.7471320033189868
CC_D191D099789D,0.08048115489121892
CC_D1BDB41E7FF6,0.07374745021068832
CC_D1BE2E6E9C9F,0.17668236317835165
CC_D1BFB29BF61C,0.08933716353153465
CC_D1C259F80E13,0.0851086525763676
CC_D1C63DA9CA93,0.1276685420984393
CC_D1C931E4F305,0.07754467672146226
CC_D1CE25F271BE,0.16091832742827264
CC_D1D2127A0C67,0.0563634513150889
CC_D1D31EA359F4,0.13447425119046624
CC_D1DB888BD9B0,0.10506731717002912
CC_D1E82B9DD102,0.16462483694666996
CC_D1EF68A649AA,0.12386205481791382
CC_D1F05E69F80F,0.060274019914261096
CC_D1F6FE158DCF,0.24372450401663998
CC_D205612FD566,0.661216027479791
CC_D21474C31E3C,0.6941094428577761
CC_D2195A061A0E,0.6153972997701047
CC_D2199CC1CB08,0.03060322710269884
CC_D21FCD9DFE53,0.5376120618359007
CC_D233B2C8062B,0.4021221624951219
CC_D234CF2C21AE,0.6719283325860389
CC_D2373015DF41,0.04726181940880307
CC_D239CBE1012A,0.11265470317550641
CC_D2591377E980,0.7295622335617106
CC_D25E25C831B5,0.06421888237757425
CC_D262BB13DAAF,0.2729681845684706
CC_D272BC699F38,0.05573157459772052
CC_D2813C835750,0.7756952124066159
CC_D285B0D67016,0.024666930155806562
CC_D28FB525E310,0.2585876930280861
CC_D2AFEE04E96F,0.0406663718161615
CC_D2BBAA423304,0.21912357640017383
CC_D2BE8B4011D7,0.059588714062080037
CC_D2C49D2FEBF8,0.19345988179817536
CC_D2D09498D333,0.15239333500941593
CC_D2D187DA334A,0.15281956775211775
CC_D2D47A5386CE,0.23792892854288222
CC_D2E98F50621A,0.037105054231406
CC_D2F265035F0A,0.04378063906748277
CC_D2F91355C6D0,0.15235615828304885
CC_D2FC934F8324,0.14237157314871496
CC_D3044C67CFFB,0.048050503959031265
CC_D313F2C49E46,0.33339931165508013
CC_D31FFB053D60,0.12346485436106633
CC_D336DB6323BB,0.29528279085593934
CC_D343A7CBA377,0.07150016891921919
CC_D345AF4C4B61,0.19336821453614994
CC_D34FA9410740,0.08269648739928928
CC_D354C5D1665A,0.1502079025658773
CC_D35E96480AF8,0.2842163973224638
CC_D3616386D6D2,0.1425969459727687
CC_D365173E852D,0.7668780836058009
CC_D3683C6CFC5C,0.6485403586381986
CC_D373463038E0,0.05170918148302245
CC_D379CF8E3FAB,0.7246471371011678
CC_D37B4CA7F3D8,0.042105486328480955
CC_D37B5B3CA4BE,0.7033779272424612
CC_D39265D7B6C9,0.05126391994367593
CC_D39E3F732408,0.0747391382914949
CC_D3A7B21165B3,0.33186097179866036
CC_D3A9028A4660,0.05258854142362737
CC_D3A948322BD5,0.7227985952201256
CC_D3B95DB5E6C1,0.319004713760379
CC_D3C8C5014D5C,0.20996910009139208
CC_D3D80929AF52,0.08633886280722232
CC_D3F25136073A,0.15668099369614133
CC_D4102AD032BE,0.25724237485013457
CC_D416EFCEAD89,0.054666968124217855
CC_D41C5030494A,0.6824274981342998
CC_D42E477596A3,0.050892198757846334
CC_D432C89BADA8,0.12166654117129032
CC_D434638E9569,0.12107113973347709
CC_D4518F98BB77,0.08319939789183263
CC_D452847F2A4C,0.08353977758453796
CC_D454056F92E6,0.22783208003100078
CC_D461FB973AB2,0.8055770895286385
CC_D462250B13D3,0.4345694915026099
CC_D48E686A834A,0.6747870948376473
CC_D48FFD985E51,0.07048901444635812
CC_D49263A1BDF7,0.12869011569201078
CC_D49668C65C33,0.032025631622747776
CC_D49D9C57A849,0.09097309091134782
CC_D4A029A150E4,0.16147824047545672
CC_D4AC998C0BC8,0.7066220490955528
CC_D4B02AAFC697,0.12081040922340583
CC_D4BDF0F4FE9E,0.12240596032706055
CC_D4BF2778371B,0.1640960960389839
CC_D4C0F4DB3501,0.16848263251148377
CC_D4C6DD8A364F,0.13472792593993127
CC_D4CDE2A1E174,0.15113043925219632
CC_D4E7EE35695B,0.17145131577639214
CC_D4ED652E86DF,0.3017628473118543
CC_D4F844B54B84,0.03856832001748938
CC_D4FA0055DB4A,0.039075387816497685
CC_D4FDCBAFEC74,0.7224861144163244
CC_D517D90E105F,0.0950763647534775
CC_D52B87A01028,0.2423182439011524
CC_D530C3D1DBF8,0.673097124769663
CC_D5327E41EBA2,0.10769648509919989
CC_D53C8BCA531F,0.08056027453328529
CC_D540C7ABF683,0.6812975672112432
CC_D54105FC1349,0.3371961426710477
CC_D550CE8B9313,0.7459505935985202
CC_D55C5B432387,0.16620688781986653
CC_D5646FCC5E14,0.5724464540457168
CC_D56F34613338,0.13617091240043172
CC_D573AF0F1674,0.10224033271766357
CC_D586E2C2B3EF,0.20580996511138858
CC_D589E388CA02,0.05637661028276611
CC_D58EBD954E68,0.33027214589963233
CC_D59AFE884BDD,0.4752456421102331
CC_D5AC596A85E1,0.16309343526488781
CC_D5B99B578573,0.042342878886880285
CC_D5CBF4A4D3B3,0.1074744656953612
CC_D5CE05EAA837,0.2055496125410317
CC_D5D36A6C8DB3,0.07740140993189112
CC_D5D8D545736F,0.08345606001267879
CC_D5ECFAF8C1A3,0.07352622906988261
CC_D605715F737A,0.1512682683230456
CC_D617428B4B0E,0.3850544976802054
CC_D61E8E5C4414,0.13025562893846726
CC_D652B5F05769,0.18955376003594718
CC_D6564D0CB9A8,0.19581009600115562
CC_D66183657419,0.06415765911805552
CC_D66BDD3E1AA7,0.11092564775887952
CC_D66DA331534A,0.09979011521675121
CC_D687A780C0E6,0.051575434601360264
CC_D6AE871A4C9C,0.1090632435184376
CC_D6B7AF1FBDD4,0.49923342224772793
CC_D6B874308353,0.564719770874268
CC_D6B8F47FE484,0.5272071218807756
CC_D6CB1BFDCEEA,0.10784149098576032
CC_D6D47D7E1C51,0.035834895100557956
CC_D6DE060699C6,0.14688342791366468
CC_D6E06014457F,0.7949288266322068
CC_D6E8E17EA449,0.3275991459172838
CC_D6F216AB1C4A,0.1596768261768649
CC_D6F5E3A51C8A,0.09314808795100113
CC_D6FB3B76D7A0,0.5856202027418707
CC_D6FBCD4BA3DA,0.2890113840255895
CC_D70918916097,0.49932463983658565
CC_D73B1B9B81A5,0.05355009223697406
CC_D73E9E24BB48,0.12215226337135171
CC_D74AA0F20466,0.1257450650547818
CC_D750070C44BB,0.7119587040327886
CC_D7529675CB7D,0.17439196875729046
CC_D75C8CDB510B,0.6622227605780235
CC_D76009C47709,0.30304547743758714
CC_D771775A58F5,0.1906065879880414
CC_D77F9D613EF7,0.18147198063881192
CC_D7999C3EDE22,0.20086029915002762
CC_D79BF1D26499,0.18209205481944396
CC_D79C05885899,0.12923079576228902
CC_D79D4F15D10C,0.039475370727966294
CC_D7A11E3512D2,0.04659193234950082
CC_D7AD7A7279C4,0.15101427666230058
CC_D7B35055AF0D,0.16965095248590517
CC_D7D99409D57E,0.31921865992835374
CC_D7E403181D8F,0.11265826913464042
CC_D808C7BA9399,0.1301472725631098
CC_D80DE8B544F3,0.03745382856216249
CC_D81D19AEFB77,0.02909203896246676
CC_D81F317F6384,0.1247329060930467
CC_D844D9DF962C,0.07614127529353815
CC_D847D978387D,0.05246326728496728
CC_D85C7B85C440,0.2306786255093181
CC_D885591596E7,0.0843093744097071
CC_D887D07BDE23,0.38603764469483903
CC_D88ACC0CFDA5,0.1121493484042266
CC_D88BDD0F510C,0.05308265141303131
CC_D8956424CB37,0.4093354170909776
CC_D8959BB99A7F,0.3214806871534442
CC_D89A9A14B5E8,0.050386164542418704
CC_D8AD01F3CCE7,0.04465147209041838
CC_D8B4122DC296,0.1204532505306409
CC_D8C38B187875,0.724712533066795
CC_D8E55509595E,0.0511808528891656
CC_D8E6B90C37A3,0.12479465835627343
CC_D8F1AECFCC2F,0.05723796107619565
CC_D8F7672C70D7,0.040227140152125015
CC_D8F7E904E7DF,0.15897484249163873
CC_D8FEF1C99F88,0.6796848344461947
CC_D90761F9E9C9,0.39280589710434205
CC_D90D9D5C8FEB,0.08136201932797468
CC_D912917A4F4E,0.732983595014114
CC_D91ECE64FD0C,0.10882017108372447
CC_D9325E5695D5,0.054101778848625555
CC_D9563654A397,0.1949900537516476
CC_D95766A6C24F,0.12456385316073396
CC_D95939B1BBFA,0.06328872269182212
CC_D96729C38BC9,0.09298778060480206
CC_D9791EFF766C,0.2149362575381275
CC_D97AA7C54F6D,0.09714798535238636
CC_D98BA5CE8EE6,0.47714034716737264
CC_D991DAD5413D,0.1303250518960627
CC_D995C89AA359,0.2184934222057958
CC_D9A54F55AD6A,0.09289237150553704
CC_D9B87A96C353,0.22797355993812196
CC_D9C42B0B6A0C,0.17351670586785745
CC_D9D487E78FAF,0.668226385859995
CC_D9D744A66B09,0.08631587300632575
CC_D9DA3F6E2E7E,0.14250352430165075
CC_D9E5792258E4,0.09212717201657306
CC_D9E6B9CBEB77,0.04782677768823823
CC_D9F0CDB02AC6,0.13912727003838882
CC_DA0201D1BCF2,0.10632580108770463
CC_DA0500AFE692,0.058464258415970916
CC_DA0E0BD3880D,0.3980691939313202
CC_DA10F53AE655,0.6509144069233535
CC_DA1643A835A2,0.10017039435978124
CC_DA1C5BAB7E35,0.5218242750961697
CC_DA1DC6A6371D,0.21231535287857495
CC_DA1E6B31DD2A,0.6552280586250112
CC_DA1F282809D0,0.03447993444589706
CC_DA226442D919,0.7424117688327381
CC_DA31EC318B1F,0.054230608137014684
CC_DA33597C6459,0.16199041697632957
CC_DA43CFB5CC2F,0.19172121945559029
CC_DA481C72B8A4,0.25620894602671773
CC_DA55447636EB,0.044045464609286065
CC_DA5AE34842E3,0.08724646463049278
CC_DA6880B018AC,0.18622380744904748
CC_DA700A961616,0.1441833975118197
CC_DA7E65F1E6AA,0.07309415843386738
CC_DA80FAA7FE30,0.09382061292114745
CC_DA8DCCC1199D,0.32571262144756896
CC_DA8EA724C1D3,0.40506040635582496
CC_DA8FA65D1924,0.037610339879510575
CC_DA99D1E41C3E,0.05514131794863634
CC_DA9C3BEFD0B3,0.18322706451983034
CC_DAA3B7FE1C62,0.07841308447431443
CC_DAACE4211B34,0.16406759578206742
CC_DAD239E56638,0.7646561215743579
CC_DAD4BC090253,0.06433976443330079
CC_DAEDBA26BA12,0.30346442358247905
CC_DB1EB08EB40E,0.1290171672553625
CC_DB2314ED6960,0.07100891729350867
CC_DB25E05EC5CD,0.42001838141404757
CC_DB3BE0C87882,0.05803187818874921
CC_DB44628BC147,0.1909716366343244
CC_DB562E602BA8,0.1089803786857652
CC_DB61D7F5F8F2,0.6839520667622625
CC_DB6498598C32,0.17840538325893576
CC_DB6B59FB6E30,0.03748020924681204
CC_DB801B947698,0.2979270775675862
CC_DBB8C467FF1D,0.10793608028642541
CC_DBCD21C2C322,0.06949345040800638
CC_DBDB148E45DD,0.09578127662026752
CC_DBDF9BFA7E87,0.10042052431170247
CC_DBF5CD2D854F,0.212861038307984
CC_DC0077DE6E39,0.20207730939431912
CC_DC23159A1F99,0.05712904988204984
CC_DC2458827FD8,0.2279640212435192
CC_DC2BE35D58AC,0.27458165715444477
CC_DC49C8D3F7EC,0.55560112728054
CC_DC5DE66826E9,0.10347658136476165
CC_DC6063FC6464,0.08186408477151456
CC_DC771AE1B4BA,0.6822230671602572
CC_DC7DEBC30E17,0.4349758980040477
CC_DC978F3A711F,0.6569103696771614
CC_DCA2140C7BC4,0.19507997313626893
CC_DCA5CE7C9DC3,0.14034426575586584
CC_DCB5798049B2,0.1425160976470728
CC_DCD10C95C942,0.5266774893800629
CC_DCD145E8E729,0.2990991118172536
CC_DCE0BFC03B86,0.04853567335630417
CC_DCE75AE2FB52,0.05593253639433075
CC_DCFCEEF21BA7,0.35851167116759153
CC_DD12A8C462FA,0.07437929050118672
CC_DD14867350AC,0.1659384312780937
CC_DD232BC8881D,0.20572151640030878
CC_DD2473D34D68,0.21091131884914144
CC_DD2B5C4CD318,0.06135510761317675
CC_DD4EC06C3A92,0.27925096640561253
CC_DD5299DA8C1C,0.08700641150709597
CC_DD59BFF18ABC,0.15613942319037225
CC_DD6777E1B05C,0.047127641404064856
CC_DD6EE1501B89,0.08071422568745357
CC_DD78B52AE022,0.12880098489385494
CC_DD7983A07B43,0.6426305123490856
CC_DD80B5CC495F,0.11412209439483256
CC_DD8956B71825,0.6311645157500443
CC_DD8D40E7E2A9,0.08981596351930483
CC_DD9972D0B63E,0.12978123628492322
CC_DDAE70634ED3,0.09864178686156963
CC_DDB4A9FF2B03,0.1011475965623986
CC_DDB68302DA2A,0.1489188188193946
CC_DDB9DEC9C037,0.06825367412407235
CC_DDC610D2B2F0,0.06307674256415993
CC_DDCAEC6BD9F0,0.20803768663880146
CC_DDDF665EBD93,0.316206371084041
CC_DDE66EBF2157,0.06312813122651983
CC_DDE8B7E9C7F4,0.31815417358003795
CC_DE019FC36D28,0.356670462115757
CC_DE07076B04D5,0.1365698553178114
CC_DE07AECD2361,0.03537635174197488
CC_DE08A4514010,0.5576006970898195
CC_DE093FAC5293,0.46009612923650844
CC_DE17BC1C2324,0.060870987918753755
CC_DE1B13B3E504,0.035947552878762876
CC_DE4264861B73,0.09393890084174246
CC_DE4810B88C51,0.28785284551260315
CC_DE4EE8A16896,0.15139088435399206
CC_DE523A2403BB,0.09791163573389838
CC_DE52860CFBBE,0.22751935466448145
CC_DE593193FB9C,0.1948673822754572
CC_DE5A9B499ED4,0.08504485295078196
CC_DE6AFFA63ABD,0.09393823749024842
CC_DE7CEC14CCD5,0.7076836419818109
CC_DE7D7B5BBB14,0.6535847062822799
CC_DE81AAB7BF48,0.06289856305652687
CC_DE8956D433E2,0.656760057208185
CC_DE8FB8D1CB71,0.33065201220220936
CC_DE90D07B269D,0.2112112834074723
CC_DE9A62529780,0.15493744013930416
CC_DEA425EA8441,0.10547204023934532
CC_DEBE01582EFF,0.19867553538654686
CC_DEBFD4E79A38,0.048573550846128834
CC_DEC97F13CB8C,0.1949774732393961
CC_DECF1507C86D,0.15568990853996242
CC_DED24C8D047A,0.09983508536881443
CC_DEF4AEBD31C8,0.2119069923031482
CC_DF062F698349,0.10555553562403241
CC_DF13D5CB626A,0.09553093672213564
CC_DF15C526CDC5,0.0435673076206478
CC_DF1F6C68F7D2,0.13983341344516398
CC_DF3EB88F509B,0.08806025018056751
CC_DF4E332C886F,0.026642802670707115
CC_DF514171DC30,0.16130923189978905
CC_DF536CEAE5C0,0.06295934882121752
CC_DF5806CC2CFF,0.12934694159097307
CC_DF715690EF20,0.25794449391660434
CC_DF718A37AF15,0.10060640614629371
CC_DF7276DD74AA,0.11340637976323958
CC_DF750B2D6872,0.34483077213438595
CC_DF9FB6670627,0.06899845376171375
CC_DFA65A0125D9,0.05066267995654469
CC_DFAE355359B8,0.18975994600799054
CC_DFEA562F7BCF,0.3169409955943231
CC_DFEDAF0F0D6E,0.04030195244499374
CC_DFF6F74C64B5,0.6650122019846343
CC_DFF87DF16763,0.12590265726259342
CC_E00D8ECE9FA9,0.14557904361575988
CC_E027E36615C0,0.539041781068188
CC_E02E23CE49A8,0.09063273126592722
CC_E030B3AEBF19,0.14092144898465375
CC_E031A4C862C1,0.18117775293228228
CC_E0339B331F4F,0.08831020745800075
CC_E038981B2FEE,0.12685780313177272
CC_E0463868968B,0.1520424177607704
CC_E05A8621B581,0.32327432160461106
CC_E07FB0312232,0.15384551431025997
CC_E088594E0624,0.23646570853796722
CC_E09AC3B1E534,0.10083011844885378
CC_E0AC29AFCF97,0.19242493995768656
CC_E0BAC6E0D0DA,0.08936320803776676
CC_E0DDDA07F0A1,0.17522742601192376
CC_E0DF45AB72B6,0.22653844002679657
CC_E0E1F8E7379E,0.10208511647007783
CC_E0EF095444A5,0.1700743821256812
CC_E102E4F7F8B4,0.19876462066382727
CC_E109B4CA6A8D,0.1257347784526983
CC_E11470A2D92C,0.4419469498005242
CC_E117B8A6ADC6,0.028652753208046753
CC_E128015073F3,0.06935147608139577
CC_E131D5EB9237,0.1955059560845981
CC_E14A24095E9F,0.10091955960869418
CC_E14CADF89123,0.5388846154603104
CC_E16876025011,0.05244702485891056
CC_E16C71C15D04,0.6760577470113274
CC_E16F1BB83653,0.052259970153524224
CC_E17448FB08EF,0.5445914738764615
CC_E17AAACEB07D,0.08155790475062225
CC_E1875522DC57,0.14964591732576796
CC_E18A0734641A,0.11262515266106209
CC_E18A22453843,0.08081310269969341
CC_E1B4E3360C0F,0.1836095748749969
CC_E1B5AE645169,0.05633535141825756
CC_E1B71F6B7DD2,0.32154727968483704
CC_E1D073F693A2,0.3072659450781372
CC_E1EA83C31C66,0.09848085723169334
CC_E1ECAE226485,0.2534603197921146
CC_E1F0C5076481,0.06742904149814681
CC_E1F78CE289D8,0.04376094220917477
CC_E1FBCECE0A54,0.22829622491998508
CC_E1FD46CA26D5,0.09343453481090597
CC_E20E7C7164A6,0.727892800660363
CC_E211E2698C14,0.03501138434474273
CC_E21B4F587C45,0.14550524672121076
CC_E22A278A1386,0.05885681436270748
CC_E24078C03B7C,0.15202696293551085
CC_E2452737F950,0.15151901448811478
CC_E246119AA09C,0.578762719910047
CC_E246942C7310,0.08286993748892262
CC_E2474A334F3D,0.09006917098650347
CC_E2489637D0E8,0.13338470212908604
CC_E2521AF9C2A2,0.08592177990872531
CC_E253F4AC4762,0.5618653516441976
CC_E257805D0F0A,0.20269528360365274
CC_E25A924EDB70,0.09927280677073197
CC_E25B5D5502AD,0.09298932633858324
CC_E2619E24BEDD,0.6599209261437107
CC_E274DAF3C064,0.07145651949708964
CC_E2787CBDFBF1,0.13749375321437096
CC_E28AE2E68BB7,0.668854237634101
CC_E2C3E272D059,0.2379107377069241
CC_E2D653061523,0.40473525641440267
CC_E2ECDC7D23EE,0.1395261317244342
CC_E2F0E725C3AB,0.057682662587397175
CC_E2F7712CD056,0.1909506383611729
CC_E2FD7FCF0AD5,0.7950934058097479
CC_E308C7DFB2F2,0.13258375597047323
CC_E30B791D5F11,0.22158524524174306
CC_E315F7A94400,0.354163736217908
CC_E31DAB1E73F5,0.053157924524405695
CC_E32034C97E83,0.22749999495221537
CC_E32DBED5EAC1,0.26110319738197446
CC_E32DDDDEE3CB,0.197060797203891
CC_E343EC3EB052,0.6883115026355159
CC_E34A04E78D60,0.13713389926878738
CC_E3503B565AD0,0.2571360343499983
CC_E356B05ADD56,0.20014823730617953
CC_E35D02BE6780,0.02027424542635306
CC_E369AAECB2B1,0.5013767207597232
CC_E36ACDB4F96F,0.4387369343080537
CC_E36C7F0E1657,0.8210828464048749
CC_E381FD4674D5,0.03363303876915841
CC_E38E3835121E,0.04129025855310004
CC_E3A70438A0C1,0.29984492703267496
CC_E3B5C76189F3,0.23601976817760495
CC_E3B7B7E57889,0.18301333749640858
CC_E3CCC0D886D9,0.18329819585748972
CC_E3DD8AD10171,0.31230653319298673
CC_E3E230CF20A1,0.24030087657252827
CC_E3E4B2543CCB,0.07430692694523677
CC_E3E5DF01E014,0.17294135485964862
CC_E3EB157288A2,0.09310888660580449
CC_E3FBDA203EDF,0.15532362619376594
CC_E404FCA6CB2B,0.7028910335684729
CC_E4054F9C8442,0.2970473525350208
CC_E405D808772F,0.03524430161900998
CC_E4137B250609,0.41446492332270907
CC_E41482A7E968,0.06868295619054213
CC_E421FA1874F4,0.10512035379141085
CC_E42C38BBBD04,0.15803046537014326
CC_E42D90BFB285,0.04443399831484854
CC_E42EFC05C891,0.0825213387574516
CC_E430F3C75969,0.0906500043768048
CC_E4576D6B6478,0.11091135876946023
CC_E46B27A13728,0.41053799509493727
CC_E4783FB590D4,0.17488343723596544
CC_E489009C6500,0.1534230335311831
CC_E493CB46177D,0.109316262688542
CC_E496AFA9B40A,0.3244805783449408
CC_E4A2FFE0EE1F,0.1233981626689575
CC_E4C553538385,0.3055625949445072
CC_E4C7B5501ED1,0.16475347517183464
CC_E4C8A5A60F51,0.1774397156304624
CC_E4C94AB69214,0.3746207506610775
CC_E4D75244E8B8,0.19944890392830047
CC_E4D9A8EEDBAE,0.20300100237366475
CC_E4DF787730AA,0.12095437534729972
CC_E4E0DC070132,0.14854462547927166
CC_E4E3C08B7F86,0.06077744921881549
CC_E4FEEB4389C9,0.3560257132152899
CC_E50598344DD9,0.4097611479764026
CC_E50C634A9A18,0.02723561495617522
CC_E5107337FDD7,0.04509095908271108
CC_E511BFCFEC9E,0.6695605605828303
CC_E51318749E09,0.11784478402481774
CC_E53FE6708AD9,0.6951833655015974
CC_E54290FEA34D,0.1113547296821584
CC_E54B723C018B,0.04152007524935299
CC_E554618F383B,0.10395883091577106
CC_E557336955A2,0.10558020415705785
CC_E55B48E73651,0.17199494810152782
CC_E55D8DC645B9,0.05582962934927735
CC_E575DA02C575,0.2552005942120093
CC_E576BD98A727,0.20826427042824158
CC_E578DC77656B,0.13052261269019108
CC_E57F3EAFD9A3,0.1450736790767073
CC_E59A01603B7D,0.31538138232513346
CC_E59B2D974CB3,0.19228829242595757
CC_E5A1C44F0F07,0.6358411128782608
CC_E5A8BDF6BFC1,0.1618007471358205
CC_E5B284DA0E5D,0.09181049170340869
CC_E5B8363BB378,0.6104165787113458
CC_E5D8BFFA5F88,0.059718343182231085
CC_E5DA04902EFD,0.27214356303890647
CC_E5F53CFC20EC,0.07417181101896654
CC_E5FAECE63C59,0.5525617437912476
CC_E5FB6E872C58,0.08786068738494235
CC_E6045565E7ED,0.09054289783747069
CC_E60845ADC7F1,0.03683624389181619
CC_E61567D6B392,0.12666162800802366
CC_E62174AFA94C,0.13939759818483655
CC_E6247DD14641,0.098421240750236
CC_E6289A61F0ED,0.09769322534493524
CC_E62E32FB6FBB,0.027870007427712565
CC_E62F6BE942DC,0.25370691124164574
CC_E63E49B128AE,0.07494850224957753
CC_E63F89885A3E,0.7688643493029266
CC_E6466E6A92CB,0.23685754868572478
CC_E64BC95F8B2A,0.8292329093388648
CC_E64C652BBAB2,0.08241790986299116
CC_E659DB355476,0.1812953202677135
CC_E65C8BA5A7CE,0.06852099766279536
CC_E65F39446752,0.3425231687047572
CC_E67395791589,0.18630909092989278
CC_E67622A69EEF,0.0761124089089475
CC_E680830CAEF3,0.06297455134836567
CC_E6823643AC4C,0.6634412082125026
CC_E683F33931BB,0.12843918435178053
CC_E68841DEB163,0.08790024282287803
CC_E68B2C33D180,0.14932865364302023
CC_E68EE6EC2618,0.04292205959336653
CC_E69508D3D3F1,0.22589564046503838
CC_E698F1348426,0.21930698148630562
CC_E6A178F3709D,0.1335727585578569
CC_E6A4B6E8619C,0.6661467283994407
CC_E6B3887C66BB,0.30588214391921287
CC_E6B6BBBDBEDB,0.2917875918502385
CC_E6DBD0F9DC3B,0.07558066532587401
CC_E6F090F70DDD,0.32178005445168284
CC_E6F2D8CB45C6,0.10939271936968487
CC_E6F8FBEDA2A7,0.091715335116756
CC_E70854CDFE9C,0.05447430944228314
CC_E71C05F07F85,0.061102861449970194
CC_E72797CABC60,0.07658439127036468
CC_E727C1153226,0.09145106588309948
CC_E73489D828C7,0.12332968500590419
CC_E7355465CE6A,0.08103548792110091
CC_E73CDBC743FF,0.22026229810410614
CC_E74F00E75A4F,0.05928336893117086
CC_E751F7E19192,0.14992199881952023
CC_E7522AD6431A,0.5629119288243367
CC_E7523630D2D9,0.25997741083758574
CC_E767372DD95A,0.5924361104874614
CC_E76C5DFD3BA6,0.18823077756320677
CC_E77326438575,0.21939967172483468
CC_E77E29E11EB1,0.1483663932528212
CC_E78F20B3223F,0.7010147777799668
CC_E79A23E64518,0.09633676457346846
CC_E7AC69AEA182,0.758933922588827
CC_E7B754CA9668,0.047214625140478333
CC_E7BA60365AE8,0.16326216184043765
CC_E7C95D4A741C,0.07187752382470955
CC_E7D3D728EC5B,0.20397912983705083
CC_E7E4D5F851D3,0.0724550081071768
CC_E7EA49D37B64,0.3662281914999272
CC_E7EF11A24F73,0.7832051977115919
CC_E7F6F9A7EC65,0.06642864647060988
CC_E7FBC7F69DBB,0.2140938004026164
CC_E80B1A55A74D,0.16281002903617314
CC_E824AB0AFDBB,0.20310267605901786
CC_E826DAC92D9D,0.27735150503998385
CC_E83AB7100D06,0.12494921710124249
CC_E83E6D31EC76,0.2522577897683865
CC_E86650461FBE,0.16347718312211545
CC_E868A3754B11,0.8293453930011443
CC_E86A993F7D05,0.08922887439771587
CC_E87992FBEE80,0.6446408622199565
CC_E87B909C4DDD,0.1846954667970898
CC_E8828BA7EE08,0.12808516609414738
CC_E886157F6FBD,0.35267985352438336
CC_E88711C5C98E,0.10528368461068871
CC_E887680BB6CC,0.16788804743600666
CC_E8909BF77D8D,0.10442495501055883
CC_E8A82DA3A246,0.1662479080641177
CC_E8AC7545DBD3,0.08830022548170074
CC_E8BA6B224C3E,0.11035699273390698
CC_E8C6CA45BF72,0.17340764091753572
CC_E8D2E3126A8F,0.6815470141237092
CC_E8E55DAC4FF9,0.055790780187409655
CC_E8EB77AF3F78,0.8304965059605971
CC_E8F2C6905503,0.37345159634062575
CC_E90831F897A9,0.1846305262048291
CC_E90B14D51185,0.5416658616905587
CC_E9188329C9E7,0.09181539355471545
CC_E91E1C0C0C61,0.614112944750672
CC_E91E9D34C5F3,0.11893441184749073
CC_E91F555DBA96,0.12898609229018204
CC_E932CFF4B4A4,0.23897040820844775
CC_E93643CB34CA,0.16602267526449252
CC_E937CA493910,0.15307789628064852
CC_E9409A50B4BF,0.5232981523181922
CC_E96711AD5512,0.05305453993647641
CC_E96A3E6912B4,0.4931775307996689
CC_E98AEE74B9BC,0.21605987051419073
CC_E992FB78BC2D,0.28982027144010003
CC_E9A3AECEE3A9,0.07786556408763604
CC_E9BDA7766728,0.2636109296733067
CC_E9BF1AFE86C3,0.20178799763417835
CC_E9CA055AD1A3,0.09624882638947158
CC_E9CA0A56E917,0.23143169295597557
CC_E9D3453F53AC,0.6249802803378677
CC_E9D46EFFA839,0.20762523073548642
CC_E9ED872B6037,0.03797065466315071
CC_E9F40C1B559E,0.12601926537995287
CC_EA06928C0AA9,0.26594599615166054
CC_EA0A46F64C80,0.11240185204757813
CC_EA114B15FC04,0.5219528951360138
CC_EA1F3F67BA2E,0.0821519076149606
CC_EA21618614D1,0.7018286286022247
CC_EA26B5A89181,0.2294238132347335
CC_EA26C6C27662,0.17821433783677237
CC_EA3B5AC76649,0.2118393139314799
CC_EA4E669C8528,0.08205130582638508
CC_EA6917E7A5C2,0.7328119406015687
CC_EA8A25862433,0.1515106686327162
CC_EA901D7CA670,0.15975120593234116
CC_EAA2BCE323EE,0.7448199636998565
CC_EAA6D5189190,0.11791678498575339
CC_EAAA8DD7FAAF,0.15279393484697446
CC_EAB7408CCE0E,0.33302689546013997
CC_EABEDB3C4827,0.1365012420993238
CC_EAC6D83D1BFC,0.03220292434963179
CC_EAD7F3E9DAD1,0.060042142855795635
CC_EADC7D8196C2,0.32284138325692496
CC_EAE608E24E29,0.03876374003747602
CC_EB05AD2C7C27,0.03795017591173637
CC_EB1DA337E2D1,0.14605054072925194
CC_EB1F425EC937,0.104422308021373
CC_EB2FE764BF6D,0.1340489530119787
CC_EB55483587DE,0.1018299183562561
CC_EB569B3E2E12,0.6470562396697247
CC_EB57E6E6C96C,0.2275750666461172
CC_EB5A0FE0605C,0.14317897435353957
CC_EB64EC97D01D,0.11572403982904579
CC_EB691249B91A,0.19910375347761528
CC_EB7C50A7D4C1,0.48354804994164297
CC_EB7C52FDBEC3,0.15863238619832432
CC_EB86FED24535,0.2731546230569055
CC_EB89DECC2021,0.11022483779026745
CC_EB999F9D6095,0.19246802900709944
CC_EBA2F85924CE,0.06690296021752863
CC_EBAC5A53FD11,0.09112005230335554
CC_EBB109EF7619,0.1962706968034677
CC_EBBD00C18763,0.04351121525211858
CC_EBCA68C7854D,0.06744511979540029
CC_EBCBDE122879,0.15536711453573523
CC_EBDF6C88BBA5,0.07190362413038198
CC_EBEDAC91ED43,0.09366325185982702
CC_EBEEC4183FDE,0.05129103785931467
CC_EBFD9D007253,0.4775313809308156
CC_EC1ABC58E09A,0.16680142819416496
CC_EC26EABA68DC,0.7876725681934726
CC_EC2A485A3E71,0.19957241849154622
CC_EC3B9E2FE47B,0.09140205069738286
CC_EC505F03EE5F,0.034824792758095795
CC_EC5317EC6706,0.17942048695236984
CC_EC5B7FBD1EA7,0.1392608423002143
CC_EC5C7471FFC5,0.05456892211989597
CC_EC5D92B3617B,0.20612897729325413
CC_EC5E214BFED0,0.6419002604071639
CC_EC6406527201,0.10825780999681817
CC_EC79022358C6,0.3177792074496234
CC_EC831A90189F,0.1028389985687797
CC_EC87C131FADC,0.05817195475189402
CC_EC88785D6F39,0.22051260526755453
CC_EC9173F5284E,0.04075293250547002
CC_ECB7B3B6272E,0.06632193661471467
CC_ECBF4CED56D1,0.12169776870361448
CC_ECBF80B94EAE,0.7902815962045635
CC_ECC78B7AE3F1,0.5903141790272133
CC_ECC7E9E691F5,0.16387264688118267
CC_ECC9235F612E,0.23811468547215292
CC_ECCB0BD557DC,0.16262544091275494
CC_ECCCB1B4EA8F,0.09499564108187097
CC_ECDDF4983DD9,0.044953785933159636
CC_ECEE93C4F564,0.5724662135002925
CC_ED07BD8B2CB3,0.05223636628873006
CC_ED0F4A02A01C,0.2453828911024932
CC_ED11D72A1D3B,0.06361385595496413
CC_ED165FC5A06F,0.05279513989584145
CC_ED2B6A40ABC7,0.2558160672498083
CC_ED390F22A931,0.08701999068257367
CC_ED40E7CE5177,0.21059504027464296
CC_ED4E4B13DB1A,0.041456889263460875
CC_ED4F22572419,0.15401183678314057
CC_ED5AE5CB1DC5,0.05176492469650356
CC_ED6090A4E6E4,0.2378770388858829
CC_ED645D91E6A5,0.10180780249422883
CC_ED6B045B6075,0.1595848126593536
CC_ED9313C71C57,0.14960098217007012
CC_ED9BCE7C776F,0.7468601126892761
CC_ED9D4644716C,0.1867929504986836
CC_EDA794402358,0.27335979734079213
CC_EDAADACD4DED,0.13769194001561583
CC_EDBAD2E989FB,0.1504712812112056
CC_EDC98B474E76,0.31716883143732016
CC_EDD1FD49A66A,0.7648609844814607
CC_EDD448008C0C,0.7026413994206362
CC_EDDA3B790095,0.0642062663281346
CC_EDF95BF0E3D6,0.1775248572583881
CC_EE03D7C2BC69,0.0639358231372484
CC_EE0D95184E81,0.04596115090418919
CC_EE0FF690C214,0.4375553130649482
CC_EE2412C352D5,0.09213405725510257
CC_EE2A010019CF,0.061880104401627015
CC_EE2AC730827E,0.05416168650814328
CC_EE3236E6A9FD,0.1263479183196105
CC_EE3759EA49FF,0.15301336000043253
CC_EE38C78AD88B,0.40070618916466383
CC_EE3CE0FD6B77,0.5849975037552672
CC_EE6B7E58FC63,0.041976293061831704
CC_EE6E02464067,0.3088882921338073
CC_EE6E1FA7A753,0.143380933197238
CC_EE6FCE6C233A,0.22316853602804154
CC_EE88C07B9333,0.08564989127938277
CC_EE9004165810,0.06314341364550988
CC_EE9BD17AD343,0.04954441221581835
CC_EEA608D5A455,0.15632162318036816
CC_EEAFDB1BB486,0.5315956355847181
CC_EEB482736C41,0.2399471614426229
CC_EEBD9DA093E1,0.047062046432424495
CC_EEF23DDD2262,0.11575837606220304
CC_EEFBDC9AD94A,0.07662611133236019
CC_EF05000895F4,0.5164183901088023
CC_EF16B2CE0988,0.3836939343979988
CC_EF1DD3F0CBDF,0.064672608900036
CC_EF2D82085BB9,0.09799730282914312
CC_EF2DBE79D656,0.25193543488100917
CC_EF3000C48A4C,0.06664619335925515
CC_EF359AF608EA,0.03372158108914549
CC_EF362432D758,0.34042036863644165
CC_EF548B30F1B6,0.23160170291907667
CC_EF5B403DFD7E,0.09877632748968657
CC_EF66DA0DDF9C,0.30073514383560346
CC_EF70BA4AEEC4,0.16892898203439494
CC_EF83DD56FCC5,0.06836286918367897
CC_EF8B642A6F8D,0.0731307891524627
CC_EFA1EB27DA19,0.04176669400359247
CC_EFAE84EA9BDE,0.07127484770229775
CC_EFB26BEA106E,0.31897717038103457
CC_EFBB51CD8502,0.23131244724025152
CC_EFC18E9B3B55,0.11608420625045976
CC_EFC4B0020E2D,0.13989321098530652
CC_EFC9FA5108D9,0.1684714128960666
CC_EFE45D9B9D9C,0.046934208467040855
CC_EFF27FA98DF1,0.07243121050554378
CC_F000DA497736,0.2506117731124438
CC_F00107DE219E,0.6531011723819533
CC_F009FC54A64B,0.7628605423043278
CC_F01DF28C6BFF,0.09369059206477906
CC_F037C91F63BF,0.1276456173556887
CC_F03FADA95A03,0.7346663498488908
CC_F05235F3C894,0.10834199676254774
CC_F0649FEBFEB8,0.47347837631153206
CC_F066C78B5C0D,0.1350443101705312
CC_F07313626618,0.6315101811534972
CC_F0783F6A56F5,0.7669614302634159
CC_F0791523691A,0.1515291586911437
CC_F080750455CE,0.06344619542153515
CC_F0809EBB0B51,0.029699798205302094
CC_F08259F86E23,0.17587625176462351
CC_F0929F859702,0.17994284248013792
CC_F0A7203CCA39,0.17727596345713723
CC_F0CD4DD9C63C,0.14903180889046527
CC_F0D29AD328E5,0.1598305074068722
CC_F0D339E5B80C,0.05342573127903252
CC_F0D3BC14FA77,0.0869343488665292
CC_F0E16D28D49D,0.17004578915317253
CC_F0EBE2C00A7B,0.055525722343490444
CC_F0F137758DC2,0.056133548611595876
CC_F0F6BD40CA43,0.33469691226826226
CC_F0F6FCF6010F,0.18039847978717202
CC_F0FBC9D4ECA1,0.031176869010889077
CC_F0FEE924096C,0.25830299765946607
CC_F1074E035DE6,0.05843438872339586
CC_F108D26930FF,0.3783684025793026
CC_F10DB853B9DF,0.4082222063665566
CC_F10E06D52D76,0.12288136525665934
CC_F11F5F477B91,0.6569862039610602
CC_F14913B5BE1B,0.7561525593229688
CC_F156C1647E3D,0.08113752096960002
CC_F1598097E314,0.6961052714156031
CC_F1641E3AAB3C,0.046562887226170996
CC_F166878FB959,0.05125242592256265
CC_F17540FE7C9F,0.13234422322751552
CC_F175BB08B29E,0.05362224758332177
CC_F1782AF286D0,0.3795458219846155
CC_F1796AD4B774,0.5869157180125621
CC_F17B3A3A5E56,0.6525535079720228
CC_F1858D6F0080,0.13986678004082542
CC_F18689FA8E29,0.06518942466250388
CC_F18A82B0F153,0.13654446993784908
CC_F1AE7142A128,0.09344101084546942
CC_F1B43DD57C9C,0.11378709613359642
CC_F1BCB7676492,0.08662717315502591
CC_F1C8B8BB90AE,0.12728259250309015
CC_F1E044CD2D75,0.26368274914262
CC_F1FCB96B5E14,0.2661849452700642
CC_F2067E92A939,0.14687085379161827
CC_F21512554CC9,0.08306627667588319
CC_F243956B7575,0.08806775069911993
CC_F24FBC9FD3F7,0.33786152158073696
CC_F252EB3F208B,0.0723624784631327
CC_F25D793346CA,0.3645419479090394
CC_F25EB1ED5AD9,0.06859317991514399
CC_F265A0AE845F,0.7127907047467777
CC_F274BB4AEBE0,0.0501256625024506
CC_F28BF2185131,0.10694938603228005
CC_F29077E45AF0,0.24574112304400295
CC_F2988560CAB8,0.3716312215861084
CC_F2993AB36C56,0.08702833520956862
CC_F29D6C65779E,0.07018327600335292
CC_F2D2BADD0000,0.062589296046153
CC_F2E4AEB73D57,0.12547540199701818
CC_F2E630BAF431,0.049389034016020905
CC_F2EFCB40AE74,0.1551958508741562
CC_F2F085891915,0.7006031795742647
CC_F3030E2C80A0,0.21745935920544665
CC_F3044C7C16BB,0.06465517015571373
CC_F30B21CB4603,0.09600839565758547
CC_F3140FCE870A,0.08208674702631237
CC_F32A84B321FC,0.17617001691259757
CC_F339FF584607,0.32274023966001397
CC_F33CEE0F6DBE,0.4450114487205394
CC_F33DAF3E9CF0,0.11176216695430366
CC_F34EC3FF202F,0.07210784714744542
CC_F35A6C383B39,0.1804887138047341
CC_F360E0FF27CA,0.06173628680970927
CC_F36B7AEC0086,0.11406608187897735
CC_F370665BECB8,0.5540058475711015
CC_F373A60E53E8,0.034019825659249076
CC_F373BDAE18B2,0.06445809663295515
CC_F3745BC63340,0.06891184157457325
CC_F37DC9169301,0.14429646216471362
CC_F394E57C5243,0.2164679902461459
CC_F39E98FD418D,0.07458904233940404
CC_F39F51452381,0.036224770268148805
CC_F3A52465664E,0.061543013129738235
CC_F3A8CF761A0F,0.24476281484556373
CC_F3BF1709E29A,0.4037337938222524
CC_F3BF72C29211,0.07471982622142348
CC_F3CF35465CF1,0.04931747869564233
CC_F3E2186DBD4F,0.2871247710124398
CC_F3F0F9B9B56E,0.15891798646509483
CC_F3F185395BE1,0.13755165866207217
CC_F3F68E6599E7,0.07373944868432201
CC_F3F7763C9DFE,0.1726213099548095
CC_F3FFF13592CE,0.05794782322714366
CC_F410C3CE89E1,0.15695189340638604
CC_F410C8B811FE,0.06092883866173582
CC_F4132072D78E,0.12085120103175598
CC_F4157B8E5B32,0.5163592271587438
CC_F41CF067E828,0.11090046935996654
CC_F41DC456E539,0.0419966330438198
CC_F41EEF55A0EC,0.0393882777437899
CC_F426B5C1F07D,0.33088709662291277
CC_F437875F9000,0.22424836957058775
CC_F43C961F8A30,0.13920704759062907
CC_F43D9BF23472,0.05043982317374428
CC_F444BE033109,0.14538917014369696
CC_F4481124F17A,0.15881990995027484
CC_F44EAAF80F70,0.13918272917961755
CC_F4521F6D3492,0.5413596809044203
CC_F46BD9AB1B68,0.13632045541188165
CC_F4763AA0B824,0.5318696788419933
CC_F47976F33E20,0.21602625202838205
CC_F47E588D4470,0.1903000163152504
CC_F4A2777912C2,0.13353747906366367
CC_F4A6C2B23685,0.06093645253319777
CC_F4B3EAEEEA8B,0.04238562536316332
CC_F4C6CD1E720C,0.06489492927298669
CC_F4D05DA98C83,0.06601897810458301
CC_F4D15889CDE0,0.15328389248924687
CC_F4DEC1E6173D,0.04013115169245754
CC_F4EFAD6AF8BD,0.32024347799282615
CC_F4F7835A1FA2,0.23645144434767862
CC_F500597795FB,0.1681280496877864
CC_F5197FA9580F,0.6864042273970793
CC_F5240F59146F,0.08195157604783157
CC_F534A0B87C3B,0.1538843651102627
CC_F536972BFE98,0.13520380400914328
CC_F54FDFE5A5C8,0.07734078899537444
CC_F55727F65F86,0.21281393978019847
CC_F558EBDCDD6D,0.13204692929082612
CC_F56D569AC51F,0.09368531914432737
CC_F5714D180EE1,0.13540668891741336
CC_F576ED9554AD,0.3379957716207511
CC_F57C2559358E,0.19834058189822407
CC_F5AA72FC0972,0.0962694141312026
CC_F5AE7DEA2B48,0.08229552717261017
CC_F5C6A5E9D495,0.1812399537231701
CC_F5E0731F2181,0.21773423180232174
CC_F5F4F3B03FE8,0.7299141659294401
CC_F604D7B9CBD9,0.19556398998389768
CC_F60F13391D61,0.18040686483238771
CC_F618D72DF162,0.07980779095754523
CC_F620B15ACC5D,0.07811623654733246
CC_F62D426D6614,0.14194387936626476
CC_F634999D5C1D,0.026706193842819394
CC_F636E5BAEE47,0.18639960443923798
CC_F6461B692240,0.7166704680993434
CC_F65BAD63AED0,0.2038706289735977
CC_F65DD2AC57E8,0.2832627235210803
CC_F66C6577674C,0.05541345136970604
CC_F670896FE959,0.2025464887623516
CC_F67376F272EA,0.6859280984635436
CC_F67FFE9E884E,0.2903162043784715
CC_F683C99F06C1,0.1646702465995889
CC_F68523E2CE7A,0.7574375089262062
CC_F68E62F9AA0F,0.027901976523015026
CC_F69604E05962,0.08092442092410618
CC_F6B8913740B3,0.09691662714757836
CC_F6BB4952DD35,0.2543801961448895
CC_F6C0B7AC57B5,0.6046555820199068
CC_F6D2B06E6E8B,0.5729138644081104
CC_F6EB30A84C9F,0.281839549734207
CC_F70345A4792A,0.11331264020102602
CC_F7068C1F77B3,0.35086607542829124
CC_F70B0EA8C0E7,0.05552606269823186
CC_F71CC97FCE83,0.10431105394382281
CC_F722224A84F4,0.6546394668060398
CC_F72D1046063A,0.25540063599134527
CC_F72DAB32A281,0.05611445425486763
CC_F733AA5C0ED9,0.06144131136490433
CC_F74043C1BBEB,0.06290982056355063
CC_F74A31E36137,0.06292448021046557
CC_F756B167634F,0.1705957080363875
CC_F75CBE8E1B92,0.4777465308016672
CC_F761F7EEAD39,0.13236827172875806
CC_F79303D62FCD,0.07086478266825998
CC_F795134B52E6,0.6396924510334555
CC_F79533E83ECA,0.08965059701998343
CC_F79F9A7ED432,0.7467290815159408
CC_F7B2FC73E020,0.040196085269221374
CC_F7CF24594B20,0.057289709848553236
CC_F7D31937AA89,0.04365562794880447
CC_F7EFD378035D,0.3920523705862472
CC_F8014B1E00D6,0.04005106416075499
CC_F80ADE95A7C8,0.05725571380822511
CC_F82E58E476A9,0.11852054229340481
CC_F82EB123CC19,0.1694047792352337
CC_F83088660331,0.12020521346781596
CC_F83C6DF6A815,0.5475057719291014
CC_F8620C4F7581,0.16785976045361378
CC_F869F4DA5077,0.7929084066259531
CC_F86B1C53EAF4,0.19295716582107958
CC_F87B7F26FF51,0.24178211222503734
CC_F8803D1C899B,0.05632402875840417
CC_F892E51AC9DD,0.04932584537493158
CC_F89C185743F0,0.1305974088283703
CC_F8A4D45C3769,0.09831389026327439
CC_F8AD68EA5A16,0.2301048390918509
CC_F8B4DBD0CE8A,0.3612285572108379
CC_F8F3E551F166,0.2783868458763261
CC_F8F9FE2C9B65,0.2549372653753616
CC_F912A50D0DD1,0.15437015727813866
CC_F91B7C2B1AFD,0.11014530994473742
CC_F925251D4BF0,0.40691499670091724
CC_F925ADD60E7B,0.04352958502318174
CC_F9282C144479,0.06804080441695928
CC_F92EE3287CC8,0.08470736583205582
CC_F93332608FE1,0.16641816898481743
CC_F94070DE3B81,0.058335644315748975
CC_F94C81428D20,0.20280066604703084
CC_F95DFFDA9B12,0.3985268092296203
CC_F96A53B02447,0.60063424687126
CC_F96A965CDCB0,0.654580579136355
CC_F9721FEDBE9E,0.1690064191607919
CC_F97C3E145882,0.2610803419272944
CC_F97C64C64052,0.08783801430074137
CC_F98660A07E6A,0.792445351977757
CC_F98BA4B13724,0.0817958298698389
CC_F9A3F3A76B1A,0.12349371688273762
CC_F9A8E2B3A703,0.11633075032252692
CC_F9B3E7E7F2A9,0.42689218332092516
CC_F9D7D0B1E4A8,0.668472543859882
CC_F9EDA4EDDD44,0.0448631943406175
CC_F9F2176B12FE,0.05004858356574718
CC_F9F90E76CA5B,0.11119359246242239
CC_FA0157249C01,0.10780128634419775
CC_FA169BCA835F,0.06934949880585396
CC_FA19B61BCABB,0.13596528806642288
CC_FA1DD203C293,0.26177675974864445
CC_FA2E30269BC1,0.18538814355621383
CC_FA304CE8E045,0.22534429069439055
CC_FA310759A257,0.6556309121156567
CC_FA32397E7B8C,0.10393545064239983
CC_FA33D97B84D4,0.09753012606131373
CC_FA38991B9434,0.030994448337132
CC_FA4079FFF1E5,0.21601851741505157
CC_FA716665CD8F,0.08211065628606116
CC_FA770268B207,0.17560059698390634
CC_FA7A2F59245B,0.46027869770532326
CC_FA8205104EBF,0.09444855608861305
CC_FA8370AF8740,0.05963916508228283
CC_FA858F1025FF,0.12693077884442205
CC_FA86320CF6B0,0.05588221543465752
CC_FA8B341CD3EA,0.2266949403923891
CC_FA9057AAF95B,0.09559339252964663
CC_FA97314C666C,0.05565872416404011
CC_FA974C1D91AD,0.3719288731349114
CC_FAA0E5BC9F44,0.7157908603215464
CC_FAA2694D8578,0.3072131452162863
CC_FAAFFC74BC35,0.6797443226935025
CC_FABA6DCF8E45,0.0362009953269932
CC_FABC53294AC1,0.17576289037327808
CC_FAC52B8E66DA,0.1060558960254292
CC_FAD284D8DAC8,0.8216657821470214
CC_FAE70CA5999C,0.13427763001722398
CC_FAF1CCB40132,0.10953704410672717
CC_FAF93D8B3B59,0.059902811891949403
CC_FB09E5481B64,0.10296110302660329
CC_FB150A1F7C3B,0.1225701257445683
CC_FB1808471515,0.38147591283719584
CC_FB296D823CF6,0.07422025681316066
CC_FB301E1FA7FF,0.03641539937025484
CC_FB33C958A19E,0.41655807861455213
CC_FB40D63FC3D3,0.17292725940615505
CC_FB45A1837AD7,0.10189105660324771
CC_FB45B79CED15,0.10123212233061432
CC_FB52260232E3,0.05698613341332804
CC_FB6A0A7B8813,0.2831076743247022
CC_FB6ED10D82D2,0.08967308417080663
CC_FB78DE84AF05,0.031685879372544044
CC_FB8DF8F93E7F,0.20648883625140307
CC_FB8F89048B89,0.09060737011158083
CC_FB9C3E77A49E,0.12059400295855612
CC_FBA40CEAEA18,0.08297697739566769
CC_FBA998938FE5,0.15735193300644584
CC_FBADBAFCD1B3,0.2721306307229756
CC_FBCB85E21ADD,0.16331548609299923
CC_FBCD00EE4402,0.17076252401904335
CC_FBD40DFBA5D5,0.29287599858132374
CC_FBDECF3DACAE,0.22005368682471854
CC_FBE4E2F652EB,0.2108175581522198
CC_FBEA9510C687,0.26295221302351457
CC_FBED1E2E1CC0,0.13475684764361076
CC_FBF54E48EB13,0.05124259360760805
CC_FC1E279EF320,0.05477527070047661
CC_FC2E1D460089,0.08610196018706553
CC_FC31CBD20CDF,0.1694965156374971
CC_FC41D8134A1C,0.06516638015625538
CC_FC44D7EF257E,0.049902313553005395
CC_FC4A649BDD07,0.2241843697506773
CC_FC51BCDBB6B2,0.1316588811274442
CC_FC57B6E79AAC,0.18859349888925947
CC_FC6AA879D9CF,0.11768659507767527
CC_FC7A926F3A64,0.6565127899678153
CC_FC83CB9C71CD,0.03872822667152806
CC_FC9E6D511294,0.14420892244231184
CC_FCA657E69930,0.38849373980108415
CC_FCB451237214,0.7809784758713896
CC_FCC7E51DF812,0.5621402411362558
CC_FCD42ECC012B,0.049189054031392246
CC_FCE8FAEAAEF1,0.10805408029650199
CC_FCFAE9BE2522,0.4067380759527883
CC_FCFDB5DFE5D4,0.09455151660764011
CC_FD24FC7961A5,0.0778120600941165
CC_FD2793DCB5EF,0.11321282506352451
CC_FD2EEF724088,0.12810774223041116
CC_FD3205367675,0.08934179337534
CC_FD3A21CDCA7C,0.1117284152500374
CC_FD3C4C2FB68C,0.15611394253307656
CC_FD41687DC1A0,0.15211523992109072
CC_FD44B4E31EFE,0.10045986278531774
CC_FD5721556AB7,0.06872057459282685
CC_FD643C174587,0.35168767344474927
CC_FD6BFA30DD9E,0.24785207152286542
CC_FD7C9DD7F11B,0.14564461708098062
CC_FD7F2D90CF8C,0.0566504261238715
CC_FD8C4F601909,0.046939272505137374
CC_FD90B45AA24E,0.08732439932046043
CC_FD95457772AB,0.06126579573654309
CC_FD9D9B58DB1A,0.20160844921694504
CC_FDA918AEB5D6,0.6195909860288886
CC_FDD4C2065540,0.33342074356542517
CC_FDE57A2C5156,0.18035723562358566
CC_FDE9920975F6,0.2540836729143176
CC_FDEC856F9C6D,0.0631959030270136
CC_FDEED2AA92A3,0.41795852708700443
CC_FDF5607ECC1B,0.050536827639982546
CC_FDFED3D7E70E,0.1903409947258915
CC_FE0324F99784,0.12212693887168607
CC_FE0A18D6570D,0.04280696154917081
CC_FE0DACAC84BC,0.25234441644783645
CC_FE16586C9FAB,0.2572748756411387
CC_FE16FBC86237,0.16373938362558035
CC_FE1C808C4515,0.0621223451664745
CC_FE1E64201B9F,0.10560286456015469
CC_FE33D60E29EB,0.02900766089919974
CC_FE3ACE674BEA,0.1534670894954664
CC_FE468E9AA9D9,0.027310893241945487
CC_FE5AA923C220,0.16041222528646437
CC_FE6C777DDC19,0.05876243190771804
CC_FE6DD8C8EC90,0.25042736217908557
CC_FE7A84AAA8F7,0.10972740119157182
CC_FE7DB6B410A4,0.12420737224706038
CC_FE8691B1F3D9,0.07246653179663494
CC_FE874279A94B,0.10425611540312879
CC_FEA61499305D,0.19574891967729852
CC_FEC22B334AC5,0.15128503843566943
CC_FF045F9508F2,0.1625275890935727
CC_FF0EFF711598,0.26673247908465914
CC_FF12F53D5676,0.04987229116244581
CC_FF13D426EC1C,0.1763947481651728
CC_FF16A7C8600F,0.22733693190339854
CC_FF2236DC115C,0.44068388126529207
CC_FF2725428B6F,0.06810785432907417
CC_FF3176D91690,0.12348210423019923
CC_FF393D295D66,0.04567285018693909
CC_FF4598202C5F,0.6555668569793569
CC_FF463A4B3D04,0.32417435471094724
CC_FF4703F7664E,0.047717314790424084
CC_FF86EC3C0851,0.4574224510386471
CC_FF8A580DD831,0.15406945274451628
CC_FF8BD8697ADE,0.1366919015827977
CC_FFA681A2054A,0.04313523200465333
CC_FFB6B2D2BB2A,0.3736623640925254
CC_FFBFA27643F8,0.14544229227218006
CC_FFC81CC80F9D,0.1367635136353167
CC_FFCC9C0763D4,0.10140747988415044
CC_FFD4E33DC920,0.5584026382634157
CC_FFDE11143038,0.060717989808925565
CC_FFEF28047C4F,0.3707739481388652
