client_id,prob_default
CC_0012A082B7B7,0.13823631334918068
CC_0012BC27DFB6,0.14162235006787827
CC_001563B2143D,0.11633547815096329
CC_001B46930B6F,0.09676645491471642
CC_001D771E1C9F,0.048029613125087973
CC_0028BD91E759,0.08470470715300733
CC_0029971D7EF4,0.24069017339840024
CC_002B8C00B239,0.04007601763686976
CC_0035DFA86185,0.7561894628346904
CC_0042D11A6D0F,0.06382271625768146
CC_004D21A4ABB6,0.11621673787773341
CC_004EE05FC2EF,0.4762583806495583
CC_0050E546EDCE,0.7133628365671065
CC_005D7F31F785,0.06142324611428103
CC_0079996ED779,0.20624793539028063
CC_0082B4E1D9CE,0.03838784924971173
CC_00B01C73CEB8,0.16287065939889153
CC_00B74FFEEA53,0.18458518100372692
CC_00BF6791C18C,0.1323805753199629
CC_00C5E30B288C,0.3292401284508558
CC_00C68CE1CC12,0.3863973393732409
CC_00CC4148959F,0.17740620923239175
CC_00D428772D30,0.4149435193051032
CC_00D5806C7783,0.09655711322655275
CC_00D5C677C2AE,0.453615654646412
CC_00DA781C4D66,0.09191950391631327
CC_00E7E2D6B548,0.2194234351213268
CC_012BC0A68DC1,0.07060405475065948
CC_014911033882,0.15638327256014486
CC_014F7EF4E595,0.6703245210787746
CC_016501B25F2B,0.05219095334277279
CC_016767D9B049,0.04112280298793898
CC_017598512EA2,0.11364145544043
CC_01941532C804,0.17028363691979032
CC_01A66C6E22FF,0.780773069480005
CC_01A684355200,0.17969507763392478
CC_01AC62740827,0.11614528186621065
CC_01B0EFE5DB79,0.320184721049788
CC_01B876B2988F,0.213408258878366
CC_01CBB64C1DB1,0.37753612667197
CC_01DBD993A1FC,0.05109812231274535
CC_01DC49D55C2D,0.036339282472344706
CC_01EF18A3ADBC,0.5614222895338453
CC_020252D37557,0.18455835312788413
CC_020BCDBCA8CA,0.35432921770613124
CC_021A6DD97ED4,0.1525367955826472
CC_022054506F33,0.0703432881630987
CC_0225D6231EAA,0.0640021640863719
CC_024B524B0176,0.03361561397303959
CC_0256303A6DC0,0.23308554619987543
CC_02589E6E4714,0.057450418489074825
CC_025927626E10,0.7146502106012915
CC_0283023DB294,0.03188629016550324
CC_02903C6FC0C0,0.19116409697949313
CC_0296E572CF21,0.04080284079716241
CC_02999E509460,0.5813074155719251
CC_029E835D91BB,0.06368854791017184
CC_02A32EC3526B,0.07388308846263714
CC_02A393632CD3,0.28512783547123144
CC_02A3E21B28BC,0.7697187175692314
CC_02A4B4644529,0.09086010612994197
CC_02B43865B30E,0.05358106245053662
CC_02B5A1A178A2,0.16154427263781035
CC_02BC4785773C,0.21497995550429802
CC_02BEDD9627DD,0.6710337387426591
CC_02CD2C1EFBB0,0.11030228970525405
CC_02D4430492D3,0.35993917549197096
CC_02F79A06858B,0.10436083030851594
CC_02FA254C9D43,0.04453979666258645
CC_03062402B4EE,0.060895304957428106
CC_03072CF2EC63,0.3205728730432153
CC_0315369B079D,0.10181673686438193
CC_03199242A810,0.1473719157254417
CC_03214BA76DB4,0.22105391491475815
CC_032735A44CC6,0.05939684842756769
CC_0330340F2FE5,0.19767215670559352
CC_033236FAAFDB,0.16486095037704532
CC_0337298F948C,0.0438094328533552
CC_0341CAE5E2E8,0.22707497115438446
CC_03434E2371CD,0.3539123496552308
CC_03547AAB948A,0.21588926392548582
CC_0354D0453D8E,0.10634639225149001
CC_03592E51F427,0.8059406862692685
CC_0365DEB525A3,0.09906821525390352
CC_036782052BC9,0.3413573977982529
CC_036977A50F1A,0.12629491315522196
CC_03720D08B8C2,0.28672297271359926
CC_038AE599BCA8,0.3326848419987298
CC_039E67CDFE1E,0.3461524274576849
CC_03AC962FC717,0.17869653408027023
CC_03B00DFA3A85,0.775861389263696
CC_03BC6380E968,0.49783106378542497
CC_03BC730E0B02,0.026405798198546805
CC_03BD4F22DA3D,0.13074371900138826
CC_03C7E1EF6F69,0.796945052559925
CC_03C9FA383477,0.09200988264997015
CC_03D1AAE90CA6,0.05441800219101972
CC_03DBB9598F39,0.138401810616128
CC_03F18B43797C,0.0905106542802864
CC_03F80118E46D,0.05924628214864141
CC_0405E0151A6D,0.18545806269197534
CC_041FEE6C805E,0.3562872103216108
CC_042F88EE269B,0.20644764180428943
CC_043D98ED7F98,0.1833480953398854
CC_044C3537B769,0.16044114042352725
CC_045932C46685,0.1355235057051163
CC_04629624AA8D,0.19726571595000497
CC_04690B4A6AF1,0.2515393791242789
CC_046CF40369FB,0.1244306757970692
CC_046D6EC816AB,0.37882458542562975
CC_0475CD95EDC9,0.12213198515410531
CC_04796F06B82B,0.1279732934442168
CC_04AC7C1CE736,0.32165600939290306
CC_04AEDD051B96,0.32554221931735533
CC_04B42AD0E01A,0.34670716344233166
CC_04BBD1DB360C,0.30790112704355793
CC_04C767FFDA0F,0.5057190239888857
CC_04C7B819B9B9,0.075605403055068
CC_04D127A775DE,0.08758145564847489
CC_04D9ED00053F,0.05949083966706843
CC_04E0EFC4F548,0.2978337174076183
CC_04E6848903E8,0.03168721782946545
CC_04F69D03ECE1,0.2605376850131938
CC_04FA1CFA1DEB,0.206356471673158
CC_04FA6842AC62,0.03096553686467524
CC_0502F3791166,0.2785598134872854
CC_050B514E15FD,0.15296398263197114
CC_051ADBD6D835,0.10762148617434839
CC_051B4644216C,0.060317187650921984
CC_051C0A644DD3,0.026063551260343633
CC_051CBF566856,0.0416862778961003
CC_051EEA9AE819,0.14399483575581928
CC_0520E27BE904,0.14429613548523926
CC_05224448D290,0.11193683476074798
CC_0525DE4744C0,0.051378062272489616
CC_052F5CD81EFE,0.1764335377564405
CC_05368FAD2E6D,0.07232132662669932
CC_053788B82006,0.09411625996840323
CC_05471A48C6F5,0.15965626907780262
CC_056DBA1A87BA,0.07833389591412782
CC_05901F3E7A0D,0.15954852297191252
CC_05906BC8ED3F,0.14444188460337148
CC_059D55E32C78,0.08283987536735107
CC_05A12EF84A86,0.4973228024729802
CC_05A42D035609,0.1414802954550915
CC_05AD75A5CE38,0.04702956459010279
CC_05BBD4B92613,0.5492772176791525
CC_05C8EF6500D7,0.7705320218035289
CC_05DDB7B07497,0.08030089151388066
CC_05ECAE6E0774,0.228348636280008
CC_05F11F14DF9E,0.33759153982694146
CC_05FA9192590F,0.1521300060033232
CC_05FD764FB154,0.7629052152868674
CC_0608DBB4DF03,0.24524047084862416
CC_06198383F6D4,0.10234836501671625
CC_06199EBE2B05,0.18763829229373813
CC_062A8881A331,0.0652852466159451
CC_062F74350907,0.046606922318686884
CC_0635AD30F004,0.7758750312029277
CC_0639F539946C,0.30322864996762605
CC_063DDB42CF5C,0.0811184524161673
CC_06405C00E240,0.2830163663010315
CC_064920FC9DAC,0.07158518135697912
CC_0650AB329174,0.7752157677997282
CC_066941B109B9,0.1782857783117416
CC_066AA16F5874,0.291894015929045
CC_06732311FB8B,0.1680345936942938
CC_06780061F889,0.11312270194132613
CC_068A81B06B74,0.47969152352323785
CC_06A1C5FE269B,0.31976570295954865
CC_06AA7138DAF8,0.03857994072353262
CC_06C0DD0D066E,0.7439611731441921
CC_06C97CFBD476,0.1336245107270066
CC_06D15F523C05,0.2079902749009473
CC_06D35787AD65,0.03747963895254169
CC_06DA375201A2,0.0847625678615489
CC_06DB455FF19B,0.6682031179328765
CC_06F3674E7313,0.45313536884771277
CC_070232DF9996,0.11088093804111866
CC_07141FA77DBF,0.09426733563061752
CC_0715F11CC8CA,0.21397417713378103
CC_07168A9C843C,0.19987828325443446
CC_072AB9F855DD,0.0394846794608035
CC_07337AF6AC2A,0.11895592457401263
CC_07434E4E5C28,0.07164915962508103
CC_074381358A2C,0.035702028372298175
CC_074E7CA75E8A,0.2316411136450197
CC_075D0C618BAB,0.22869963486074407
CC_075D804F7851,0.09356164384054128
CC_0765961D818F,0.4404476774920149
CC_07698F10563E,0.06137333761003742
CC_0773B9BA9E18,0.30794178770559144
CC_0784ABDA7F8C,0.1796419677194186
CC_0790C9F9EC9C,0.0823153836763324
CC_07A996E6CA6C,0.27798235304855695
CC_07B588ED677A,0.1519825507844678
CC_07B730FD7F82,0.16762957849027044
CC_07BE6961D039,0.07283499976230347
CC_07D23A6BAF5C,0.13765480964237897
CC_07E08196A3DB,0.05340565863311012
CC_07E4850039B3,0.09717014468518251
CC_07FAAF8B2D23,0.04694790561571513
CC_07FB3FD9BE0B,0.1233998479539627
CC_080CB94A724F,0.3028117610815295
CC_0837C56711FE,0.09584656722362618
CC_084100A049EE,0.050881887617199424
CC_084113D0951B,0.3044215184502248
CC_0843DDCDD601,0.6577280369384557
CC_0846C14EAAFE,0.0626966843735032
CC_085091ADED2C,0.22702259034190447
CC_087943B4A5D2,0.1512102963476058
CC_08A97B98C405,0.16656015813784864
CC_08AA321BC4AD,0.17391437547710373
CC_08AA44ECBDD5,0.06350354295069742
CC_08AE2EE9D798,0.18498763456112927
CC_08B149462891,0.17861935240435933
CC_08C71A8D2D58,0.04462959567016633
CC_08D645F7B257,0.04982085330376844
CC_08D80BF0B273,0.05218413318991155
CC_08F52B1BE431,0.26677311255284764
CC_0903571AC7E7,0.15329149950267706
CC_090D528C09D0,0.4465507035261558
CC_09106BA6CFC9,0.07804166849785936
CC_0915905A5D48,0.11726982897685341
CC_0918F67CDF01,0.14678964560732854
CC_0925D0B6276C,0.14792246540806903
CC_092A2830E36A,0.7857533728214002
CC_0951489C8F79,0.033061841528133976
CC_0951FA4D5513,0.08384928357648959
CC_095C712064EA,0.07809061800868189
CC_0969AA7BEC71,0.08281358891394895
CC_0974840BED49,0.7608793874719175
CC_097BD371F652,0.09012430433650007
CC_097C8139DBD1,0.048691472743707304
CC_0981CA4DBCE0,0.023609405760883988
CC_09A5D2F129A4,0.24090154649620416
CC_09A9BE38080D,0.09553166969738804
CC_09CDC42E000B,0.18068985764507817
CC_09D8DBAB2A42,0.09750853691238776
CC_09EBB1960580,0.04457683661092762
CC_09EBF206FEE6,0.22565524333368633
CC_09F2AE996181,0.08705565345498889
CC_09F45833F53F,0.1395961349374219
CC_09F4F5C5B4EA,0.7678582155288003
CC_0A04BF4005F8,0.1944076195426636
CC_0A0E563D1060,0.08142561969793027
CC_0A0F781A999D,0.18378150554094358
CC_0A1138C37BC0,0.1626919813663173
CC_0A334A16524B,0.05579909482070909
CC_0A359CD5D73A,0.06622900427378632
CC_0A3E2C273DB5,0.08043384086522348
CC_0A4705B1E08B,0.04209292186682098
CC_0A67EB7C5282,0.1508324943710373
CC_0A6CD64871E5,0.34223660384834564
CC_0A75643FDC7B,0.06662271006290993
CC_0A8066F501AC,0.039918320103749586
CC_0A83017D027D,0.21485970987365555
CC_0A9AB7441D5B,0.33919943696314203
CC_0AAA72FA148E,0.39008322710714305
CC_0AAC488C8AE4,0.4364629228386995
CC_0AC2DB82398C,0.34699915722489605
CC_0ACA2C49A497,0.1171142473288882
CC_0AD4BBEA75ED,0.04110155089859099
CC_0ADCD6553B8C,0.06946999589615843
CC_0ADE56B56C41,0.03340061998723802
CC_0AF4B5B4162F,0.7312154087451338
CC_0AF9BD814AC7,0.10994514055395452
CC_0B083BE0FEA3,0.11954970570802748
CC_0B1384331163,0.06310450469221054
CC_0B216C6AF0F2,0.02436983023410378
CC_0B3465DB0684,0.6261705240710694
CC_0B442B91679E,0.1556181879916651
CC_0B455175F494,0.10249524458685966
CC_0B4C01B4002C,0.21663070762956546
CC_0B544A526D6C,0.06991501538159078
CC_0B5B19AFCD18,0.06017328497579114
CC_0B5BD2D224BF,0.05893659368973557
CC_0B6407C2C9BD,0.15500917985807752
CC_0B73F59991EE,0.09438423669762214
CC_0B7579216681,0.08388339160863897
CC_0B7F3B4B32C1,0.28113683568964704
CC_0B830A67900A,0.13689831719780218
CC_0B84250F96B8,0.18879087868267266
CC_0B92212B8E27,0.25214218474142663
CC_0BB43BC4B3BC,0.12129731174156969
CC_0BB992973640,0.0627762079202819
CC_0BBC41297846,0.10291859968787803
CC_0BDDB468A1E0,0.31416850234208626
CC_0C00A631C2B4,0.0852763514681815
CC_0C011AF6C857,0.35021676262724233
CC_0C0459AB67DE,0.14071254550988213
CC_0C18B07E451D,0.1240179312249691
CC_0C19EB845CA2,0.2748191325411049
CC_0C1A736F37CC,0.07815593791709467
CC_0C335C9D86F7,0.770627018816934
CC_0C4C24D066E9,0.1696678547416536
CC_0C5499989AF4,0.1622273652370783
CC_0C95548CC1BD,0.14380713053685348
CC_0CA2DE660B41,0.19991802307038203
CC_0CA6D8CFCF2B,0.2284750924940528
CC_0CA9DF9C5C15,0.0641812769396759
CC_0CA9F52C92A8,0.19073235391911522
CC_0CAFB6C41CE7,0.13079091686888028
CC_0CB27D5313F1,0.6032544441106256
CC_0CC9DDDB8B44,0.04279383332486014
CC_0CCA18595BA5,0.2599115828265303
CC_0CD90568D3E6,0.21228367730560554
CC_0CE0D56B0584,0.07878536918434062
CC_0CEA028BF961,0.24441482542786214
CC_0CF67D68AF16,0.35647466908075026
CC_0CFAA0FB0691,0.05696222100145079
CC_0CFFD2785D2D,0.09428337060049434
CC_0D28AF91CE97,0.14050735591486369
CC_0D34E55A580B,0.11601383109626595
CC_0D3663B6524E,0.7400401407177445
CC_0D3C2864ACD2,0.34012045280937553
CC_0D5F4BE8132C,0.16195174521855527
CC_0D6D5ACB0889,0.2211943162098797
CC_0D7BFE8CC0D5,0.12440606880384297
CC_0D8852AAB481,0.21011726924205842
CC_0D97EF394C79,0.4237471381000671
CC_0DA8FDDE6DD0,0.05936024423103099
CC_0DABB89E37CE,0.08467502772163835
CC_0DAF0F2FAA86,0.09443339261972178
CC_0DB9E5F8EDAD,0.07246086850962678
CC_0DBC64F88C05,0.1612225423524803
CC_0DBDF018E822,0.11219947490577314
CC_0DC31A5A1096,0.049100001248218374
CC_0DC3870F23D0,0.04439815926126489
CC_0DD39F5D7C0D,0.06846853904414124
CC_0DDC2C18BBDE,0.05250290511098012
CC_0DE09CAA93E5,0.13961128753122326
CC_0DEA4477FDC1,0.11812125086472999
CC_0DED63EF6639,0.20374646949315822
CC_0DED7DBF26F6,0.2691282386225309
CC_0DF01CD21B9D,0.17940370153214405
CC_0DF6A478C01B,0.22551912381987432
CC_0DFE1A3FA5AE,0.1626734839745302
CC_0E07D5FB24B2,0.13769272386022982
CC_0E0CD9F23A5F,0.6811599723379707
CC_0E121FCB1D47,0.0838876433945889
CC_0E1423A4C263,0.19949024097590481
CC_0E16883EE8E6,0.41991582855409265
CC_0E1A2BA1C545,0.22547613019609747
CC_0E2B52BBA69B,0.05842865085623154
CC_0E40BAFC3530,0.15968371421824545
CC_0E48EE235179,0.08113572412381098
CC_0E4FA0FB9797,0.6144454878972496
CC_0E5162F59924,0.7657337340986542
CC_0E5E2FCAC8C2,0.278581277124631
CC_0E68C2BE2A75,0.12868872541656265
CC_0E6C5A8D8CE4,0.10582446632282798
CC_0E6E9B0E674E,0.09705026541957282
CC_0E746EAD6CE9,0.07825259476693529
CC_0E968E7C22C1,0.29827380837765877
CC_0EA1483F50A9,0.16500355043773302
CC_0EA81362C7D1,0.17127932643546304
CC_0EAE97520873,0.3358903605041812
CC_0EBCF4228FF2,0.5061878325378659
CC_0EBDEFD0BDC2,0.072956688067525
CC_0EC6AEDA63EC,0.2473253936387672
CC_0ED61DD76795,0.10142739261205698
CC_0EE33B1B71D5,0.13485260523259843
CC_0EE7EFF13EBA,0.05662098208408388
CC_0F0F136B0991,0.1490798786767016
CC_0F0FAF218BCB,0.058922541962191655
CC_0F125B48F175,0.0951215627189824
CC_0F292A238627,0.11984681579113823
CC_0F2949A1746E,0.07688675935045931
CC_0F2B71163121,0.08063186897084923
CC_0F393F1DE2EB,0.06663259657550794
CC_0F41B187053C,0.4130915079127086
CC_0F52EDC9D383,0.11187166825150474
CC_0F62C4F36236,0.09657134496148731
CC_0F6A29CE5D45,0.17898055751893935
CC_0F7C0515A6CF,0.15302916866361063
CC_0F8D6C89202F,0.16333708564647595
CC_0F933684CC08,0.17042133679166377
CC_0F9BA54F2AF6,0.04795671312927139
CC_0FA06CE7FAE8,0.044166331820278404
CC_0FD25AA655DA,0.16420519974452788
CC_0FF5570E06EC,0.6908577860153073
CC_10197FE0E34B,0.6727218101964425
CC_10355B5718CD,0.10091782783345689
CC_103A9D18EC12,0.15825083112746444
CC_1040DB6A21EA,0.1221842480318791
CC_104D2B84FC4F,0.036754919706668644
CC_104EA2802A11,0.091316077877228
CC_105777B1BF91,0.05892885118342937
CC_1059F1B6C0C3,0.1617599881400821
CC_1061947FDD14,0.05896818453982676
CC_10689257E68C,0.39504601011095725
CC_106BFCFA7D7B,0.03554409530823074
CC_108FA04AC10D,0.0922421331642557
CC_1092915D0093,0.11509126358049031
CC_10A30F88E157,0.1565464836717771
CC_10A657027AC9,0.7193587103147465
CC_10A6EAF27BF3,0.04388597096611715
CC_10B148BED568,0.39800045011012775
CC_10BB7101F191,0.031712799038242784
CC_10BC5BC3A9AD,0.3786909496995149
CC_10F27C70AB99,0.10322935040282175
CC_10FADDF63CDC,0.16893571088374598
CC_1107D9301AA0,0.08492467986749838
CC_111A6DE5D9C7,0.7438484118856994
CC_111DC3B1756E,0.2621134251553419
CC_1131156CC6F6,0.16203248358884265
CC_113B66D5D5D9,0.10750314864707669
CC_1143254EFF36,0.053182060151857335
CC_1145E5277FA7,0.2666229584300328
CC_11521077BBB0,0.14902541932402877
CC_1154861ABCCB,0.5837798432492098
CC_115BCAEAE2A0,0.09838683763763599
CC_115BF13E8BFC,0.24214343068787897
CC_115EBE5044BD,0.3772002762533919
CC_1165AA07FC47,0.7287910086272822
CC_116EE8219753,0.05510924212895355
CC_1176FA3233B3,0.04946696034988157
CC_117C2A1587ED,0.09137139145910267
CC_118C0A1D14B2,0.3003228515533883
CC_118ECB589F3C,0.11042987714094198
CC_1190F13FB1FC,0.12248877550863364
CC_1192EEC65A1E,0.2195219771573213
CC_119B1FEC4D83,0.2131923627104071
CC_119C413C2580,0.13384065940007012
CC_11AB74142A2E,0.7972762622829993
CC_11C8A291FD11,0.15137807141902687
CC_11D1E9C39E41,0.06289296639730946
CC_11D600EE1BD6,0.19150696900731756
CC_11D7539AC69D,0.20496645946656938
CC_11D78BB50016,0.15300056369291476
CC_11E0C583685C,0.1190708490594022
CC_11E0D2F15AA1,0.034946287548456786
CC_11EDFE67C719,0.6694597898168876
CC_11EE85F284B8,0.22496204209929843
CC_11F700202C6D,0.16729353544260622
CC_11FB668DF543,0.10509530298831543
CC_1209FA26609D,0.03345017303133446
CC_120CA1B916D0,0.1314579203830732
CC_1210186F4D33,0.07950309299312122
CC_121F621374FC,0.2449424099347741
CC_122532C1FBCB,0.12813853523525592
CC_122B19CBC88C,0.668506474351677
CC_123C7F0111C7,0.5996676950331745
CC_1241EE42F174,0.13129678012359336
CC_125B7100F1DD,0.1339092410223348
CC_1263B255B3B5,0.16879274598550895
CC_12878596E940,0.08499692099365355
CC_1298ED71A9E0,0.05817693968336925
CC_12B555C6F086,0.16976942342802798
CC_12D22C629874,0.18729024609292588
CC_12DD89EA0C14,0.19413409699460263
CC_12E24CDE2684,0.18810977817498928
CC_12F3B7309455,0.6131796043774116
CC_12F8E7A4BBE5,0.3674706498419975
CC_12FDEAE4873F,0.1865683325738317
CC_130F7B067939,0.3643184690259782
CC_13209EDC85EE,0.6666076232816283
CC_1332B6F0E543,0.22995979620885088
CC_1334E256AEBC,0.6038707583619654
CC_1337726B2AE6,0.08724855579418514
CC_1338237BF402,0.21573492050195903
CC_1341DF38D9C1,0.17336074937919785
CC_1342F868176B,0.6896616196292193
CC_134651CCD2F8,0.15495635783938694
CC_1363E3090578,0.06100033849527254
CC_13736493B695,0.05987734643225813
CC_1392DE633D4C,0.25313596326214255
CC_139ED2E0AD76,0.08766508070488686
CC_13A5383EA098,0.643190844823234
CC_13AA272C6861,0.058768313226836316
CC_13B74E4EE3EF,0.1849112975946729
CC_13C437E86B81,0.5161975417196116
CC_13D61B077E7C,0.07652492630021002
CC_13D7115A8FCC,0.18943613110975877
CC_13DFE319B21E,0.7706772471981973
CC_13E0F0B3FAE6,0.21968259080697866
CC_13FD88C2920A,0.7018984966246625
CC_1401CB818627,0.19531406015956607
CC_140B86E74F74,0.7752000609703743
CC_1452A0B69085,0.04318603314322938
CC_1458CA7329A7,0.23321070704197178
CC_1459E7125AFB,0.09103228407686233
CC_14633EC7F622,0.42283690744568114
CC_147B1B30DE7F,0.11349944636355158
CC_1484511F54C5,0.27741070726831996
CC_1489A941A69B,0.3076360831714145
CC_14A8B16706E9,0.08678586137680824
CC_14BE52BADB77,0.09672780511870185
CC_14D53413FBCE,0.3295826230953999
CC_14D59B58E51E,0.14988145964004412
CC_14D964327B1D,0.06525024361575282
CC_14F5D06CF093,0.13702374260300612
CC_1501D63D5A80,0.3693768902931512
CC_150E3A0E5084,0.18723646335848193
CC_15152312AC56,0.06141921019127004
CC_1522BA0411C3,0.06599585924316133
CC_1534B0241A1B,0.051758668611980724
CC_153BE2BEB74C,0.13567032017791886
CC_154BBCD4DCEA,0.23446895393908176
CC_1552EC27FC0C,0.7053940619256427
CC_1566BFF4BCDC,0.34683814825814097
CC_1579BD86A63D,0.3221281749897573
CC_1583CFD90530,0.2841889769400582
CC_1584385F38C8,0.06983406990770914
CC_159656F13BE8,0.10031419927786678
CC_159B6F6AAF1E,0.07802247676445442
CC_15A4934FD96E,0.11430755627603052
CC_15B2140CE869,0.09776011432319992
CC_15C0972DE384,0.6662658534540883
CC_15C0E30FF2DC,0.11755857066402042
CC_15D617FAB434,0.05569743499406572
CC_15DA0F4FFF0E,0.3205948983196466
CC_15DAE76D15DF,0.0518233299005912
CC_15DC7C139EBC,0.3607254272043024
CC_15EB741857ED,0.06865381758986311
CC_15EC51F4C521,0.3168201671953589
CC_15F6259C7C53,0.07735433152223807
CC_15F7C012E10D,0.4674111935328765
CC_15F7C1BEC28F,0.19377982100074712
CC_15FF58854AEA,0.2575517225380437
CC_16035CDDC2F6,0.1490470140961949
CC_16095572722B,0.053823693537263094
CC_16109F1CE0A6,0.29186274111906685
CC_16150E74E4DA,0.15711583554619768
CC_1629E47AFBA5,0.07873332910315875
CC_162F4582D06D,0.6082850560483624
CC_163194DFEDDA,0.04301029370728015
CC_1640F01B7730,0.10111326047870828
CC_16460554039F,0.030347862239075058
CC_164D308CDE41,0.22795165625606698
CC_1661041F819B,0.760028854250149
CC_166829780A76,0.12923024778602923
CC_16798666E855,0.10323406590704096
CC_1684B5493414,0.21467880863106226
CC_168A8907C8F4,0.0728794374512907
CC_1690EC56D088,0.05925937082254932
CC_169853EEAB4A,0.09600898425747798
CC_169B7FD839BA,0.1459061871874096
CC_16AED1A3008A,0.1594395154162252
CC_16BAC7837C73,0.1778967665401693
CC_16D57E1EEA01,0.1368661639310203
CC_16D833E56D7A,0.18083313394883627
CC_1702487A047B,0.16656680702632348
CC_17029F78E70E,0.05686230799835673
CC_1702F3E986AE,0.07468829352142634
CC_1707181BB559,0.042741094854835904
CC_17117BF03935,0.25256579789010614
CC_1723E40C3D40,0.1981496222815217
CC_174FBBE9ADD9,0.20072133079152313
CC_176E6E58FD1E,0.11640939514387853
CC_1783F37259BE,0.08898264540305405
CC_178B135605CA,0.08734646719368702
CC_179AA5165026,0.346562290093667
CC_179DBA1C4CDB,0.32175105947768357
CC_17A1090B69C9,0.09396974706917532
CC_17AA1A4C904D,0.19727412491048624
CC_17B06C06FDC1,0.15371832275653247
CC_17B89AC1FD03,0.2184520454648211
CC_17DC33AA73F3,0.06700963656960894
CC_17DE4D267831,0.09739911684946814
CC_17E929BE0344,0.34801281134595147
CC_17EB83DECE5E,0.44326517969184487
CC_17EC9982E5A6,0.14076631097386344
CC_17ED5555B4FD,0.23882654414657684
CC_17F4292DAF8D,0.0988220884943507
CC_1807B0980C86,0.0680255726100463
CC_181354A58B53,0.08006985680702401
CC_181E7266E018,0.0973275676829081
CC_182AAE7CC3CA,0.5195674736958997
CC_183EDEDC5DA7,0.09724957650967284
CC_184C47552665,0.2640865172665315
CC_185A7392A475,0.27514510154079147
CC_185FEFD3233A,0.38423896052684087
CC_18676FE5FC07,0.07194036021506334
CC_18776C4FDE28,0.08975672155367509
CC_187A8AECEFBC,0.14753789132761003
CC_187E7D0B4E82,0.7234249162208481
CC_18839D393105,0.16353446487771367
CC_1888476F6CF3,0.14656345251088682
CC_188B1ED2AAA5,0.3325216157367877
CC_18A4257C3172,0.29141740998567095
CC_18A7929D9FC9,0.26469533400033063
CC_18A8695F185E,0.10757586021219231
CC_18ACE64E8F74,0.19037673197282262
CC_18BF4A29BB38,0.13509633581229252
CC_18DE36F7D294,0.16038417403095698
CC_190EB07AC1FC,0.12814059536441363
CC_19219F2C60B7,0.15578314821278233
CC_192262DB0B0F,0.0860444816931793
CC_1929746E06CD,0.6083971975859003
CC_193356E72D61,0.689737279210795
CC_193938E8EA40,0.1843842132600654
CC_193C60092202,0.5382034703364834
CC_193F669537D1,0.15123632674786866
CC_194E13150BE5,0.05011311873492188
CC_19556DDCCDB3,0.03909624144124258
CC_195A6E9B48A2,0.14526586217142423
CC_196DEC616B33,0.09071047842290511
CC_1978B23D64A8,0.12865011384604805
CC_198562A4BD86,0.13994319075901512
CC_19864C9572BC,0.1757581092761773
CC_19868B6887C9,0.12920566792411264
CC_19969E05AB2B,0.1761313733910435
CC_199FC89885C7,0.11968198031255384
CC_19A40411B404,0.2607583047659563
CC_19A6D9B60B29,0.6524066969677933
CC_19AAB010550E,0.06415585195156222
CC_19B4743DFEEC,0.07741291358162733
CC_19B95A61D757,0.17295954449957174
CC_19E6A00F6A5B,0.08131551613515911
CC_19E8DEC29F47,0.5977508673071131
CC_19EA54976042,0.1588876186273648
CC_19FBBEA75B7F,0.14595812290813703
CC_1A039E58840A,0.05806952341466923
CC_1A075331756B,0.12994755725735088
CC_1A1E1302C432,0.17078027595351208
CC_1A37690EAEDB,0.1685404318404252
CC_1A3BF9F5BD42,0.1337822338440459
CC_1A4268FEB02E,0.18356376633759353
CC_1A5F8618A912,0.3305996143626563
CC_1A659D4D521E,0.4311303407077958
CC_1A879655902A,0.06972674605104978
CC_1A9F6DA46BC2,0.13448573863986585
CC_1AAB15E81743,0.03202275459311543
CC_1AAC389EF8A2,0.2524082110554965
CC_1AAD0CE365D9,0.13038565954525771
CC_1AAD9152C90B,0.052707918073721466
CC_1AB15BDA9296,0.06616410156957472
CC_1AB8BDA3041B,0.17031410702440045
CC_1ABB9CB074E2,0.7294668787860885
CC_1AC1B1A3978D,0.05525358896273382
CC_1AD20D1F9C08,0.7301148820373287
CC_1AD881A90D1A,0.29849650462782445
CC_1AE9811724DD,0.7694710958020332
CC_1AF1AAAB9D12,0.7636144187060312
CC_1AFCC4D0ABD4,0.15906249311620485
CC_1B08ADAFD1C4,0.1690196265111489
CC_1B10139C7917,0.12054333487879265
CC_1B127133B948,0.15490093560888044
CC_1B25964EA376,0.14187705426994088
CC_1B27A85C7244,0.19377410408816748
CC_1B29F4378A34,0.11801389457879297
CC_1B2EC0BD0677,0.3751869707768881
CC_1B4AAF37FB97,0.08951274624133013
CC_1B5E792F6E6C,0.29500026595514295
CC_1B7166DAA790,0.15028323716609426
CC_1B89FD901C95,0.09051453370116791
CC_1B91E3A70338,0.067265085260138
CC_1B9D9B7184F7,0.16395494051145057
CC_1BA3FDD92B1B,0.05438954151245289
CC_1BA9B3D67170,0.13622444134843142
CC_1BAF97E2BCF2,0.09932813337159191
CC_1BB7D8A54021,0.0937508957570046
CC_1BD548A5FEF3,0.1179804645241298
CC_1BDF1893ECEB,0.2626257558735955
CC_1BF117A8AF9A,0.05701063262200542
CC_1BFA7E407428,0.6867418683236396
CC_1C0066F472E4,0.6762488091609071
CC_1C09CC2385AF,0.0684483789981101
CC_1C11467AB472,0.652133856078182
CC_1C1627B7EE6E,0.03941036549273855
CC_1C3259B85E28,0.1769528372038075
CC_1C334ED885FA,0.036108878521822346
CC_1C376760FE39,0.08320618670111635
CC_1C39A1ADF3F2,0.1526148992100934
CC_1C450FC77478,0.12229429289539018
CC_1C48409023DF,0.40790904049598065
CC_1C4D03324C60,0.35325855845801535
CC_1C5F1E1028DB,0.039258232741344615
CC_1C6681C0AA7A,0.7856195084543115
CC_1C84CFE19CDC,0.21238339939320172
CC_1C8B3F689C6D,0.21703881972256536
CC_1C95674B902D,0.037452181858107794
CC_1C9A4C11F28F,0.17038051069709578
CC_1CA3F50BABEA,0.0764969137091474
CC_1CBF42D35AED,0.621888115942612
CC_1CC11BEADBD5,0.1380371410771126
CC_1CC3CE396A8A,0.222141043688259
CC_1CD2B13C2E6B,0.08184930287661352
CC_1CE0B37CA670,0.09597845060800315
CC_1CF5A99FC068,0.13333486391381685
CC_1CF71AEB6671,0.0797314800953784
CC_1CFE066F5EE4,0.1874097316429878
CC_1D00B360809D,0.07295924085061045
CC_1D1173F82F2F,0.1092461861325948
CC_1D1E06E0B393,0.16779265742788074
CC_1D2789866B1B,0.07926422976809379
CC_1D2DD7DF781A,0.20884289163738745
CC_1D313498A2DF,0.17520750993468223
CC_1D68396533F9,0.3208292331003276
CC_1D7235BA1EAF,0.1878888414168977
CC_1D7ABAF9D080,0.039378087209401724
CC_1D7FA51D0D7D,0.47816609255461334
CC_1D8CFB3589AE,0.059260380554809915
CC_1D9421A6EB19,0.3143739862439565
CC_1DA0AC68719F,0.3474616594579226
CC_1DA366D588B6,0.115630046709984
CC_1DACBFE0296C,0.1033485005849164
CC_1DBD6A716910,0.6518337067742255
CC_1DCB75B5CBDE,0.34495164516167093
CC_1DCDADBC0E90,0.439880376439164
CC_1DD11FAF43E8,0.13108864651599186
CC_1DD8064E71C7,0.17235515707188215
CC_1DEC926EE25C,0.11868376310070292
CC_1DECBAE4FC5B,0.05856152054620224
CC_1DFF80E6D4DF,0.05785936471557909
CC_1E025C3597E7,0.2648824202842095
CC_1E082052CCBA,0.64226186250502
CC_1E0E30441DD1,0.21110799781025924
CC_1E20E200611C,0.1434325173329598
CC_1E354C75EB9B,0.0278094005398661
CC_1E3B2C15EBCD,0.17535170223710062
CC_1E4DF11FAF55,0.15394199610337167
CC_1E4FE60DFD8D,0.7243853350409672
CC_1E5A648D299F,0.19122113378399114
CC_1E6C0A8B3841,0.6526197904697216
CC_1E7FA6E807A3,0.22444207593257182
CC_1E93F760EC93,0.2602554004561428
CC_1E99F40FA03E,0.07710101053940964
CC_1EAD09DBC23F,0.22151328924551567
CC_1EB3D53252DB,0.2565133587267875
CC_1EC889E04D69,0.10423768078323344
CC_1ECCBF6853F6,0.48126655764880216
CC_1EEC4520436C,0.16374076252451097
CC_1F2827DC99C0,0.1815950683646702
CC_1F2C184C5227,0.0711963311804834
CC_1F3FA8091B02,0.13404444833287593
CC_1F4E07BFDC8C,0.04834755634702766
CC_1F4E0E9B54BF,0.06505208856541782
CC_1F55738A6A27,0.3566817165713331
CC_1F65276D0EF8,0.12117941207314938
CC_1F65C797BD40,0.06203418924276741
CC_1F668C0AE868,0.08447011181911708
CC_1F6B19A04BD8,0.05044748248009226
CC_1F945A60367E,0.4709748639234815
CC_1FAB6F11DFCA,0.7116842775163106
CC_1FACCCE95224,0.2944551358004692
CC_1FD010E5EA82,0.06932466075759428
CC_1FD2B7BCCD20,0.7150598733547661
CC_1FDAEC3D5CBB,0.10887636799310421
CC_1FDC65FE3DBE,0.13278067569801602
CC_1FE696D8A81B,0.0635951851313892
CC_20027685F59C,0.7676453455791237
CC_2009F3D77774,0.12110261173462383
CC_200C552C40F3,0.11769002813950347
CC_201459527065,0.11495349570038368
CC_20275029A688,0.06296901833842017
CC_2028DA597C34,0.22641649198903072
CC_204E557E5046,0.38197851596568516
CC_20542CFCFB39,0.04215686877165401
CC_2060F813C9B2,0.2567402105104477
CC_20813A9A7F71,0.1058381109505675
CC_208429A11E2F,0.16901720332923006
CC_208B0FE7CBAD,0.1091560320942612
CC_209A511030A7,0.03360444879785837
CC_209DD60421B5,0.062015017486106924
CC_20B26D646D62,0.1531145120526142
CC_20C47966B174,0.2198695891437335
CC_20CFE9681E4D,0.0768614959723196
CC_20D4DB0F3E3D,0.041054427136404795
CC_20DD84CE3CA0,0.10256170383992716
CC_20E57CA675DA,0.6160691471716524
CC_20F129FFBE00,0.255982954058938
CC_20F4E0F62D2C,0.060264918585952794
CC_20FEE0B2130D,0.6173626059890114
CC_2111B298C212,0.09963784414361962
CC_211315AD7633,0.23869071115488932
CC_211504721E27,0.1479708987307295
CC_2119919BCB4F,0.7906492824757059
CC_21375C9ED931,0.18981335978945404
CC_213D2A5355FB,0.22271060733140116
CC_214B50E48E94,0.16178635843807598
CC_215F86D986BA,0.13572563845114366
CC_21600308F496,0.04301592984272623
CC_2166F3F6344B,0.1144301191977023
CC_2168BBB42053,0.13541493916147657
CC_217030CE0127,0.04211322462857135
CC_2179067B405D,0.044861720171765665
CC_219B59B67193,0.19961684576609484
CC_21A9E8DB58FE,0.1433625013714251
CC_21AE679C5E95,0.2425038121591171
CC_21B98D13174C,0.10510519209820066
CC_21C81BC15002,0.10448283647504297
CC_21C9B26CFEA3,0.06378460271241898
CC_21D22081A4CA,0.751356028025487
CC_21D29CD736D3,0.3317192221617542
CC_21D3CEAF838E,0.1907502898892095
CC_21EF792A3811,0.6122242388695122
CC_21F04E996723,0.36962387088017845
CC_21FB6C8AB8BF,0.44014618926731525
CC_22067686F6C4,0.7092003570619729
CC_2207A39B7BB8,0.12581718350699306
CC_221053121AAB,0.20892697581406694
CC_222423774191,0.07307481931896807
CC_2230EFBC99AE,0.4138699410054102
CC_223BDED2A465,0.2530382875030194
CC_223E3CA7A07F,0.18221630668713307
CC_2250B42E48B2,0.10667418336512384
CC_225935E43583,0.13538570859480792
CC_22781E93CF84,0.1785602263907905
CC_22784AF3CB6B,0.4581537312663937
CC_22831690395E,0.23016796354655678
CC_228E6CBCC935,0.6306475045891822
CC_229338EBBA6C,0.08326046458508965
CC_229A63057E54,0.4945329410042498
CC_22A2D8A4B437,0.08675635936246637
CC_22ADE1EE9BC7,0.1276231446896427
CC_22B69E7C415A,0.038416704007340166
CC_22C590B43FEF,0.3223736433992776
CC_22F06379D8FD,0.03266059314355327
CC_22F282264A1D,0.11290047534652647
CC_22FBF5F0E1C0,0.22301559826339853
CC_2302088175A3,0.25814613227546357
CC_230672EAA654,0.029289890769157292
CC_230870B121F6,0.16208954391133218
CC_230A051B2B3E,0.04795127807219407
CC_2316F57AFB7A,0.08119194590488267
CC_231D091FCD1D,0.05517003402638905
CC_231FDED1781F,0.22822714881971573
CC_2320053D1183,0.06051000835079191
CC_2320AF507566,0.1710599573416093
CC_23321FF41C3D,0.21502717756617723
CC_233470D6BE72,0.6634632417496635
CC_233C8EBC95FC,0.3668315266470571
CC_235F99F13500,0.1274012231987456
CC_235FC02CA52F,0.20985939912853546
CC_236C80CAF53D,0.19749477959368889
CC_236E7222D97C,0.07707988930680013
CC_237B86FDC93C,0.06448321910867436
CC_237E7EB2D7D8,0.08309337754464836
CC_23830081EE1A,0.6746766743935464
CC_23894AAA08DB,0.5250872801277627
CC_238CBFD6E20C,0.3741132659567078
CC_2392A4A79C9E,0.03435124172757618
CC_23A474D43C73,0.20273726179579846
CC_23A9CC59BA0D,0.024406740500797684
CC_23B158D8306A,0.13947678481604506
CC_23D147F1870B,0.18627288206861808
CC_23D2E73DCFCF,0.12844586571649957
CC_23D9103D1EAB,0.028936782211801484
CC_23E142182F2F,0.6810629432648369
CC_23E43713A108,0.03822699456992776
CC_23EF2911610E,0.4790460476803574
CC_24056B76BD7D,0.046743845174855844
CC_2416ECE66177,0.12192674050927767
CC_241E65816FC2,0.07226934846848257
CC_241F7E97FBDD,0.05730616997483723
CC_24217201D7A1,0.3864903119352162
CC_242301FCCE50,0.0509315861708004
CC_242C69CF0B12,0.12062521277427575
CC_243B23702DC1,0.1649658292407188
CC_2456B9C796E4,0.11466977756688099
CC_2457D89CB88B,0.5953193839434028
CC_24667210E2AF,0.2065683951698326
CC_2468D206CAEA,0.062068142651242005
CC_2469630A4F86,0.34037537213250185
CC_2469D83D9594,0.03620710029187562
CC_248C65EF54A5,0.6411986545652198
CC_24BCCA7941E8,0.09975398241402185
CC_24BDC1CE2A3A,0.20130861586883353
CC_24BFCCDF957C,0.0444742080359889
CC_24CC8A1B1CB7,0.13897933529891232
CC_24D4B1852554,0.2099439077355647
CC_24E65FA5A32E,0.14593593725106102
CC_24EF3EDB6857,0.04242817288216305
CC_24F15A19D648,0.19553839943863172
CC_24F2410B5A19,0.12110307046848408
CC_24F27E7DE1C6,0.47510189552705934
CC_24FFFD0C983B,0.039077195175504315
CC_2504E9D5D5E4,0.12201710910961464
CC_250F6A0DB62D,0.05192084704226718
CC_2520E13DF0A2,0.7416533028889969
CC_2539C315029D,0.28898214862441196
CC_25519ED78507,0.19122252050438754
CC_255D49296DB6,0.11250075160532313
CC_255DC60FF5BD,0.04769132364151281
CC_2563C9EF9D55,0.06260344199296905
CC_25756EB9651F,0.12671656821600957
CC_257CC46D379B,0.41601026420241627
CC_258D5F80A933,0.6954998058398096
CC_259D87270257,0.22031406340675513
CC_25A41AB21C94,0.23891554629486988
CC_25ABCDCC8B71,0.08936565374530582
CC_25AF0D0569B5,0.07092691560654281
CC_25B61D393144,0.14209751780657653
CC_25B95D7288CB,0.3902386234618722
CC_25CE2F2F13BE,0.2175465284768622
CC_25D1A5971976,0.3364973311658558
CC_25D411B46F00,0.7548392131838139
CC_25E7A2DC5E41,0.062417056929386594
CC_25F4C8E51AC2,0.5317971874347052
CC_260323EFB122,0.6037458980422838
CC_260F10484312,0.0526507989743109
CC_2610D0F1D0A7,0.18536342362699976
CC_2615866F35A2,0.1049043661764533
CC_261DA4E8DBEB,0.11205967421384726
CC_2628F00B0745,0.3525520151164001
CC_26338E9AD15F,0.14011819538123024
CC_26346B99BDBE,0.6559904132018249
CC_26351DBC1AF6,0.12659525817190057
CC_2637397AA3F3,0.600346549694726
CC_26675C32611C,0.669591516802486
CC_266E49E49071,0.19390469760205148
CC_2696368A4DC6,0.028494297792380885
CC_2698641B68A5,0.13880091903676223
CC_269C5AE6A1A3,0.6737687912431143
CC_26A06AD1206C,0.7478843048111826
CC_26A358B0C10F,0.16120583526090987
CC_26B07CB02EA3,0.6366885212934218
CC_26B638BEA8CE,0.12874452068275527
CC_26C33B649FC9,0.053560837941196586
CC_26D5B969A36F,0.30532961350690335
CC_26E3A1226C2D,0.15663253377889833
CC_26EEA3F0224A,0.2607819849609601
CC_26FA5E5A718C,0.1487300802248641
CC_26FE119D4919,0.06229230859799899
CC_270B462BAEF3,0.03280727128276322
CC_270D929FEA9F,0.07731165909201324
CC_2731AD82BA11,0.22046595423579746
CC_274144AE3E86,0.1674219248768236
CC_274AE6E82879,0.17629877545879485
CC_2757A490C5E1,0.09112667010223438
CC_2766F6011BD0,0.3841254525357761
CC_2768E644C697,0.056434393292895436
CC_2770DF70328D,0.061184656571360775
CC_277503968C44,0.5217459158502175
CC_277CE974AA8F,0.25874736059573594
CC_277D246E39B9,0.19730437369290665
CC_27A1CC725B7A,0.06390370282805125
CC_27A798829CA8,0.7766288149786255
CC_27C938FC8DC6,0.46469175348409564
CC_27CA2D819E7A,0.06658106981203739
CC_27E3712F0E38,0.13070526522113804
CC_27F3B3F43FF9,0.035216242954427344
CC_27F9832EAB8A,0.4504087459716257
CC_2809CC131F3A,0.6763822735769067
CC_2812523510C0,0.16385974706686585
CC_28151C75756D,0.04026845691439513
CC_28203CC976F9,0.1076615162546185
CC_282AFAE06F96,0.08808496481272578
CC_282C2404F4C0,0.06671756070489175
CC_2834BA2F19FC,0.2005190144016519
CC_28432E22F47D,0.5813662249327356
CC_2844882CC439,0.053558866110742495
CC_284F79726032,0.39493495286342617
CC_28544783AB15,0.4924186192206602
CC_2856104729EA,0.7128586153112837
CC_28625CD86761,0.17870886453182477
CC_2866BDB46FB1,0.08651103679619788
CC_2872415C6B36,0.07790719890598898
CC_28752737647D,0.6471674683104223
CC_2875C281EE88,0.05347488412075373
CC_287E3E9EDAC9,0.07695893133245471
CC_288A2C49D62A,0.04709671038868263
CC_288FA8CD819C,0.19838485668892072
CC_2891894CCED4,0.06313238781406408
CC_2895608A9699,0.12838170460625586
CC_28A2EF7926AE,0.6196232060754585
CC_28A7DBD2B710,0.16961314994953744
CC_28AD81DF2C51,0.11276341766751387
CC_28AEC29CEC25,0.13066128701626406
CC_28C1C3DF7928,0.10946969288423286
CC_28CA76962EC8,0.1612076432161596
CC_28CD47803B6A,0.06947959787264905
CC_28DF569DBBE5,0.07811313957309013
CC_28DFE611C657,0.09676209022985302
CC_28E11E6A6C8D,0.18125495393764435
CC_28F58ADC7CBC,0.12039237117407445
CC_2916479EBC84,0.10463749113348411
CC_2917C6CB0B2C,0.1472315751688561
CC_291C7830D4B5,0.37851287898189184
CC_291FE1744E5F,0.07334361624972724
CC_293124F1ACD1,0.1307785499047195
CC_293C2D704AA9,0.3462247310432267
CC_29432A6B2555,0.11505493020616117
CC_2944B427406C,0.1804716967003812
CC_29468B7035D6,0.12437068044821237
CC_294A9A24E473,0.04364552296303407
CC_294B94EB0E07,0.2391390888421619
CC_2967C29E4C3A,0.1304894853054373
CC_29716D5835F4,0.20086359099621914
CC_297179FF2BCC,0.3981289639682668
CC_29803690C939,0.2071026148957293
CC_29821539DC4D,0.14251520683687907
CC_2983C1D2A273,0.16299034336374188
CC_298CAC5A1868,0.6383538384411291
CC_299EBE0FB429,0.15347522195141136
CC_29A1C0073882,0.47087199589308104
CC_29B6065F187B,0.33529037366822045
CC_29BC66C10F87,0.6838537311810676
CC_29BF3C3D9682,0.20582284750235397
CC_29C4425FB2DA,0.18579795083871983
CC_29C5D0D72D61,0.13057580395284357
CC_29D65E313500,0.11643899056624984
CC_29FD856F47A5,0.7378536244528366
CC_2A097F88615A,0.09112495112775672
CC_2A0CB4CE1A48,0.22733517386879432
CC_2A14C1652D6D,0.20485156640051716
CC_2A1F96F80938,0.11208889118752437
CC_2A23F71805A2,0.1306553231976893
CC_2A2BF2FD0498,0.14114229541075757
CC_2A358A1D3DDF,0.6397350689565604
CC_2A3E371F0DAD,0.23717066766935294
CC_2A423FC8A330,0.31990719582282734
CC_2A43368D54F9,0.531266850658739
CC_2A47A21C0E07,0.6731187568142085
CC_2A4CB02E7A1E,0.12693001869812598
CC_2A510080BA29,0.17378073387744233
CC_2A5316E550F0,0.08588852401627262
CC_2A59695EF90A,0.5788146534052533
CC_2A606D00CC46,0.05076823405614367
CC_2A6C69145AE0,0.07105279609252552
CC_2A6CD71471A6,0.11295866317365924
CC_2A70D6EF64E1,0.09471726680766604
CC_2A844754AE67,0.6035042856313814
CC_2A85A7B242FD,0.16524279628375282
CC_2A9A51067D7F,0.1453053370281882
CC_2AAAD4020436,0.2093260392994623
CC_2AB62BCF3704,0.07409460437283563
CC_2AC1C8DE5649,0.10613739414280102
CC_2AD10D78793D,0.7115228930274075
CC_2AD26446A7AE,0.040697296222323806
CC_2AD2D35975D1,0.08768694682765256
CC_2ADA07B0211F,0.3027733646166171
CC_2AED2D284351,0.32792284915118763
CC_2B01FDE2552D,0.2505029779782329
CC_2B06DDFD7F8A,0.07335497492863169
CC_2B08FBC0A948,0.1661584993835408
CC_2B1914218468,0.7489052868859776
CC_2B1D93E12DC9,0.18607112038084894
CC_2B248C488918,0.0937311413021327
CC_2B256891C60A,0.6076000051989066
CC_2B2801591A25,0.4060401158868959
CC_2B2B7CF1E40F,0.1039634739415149
CC_2B2F4204834B,0.2179586225506076
CC_2B5443C7AB87,0.07928642987661055
CC_2B5D780AC244,0.6644704423998686
CC_2B64E67CFF13,0.06019263497892445
CC_2B6B872C8D21,0.06405720405275539
CC_2B85D931F011,0.09544772025992786
CC_2B959EF030DD,0.1434668806292195
CC_2B973D1AC16E,0.12356254708245012
CC_2B98983C2687,0.05176263232135736
CC_2BA581E7B8D2,0.09000496011409902
CC_2BB2C432C369,0.10104585414517779
CC_2BBE19587CD5,0.09028487209601187
CC_2BCB838A9581,0.15745902914735832
CC_2BD0E9336EB4,0.07237172937780013
CC_2BD1633FD528,0.0855764845447539
CC_2BD58FC8C2B9,0.03321906838929307
CC_2BD6083CAB0B,0.78035347529902
CC_2BDD47B177E5,0.7864412093967541
CC_2BDE889EB05C,0.24646144797723948
CC_2BF8DB192A49,0.6323877717686126
CC_2BFDF46F3AC2,0.11898939465754604
CC_2C00CF2FAE22,0.15053044575740412
CC_2C06DDBA1073,0.3661697139477403
CC_2C16C7838FAB,0.7919108913147141
CC_2C263A1A732C,0.1638183755300238
CC_2C34105831A6,0.20100636230650992
CC_2C43FFA06F31,0.09170277088408375
CC_2C4DEE4CA1CF,0.05460988194306713
CC_2C56DB55E40E,0.0807600097570606
CC_2C59F565C183,0.1514928097770252
CC_2C7F54E56925,0.17097717254167052
CC_2C8CFCC646BE,0.03142987823972852
CC_2C91AB1DB754,0.05038360835203551
CC_2C93356976AE,0.38319927357448536
CC_2C9DADC294C8,0.06813817051850558
CC_2CA94231028A,0.23771274177763974
CC_2CC8CB17283A,0.19772818499248523
CC_2CCD42AA2376,0.1293691231160731
CC_2CCFE560A79E,0.06739663200137957
CC_2CED227E5216,0.12666629694631557
CC_2CF326E90715,0.042524784465805966
CC_2CFEA03CC6A0,0.674456989673286
CC_2D1D032137DA,0.12471913681941359
CC_2D258781011B,0.19132924045601302
CC_2D30260A1CEC,0.21379438109640814
CC_2D35C002A9F1,0.15026285233467276
CC_2D45DEA4EB25,0.15134623543083706
CC_2D5494C13FFA,0.09582685609126868
CC_2D5EA2953E81,0.23505255728640292
CC_2D6E7894EA16,0.6506516074811379
CC_2D7DA36360AD,0.21106122549148587
CC_2D7DFEACA38C,0.29121892251314374
CC_2D836654A121,0.14561074795356183
CC_2D9CDFC6C57E,0.7195865428768976
CC_2DAC67585B03,0.18896137683698452
CC_2DAE338809DE,0.2951435468994049
CC_2DB062A18C75,0.4987248712718423
CC_2DB2C55CF89E,0.7678759268675769
CC_2DBCBF870292,0.03356064570356999
CC_2DCBC03B4FA3,0.7471305321771139
CC_2DD78131B5A1,0.11885538682415209
CC_2DD7BCA75AB9,0.12463840187075681
CC_2DEB49017220,0.10493597798252995
CC_2DF6C71ED372,0.17097152788555103
CC_2DFBFA1A4FE8,0.16463739793878057
CC_2E12A41F7733,0.08041510185027792
CC_2E1A348EB1E6,0.1060103351487737
CC_2E23CB0F6F7B,0.381660174505995
CC_2E3634587158,0.047272592160327524
CC_2E3F4B14D8DF,0.3741024576475851
CC_2E3FDDBF4F48,0.19185409271349713
CC_2E61C46BC16A,0.20449223477493908
CC_2E62AEB14351,0.2779038315477726
CC_2E6F1C0ADEB8,0.19845490854132813
CC_2E7415FAB62E,0.07243440065564312
CC_2E77F7444FDF,0.035083129938619284
CC_2E78431BE3DB,0.07297660961908824
CC_2E7D44FB8075,0.18326619521109713
CC_2E7D8539BDA6,0.3255253235531925
CC_2E7F248874AA,0.724920834248657
CC_2E85BB8F3BB5,0.08758774198673806
CC_2E8897E4D9BB,0.262216607898655
CC_2E8CCDE89E2D,0.26022087202066446
CC_2E927D910813,0.11242774828816463
CC_2E9891F5A2D5,0.13194506911780998
CC_2EA56A7EAC04,0.23731483086133665
CC_2EB45D13B248,0.1380316520771935
CC_2EC924B0EAAE,0.1082159575020833
CC_2ECC248C96B7,0.04712185997702241
CC_2ECF0C98B06D,0.372337846843097
CC_2ED3F6481454,0.14875578429786704
CC_2EDDF0B40ED8,0.1690788242714432
CC_2EE2A139642B,0.13875685708798627
CC_2EEE072DA301,0.18111653524133192
CC_2EFEBB85DAEB,0.161933057510141
CC_2F133BEFAA69,0.12868931898935204
CC_2F1AAE3B81F2,0.0741161181817133
CC_2F1BC47CC90E,0.0372980986747609
CC_2F2128FBBDDC,0.15838621070250042
CC_2F3D3342834E,0.057433552901794735
CC_2F42D39F710B,0.6072746412283483
CC_2F4AFE398419,0.7424970775719838
CC_2F4C24B38EE6,0.07220916867122884
CC_2F508C0838A6,0.099964474763487
CC_2F50EC193942,0.22946079447834244
CC_2F5BD03D4900,0.06726680341974833
CC_2F73AF6728BC,0.04829791807143677
CC_2F7EBEAB9CF2,0.20549937639277643
CC_2F9AD2BC25F5,0.06345851708965249
CC_2FA3172ED3FE,0.6994846864905366
CC_2FBEF8808F48,0.1635218338035466
CC_2FC014F0EA3C,0.09060778188302229
CC_2FC3AD2EC986,0.23535776608679343
CC_2FCC82AC097C,0.26110291019186577
CC_2FE2ED7D464E,0.27322066532941797
CC_2FFCC9802D2A,0.1725294149491349
CC_2FFE32627DF8,0.20190761723160927
CC_300BEA90EF3F,0.1436993693703182
CC_3017B64D0364,0.2180355797020187
CC_3017E5E87C94,0.15188512761192177
CC_3028375CC87E,0.7882889148547048
CC_302A48CFCEDA,0.08392640583398557
CC_3031F96196BD,0.37423991068493334
CC_30328ADA0AE8,0.10459026611980754
CC_30451015D913,0.028444313591291664
CC_305D33AC15A9,0.7544678371427558
CC_306015CFB66A,0.18232579253544695
CC_306413849CEA,0.40731150814116057
CC_306EF0BC7CB3,0.029399027168421
CC_3075C5B861A8,0.10108007063359589
CC_3083D9B76858,0.05265741229867019
CC_3096994A495B,0.22090970161025716
CC_30B106BC1657,0.19857810116859578
CC_30B967417C42,0.20553802003793065
CC_30CABAFF5453,0.09193672309708564
CC_30D68208FB23,0.3689361434020253
CC_30E2A90BACAD,0.1852356331023609
CC_30FFD856443D,0.5994402251384845
CC_311EF26786A8,0.08234023959451367
CC_3129843EADE6,0.7301830983205919
CC_312C34EF683B,0.052608475768370556
CC_31302B64C078,0.12127432643065858
CC_31344A25B569,0.029881999593276205
CC_31397A399AD5,0.07342495040762992
CC_3145B5EAD7AE,0.2159598423630596
CC_3146EE0BF81A,0.12935458703091832
CC_314D02632843,0.3278288977603832
CC_315133406E42,0.25880241742427607
CC_3180D1C6FB7E,0.27145455195390583
CC_31827EE8A968,0.27090733635660386
CC_319BE06CC27F,0.03910336761193464
CC_31A0A97AFFCC,0.43492873954334105
CC_31B22116E36C,0.16291307064205085
CC_31C78D9B6494,0.3907472185525594
CC_31D3FA367B41,0.12082750270411402
CC_31DAAB3E6DA7,0.1729019368662324
CC_31E36F666FB7,0.08827113996084734
CC_31E72EA14FE4,0.12117405728267674
CC_31FC6DC9482C,0.2506938605159904
CC_32076DA6AE23,0.1552739244454404
CC_3209FA12D938,0.3145996303597761
CC_320E17F947CD,0.4515809734877143
CC_3223C706DD92,0.2417525999500074
CC_322EFB2E377D,0.09416732559511595
CC_3248EB928073,0.09134085934999592
CC_325D5DC52B1F,0.08187013134166
CC_32662A6DB78D,0.17148413606164173
CC_328DD3BA068A,0.2490035197273817
CC_328DF7798F91,0.16522397267209027
CC_3295CFEB188B,0.0898809116704509
CC_329DC79286ED,0.658456150699689
CC_32CB77D55C73,0.13073785954656067
CC_32D129B9E651,0.11559690939127762
CC_32DB12551D37,0.6773372922276587
CC_32F00D77D5CD,0.12387523848934437
CC_32FF5F6892D9,0.21858358167557218
CC_3301EF60877F,0.12092231033709232
CC_330F334BD816,0.1059026861467148
CC_331285B3494C,0.2105789147115868
CC_331364283D5C,0.1002621002459407
CC_331718E0F54F,0.1500658363429332
CC_33194D48FF66,0.08054081635654263
CC_331E8B8BCAB8,0.06872186538834545
CC_33254134ABA9,0.7854221482179679
CC_332E42439579,0.10112483383720498
CC_333102AB964C,0.1479692381054419
CC_3338AC0E8112,0.27727494710898626
CC_33656EEDE6F2,0.4169845290983961
CC_336777D934E0,0.4547084052970162
CC_336DBFE464D1,0.5061745275643942
CC_3382BB2F3152,0.13032881268265695
CC_3387207793E4,0.03513358054611628
CC_33992C973839,0.1900097332201978
CC_339C36703675,0.09626577680972442
CC_339CA5814519,0.11018918855277501
CC_33B157F2A921,0.10727445205015217
CC_33BBD10F239D,0.07165149705747391
CC_33D3B12EE56E,0.09115284333002609
CC_33DB68EA27CB,0.1042847807289747
CC_33F0B95E70CE,0.21785221427844625
CC_33F40275D630,0.043196900074893824
CC_33FD5DE22692,0.07964282597435113
CC_340961106343,0.13672933623859118
CC_340BB1F4CEF0,0.14344279982542069
CC_3410B11F1FA3,0.16386466906066527
CC_3424972707B6,0.6531750260313398
CC_34452758A645,0.030043503165777783
CC_344D239879D6,0.13993586936483407
CC_34503B6891CE,0.24943550530788366
CC_3451722A3813,0.08951507794559627
CC_34517B513D8E,0.4712082836762322
CC_346ECB4CF2F8,0.10596773064009737
CC_3478E8B6B56A,0.0694194589625304
CC_347AFDE16722,0.07962627949612536
CC_347B1A01467F,0.03840489557307707
CC_348AA62FF484,0.26005988028101196
CC_348D3F098A4D,0.09017253779073917
CC_349290E4D0C9,0.15172209129811318
CC_349347D553D1,0.27478565563816
CC_3495CE27BB05,0.25401252545952446
CC_34B10A654721,0.13627536620563555
CC_34BD2C5130C8,0.14306492621869205
CC_34C433439160,0.05814238205402064
CC_34CA271F73E3,0.3169724075663075
CC_34CEBEA3B15A,0.07381065618484037
CC_34E58CF793A0,0.1560299251733816
CC_34E6909B6027,0.541111233744674
CC_34F4292A8B5C,0.21790446906103134
CC_34F6DD223594,0.04740815928471889
CC_3508A7A5E9EB,0.13448266266334322
CC_35094977DD75,0.11928421306605567
CC_350DE157CE6D,0.20248051273889436
CC_351BD5C2EE8B,0.023682488051472474
CC_35486249EDEF,0.17797942587469492
CC_354C9ABE6DDE,0.0614160619158621
CC_35578162927A,0.12325937409253554
CC_357C3E7518D3,0.7392691216469154
CC_3584C15BF11F,0.04307789369830328
CC_3588C5166872,0.0793429024906495
CC_35A68306B19E,0.234276011562737
CC_35BFB3093D02,0.047510185540068556
CC_35C085ED37BD,0.5028974986403729
CC_35C695C13279,0.06294722515992636
CC_35D1668A4C13,0.2100535727177935
CC_35D27495E0CB,0.791225993331422
CC_35D562E1DBE1,0.7149518164877616
CC_35DCDC74A757,0.4661068742387115
CC_35EC2AB1D1EE,0.13044200012497773
CC_35EEB90317B9,0.5861209294389937
CC_361A9EAF7706,0.30814232459916074
CC_361B968FEB98,0.3059933350430313
CC_361C9FA031A7,0.7627130404360066
CC_3620C5D1B3E2,0.06442056183922176
CC_3622D7221940,0.035982779715680244
CC_363175E92F74,0.32322558333929474
CC_3638C9146BFC,0.13545652670257263
CC_3643A4C7EC5C,0.05824443863811853
CC_36690A9AE112,0.7176863502086721
CC_36719170F638,0.08835984739962452
CC_3673466BA7A7,0.08962215110839966
CC_36847054DF52,0.3479527768543793
CC_3691CE792752,0.7382649477239783
CC_36A27FE53743,0.5012422227181044
CC_36A3FB06D1D8,0.7892077065721116
CC_36B0F2AD5413,0.06796915391207195
CC_36B1B7BF5F75,0.17718853945276186
CC_36B68E66951E,0.4681435835225568
CC_36D3F09AD810,0.46465974176395997
CC_36DBD8424220,0.5692186333987351
CC_36E5645D8018,0.07794708867858172
CC_36E6592E4E23,0.16735430145260666
CC_36F143AEC864,0.0946474754510204
CC_36F2A735DF73,0.18347198402491952
CC_36F81C003E8F,0.035209885720764784
CC_36FCD55EE425,0.5406865486114909
CC_3701D5DB7FA1,0.08029946709396664
CC_3706E1EB2587,0.5672510211518403
CC_370E0F8EF86F,0.550782008961741
CC_371D47444D5B,0.6904885937823393
CC_372CFE308EA4,0.6601815527046183
CC_3731D90357A6,0.30306658901642025
CC_37322F66C543,0.04072408053995337
CC_373539DE38C5,0.11677105357740472
CC_375225700242,0.3317510451008787
CC_3762D0B6F3C2,0.11005869092761902
CC_377A277E831A,0.1694436303619427
CC_377B6066B91B,0.28844842301705464
CC_378D71726B5E,0.07371796585021889
CC_37A46BD0DCBF,0.046279749927720076
CC_37B447368F02,0.7348850216585583
CC_37BFDFE369A3,0.21778055874351465
CC_37D09FE492BD,0.07312003257884242
CC_37D3F4C07235,0.27961791973264866
CC_37DDACE48E3C,0.12205474608418242
CC_37DEF85C0A37,0.3370508961057124
CC_38020CED9EEF,0.09068926439348424
CC_382207621EC5,0.7893725639911897
CC_38374AB27F95,0.0734660651374088
CC_383A5544DD5C,0.1283070356872148
CC_383C129A5B96,0.24791711106531805
CC_3847AAA649C7,0.10492722473879411
CC_3849D992C1E3,0.08299150016450951
CC_384BB17F0F0B,0.6009855110723819
CC_3851177E5E76,0.07734703689774534
CC_3862F88850B8,0.2920029627745768
CC_3867CFCFCC94,0.22937888288478192
CC_3872ED018F85,0.20198765262257717
CC_3881A587C072,0.12778678607759789
CC_3882F8EB5EEB,0.6216423667830033
CC_38911341EA6C,0.09197777679770856
CC_389E5B71E254,0.5959989472196101
CC_38A0DBCD3728,0.0733811016567116
CC_38B3E9142747,0.0902211239293911
CC_38C1B8860300,0.05903346880218446
CC_38C8CF250B60,0.029365636837723384
CC_38D32B790B4A,0.1338682824162037
CC_38EB304A9915,0.18632592229352146
CC_38F26461C872,0.764208213336352
CC_38F942257E28,0.5450312242477424
CC_38FA5D78A8A7,0.05525708379677631
CC_3903D7BCCA95,0.08410508319575502
CC_39043D7ED04D,0.19096787292167305
CC_39098B256732,0.06525401281047188
CC_3909A2E4C679,0.12283468127063848
CC_392344DF8D55,0.3105291407492552
CC_392628C8AD47,0.10029406641646756
CC_39285F4C42BF,0.3979387595225816
CC_392A376EA1A2,0.08316029906217712
CC_3932E086F150,0.17272127270870624
CC_393D1D3640D0,0.06419810222911859
CC_3943B3490B49,0.6960047430264673
CC_394DE164DBCD,0.135521796893102
CC_395600E84A54,0.1283651434204815
CC_395D181A7E1F,0.10704730080689079
CC_395E8CACC437,0.12797958251228664
CC_39635AC6A70E,0.05453793581407096
CC_3969352E3ABC,0.08565557640114832
CC_3985C0DF9CB5,0.5307662519997112
CC_3989F2C6A9F8,0.22986009680044905
CC_39A82672A1B2,0.07976537777293145
CC_39AA15DAE17D,0.6109571137050396
CC_39AA2A3D98CC,0.03385826373070818
CC_39AC257B00C5,0.09793124810463297
CC_39ACC63CDAEE,0.12907947740267117
CC_39CE40784C2C,0.2107515251934487
CC_39E1A306D418,0.1494482184779513
CC_39F2B11C46D7,0.08839463130226013
CC_3A10F5F50A27,0.04297891491035531
CC_3A27CF9D162A,0.5811074319830805
CC_3A297424A7F7,0.1175991626501608
CC_3A39F7930BF3,0.08853236178063754
CC_3A57566F9977,0.5851360171626899
CC_3A61121254E6,0.05424317281179837
CC_3A81C568A7F8,0.21358218755403077
CC_3A82E7050A4D,0.04449948700010686
CC_3A860AADE6CE,0.13693556207237265
CC_3A8B3FC29C9E,0.1287655473541227
CC_3A8E9056A5A2,0.11311925858431776
CC_3A9617A5777D,0.4274042129679203
CC_3A99D25777CD,0.1374287372412792
CC_3AA9E8D01340,0.576032678727629
CC_3AAEFC09C290,0.7014870357970755
CC_3AB5E579843E,0.2572978185763224
CC_3AB77A30AD40,0.17397426721641104
CC_3AB7BA36A414,0.3035694751219581
CC_3ABA830A5BB2,0.1177891605320359
CC_3ADDDA550A57,0.10676118260891018
CC_3AE7B1151DC9,0.13349826989023234
CC_3AE9A209EE00,0.05025684962764633
CC_3B06FCD75C98,0.057391749865943836
CC_3B0722FB5E8E,0.290171158517812
CC_3B1C51DD7429,0.18131054173748185
CC_3B1F4696D710,0.6147934064807034
CC_3B224413A072,0.24078610368047715
CC_3B35C3783CCD,0.2512622758621152
CC_3B3626F3DF9F,0.24484118551650594
CC_3B4405C7E486,0.5613063914054731
CC_3B4C4A9C9D99,0.28956871466899775
CC_3B72F0E9E3F8,0.21355618912102114
CC_3BB02A95C6C1,0.7184984671767839
CC_3BB8B675C2BC,0.4197853337964139
CC_3BC51B069218,0.11314785602118584
CC_3BCA5BD201AC,0.15657799812936726
CC_3BCAC9793441,0.2892347109779512
CC_3BCBC867AC4A,0.04061969260658798
CC_3BE51412ABE7,0.4250759583672981
CC_3BEA98B401CD,0.6920589792884679
CC_3BED6DF1ABF1,0.154039424793325
CC_3BF0BF7CF827,0.7989444667056629
CC_3BF110035599,0.600294895357451
CC_3BF213810DEE,0.649195408842987
CC_3BF21CA88D3C,0.44340764479031036
CC_3C0E29764C71,0.0635329647775892
CC_3C19509D4636,0.14942556018858968
CC_3C1B038BB068,0.15320781790503368
CC_3C594CADCA2E,0.21478353468248318
CC_3C5D909498F7,0.6668474506274171
CC_3C68D5179A01,0.1182164951738826
CC_3C83955704BA,0.7850237676213153
CC_3C93218F41B2,0.3204049859147411
CC_3C9CFC8FB4D1,0.7098228966685315
CC_3CA266EB55BE,0.11062135393413448
CC_3CE49C937F7C,0.09846462965581343
CC_3CEEB9C04F0B,0.38165691596459617
CC_3CF504AD4DD9,0.0654379183605488
CC_3D1092DBC5C2,0.2055131017108884
CC_3D185833E7BB,0.04144117800276213
CC_3D2309981121,0.35548261657630414
CC_3D27A0086AA6,0.16562736602445266
CC_3D3BE7D0F4D8,0.11346745646311132
CC_3D412B5EA919,0.09617844045538262
CC_3D47650C6F30,0.07712969430107693
CC_3D55D1FD8457,0.049322821287518276
CC_3D599501BA76,0.07453343723366107
CC_3D6181EE3C87,0.6827808921019654
CC_3D65CC165F44,0.12046766802533565
CC_3D6CF6DB8014,0.4169167684513028
CC_3D7C14801D40,0.18315787412083753
CC_3D836BDBF866,0.6192568095300969
CC_3D8DF3A3DB71,0.756842794399865
CC_3D9309851089,0.19035079265661403
CC_3D9ECB4274C3,0.138260306601639
CC_3DC8A9A92802,0.31550242166679143
CC_3DDD3813D1D4,0.0995353525044186
CC_3DF3FFB3CFC7,0.12359122158013673
CC_3DF88701601B,0.15812349617868585
CC_3DF91A482CFD,0.32871405948539156
CC_3DFD6349D046,0.6597189872688677
CC_3E0D54125AE0,0.18924354965795806
CC_3E10CFE1DD57,0.046550316105185764
CC_3E13CB98572B,0.13876047231367705
CC_3E142C8ACA6F,0.08000992390699072
CC_3E1BAC4E5B90,0.06110340278569294
CC_3E2DD0D1E2D8,0.14453259908597232
CC_3E403BF08A45,0.08975638328189617
CC_3E46368104AE,0.08908444700124177
CC_3E48A086B5C7,0.25286996825029406
CC_3E54451B0F6D,0.0767410000661135
CC_3E6335ED3F4F,0.098326635434307
CC_3E87A65C50A5,0.18110561484722326
CC_3E91109E2090,0.05721855173097821
CC_3E92A1EDA618,0.23987413438146382
CC_3E94684FE270,0.45435504260727394
CC_3E9DB402F352,0.15093202789413032
CC_3EB5A15A6C04,0.786915550667391
CC_3EB8A9A6C49D,0.08677735232854775
CC_3EC96BC884F2,0.12676601716198443
CC_3ECA9E44B90F,0.2653965800085127
CC_3ECE4EF16A44,0.16428552318298925
CC_3EDDB8E70F57,0.22587276300895437
CC_3EDF137D0E1C,0.14159888836143644
CC_3EEEE844410D,0.37605506945560785
CC_3EF4F348C967,0.1259187293657927
CC_3EF91DD11A81,0.14257170010546183
CC_3F08C55E7A40,0.19568209805207756
CC_3F171CED0CFA,0.028632818088336863
CC_3F2544EFA753,0.13283631678505955
CC_3F28F3286CCA,0.07978595714622405
CC_3F379CB37B0D,0.1616291886903201
CC_3F42D798AB1D,0.6579542143979209
CC_3F48724540D5,0.1697815780816841
CC_3F68068E2D5E,0.10457815128051934
CC_3F7FBE71B77F,0.05902382925682133
CC_3F80017B8599,0.05902975530725621
CC_3F8B17953200,0.06063115658178954
CC_3F964BADC4BC,0.7263514715247777
CC_3F9767602FCB,0.2033751445079105
CC_3FA84F0B23CE,0.05808665075969145
CC_3FB4B189143F,0.15227493632070976
CC_3FB7C976EB26,0.4817859949638886
CC_3FBCEB2F36D5,0.1267490732544022
CC_3FC4FE843245,0.11952590496951224
CC_3FD52E32FE8B,0.698816653281319
CC_3FDB44EC6254,0.052140699885019307
CC_3FEFBD6DC62F,0.22121983247311566
CC_4005466D00ED,0.32793500173680856
CC_40095FFBC1A2,0.06099378912343313
CC_400F1887A662,0.11615014822619052
CC_40133FF3069C,0.07726879349035964
CC_401C6F0EED5A,0.10498735876213451
CC_4021AD03FA01,0.11304804561329516
CC_402E91F3A56C,0.12321239452941946
CC_403754B6988D,0.12129233568747749
CC_4052DFCB1656,0.21109388696711417
CC_40579C5C13D5,0.7977476113521782
CC_406937FF97E7,0.08339370098945433
CC_406C4233347A,0.157594832765045
CC_4073E42E11E4,0.258953322172187
CC_4077BB12A5F4,0.12212801554610447
CC_4077DD5B5C4F,0.12506079829856587
CC_40824D899215,0.09369240697633113
CC_408D79189FBF,0.32163877656889794
CC_40A3F1D5EA0F,0.3674050557588646
CC_40A852A592FB,0.13296042424961724
CC_40AADA91D560,0.22628780261536144
CC_40B39CB2CC58,0.037052270673205004
CC_40CE2030F058,0.05168638982418695
CC_40EA2F8481E8,0.17078517377645186
CC_40EFD7778F98,0.1446938849737215
CC_40F278D49681,0.29138206002040506
CC_40FFCF631F19,0.4065116833047435
CC_4101D1B82788,0.2093728262709898
CC_4109B79A4B06,0.03418129980104955
CC_4119348F051A,0.12911576915401748
CC_41206EE45803,0.07930165617620985
CC_412DF740DA62,0.13870157829792398
CC_413AB4CA7451,0.09729128228263706
CC_414C06C60FF7,0.7143057978019118
CC_414F50748A51,0.053505923426568354
CC_415C65EA66AA,0.05544664242895618
CC_415CED95F7CA,0.13532133550410191
CC_416584250060,0.08706374793816216
CC_416B3A1F0F0B,0.09819819011792927
CC_41735021FC7A,0.17213666625046634
CC_417858CD20F4,0.1111586977636125
CC_41902EFB3974,0.04923831338164322
CC_41A27790EFBF,0.1112649913045035
CC_41A4A223F39D,0.12264930577545313
CC_41B464757ED6,0.13247477541730068
CC_41D1A87E1136,0.42298736616875066
CC_420FE297808E,0.044202804474452045
CC_4211096D5588,0.15001878057021278
CC_421F4D78128B,0.4682917965225376
CC_422F2780C85A,0.3294053396013873
CC_423B0296BE24,0.07389596915939124
CC_423E78000AA5,0.15290837377821734
CC_4246081DD359,0.09244319735025827
CC_4249EDF2FDCC,0.7981123703048298
CC_42568C67F412,0.35041380056158256
CC_426A25EA9E21,0.7453511980092258
CC_427ECDDEECE6,0.3141121370724492
CC_4289EEC8F0A2,0.16142082158673202
CC_429A7158AD07,0.146730881459026
CC_429C51AE729D,0.03774671630612726
CC_42A0DE1E5E80,0.0787448209047374
CC_42A7D0F5388F,0.09038819684187588
CC_42B23C8C9F66,0.182142917054546
CC_42BD3999AC3E,0.26601398805908955
CC_42C95B199130,0.40976237608336563
CC_42CD6CE97523,0.4809253269846653
CC_42DA114F12A2,0.2696640783975946
CC_42E2736AA331,0.20893193971599855
CC_42EA825C351B,0.43606208511141253
CC_42F1B2B4D258,0.5494899588083633
CC_42F4588EB38D,0.3338991149695864
CC_431F29A12E99,0.19444980340623935
CC_432EB78A198D,0.22222885448002166
CC_43383344BC72,0.19097550490598147
CC_4339187DD10A,0.062390712726924286
CC_4344A2E7EA1F,0.5368211612725827
CC_4347468ABE51,0.5709860961518332
CC_434894BC2577,0.052945182364283236
CC_4362DB93FC92,0.08933222195031337
CC_436850DDC704,0.134553948300431
CC_43698E2EEA0A,0.09758176791651145
CC_4387F73F131E,0.13549866643937192
CC_43A33C994C70,0.3531696561413809
CC_43ACD82B5514,0.31263249677854543
CC_43B37131B8FA,0.19457243124000395
CC_43BFCAF8BD20,0.19890386490700912
CC_43C060E01266,0.20647621958122253
CC_43C41AF27375,0.05935533164134177
CC_43C5AFA48B93,0.059917258108424756
CC_43C767A44C55,0.18983511239927917
CC_43DECAB53552,0.04487698639014495
CC_43E6D931158D,0.3600723186335244
CC_43E9F88019F8,0.0630471241607614
CC_43EBD6EBD675,0.06729284174090644
CC_43F81C577002,0.32973303291214884
CC_443C4E041687,0.08734854676130534
CC_443F63BF238A,0.10283244307170006
CC_4463776F9AA1,0.0873564487447076
CC_446F1EDF03C8,0.06844216419943196
CC_447BAD4F7820,0.816219876973659
CC_447D02F917B5,0.05616618093123976
CC_447E705746E2,0.14697688770080844
CC_44A017104F93,0.649941464308006
CC_44A1E58CDBC0,0.0443881316775374
CC_44ABCC04C418,0.08763145129286486
CC_44BF6BCCFC2E,0.048239132204062236
CC_44D0671A3B87,0.1408729229358872
CC_44DBEE3A7D81,0.17286897835334936
CC_44F7DD6A88A1,0.20159111805311766
CC_45080C42280D,0.2078235163337856
CC_4524AD74135F,0.4790438494438567
CC_45262103231F,0.2137669823291452
CC_452D8C5D039C,0.7860237385465086
CC_452DECDBC90F,0.06224960644083372
CC_453C9B3A5992,0.4833071432655609
CC_4542AACA1FE4,0.10515894135136017
CC_455209549D3B,0.7829353399558723
CC_4555C804C4D0,0.062819740268733
CC_4581E4190B2E,0.09760882999842048
CC_458912F91D6F,0.4002401274856715
CC_45913E1BE65C,0.33006699200901723
CC_4594791FB40D,0.11820643949882138
CC_459B49073E2C,0.3588634998923605
CC_459EA8E0E2EF,0.12220927137515511
CC_45A4A38557E9,0.1376696647609352
CC_45ACE2B1DB6F,0.0619984193696663
CC_45C1A92F0E8D,0.09925632123179676
CC_45D0673EDD20,0.15899987648172753
CC_45D70DC84DA0,0.11073296435295148
CC_45D96479EC1E,0.053300784650063326
CC_45E8597BF74E,0.06554701826763766
CC_45E97246F83A,0.2898116878738316
CC_45EC44761309,0.13015200385330325
CC_4603A6F83E2A,0.05064896050899626
CC_46045CEE8330,0.05948320328775941
CC_464E17187A4E,0.3887670719624776
CC_4659FB4B8536,0.13941986529515527
CC_465EF4F9B68F,0.1716283387448756
CC_4663FDE62E3A,0.2673422024535718
CC_466D54BE0809,0.09111027063071718
CC_466ED9BD34B5,0.0814311548254702
CC_466F7908E13D,0.188010179548661
CC_4695A5525A11,0.17231544499533552
CC_46BBB8A4854A,0.05614907547056119
CC_46BC61EC8F2E,0.18827503153886488
CC_46C0DFA660B0,0.12812011156155387
CC_46C2DCF84CA0,0.09908178141349581
CC_46C38B9F0D8E,0.09957451116165744
CC_46CAB9AE7C87,0.5396829476433228
CC_46D0D1ADEA59,0.16212203590076218
CC_46DFC1AA0821,0.7535625450339001
CC_46ECA5976180,0.1306507939739991
CC_46F5F6D27991,0.07905639107401377
CC_46FE9F226120,0.23602788854836898
CC_47130CC63FC5,0.1539102515652047
CC_472330768F5F,0.09038734067752036
CC_47292EBB8BD1,0.12586436920280508
CC_4734AB1281DA,0.05975122604590444
CC_473989E6BA47,0.27207156731151805
CC_473AE07014DC,0.1589415130612134
CC_4741EF45C3DB,0.21970439731928532
CC_474586BE49EB,0.1395672731391742
CC_47490BF44944,0.3076888617989771
CC_477213DAED38,0.08924818362049243
CC_4778086276B7,0.13277436744513318
CC_47910B073CF3,0.1814431510550652
CC_47939776FDF6,0.7080934858513532
CC_4796F6A64420,0.06622519175208745
CC_4798549B52ED,0.30956597721682444
CC_47A3714E7D2E,0.31257795216809026
CC_47CE219EBAAD,0.1752344620181344
CC_47CF9074E03E,0.1643915610586654
CC_47E4537A53FD,0.15069855499783819
CC_47E8BC938FA1,0.1516802359377477
CC_47F134D17818,0.11929142848707011
CC_4812FBE05C7C,0.3626565281279507
CC_48152725FAB1,0.5174083176429478
CC_482256495FAD,0.6638957992506062
CC_4829FF15D21E,0.1383272994178751
CC_482D26D81935,0.6395684816833117
CC_4838990A8D02,0.07311140735878832
CC_4862EA9CD1DD,0.04945849861776112
CC_4862F8C1B0AC,0.08599961806439801
CC_486CD67D26CF,0.17619635396273114
CC_486D8F9AE549,0.3095486193358105
CC_4877D1BDB737,0.11907346043152181
CC_4885E34F0B26,0.13309396794107853
CC_48928CA8082E,0.15648106087833485
CC_48A74FF0E6C5,0.09083285475646827
CC_48E0791DDD62,0.07289972067667275
CC_48F620B6A472,0.10959785677873075
CC_48FDBB1D7493,0.1357586621353346
CC_4910EC928152,0.13120135527743634
CC_491C18C17767,0.0657418676298862
CC_492F65EF8D9D,0.7816303701704892
CC_493DDD53B97E,0.052967143323725915
CC_495F82AA5B9B,0.16081100912630694
CC_49618412FF86,0.08664724295516656
CC_496A7CFA344D,0.7414439536941799
CC_4983EBABAE3F,0.06542310634754427
CC_4992C1915957,0.5780692620575527
CC_4993B31028A7,0.08921098255322148
CC_49945441A644,0.18308824587928765
CC_49A80692BC68,0.12370006400835826
CC_49AB67613A58,0.16669423064152628
CC_49B05CADDD95,0.5452224134352246
CC_49C6F9AD111E,0.09914841061632021
CC_49CEB94F0B3B,0.04262666537632094
CC_49D3A79B55CD,0.08795464473297188
CC_49D6671DAE8E,0.12273427251020227
CC_49E6C539B1CF,0.055322864407667934
CC_49EEDF0DA684,0.035263155812529284
CC_49FC290E33A7,0.17441516826147568
CC_4A01CF2F67D2,0.7159282649669513
CC_4A16DC668832,0.5316377521923383
CC_4A212461781C,0.0718659738831794
CC_4A237A8E6706,0.13714509602942895
CC_4A3DFA0E27A4,0.1418798815082658
CC_4A513D39DCE3,0.04935418070043391
CC_4A532B0E6165,0.1627239455941992
CC_4A5FA9F1C804,0.0965963467423285
CC_4A7BDEC665FF,0.05237341871199665
CC_4A7FC9B23222,0.3274962855620517
CC_4A8A7080FA25,0.27478237054414206
CC_4A8EFD589879,0.05626014183145798
CC_4A8F7D2B857C,0.17792782108694055
CC_4A91E8D4289D,0.397306272860669
CC_4A93163A12F4,0.32726462859020095
CC_4A9FEF48EA65,0.12678719019494203
CC_4AA73D751AA5,0.32647873454809984
CC_4AAED0C85F70,0.14679358403036935
CC_4AB1DEF044AA,0.03674134649278503
CC_4AB5AE299217,0.1838512953520584
CC_4ABA0CDC2270,0.18310829900298842
CC_4ACFFC2F295F,0.6553250126851079
CC_4B0490BAB1B9,0.0716609210673719
CC_4B28B03CEFEA,0.09787440939349011
CC_4B420765EB9A,0.12055298420159864
CC_4B47C16D9867,0.11963799420312146
CC_4B494C4D7D03,0.4123022149137623
CC_4B4C84B015C2,0.04328485771718547
CC_4B607295E983,0.04572862715602678
CC_4B6D24E81483,0.06096320528266436
CC_4B77AF6FAF2B,0.6656479464794989
CC_4B7EC3F2FFBA,0.05599236879430532
CC_4B85318DFA50,0.12412674589607395
CC_4B9B36B36DA5,0.7339110111263404
CC_4B9E0AD5D692,0.5246131685020702
CC_4BA041C9678C,0.1159322059564444
CC_4BB40F2129A6,0.09317637728912484
CC_4BB8FD274E2A,0.053704489310136494
CC_4BBB8118FBBB,0.13763400238981513
CC_4BC8CB91719F,0.12897386291385665
CC_4BE447D54BB8,0.15805956895190104
CC_4BE85B1BDB62,0.3311407430372879
CC_4BEF3C7F6395,0.2650372368303695
CC_4BF03FF61B97,0.4224216857055955
CC_4BF4C38EAE8D,0.22984294906859426
CC_4BF95B8140C8,0.0983731238081954
CC_4BFE0CB61B5A,0.4222448491672939
CC_4C2A3F254101,0.37604514247731535
CC_4C351DEB6230,0.22506123161625274
CC_4C38031A2A9E,0.109168099016591
CC_4C3E35875F03,0.08833748649223255
CC_4C4D79F933B2,0.13122548135314335
CC_4C56497F4AB0,0.6554458486655924
CC_4C827B493CFD,0.16535529722815143
CC_4C849C6073AF,0.11592072828890394
CC_4C869E6F618A,0.15747669123446822
CC_4CA21C15763D,0.12094160654112474
CC_4CB2F1CAE684,0.11266741403532435
CC_4CC0265E0778,0.05378747382712602
CC_4CC5483903E9,0.5613724877321983
CC_4CD7C76FE235,0.42690784029943574
CC_4CE2BFED4F4C,0.08168304110634131
CC_4CE751CB58FA,0.39773946240063923
CC_4CF3E184C500,0.03997877314992765
CC_4CF668E60D64,0.27087008230498405
CC_4D1A1AF53E18,0.04420661472067604
CC_4D29155FCF33,0.18657465140651458
CC_4D2CC7618AC2,0.5407497963150545
CC_4D350FF7402B,0.34966670841604225
CC_4D38AE84E3CB,0.1941613219801922
CC_4D4140E1056D,0.09593426144117814
CC_4D5545FAB130,0.5418843735201825
CC_4D55E218946E,0.10093750067789706
CC_4D5E14BD6AFA,0.10565158566934825
CC_4D78935D66E9,0.057947455711464105
CC_4D883AAAC6C9,0.03480668447824112
CC_4D8D8108C51E,0.6195381886509485
CC_4DB40331777A,0.7903622798213967
CC_4DBC8652D26F,0.08548897077694147
CC_4DC0E154EBB0,0.7137507792964788
CC_4DD5B8780C4C,0.08728192273150527
CC_4DE0070FF683,0.11302053942458828
CC_4DE688CDBC27,0.09712027176512016
CC_4DF37857FCEF,0.06643029724853457
CC_4E20F0249BC6,0.7538902783404989
CC_4E2F01B7B9EE,0.16106200062478854
CC_4E41C247B4E5,0.17118561540784066
CC_4E479F6989A1,0.06737051555106247
CC_4E48AF17BC29,0.07764230866016675
CC_4E6BE67E3C4F,0.037014991073004905
CC_4E70939C5933,0.4487347948553433
CC_4E70FB172717,0.1778353420882089
CC_4E726EE8C026,0.25452989363977363
CC_4E76F48DFDEF,0.10121507676296987
CC_4EA180B2B913,0.03504077273784608
CC_4EA67A160C3E,0.6080276331026724
CC_4EE41FC91AD2,0.18596786702754675
CC_4EFECC6C2E36,0.6766325136216003
CC_4F22CB97C34F,0.043167313528785736
CC_4F2444DC6C75,0.7921244903194837
CC_4F2B7F512DD5,0.06673185236428736
CC_4F504A9744FB,0.12331526407637203
CC_4F6FEE589187,0.14914432932043314
CC_4F71AAF96C32,0.09090058831325426
CC_4F76E57C55EF,0.35167757490861895
CC_4F88D3E5AA2E,0.04036254813624515
CC_4F8A4384F6DE,0.13868089656589505
CC_4F8D83DCCF25,0.22494165653705217
CC_4F956AA47816,0.6768043960400796
CC_4F99FCEA10E8,0.10630181789047383
CC_4F9F10A183F6,0.07270511100310868
CC_4FA766935F14,0.12865545148472562
CC_4FB0B9E398F2,0.3501846934492407
CC_4FD0DF6CA3AA,0.0550524648328804
CC_4FD902F7ADEC,0.08057414403801658
CC_4FF1155E3A6B,0.38027964193757446
CC_50103368F241,0.08560206640425322
CC_5012B9991935,0.10141015809181385
CC_50172FF2C2C1,0.14050424595957672
CC_5017C9BA7773,0.059438829857676484
CC_502C3D0EC4CA,0.12261013469538268
CC_504157951119,0.04862616563233288
CC_5042938B5A9A,0.43594318964553225
CC_504A57293FE4,0.8030402546061857
CC_505812CFE43B,0.35594328727498264
CC_505A6EB06E39,0.331224946857915
CC_5064CCE0EF29,0.21132471139418346
CC_507BDF639FB5,0.1887295601517077
CC_507E53684AB6,0.1388034593038943
CC_5087A0D1765D,0.23607362398551546
CC_509229AEC221,0.18367032310177633
CC_5092D3A72B03,0.21591529896710943
CC_5092DF691F74,0.5193017295712553
CC_5094BB59416F,0.23294206893282177
CC_509926B384D8,0.768210480785771
CC_50A6C96DA7D3,0.05564714937877041
CC_50AE75A10F3B,0.2840281732198391
CC_50D4BB93EB1A,0.07035133928023696
CC_50DF7B02E356,0.17805666852165208
CC_50EB53CFE7F8,0.05264408155298436
CC_50FC7D563CE4,0.1595200213947569
CC_5100E6EAA3FF,0.19308930487337073
CC_510F2944B2A0,0.11755136782722475
CC_5128881AAD54,0.15719652895022032
CC_5138941DB7A2,0.1627774909854247
CC_5139EF8BEAFB,0.15654020293778542
CC_513E5EEC6B04,0.11349924636234673
CC_51427EF15375,0.28103841657864814
CC_5147B281DA64,0.38201246057774696
CC_515D968ED36E,0.08348809073560462
CC_5176FF858154,0.12459926889869924
CC_517CB40FB016,0.08580147625754939
CC_51884D5F3E4D,0.1070315326623559
CC_51AE98263438,0.13728336863457533
CC_51C9CE782368,0.1563388659090325
CC_51CC80D1570F,0.060439266840135876
CC_51D2E3476902,0.07268619295715287
CC_51E05E706D64,0.12657506725279455
CC_51E5A5E9801C,0.05179834788387597
CC_51F5DA44F9A0,0.37425529050491024
CC_51F6BDD355F4,0.05509585017978741
CC_51FE657FE212,0.08854601000150294
CC_520950C9BAA3,0.06238411807689162
CC_520B1D31AB99,0.12070455685062603
CC_522550E1761D,0.7561940354430028
CC_524CD519E76B,0.09767513897137992
CC_524FE9E3DAD3,0.4339769610860591
CC_52629A025048,0.11091950913399544
CC_526765FC100C,0.23771784182781086
CC_526E56249FFA,0.32815694433889925
CC_528B42A34966,0.2675949597911309
CC_5292B36E4882,0.23657293140256636
CC_529A2F110236,0.13807411069978284
CC_529BC4ADAD6A,0.2086190499820642
CC_52C1C5A6F887,0.08758839251241031
CC_52C3B674FDFD,0.2188718325169089
CC_52CCBB8F9964,0.08493418424965549
CC_52D21FFA24DE,0.7226997701648623
CC_52D32EDBAA78,0.18124046941098157
CC_52D7821A8363,0.1353100400638797
CC_52D9087EBCD6,0.8096947547110318
CC_52DD62E1AC2E,0.18254360519894292
CC_52E8B04F0FA0,0.11663916296002177
CC_52E965E9E2C3,0.14803346795880154
CC_530BA492842A,0.30514076640380194
CC_530F6E906D6B,0.035279411050757874
CC_531FCFBE3B13,0.08452374922434205
CC_5320DFEAD897,0.179605294552718
CC_53319AE7B829,0.663493620036927
CC_53481151859F,0.044241109795170416
CC_534D4FC05F82,0.1952915672716481
CC_53687DA8C9E5,0.3494435924108612
CC_53795A7B7751,0.04089945552033181
CC_538328A6B3BA,0.465012664549675
CC_5385266461B1,0.17540313480203382
CC_53891CB35BF8,0.15108281977987775
CC_53A6E1083B13,0.06917754519964762
CC_53A77DA726A4,0.06716919195377696
CC_53ADBC2F6E34,0.21934622926150094
CC_53B249809561,0.09163525929028996
CC_53B2DF5B019C,0.05543151105630317
CC_53C1F3E031A3,0.17692250416950328
CC_53CBF2E8AD05,0.41235189262060784
CC_53D04793ED9D,0.0712230963800301
CC_53E23A9B6F74,0.07003349983332724
CC_53EB59C99100,0.3980929740597312
CC_53EB9AC04311,0.10390188389128475
CC_53EC732C9B30,0.031944035088852685
CC_540122E71534,0.14516574814194927
CC_5405C89DF8BD,0.7039299327672153
CC_540D69F5BA23,0.15591183494057442
CC_5414446319CC,0.7028838054660737
CC_5418410F95A2,0.08021887614760939
CC_5431A01C30E4,0.08937529302773164
CC_5452437FC605,0.3926221676636745
CC_5452979BF98D,0.064278408787897
CC_546EE83F84A4,0.5048151186160681
CC_5473268241FC,0.15589683424919323
CC_5474EE64D859,0.28767834297104267
CC_5476E2B2FCA0,0.12038194334349445
CC_54892024F98D,0.1806010631325239
CC_54B33C66DCF7,0.09866680478548227
CC_54CF66B660B4,0.4247900425899048
CC_54D3A35EC69F,0.06736442627412713
CC_54D6AE2665AA,0.11541854765436813
CC_54D93974E62F,0.3295906527457933
CC_54F5F552A0F2,0.1252899586795191
CC_54FC3B361BDA,0.08293448462080795
CC_550135E8FAC6,0.14258738400170964
CC_55020AD0D117,0.13379059419858158
CC_55094AF7EFEF,0.0991754675788023
CC_55126E23462E,0.04361723956823803
CC_554C21CCAF3E,0.09699540145034592
CC_554C912C7DBE,0.08212797996341252
CC_556B02A2B401,0.28757159749299754
CC_557A0B0CD0F4,0.1657104711101916
CC_559A14E729EB,0.316217825130923
CC_559F0DD4E4A7,0.31321452482978873
CC_55A82B4E57F6,0.14981505257692718
CC_55A98ABE4C75,0.13164733741859946
CC_55A9D45EA466,0.04489524775174695
CC_55CB872FF50B,0.25324408065372905
CC_55D9E3D58435,0.18282804238279976
CC_55DFF3C3BB46,0.08217380488484217
CC_55EDC3996984,0.15921953461891986
CC_56013299D8C5,0.09302102886823035
CC_560B519C1F50,0.08250659962297227
CC_560CABF0F5D0,0.21996582624986044
CC_56178AD87948,0.25318211368953947
CC_5619A7BB54EA,0.10966360545653621
CC_5624319D7B28,0.10547070947466926
CC_5625119D6C37,0.2011660677586965
CC_562BE7245E1B,0.7075789226254349
CC_563684010DF5,0.5739344284271545
CC_563EA9A29338,0.10622012458664679
CC_564590AFB575,0.037213659188083476
CC_565E01191BF6,0.608362136160825
CC_56612A039382,0.057588291626056894
CC_5665FB827721,0.5821947399653008
CC_566932C3CC97,0.10100117062142683
CC_5671D59B2A51,0.12746463558364474
CC_567E7DD24A97,0.09051564017787514
CC_567F47F37683,0.03887166034642424
CC_56847A91065C,0.09734793028672764
CC_5698480F8634,0.05889450565873866
CC_5698B024CECC,0.5825091870390567
CC_569DC051A2EA,0.11182432391659419
CC_56A322152604,0.3270194864882257
CC_56BFD9A8335D,0.330048926556695
CC_56C9379BADB6,0.04142109747118684
CC_56D410FD8F56,0.3478601235865554
CC_56D4549919EA,0.17552058509009238
CC_56D918CA6353,0.12498120113365295
CC_56DB30CE666D,0.15273792051694957
CC_56E760C3206D,0.24285106423129516
CC_56F73F905615,0.8110014297060324
CC_570683C088DB,0.13970280974503674
CC_571C6AFD00ED,0.37972601064692696
CC_5725663C3B89,0.11111251739215325
CC_57291D7667C8,0.17026586668115762
CC_57313F6E7927,0.18758386580506414
CC_5735F9B859AF,0.6219079122900371
CC_573B34826B2B,0.6392923335184779
CC_5744447CAF7A,0.06000331182447456
CC_574CC0FC7B05,0.10620012498250574
CC_5759E2982909,0.0757504025433238
CC_575CCCCDD7B6,0.6443848657244317
CC_57603A37D19F,0.036889348690950535
CC_57639D4995CF,0.2199081412572483
CC_576E6676FD55,0.06968728600492144
CC_5775C148E05C,0.12128700962550817
CC_5798E560E9F3,0.7654574932913508
CC_57A486F61065,0.6000600718431643
CC_57A726458B99,0.058945733431618685
CC_57B0D41BD7D3,0.35450574107059607
CC_57B501E60C35,0.07241765429901967
CC_57CA90509CB1,0.7270506856942341
CC_57CB7673547B,0.07265133479973723
CC_57DE479CB61A,0.7382477384185924
CC_57E7F1A6B895,0.03725221295181018
CC_57F13C4115FA,0.3509313109607852
CC_57F480CA9A42,0.08752806926545889
CC_57FDFC6DE726,0.2605893303416821
CC_5810468B76BE,0.153358406973631
CC_5810F212B2EE,0.31090147563815773
CC_5817759E7007,0.1459503280360009
CC_5818B5089B3C,0.11013762891727522
CC_582C78363EB6,0.09913152944762696
CC_58391600720C,0.15111884764965694
CC_583D7B177F85,0.0776532222731183
CC_584C11014F63,0.1391246988817485
CC_584CDC12578D,0.062470425551927666
CC_5852F443C55D,0.09054177247029464
CC_58565AF0F70A,0.5087903388774664
CC_58568DF9AECF,0.16916392717706066
CC_5859EE6309D5,0.4366018241229567
CC_5872B45E1C19,0.7323068007740712
CC_58797A417EEA,0.22730832142110846
CC_587A4844B482,0.22829981314458028
CC_587C0CC3DD82,0.6491480908958941
CC_5881A04052CE,0.0945605098485727
CC_589A4E02EF81,0.1446815476846578
CC_58AB46E5655E,0.15719756274872274
CC_58B0CFC9F3D2,0.054180352098941745
CC_58BEFDA6B4C6,0.11915063079920299
CC_58D95C7247D5,0.05741910450740723
CC_58DBF3409D48,0.059769796040430125
CC_58E35A47B880,0.17587490891149052
CC_58E40EFF57CF,0.40445455259210533
CC_58F551219BD6,0.0489264627401428
CC_58FA76C6C45C,0.5802941044993135
CC_59018149723B,0.0573306799867554
CC_5904459ACECB,0.7829769254355559
CC_59088B2886E8,0.032028124477639384
CC_590D2E0AD18E,0.5824757609361844
CC_59146CA05E8C,0.05911900159274891
CC_592592397DC2,0.502276385356957
CC_5926F5B4E054,0.15387496554859392
CC_592A5A163624,0.33154103713965016
CC_5941C323917F,0.07887972615231652
CC_594E4E86A1C6,0.21723243811924275
CC_595ADAA76A32,0.08727607903120771
CC_596A20270C3D,0.1839149328896221
CC_5970E93E11DF,0.2825625070861606
CC_597AD111527C,0.11677251397139309
CC_597FDFFA265C,0.08872413773905996
CC_599C287D2BAA,0.3822201138219954
CC_599E345094D2,0.1297531590064524
CC_59A4741B5A92,0.183115851628045
CC_59BB3A5BA2A3,0.6041472195450334
CC_59BFD1200F6B,0.19448717398008014
CC_59C07CCAF4E0,0.20671043560475594
CC_59C49474B501,0.14114087723035304
CC_59CFBC2CA471,0.5699689530366718
CC_59D62BE0C0C6,0.10743634431652163
CC_59D86F572716,0.11396593042391073
CC_59DF71FBA4B0,0.04462625730139654
CC_59ECB7465DCD,0.06325877482406289
CC_59ED43A803B3,0.03295227863153393
CC_59F5E81F4EA0,0.13394972744798456
CC_5A10371BE7B1,0.7979676721163274
CC_5A2F9A594A05,0.5679672661284847
CC_5A38E46246FC,0.42828107830701057
CC_5A3F52B0A07B,0.21677201900415383
CC_5A5507A49F6D,0.0977352547101178
CC_5A58A5E6DE82,0.10691386483258757
CC_5A5BB6DC1018,0.20894109172414096
CC_5A5C0DF50E01,0.1169105855867954
CC_5A633C535360,0.08912135293420109
CC_5A67E62D8D5E,0.6298314788064856
CC_5A6BA0007593,0.1171510974116229
CC_5A7513434C72,0.03872119336899038
CC_5A756D8AE60D,0.2474200235020524
CC_5A7C13841B7A,0.6510675385810779
CC_5A7CBB6E8716,0.21273029201516863
CC_5A83A1E25A2B,0.35956486630421025
CC_5A86EB53A14D,0.7265135557321726
CC_5A89E13CE597,0.18841427498108185
CC_5A9466D0CF9F,0.10843291511957749
CC_5A95331BD0C5,0.11271533614756202
CC_5A9F63C3E428,0.07129837625845445
CC_5ABC76FF707A,0.05995927955878421
CC_5AD0F1B43457,0.09746655815470179
CC_5AD82250C271,0.03944418470306104
CC_5ADD27165E38,0.7246682045990736
CC_5AF32E5C8018,0.041067574109738034
CC_5AF3690FA0B0,0.1827812577144296
CC_5AFDFAA63B45,0.15891204408622175
CC_5B025DA26FE6,0.049923894686106446
CC_5B07C7DE7E7E,0.22460820084546276
CC_5B08171A6880,0.19181366006084694
CC_5B09FB1A0BE2,0.06860291489962142
CC_5B0D6BA12702,0.4572954715128291
CC_5B0EF2D4C3CC,0.15319297751710967
CC_5B195D88C182,0.3691172565619315
CC_5B1F6FE71A38,0.060981782207433395
CC_5B247961602E,0.06424249314515633
CC_5B276421F4CD,0.05185716502507976
CC_5B289AFA1662,0.2641376845065064
CC_5B3A16421A31,0.053789838669803
CC_5B3E78897EB7,0.06966158715399833
CC_5B480B44A9B1,0.14336913681468302
CC_5B546C3A21F8,0.18049579225888168
CC_5B5BC4023EE7,0.12794614803528254
CC_5B6D63DD34B7,0.09291050040411522
CC_5B6E868912E6,0.06828551709553912
CC_5B818D2581FB,0.12740073320994572
CC_5B82E8BB921F,0.3090147789466411
CC_5B8E8DA14EE6,0.17782497207281345
CC_5B900A135A69,0.08454766389724061
CC_5BB64BDF3C99,0.10613799898224643
CC_5BCB2C79D1CA,0.2311944899980484
CC_5C072DB8586F,0.056914917448069265
CC_5C0BEC2A0850,0.06853037505684596
CC_5C24010127D1,0.32671610607429014
CC_5C2DAF5E0EB7,0.4065413977112457
CC_5C3E8DB90978,0.14125409532918706
CC_5C4A7CE69975,0.30135616431039114
CC_5C5766F933B0,0.475517260249672
CC_5C5808240054,0.09275300044403248
CC_5C5D6E15EA27,0.20921046695161577
CC_5C60C4545922,0.11075029369329184
CC_5C626D70F6D6,0.15296964394195847
CC_5C670F0622BF,0.06110018117805905
CC_5C799E57EF53,0.053160951348347654
CC_5C7B44735AF4,0.1661567288408039
CC_5C7D8DF047E9,0.18064817824147594
CC_5C80F394EFC3,0.12483200197893835
CC_5C99E6189441,0.08619517749526658
CC_5CA9AB4A6AB4,0.12200537376171432
CC_5CB78ADD2432,0.136377836918454
CC_5CDE37CE08CF,0.05203358260001077
CC_5CE258D12432,0.36612314327076656
CC_5CEEF006ABF9,0.05331637705849847
CC_5CFD2850E277,0.24077590976626412
CC_5D01F71B9FAD,0.10233190540147348
CC_5D065A455A45,0.1749308893066297
CC_5D0AA7D4954A,0.25570793018277377
CC_5D242448B812,0.11923974693640152
CC_5D2C5115BDD2,0.17367335367091402
CC_5D3273E039AF,0.6966310622716696
CC_5D398BB3365B,0.0896983306910829
CC_5D3C1CE64952,0.09675757268357862
CC_5D4B0EBB5CD6,0.11044398857983152
CC_5D5E897588D3,0.09381635002996594
CC_5D65F25FFB8D,0.054821514743515855
CC_5D665A86C465,0.11555018472502507
CC_5D80C353E475,0.10228658861112383
CC_5D8895A0AB4C,0.17021854705145362
CC_5D88A673BF50,0.21103690245019013
CC_5D89688B69A9,0.38564347081915057
CC_5D8AC8E18A8E,0.07638554174356521
CC_5D8E7DC2FA6A,0.5452741382759654
CC_5DA29AD9E85E,0.0579187403516442
CC_5DB286EAC626,0.2967545058210031
CC_5DBC1BB95B84,0.7902203021711962
CC_5DC0A465470D,0.045188969529697164
CC_5DF82CB03C3F,0.10849957269665339
CC_5E001C93F359,0.05360985271130918
CC_5E029094A55C,0.6737331067063691
CC_5E0808121A65,0.14942806669027758
CC_5E1117E4E593,0.15108143430294707
CC_5E1541060A97,0.7220306960891667
CC_5E1C11540C0B,0.0968565919465537
CC_5E1DC0E143F2,0.1570191315997762
CC_5E206AC277E4,0.255165660505523
CC_5E22B4BC8B12,0.0919706554077303
CC_5E22D889B6BF,0.10409804924446514
CC_5E38425EC99F,0.7211842794149593
CC_5E3A70C2077A,0.1575389027257762
CC_5E5607D275CA,0.12296476167690881
CC_5E73C3D2B3EE,0.17163515622528694
CC_5E7F23A07A71,0.09873526866942911
CC_5E80A96974B8,0.22532857175464568
CC_5E8C0453B9B8,0.2908005532649891
CC_5EA599FBA5E0,0.5543847354656506
CC_5EB379BA6C7A,0.11843326972281079
CC_5EBB96F65AFE,0.4351932037831918
CC_5EC41568C2E1,0.09721762098674422
CC_5EDB5C924107,0.2579224233352338
CC_5EEE5D0FF8D3,0.1915233766305439
CC_5EEF07FFC243,0.07858216881737629
CC_5EEFD690759A,0.08525321772757471
CC_5EF2176F01D5,0.11188602324407976
CC_5F17CA33D26B,0.07396185716285558
CC_5F20750D6658,0.19317147588413344
CC_5F2CE32A6EC3,0.1227809451970976
CC_5F328EE757B6,0.04985184430406908
CC_5F35B8D87D06,0.2176575379126584
CC_5F390BA40E83,0.6886527810464735
CC_5F59092CA9B2,0.11716971417940372
CC_5F5916E96E19,0.1598625180270026
CC_5F5E835B9E6E,0.07923615628969721
CC_5F648D39D67F,0.5837887171629346
CC_5F6D4104C808,0.17334192297253223
CC_5F72EBE104D4,0.03332723303662389
CC_5F765C41F051,0.05460631656659402
CC_5F8859A6F0DB,0.033604722743766115
CC_5F88ACC7C384,0.11987115283818495
CC_5F89DFA97B7C,0.5147413597840907
CC_5F93A3E31DD6,0.5709984303595308
CC_5F9A44423DD4,0.14658804840522388
CC_5FAA7965BD71,0.11550082325321581
CC_5FAFA265CA02,0.3489485607754102
CC_5FBE1A34704F,0.17599671157065164
CC_5FCAA919577A,0.21301034532508178
CC_5FCD208ADD77,0.21149510196967808
CC_5FECD2BB0094,0.08835050806956612
CC_5FFDE52E6B7A,0.09302201894039949
CC_6002BFD3F26A,0.1488990891047443
CC_600311592F72,0.053827834204840594
CC_600AE12112D6,0.26654248044856177
CC_601C3178E38D,0.18830731042133292
CC_6037EEA42F2C,0.3564141515160417
CC_604C08F76272,0.6724670355948535
CC_604C72AC662C,0.1484532097861047
CC_60510AFA8A87,0.13896823032106567
CC_605E2E26E52A,0.20674009779344218
CC_605E3904CD8E,0.11444078736276742
CC_60611B935106,0.141257502749427
CC_6061787228F8,0.1549712142169256
CC_607270A72DFD,0.2491075560434557
CC_60738E418DB3,0.11282883339190937
CC_60961DF8A134,0.14390777433139074
CC_609B7A7FA165,0.07421519658002618
CC_60AC5C892D01,0.11050193109196901
CC_60C09FF84412,0.16606858641751077
CC_60C87349D73D,0.31772673138863056
CC_60DA2FBF1FBF,0.10655922777802171
CC_60DA539A39FD,0.16957725792127623
CC_60E974A0B278,0.06308876997276078
CC_60EF7D647EFC,0.05031146159260105
CC_60F525A39898,0.031058574904802308
CC_610009B69EBA,0.6708288141762376
CC_610FDDF5FE54,0.14596527674213144
CC_612C06CB5FF4,0.10470735248279833
CC_61307D82CC26,0.6644293340026228
CC_615030FD33CC,0.7304953179659365
CC_61649241FE59,0.1645471264124595
CC_6170051A606A,0.17072402858507502
CC_6179A630658E,0.08003658816737151
CC_617BD59427E7,0.090156449528614
CC_617EC8BD5153,0.22535163782391865
CC_6191E14D21BE,0.05991093005079057
CC_61A798B8D222,0.043832934319598664
CC_61B4A983D1A1,0.07157168882730655
CC_61C9732AA682,0.728054808218652
CC_61DC64E37471,0.057202729086385073
CC_61EAF14033DB,0.11323889061853883
CC_61F18E0C218F,0.06980174230224341
CC_61F1A1263F5B,0.1605089950762134
CC_6209EA426553,0.047785653408404516
CC_622BD8CB3807,0.2818364862071985
CC_6234A9617A7F,0.09197292798775816
CC_623AC074EB25,0.18326005346782986
CC_623FAACE8A80,0.04739626736118001
CC_6244E2935407,0.25605097510407715
CC_624535E11F69,0.047348589699294036
CC_624EA2917CDD,0.6527785442505595
CC_62565D08DDDD,0.7656485803387048
CC_6268ACD3F95B,0.5134350025381537
CC_626B61F4789A,0.6076592210694683
CC_629193C2A090,0.25963592498881516
CC_62933641AC43,0.2862754568953684
CC_629480877536,0.355415812767508
CC_629CB045D9FE,0.08923217522525607
CC_62A84BC400F0,0.27827233271457136
CC_62C36DF81797,0.1715135595227906
CC_62CC835CAE4A,0.6314765192996729
CC_62D4192F126E,0.7502866603219006
CC_62D7A3C9483D,0.05940363590751636
CC_62DF1B99B4DA,0.11471482706639163
CC_62ED7BA3E620,0.03884238237008851
CC_62FC001AFC78,0.09159974090110481
CC_630412B4AFDA,0.17335066723215187
CC_630903AD39C1,0.03619335349928608
CC_630938DCC1B5,0.056764508335201774
CC_630ACED773E9,0.4501311080490441
CC_631E1690D913,0.06763063853591435
CC_633A7C7FC25F,0.2565345263833409
CC_6342051D8FEA,0.23511395336787802
CC_634CE4E8AE49,0.19641650863771476
CC_6359692F5EF6,0.12859108191912821
CC_637278423A6D,0.24616058036622818
CC_6377AB848081,0.09887836383118451
CC_6381A65E0A3D,0.0958148224079782
CC_63871B4814E2,0.11507273380035046
CC_638AD269F05C,0.03169401734898028
CC_6391AE0FB83F,0.14887573478632016
CC_639703EE2ABD,0.03915135235048546
CC_639750C87A7A,0.7311494630628129
CC_639B1DCECD2F,0.1579534538681932
CC_63A869443AC0,0.4306846650611776
CC_63CCEE26BCAE,0.05013690182644813
CC_63D51CECB6D2,0.24563054572258813
CC_63E53402FC02,0.03763098208408834
CC_63FC6895901C,0.13813950459937913
CC_63FC8A97D9C1,0.1260307531080927
CC_64117B93EF73,0.3550371467904083
CC_642D9C325F1D,0.30871194464359686
CC_6436B950E22B,0.19759697366172035
CC_6445BD3DDB6E,0.03465396215813878
CC_645C15569E42,0.11689423374607492
CC_646472AD66EF,0.08565240730915594
CC_646B8254357E,0.15486450765121057
CC_647F4BB4983D,0.6741869523555009
CC_6489ECEEFD0E,0.09676523836416717
CC_64946E57306A,0.03540899981370658
CC_64976830B0B7,0.3397510474422647
CC_64BA10F3FAA1,0.09458345423141669
CC_64BA39A0DFC6,0.08920838540632817
CC_64CF9A79EBFC,0.10444829547876847
CC_64F0E0473D1E,0.09461341159233841
CC_65006C2AB2D4,0.7610344299266628
CC_6500BD19FA06,0.3171607131233649
CC_6504DCAA90E1,0.08797110084745235
CC_6509C7361994,0.17136817204004207
CC_651486189673,0.10929387408025348
CC_65194BAE506A,0.18521727647038666
CC_652539353439,0.15641727633355754
CC_653CE5FA5A76,0.31765879116023044
CC_6560C2F4EDA4,0.1999822705476843
CC_656137F98187,0.6369320886018062
CC_6575B4B39113,0.03807906030907554
CC_657F629D31E2,0.22896763914284018
CC_6580B7583ADE,0.20790334785265566
CC_658477BA75D6,0.04690469495265113
CC_658B7867BE7C,0.11889749663465879
CC_6593FE5349F2,0.08700444084016483
CC_659EE0F05A75,0.348667971461177
CC_65A0D8134410,0.2341042082704628
CC_65ADD5A19F64,0.10996689110548188
CC_65C3F0F73BB1,0.08800924015412774
CC_65C47521C285,0.0502272201236304
CC_65C4EE0B737C,0.2385011699521587
CC_65CB68404333,0.1993964131321822
CC_65D6DFF1B766,0.1179622202693053
CC_65F1545C35E1,0.18818710328293625
CC_6602547E2FCF,0.20705024031763863
CC_6615D7044816,0.27435253016018535
CC_66244D4B72EA,0.09492820234848122
CC_662E5AAE07A8,0.04668986295517437
CC_66322B339E84,0.045544865151270444
CC_6634FD4B1CD5,0.7723326757780298
CC_663DCEF4923E,0.21316607154426914
CC_663FE5BF918D,0.42507390865753153
CC_6645798E740D,0.08557999783758087
CC_6649736C8321,0.7778865854426074
CC_664E1026C4D9,0.2492965895827547
CC_665603C4A33B,0.06483575468887592
CC_665BDD9C8039,0.36981719542371594
CC_665F2AD58363,0.2177885280191702
CC_666767444BC3,0.21651687728277294
CC_666C0A2A8674,0.05628600861582041
CC_666F2BCDC7D7,0.18798104246796352
CC_66775178B226,0.06546336765051977
CC_667B6F8C846A,0.6456871837488807
CC_667E909835A4,0.19527082943652962
CC_66809C278FCC,0.1987670408607814
CC_669CCC44CFCD,0.07043230723232906
CC_66B0BD3F6516,0.2961783330346112
CC_66BF02C05DD8,0.15221474030792773
CC_66C491256BE4,0.06327587151986522
CC_66CEFA65F912,0.3504390252336125
CC_66E025DB3282,0.6377393357985408
CC_66E7B423A32F,0.6437838958053625
CC_66ED26E7BAD9,0.07854558397709438
CC_66F7FF7735C3,0.19417750512027868
CC_66FD0CE6D57B,0.05720499830002837
CC_66FFFE05C2E8,0.09280434802059472
CC_6700012A39B8,0.13507048854178388
CC_670FC6A064F0,0.207390495669093
CC_672932B65802,0.07659420136279221
CC_6742C6478F98,0.20550379081812392
CC_6745321663BF,0.05695516036351816
CC_67579CF57290,0.14485663472278187
CC_675F7483FB90,0.19602712314043966
CC_676ACFAA6131,0.6771934247618346
CC_676B423C495A,0.6084594266692824
CC_6771C0D1CB1F,0.05420717155439479
CC_677EE0369CA7,0.07706112239971757
CC_677FE35855A9,0.20778008429228628
CC_678091614A14,0.12302396293055781
CC_678A43ED0803,0.6182897165469989
CC_67955C210226,0.08844183359960855
CC_6797E0B01112,0.2137626689570774
CC_679D90941842,0.15387577775397693
CC_67C05273700B,0.11628003136379604
CC_67D5172B6450,0.1678162308031632
CC_67E8CF412D93,0.10243951912341964
CC_67F6576A6836,0.27190950635446776
CC_67F985A00A12,0.05088200457837575
CC_6801AD1D4478,0.07599221902425471
CC_6803BFA94B17,0.05418586308878602
CC_680B16E5E240,0.1341999391352513
CC_680F2D0F4F6C,0.10153927139156718
CC_68221E1393E1,0.1112750037199994
CC_6822590B968C,0.17773384977147716
CC_682D8EBCEE94,0.21245802563150007
CC_68429B4AE401,0.41849565283036083
CC_686B26BDD061,0.056785520068895506
CC_687518442359,0.44814123899535685
CC_6875DA61F422,0.2357460638650619
CC_68A3D749608C,0.19220167874963112
CC_68A9C3CE2557,0.10273758916734055
CC_68B9F8C6D9D6,0.6401453639569992
CC_68BC65E3C84A,0.4197583946410053
CC_68CC4D1D898F,0.07223224602992231
CC_68D0ACBD2D0F,0.03103265551554619
CC_68DA8D5488B3,0.0787393753237782
CC_68E675A69AF3,0.15658685507610018
CC_68FC9E6FA27E,0.1857592739730816
CC_69322F7C4CE3,0.12641223807839475
CC_693710EAD59A,0.19071323226040815
CC_69387752F41F,0.5557736780835596
CC_693B71DDFE67,0.1675102537959445
CC_693D4AEDA3A2,0.11001403569493128
CC_6952171BCD2D,0.15608305839660644
CC_69547DEB412A,0.2438416826599236
CC_695E80DBA42A,0.07476642624761937
CC_69717E76CFAF,0.451638446627454
CC_69741BF89A2D,0.1217580129303144
CC_69825C70EEE9,0.2021830093952318
CC_6985C268DC74,0.4590750636519392
CC_698886C4AD90,0.14669446290819632
CC_6999901A6060,0.16254945651498698
CC_699ABD34646F,0.07639084444112884
CC_69A98DC7A907,0.06359079557766309
CC_69AA6E0DDE10,0.24662914911711498
CC_69AD5A48A78B,0.22678675654766767
CC_69BA7BFF98E2,0.12399668561439595
CC_69BBE365C097,0.05019392626069103
CC_69CD95A00D9C,0.04027173256619629
CC_69D328691680,0.0786907525684647
CC_69D39C9F36F2,0.23499914122057586
CC_69E09390CD64,0.08545452475642375
CC_69FD49E90AC9,0.35663029949202707
CC_6A099AFE73BC,0.1728006182897498
CC_6A099E6C91BA,0.3264072272245301
CC_6A19EB191A81,0.02808565830096544
CC_6A39017046FE,0.08484497844012576
CC_6A4A401F2920,0.38279068499034097
CC_6A5261180031,0.07390995077896384
CC_6A7432494840,0.17532588012752465
CC_6A7963180D20,0.37982606314446266
CC_6A7D7E5F814F,0.5942026320666232
CC_6A8B8BBA749E,0.15304392039072143
CC_6A8DFDB0621D,0.1433651735047381
CC_6A93C436E2FF,0.10665662740509167
CC_6A97F81D9A0A,0.17255905382681688
CC_6A9D1622B4DE,0.30475693068619336
CC_6AA6589445C1,0.6737055189535042
CC_6AA7A87F59FD,0.14689089405987374
CC_6AADD44C0B52,0.0919310987807323
CC_6AB4A5EBA3F6,0.23411659877672814
CC_6ABA7D0ABAC5,0.1340322506203076
CC_6ACF1E52BE8E,0.13092847198993587
CC_6AD3513459CB,0.08196412540525665
CC_6AD4238EE77D,0.19492675534969894
CC_6ADD0FE5DD74,0.6335462058635131
CC_6AE2737BD3A8,0.09153774463011212
CC_6AE48C1F2448,0.15233624228553658
CC_6B00A666A420,0.6651963351906722
CC_6B07C3992304,0.06375442013010678
CC_6B0A72BBD800,0.6421186614886258
CC_6B12B975F2EC,0.3207080349220428
CC_6B12C9507F32,0.17745889175417648
CC_6B34719D93AC,0.6285221239371845
CC_6B34740DD355,0.16543053592293433
CC_6B41081727AD,0.21922111061536037
CC_6B4902892E70,0.0846983498558551
CC_6B5BC2D89077,0.7275004591205647
CC_6B65242C2CCC,0.16601118645880006
CC_6B823BACBE75,0.33926330210664024
CC_6B83E1A959C2,0.24215502699347397
CC_6B84FB3DE604,0.030972025815477713
CC_6B8AABAA752E,0.19891501478491114
CC_6B8AC0DEE990,0.3571733886167704
CC_6BA45C072D40,0.1531294956947407
CC_6BA72ECB5027,0.11808580655152622
CC_6BB560F020BD,0.07508031315404126
CC_6BDF0B68C126,0.023852804037680378
CC_6BF0A9437728,0.13477604228386497
CC_6BF3B9097199,0.14878118638015095
CC_6BF7A1EF31B9,0.1674389302738528
CC_6C29DF49246A,0.07383813168984196
CC_6C3C86C2125E,0.0991828508219407
CC_6C42FF6D7218,0.6667234664902855
CC_6C541A482CF2,0.19821888127657927
CC_6C585A6BFE01,0.7975905631579344
CC_6C5CE36700D0,0.17715360977381128
CC_6C62C2094733,0.07776015015571944
CC_6C66539A9D02,0.25398430006029893
CC_6C684505E498,0.08279494050868882
CC_6C6E40927C35,0.03212303058339225
CC_6C7736F51C12,0.6946126254482343
CC_6C781CEB6F52,0.09119520655401783
CC_6C7E39BF4744,0.1393894597441978
CC_6C9EE9BAECEE,0.06371833803440038
CC_6CA0F076091A,0.1008836607667629
CC_6CAD299645B0,0.18625007289188333
CC_6CC3C50BA394,0.11248807529249605
CC_6CC593C5385D,0.03528223112454351
CC_6CDA4B24C602,0.2852450959186746
CC_6CE31AFF7813,0.06448055699637635
CC_6CECB68DE9C1,0.34768315309385833
CC_6CECD3DBA212,0.17312048295975477
CC_6CF17D012682,0.20400726484153875
CC_6CFCDF903310,0.14494193677530048
CC_6D08B5E62654,0.09206870318069968
CC_6D0F60667273,0.28995362485413234
CC_6D127EE83945,0.047044716254127886
CC_6D134DB29068,0.39741282982279535
CC_6D141A49D94E,0.6110102278072598
CC_6D148C0A624D,0.16248104613534306
CC_6D1EFDDE2EED,0.05749515574843834
CC_6D22B938D7B9,0.07344566256256695
CC_6D27409F4956,0.09232967499091807
CC_6D2F0EBBCA4D,0.243114122253968
CC_6D43BE30E8B8,0.2514141686910304
CC_6D4EDEAF67C7,0.19213070580060015
CC_6D72571304DC,0.4944109225444373
CC_6D7C62C7C161,0.05029493162034676
CC_6D8A18C28AF0,0.07082469568813929
CC_6D8B35007242,0.09003721378737545
CC_6D93A9E49E3B,0.17318042723803256
CC_6D9C644A082B,0.11735035533209345
CC_6D9F52BD4D0E,0.13496493335264886
CC_6DA058F9B631,0.2872222465581246
CC_6DA1F8DF9CDC,0.22278899216348869
CC_6DB000AEF16A,0.10226319816206403
CC_6DB5025899E3,0.19907876490485038
CC_6DD6FA2FA0C6,0.09605286622898553
CC_6DE4E4C1A31D,0.18644591787315268
CC_6E09CBC15C94,0.49234254264292443
CC_6E353816938F,0.04965540795299875
CC_6E3AB992A5C9,0.15349421092989832
CC_6E420A2FE490,0.1531770870870598
CC_6E46D01888D5,0.15431392734911875
CC_6E4702162475,0.06139475673621983
CC_6E548AF15091,0.2336020761452237
CC_6E5C9A2DA27E,0.03571346127312397
CC_6E610F3976CB,0.1786265731788661
CC_6E614FF9BE02,0.6324852318213274
CC_6E68D46447E2,0.10161737511440772
CC_6E712C21215D,0.03953242787751078
CC_6E84DED41B8B,0.12175259927327337
CC_6E8557E30DC9,0.6204538732308771
CC_6E8963475D35,0.21947807729316748
CC_6E9880CA0BF9,0.3260103598266418
CC_6E9FCD68ED52,0.6859669142417281
CC_6EB194A93F60,0.13152572190308892
CC_6EB370F511F7,0.06306893159339017
CC_6EC722B2BC2F,0.1738647214730548
CC_6ED1B0EE4B6C,0.24868241301539307
CC_6ED65E7CABA2,0.10290637839082489
CC_6EDA84B653B8,0.380028057435694
CC_6EEE8E7C1D1C,0.182562317103288
CC_6EF17801ADD6,0.14426131892371424
CC_6EF337CC4BA9,0.2992230632692379
CC_6EF464EC9FCF,0.10223392142354448
CC_6EF6B8AE7DCD,0.03661104160536515
CC_6EF8C59D8395,0.8314371397849256
CC_6F2146FE362E,0.052511038244921635
CC_6F2408B665A6,0.4057872887459255
CC_6F2B8E925D59,0.031794186554832085
CC_6F3034E96848,0.12431840587267802
CC_6F3559ACC2F5,0.037637248401366764
CC_6F46C5897DA8,0.40751045850127365
CC_6F49ECAE902C,0.06623614588316844
CC_6F4B818665D3,0.1338677394143159
CC_6F4E696A1F88,0.26776636545206955
CC_6F54BD66C0EA,0.17004213041234426
CC_6F786C433998,0.09809885721333303
CC_6F78BF56B0C0,0.09177535969020252
CC_6F8346F138C1,0.4057733800802053
CC_6F86CFDB23D6,0.04779743296633908
CC_6F8E30AE9457,0.1685531181377086
CC_6FC25B27AC26,0.0792509746407229
CC_6FC8BE007FE9,0.1495842359211467
CC_6FC8DA40122A,0.1858216371774416
CC_6FD8BAB1DA3E,0.0588779479497005
CC_6FE4FD09A9D8,0.08891554521787862
CC_6FE78CB02174,0.036611919448124114
CC_6FEB8EDBF2A4,0.19686039730107363
CC_6FFCF2DAD0A4,0.07940516706174526
CC_7002034B0979,0.07241678944726446
CC_7006523D45E4,0.08056087843065149
CC_70097151A773,0.06689357082519025
CC_7011BC95A91B,0.03425329423506128
CC_7020F3C11A3F,0.16297316454262475
CC_70306409A3E8,0.3452624722519564
CC_706B18DA7204,0.12823453128925283
CC_70703A59C070,0.17869260047904992
CC_70749DDFF595,0.15009316862401867
CC_7079CE5127A3,0.03526622358368422
CC_7087A46F0AB7,0.0859937483591107
CC_708B73EBD939,0.1572342774229305
CC_709315667BCA,0.07837324341290319
CC_709970475B6D,0.6255979243933896
CC_70A56ADAC199,0.051821824968012596
CC_70ABB244502D,0.040881190439770496
CC_70B0176647CE,0.1269811934010452
CC_70D3353DA1C3,0.06912141355587337
CC_70D652DF4E91,0.13873270225476791
CC_70E3121BFDC4,0.09668758990884929
CC_70E5FB8B072D,0.039153463562836596
CC_70EFECA3FAEB,0.17944889001333525
CC_70F59DA18BCA,0.4028902603852501
CC_7100129A0AFF,0.09716203195144969
CC_7113554E33B9,0.06039590474871567
CC_71260405461D,0.07344493369280072
CC_712677251322,0.19880756279429623
CC_712D31B2785D,0.07811541302826874
CC_713052DB1E2E,0.0668780866330835
CC_7139C2D6F1AC,0.11434656801389764
CC_71427FC8FA49,0.24650801859419144
CC_714912E93A71,0.13535942578117233
CC_717A5C2ED311,0.23201760535008809
CC_717C94F5C8F1,0.06768140928719797
CC_718F067F4DA0,0.03805763452704021
CC_719E714DD38C,0.04730665840067136
CC_71B169C874D0,0.16462691896902018
CC_71BB5070615C,0.13616190292207375
CC_71D37D6D19C6,0.21541774618539003
CC_71DC80205F42,0.1635424840036827
CC_71DEB636B8CD,0.6248011141710216
CC_71E4CBAA1211,0.15724194662001217
CC_71E787049755,0.10403829339760584
CC_71F1EF5575AC,0.09114463139340019
CC_7201DD8EB33B,0.20973460786110326
CC_7202C8CE2317,0.3137933479544588
CC_720B06583C57,0.035569283041882116
CC_721DEC038BAF,0.07996685287877704
CC_72219BCC83E3,0.1494709692065898
CC_7223DABA7E98,0.09643883651044928
CC_7233459FF7B8,0.20134059576812283
CC_7238A8A6767A,0.23073984226337294
CC_724559551664,0.6834537264094891
CC_7248EB4B76CF,0.0580140258947564
CC_7259B5314D92,0.07955860479383937
CC_725CA03102FE,0.041112135062009794
CC_726E05E5A555,0.10392834360326886
CC_7276AEED6D4A,0.061760189599208155
CC_72A18E8D6670,0.035589969098661536
CC_72CDBC38202A,0.3999923951382496
CC_72D8B2ABA2D1,0.7279166157831518
CC_72E4590D362B,0.38500414358199064
CC_72E8542AE4BA,0.042696900645267766
CC_73010B6E55DD,0.6304927738381223
CC_7309A4693D52,0.15190337363572426
CC_730C2A3FF1BF,0.18195806586035929
CC_731C1BCED024,0.6022680689725226
CC_732C325832D8,0.1748151462467671
CC_732DFCAA0A75,0.19614024608940292
CC_73322A6A24B1,0.7570930102483451
CC_7336B19A18AB,0.2240946805599402
CC_733AF1D123B8,0.33611553453534376
CC_7344A0E90AFC,0.10920354195759135
CC_7348C2B475B7,0.11534936576615923
CC_735E1A78B058,0.07901990370363171
CC_735ED2A02DC4,0.14043734506133362
CC_736015DE4E3D,0.34985086674355664
CC_736A42761E55,0.10462887159990322
CC_736C0436B98D,0.1498720261546345
CC_7379212919FD,0.08787881064388828
CC_73859CD59E75,0.5935856907577822
CC_738B201B1CF9,0.11111292975768754
CC_738DCB11942F,0.06028657771130951
CC_739198ACE582,0.1190252667031261
CC_739D093D7B69,0.10825897766906215
CC_73A7FC903662,0.16336015527221628
CC_73A8927DCEB9,0.09017499870188199
CC_73B575BBBBE3,0.1712475758164143
CC_73B6B9AD2002,0.04841592888033288
CC_73C28D72A5A3,0.5341961996690812
CC_73C38DBDF9A7,0.11557215862554954
CC_73D44BEF6754,0.3672602503481683
CC_73D4C1D7C022,0.07129392179630534
CC_73EF383F3C2E,0.157747723182744
CC_73F34B1607C1,0.06327525764335122
CC_74137206902D,0.0979095281248247
CC_74198E5EC366,0.0735214194930989
CC_744FB5804A8C,0.6316772657432465
CC_7451E64B6D47,0.14783760684676017
CC_745A64878AF1,0.08374916557694041
CC_746B196CECA1,0.1381730385891683
CC_746C06898D5B,0.6362452980693617
CC_746DE1EED0DD,0.25378302403057973
CC_7476938CF6A0,0.49874431994652973
CC_747CFDB7E305,0.0805927310399519
CC_74845374E870,0.7529957509972383
CC_74AD8D3B192C,0.7005041746001013
CC_74B90A15B270,0.1155939945936747
CC_74BA5D46E909,0.6763303690470772
CC_74BE0AD5E21D,0.195143786621235
CC_74C33B66F002,0.1394953057204471
CC_74C9C3F17421,0.05111845363346494
CC_74E4BD5C07D2,0.07013655398858415
CC_750D90249EFD,0.10447084478483205
CC_750DA21B7EDD,0.3352583993494371
CC_750E6537383A,0.2341863488422284
CC_75137D6F9DCB,0.10877434942850195
CC_75173A8A11D1,0.3579268581790071
CC_751DDC1FC2AD,0.10166235563311331
CC_75357E0206F5,0.08563379253794162
CC_753D160E3A58,0.11336638575897995
CC_754447632F75,0.039765610802337995
CC_7549363C5D36,0.06546143724641298
CC_754F3894627C,0.10775655247059117
CC_7562CD43897F,0.1532932096112833
CC_756A077EC614,0.4122969328915351
CC_756D3492443F,0.2946693569607357
CC_75783B3E6C6E,0.0434065151863489
CC_7598068A716C,0.03819594627487902
CC_75A37D8C1F6C,0.6169281064768274
CC_75ABDDA24C26,0.1233449827063513
CC_75B287424E59,0.34831536860841184
CC_75B2B88876B6,0.09355159814288153
CC_75B324FCDD4A,0.2574492191346965
CC_75C1466E61E2,0.2629165144401249
CC_75CCCD9D4568,0.10035252978363224
CC_75D2DAF4491C,0.3455445164311687
CC_75D54090AAD4,0.09661673923816062
CC_75F1927E5941,0.6875506653456822
CC_75F99AD6844A,0.3112245517242096
CC_75FBA505C727,0.2717914489454655
CC_7615CC930B76,0.13617004644785827
CC_76168488EBB0,0.5252905752460693
CC_76197A77D666,0.029106433372068932
CC_761F48F8E962,0.25490431435917527
CC_764C6ADC6D1A,0.0843631647610884
CC_7658A6B0910B,0.04304311322177869
CC_766347951B7B,0.5852210154304484
CC_76857712D8F5,0.3555322098597583
CC_76A0DF2549B7,0.09970654696213657
CC_76A636414AEB,0.2587233546566087
CC_76B01540CDD1,0.18079334809930134
CC_76B420FC66EB,0.1027738577649956
CC_76B6BCD2EBAF,0.07351450315880213
CC_76B7A0029620,0.11508857888796659
CC_76BA435EF2AC,0.15308327062229413
CC_76BCC1AFDA4D,0.07161718426081881
CC_76C35913E797,0.13024583473644863
CC_76DE3DF1DEE3,0.17482923641035736
CC_76DFA4CD068B,0.08108119140762164
CC_76DFE3568C72,0.28024501969107923
CC_76E201F1E036,0.36689174828603505
CC_76E83166FE0A,0.1442825548933553
CC_76FD9E9D9ED0,0.15903206402753917
CC_7720BBD06736,0.34349749499354143
CC_77340228F356,0.6838668392823213
CC_773CBBCBAFFE,0.10805386244428847
CC_773E9B092923,0.11475832447549988
CC_773F22C3E42F,0.04130754845462
CC_774ED295BF96,0.16159941458578114
CC_7751ED6DF76C,0.0432759448555073
CC_77571749B970,0.12933510995289657
CC_776F8B3BAC08,0.10411650567444522
CC_777889F9694E,0.036989190068237796
CC_777D08513AE8,0.07942362927945631
CC_777E3D988EFD,0.25199942588235186
CC_7795BEDE05E8,0.3122543278762
CC_77A9EA3A6784,0.09240523433603273
CC_77B1AB7960A9,0.19186437961560424
CC_77B6EA810549,0.2800319010228936
CC_77B9889C9BFD,0.1840241275960266
CC_77BC55DC92B6,0.12405419589643457
CC_77D1DFCB0A8B,0.05162597468016288
CC_77D9AC43DFE1,0.20502050801177837
CC_77E6EF1CF2F7,0.3827977948745341
CC_77FFA8E6B36D,0.10563089226775599
CC_7801661A9DC2,0.16706461050742882
CC_78069B1BD931,0.14930524583654914
CC_780828B48716,0.12107088999624874
CC_782130B98F34,0.10711398533593272
CC_78273789B3C5,0.7655363467242635
CC_78296783E4EA,0.19242714226410973
CC_782B06291D87,0.05691362436949887
CC_783A2D4C89F9,0.4451361245939669
CC_784407E16923,0.099409724352023
CC_78491B6255F2,0.40864160361637414
CC_784F17AC712F,0.0656971057054414
CC_7852FC3BBADB,0.09084389749600807
CC_7866E4CE528E,0.7276554026261907
CC_7867E7C01013,0.18968060897222527
CC_7869F609EC2E,0.17781933982334872
CC_7874F14ABD7F,0.18405833086238116
CC_78774E05FF12,0.16073527754346253
CC_78815A352067,0.11058672764072178
CC_788FF4549766,0.2703956742868855
CC_789977501322,0.10797008054631776
CC_789B2BA880E7,0.04057098269163983
CC_789D87F51AA1,0.06397275194739266
CC_789DC3C358CB,0.21105126256076576
CC_78A036DF6320,0.6850615239405591
CC_78A3EA63B7EF,0.04210889332081031
CC_78BF1B8FC1CA,0.11466489329368694
CC_78C96E7015BA,0.6491620563894855
CC_78CC84FA2CE2,0.19430575449828869
CC_78F0087076CF,0.22396055646766985
CC_78FAA95F5B5F,0.12248823012497506
CC_79033EFDE096,0.1300151949772538
CC_79086C18A963,0.13141926151118993
CC_790DA2ED9F5B,0.1276346102475155
CC_7928811F7D86,0.10088886336150632
CC_79345478FCE5,0.19187047185574888
CC_7936C8D65B95,0.1308913349575921
CC_7948C5509411,0.5045311015426819
CC_794ADB0677CD,0.1265919559312246
CC_794FF8E7F876,0.050846283294972
CC_79500EA652BC,0.5559873373622373
CC_795083A66DB5,0.03833728136694106
CC_7950D4B773CF,0.11939901484351417
CC_7955AEB49759,0.1440213611039552
CC_7964F862DFA3,0.3966381727250405
CC_797A700CF967,0.45457360158984905
CC_798180DDF677,0.36806103431543047
CC_7981ABA9C370,0.10460096519285178
CC_798B2DC03C5A,0.0751261013110128
CC_79BD986C23CA,0.07654587948250688
CC_79C6BA680815,0.524749040697689
CC_79D694E6F5AF,0.25361444998883687
CC_79ED9A0F6E49,0.43591086494609843
CC_79FA2512E5A2,0.1582840807999268
CC_7A0024F6FA60,0.24528099238077855
CC_7A193A453F27,0.034467114844546023
CC_7A1F071DC5D4,0.3942134036739553
CC_7A5D96BC99AA,0.7303695460205424
CC_7A6B51562949,0.3033624369902814
CC_7A6D7F9654DD,0.43976229387175136
CC_7A778E010F33,0.2924016491094684
CC_7A7FB841B669,0.592043349064414
CC_7A91013D31E1,0.1303938089350295
CC_7A9117596769,0.054729234782906894
CC_7AAF340DCE8F,0.18128124672166157
CC_7AB146267981,0.21838308278907168
CC_7AB2A9CC8424,0.23040993560516748
CC_7AC1DF18CBA4,0.2281224533816557
CC_7AC4240DD225,0.34178639267495214
CC_7ACB325BD924,0.17956159076155648
CC_7ACB88002397,0.49685615352875984
CC_7ACD4F370AED,0.1807918824180847
CC_7AD4072A9F82,0.054978179206542355
CC_7ADEECDE4D73,0.2124191206641936
CC_7AEB48D8C5E0,0.0844017705540619
CC_7AFA5CD2B29E,0.109039170242337
CC_7B092786DDB0,0.05206040215609751
CC_7B1B35D5628E,0.0487520459580163
CC_7B210557F04A,0.1221979545428715
CC_7B369A7C1D3F,0.16685641879547708
CC_7B4002591821,0.6885803817424082
CC_7B42BD80D79A,0.19446646195821077
CC_7B44FDF08B93,0.09304542264470943
CC_7B501C32CAE5,0.06328215628338346
CC_7B88520D4FA2,0.3905005617327192
CC_7B8ABE6E552B,0.2197149938211299
CC_7B8D2E07908E,0.3831062723953772
CC_7BA150468D19,0.6298137687174691
CC_7BB159FCEB53,0.2729750244850711
CC_7BDD72710831,0.07268456414524474
CC_7BE02C65B967,0.14768672965990914
CC_7BE382988C1C,0.6242684836604531
CC_7BE6110DBAA1,0.34922561129427876
CC_7C0B14BB0573,0.15393438116617916
CC_7C0CF5558904,0.68239378369557
CC_7C13E7F561DA,0.6366807531712505
CC_7C46F7F667F3,0.09932446798331196
CC_7C510CE0521B,0.08701671267515806
CC_7C61B5D39E49,0.46248763483783584
CC_7C6770DDA182,0.12576689394459908
CC_7C6DBF78A610,0.10117137260451564
CC_7C7B0438E3AB,0.1845920101026472
CC_7C87DFBC3176,0.09824256626544944
CC_7C9528E94215,0.33555800585575135
CC_7C9ADE65CF81,0.09887046514573336
CC_7CB6CD1B9DD0,0.04090843662057772
CC_7CB7C7E55BE6,0.15584653995501763
CC_7CCC3A690325,0.17474715891616344
CC_7CE5689488DB,0.03884816226413822
CC_7CEB758A9814,0.04992477654341306
CC_7CF7443D923A,0.05331609700466779
CC_7D0D597690BF,0.1782585826673755
CC_7D0EA0307817,0.04391463984163664
CC_7D12E6FF25C3,0.12506752245161504
CC_7D28D39AED1F,0.6678542210846778
CC_7D2D19D832FF,0.0642613171685923
CC_7D34A67E1369,0.061274353448492386
CC_7D4388B41EB9,0.18067191663211968
CC_7D46FE573D79,0.07999623863962363
CC_7D7810799F2E,0.04657144535233345
CC_7D79241150C8,0.1369256192083777
CC_7D7B92EF2655,0.15153831327758896
CC_7D8C2495C1F7,0.08102205839549179
CC_7DA4F1BA24A1,0.6271411681889614
CC_7DAF18939084,0.05590565796397215
CC_7DB8BA427410,0.06637463756036448
CC_7DC9456F1161,0.03921173529169772
CC_7DD2CBE0F0BC,0.2201859194648716
CC_7DD495158BFD,0.6131660604777943
CC_7DD5411F7A14,0.3037768999277472
CC_7DF099A7A092,0.24121284024703699
CC_7DF27D2AC111,0.0483864197159163
CC_7E0CA072EF93,0.07104228459969483
CC_7E0DA100F5F2,0.17373885079634108
CC_7E1086EFDED5,0.03517894489575152
CC_7E12E0F3CF6D,0.11416524538284593
CC_7E178CE78FB8,0.0758683194981699
CC_7E1C1A6D0E9A,0.17465239257106263
CC_7E2A76850DF6,0.782633764985619
CC_7E3ACB15C69D,0.11119895874313009
CC_7E3F3373A73D,0.7211824982405011
CC_7E42A3D0737F,0.11152350394351798
CC_7E4679C534D7,0.2522508817139759
CC_7E53FEEB19B1,0.27428171850247807
CC_7E71CE7FC603,0.2414626822390316
CC_7E8333DBAEB4,0.37909748934319987
CC_7E843438DE4A,0.05357242637722778
CC_7E8E4747C0D0,0.6714440012682089
CC_7E952828C1B5,0.08508229036574047
CC_7EA6431FE6F5,0.12946149811894697
CC_7EA7BA7621C3,0.26463730843031696
CC_7EA8F24B3010,0.10469481104590234
CC_7EAB28B0309C,0.062521267160088
CC_7EB4A5BDA97E,0.08376546028011547
CC_7EB4B0A36534,0.10167392628118291
CC_7EB791F4AB2E,0.1157572047520879
CC_7EB883C9D5F9,0.03779512871382103
CC_7EC59C577F02,0.06907025172873572
CC_7ED2683D26DD,0.0653047155983063
CC_7EDB3440E0AB,0.590275309079948
CC_7EE12013C7DF,0.19642914386472055
CC_7EF824CC0D3C,0.1483063595988124
CC_7F09C6F6321D,0.7116232105951189
CC_7F1AD40DA179,0.211562978556043
CC_7F1D38A39164,0.0825701057147048
CC_7F22B7D326CC,0.20299082741517455
CC_7F2614F1AAAE,0.23069272298798313
CC_7F2CDC7C1634,0.04229875831279154
CC_7F2D46DF9BC7,0.15666044563559736
CC_7F57A90B69E0,0.2466499340558146
CC_7F633226A676,0.2989647853766725
CC_7F753D809267,0.6764764799158407
CC_7F7EBF25AED7,0.03585563769203528
CC_7F8496CC5779,0.04282900172556963
CC_7F88D9C5D258,0.08406553026886945
CC_7F8AB4DCA794,0.1394156993387755
CC_7F8CC9509418,0.3212228227349751
CC_7F9069571F79,0.30770904159926393
CC_7F9AD27E079E,0.17868371339881137
CC_7FA281AC1C7A,0.09673282541763828
CC_7FA389E90548,0.0904578545813712
CC_7FBF4A48AF55,0.047716971606310866
CC_7FC40175A8E1,0.265670043643771
CC_7FD58EE7029D,0.07299613614564554
CC_7FD7F635C341,0.048364428532816243
CC_7FDD458DA059,0.24931554450192095
CC_7FE85C259E03,0.10209400945895415
CC_7FE8CD30D7E0,0.10013960970875393
CC_7FFA32DE7B04,0.17994236423198506
CC_8014F1E2C5BF,0.040942825380085375
CC_8015895C1C29,0.24878042623334606
CC_802BA7E39A13,0.0626671423149836
CC_80300D23C3FE,0.3512299780787874
CC_80465303B6E2,0.19383576718573906
CC_805ADFD46B84,0.059890575509377895
CC_8060F40D9522,0.17876210670408765
CC_80621E822131,0.05618533670745325
CC_806654B580B5,0.40823036699644555
CC_806CFD6A52BA,0.04276321285249083
CC_807935BBEB7F,0.052603012031361765
CC_807C57E626E4,0.07598290632771812
CC_807C91C98684,0.0309340733780711
CC_8096B589BB07,0.16464460623489463
CC_809D60155E9D,0.06566952522853595
CC_80A2189E5125,0.4937064757467159
CC_80AF87F62770,0.1777489424436347
CC_80C03DF9CC57,0.20786344734265216
CC_80D9B6563750,0.5711501167597648
CC_80E9638ABD4B,0.04885729020736792
CC_80F7171B71CF,0.10623307333965382
CC_80F9983BC18B,0.059436073902488167
CC_811109A98EFF,0.1033746818734653
CC_8129480B056D,0.3328281911395409
CC_8134E5DA9FEB,0.5565124193945418
CC_8140399AD344,0.12106939379745027
CC_8140E278B6A0,0.24765320716130712
CC_814E0F756757,0.44957309321542077
CC_815FAAABFC91,0.21897817218445403
CC_816B28807CED,0.07571063775629092
CC_81821F9F2307,0.5062768232685004
CC_8186D7991EB8,0.05195368134162491
CC_819E203180C8,0.802307521645236
CC_81A5E3141BDA,0.5220871463926875
CC_81B5CED8EE79,0.12131887253564455
CC_81B91198E00D,0.6984262291387122
CC_81BADC379C8B,0.23554348508482992
CC_81BF8EA390F7,0.058270744112003225
CC_81C5FC962C72,0.05624651905191865
CC_81DDBFAF1CB6,0.051886145352525184
CC_81DE637E6138,0.03260727924390069
CC_81F389DEC9C5,0.08253678982370471
CC_81F647806849,0.13076045210780995
CC_820D491B2903,0.7475670581849417
CC_82172863AA45,0.2649565568847255
CC_82195FBE9366,0.05262895567265139
CC_821F503DA953,0.0925962433888571
CC_8221AF9B0B93,0.7417393654650339
CC_8222D1C47857,0.05992812122636186
CC_824BB6CD2B25,0.054236387824670496
CC_825192411933,0.10879706334416027
CC_8270E213EDF5,0.21678242674212603
CC_82839CC161E8,0.0659711592431986
CC_828A0B6D7291,0.08663641913435247
CC_828EDE22A438,0.041232156642753176
CC_82928B5ABD45,0.31324979475692044
CC_82A7FE954659,0.17821861038212156
CC_82ABE1FFFA1F,0.13826233308853447
CC_82BDFA01C41F,0.12045734188518514
CC_82C20057CB4A,0.10632708553459111
CC_82E52529A567,0.21003603208468954
CC_82EFBFCF68AB,0.12617202884904283
CC_83092F58B321,0.1233524935583118
CC_83098B4BBD4A,0.10655319048622197
CC_831F9E623C5F,0.1775905828647741
CC_8326C8A3D569,0.10816281117566827
CC_832730F42A18,0.1258162092793707
CC_832A44C3F2A0,0.051768179495131905
CC_832EBAE498AE,0.6823127532923111
CC_833B196A70F3,0.7169934557278965
CC_833E14DFF4C6,0.16631452589424875
CC_834092035687,0.3427265178450801
CC_8351244DE3CB,0.06414126809138124
CC_835B90025058,0.04543452668894319
CC_836534CEDFD3,0.11250461764513364
CC_837ADC1EA55A,0.1955211266963945
CC_83884D799788,0.19070954640134902
CC_83947255841B,0.12056457180509553
CC_83A5A3022ADF,0.7735476221696429
CC_83ABA98906DE,0.07390704575782646
CC_83C75D07414A,0.41797817510347346
CC_83CBA767432F,0.7159465842606738
CC_83D342F53F36,0.1516186393041542
CC_83D5CA2A23C2,0.04413028571446029
CC_83E002D6D82D,0.1731800150199146
CC_83FE1BCC83E6,0.3017309252258563
CC_840E5B830DB4,0.04492966626596685
CC_842525788FC1,0.1913322061432733
CC_843076C8EB9E,0.29716838209283625
CC_8442C97EE91A,0.1220821244713669
CC_844C3C30ED67,0.11035708022423119
CC_844E345D2636,0.16754955323006143
CC_844F26E92B12,0.18944403109571442
CC_845032D8A261,0.2714466023909749
CC_845223F606E2,0.27037647098762574
CC_846F5B19B110,0.34015008263099283
CC_84797EA9ABF9,0.2674897554639616
CC_848D59D48081,0.1732410642726328
CC_84AB057BFCCA,0.05985002957882306
CC_84B0BA112537,0.05589263188885374
CC_84B8FCEDADD5,0.07880766167308698
CC_84C61A6BE99D,0.08333401670636999
CC_84CDF830F68F,0.07468766869661816
CC_84D5B88572DC,0.22549621185084853
CC_84FABECED186,0.12065062012934796
CC_8503F43FB29C,0.19311281552932602
CC_850ACB004EE2,0.0765697122995097
CC_850B114489CE,0.09014200885108609
CC_850CC17BB13B,0.14135123679249495
CC_8518C159BDE6,0.14035173727126768
CC_85299261146C,0.09342010829562833
CC_853986C52A17,0.044433980618637306
CC_853ABBECF2E1,0.7873277468953321
CC_853BF4485D85,0.18204406352187474
CC_853EED03843B,0.07392161407785777
CC_853FD1B551B1,0.15290269378947835
CC_854AAA98CC0C,0.7739744405272018
CC_854F8AB5F1FE,0.038151144265865
CC_855E2A785BAA,0.10623677490970143
CC_85614CA68432,0.06223189234737318
CC_856B92B23BB5,0.7772129617954469
CC_856DF4A30E13,0.6992324786484679
CC_858704DBD5A6,0.062229483754176945
CC_859EF0AAA74A,0.04920406630119252
CC_859FB710961E,0.1445675671986773
CC_85A0EB3C9884,0.5973377466823889
CC_85C887BB996A,0.09113110821909959
CC_85D9A6C9CA60,0.11350286584707048
CC_85DAF10E61A1,0.6002050764849284
CC_85DEF8ECB524,0.12788565622466153
CC_85E2E0B8B15F,0.6935476391204828
CC_85F018DC47FC,0.29742130323785265
CC_85F376B33951,0.1746796607693658
CC_85F745E1D307,0.1453571785679246
CC_85FAFB430486,0.2737930776352774
CC_860D4B868C17,0.025221546686662863
CC_8614E30C9FCE,0.4318864651050028
CC_861F5DC22035,0.04363164296919879
CC_8624ABB391B1,0.17104958080686017
CC_862BAB422756,0.3255443466683536
CC_8642F98E5504,0.16816240096456567
CC_8655B8862C81,0.1629399201576533
CC_865FCEE75A8E,0.03471646274316943
CC_867372811CCD,0.4388453845676511
CC_867695B5C296,0.5541834162403477
CC_8682B1F914ED,0.15819839247558104
CC_8691DF144B92,0.500278873159618
CC_86AD259FA5B1,0.14503251136198556
CC_86AEC21936BB,0.7248391637386506
CC_86B1D15F8424,0.045422691364529116
CC_86C2A6EC5712,0.7109517539957119
CC_86CF816B494B,0.05983237837532772
CC_86D4D58B1D0C,0.16762319575803297
CC_86E2C4E17CB6,0.04660540274444288
CC_86E9E191E3CA,0.3783491378383762
CC_87000C16C856,0.10287713058500243
CC_8703DD5FA02C,0.1905196941165348
CC_87065B1F429D,0.10846826529894214
CC_87434BBA1CE7,0.036576062425118835
CC_87450EA8CD55,0.6787655808590269
CC_87480F785786,0.07621956900550853
CC_8777EA6EBFD4,0.041631741830730665
CC_877A35E76904,0.07056319333258662
CC_877B37D01563,0.12406840859953623
CC_879759A5EFB8,0.3617465771333749
CC_8798AF2651BC,0.1346274776398913
CC_879989FB3B92,0.568959407294657
CC_87A3BECEE5A4,0.1187057992849827
CC_87B7CDF4BDDE,0.03770126412510508
CC_87C13E620006,0.2520613257011494
CC_87E3AFB080F8,0.12867689180848568
CC_880044F77ACC,0.09124099453492027
CC_8809BCAC74A9,0.038255681497532376
CC_880E0019DB5D,0.031172734125576078
CC_880F027D886E,0.12438930940156631
CC_8812BC579F7D,0.0811043415389412
CC_88225FE57D82,0.2021213321335365
CC_88315318E9DA,0.3408165272165844
CC_883864E584A8,0.08085768271321098
CC_88469BAD58C4,0.04801479802547445
CC_8854EE679596,0.08302100652629932
CC_886273CC4072,0.07854175721333553
CC_8866B6D4524F,0.22034166306977176
CC_88A943606806,0.3287701845618482
CC_88E916A3F984,0.7993466672982309
CC_88FDC55C31A4,0.12378949791373876
CC_890D5EE59076,0.0286777895847434
CC_890F721517F2,0.10037596737497004
CC_89129D16418A,0.32795620879957366
CC_8917F02F9326,0.1366029229410545
CC_8920B6584A43,0.07004268030137481
CC_8929DF270419,0.7114965928225612
CC_892B119F0E5C,0.18887831133437155
CC_89302456B9D5,0.6533656326428953
CC_893FAA6D1F04,0.7406377144508304
CC_895AF697BFBB,0.3029002435286482
CC_8961FF892F79,0.029831621915625783
CC_897674493060,0.07349235807339247
CC_898AFCD28B03,0.1292390477943483
CC_898CC919D10F,0.19058041837062054
CC_89A711195EEB,0.16179975308664177
CC_89B4DF07DF12,0.0745249418755409
CC_89B941079E10,0.11555612677050756
CC_89B97E9FF67A,0.10442800145264647
CC_89C5162E8055,0.19148486964790207
CC_89CA0F1E2DBF,0.23784907917185105
CC_89DEE29A78AA,0.11077115289908121
CC_89E089707730,0.1533843310055648
CC_89F0B865A6D4,0.11784545254488037
CC_8A04C5D4D02D,0.06095471508063495
CC_8A081AA1FB92,0.3135294259090923
CC_8A0C640E7A89,0.544969056375752
CC_8A12B68246A6,0.05351417925488258
CC_8A14A46B280C,0.15179911449071043
CC_8A165A18560F,0.2564093749226349
CC_8A19196788FA,0.06520052806095104
CC_8A25FA445037,0.11013272403488181
CC_8A29EA87B295,0.12751273025440377
CC_8A2AC87CB22A,0.050103304370431964
CC_8A34634E7423,0.6256176071046093
CC_8A38BC1AFE57,0.07137207811326682
CC_8A4CAF0CD0F3,0.11248360779808136
CC_8A5A0429CAB0,0.1372610160624399
CC_8A6E60FAE870,0.08297132106218832
CC_8A7DA054E397,0.6927999080089204
CC_8A7F5FF4B421,0.2740129057282001
CC_8A8249A44847,0.11641671812561358
CC_8A8BCE16DF45,0.13573518347206914
CC_8A8EC764734B,0.0698662480706157
CC_8AB553BFA00A,0.09385258060650434
CC_8AB57DC077EE,0.6070100395870486
CC_8ABA5808D313,0.06866512854573546
CC_8ABDD9A05C87,0.34600976593987887
CC_8AC7520DBCCF,0.1759285083573011
CC_8AC7F8BABF28,0.06446673721419971
CC_8AD67FB3A5CC,0.7399621034450533
CC_8ADDCF5EDCC1,0.09890065489158031
CC_8AF1C3A0799E,0.7353261858881568
CC_8B388FAED0B6,0.1134760178324251
CC_8B46CA903D09,0.028401809300827148
CC_8B5819403FC8,0.7258080406355598
CC_8B581B8207A9,0.13958612183220417
CC_8B6DBEF19F46,0.1510323812428569
CC_8B8326C4C229,0.12630865911196837
CC_8B850FDCFC83,0.08834464350210294
CC_8B8F41F19B72,0.07512346707523011
CC_8BAF98C60957,0.13421444006936745
CC_8BB0824B181E,0.04794220877041533
CC_8BB963DAD9E2,0.1668440863718223
CC_8BBF5F939D7C,0.14319143533025122
CC_8BCBDCF4DFF1,0.0882755197096061
CC_8BCE343561CB,0.7353811088903174
CC_8BDA87361657,0.09874173420177651
CC_8BE68A4DB87C,0.06423975738700424
CC_8BE9BBD879A5,0.04611059933129158
CC_8BED85B91011,0.4147400388077953
CC_8BF68E552DA2,0.19096140273655896
CC_8BF832E6464E,0.8023172474071149
CC_8C1561920E84,0.22762045354160926
CC_8C2A7D9A667A,0.15217967533509058
CC_8C3A5DFE70B9,0.1868725116208642
CC_8C534CCBDA4C,0.2026202812645284
CC_8C6472A3EEAB,0.05631560647186504
CC_8C6B4854D16C,0.21485971389884617
CC_8C76DE4F58D4,0.06841177926624978
CC_8C7DA3F4F88F,0.07069367347659689
CC_8C8527DE7DD7,0.07392148175963938
CC_8C9416612FDE,0.431121737286289
CC_8C9973F02AD6,0.3351368869913113
CC_8CA1DB61A2AC,0.04720823326414
CC_8CA59CAE22F6,0.18686193226192013
CC_8CAFD04A6EDD,0.11643076526927983
CC_8CCCC389913B,0.6570451340858052
CC_8CCEF12DC7B9,0.19227197028600201
CC_8CDCD714BD1F,0.789094122949695
CC_8CEC7987D1B1,0.08025349355605105
CC_8CF621ADAC0A,0.2758993741899695
CC_8CF8FE2A4B82,0.4013551704887883
CC_8D048396D9D5,0.10620685282173487
CC_8D1089C58563,0.5474703911024108
CC_8D35A37FC4B1,0.09127751172061455
CC_8D41E12FE5B6,0.15131609042552488
CC_8D4A859839EF,0.14925096923844117
CC_8D4AD431C55F,0.10305016096748519
CC_8D4D882CA579,0.11931185858002873
CC_8D6151025078,0.1236289653387292
CC_8D637233FE54,0.14616483178327697
CC_8D6AEBA2D7EC,0.09574309814378534
CC_8D6E16DED971,0.17757152275469174
CC_8D7329F79BBD,0.47677538677842435
CC_8D7B7307C43F,0.09581618409723291
CC_8D7B9D4936EC,0.7353533008150135
CC_8D80B1B44AE1,0.40059953048904884
CC_8D9516D61143,0.41927421618692423
CC_8DBB8445786A,0.09196763854646009
CC_8DC5B86D9DCC,0.747232013700255
CC_8DC6465998DD,0.20181883169749915
CC_8DDD0EDA9CB2,0.15336508017655798
CC_8DDEF0265CB4,0.06419545932149656
CC_8DE06BEB95A1,0.09826296456880101
CC_8DEBB5B14A14,0.15594190715944348
CC_8DF5BE7F759C,0.06848093150328731
CC_8E0ADCC71F85,0.04510070823001375
CC_8E0BD86F6F0E,0.116164820100818
CC_8E143BFCF3E5,0.11674788685083326
CC_8E170A60D71C,0.3866263885065217
CC_8E1C3A21FAEE,0.10927553231158789
CC_8E408E18F060,0.10108415687307608
CC_8E42FB163DA5,0.7984540446123585
CC_8E47536D29BE,0.26308448256276984
CC_8E50AFFC5BBD,0.04315385750044763
CC_8E5FB1035354,0.16669286784460313
CC_8E7B9B8DD1A3,0.09615107679562443
CC_8E85B08196AF,0.03951258170649555
CC_8E96FC75AE5A,0.07116124034514934
CC_8ECAB5A6C7B9,0.07457232852375528
CC_8ECC4C7A6638,0.515312178154492
CC_8ED6F13C35F5,0.16238371664405835
CC_8EE5E9467038,0.16465015068313094
CC_8F037E5AE692,0.05961627172549122
CC_8F1A418D96B3,0.29419254010176593
CC_8F1C4014F91A,0.14073321342698913
CC_8F30A5FC9D49,0.08950814588289842
CC_8F3456F298F7,0.24676677324059915
CC_8F393D485C29,0.14977291598960807
CC_8F4A41130110,0.046120143294532394
CC_8F7AA6E4D486,0.12396141896013867
CC_8F887BE25314,0.16737523235368418
CC_8F90CD1A5E00,0.16649773364350332
CC_8F9B26042C4A,0.12164162890389507
CC_8FA9423E65C6,0.11852973294618654
CC_8FBA6C32E0A5,0.26434020804426533
CC_8FC1C50C41E7,0.0847674653194409
CC_8FD005425792,0.06830972973043187
CC_8FD6A223135B,0.12361402868372351
CC_9002450E1B5A,0.0426758514434501
CC_901CE62199C7,0.3967284006770375
CC_901D2136E1F9,0.17464142860813278
CC_902648F62345,0.1581478957152999
CC_902BF0612E70,0.15953328147852797
CC_9036F7423277,0.19783968669056776
CC_903AD2767BAE,0.7150604944081862
CC_903E4BA690FA,0.27921241980013256
CC_904386E31210,0.051877644421263594
CC_904EA6C846F8,0.4223565452245185
CC_90549DD3CC39,0.13421584673432102
CC_905739E5494F,0.08350251302980992
CC_906F852C69D6,0.6668378219720497
CC_907911F4930A,0.25496808768584
CC_90798A7273BD,0.13620254378269647
CC_907F3A8AFCFB,0.07771187254159327
CC_907FA7722881,0.1080127252379108
CC_90812D9F30FE,0.08440340897802856
CC_90870A89F310,0.04159827122651881
CC_90894CA021C3,0.611709504243614
CC_9092C5EBF5F6,0.057677666069820416
CC_90A10D649D9C,0.6855417106447403
CC_90BF8E127519,0.5689511626421446
CC_90DBB385A7F3,0.7035563468717938
CC_90EAD308012B,0.31998583118342433
CC_90F4BF0B868D,0.11725741409572663
CC_90FA39516EAF,0.07521020524169464
CC_9117894F31C2,0.2065008872392639
CC_911ED63BB556,0.3383879506826531
CC_912730AE6E8F,0.28937247052510723
CC_912CA7EE4C26,0.1272804313866634
CC_912DA46AAED2,0.08656512894593268
CC_9132E67EA479,0.16020588413827946
CC_913D95FB31E0,0.1493548536395274
CC_91529F20D461,0.7585558556299494
CC_91586318C780,0.0407534470748597
CC_915F2708219D,0.16123147764675352
CC_916CCF9CBC08,0.031907764243149506
CC_916CF77A29CC,0.08559215853161034
CC_9189E4FF82C5,0.1445102026069875
CC_91A27CB6139A,0.13105925428799747
CC_91B7A4A15A37,0.63615841199122
CC_91C2077BA6D7,0.07582937359759113
CC_91C4CC43EEE5,0.14698908378576614
CC_91C55BE33AC7,0.06170558477730646
CC_91C81BC58B49,0.05280256051506285
CC_91DE12EE18A7,0.38746905491416506
CC_91DED13CDCD9,0.14591182348999698
CC_91EF639761F8,0.15755007580015576
CC_91F23A7E743A,0.32201794336163764
CC_91F4C5E889C7,0.728429726596542
CC_920E91EB28A7,0.18164018580475982
CC_921481F5F77E,0.1031018041956718
CC_92221DB27176,0.16726124201028808
CC_9224D5677C66,0.09473583874849284
CC_9230B9656F93,0.20430708508295314
CC_9231D0F8A993,0.7006765631238602
CC_923727159A8F,0.047869721114238206
CC_9248706729D9,0.044912712701844035
CC_924AEB5DD991,0.21116139509695164
CC_9250BA851692,0.3633162110639644
CC_925BACE3417D,0.09743959332674745
CC_9260CD0D7C0A,0.11793800826657456
CC_9285EB21B38A,0.104231200782717
CC_92A09F03DAB5,0.792319793451216
CC_92BC35D7F9CD,0.0873634592435176
CC_92C5FE9E5B12,0.6849015971760415
CC_92DC8CF8C902,0.0917926617929122
CC_92E006664648,0.29481888753469376
CC_92E4EFB9F0DD,0.1249244901935837
CC_92E621E0298E,0.18477480951208058
CC_92F412AC7D22,0.07135440647261275
CC_92F42886B7E4,0.1956172816195707
CC_9301E23D376D,0.5992021733413115
CC_931133320380,0.21352592743477336
CC_9314B6D8B7F2,0.07756853908608355
CC_9337E3B43211,0.19758310528532697
CC_933E044F26DB,0.0857470531825715
CC_934BB89938A3,0.10204279399027574
CC_935296A995DA,0.1284193822438388
CC_935326AF26E2,0.18031976174357994
CC_935B72B8E7F0,0.05917979089653219
CC_936FF3C9BE68,0.0438073050766621
CC_937FFE1718BC,0.039519053631907566
CC_939F92AEE460,0.7940127002385995
CC_93A4365B25CF,0.8023582278577763
CC_93AB9D6A7EFA,0.09305638035453426
CC_93C719738590,0.7980682202429891
CC_93CB48930B37,0.19078283561927206
CC_93D24FAFD21D,0.09701985211016177
CC_93DB5F477493,0.12790310640975852
CC_93E1CAFAD44D,0.07110485781970358
CC_93EC9F853123,0.2245990746154449
CC_93FEAF515A8E,0.05283754620452566
CC_94063A67F136,0.3294660283822116
CC_9406E32819F5,0.06363126557493103
CC_940971CBC1A4,0.1674881852170281
CC_940ADC8DEA3F,0.1345844477658874
CC_940C7E8E0C52,0.23388876987825422
CC_941DD2E1DE56,0.15851762175695966
CC_941FC1FD0D55,0.21408584723159937
CC_943B720DB5BB,0.0983337022081722
CC_9440309323A0,0.1403077624369536
CC_944B461BC558,0.06817474486733256
CC_9453654BACE9,0.2017238692601645
CC_945888CEAF10,0.3738843162710141
CC_9458D4A483A8,0.1116042023196672
CC_9464BA7E98B9,0.0731927194342469
CC_94794B478A5C,0.2993491450007496
CC_947E58EFF90A,0.09237411125852527
CC_948537FC17AA,0.7560466087644488
CC_949576D25153,0.07341502011477766
CC_949B8CEAD619,0.0878406250338196
CC_94B4E05906A9,0.13956560908537233
CC_94C3B6F3B0CC,0.14221573643707258
CC_94C3D9D8FBF3,0.6319951677104217
CC_94CD530B2099,0.07082620900956799
CC_94E9D1E527E6,0.03353557230941787
CC_950450C0845E,0.413719176872391
CC_95169A4360C6,0.05026779944625728
CC_951A69571676,0.05754958808478529
CC_95232636844F,0.23635394126537704
CC_953A5913EDD3,0.16594787302889466
CC_953B678083F9,0.08831227851217255
CC_9541BD0604B6,0.14404216526728622
CC_954404C1BEE6,0.3841216912568035
CC_95444ED71872,0.07628321509709239
CC_9544B86C78A6,0.7243202963346896
CC_954AD7E7C8F1,0.1739879387190058
CC_95525CC6C854,0.14762887618419587
CC_95573B318A91,0.04294032266086052
CC_9569309DC18E,0.08494109824096487
CC_956A2DF28600,0.1988286176970292
CC_957C7A0D7B72,0.33982124512946627
CC_958BECCA0BAB,0.4372382587255544
CC_95A6C4DA2F12,0.589111992282599
CC_95AB75B5BBBB,0.12819137564041871
CC_95C1274DD7DF,0.03153363666363167
CC_95CD8F6A8CBA,0.040782160853146704
CC_95DD4DC604BD,0.17366853503731708
CC_95E1AC08266F,0.11698996803588728
CC_95E3DDCB74EF,0.05739872671248182
CC_9601384AC971,0.4247366848545223
CC_9608A73A8025,0.1591911646717793
CC_961F3BFBDDAC,0.8381890824921392
CC_96206C1277EB,0.2742780901866775
CC_96396AE6347C,0.2081643811129731
CC_96416D2A937F,0.22267318181979898
CC_964C2E0B00C1,0.20334572451880517
CC_9657A2A04BAF,0.23663846360128243
CC_9662D713B7BB,0.20364328068687745
CC_9664F83B7F1D,0.19169898248369893
CC_968AF836D0C4,0.05072661817797697
CC_96A6735A4317,0.07462411330608414
CC_96BC62A4A0AD,0.2045431200711576
CC_96CD75668A6C,0.05141558583133747
CC_96D928252719,0.37659112973293374
CC_96E40BDE9A6C,0.10838279289156189
CC_970116768415,0.21174386038517135
CC_970E94875C2B,0.7616456098994336
CC_9721C8A61D80,0.06843944235887611
CC_972313B0F814,0.16105342568509767
CC_972FD8FFFF63,0.5280850550418275
CC_97478A77EC17,0.17580532654705658
CC_974D14774BD8,0.05728177626533435
CC_974D86BD39FD,0.04936285057385494
CC_97508465AB76,0.11631868668020015
CC_975689C0CD6E,0.06221121270978741
CC_975967702106,0.046383803670262624
CC_975F3F07ED23,0.05409132150617036
CC_976E0D9A64ED,0.37791968430328005
CC_977145B2B363,0.3937370273820838
CC_9772CABFE1D2,0.7998401354709976
CC_9773C1E6AC8B,0.6295749224936046
CC_97832657396B,0.4496523153929684
CC_97963C337FD3,0.5074940431194147
CC_97978B581F20,0.18133723890669168
CC_97A9ECF23955,0.19910299485928096
CC_97ACD6D965F3,0.0900204176026533
CC_97C69AF6E34B,0.7214001917772975
CC_97D0E7256861,0.661794008401479
CC_97DEBFBE2BDE,0.2716665035456355
CC_97ED469F2950,0.11868577431720673
CC_97EE84ABA6BF,0.3190981478867181
CC_9801B22BF375,0.10719132642674342
CC_9803B6D4D780,0.24697208538749235
CC_980E90C8A301,0.10673498761167752
CC_9814B3D08A69,0.08268662003915389
CC_9821BD45BB0D,0.17171285331236133
CC_9829FA0350F7,0.03728792463460856
CC_982CAA309A38,0.17415858499626857
CC_98346EBF382E,0.15303379548735727
CC_986698CCC6AA,0.13440302070781687
CC_988FC580CD50,0.11687200483184028
CC_989795BA3DD2,0.06672573607775692
CC_9897A1DFE807,0.08416287307907856
CC_98A2C8F4E956,0.08349791810199877
CC_98A3E6CDC707,0.13511536414036618
CC_98CE15EE1565,0.07341906576735094
CC_98D036D16215,0.055827729916062496
CC_98D09B14EE3D,0.4007513523970777
CC_98DB782DF852,0.05378837191065749
CC_98E2EA67BC97,0.07708271456462895
CC_98E6E7CF74AF,0.09453798335649537
CC_98EEEB2A83DF,0.6541847335983296
CC_98F3D3194788,0.12761916086414837
CC_98F8A8CF4F9C,0.34014986648931617
CC_98F91BAB57EE,0.14941194456687776
CC_98FA377070FB,0.19037748213002564
CC_9900D0479959,0.3395490253009462
CC_99061A735C6D,0.23125519538266848
CC_99093EC1A2C2,0.1264181834125297
CC_99376CA4DC26,0.044765636826656977
CC_993A588895DA,0.13644659465608663
CC_993EE6417CED,0.08451300767239543
CC_99559319913F,0.04337290008541001
CC_9970123DCC41,0.3071095472629708
CC_998BB6848FDE,0.08374461035253952
CC_99958287B2A9,0.46912564203205454
CC_999BAB2D16FA,0.4184646971931816
CC_999C7029261D,0.7475580124655099
CC_99AA61D1896E,0.08128026611026629
CC_99C03E7D99CE,0.0497650543213666
CC_99C62022794F,0.08446752159165956
CC_99D46BE6593A,0.15829991828172146
CC_99D5A5371B39,0.14746262605508528
CC_99D79709AD9F,0.752343862825358
CC_99D7DDAA460A,0.1522646820573421
CC_99FC44B3C58A,0.11616344282120014
CC_9A02B2A17C07,0.09325109244420657
CC_9A05DE55D408,0.18885008805254852
CC_9A0C42AA09BD,0.3846295316516659
CC_9A2B390551F6,0.04907981948907149
CC_9A2D66206BD1,0.5042103986667469
CC_9A366E181FA0,0.1556035741194418
CC_9A39365FA850,0.6438584971138002
CC_9A42833BA860,0.03950951592771089
CC_9A4911A0140F,0.09389302649716172
CC_9A4FE1E8E0C5,0.4025674844867292
CC_9A51017C734F,0.3431700339227671
CC_9A5DCCD62D0A,0.3515956355569927
CC_9A602F492510,0.1741229528281753
CC_9A66BDD34B89,0.03666114798268536
CC_9A6AB0AB1E67,0.04889771689675083
CC_9A7049ED5656,0.6159453819444222
CC_9A7AF31828E5,0.1160103035577473
CC_9AA750377C6F,0.123152706655665
CC_9AB359C82202,0.049962854031704425
CC_9AB7BF77EE83,0.7652242355169502
CC_9ACAC8474B9F,0.025386001303102087
CC_9ACCA4FB9101,0.07174987927709348
CC_9AE1529AF9E0,0.12618448253659464
CC_9AEE181F1156,0.2436852640959824
CC_9AFD130D3725,0.09930257067491918
CC_9B09C3353732,0.09100456787593669
CC_9B0D37817EBB,0.08990673625897311
CC_9B290B59155F,0.4160805222086682
CC_9B2D487C64B0,0.09524107092340516
CC_9B3DEC76ABF7,0.06854130030083579
CC_9B4F778D0A6E,0.16903990574878067
CC_9B581A92C2A3,0.41173821676663586
CC_9B5CA8C38414,0.16580870066200804
CC_9B6E82167593,0.18966600474608225
CC_9B6F6B2BCC05,0.34743289922575893
CC_9B7FC3DA1594,0.369093808769482
CC_9B957DC280F6,0.17463470335832876
CC_9B997DF20042,0.3739212999974908
CC_9B9BC4B83736,0.08866064732388959
CC_9BBE1A16C04A,0.15264078083678712
CC_9BC63F1A568C,0.2664452118766315
CC_9BCB0166227D,0.25921278118932667
CC_9BD3DC96ACC5,0.13053022278523765
CC_9BDC5A0E43C7,0.44059707916950147
CC_9BF9485A3F9D,0.25030939842396904
CC_9BFE93FF2145,0.23911721451615667
CC_9C0470A0536E,0.20440127251567158
CC_9C205AF09E47,0.5314070266866928
CC_9C30DC5C1E46,0.06560013978412943
CC_9C325B6CAD11,0.04594802875495498
CC_9C4A200D0BFB,0.4096907784771122
CC_9C5EAF238007,0.25503427495190495
CC_9C601C6BBD37,0.06151226378164332
CC_9C606C2C92CC,0.06868184803713462
CC_9C6192D3A16B,0.0738074400591881
CC_9C84FB9B1469,0.07144251933679283
CC_9C989433D637,0.2663270528525429
CC_9C9B2FEB4937,0.14481299617809734
CC_9CA7FBE1DD54,0.1185380854878558
CC_9CACA50F80F2,0.1769171832645756
CC_9CB40D552388,0.059864393939599636
CC_9CB8127D17F0,0.036956863524751554
CC_9CB9CE2989CF,0.7154279354698145
CC_9CCE51CD83ED,0.7881901516727752
CC_9CDD2F3D0BE7,0.044684364235437736
CC_9CDEC693AA99,0.40040788435934926
CC_9CE9091AA9A9,0.21854178575929295
CC_9D007C60D29F,0.06444699585264398
CC_9D017774D4FC,0.6598080511829177
CC_9D095EC1F232,0.26509111626243453
CC_9D1A1281C8FB,0.3081438666835497
CC_9D23F42B7996,0.4598779190126006
CC_9D2FBC479646,0.6635051722900278
CC_9D363365CAFD,0.08762983194880491
CC_9D44E4543573,0.17844067803464064
CC_9D45F67E3B01,0.08127975692884816
CC_9D535DD207D2,0.08561153325966575
CC_9D53ED53A15A,0.5639236472793476
CC_9D5D97AEE98B,0.5311905472081466
CC_9D5F2A5B6913,0.08814968519661226
CC_9D6BC1C470B0,0.49581891094441344
CC_9D71FBDE765A,0.04620717710184679
CC_9D73939E357F,0.12930217467237348
CC_9D82F401BD88,0.6280585910123789
CC_9D8B4454BE84,0.2599122418342689
CC_9D92537645DB,0.06533997707819368
CC_9D95ADE03ED1,0.22687903620217575
CC_9D98FE7A1809,0.04596986288264792
CC_9D9D59757786,0.0735816527916949
CC_9DAEB38616AC,0.1474177702093603
CC_9DD55CC0E928,0.023281475323984915
CC_9DD6B460CDFB,0.26007683382087077
CC_9DD80B5E3729,0.09303582683054003
CC_9DD82B4310AC,0.4299456725281997
CC_9DD9389E8AE0,0.09549926504487677
CC_9DDA8ACEB3D8,0.08229633965273611
CC_9DDCD898D01D,0.12428191449107961
CC_9DDD90B42A27,0.7987355781223258
CC_9DF1807A4316,0.039756029794081216
CC_9DF786FD2620,0.4564585406672039
CC_9DF7B9B3C8F8,0.08341405034538188
CC_9DFF6E2AC586,0.13772386192790234
CC_9E0546BD7BD6,0.12727724051905495
CC_9E0BE8227931,0.0881862028664874
CC_9E1A205BA261,0.4511251544023718
CC_9E2967559B00,0.058904613244336865
CC_9E323A031449,0.7237678257961875
CC_9E377CC03D51,0.045383051726520525
CC_9E3B83584C12,0.17545295452669765
CC_9E3D46FF5709,0.5673918339615767
CC_9E4FA91B86A9,0.0864470920685144
CC_9E53534DCD6B,0.12117164687708554
CC_9E73656FC8C0,0.7163257253813986
CC_9E7430675033,0.1825592189710344
CC_9E84CACDD7B6,0.3947256701813081
CC_9E84E0E4C5BE,0.30324339842535303
CC_9E9C65275B4C,0.08216222107554068
CC_9E9CB6473D59,0.2364857382300673
CC_9EA4F11BE6C2,0.1591672449686815
CC_9EBE3F26F2FB,0.07065933312832968
CC_9EC23AB6C573,0.317150236147432
CC_9EC34DDD0E53,0.05431130922984197
CC_9ED8EDFE8C55,0.08534955950962524
CC_9EF352F179D2,0.08457142240034524
CC_9EF505400F8B,0.6592414878301306
CC_9EF66D83B743,0.3188747733050475
CC_9F051572BFE4,0.2389153572188238
CC_9F151A782BAC,0.2316844587798414
CC_9F1A5DF4619C,0.3925385019394679
CC_9F1BF78ECD7A,0.08048070940437264
CC_9F263092AD72,0.16764227696518258
CC_9F36EC36A9E6,0.08372584484865701
CC_9F3D52242888,0.15973987257165664
CC_9F41F312CDBB,0.32097346021013434
CC_9F425167F9ED,0.14797634117008662
CC_9F6981E0009A,0.30901340452699144
CC_9F706DFE0AE7,0.03440262972220334
CC_9F7B525DD52D,0.33672415702125114
CC_9F8D5A5A9DAC,0.15858827813829893
CC_9F8FAE57E6A8,0.13344777430618548
CC_9FD1AB8E65FE,0.048080464712549176
CC_9FD2689202D5,0.13013829371658436
CC_9FDBB5C2CD09,0.04074221939747939
CC_9FE52BD71CA2,0.09586270513189639
CC_9FE8E62EB24D,0.09454323705978127
CC_9FEA59AEA00C,0.26576507778916975
CC_9FEA77B36A29,0.38894147150437536
CC_9FEE9701D16D,0.2542928276579129
CC_9FF35BA60E6E,0.28657378366444375
CC_A0003F08B22E,0.14409497637629928
CC_A00AE2543224,0.060396098341163704
CC_A02A29DECDC6,0.10824502481322446
CC_A0336C21117C,0.6564817851534315
CC_A053B42BBE0B,0.07230946118298821
CC_A0591F16FA37,0.031689430769992595
CC_A05F962C80FF,0.16876528959826878
CC_A07B0549E53F,0.06185103412667631
CC_A09F230CCF5D,0.6617188073331564
CC_A0AED6346ECD,0.1978827081981197
CC_A0C4A796643F,0.11526833256710513
CC_A0D6DDFB430F,0.06499649663414067
CC_A0DF672F9C4E,0.13658820049839807
CC_A0E8C7C5558A,0.3051920157099996
CC_A0E9269DF22C,0.4858391056096558
CC_A0F1DB5CB28C,0.09623922868207216
CC_A0F42B26F8F0,0.05779566318722515
CC_A0F8F80EDFB0,0.0694929227226384
CC_A10AD9550E4D,0.032627726733940876
CC_A10EB26E5EE1,0.16359613652719024
CC_A111B065F623,0.06398761604118637
CC_A113D95B4AB2,0.14573875366079356
CC_A1320C0F0129,0.7316901914497668
CC_A1348D850EFD,0.76690839421831
CC_A13D08B372E8,0.061063374587244125
CC_A143E64BD9D6,0.33235242329921316
CC_A14B0A24DC3C,0.11250361466907292
CC_A15137F25F7C,0.07929317170173596
CC_A152DBEC5BE7,0.057764398705404556
CC_A1591CFF6D81,0.0441023094173974
CC_A168CCB582C6,0.35305684317272035
CC_A17DC38133CE,0.7716181479556156
CC_A185D5EA3DE8,0.6404827417660716
CC_A19C842508E0,0.12844282848694127
CC_A1B648DA406D,0.02962050780104627
CC_A1BF7028CAA8,0.024673330017292418
CC_A1D035FA36E1,0.07885158465576507
CC_A1DD653D41A7,0.09469977957733902
CC_A1E3AD4B934C,0.30806564470650255
CC_A1E58421CE87,0.046997976222950974
CC_A219144EDEFE,0.05379277863433664
CC_A21FCEEBB3C3,0.4297985577002158
CC_A220E4278D79,0.043952380555209995
CC_A2231BDC961C,0.2510641699282775
CC_A234E219EFC7,0.31758790640396445
CC_A239B1BD81FF,0.06546528773878288
CC_A23D8CFFA31F,0.08239176092838671
CC_A23F463F4B4D,0.042664974297258615
CC_A23FFDC4A7A4,0.09256645734551272
CC_A2423E273F84,0.10194899513134248
CC_A2493E6036AD,0.31657527171360395
CC_A25C54470CED,0.08936303513120214
CC_A25FA690BBBC,0.12402571229579701
CC_A2636CF7C075,0.10328321718020844
CC_A26C22870E3D,0.4560001388350596
CC_A26F6A272B3F,0.13690382266653928
CC_A27CDC9BCBAA,0.18302053441737576
CC_A27E5269DA60,0.1908905008744453
CC_A28D4A46B6FA,0.10903338324651465
CC_A28EB319030E,0.04872831029328543
CC_A294D3A59462,0.7852341273110365
CC_A29D8034C304,0.057795353321072926
CC_A2A109409963,0.05196569713542218
CC_A2A4FA5F9962,0.12119580744625541
CC_A2A7E30C59D0,0.150720683139331
CC_A2B5D2D4E269,0.5296682228402261
CC_A2BB24180208,0.2879404393496049
CC_A2CF1DFEFE46,0.4721002759654047
CC_A2D6090EA5B8,0.154112739610962
CC_A300BC40BC9D,0.04551788919846096
CC_A3212501F639,0.19428032500946976
CC_A3278A566572,0.06216112396778434
CC_A327EBE4F783,0.1846499404140018
CC_A32FB6659B01,0.07781051892014945
CC_A33915EE72B6,0.21573244360045812
CC_A33D350BE79E,0.17817251148288205
CC_A3553B8AA8F6,0.1031958788218601
CC_A36EB077BF3C,0.02784278580085855
CC_A3753EB66DEC,0.11691497746642535
CC_A378342AC9BB,0.16130487092301501
CC_A379E9455C60,0.15949567854366795
CC_A387ADBD7249,0.10256471762628688
CC_A39E961FC29F,0.1494787114203102
CC_A39FA1EF0B16,0.27629093968990753
CC_A3A4E39FB04D,0.16149922444226691
CC_A3A751BE68D2,0.0378498673441206
CC_A3ABB3C5E9D5,0.6492957531149932
CC_A3AF9C2C68F1,0.18745139266724997
CC_A3BEA14873AD,0.13482546956759262
CC_A3C2FEE13C37,0.14334189612145593
CC_A3D6435D5F17,0.17443134497597101
CC_A3E3E51AD0E7,0.050146163672680835
CC_A40566694D53,0.2392206526871858
CC_A410C0DC7125,0.04429683858530804
CC_A42168D2B94B,0.08551237956844242
CC_A43CED9AFEF5,0.43225641458125386
CC_A4475A788D13,0.12727488334014597
CC_A44D677C0C07,0.045826758417378
CC_A44E2673E71E,0.04371843207461777
CC_A44E79A96425,0.340575011514941
CC_A462CA147DB9,0.11617526110756629
CC_A4660E424386,0.20954876104301917
CC_A476C9F116F6,0.1619388965389212
CC_A47C83B6EE2B,0.1505544206701122
CC_A47F8594678C,0.2727545674835902
CC_A48A7592F96A,0.05632961821043804
CC_A49195E659EE,0.06509718279866643
CC_A498A936AD21,0.11455053304373522
CC_A4BE6692361C,0.6113086718711925
CC_A4BF2115580C,0.06330453696361002
CC_A4CACCD14A0E,0.11410807151824166
CC_A4CE57A1AB74,0.07588509682758603
CC_A4DE4F1B5F93,0.19320152363487925
CC_A4E300558DAB,0.06251810785152885
CC_A4E972915D89,0.7456760395197275
CC_A4EEA04CF3D0,0.21174661248598514
CC_A4F400E9A0ED,0.052875005126097434
CC_A4F550D7F95B,0.2016190507532716
CC_A4FB91B1BF31,0.1582227951845762
CC_A500C1ED0A33,0.188197567169691
CC_A50471962A96,0.6933622652728273
CC_A5161D8AA57D,0.11702225967113039
CC_A519C84307D2,0.08009376893224192
CC_A5277A9BE02B,0.7063035909533707
CC_A53578FCEA71,0.12704048372746438
CC_A54EAD1CCE27,0.13784268530758115
CC_A5512DA239BF,0.15169067149414278
CC_A5545DF298BE,0.06489492153572052
CC_A556EEF3010C,0.4436905395102833
CC_A56756C65136,0.32811348519272754
CC_A5852E06D2D5,0.2539555741654783
CC_A5886994671C,0.15707753147416834
CC_A594D8B41A99,0.057047440016654925
CC_A59C6A6B71C3,0.06838364280414222
CC_A5A06987AF5C,0.19650808674121456
CC_A5A1512FEEFD,0.17353098069073883
CC_A5ACE4284283,0.16029609098577657
CC_A5B10F07BCD5,0.10824825803627702
CC_A5BC9ACDB4CD,0.07526523400826021
CC_A5BF8B260922,0.4365831765221095
CC_A5C52379AE06,0.29367160329364067
CC_A5DD4441568D,0.031632195710298024
CC_A5FE3BE2949D,0.04284951739719855
CC_A60EF94F09C4,0.3496242234588706
CC_A628BE74CB45,0.14241739127505182
CC_A6292E9B43AD,0.06213992315812006
CC_A638610BF8F8,0.1058237442302678
CC_A63BBA86CE9A,0.31788420705554427
CC_A63BDDAC43CB,0.066188069419997
CC_A6409E37A735,0.1349886513059339
CC_A655EC341406,0.14598268540515189
CC_A6562E47BFC7,0.20582520594873943
CC_A6563A22D668,0.7135498397642603
CC_A6601278C1BD,0.08713879565843935
CC_A683678AC9FC,0.3706341276719813
CC_A6864FE80A94,0.0761331532154185
CC_A69117CC3C24,0.1339501956280298
CC_A69928C7D217,0.20014959569493984
CC_A6A8BAF7124A,0.30528169316881304
CC_A6B7DFC69AAE,0.579049004905707
CC_A6BB595B55AA,0.06641514280325932
CC_A6C5284C4586,0.11341455883849828
CC_A6CB0D0191D3,0.08968213613355755
CC_A6FA3FA9F0FB,0.1103419589002071
CC_A6FDADD23BD7,0.039488371487268706
CC_A6FE3938F001,0.1956056409300056
CC_A71DB65F0BBA,0.6197618675757632
CC_A730F4964FD4,0.11873893919887937
CC_A73C02C58DDA,0.11001905520131941
CC_A746BC2289C7,0.28165477550848983
CC_A766C3608214,0.11429764660567522
CC_A76F48111A8D,0.123176219747855
CC_A77AEC8AD2D1,0.02607801523446042
CC_A781174166B3,0.1866183684082863
CC_A79024286DFF,0.06514967269090129
CC_A792720B875E,0.09436448670064063
CC_A7952C2BC5B6,0.07874889179030391
CC_A7954EE1A1C4,0.05110548921313009
CC_A7991E6B3CAD,0.22421275844201216
CC_A7B141DF4AAF,0.06469859408058948
CC_A7BE2CED0B93,0.05099734011968034
CC_A7CF446093DD,0.26020007441891957
CC_A7D1C6692090,0.09105813391575862
CC_A7D6CAB54328,0.45988162566864366
CC_A7D8D1DA4EA6,0.1054072956736762
CC_A8102BA6933F,0.05478222367168589
CC_A81C1EDC5FE0,0.09052164592362102
CC_A82C0FDDC303,0.2479238536790349
CC_A83F92C0CABC,0.1488543520227218
CC_A849B0F60EEC,0.05672329531670678
CC_A852AAB180D7,0.04526638531605391
CC_A8536626873D,0.1884905683521692
CC_A85F953FFD40,0.3507795504655733
CC_A865A3F1E28A,0.6763786824852895
CC_A867253FC73C,0.735749761571584
CC_A877592FE1AF,0.06462998906709569
CC_A8AE26057851,0.17808725543557272
CC_A8D50530622B,0.154286501228561
CC_A8D5C834B061,0.7330338914051299
CC_A8DF49EED27D,0.7914054482568935
CC_A8FB53A944AA,0.09920196423502683
CC_A8FF19BCFB18,0.16239932138371588
CC_A9042AA97760,0.06243945912538643
CC_A917D68B7F33,0.05483099378579706
CC_A925B3023F01,0.1516311444391908
CC_A93A49678A0E,0.6913454063627663
CC_A944C14551E0,0.1245390702085801
CC_A949A4D6CFDF,0.029881256844498924
CC_A96085AAACBB,0.42056564389077566
CC_A968E7B519AC,0.5326231825500516
CC_A96F61DA3920,0.2615813586194848
CC_A98AA461487F,0.048331490402572855
CC_A98DE37F48B1,0.02827485438469929
CC_A99526CAE7B8,0.09290492048077179
CC_A9997F50D935,0.11476516524961505
CC_A99C3B09B728,0.06070840847036191
CC_A9A0DADE60F5,0.2713391777030229
CC_A9E27E0F8BF7,0.11244881185757359
CC_AA06B8C44B08,0.5784075804326996
CC_AA078692F54D,0.04960224000300661
CC_AA3181148667,0.1145294124092512
CC_AA36C8AD0AD4,0.10715510345589141
CC_AA36F0397FF6,0.08507856445885048
CC_AA3A8989A632,0.6544134694388896
CC_AA4A1B7522D9,0.08828489534231171
CC_AA4AE0378324,0.22472496045289808
CC_AA5E4D5A692F,0.15325636002840554
CC_AA68EABEE4B1,0.07728626221896667
CC_AA6B5A7A5B67,0.10734523567414288
CC_AA6BD423C239,0.39827145575986406
CC_AA7074B42A4C,0.5341829781916729
CC_AA7A7F3159DC,0.09791801810993765
CC_AA7BDEB972E4,0.103897736013481
CC_AA83426311A1,0.0783412568672645
CC_AA8F7D307212,0.14896193733595456
CC_AA994120654B,0.0711314723067834
CC_AA99CC1D0A77,0.10553474386211924
CC_AA9DF917E958,0.14859824040706326
CC_AA9FC6678135,0.33647346989820454
CC_AAA47EC0D4CE,0.07261829380065711
CC_AAD9F600283C,0.10691120842226293
CC_AADF003A3927,0.06773855976418335
CC_AAECFE806C8D,0.2297819563671833
CC_AAF2022B9CD1,0.22698956185881303
CC_AAF445E4CCF4,0.06676000693990844
CC_AAFDCAA5CA06,0.6513662276191673
CC_AB0384E131D8,0.18502214236509856
CC_AB0A4F4A2968,0.20508759898316356
CC_AB108580856A,0.08783832824709108
CC_AB10FED15FC0,0.8106600665881546
CC_AB176233A184,0.06675572327649948
CC_AB250982887C,0.11687714697954701
CC_AB25C565EA6F,0.0838262592951465
CC_AB31BDAE74E0,0.2383672505831019
CC_AB38A76F5698,0.37700185490885846
CC_AB38F588BDD4,0.17304442581260163
CC_AB3DB55C9A2E,0.16734746204641945
CC_AB42A7DA8FAE,0.17334284800950073
CC_AB486E8855F7,0.10951184237520559
CC_AB4A79BF0F21,0.03875456735687717
CC_AB7472FE1C8B,0.04757363770191108
CC_AB78F64D1DA0,0.12820828459965694
CC_AB821E2FB031,0.05349370054390365
CC_AB873276D910,0.051458165953457494
CC_AB8CF3C05B61,0.10913069608912115
CC_AB8DD8448ABE,0.3454566764137442
CC_AB953366A38C,0.10502666229793822
CC_ABB193697B23,0.6213981543269964
CC_ABB3F0A040BD,0.1217444662402175
CC_ABB618AD3E52,0.21418381601097383
CC_ABC0DA7DAFA5,0.0437365015453807
CC_ABC49E43DF40,0.6089651568913667
CC_ABD89F61734F,0.11002466964889637
CC_ABE04CDC2866,0.5947128864972745
CC_ABE98746DB91,0.5404846694342682
CC_ABFDF22BBD97,0.06600768860601834
CC_AC0498A54CAD,0.22303364170690337
CC_AC1C23EA2767,0.3099598766827345
CC_AC1E028B2A1A,0.09897578927410894
CC_AC255B902EEB,0.1489084073794704
CC_AC44A88F7869,0.07834160633054023
CC_AC51CBCACA63,0.10493739458882925
CC_AC723E5F5EFA,0.042283514032736044
CC_AC7994A5FDC4,0.11976821197105661
CC_AC7EFDBCF2E8,0.7246614215155291
CC_AC8A45716CD8,0.13557994125283937
CC_AC8FB78319A0,0.03342678826489421
CC_AC95C517E726,0.08587773017862911
CC_ACA4C6C9316D,0.05327219289271966
CC_ACAD97A186F4,0.08625601663909879
CC_ACC12168D6A9,0.16055712917520457
CC_ACC53294D3A0,0.09805964116869
CC_ACC6A74A8BEC,0.07685843830633095
CC_ACD94D2B1200,0.06107731094911595
CC_ACD988315902,0.04132737206155272
CC_ACDA59536C9B,0.13620328194265716
CC_ACE5A4081F6E,0.16743042791302634
CC_ACF4F9A2CCFC,0.18730446471548573
CC_AD0D7D212968,0.30738418188449995
CC_AD131D09EB0F,0.10927910645932598
CC_AD13C87CF26E,0.18988176371028653
CC_AD2050A0C79D,0.20701373235207765
CC_AD276D71D3A7,0.30338784498647636
CC_AD2C54521FE4,0.20834514959258496
CC_AD2E59624FEC,0.41541077375334706
CC_AD3A36AF2840,0.2712778008027765
CC_AD3D286D0B68,0.17307431524923111
CC_AD46818E459F,0.6391260298753685
CC_AD4BB2E22EA9,0.198609424500429
CC_AD4F7F88242F,0.3062506638269821
CC_AD58ADCD54CE,0.6975208778572306
CC_AD71619FA389,0.11800699240142819
CC_AD84592B950B,0.07569826580408494
CC_AD9898C0E8D2,0.13094793280405626
CC_ADC70A21D661,0.2903901142708905
CC_ADCF16189AF2,0.22795927047332928
CC_ADD894E6E4F4,0.3479360976708659
CC_ADE899835555,0.13669523018405536
CC_AE0D73A1EE19,0.39294344151216803
CC_AE0F08EA3935,0.19849808801403607
CC_AE23B59E6FC8,0.3040606592527914
CC_AE289E013D60,0.08742888233940321
CC_AE34D3F7F224,0.739892848705389
CC_AE4069D8B4F6,0.19030067412104812
CC_AE4896E2BE76,0.7393623478255372
CC_AE51DCFE0671,0.06895221410754701
CC_AE69FEA8DA68,0.16307607605503405
CC_AE7C129CC90F,0.23229228225090004
CC_AE7CD49F20AB,0.17529692121618792
CC_AE89526E0335,0.18588080152437347
CC_AE8D62CF30C0,0.09968360237203255
CC_AE8D9CE8D6FE,0.04015035652094198
CC_AEB019CB9065,0.17979359518249283
CC_AED1D50AF584,0.08982022738943445
CC_AEE546316FB0,0.22829995236096043
CC_AEE5FA00FA6C,0.41905033341906306
CC_AEEC765D157B,0.03949984849126953
CC_AEEE44D6C8A4,0.02550925743783832
CC_AF14FF3EF570,0.3151686800192223
CC_AF1C3ACBA6B2,0.13035368681697512
CC_AF1E911C98B6,0.3074043939054153
CC_AF337F410520,0.08085765116096397
CC_AF3C7BC3BA40,0.10206681240376125
CC_AF41E4075C87,0.19203604285783787
CC_AF6B4405276D,0.7160489801278132
CC_AF78FE0BDBEE,0.09427832959026097
CC_AF8238D9082F,0.04257840690164978
CC_AF8CA6EE53C3,0.06349576287420425
CC_AF9AFA7C49A8,0.10918478246558766
CC_AFA1E3D3C685,0.1714584765129527
CC_AFA680030CB4,0.622352732647245
CC_AFB351270B8B,0.040874227901567896
CC_AFC405AE0029,0.07527299574625429
CC_AFF90422E4FC,0.3836134993018186
CC_AFFBE2744B87,0.7710132329742654
CC_B0043CA53FCE,0.08589079283683441
CC_B01B2BD4EFD7,0.24930611402935693
CC_B01E87EB9940,0.132706304712292
CC_B0273E66E2A5,0.1566328311789487
CC_B03E98085A9F,0.06857967140885085
CC_B0420D8C42DC,0.4966190178844746
CC_B0497BEB9F6B,0.1446769024899396
CC_B04A5E60B69D,0.08690346931496339
CC_B04D5517A193,0.12238073239103398
CC_B05FF3A960A0,0.24294543741482727
CC_B06A532EC131,0.25007239388799185
CC_B06D33A6761F,0.16441505751372476
CC_B074D4472CE4,0.043278271855955126
CC_B07CE95BCD88,0.3175685801637821
CC_B07D79368225,0.1150561771383222
CC_B07DD1ABABCE,0.7377876284670322
CC_B086C2D77820,0.16398255544192195
CC_B088DE9C9E3B,0.24591825909230192
CC_B0CD7932067B,0.11047012231400771
CC_B0CF90073A5E,0.6444009849213956
CC_B0D397D86639,0.6332283887489922
CC_B0EF4FD19FEA,0.09493421620056133
CC_B0F2F9514AA3,0.08839171169608523
CC_B0F3B79F51C8,0.15654051493518378
CC_B0F4041B1C76,0.030604144690330647
CC_B10FE31C61D5,0.10338124583455247
CC_B114E8F19D65,0.14526472193404685
CC_B117F0E3CAAE,0.14489249898173348
CC_B11D58F331A9,0.04097450869543994
CC_B1262188BC41,0.09788300517609862
CC_B12FFB2FF21F,0.07624569803110624
CC_B13253F34A9F,0.038462068785058375
CC_B137E2BBB53B,0.0796676335201795
CC_B13FEA7CDB99,0.08178667136334336
CC_B1481ED21111,0.03850931312505316
CC_B15BE5C9976A,0.2380795884399352
CC_B15EB6933578,0.0888134746884143
CC_B163CCB3BE4D,0.12161127225629861
CC_B16DC354FD71,0.3870053447771523
CC_B1777349EB15,0.15888175586535602
CC_B17C6CE0231F,0.24834635137084968
CC_B17CA8C22E5C,0.13021577724382213
CC_B18F3C9C30E4,0.15434033778012998
CC_B19CD93DDC96,0.06133940335989441
CC_B1A647674B84,0.09916439047958489
CC_B1AEC2E5E33B,0.24676636781722266
CC_B1B5C81AC0A6,0.059777037260899564
CC_B1B932EFD646,0.1421808921038839
CC_B1C3C0B52B88,0.2831243215040727
CC_B1C7216344F3,0.068740166085245
CC_B1C982DBBD12,0.2981081724011916
CC_B1D81F8197B3,0.3407768591042002
CC_B1DF1DCBDC7E,0.558972388673923
CC_B1E2C36607CB,0.06927222533755717
CC_B21351C93D8C,0.13888381014690132
CC_B2174860AB11,0.7248700665764918
CC_B235818E6A04,0.2137949835920076
CC_B23CDE30F00B,0.07224831410326413
CC_B23DE4971DF0,0.4420892019142285
CC_B23ECF574D8E,0.06416874648207885
CC_B24C41DDFBDA,0.23372668381955147
CC_B25EC73B9510,0.14093770995543833
CC_B25F69904D0F,0.08477256158804564
CC_B25FB6C11D05,0.6875476883247041
CC_B264F2B92259,0.5776683496580176
CC_B26B8FC23F1B,0.06346828383941705
CC_B272E29922B5,0.13895529115456273
CC_B27AA8E27BE7,0.11780128668899022
CC_B2A68FD3C236,0.11003432847593823
CC_B2AC50C00979,0.0934477137438916
CC_B2B16D7B821C,0.2128605951811645
CC_B2B32F1511E4,0.14404975587215116
CC_B2C241A93527,0.06827145820222824
CC_B2CB104FED6B,0.6573570626627177
CC_B2D352013F92,0.10812475464582909
CC_B2DF694BAB08,0.10093275180974663
CC_B2E993A9343F,0.21439483896306213
CC_B2EF61C93AB6,0.14340703994374182
CC_B2F94405EA89,0.11065618900676658
CC_B2FC07BF6251,0.05312540039351035
CC_B301A65B4164,0.1102111048135028
CC_B313E3A208A2,0.2167974728197502
CC_B318FF5D976D,0.12866090124314855
CC_B32AEF0A2299,0.052834514354390044
CC_B33BD3C618EA,0.06910315891961408
CC_B348627365A2,0.1284653631097669
CC_B35109450BDD,0.04525840449467524
CC_B3528B870544,0.09926713749779123
CC_B3530E7CF8F5,0.11759442032637756
CC_B35C5B1DB9C1,0.06998519359726206
CC_B35FF59389D4,0.18922702882804346
CC_B3812C6700F2,0.662891782066774
CC_B38280B483B8,0.1239739365143471
CC_B38B694A18EF,0.4955985098580868
CC_B392BDECD913,0.3500536685746287
CC_B398DF1ABAD4,0.04594788445953461
CC_B39E75E151A1,0.11414768773265965
CC_B39FD0E249E8,0.04431819248385594
CC_B3AA0891CA5E,0.40269388573418036
CC_B3B1C8EBE5C1,0.12693810569797176
CC_B3BBA28E2D39,0.4612711344928584
CC_B3C4DB0303A7,0.10939752600546504
CC_B3D32FE823B2,0.03239878284819184
CC_B3DA429C6C8F,0.08989706233864744
CC_B3DC5786AB0F,0.2001761836965702
CC_B3EA537531A3,0.16724397793192208
CC_B4096D3A38CE,0.044678547203872584
CC_B41EADCCC95F,0.05775720754343869
CC_B421940B9A48,0.637115888415927
CC_B42B3B83935C,0.8150312374138282
CC_B436B1CA6B2F,0.05504334050463159
CC_B439B06AF274,0.2894487314432661
CC_B4482E7879F4,0.07062558916459644
CC_B4660022C612,0.10832558782896308
CC_B46B899B4A63,0.148473817456931
CC_B470280A580D,0.1341585735023597
CC_B471D3BF0C72,0.5510815253095283
CC_B4751DEE43CD,0.1714682425296234
CC_B482C254BAA5,0.049245522897984534
CC_B4889D036D3C,0.7079695661455906
CC_B4950F811C90,0.13330655842153372
CC_B49A6DE7A340,0.32454821590804245
CC_B49CD4C13DE8,0.3599616798739421
CC_B4A90370CA96,0.4890799680135971
CC_B4ADE6BC8A10,0.6844719599741527
CC_B4B6F805888C,0.03523803832190373
CC_B4B8F66BF4ED,0.6706207568397707
CC_B4C6F80DEE44,0.03864024072017322
CC_B4CCE78C09EE,0.1463032684031971
CC_B4D68D1C1C55,0.17593717570888387
CC_B4DAED63089A,0.15422696036014685
CC_B4DD9841E6FD,0.23728695013589524
CC_B4EF6743DDCF,0.07522184509640509
CC_B4F67F73D097,0.09633526411702295
CC_B50EB15EBA18,0.10218820986264879
CC_B51DCAAF4549,0.15639944351681198
CC_B51DFF8702D0,0.5190144260471323
CC_B520A001BF69,0.09974847756314396
CC_B529919BF24E,0.6481431574192877
CC_B542342650A1,0.09511009472097778
CC_B54A106E91E4,0.05660991872899777
CC_B54CFFC21F2B,0.1269225121988774
CC_B55C134C04A5,0.22152336942612044
CC_B55C2DBF6D3C,0.20431824999557238
CC_B569705352B4,0.11104492437053604
CC_B56E74A967C3,0.047765949672553945
CC_B57519F33EEF,0.053244708639906095
CC_B582E4405D85,0.08606976673794392
CC_B585A11F7BA7,0.1382659927357028
CC_B59726D36AEF,0.2249545876571967
CC_B5995E4F1A21,0.12642020105257934
CC_B5AC2AAF871B,0.745411759645504
CC_B5AD19125E1B,0.22041826579539053
CC_B5B1E42858AC,0.06010244143315721
CC_B5B7599E8BC6,0.06268084303060997
CC_B5CAE0595637,0.19249876050845854
CC_B5D49843A799,0.3474532075143622
CC_B5DDFC7AEE78,0.10330446465550272
CC_B5E29344F63C,0.19158540467611673
CC_B5EE5AE6378A,0.5111072335051386
CC_B5F2A93AD996,0.09388095451553301
CC_B5F611613A78,0.06753478630597032
CC_B6055039255A,0.757149058890817
CC_B607B2B0AFB7,0.054605551147312636
CC_B60CFD0F39F9,0.07287363157411819
CC_B620087B1C52,0.3925497536977379
CC_B6203BBBD151,0.10449565767607732
CC_B622662E664A,0.16406099639286587
CC_B62C9A2BC846,0.1597882946506213
CC_B636210548E5,0.33299635593468896
CC_B642C6714501,0.060759149177548176
CC_B64F81B8A263,0.14405398901380212
CC_B65CA581B9BD,0.14442352724147178
CC_B65D1B9B6F67,0.11786641673378248
CC_B661A8FCA431,0.05357872208453797
CC_B66AC40957D6,0.1328946452350867
CC_B672B35D1162,0.7044153725417579
CC_B68379D197F6,0.10660900344645374
CC_B6923D10FDA2,0.14710018467137306
CC_B69CC776BBE6,0.24743152696323384
CC_B69E50D76B29,0.10457903820123465
CC_B69EAA8C296F,0.22674431263520314
CC_B69F7CB8CDA0,0.09226657569134147
CC_B6B4AD157354,0.15665907047036093
CC_B6BD764CB8B9,0.2099888417962268
CC_B6BEC3F4BE91,0.14955824358502398
CC_B6C13F4A610D,0.3103484936241306
CC_B6C1C3B5766B,0.10475264432346759
CC_B6C72241926C,0.15767212332217356
CC_B6CB40E245D7,0.5999136021363731
CC_B6EE58A108C5,0.06935984156279243
CC_B706F631F5BA,0.04016004717414316
CC_B71DC1206985,0.1563437066332962
CC_B72284CED807,0.18976903170030945
CC_B727865A5B5F,0.6524730970686634
CC_B72FD7EFA6BD,0.19682619813108657
CC_B7365B5A3392,0.7688341111993791
CC_B73820D308C9,0.12180156580950775
CC_B743560D847F,0.09016008338537404
CC_B76EF26F7C9A,0.3129042863744787
CC_B7764FC130E8,0.4715083151061482
CC_B77B73B95532,0.15279424515480713
CC_B77D6653C7D4,0.04048220220769044
CC_B77DA6B77DEB,0.27726390836933956
CC_B783AE19622D,0.1683350146869482
CC_B78761738CAF,0.02130215098904508
CC_B787BA135B5D,0.39317994158848985
CC_B78B4449EA19,0.13395841619715904
CC_B78B4B7F80B5,0.22504742461991178
CC_B78BEE888CA6,0.07736939954481574
CC_B791FEE1CF37,0.0326829013385781
CC_B79A58AA4441,0.09823847112729209
CC_B79BEC538198,0.11508960582909161
CC_B79DD53178D3,0.07412902681058321
CC_B7A7EFD85149,0.1906909831795548
CC_B7B5F2A15C41,0.11453720492554183
CC_B7BC46A7D4DF,0.09665387082253087
CC_B7CBC65D9AF9,0.5055133848040452
CC_B7D40C5C891F,0.09160026374812213
CC_B7D4337C4797,0.3392240724816165
CC_B7DA04826165,0.32581237151317805
CC_B7DC19DA1440,0.14211847952429604
CC_B829EC622F0D,0.565318194751076
CC_B82B9C0C7B85,0.6152570013289125
CC_B82C55DEE5E6,0.3133045308040089
CC_B8475B977AD2,0.695669090979663
CC_B84BD2F4EB01,0.21025921034665984
CC_B86DA7D69F20,0.044942071371660154
CC_B87989F406EB,0.18205495126288124
CC_B88B702183E7,0.03213199352731575
CC_B89B80945ADE,0.20746589515174224
CC_B8A3A44BFE8A,0.44899279389361835
CC_B8A7A6548AE6,0.19589781940508594
CC_B8A8FB83065B,0.17129775106119913
CC_B8AAC20D626E,0.1904387036827535
CC_B8AC99873641,0.06405005133293584
CC_B8C9673B7834,0.08438307251797358
CC_B8D5FEB15CC8,0.07074576117352802
CC_B8DA64A33076,0.5377689629681561
CC_B8E912A01706,0.626211053445638
CC_B90869280808,0.14836831087015775
CC_B908EC99951B,0.27247790035882274
CC_B90CBF2A6775,0.05653922872646751
CC_B91080C1ADA5,0.36929058724633557
CC_B918FB42AFD2,0.1803603199211397
CC_B92CA425080F,0.12172820834024024
CC_B937F632B71D,0.17937500097784456
CC_B94477C20476,0.39471972754872964
CC_B9483A5C922C,0.13364754280629398
CC_B954EC1C63B5,0.39001701037076764
CC_B95580F93537,0.05169522581734253
CC_B96086044329,0.07546070178744932
CC_B96EB0A91589,0.1946838793475138
CC_B98357C70A41,0.6293495013651272
CC_B9929A66C2FD,0.6574771911278834
CC_B9BB52E4C529,0.1105059317671838
CC_B9BD45744855,0.7711566331303102
CC_B9BFDE4662AE,0.11914781368560443
CC_B9CEAF324145,0.03158319403035408
CC_B9E89F42B509,0.21743898031919978
CC_B9E8A3887223,0.21014402216359923
CC_B9FC67268C45,0.22154804334697348
CC_B9FE9DFEB3DC,0.10881768735496056
CC_BA041E14DD98,0.06874999257694375
CC_BA0619F54427,0.1134080865518999
CC_BA15072C4EC2,0.25177464444393316
CC_BA183CDC5429,0.8082637608087824
CC_BA43646012D2,0.39477517802844486
CC_BA4F7E494E71,0.48761373765434146
CC_BA557F75E2DD,0.19423726375902128
CC_BA740903CBDF,0.1369202324493266
CC_BA77722A827A,0.5196345839783703
CC_BA78E47BB021,0.23511736583584428
CC_BA8C427054F4,0.03898034924298992
CC_BAA19F8D2563,0.1000487066158817
CC_BAA1BBFF8C6C,0.28444238961639823
CC_BABA44B5FB12,0.08920076879043391
CC_BAC25BCCEAD2,0.06573507026172781
CC_BAC74D0014D3,0.46251362339975355
CC_BAD99E36CC71,0.22920080406410653
CC_BADE7EB1D16D,0.7738330889368772
CC_BAE7410803AC,0.1661416047119154
CC_BAEBBF8054FB,0.12066415335471539
CC_BB054686B6F2,0.041991818916475264
CC_BB05D9DF72BD,0.05992633695020405
CC_BB0D54068D07,0.7993729349700303
CC_BB15DE5E0DA0,0.7323474058085558
CC_BB1A57AA813F,0.1376672876734807
CC_BB1CABE261EB,0.16315362647877524
CC_BB2BC46FCF61,0.24108844052614614
CC_BB2E5437EE04,0.047487131412454905
CC_BB2EF1FF6131,0.09282682540467929
CC_BB2F56C6BF57,0.10640549368083521
CC_BB35CEC5314E,0.09646990325413307
CC_BB39E3597B61,0.04395725755024822
CC_BB3A9EECD51E,0.08120981567007078
CC_BB44CDEE5103,0.19538409208990815
CC_BB458116ABA4,0.35822429023919977
CC_BB5F6936F6FE,0.1948647538196043
CC_BB666F8A551E,0.07092836955521993
CC_BB7355E735D2,0.11450713222515671
CC_BB8A2F186D6A,0.0434821140749157
CC_BB9FDED12C65,0.6884037337359485
CC_BBA8C316C8F8,0.07072223756914729
CC_BBADC7DC73EA,0.1999817571886089
CC_BBAEA7980B09,0.4171553304155686
CC_BBBA078A6429,0.7542691792893159
CC_BBBFC3EC2C72,0.3934912365904305
CC_BBD34B3225EE,0.031150533958966997
CC_BBE6C58C59A4,0.4233069880003504
CC_BBEBBE1E226D,0.11309455545089699
CC_BBED56D34D38,0.1160381495282498
CC_BC0244FBDAF6,0.179521304316013
CC_BC099E880236,0.16470306906300564
CC_BC0F05C89E25,0.11545366423968978
CC_BC1BD06C1085,0.11969161126866704
CC_BC21E8824A34,0.4365869319798078
CC_BC23655B2BF4,0.05371933855183006
CC_BC24F9024F49,0.053663226697443965
CC_BC2A58939715,0.09958390579015358
CC_BC2B90F226E0,0.21645840372228595
CC_BC31382964E4,0.05413426755313064
CC_BC31DA3EAFFF,0.13420059568589157
CC_BC3A6CF6FD16,0.11830566258822595
CC_BC410BDD9ED8,0.2556654419548814
CC_BC458960887E,0.1315339725328237
CC_BC484C329704,0.14958417849118544
CC_BC4D6D6D4553,0.3362769565674469
CC_BC5A59D88AFC,0.0943979817948325
CC_BC736DA19A00,0.17695391852641876
CC_BC7B9D13978F,0.16008110024869765
CC_BC84BF34D69E,0.2642513490003222
CC_BC95D473C9CE,0.1692896079719358
CC_BC96FC9DCFE7,0.11811254071065441
CC_BCA0D6159C23,0.1997578090746014
CC_BCAE73132BA2,0.08595863206585111
CC_BCBBF055366F,0.0443014112677986
CC_BCC94F494979,0.07960243857220725
CC_BCF75F8B9A5D,0.11320617857138
CC_BD10F4F15094,0.08600334181287886
CC_BD1A2052ACD5,0.7975262152169482
CC_BD217C39702F,0.3611689550857038
CC_BD2A9D4B9FAA,0.22815754923895942
CC_BD3EDD1630E8,0.0574670284166122
CC_BD4AAFE9EFEE,0.06192238892228069
CC_BD59D1252975,0.10607906135336272
CC_BD607BE97C17,0.09039266204920646
CC_BD889F165227,0.10007262854377932
CC_BD900B6BCF65,0.15728796280047697
CC_BD9967660461,0.42958435910693865
CC_BDABB99ADE2A,0.17639768064414557
CC_BDB07C66EDBD,0.43528318062238425
CC_BDB71DAAE50B,0.0974980969447387
CC_BDCB91FACECF,0.13692057880333386
CC_BDE1E398B4E4,0.06552221079327117
CC_BDE8D325637B,0.6548901127350983
CC_BDE9E7F390AE,0.08915489066792534
CC_BDECF392D7F9,0.16604607842621338
CC_BDF401C3BBCA,0.1421990948250449
CC_BDF53C42C5BC,0.19824138509136977
CC_BDFE5778530F,0.3513770520838013
CC_BE05EB5976EC,0.7484194831265858
CC_BE08A6D5E76D,0.04287675626477246
CC_BE146CE5BEE6,0.17846260610603923
CC_BE24C1EE877A,0.11557793621761707
CC_BE27E98C4BED,0.06969948867028206
CC_BE32DACBF6C2,0.10834201421029405
CC_BE3F52F9C9EA,0.13330630326776655
CC_BE3FC1024389,0.1488738671920936
CC_BE4595898BF9,0.1002599568842543
CC_BE4F1F53F4B6,0.0837035174846512
CC_BE648663620C,0.17439577371148374
CC_BE6627F3B9EE,0.6630608025348441
CC_BE673F70B591,0.3561285827227653
CC_BE704640727F,0.03135468016567014
CC_BE7295B354DA,0.3616370975735718
CC_BE760A430ACD,0.19211407827842178
CC_BE8A340F3876,0.048735931944691335
CC_BE9CB8845101,0.24508636547451576
CC_BEA12286E57C,0.13641147556225613
CC_BEB24EB997CA,0.12321735875360651
CC_BEB80CCF2ED0,0.04424160997962475
CC_BEB86014B5BF,0.18934024363340965
CC_BEC035C8801A,0.137691509647909
CC_BEE1B858F0C3,0.31462863260088364
CC_BEE664893442,0.19852749085416257
CC_BEE75A33F038,0.04752667177384314
CC_BEF22728402F,0.6809241743069648
CC_BEF8AB2DF19D,0.37575627710171977
CC_BF03683CC755,0.12227282232926388
CC_BF066CB8F7A0,0.16968879502294748
CC_BF154A9FEE8D,0.1345000123437956
CC_BF17E635C67F,0.11471602921742893
CC_BF196AFA6AE6,0.13740111370411504
CC_BF2012FCFE14,0.2172191119697436
CC_BF3733356D4B,0.459000550609464
CC_BF376C8D14ED,0.5223666983871467
CC_BF3BF8B9F646,0.10505578292467738
CC_BF588A5FF18D,0.6506356324835334
CC_BF7C643B8874,0.04550532390453098
CC_BF8919F14394,0.15269341137521866
CC_BF8B759EE1EF,0.07417651194715584
CC_BF971FA7A950,0.14511323002984705
CC_BFACE960372A,0.11765125147496855
CC_BFBF917EFEB7,0.6288291142497363
CC_BFCAE2959708,0.045954392064571706
CC_BFD80ECB739A,0.23938345975947786
CC_BFDEC7E68821,0.06863655851619438
CC_BFE3AD881F4C,0.04948284977874823
CC_BFE511C0F9F3,0.5451832214702715
CC_BFEE9CF8A6E9,0.07854813906952315
CC_BFF8E82FE4BE,0.13802197297826346
CC_BFF9E8C0FE28,0.5757703733030941
CC_BFFCB2882E26,0.04715204820708424
CC_BFFDCACC1E4F,0.10998200892731405
CC_C003A15648F3,0.08799516302821073
CC_C004160ABB18,0.15114215505111228
CC_C012746F45D6,0.09736863724390725
CC_C033B4EC89DA,0.1371944761269727
CC_C03578357D0D,0.4047975577656882
CC_C040C14F27A0,0.05302615031451873
CC_C0474C48C443,0.12909396469660644
CC_C04A1EF46A13,0.24613812214134448
CC_C067DA2C5F99,0.4160951050424748
CC_C0731DB0CD7F,0.6550466188322861
CC_C07C70AA1AF0,0.1329101846416111
CC_C0877F4DBC62,0.09581966837116884
CC_C0896CE6B4E2,0.08269231029932288
CC_C089B0517E81,0.08711447077762688
CC_C08B9066A5BB,0.17542154917897046
CC_C08DFB22BC71,0.09210049545519898
CC_C0A2108BEC82,0.20997140656069027
CC_C0A6B0787F91,0.10359712369261674
CC_C0B29B279C90,0.11896920234674041
CC_C0B7151247C2,0.09214801841856066
CC_C0BEDCC974E6,0.09809401274427947
CC_C0C6F913C2CB,0.6864632525794361
CC_C0C7EAB055B1,0.18465461845474856
CC_C0CCCF588BEB,0.24884786755992028
CC_C0D65A1BC1DF,0.6219228245315853
CC_C0D6ADDF1E0F,0.07727951283516228
CC_C0E49708EB44,0.21853216058487063
CC_C0F32BA57D17,0.04564957234360864
CC_C1094828B26C,0.32196028705308105
CC_C124E4C094F3,0.25628263293494724
CC_C12ECF48FA03,0.15183364460327262
CC_C12F5F7E5C54,0.10058201410559203
CC_C131509731A1,0.19547798910709885
CC_C14173B64C58,0.19019941937030924
CC_C14A4D39F494,0.38111904302770383
CC_C14DC9106B7E,0.2446246856214201
CC_C1624A910E58,0.03251000606569888
CC_C1645FA6EE7C,0.08996838487449332
CC_C165A26E7C1D,0.7144453951405945
CC_C16824A69631,0.06259643953888713
CC_C177831DEDC2,0.06926382029316064
CC_C1815DD481ED,0.7045231190306251
CC_C18313F97FC1,0.283433698085909
CC_C18A7BC23071,0.2951314720440274
CC_C1941883C762,0.11536570690541763
CC_C1A0989CDF23,0.025861921049934455
CC_C1A8C99D910A,0.12347095349957865
CC_C1B057BAE0BB,0.2917274829750321
CC_C1B5D9A95708,0.07844260259540478
CC_C1C28181E30E,0.10550801894944356
CC_C1E8CA45E983,0.10345763308520622
CC_C1F4DD05F5FB,0.2072643758332287
CC_C205BAC0D181,0.07784893106837656
CC_C208790016F7,0.07474038807287726
CC_C219E603FD0B,0.06593896040391997
CC_C2323893E922,0.13776055396471149
CC_C236A614F73D,0.1162984222787455
CC_C241491551A8,0.1010090656642812
CC_C247E0377048,0.11587005282905782
CC_C24FBA584039,0.24638957254913346
CC_C25078D044CC,0.22673600983521797
CC_C255BE787955,0.21161118940408818
CC_C25ECB5C5FD8,0.07305583257698868
CC_C276E722FB1B,0.31017602752046747
CC_C279090E1F74,0.7793540072862133
CC_C279CA96D14A,0.13068624676415191
CC_C283330B9999,0.037004315167640967
CC_C289AF57EB24,0.26915300467600045
CC_C29558864857,0.12175325342555311
CC_C29846DE78AC,0.6272673740946192
CC_C2AEE09D92AD,0.10834820516947428
CC_C2BBFB603032,0.35361513632557984
CC_C2C2B2EEBA69,0.04263961427737893
CC_C2D1CBB42952,0.16394402537502856
CC_C2D4587A871F,0.7129041350194913
CC_C2D583F20739,0.3680869782635365
CC_C2D9086A8C67,0.0714493286609725
CC_C2E8FA308586,0.14707646530274804
CC_C2EA104630E3,0.09432257665191221
CC_C30ED2C6265A,0.049167463362555536
CC_C31BA9FD4FFF,0.29078466259836144
CC_C31DC3117984,0.19832547100167547
CC_C33142B2E26E,0.4142120605042274
CC_C340668CE604,0.07543542713311463
CC_C36580241000,0.13203671293422867
CC_C3664AFC710F,0.09666240417832045
CC_C3676D2ADC91,0.1935903781084831
CC_C368AC6AE19C,0.039785638589008625
CC_C38B446B7432,0.1908785888608949
CC_C38BE6D69E61,0.056043648825838996
CC_C38FB634E7B9,0.05992292158211149
CC_C3913A125FC9,0.1613407881745798
CC_C392AC1AABDB,0.14570002140404925
CC_C3A37C3EDCC5,0.3206256937365095
CC_C3A42A96D260,0.24794369993137674
CC_C3CA355F78BC,0.10890992776641079
CC_C3CD972B25E9,0.1455180413087901
CC_C3CE9FCB05EA,0.05127616555248039
CC_C3DA12B31CD5,0.07834065086729394
CC_C3EF46D2CF29,0.14977908851740263
CC_C3F301EAE202,0.19862571210424257
CC_C404C200B723,0.10607855540632052
CC_C40BEE2EAD73,0.25679707817750974
CC_C40CA3E960D9,0.14463046457863854
CC_C40E0EEBA53A,0.15013782226669103
CC_C42183D7A586,0.0857507252242049
CC_C427199DAC5F,0.44272994542341426
CC_C445AEF194CA,0.08339938479473173
CC_C45051D20EC8,0.11996181189893722
CC_C47FCA703A69,0.287355750886862
CC_C4965C6C6935,0.32522900460885007
CC_C498BD798847,0.046586168170853245
CC_C49A42D1C3CA,0.09343440745628856
CC_C4A2F5B06976,0.059448239376013026
CC_C4B632AEB96F,0.16033296417556228
CC_C4D194378554,0.030410424188133986
CC_C4D90E9CA5E9,0.11671736970557736
CC_C4D941D5A5F9,0.14778427592358712
CC_C4EB2486A9B1,0.1784387732579411
CC_C4EC2923D96F,0.3056887713962626
CC_C4EC9ACAE8C4,0.7213762272880531
CC_C4FB2ECB13DD,0.2526386846185762
CC_C50467EBCC58,0.09917759372814816
CC_C50C5E2A77CA,0.1480684530978874
CC_C50D7FAA75C1,0.03914084131955351
CC_C51FE3F4D2F3,0.16515753200517974
CC_C5234F4713B7,0.06631820702320741
CC_C55110310E14,0.10220971548910351
CC_C563D509181A,0.0843198264093809
CC_C5736F4887D6,0.7751620154663271
CC_C57C4F09442B,0.08516746919307541
CC_C59D2CA55CAD,0.7981654822722639
CC_C5AD04ABF022,0.09011842098104919
CC_C5AF7BF4B951,0.03607761932666112
CC_C5C5FD9FCFE4,0.647406970869877
CC_C5D9A89022EF,0.21913562953734428
CC_C5E1FA10BD6B,0.1582463694684978
CC_C6039EF0459B,0.16525541002873106
CC_C6133F44EB0E,0.10780165213353565
CC_C637C1142503,0.7751542032658056
CC_C65496C86EAE,0.1712802669125412
CC_C67C2B86A807,0.12337676233805979
CC_C690CF8AF3B4,0.10250601006512207
CC_C69204FFED48,0.3078570213825184
CC_C69DD80E5055,0.10378240490010668
CC_C6AE389CA79C,0.0625726644191994
CC_C6AFA8AF33BB,0.07689617393814244
CC_C6B56B2869A6,0.40367163869778155
CC_C6B61E03B42D,0.19333066024758389
CC_C6C2B357FDF2,0.10557626236478676
CC_C6C4A4A318E4,0.11037172667609436
CC_C6DECDCC7956,0.18374089784785097
CC_C6F134ABD932,0.596743958219053
CC_C6F24128D8D3,0.16632944984858486
CC_C6F8C5E3D746,0.1159441661754705
CC_C6FB2BDCC78F,0.3791482806022183
CC_C70DBEB08378,0.8200393058086549
CC_C71AAC6F9607,0.11855035365614583
CC_C73D1C53BEC0,0.35963705124772755
CC_C7423B380FD2,0.05631390576436409
CC_C747ABF2B4BC,0.08397757548930217
CC_C74F0C45C093,0.13389557667032834
CC_C75307665BCF,0.2187718389399752
CC_C76473DBFF83,0.3310665996792844
CC_C7652C2D1CC7,0.20695532256315866
CC_C77B38900325,0.25221575989128464
CC_C782A94E6754,0.04272826870309986
CC_C786E0FDA098,0.7656094052501179
CC_C794632B3AAC,0.37346600280117714
CC_C795250A7B3F,0.09826578477123055
CC_C79BF5794AD9,0.05155030739492663
CC_C7A2A7BF85C5,0.0725514662861255
CC_C7A2CEDA36CD,0.475796151708194
CC_C7AAAC514CD0,0.06616153209874685
CC_C7B39AE8206F,0.12855019869165046
CC_C7BA884F8DCA,0.14841033636582823
CC_C7BC592C11DB,0.05051566361576704
CC_C7CB29EBCEE1,0.04427936682416799
CC_C7D2BE35C77A,0.08322623569356244
CC_C7E56C7FFA19,0.1821653188062325
CC_C7ED63E403A8,0.07751141167135031
CC_C7EFF4BBEE1E,0.06742706517321054
CC_C7F1C90A261F,0.15257475457652134
CC_C7F38C2DEDFF,0.18511454857522083
CC_C807F881A35F,0.2604773619724196
CC_C808346EF2A7,0.043400157608458736
CC_C822401D05A0,0.1278993317820759
CC_C82D0EB32984,0.10480377848306166
CC_C82DE4520088,0.19779959417959586
CC_C84080607284,0.07317159180482845
CC_C85DEB66D6EC,0.29722005379651556
CC_C8601860B3AB,0.29836942956921686
CC_C86B56E5B000,0.11273173940165276
CC_C874E7D8B96A,0.0621618750628842
CC_C88F02C38654,0.14931138913174197
CC_C895990DF270,0.1787044070415854
CC_C896D6E93110,0.39430358038481933
CC_C8A57920FB6B,0.09929850133775504
CC_C8C2CEAC6750,0.4804492158362026
CC_C8CBB38CF4B6,0.41128877227675964
CC_C8DF2AEC8023,0.1511734577045352
CC_C8E24B1925A2,0.18033613116760833
CC_C8E2F0CA5050,0.6816350826345415
CC_C8E875AAFD58,0.27751483323256804
CC_C8EF7366016A,0.06946413676245324
CC_C8F1FB9C56E5,0.08622079632852903
CC_C8F2FF7E6DAF,0.11052516442802682
CC_C916DC82A00B,0.3278617962828027
CC_C91FF308D57A,0.06527409895500912
CC_C9297D88CD26,0.3457115426433185
CC_C932D885E1AA,0.195882553597497
CC_C947A66A6A34,0.16837416714876755
CC_C953D19C82A6,0.26510741418223926
CC_C960365C1125,0.2557689132282253
CC_C96221203852,0.21497070955680075
CC_C967937FC81A,0.6777767994582209
CC_C97434767545,0.19679251589621144
CC_C974620D4D4F,0.29136476149043533
CC_C9749B07E3CC,0.13882432867733155
CC_C979F86EC4EB,0.061014504120573076
CC_C9882357496D,0.06305352866504724
CC_C98B5F2B994A,0.08914897289711607
CC_C98CA453DC7F,0.12302978861281753
CC_C996515164AF,0.6883224175445274
CC_C9A1B8F512F3,0.438183911964003
CC_C9E008678B77,0.10142475444475309
CC_C9E89E3728DA,0.18015716547152105
CC_C9EE0357CF4D,0.1574024563795987
CC_C9F15C15BA6A,0.11800189126400548
CC_C9F3BB887EB9,0.17840998384675089
CC_CA0906B9B58E,0.06497508624005252
CC_CA16B9133E4F,0.29536405667333676
CC_CA2524A5C7AF,0.2921893307236109
CC_CA2A17C9CD44,0.4803030173586364
CC_CA32C61E255B,0.10563506528500918
CC_CA37F92A8BC6,0.14004385232377442
CC_CA3C9D0F42A2,0.5726231975733787
CC_CA4669FF2379,0.10657611690800566
CC_CA486E08F176,0.050320668684333145
CC_CA5CF069C36C,0.07150878358454643
CC_CA6AB58D2C8D,0.2841190055601974
CC_CA6EDCBFA9E3,0.17389651390137348
CC_CA6FB58C11F4,0.07112572277521377
CC_CA7902338F91,0.15773281427303903
CC_CA7BE11DCB92,0.11481673123566036
CC_CA87A148C386,0.06963943415701082
CC_CA8E7E45347C,0.13654879220233956
CC_CA9214D0E170,0.1645322035986636
CC_CAA07EABEF71,0.05857637561227286
CC_CABC0190A9BF,0.5029519377981693
CC_CABF171B8582,0.5592653763026217
CC_CAC2F989A2D6,0.21543345740078426
CC_CAC50FF13A43,0.48138028008863615
CC_CAC9C52B6FB8,0.24187804184469866
CC_CAE19DE8446F,0.06650227070231224
CC_CAE5F6D8328C,0.4660060280467587
CC_CAFA0C6DBCEB,0.07067217343241725
CC_CAFE5D6E3E1D,0.11390294182578509
CC_CB02A97FAC1F,0.20515157506567827
CC_CB1155AAC7EB,0.1453567765509212
CC_CB1B2FC5769C,0.1658940201770248
CC_CB1BD3C19303,0.1662246833593704
CC_CB2423DD4809,0.7854971140079728
CC_CB33381406F3,0.6433856196796813
CC_CB3CBA971E97,0.08265359275393944
CC_CB45CB5C940D,0.16877779488167538
CC_CB4A2667F8CE,0.20848320237152387
CC_CB4EA92BE238,0.06061342154827634
CC_CB4EE5CC0B09,0.16343726538431957
CC_CB50BDD92A4D,0.2268859032949584
CC_CB6A55831080,0.07880732778910118
CC_CB6CE149111A,0.13704496140060873
CC_CB6F9DA78019,0.039085758173602714
CC_CB722FAA608D,0.22776415248950788
CC_CBA786C05C1C,0.7220637047482069
CC_CBA9A6206DCB,0.1462211043969059
CC_CBB7AE2847B6,0.2024110077579664
CC_CBB9DDEAC819,0.028668812011854457
CC_CBC30D127BA4,0.09332028162264645
CC_CBE67EF0D3C5,0.5079166373451267
CC_CBEC318365B3,0.3671403643603017
CC_CBED6669EDA7,0.07276549112830577
CC_CBF1B052FA7E,0.08028802988029224
CC_CBFC7EFF2F94,0.12189177355475891
CC_CC27394B5E35,0.08819021291477361
CC_CC2A7B3D7A55,0.156852000955301
CC_CC34B2523794,0.15117976534086708
CC_CC34E9023873,0.7027758277067898
CC_CC37D81F02A7,0.6450827991095338
CC_CC4822AEDB83,0.6946026845435735
CC_CC5D6CAE5ADB,0.2867442438935946
CC_CC6D27804EF0,0.0683334194941411
CC_CC71D4876B90,0.11231462279883542
CC_CC75EA7F2C8F,0.10899048028950901
CC_CC9214A5C0CF,0.08859572514021274
CC_CCA2B8D2446C,0.39652129481999643
CC_CCAB3E56FD92,0.19106153303875983
CC_CCAF321D46D7,0.030810224474788664
CC_CCB46EA56584,0.20856433369306332
CC_CCB60CB8754C,0.12916876000902516
CC_CCD759553325,0.055796919769063605
CC_CCDC28D49832,0.1521356283441183
CC_CCE55029E621,0.6479741315646262
CC_CCEA133D7268,0.5103946364927905
CC_CCED6CEBC3D6,0.3818818160068551
CC_CCEE76415B51,0.32217595253922937
CC_CD1326D52AE1,0.6398448742678509
CC_CD35EEA81CE8,0.3261312238156992
CC_CD373485942B,0.09791754393787838
CC_CD379DD39658,0.29541116480263874
CC_CD37D5CF0EB0,0.17150846386457252
CC_CD380545A7A4,0.08840063833471218
CC_CD3A378249BA,0.2725428615397777
CC_CD415B1C7741,0.038740704058695175
CC_CD4976814F28,0.0361751234466236
CC_CD4F5F1C357B,0.2780813971631698
CC_CD54829713AF,0.08236142774144564
CC_CD5E3556D5AB,0.15898762933023242
CC_CD6C797F3C4F,0.07858298465315758
CC_CD7BA8F6C4BD,0.11611149434200616
CC_CD8352F0478D,0.1915285081595342
CC_CD972E578564,0.7882019394795116
CC_CDA1B20179B6,0.12680908526634357
CC_CDA2A36B81B4,0.26127924452952345
CC_CDF6354EC332,0.06861270678424039
CC_CE01E17132E0,0.036183453491411346
CC_CE1280B30475,0.1494723263587549
CC_CE134F878294,0.048836089891430304
CC_CE229894AC00,0.12584178495287462
CC_CE26907B9D30,0.4263226135488146
CC_CE2755B42DAC,0.07601108554836294
CC_CE2BD7F74421,0.28014369734940325
CC_CE3784121355,0.14468404659113243
CC_CE41F9FF509E,0.19511411624225528
CC_CE5AF0E9A157,0.09062150045735365
CC_CE5EA019DCAA,0.08119268873475677
CC_CE6460FE39F6,0.12870803243336343
CC_CE72D1734761,0.6274539600501445
CC_CE7FC560768D,0.36880585827194884
CC_CE871DB3950F,0.3297966462462943
CC_CE8D1564C4F1,0.1272767965456535
CC_CE93240526A9,0.29057285811513844
CC_CE980FCAB154,0.2981333765198532
CC_CEA0FAD348F8,0.08655928204413744
CC_CEA369A3451F,0.058249174733142006
CC_CEBA67081418,0.24655123291704165
CC_CEC0C00FE770,0.5232704617389388
CC_CEC3B21D2982,0.3819096883405686
CC_CECEC680F701,0.17508686327546957
CC_CEDB263DB07B,0.037233478468174146
CC_CEDF9C14DC79,0.27582888853374843
CC_CEF23255BE06,0.05434382043645537
CC_CEF8C71C4E8B,0.39255132017823086
CC_CEF91FDD41AE,0.39546623930143854
CC_CF0B68684C3D,0.09657627500680935
CC_CF149865368F,0.10126415073367775
CC_CF2A7A5582C2,0.1945473577203483
CC_CF2B3E37CF2E,0.3813751711296213
CC_CF2F163CE005,0.16766877046738266
CC_CF3C063DF626,0.14650423050138073
CC_CF3E91DB8220,0.3055147996037349
CC_CF3FB5744443,0.72629247784693
CC_CF4991B8EFE9,0.11461564019565798
CC_CF53FD3AC9AD,0.03599989769214912
CC_CF5A140B279D,0.19859631217495588
CC_CF613A7162B6,0.11926791719794469
CC_CF6A8A460B19,0.10284133100809352
CC_CF792E77A16D,0.05367897321277049
CC_CF7BAF373E0A,0.035956877382463816
CC_CF8B1D0015C4,0.14311426719233716
CC_CF8D0517B79F,0.08024141500277712
CC_CF92037ACA93,0.20915571450168136
CC_CF960A300F40,0.28699719634011434
CC_CF96B6335E6C,0.1877247751329681
CC_CF9880D67A7D,0.17115526295366765
CC_CF9B249283A7,0.7056424522203001
CC_CFABF7407978,0.22133694676809218
CC_CFB2AE99EABF,0.1334393950027534
CC_CFC0BC440771,0.1289095422535193
CC_CFC235739F25,0.5545873665605672
CC_CFC6E8954325,0.055586822183858575
CC_CFD37EDB214D,0.23797785098076557
CC_CFD93C04478A,0.5778019874008562
CC_CFE0AA5381FD,0.6121711383611319
CC_CFEB021AA137,0.05136312343587811
CC_CFF6E2A6A3F9,0.2673371005789658
CC_CFFDC4947256,0.1568284635663884
CC_D009368CE434,0.04933554693990874
CC_D02E59E08B02,0.03866061816735788
CC_D03848B7353E,0.053345277804504015
CC_D03A69B1563D,0.14274027749181128
CC_D0576802096E,0.08841910666610064
CC_D0582E0F3440,0.04812463363525858
CC_D059D0BEC5D5,0.37196452845794914
CC_D05C4A8F2A25,0.12096425015937083
CC_D05FBA9B9040,0.6878020532376716
CC_D0653EA71CAD,0.1819566460557246
CC_D076A984B786,0.1438637608720565
CC_D08FC2D99CF5,0.2055604581490083
CC_D09942A02904,0.12539747622497865
CC_D0A8EA2D37F2,0.1412455180053259
CC_D0AAD35C800F,0.11368268246818355
CC_D0D666EC0244,0.09166798925583647
CC_D0F3F68F4452,0.4710470247424804
CC_D0FBDE8ABAA7,0.12882284043409373
CC_D103D50237D9,0.23537663361131378
CC_D11E5A30CF3B,0.2637834368002585
CC_D122B30AE7CB,0.5341988514681756
CC_D1679B40D83A,0.09612950247859706
CC_D1760785D631,0.241368144871554
CC_D18088587757,0.23788882981538242
CC_D184160042B7,0.3277375075055506
CC_D1886485E8B4,0.14342454313649242
CC_D1893DD5B4D4,0.09060533901914615
CC_D18B60E035CE,0.7457470214920557
CC_D191D099789D,0.08018234447650584
CC_D1BDB41E7FF6,0.07419100815538922
CC_D1BE2E6E9C9F,0.17401802683880205
CC_D1BFB29BF61C,0.08865111032258877
CC_D1C259F80E13,0.08496648164365556
CC_D1C63DA9CA93,0.12753483099920224
CC_D1C931E4F305,0.07805330620659592
CC_D1CE25F271BE,0.16065177587170681
CC_D1D2127A0C67,0.056042755345257586
CC_D1D31EA359F4,0.1335096797469763
CC_D1DB888BD9B0,0.10536067057661996
CC_D1E82B9DD102,0.16457601737522595
CC_D1EF68A649AA,0.1232058842754779
CC_D1F05E69F80F,0.060384375971370884
CC_D1F6FE158DCF,0.24290118592836873
CC_D205612FD566,0.6621909946071972
CC_D21474C31E3C,0.692504974834085
CC_D2195A061A0E,0.6136562512415864
CC_D2199CC1CB08,0.0308873695698283
CC_D21FCD9DFE53,0.5393224135372411
CC_D233B2C8062B,0.4020555222401302
CC_D234CF2C21AE,0.6728284029787259
CC_D2373015DF41,0.04719253443156214
CC_D239CBE1012A,0.113467315021123
CC_D2591377E980,0.7295936623069597
CC_D25E25C831B5,0.06425343862554536
CC_D262BB13DAAF,0.27301005193777095
CC_D272BC699F38,0.05588836521552173
CC_D2813C835750,0.7756436541980696
CC_D285B0D67016,0.025092397736836594
CC_D28FB525E310,0.2585770952348538
CC_D2AFEE04E96F,0.040858649334077846
CC_D2BBAA423304,0.22228719032643582
CC_D2BE8B4011D7,0.05916615673746434
CC_D2C49D2FEBF8,0.19488379961865882
CC_D2D09498D333,0.15215822662680928
CC_D2D187DA334A,0.15305204056423594
CC_D2D47A5386CE,0.23767645585033234
CC_D2E98F50621A,0.03729011323436569
CC_D2F265035F0A,0.04397557566348616
CC_D2F91355C6D0,0.1526170650325067
CC_D2FC934F8324,0.14179108663494439
CC_D3044C67CFFB,0.04791197309116038
CC_D313F2C49E46,0.3341565581896137
CC_D31FFB053D60,0.1226938051063029
CC_D336DB6323BB,0.29416792873238706
CC_D343A7CBA377,0.07187250708142849
CC_D345AF4C4B61,0.19175509372895228
CC_D34FA9410740,0.08246408483360577
CC_D354C5D1665A,0.15049379139825592
CC_D35E96480AF8,0.28315756062948927
CC_D3616386D6D2,0.14231689568811542
CC_D365173E852D,0.7670148394328924
CC_D3683C6CFC5C,0.6457084521762781
CC_D373463038E0,0.05198485112903184
CC_D379CF8E3FAB,0.7250073973576445
CC_D37B4CA7F3D8,0.042333839049772795
CC_D37B5B3CA4BE,0.7021324422342647
CC_D39265D7B6C9,0.05133090460853521
CC_D39E3F732408,0.07434040469295891
CC_D3A7B21165B3,0.33203599486180135
CC_D3A9028A4660,0.05257181462239702
CC_D3A948322BD5,0.7231259974262245
CC_D3B95DB5E6C1,0.3187597008273229
CC_D3C8C5014D5C,0.20943217034238712
CC_D3D80929AF52,0.08616513013660786
CC_D3F25136073A,0.1566726406841407
CC_D4102AD032BE,0.257611034397555
CC_D416EFCEAD89,0.05478855906743868
CC_D41C5030494A,0.6823188464257436
CC_D42E477596A3,0.050750133316719764
CC_D432C89BADA8,0.12063194163425922
CC_D434638E9569,0.12192291206158931
CC_D4518F98BB77,0.08347768215338126
CC_D452847F2A4C,0.08391377980571263
CC_D454056F92E6,0.22843357942470383
CC_D461FB973AB2,0.8057127715753933
CC_D462250B13D3,0.4356901304534938
CC_D48E686A834A,0.6733412055162505
CC_D48FFD985E51,0.0704618164760539
CC_D49263A1BDF7,0.12963330543402973
CC_D49668C65C33,0.032201991156547
CC_D49D9C57A849,0.09062841510900888
CC_D4A029A150E4,0.15973302290086
CC_D4AC998C0BC8,0.70698540742237
CC_D4B02AAFC697,0.12021820100203312
CC_D4BDF0F4FE9E,0.1220067027172893
CC_D4BF2778371B,0.16248628739315032
CC_D4C0F4DB3501,0.1677903700442378
CC_D4C6DD8A364F,0.13429385007325062
CC_D4CDE2A1E174,0.15109311379462112
CC_D4E7EE35695B,0.1711021533844113
CC_D4ED652E86DF,0.30229244929737153
CC_D4F844B54B84,0.03871654513149061
CC_D4FA0055DB4A,0.03965396805513258
CC_D4FDCBAFEC74,0.7217369431075691
CC_D517D90E105F,0.09433535332048082
CC_D52B87A01028,0.24320202587362133
CC_D530C3D1DBF8,0.6745353070979595
CC_D5327E41EBA2,0.10743219113956996
CC_D53C8BCA531F,0.08030320129124716
CC_D540C7ABF683,0.6838524343893074
CC_D54105FC1349,0.33450438190466175
CC_D550CE8B9313,0.7458054359639983
CC_D55C5B432387,0.16670132784899475
CC_D5646FCC5E14,0.5729799110231335
CC_D56F34613338,0.13547443228976402
CC_D573AF0F1674,0.10206812885606009
CC_D586E2C2B3EF,0.20419468901932228
CC_D589E388CA02,0.056349845788834174
CC_D58EBD954E68,0.3316680354757993
CC_D59AFE884BDD,0.4748254634866139
CC_D5AC596A85E1,0.1631547054583792
CC_D5B99B578573,0.04263284797098822
CC_D5CBF4A4D3B3,0.10709086635272709
CC_D5CE05EAA837,0.2050536988426536
CC_D5D36A6C8DB3,0.0774781132606498
CC_D5D8D545736F,0.08324327807095097
CC_D5ECFAF8C1A3,0.07319479970274956
CC_D605715F737A,0.15024286889939686
CC_D617428B4B0E,0.3849951505053238
CC_D61E8E5C4414,0.12942726457441084
CC_D652B5F05769,0.18828664698351738
CC_D6564D0CB9A8,0.19596209853212507
CC_D66183657419,0.06367198496113165
CC_D66BDD3E1AA7,0.10982299209179071
CC_D66DA331534A,0.09973663538997737
CC_D687A780C0E6,0.051745347047295165
CC_D6AE871A4C9C,0.10865871936274098
CC_D6B7AF1FBDD4,0.4977011821475399
CC_D6B874308353,0.5653856133472389
CC_D6B8F47FE484,0.5270434372533742
CC_D6CB1BFDCEEA,0.10756675899619646
CC_D6D47D7E1C51,0.03607479413032208
CC_D6DE060699C6,0.1453701444495503
CC_D6E06014457F,0.7937728419228745
CC_D6E8E17EA449,0.32912011658787854
CC_D6F216AB1C4A,0.15901877149606383
CC_D6F5E3A51C8A,0.09352150249836214
CC_D6FB3B76D7A0,0.5847335726056179
CC_D6FBCD4BA3DA,0.29015059624365
CC_D70918916097,0.50192191843232
CC_D73B1B9B81A5,0.05357485945632336
CC_D73E9E24BB48,0.12158909997488598
CC_D74AA0F20466,0.1254877056239227
CC_D750070C44BB,0.7130268405422422
CC_D7529675CB7D,0.17350950027469098
CC_D75C8CDB510B,0.6642963633301588
CC_D76009C47709,0.30311412865454845
CC_D771775A58F5,0.19114708886888804
CC_D77F9D613EF7,0.1817631325291324
CC_D7999C3EDE22,0.2009393545754629
CC_D79BF1D26499,0.17932741999185506
CC_D79C05885899,0.12871504512018006
CC_D79D4F15D10C,0.03972068483921401
CC_D7A11E3512D2,0.04672416444451691
CC_D7AD7A7279C4,0.15220280369670142
CC_D7B35055AF0D,0.16841748996790304
CC_D7D99409D57E,0.317205513481964
CC_D7E403181D8F,0.11241849548630055
CC_D808C7BA9399,0.12989350367497648
CC_D80DE8B544F3,0.03766171958116345
CC_D81D19AEFB77,0.02924639854790951
CC_D81F317F6384,0.12429703473206896
CC_D844D9DF962C,0.07644994940152712
CC_D847D978387D,0.05267812872641314
CC_D85C7B85C440,0.22837485004126082
CC_D885591596E7,0.08381361405691198
CC_D887D07BDE23,0.38332382265314785
CC_D88ACC0CFDA5,0.11256114833102938
CC_D88BDD0F510C,0.05320387255746813
CC_D8956424CB37,0.4070618088507317
CC_D8959BB99A7F,0.31996149096169374
CC_D89A9A14B5E8,0.05053997243734351
CC_D8AD01F3CCE7,0.044401793195052594
CC_D8B4122DC296,0.12084296944749744
CC_D8C38B187875,0.7239599076672804
CC_D8E55509595E,0.051230158695737535
CC_D8E6B90C37A3,0.1256312076170687
CC_D8F1AECFCC2F,0.056935129721922086
CC_D8F7672C70D7,0.0403373443922034
CC_D8F7E904E7DF,0.1577974992494505
CC_D8FEF1C99F88,0.6811962349805535
CC_D90761F9E9C9,0.3924953404476989
CC_D90D9D5C8FEB,0.08211387988348448
CC_D912917A4F4E,0.7317009251153919
CC_D91ECE64FD0C,0.1085747934865735
CC_D9325E5695D5,0.053838750118384945
CC_D9563654A397,0.19594872372087008
CC_D95766A6C24F,0.12464823151359856
CC_D95939B1BBFA,0.06313938301991567
CC_D96729C38BC9,0.0932690319560057
CC_D9791EFF766C,0.215270124320798
CC_D97AA7C54F6D,0.09750080886389959
CC_D98BA5CE8EE6,0.4754914438246013
CC_D991DAD5413D,0.12929883604132716
CC_D995C89AA359,0.21831341951206587
CC_D9A54F55AD6A,0.09239455975925888
CC_D9B87A96C353,0.2289825974706137
CC_D9C42B0B6A0C,0.17262305362907482
CC_D9D487E78FAF,0.6688423653526867
CC_D9D744A66B09,0.08612884647583507
CC_D9DA3F6E2E7E,0.14117953642271122
CC_D9E5792258E4,0.09183778425005731
CC_D9E6B9CBEB77,0.047957567994089505
CC_D9F0CDB02AC6,0.13964644622166617
CC_DA0201D1BCF2,0.10627915336440905
CC_DA0500AFE692,0.05872412734482968
CC_DA0E0BD3880D,0.398353161012837
CC_DA10F53AE655,0.6522899540919307
CC_DA1643A835A2,0.10026237084706899
CC_DA1C5BAB7E35,0.5203557238902106
CC_DA1DC6A6371D,0.21290934821360138
CC_DA1E6B31DD2A,0.6545342445898494
CC_DA1F282809D0,0.03489768834217383
CC_DA226442D919,0.7425117060099342
CC_DA31EC318B1F,0.054045654293554
CC_DA33597C6459,0.16290366325741748
CC_DA43CFB5CC2F,0.19268626027042265
CC_DA481C72B8A4,0.2547351349870144
CC_DA55447636EB,0.04405886543131726
CC_DA5AE34842E3,0.08746444842889425
CC_DA6880B018AC,0.1847637839391582
CC_DA700A961616,0.1447364111615435
CC_DA7E65F1E6AA,0.07298457888034686
CC_DA80FAA7FE30,0.09445514834144741
CC_DA8DCCC1199D,0.32738936362854776
CC_DA8EA724C1D3,0.40938391987637385
CC_DA8FA65D1924,0.03774147646008441
CC_DA99D1E41C3E,0.054912947722470705
CC_DA9C3BEFD0B3,0.1828628708323913
CC_DAA3B7FE1C62,0.07768025426822125
CC_DAACE4211B34,0.1638040872513502
CC_DAD239E56638,0.7633683060030286
CC_DAD4BC090253,0.0646308429653718
CC_DAEDBA26BA12,0.30426329399504504
CC_DB1EB08EB40E,0.12879598810630793
CC_DB2314ED6960,0.07179610859027344
CC_DB25E05EC5CD,0.42035027799916486
CC_DB3BE0C87882,0.057738089220400586
CC_DB44628BC147,0.19219417243321982
CC_DB562E602BA8,0.10943313810869046
CC_DB61D7F5F8F2,0.6856160802757871
CC_DB6498598C32,0.1782231319203847
CC_DB6B59FB6E30,0.037622458853882365
CC_DB801B947698,0.29552822921277466
CC_DBB8C467FF1D,0.1074519689324085
CC_DBCD21C2C322,0.06955915848691112
CC_DBDB148E45DD,0.09605683789769216
CC_DBDF9BFA7E87,0.10082517016263423
CC_DBF5CD2D854F,0.21144386577153185
CC_DC0077DE6E39,0.20236774263138815
CC_DC23159A1F99,0.05731284028937101
CC_DC2458827FD8,0.22582312446843422
CC_DC2BE35D58AC,0.2735030478526637
CC_DC49C8D3F7EC,0.555803402816932
CC_DC5DE66826E9,0.10326115443948083
CC_DC6063FC6464,0.08215011945294806
CC_DC771AE1B4BA,0.6834652776563186
CC_DC7DEBC30E17,0.4333311074636568
CC_DC978F3A711F,0.6573154922842057
CC_DCA2140C7BC4,0.1952970457635671
CC_DCA5CE7C9DC3,0.14103773478329945
CC_DCB5798049B2,0.1421713002277772
CC_DCD10C95C942,0.5270917604957996
CC_DCD145E8E729,0.2969600456880384
CC_DCE0BFC03B86,0.04846110718125584
CC_DCE75AE2FB52,0.05592731982205455
CC_DCFCEEF21BA7,0.3588102679739804
CC_DD12A8C462FA,0.07465614598050176
CC_DD14867350AC,0.16549504363727466
CC_DD232BC8881D,0.2049029397476536
CC_DD2473D34D68,0.20847169687752093
CC_DD2B5C4CD318,0.06136734428288394
CC_DD4EC06C3A92,0.27826355988473483
CC_DD5299DA8C1C,0.0870144071779414
CC_DD59BFF18ABC,0.15510227736499432
CC_DD6777E1B05C,0.0474449475797023
CC_DD6EE1501B89,0.08079623386826475
CC_DD78B52AE022,0.12844103172669563
CC_DD7983A07B43,0.6420583641214941
CC_DD80B5CC495F,0.11382072338926846
CC_DD8956B71825,0.631384456424565
CC_DD8D40E7E2A9,0.0900435197748718
CC_DD9972D0B63E,0.12989565154541338
CC_DDAE70634ED3,0.09883163304229955
CC_DDB4A9FF2B03,0.10070513685190731
CC_DDB68302DA2A,0.14903985748742377
CC_DDB9DEC9C037,0.06800115008525853
CC_DDC610D2B2F0,0.06332778889039795
CC_DDCAEC6BD9F0,0.20845794527684114
CC_DDDF665EBD93,0.31645447450918407
CC_DDE66EBF2157,0.062646933714725
CC_DDE8B7E9C7F4,0.3194732040753469
CC_DE019FC36D28,0.3560479728018203
CC_DE07076B04D5,0.13677002967392946
CC_DE07AECD2361,0.03549822940570428
CC_DE08A4514010,0.5604400852236777
CC_DE093FAC5293,0.4620551454930404
CC_DE17BC1C2324,0.06066125668710637
CC_DE1B13B3E504,0.03602282113070559
CC_DE4264861B73,0.09421091757551912
CC_DE4810B88C51,0.2876331578283212
CC_DE4EE8A16896,0.15124948891035267
CC_DE523A2403BB,0.097438841148841
CC_DE52860CFBBE,0.22524883684222335
CC_DE593193FB9C,0.1946304002819011
CC_DE5A9B499ED4,0.08475726464304653
CC_DE6AFFA63ABD,0.09331575671302395
CC_DE7CEC14CCD5,0.7075822227605666
CC_DE7D7B5BBB14,0.6551925432018613
CC_DE81AAB7BF48,0.06325315525881264
CC_DE8956D433E2,0.6559756864627534
CC_DE8FB8D1CB71,0.32859324763850956
CC_DE90D07B269D,0.21201487008603329
CC_DE9A62529780,0.1538940526650545
CC_DEA425EA8441,0.10612601643190639
CC_DEBE01582EFF,0.19668416517360024
CC_DEBFD4E79A38,0.04821128887119849
CC_DEC97F13CB8C,0.19436475407467912
CC_DECF1507C86D,0.15587727962491463
CC_DED24C8D047A,0.10001918702557769
CC_DEF4AEBD31C8,0.2102473902350057
CC_DF062F698349,0.10586905303758101
CC_DF13D5CB626A,0.09508281243457897
CC_DF15C526CDC5,0.04371640728902615
CC_DF1F6C68F7D2,0.1398398151877412
CC_DF3EB88F509B,0.08909700822157648
CC_DF4E332C886F,0.026901451290512933
CC_DF514171DC30,0.16095259576459925
CC_DF536CEAE5C0,0.06317173582271433
CC_DF5806CC2CFF,0.12930848195925745
CC_DF715690EF20,0.2577919394293864
CC_DF718A37AF15,0.10123676289956315
CC_DF7276DD74AA,0.11310829133357554
CC_DF750B2D6872,0.3456172829116449
CC_DF9FB6670627,0.06901393213631171
CC_DFA65A0125D9,0.050673020351802336
CC_DFAE355359B8,0.18971733082489467
CC_DFEA562F7BCF,0.3184029007973048
CC_DFEDAF0F0D6E,0.04024573984491532
CC_DFF6F74C64B5,0.6669794501342514
CC_DFF87DF16763,0.12594778591072864
CC_E00D8ECE9FA9,0.14587463183752486
CC_E027E36615C0,0.5362971162522272
CC_E02E23CE49A8,0.09086951590768053
CC_E030B3AEBF19,0.13927466662133292
CC_E031A4C862C1,0.18044493883449592
CC_E0339B331F4F,0.08822301935732871
CC_E038981B2FEE,0.12661184399227554
CC_E0463868968B,0.15134223929611595
CC_E05A8621B581,0.3250220813634275
CC_E07FB0312232,0.15378295026856778
CC_E088594E0624,0.23606812306526484
CC_E09AC3B1E534,0.10120812270731397
CC_E0AC29AFCF97,0.19118202699924014
CC_E0BAC6E0D0DA,0.09057494520437238
CC_E0DDDA07F0A1,0.17487180725067214
CC_E0DF45AB72B6,0.2288330022135076
CC_E0E1F8E7379E,0.09974213313564462
CC_E0EF095444A5,0.17198317392038792
CC_E102E4F7F8B4,0.19781324380739873
CC_E109B4CA6A8D,0.12532066849810686
CC_E11470A2D92C,0.4410722938954536
CC_E117B8A6ADC6,0.029040551961466265
CC_E128015073F3,0.06987838316805153
CC_E131D5EB9237,0.19586518828611643
CC_E14A24095E9F,0.10082926894702152
CC_E14CADF89123,0.538252321451117
CC_E16876025011,0.05231917220239666
CC_E16C71C15D04,0.6767404011495026
CC_E16F1BB83653,0.05199077118064561
CC_E17448FB08EF,0.5465684990784023
CC_E17AAACEB07D,0.08135783484193107
CC_E1875522DC57,0.149255000463712
CC_E18A0734641A,0.11230320271090194
CC_E18A22453843,0.08072096424783311
CC_E1B4E3360C0F,0.1822884291082053
CC_E1B5AE645169,0.05630267016813857
CC_E1B71F6B7DD2,0.32084547997946977
CC_E1D073F693A2,0.3055206691781818
CC_E1EA83C31C66,0.09819701669138459
CC_E1ECAE226485,0.2544590926172941
CC_E1F0C5076481,0.06724422640908281
CC_E1F78CE289D8,0.04427481568407068
CC_E1FBCECE0A54,0.2271875263349149
CC_E1FD46CA26D5,0.09294469793231044
CC_E20E7C7164A6,0.7270463684705606
CC_E211E2698C14,0.035138362476642974
CC_E21B4F587C45,0.1442622933074194
CC_E22A278A1386,0.059261473478016524
CC_E24078C03B7C,0.15177710911699052
CC_E2452737F950,0.1512527173367697
CC_E246119AA09C,0.580817714406711
CC_E246942C7310,0.08253046988357085
CC_E2474A334F3D,0.08973663974145688
CC_E2489637D0E8,0.13453777957217164
CC_E2521AF9C2A2,0.08604134785187725
CC_E253F4AC4762,0.5632177885677399
CC_E257805D0F0A,0.20251522798438312
CC_E25A924EDB70,0.09979566621592992
CC_E25B5D5502AD,0.09273738486816971
CC_E2619E24BEDD,0.6612226586710118
CC_E274DAF3C064,0.0717611860903308
CC_E2787CBDFBF1,0.136699686861293
CC_E28AE2E68BB7,0.6688672585799573
CC_E2C3E272D059,0.23873803048270792
CC_E2D653061523,0.4024958608788038
CC_E2ECDC7D23EE,0.1399524491769395
CC_E2F0E725C3AB,0.05765978624100364
CC_E2F7712CD056,0.1906042023035005
CC_E2FD7FCF0AD5,0.7957228644339049
CC_E308C7DFB2F2,0.13271513682765396
CC_E30B791D5F11,0.22199973114201998
CC_E315F7A94400,0.35573724998774625
CC_E31DAB1E73F5,0.053314027677161535
CC_E32034C97E83,0.2255791827994902
CC_E32DBED5EAC1,0.26239242714132405
CC_E32DDDDEE3CB,0.19432738838752378
CC_E343EC3EB052,0.6882165975656699
CC_E34A04E78D60,0.1383905038594042
CC_E3503B565AD0,0.25641007482409994
CC_E356B05ADD56,0.1988817609605425
CC_E35D02BE6780,0.020790961017619392
CC_E369AAECB2B1,0.4999393467002712
CC_E36ACDB4F96F,0.43973398195010444
CC_E36C7F0E1657,0.8209427582861725
CC_E381FD4674D5,0.03409057306162407
CC_E38E3835121E,0.041633259913145884
CC_E3A70438A0C1,0.2984698695925698
CC_E3B5C76189F3,0.23487607679414624
CC_E3B7B7E57889,0.1826177232237517
CC_E3CCC0D886D9,0.1836986882322795
CC_E3DD8AD10171,0.31302538729528473
CC_E3E230CF20A1,0.2404029396388879
CC_E3E4B2543CCB,0.0743117280603014
CC_E3E5DF01E014,0.1735907402816015
CC_E3EB157288A2,0.09387216030142942
CC_E3FBDA203EDF,0.15510842823017024
CC_E404FCA6CB2B,0.7016640637433368
CC_E4054F9C8442,0.2979619446748155
CC_E405D808772F,0.03561519989175765
CC_E4137B250609,0.41316995880022256
CC_E41482A7E968,0.06910291411644247
CC_E421FA1874F4,0.10498603036721318
CC_E42C38BBBD04,0.15807216997721774
CC_E42D90BFB285,0.04450446152257059
CC_E42EFC05C891,0.08281152603446426
CC_E430F3C75969,0.08883222856637005
CC_E4576D6B6478,0.11184604377486469
CC_E46B27A13728,0.40974016739503516
CC_E4783FB590D4,0.17540576026114918
CC_E489009C6500,0.15264183463554706
CC_E493CB46177D,0.10921625052055844
CC_E496AFA9B40A,0.3215358837354759
CC_E4A2FFE0EE1F,0.12303960621453
CC_E4C553538385,0.30481391844781935
CC_E4C7B5501ED1,0.164185645572064
CC_E4C8A5A60F51,0.17752810933486793
CC_E4C94AB69214,0.37628333081843496
CC_E4D75244E8B8,0.1981179752823589
CC_E4D9A8EEDBAE,0.20273919404241797
CC_E4DF787730AA,0.12070032743646847
CC_E4E0DC070132,0.14781077361901873
CC_E4E3C08B7F86,0.06044895906902862
CC_E4FEEB4389C9,0.3572485639023355
CC_E50598344DD9,0.41068163070335784
CC_E50C634A9A18,0.02756808870275335
CC_E5107337FDD7,0.045148950254359776
CC_E511BFCFEC9E,0.6703990885083134
CC_E51318749E09,0.11760501485845054
CC_E53FE6708AD9,0.6937604818337779
CC_E54290FEA34D,0.11192747644568031
CC_E54B723C018B,0.041700631150372154
CC_E554618F383B,0.10367613688184608
CC_E557336955A2,0.10539183608847373
CC_E55B48E73651,0.17148108165228257
CC_E55D8DC645B9,0.055802665109325994
CC_E575DA02C575,0.25535511063201005
CC_E576BD98A727,0.20815429759778847
CC_E578DC77656B,0.13057909037865642
CC_E57F3EAFD9A3,0.14461608483438348
CC_E59A01603B7D,0.3146197473761656
CC_E59B2D974CB3,0.19240869523649096
CC_E5A1C44F0F07,0.6361325303609846
CC_E5A8BDF6BFC1,0.1616151896212692
CC_E5B284DA0E5D,0.09151484267083565
CC_E5B8363BB378,0.6113862633084575
CC_E5D8BFFA5F88,0.059360707709803284
CC_E5DA04902EFD,0.26991024077849873
CC_E5F53CFC20EC,0.07461402876973351
CC_E5FAECE63C59,0.5521904931493047
CC_E5FB6E872C58,0.08821044283796994
CC_E6045565E7ED,0.08977175553138372
CC_E60845ADC7F1,0.03706476096065135
CC_E61567D6B392,0.12791308644782562
CC_E62174AFA94C,0.13906925213145938
CC_E6247DD14641,0.09760692393496126
CC_E6289A61F0ED,0.09780408353662011
CC_E62E32FB6FBB,0.028149578172592084
CC_E62F6BE942DC,0.25628878802081784
CC_E63E49B128AE,0.07483508550672761
CC_E63F89885A3E,0.7689357920861322
CC_E6466E6A92CB,0.23409894075391058
CC_E64BC95F8B2A,0.8280660948917205
CC_E64C652BBAB2,0.08159253804837091
CC_E659DB355476,0.18053142999854724
CC_E65C8BA5A7CE,0.06861009010060116
CC_E65F39446752,0.34198226836510315
CC_E67395791589,0.18609518508668804
CC_E67622A69EEF,0.07638387030148507
CC_E680830CAEF3,0.06296753370291439
CC_E6823643AC4C,0.6636356884371528
CC_E683F33931BB,0.1281574256558967
CC_E68841DEB163,0.08723962722214929
CC_E68B2C33D180,0.14942178362430264
CC_E68EE6EC2618,0.04307087852072186
CC_E69508D3D3F1,0.22510863200290898
CC_E698F1348426,0.2189549357518424
CC_E6A178F3709D,0.13410902183035328
CC_E6A4B6E8619C,0.6672380324314844
CC_E6B3887C66BB,0.30691586971075824
CC_E6B6BBBDBEDB,0.2908420689224268
CC_E6DBD0F9DC3B,0.075573723676448
CC_E6F090F70DDD,0.3204572814146208
CC_E6F2D8CB45C6,0.10892461229389513
CC_E6F8FBEDA2A7,0.09170816073078095
CC_E70854CDFE9C,0.05445040709899137
CC_E71C05F07F85,0.06184593884244589
CC_E72797CABC60,0.07696412416222286
CC_E727C1153226,0.09196516937399599
CC_E73489D828C7,0.12382258662654438
CC_E7355465CE6A,0.08122845194597147
CC_E73CDBC743FF,0.21925423024066498
CC_E74F00E75A4F,0.06003689739478754
CC_E751F7E19192,0.14935866505490403
CC_E7522AD6431A,0.5656896910364684
CC_E7523630D2D9,0.2597472536875103
CC_E767372DD95A,0.5933086933991842
CC_E76C5DFD3BA6,0.18848804780237163
CC_E77326438575,0.2193771638811713
CC_E77E29E11EB1,0.14727471362393524
CC_E78F20B3223F,0.7001925148714331
CC_E79A23E64518,0.09590684144641047
CC_E7AC69AEA182,0.7554804543844118
CC_E7B754CA9668,0.04739522086765106
CC_E7BA60365AE8,0.16230338705182235
CC_E7C95D4A741C,0.07245562185823994
CC_E7D3D728EC5B,0.20331165189424943
CC_E7E4D5F851D3,0.07286610452550556
CC_E7EA49D37B64,0.3674031258946907
CC_E7EF11A24F73,0.7842244455829501
CC_E7F6F9A7EC65,0.06666482432839418
CC_E7FBC7F69DBB,0.21301733297568085
CC_E80B1A55A74D,0.16186511487260588
CC_E824AB0AFDBB,0.20220090054948148
CC_E826DAC92D9D,0.27656964424329816
CC_E83AB7100D06,0.12601903978586282
CC_E83E6D31EC76,0.2511677393743723
CC_E86650461FBE,0.1636775393374371
CC_E868A3754B11,0.8289540277328769
CC_E86A993F7D05,0.08963400384542022
CC_E87992FBEE80,0.64434220313905
CC_E87B909C4DDD,0.18444386343046587
CC_E8828BA7EE08,0.12829828488360087
CC_E886157F6FBD,0.35329974540308334
CC_E88711C5C98E,0.10428066845671219
CC_E887680BB6CC,0.16682032100991473
CC_E8909BF77D8D,0.10479381410963641
CC_E8A82DA3A246,0.1655700897344261
CC_E8AC7545DBD3,0.0883601840010396
CC_E8BA6B224C3E,0.10957785119027391
CC_E8C6CA45BF72,0.1724010640457383
CC_E8D2E3126A8F,0.6801196378562002
CC_E8E55DAC4FF9,0.05597836567349646
CC_E8EB77AF3F78,0.8297870366182396
CC_E8F2C6905503,0.37088195966855464
CC_E90831F897A9,0.1839581961396829
CC_E90B14D51185,0.5410367638299947
CC_E9188329C9E7,0.09295734882390465
CC_E91E1C0C0C61,0.612984716565237
CC_E91E9D34C5F3,0.11876825335115762
CC_E91F555DBA96,0.1294200773416762
CC_E932CFF4B4A4,0.2397563812937673
CC_E93643CB34CA,0.1659139389789943
CC_E937CA493910,0.15330423489806866
CC_E9409A50B4BF,0.5248707246653763
CC_E96711AD5512,0.05319638643350907
CC_E96A3E6912B4,0.4946867561315177
CC_E98AEE74B9BC,0.2163015315673883
CC_E992FB78BC2D,0.2886585940926684
CC_E9A3AECEE3A9,0.07776398224300501
CC_E9BDA7766728,0.263662587056776
CC_E9BF1AFE86C3,0.20037710729206828
CC_E9CA055AD1A3,0.09612500676898539
CC_E9CA0A56E917,0.2306761202017628
CC_E9D3453F53AC,0.6259216505196543
CC_E9D46EFFA839,0.20736673723228943
CC_E9ED872B6037,0.03819684630338886
CC_E9F40C1B559E,0.12607975205192634
CC_EA06928C0AA9,0.26601301121018694
CC_EA0A46F64C80,0.11270841528209738
CC_EA114B15FC04,0.5235512628134211
CC_EA1F3F67BA2E,0.08201686561407191
CC_EA21618614D1,0.7001073657270125
CC_EA26B5A89181,0.2288356101258985
CC_EA26C6C27662,0.17964690905885494
CC_EA3B5AC76649,0.21351689302740934
CC_EA4E669C8528,0.08135548491797784
CC_EA6917E7A5C2,0.7299178439773699
CC_EA8A25862433,0.15229356540782307
CC_EA901D7CA670,0.15924703489313846
CC_EAA2BCE323EE,0.7451938607292867
CC_EAA6D5189190,0.11714502540466032
CC_EAAA8DD7FAAF,0.15113910509501982
CC_EAB7408CCE0E,0.33301704795399933
CC_EABEDB3C4827,0.13663436723191502
CC_EAC6D83D1BFC,0.03212818370656295
CC_EAD7F3E9DAD1,0.06001473634674802
CC_EADC7D8196C2,0.32059819645600596
CC_EAE608E24E29,0.038955517204571764
CC_EB05AD2C7C27,0.03818721930651989
CC_EB1DA337E2D1,0.1443828164065789
CC_EB1F425EC937,0.10492143150011413
CC_EB2FE764BF6D,0.1354521216075226
CC_EB55483587DE,0.10308753598889246
CC_EB569B3E2E12,0.6494552804704206
CC_EB57E6E6C96C,0.22942955185980063
CC_EB5A0FE0605C,0.14417108680572122
CC_EB64EC97D01D,0.11422102238441646
CC_EB691249B91A,0.19939583054590704
CC_EB7C50A7D4C1,0.48379931472835125
CC_EB7C52FDBEC3,0.15741242913198134
CC_EB86FED24535,0.27171712514305635
CC_EB89DECC2021,0.11028155148542293
CC_EB999F9D6095,0.19142183286134926
CC_EBA2F85924CE,0.0668952017240335
CC_EBAC5A53FD11,0.09072143622718488
CC_EBB109EF7619,0.1986212590282525
CC_EBBD00C18763,0.04331593351382503
CC_EBCA68C7854D,0.06722501803572088
CC_EBCBDE122879,0.15423624719493179
CC_EBDF6C88BBA5,0.07195324468273845
CC_EBEDAC91ED43,0.0935330860165597
CC_EBEEC4183FDE,0.051257611606290096
CC_EBFD9D007253,0.4792286678830715
CC_EC1ABC58E09A,0.16594515363085494
CC_EC26EABA68DC,0.7873767507481028
CC_EC2A485A3E71,0.19852093139910848
CC_EC3B9E2FE47B,0.09107069213986908
CC_EC505F03EE5F,0.03494037485247205
CC_EC5317EC6706,0.1790159287586031
CC_EC5B7FBD1EA7,0.14074048265934913
CC_EC5C7471FFC5,0.05468043297471803
CC_EC5D92B3617B,0.20454804643348787
CC_EC5E214BFED0,0.6433606828946249
CC_EC6406527201,0.10747467145904449
CC_EC79022358C6,0.3208209779861719
CC_EC831A90189F,0.10283308547211963
CC_EC87C131FADC,0.058515987368032873
CC_EC88785D6F39,0.22092030726692324
CC_EC9173F5284E,0.040649689741759365
CC_ECB7B3B6272E,0.06649245653705527
CC_ECBF4CED56D1,0.12159700941026703
CC_ECBF80B94EAE,0.789944001838693
CC_ECC78B7AE3F1,0.5923120357908882
CC_ECC7E9E691F5,0.16348782225352737
CC_ECC9235F612E,0.23644298268748393
CC_ECCB0BD557DC,0.16116750481750108
CC_ECCCB1B4EA8F,0.094457506174388
CC_ECDDF4983DD9,0.045196022075160824
CC_ECEE93C4F564,0.5744635563154705
CC_ED07BD8B2CB3,0.05234282657271261
CC_ED0F4A02A01C,0.2443213176306844
CC_ED11D72A1D3B,0.0637311409059267
CC_ED165FC5A06F,0.05263326337317201
CC_ED2B6A40ABC7,0.2552520204375252
CC_ED390F22A931,0.08643420084065959
CC_ED40E7CE5177,0.2096693431446013
CC_ED4E4B13DB1A,0.04134652184361518
CC_ED4F22572419,0.1524202727246307
CC_ED5AE5CB1DC5,0.05206054281050115
CC_ED6090A4E6E4,0.23755540995482233
CC_ED645D91E6A5,0.10111398900733914
CC_ED6B045B6075,0.15868463580139935
CC_ED9313C71C57,0.14887365739814507
CC_ED9BCE7C776F,0.7482304419322643
CC_ED9D4644716C,0.18645185755165872
CC_EDA794402358,0.27159258336339726
CC_EDAADACD4DED,0.138162882409405
CC_EDBAD2E989FB,0.14908695179847112
CC_EDC98B474E76,0.317288340758502
CC_EDD1FD49A66A,0.7647126346129598
CC_EDD448008C0C,0.7030323576265347
CC_EDDA3B790095,0.0639088606797425
CC_EDF95BF0E3D6,0.17821538849630236
CC_EE03D7C2BC69,0.06406021589779892
CC_EE0D95184E81,0.045823268258676435
CC_EE0FF690C214,0.4379260055674642
CC_EE2412C352D5,0.0915686583436961
CC_EE2A010019CF,0.06198300703902719
CC_EE2AC730827E,0.05435618120365383
CC_EE3236E6A9FD,0.12573259862400948
CC_EE3759EA49FF,0.15238880608609184
CC_EE38C78AD88B,0.40031480322889723
CC_EE3CE0FD6B77,0.5843219308692394
CC_EE6B7E58FC63,0.04201993144527495
CC_EE6E02464067,0.3093383112106436
CC_EE6E1FA7A753,0.1419249714572563
CC_EE6FCE6C233A,0.22217165254230342
CC_EE88C07B9333,0.08467174327894778
CC_EE9004165810,0.06376714719602451
CC_EE9BD17AD343,0.04936570377162798
CC_EEA608D5A455,0.1558644709695402
CC_EEAFDB1BB486,0.5308067643561366
CC_EEB482736C41,0.24063747642443106
CC_EEBD9DA093E1,0.04712956368617087
CC_EEF23DDD2262,0.11557825583833058
CC_EEFBDC9AD94A,0.07652060802392098
CC_EF05000895F4,0.5184247002212119
CC_EF16B2CE0988,0.3853046338500662
CC_EF1DD3F0CBDF,0.06523293762406066
CC_EF2D82085BB9,0.09764913423321378
CC_EF2DBE79D656,0.25154363944624314
CC_EF3000C48A4C,0.06740884246265924
CC_EF359AF608EA,0.03412890210413739
CC_EF362432D758,0.33807923228522413
CC_EF548B30F1B6,0.23109907615815983
CC_EF5B403DFD7E,0.09917786926962618
CC_EF66DA0DDF9C,0.3014680974481305
CC_EF70BA4AEEC4,0.1690671394046775
CC_EF83DD56FCC5,0.06842656060057146
CC_EF8B642A6F8D,0.07297938723463071
CC_EFA1EB27DA19,0.04184269105416709
CC_EFAE84EA9BDE,0.07188937873675073
CC_EFB26BEA106E,0.32077132091537275
CC_EFBB51CD8502,0.23140933818852807
CC_EFC18E9B3B55,0.11603609745849075
CC_EFC4B0020E2D,0.1389157599889334
CC_EFC9FA5108D9,0.1677762148890764
CC_EFE45D9B9D9C,0.04691018544525059
CC_EFF27FA98DF1,0.07235461605990626
CC_F000DA497736,0.24992859613214363
CC_F00107DE219E,0.6542875707571274
CC_F009FC54A64B,0.7612979227031329
CC_F01DF28C6BFF,0.09426888839349752
CC_F037C91F63BF,0.12789850697290878
CC_F03FADA95A03,0.7349240687701413
CC_F05235F3C894,0.10780454775081194
CC_F0649FEBFEB8,0.47319415949901833
CC_F066C78B5C0D,0.13480610335653076
CC_F07313626618,0.632210496668459
CC_F0783F6A56F5,0.7673492333847033
CC_F0791523691A,0.15296624509499787
CC_F080750455CE,0.06334812170038898
CC_F0809EBB0B51,0.03003162685208458
CC_F08259F86E23,0.17677040280396292
CC_F0929F859702,0.18155414876796608
CC_F0A7203CCA39,0.17901509429066473
CC_F0CD4DD9C63C,0.14828627354821122
CC_F0D29AD328E5,0.15892052390617867
CC_F0D339E5B80C,0.05363667738820416
CC_F0D3BC14FA77,0.08658783494971445
CC_F0E16D28D49D,0.16925073755402242
CC_F0EBE2C00A7B,0.055719858327077196
CC_F0F137758DC2,0.055784672511984226
CC_F0F6BD40CA43,0.3358546144065894
CC_F0F6FCF6010F,0.18138303654097632
CC_F0FBC9D4ECA1,0.03150137838784017
CC_F0FEE924096C,0.2573027120797986
CC_F1074E035DE6,0.05827422081012349
CC_F108D26930FF,0.37922950249973364
CC_F10DB853B9DF,0.407861770918776
CC_F10E06D52D76,0.1236792778198737
CC_F11F5F477B91,0.6556767877571635
CC_F14913B5BE1B,0.7562623054528961
CC_F156C1647E3D,0.08165805506484444
CC_F1598097E314,0.6955222575574211
CC_F1641E3AAB3C,0.046840328393809624
CC_F166878FB959,0.05110653811819345
CC_F17540FE7C9F,0.13274403401294751
CC_F175BB08B29E,0.053822156696692436
CC_F1782AF286D0,0.37906495356285336
CC_F1796AD4B774,0.5858824342751903
CC_F17B3A3A5E56,0.6540889040910414
CC_F1858D6F0080,0.14000745445801557
CC_F18689FA8E29,0.0650968006778683
CC_F18A82B0F153,0.13598772796434244
CC_F1AE7142A128,0.09424730270355713
CC_F1B43DD57C9C,0.1138157197061218
CC_F1BCB7676492,0.08670368664207229
CC_F1C8B8BB90AE,0.12636889459452877
CC_F1E044CD2D75,0.26568837816147955
CC_F1FCB96B5E14,0.26529633956438436
CC_F2067E92A939,0.1471340982466275
CC_F21512554CC9,0.08329160954495102
CC_F243956B7575,0.08748193316195596
CC_F24FBC9FD3F7,0.33850473247278573
CC_F252EB3F208B,0.07204926293693706
CC_F25D793346CA,0.3642025472717454
CC_F25EB1ED5AD9,0.06897907015356185
CC_F265A0AE845F,0.7124085490167773
CC_F274BB4AEBE0,0.05011329407109917
CC_F28BF2185131,0.10716278092337378
CC_F29077E45AF0,0.24423312898289504
CC_F2988560CAB8,0.37337151286670106
CC_F2993AB36C56,0.08749601071375106
CC_F29D6C65779E,0.07014399357753238
CC_F2D2BADD0000,0.06257269095632952
CC_F2E4AEB73D57,0.12427362811428075
CC_F2E630BAF431,0.05015659563862124
CC_F2EFCB40AE74,0.15508837418997176
CC_F2F085891915,0.7003058659028605
CC_F3030E2C80A0,0.21835927573140695
CC_F3044C7C16BB,0.06466214342675256
CC_F30B21CB4603,0.09550765658144628
CC_F3140FCE870A,0.08279685009772467
CC_F32A84B321FC,0.17525384333058416
CC_F339FF584607,0.32312053505380556
CC_F33CEE0F6DBE,0.4437862373539293
CC_F33DAF3E9CF0,0.11192219591776177
CC_F34EC3FF202F,0.07191317360482247
CC_F35A6C383B39,0.1788583463689728
CC_F360E0FF27CA,0.061611865898667045
CC_F36B7AEC0086,0.11397004007326525
CC_F370665BECB8,0.5535224391096281
CC_F373A60E53E8,0.03443204757791785
CC_F373BDAE18B2,0.0651705800441722
CC_F3745BC63340,0.06874260450750667
CC_F37DC9169301,0.14620614186009018
CC_F394E57C5243,0.21661086062802393
CC_F39E98FD418D,0.07420305251549861
CC_F39F51452381,0.03664987025974245
CC_F3A52465664E,0.061649325068776795
CC_F3A8CF761A0F,0.2431491483484799
CC_F3BF1709E29A,0.4037053891520118
CC_F3BF72C29211,0.0747520549733098
CC_F3CF35465CF1,0.049397988094581825
CC_F3E2186DBD4F,0.28797936937151775
CC_F3F0F9B9B56E,0.158457839695282
CC_F3F185395BE1,0.13833148093004732
CC_F3F68E6599E7,0.0741120240982262
CC_F3F7763C9DFE,0.17242403234510253
CC_F3FFF13592CE,0.05792574068991247
CC_F410C3CE89E1,0.15591966990550543
CC_F410C8B811FE,0.06098305100740738
CC_F4132072D78E,0.11982073276197008
CC_F4157B8E5B32,0.5154568925168876
CC_F41CF067E828,0.11028601540288113
CC_F41DC456E539,0.04215913041430294
CC_F41EEF55A0EC,0.039503985039804304
CC_F426B5C1F07D,0.33181048822563086
CC_F437875F9000,0.2254623287229426
CC_F43C961F8A30,0.13899230729595258
CC_F43D9BF23472,0.050567126494306065
CC_F444BE033109,0.1458665529609506
CC_F4481124F17A,0.15845863830907625
CC_F44EAAF80F70,0.13917229968354253
CC_F4521F6D3492,0.5425819790348642
CC_F46BD9AB1B68,0.13638776590870316
CC_F4763AA0B824,0.5313234205521704
CC_F47976F33E20,0.21585719615224574
CC_F47E588D4470,0.18989754292335725
CC_F4A2777912C2,0.1333730784100537
CC_F4A6C2B23685,0.0608105380249242
CC_F4B3EAEEEA8B,0.04259825281379376
CC_F4C6CD1E720C,0.06560476221987466
CC_F4D05DA98C83,0.06614045032344198
CC_F4D15889CDE0,0.15363231685906342
CC_F4DEC1E6173D,0.0402554193055462
CC_F4EFAD6AF8BD,0.32109114613276835
CC_F4F7835A1FA2,0.23485797140873377
CC_F500597795FB,0.1684988059531809
CC_F5197FA9580F,0.6863111238457908
CC_F5240F59146F,0.0813140266857887
CC_F534A0B87C3B,0.1535225943311536
CC_F536972BFE98,0.13554401939149516
CC_F54FDFE5A5C8,0.07798240044829666
CC_F55727F65F86,0.2132022904742084
CC_F558EBDCDD6D,0.13220777225280114
CC_F56D569AC51F,0.09335900973735578
CC_F5714D180EE1,0.1348250434790353
CC_F576ED9554AD,0.33667136497692296
CC_F57C2559358E,0.19805977833160254
CC_F5AA72FC0972,0.09685115106720904
CC_F5AE7DEA2B48,0.08295460545074276
CC_F5C6A5E9D495,0.1813142190407576
CC_F5E0731F2181,0.2172199301810112
CC_F5F4F3B03FE8,0.7284742987136754
CC_F604D7B9CBD9,0.19640583874219136
CC_F60F13391D61,0.17997857129518505
CC_F618D72DF162,0.07901444157448127
CC_F620B15ACC5D,0.07756691627330312
CC_F62D426D6614,0.14218526408538967
CC_F634999D5C1D,0.027081969791958174
CC_F636E5BAEE47,0.18618291656603012
CC_F6461B692240,0.7159697463839649
CC_F65BAD63AED0,0.20363513955364662
CC_F65DD2AC57E8,0.2843742485661465
CC_F66C6577674C,0.0551819941112364
CC_F670896FE959,0.2014833922650414
CC_F67376F272EA,0.6857561458123569
CC_F67FFE9E884E,0.2902828457779399
CC_F683C99F06C1,0.1630591278748465
CC_F68523E2CE7A,0.7546650784971618
CC_F68E62F9AA0F,0.028160565461363845
CC_F69604E05962,0.08134033127185894
CC_F6B8913740B3,0.09694694933083975
CC_F6BB4952DD35,0.25354124430959524
CC_F6C0B7AC57B5,0.6071825255740173
CC_F6D2B06E6E8B,0.574276618667305
CC_F6EB30A84C9F,0.28321962316897176
CC_F70345A4792A,0.1130340746949495
CC_F7068C1F77B3,0.3505758525119808
CC_F70B0EA8C0E7,0.05575803574939783
CC_F71CC97FCE83,0.10369334173443856
CC_F722224A84F4,0.6552958638480801
CC_F72D1046063A,0.25539890450804387
CC_F72DAB32A281,0.05631974597283916
CC_F733AA5C0ED9,0.061362333296018215
CC_F74043C1BBEB,0.0623641692812457
CC_F74A31E36137,0.06269213405066795
CC_F756B167634F,0.16923349263634643
CC_F75CBE8E1B92,0.4777687505314502
CC_F761F7EEAD39,0.13239171385479956
CC_F79303D62FCD,0.07065596278349762
CC_F795134B52E6,0.6401439669630467
CC_F79533E83ECA,0.08914987069886873
CC_F79F9A7ED432,0.7470570769789149
CC_F7B2FC73E020,0.04069878906027594
CC_F7CF24594B20,0.05732575068178303
CC_F7D31937AA89,0.04361836467206484
CC_F7EFD378035D,0.3935541681774878
CC_F8014B1E00D6,0.040294485856740864
CC_F80ADE95A7C8,0.057201497136544155
CC_F82E58E476A9,0.1189896840448417
CC_F82EB123CC19,0.17061268573079522
CC_F83088660331,0.12046820741226034
CC_F83C6DF6A815,0.5493103978083949
CC_F8620C4F7581,0.1664144024893039
CC_F869F4DA5077,0.792981683119141
CC_F86B1C53EAF4,0.1920546493220472
CC_F87B7F26FF51,0.23957960072443568
CC_F8803D1C899B,0.05658688883128105
CC_F892E51AC9DD,0.04951051035325434
CC_F89C185743F0,0.13023007701832845
CC_F8A4D45C3769,0.09961287105039246
CC_F8AD68EA5A16,0.2280828640369926
CC_F8B4DBD0CE8A,0.36053165504663026
CC_F8F3E551F166,0.27993407981562507
CC_F8F9FE2C9B65,0.25418819329924924
CC_F912A50D0DD1,0.15436824856835224
CC_F91B7C2B1AFD,0.11005207756339752
CC_F925251D4BF0,0.408281905954639
CC_F925ADD60E7B,0.043673717165555945
CC_F9282C144479,0.06797237889527857
CC_F92EE3287CC8,0.08493328770323275
CC_F93332608FE1,0.16605234067602131
CC_F94070DE3B81,0.05864057388197385
CC_F94C81428D20,0.2021795940077205
CC_F95DFFDA9B12,0.3979703382173707
CC_F96A53B02447,0.6004359887202126
CC_F96A965CDCB0,0.655950246294948
CC_F9721FEDBE9E,0.16929503715425948
CC_F97C3E145882,0.25890602561430986
CC_F97C64C64052,0.08776145095868265
CC_F98660A07E6A,0.7918783204597468
CC_F98BA4B13724,0.08148527690331255
CC_F9A3F3A76B1A,0.12351317257344563
CC_F9A8E2B3A703,0.11575342804543269
CC_F9B3E7E7F2A9,0.42434092143189506
CC_F9D7D0B1E4A8,0.6699154080068679
CC_F9EDA4EDDD44,0.0451195409573069
CC_F9F2176B12FE,0.04998477726283433
CC_F9F90E76CA5B,0.11050983212286322
CC_FA0157249C01,0.10760894378110575
CC_FA169BCA835F,0.07013147459627914
CC_FA19B61BCABB,0.13485611480618281
CC_FA1DD203C293,0.26117411790393813
CC_FA2E30269BC1,0.18521562239474526
CC_FA304CE8E045,0.22544154420144535
CC_FA310759A257,0.6573382284275071
CC_FA32397E7B8C,0.10417450597787714
CC_FA33D97B84D4,0.09754414314184479
CC_FA38991B9434,0.03118640099656712
CC_FA4079FFF1E5,0.21660960923779582
CC_FA716665CD8F,0.08175193671983572
CC_FA770268B207,0.17430430404117658
CC_FA7A2F59245B,0.45855099788653453
CC_FA8205104EBF,0.09407232184933628
CC_FA8370AF8740,0.05944573301697212
CC_FA858F1025FF,0.1271323407089293
CC_FA86320CF6B0,0.05566896207537436
CC_FA8B341CD3EA,0.22780938872569045
CC_FA9057AAF95B,0.09510168023917223
CC_FA97314C666C,0.05523493692364164
CC_FA974C1D91AD,0.37155785066604485
CC_FAA0E5BC9F44,0.719115183099798
CC_FAA2694D8578,0.30606259564390187
CC_FAAFFC74BC35,0.6806028772213658
CC_FABA6DCF8E45,0.0364150178271421
CC_FABC53294AC1,0.1753539332018544
CC_FAC52B8E66DA,0.1057825475226371
CC_FAD284D8DAC8,0.8211204259570573
CC_FAE70CA5999C,0.1337037168982976
CC_FAF1CCB40132,0.10932192380493175
CC_FAF93D8B3B59,0.06043817900913214
CC_FB09E5481B64,0.10323397480104483
CC_FB150A1F7C3B,0.12203297815294858
CC_FB1808471515,0.3830725405545837
CC_FB296D823CF6,0.07422951510934099
CC_FB301E1FA7FF,0.036581693266788604
CC_FB33C958A19E,0.4150443417013254
CC_FB40D63FC3D3,0.17307591266633587
CC_FB45A1837AD7,0.1008123508191318
CC_FB45B79CED15,0.10211846771172753
CC_FB52260232E3,0.05704647230910617
CC_FB6A0A7B8813,0.28240513144258217
CC_FB6ED10D82D2,0.08989305313518794
CC_FB78DE84AF05,0.031764080489812
CC_FB8DF8F93E7F,0.20551548396000896
CC_FB8F89048B89,0.09059444600580904
CC_FB9C3E77A49E,0.12095010410345178
CC_FBA40CEAEA18,0.08295432159083065
CC_FBA998938FE5,0.15683618779912767
CC_FBADBAFCD1B3,0.27386550145750543
CC_FBCB85E21ADD,0.16310727876084063
CC_FBCD00EE4402,0.16970969876966485
CC_FBD40DFBA5D5,0.2931182957841918
CC_FBDECF3DACAE,0.21918803288566802
CC_FBE4E2F652EB,0.2122903023645044
CC_FBEA9510C687,0.2632763566827592
CC_FBED1E2E1CC0,0.13459384499615842
CC_FBF54E48EB13,0.051246002995575746
CC_FC1E279EF320,0.05461447819882706
CC_FC2E1D460089,0.08595023008945671
CC_FC31CBD20CDF,0.16995856797317915
CC_FC41D8134A1C,0.06524926515134055
CC_FC44D7EF257E,0.04947806660059298
CC_FC4A649BDD07,0.2225256002699018
CC_FC51BCDBB6B2,0.13128853872559354
CC_FC57B6E79AAC,0.18697528211818087
CC_FC6AA879D9CF,0.11721953786861058
CC_FC7A926F3A64,0.655323131071346
CC_FC83CB9C71CD,0.038882219224519635
CC_FC9E6D511294,0.1445383412155012
CC_FCA657E69930,0.3878319006286993
CC_FCB451237214,0.7818359301366108
CC_FCC7E51DF812,0.5657572485765239
CC_FCD42ECC012B,0.04941574279336113
CC_FCE8FAEAAEF1,0.10747427081234787
CC_FCFAE9BE2522,0.4054911411055712
CC_FCFDB5DFE5D4,0.09524211355574334
CC_FD24FC7961A5,0.0773402107430069
CC_FD2793DCB5EF,0.11319737307068775
CC_FD2EEF724088,0.12790671296655554
CC_FD3205367675,0.08853668730733652
CC_FD3A21CDCA7C,0.11149080945430018
CC_FD3C4C2FB68C,0.1547831849697197
CC_FD41687DC1A0,0.152051660724669
CC_FD44B4E31EFE,0.09937037829276495
CC_FD5721556AB7,0.0682907391346563
CC_FD643C174587,0.35190470482761466
CC_FD6BFA30DD9E,0.24686716312931373
CC_FD7C9DD7F11B,0.14581118170224475
CC_FD7F2D90CF8C,0.056760994991240134
CC_FD8C4F601909,0.04694362097600777
CC_FD90B45AA24E,0.08731123388477718
CC_FD95457772AB,0.0614911016935335
CC_FD9D9B58DB1A,0.20012155636425177
CC_FDA918AEB5D6,0.6184013439034712
CC_FDD4C2065540,0.33357322064250594
CC_FDE57A2C5156,0.17941417044478364
CC_FDE9920975F6,0.25537083101213404
CC_FDEC856F9C6D,0.06352207161924585
CC_FDEED2AA92A3,0.42004157026105216
CC_FDF5607ECC1B,0.05101182856853321
CC_FDFED3D7E70E,0.19175829485537826
CC_FE0324F99784,0.12235296093252146
CC_FE0A18D6570D,0.042671381582389235
CC_FE0DACAC84BC,0.2539215245157178
CC_FE16586C9FAB,0.255209436971614
CC_FE16FBC86237,0.16569696315103116
CC_FE1C808C4515,0.06235601023987275
CC_FE1E64201B9F,0.10590705219288356
CC_FE33D60E29EB,0.02934605912157988
CC_FE3ACE674BEA,0.15445565476324813
CC_FE468E9AA9D9,0.027649362511602205
CC_FE5AA923C220,0.16004051876229886
CC_FE6C777DDC19,0.058781748669431214
CC_FE6DD8C8EC90,0.250138159228228
CC_FE7A84AAA8F7,0.10927136811786206
CC_FE7DB6B410A4,0.12367445143506153
CC_FE8691B1F3D9,0.0725342324502781
CC_FE874279A94B,0.10440128437338389
CC_FEA61499305D,0.1955531416380196
CC_FEC22B334AC5,0.14991803732727244
CC_FF045F9508F2,0.16172799183385192
CC_FF0EFF711598,0.2663744842370156
CC_FF12F53D5676,0.04963942392727096
CC_FF13D426EC1C,0.17434329110420216
CC_FF16A7C8600F,0.2297486679881132
CC_FF2236DC115C,0.4394061042445835
CC_FF2725428B6F,0.06754754738502491
CC_FF3176D91690,0.1235012550079064
CC_FF393D295D66,0.04544154892081368
CC_FF4598202C5F,0.6545622784436343
CC_FF463A4B3D04,0.324470984935083
CC_FF4703F7664E,0.047532552804180964
CC_FF86EC3C0851,0.4590031521733043
CC_FF8A580DD831,0.15522949569911726
CC_FF8BD8697ADE,0.1373004577667985
CC_FFA681A2054A,0.043285749955189724
CC_FFB6B2D2BB2A,0.37527576787033534
CC_FFBFA27643F8,0.14481399113151064
CC_FFC81CC80F9D,0.13675761142627685
CC_FFCC9C0763D4,0.10255766670850282
CC_FFD4E33DC920,0.5594296967123364
CC_FFDE11143038,0.06095759059338689
CC_FFEF28047C4F,0.3695063178975312
