client_id,prob_default
CC_0012A082B7B7,0.14855578249839926
CC_0012BC27DFB6,0.15482179927092843
CC_001563B2143D,0.10555742734132322
CC_001B46930B6F,0.10774624495383031
CC_001D771E1C9F,0.04203235227012712
CC_0028BD91E759,0.08651678846777007
CC_0029971D7EF4,0.25157066020955127
CC_002B8C00B239,0.032023547401755316
CC_0035DFA86185,0.7553218671165545
CC_0042D11A6D0F,0.061111759166610366
CC_004D21A4ABB6,0.13515946105023965
CC_004EE05FC2EF,0.41693582414585423
CC_0050E546EDCE,0.7311327396342102
CC_005D7F31F785,0.05193610659700292
CC_0079996ED779,0.20454823258818805
CC_0082B4E1D9CE,0.03642147692469651
CC_00B01C73CEB8,0.17150808180962354
CC_00B74FFEEA53,0.2002361265007615
CC_00BF6791C18C,0.12241657272376635
CC_00C5E30B288C,0.3217356323565171
CC_00C68CE1CC12,0.3915717592814328
CC_00CC4148959F,0.17815702295979133
CC_00D428772D30,0.3720925304087326
CC_00D5806C7783,0.09856414117759754
CC_00D5C677C2AE,0.4949768187101935
CC_00DA781C4D66,0.0800472934992659
CC_00E7E2D6B548,0.21372302106633573
CC_012BC0A68DC1,0.08761522441280298
CC_014911033882,0.15908339421606477
CC_014F7EF4E595,0.6674102981845451
CC_016501B25F2B,0.043270204018250484
CC_016767D9B049,0.0408315819557792
CC_017598512EA2,0.10865365061596174
CC_01941532C804,0.21333536052129826
CC_01A66C6E22FF,0.7771442766859697
CC_01A684355200,0.16392360665722888
CC_01AC62740827,0.1113071811134824
CC_01B0EFE5DB79,0.29020915415563386
CC_01B876B2988F,0.2081241305434988
CC_01CBB64C1DB1,0.3604527252425439
CC_01DBD993A1FC,0.05677556399817865
CC_01DC49D55C2D,0.03022818440942379
CC_01EF18A3ADBC,0.5375585990289643
CC_020252D37557,0.17363842538035473
CC_020BCDBCA8CA,0.3244393933657723
CC_021A6DD97ED4,0.18186861990286435
CC_022054506F33,0.06270846087366355
CC_0225D6231EAA,0.06326921809673318
CC_024B524B0176,0.030777719563848067
CC_0256303A6DC0,0.25295084568192683
CC_02589E6E4714,0.05440317086294602
CC_025927626E10,0.7346922268668881
CC_0283023DB294,0.027946682528963727
CC_02903C6FC0C0,0.2008315714396265
CC_0296E572CF21,0.034907114031877025
CC_02999E509460,0.6126518153229055
CC_029E835D91BB,0.06982087342217931
CC_02A32EC3526B,0.06053671144708452
CC_02A393632CD3,0.28859606854515074
CC_02A3E21B28BC,0.7579256411012252
CC_02A4B4644529,0.07818326122962613
CC_02B43865B30E,0.05777085683880444
CC_02B5A1A178A2,0.17291398737067637
CC_02BC4785773C,0.21243424104356262
CC_02BEDD9627DD,0.7038727428239415
CC_02CD2C1EFBB0,0.11501282310261743
CC_02D4430492D3,0.3393482854386103
CC_02F79A06858B,0.1075440923769242
CC_02FA254C9D43,0.03431182760246433
CC_03062402B4EE,0.04986747947972825
CC_03072CF2EC63,0.3502172468922937
CC_0315369B079D,0.09506372775712513
CC_03199242A810,0.13771011816768403
CC_03214BA76DB4,0.2179715836508287
CC_032735A44CC6,0.06641540885934798
CC_0330340F2FE5,0.19492320742702024
CC_033236FAAFDB,0.16808830380966538
CC_0337298F948C,0.03519014728961347
CC_0341CAE5E2E8,0.2265328138698096
CC_03434E2371CD,0.33819062263712485
CC_03547AAB948A,0.2190414173956746
CC_0354D0453D8E,0.119104843731755
CC_03592E51F427,0.7995443672713134
CC_0365DEB525A3,0.09827783315370858
CC_036782052BC9,0.35371501189998245
CC_036977A50F1A,0.1319541152964221
CC_03720D08B8C2,0.2661568966898944
CC_038AE599BCA8,0.3314755261503604
CC_039E67CDFE1E,0.27408542762041754
CC_03AC962FC717,0.18212369270705892
CC_03B00DFA3A85,0.7537856232400905
CC_03BC6380E968,0.48559330268331774
CC_03BC730E0B02,0.024696829144764516
CC_03BD4F22DA3D,0.14062467815869173
CC_03C7E1EF6F69,0.8038660575702392
CC_03C9FA383477,0.1050687958502394
CC_03D1AAE90CA6,0.06222625603732897
CC_03DBB9598F39,0.1434587273441339
CC_03F18B43797C,0.09148100603778182
CC_03F80118E46D,0.06043837193457613
CC_0405E0151A6D,0.18134191282858053
CC_041FEE6C805E,0.34349003068390316
CC_042F88EE269B,0.19593994097376347
CC_043D98ED7F98,0.17628625488640945
CC_044C3537B769,0.1425309451045592
CC_045932C46685,0.12027093965882532
CC_04629624AA8D,0.19605740525720272
CC_04690B4A6AF1,0.270441509979239
CC_046CF40369FB,0.12395849850258453
CC_046D6EC816AB,0.40104952961416074
CC_0475CD95EDC9,0.12137570546109042
CC_04796F06B82B,0.12768436130467395
CC_04AC7C1CE736,0.3038742681572828
CC_04AEDD051B96,0.32937742150831073
CC_04B42AD0E01A,0.3606105055842618
CC_04BBD1DB360C,0.34541805414688365
CC_04C767FFDA0F,0.4933893477504666
CC_04C7B819B9B9,0.0867613738064553
CC_04D127A775DE,0.08272981204373206
CC_04D9ED00053F,0.053612910432992836
CC_04E0EFC4F548,0.29847981436414445
CC_04E6848903E8,0.03277104314569902
CC_04F69D03ECE1,0.2590075113871747
CC_04FA1CFA1DEB,0.20598679973047312
CC_04FA6842AC62,0.02722817089596867
CC_0502F3791166,0.28782524808470694
CC_050B514E15FD,0.14180352900937593
CC_051ADBD6D835,0.10968361250943082
CC_051B4644216C,0.0698633886620639
CC_051C0A644DD3,0.02436747034540944
CC_051CBF566856,0.04188366788899984
CC_051EEA9AE819,0.15598281704988853
CC_0520E27BE904,0.14696673669400473
CC_05224448D290,0.1003885060540338
CC_0525DE4744C0,0.04471142147386037
CC_052F5CD81EFE,0.17822397574835183
CC_05368FAD2E6D,0.06697264082015231
CC_053788B82006,0.10090685386392803
CC_05471A48C6F5,0.16313090620222911
CC_056DBA1A87BA,0.06255151870561473
CC_05901F3E7A0D,0.1837243215579742
CC_05906BC8ED3F,0.13172375890018503
CC_059D55E32C78,0.08125519066197923
CC_05A12EF84A86,0.4986399354493243
CC_05A42D035609,0.1670838836750944
CC_05AD75A5CE38,0.04247233175679247
CC_05BBD4B92613,0.5195327204885494
CC_05C8EF6500D7,0.7805104862329475
CC_05DDB7B07497,0.07110735574200605
CC_05ECAE6E0774,0.21304719492239693
CC_05F11F14DF9E,0.33823479316595334
CC_05FA9192590F,0.129072334708782
CC_05FD764FB154,0.7335772412304202
CC_0608DBB4DF03,0.27324547132226307
CC_06198383F6D4,0.10090020254210619
CC_06199EBE2B05,0.1808176600827371
CC_062A8881A331,0.07419981719250232
CC_062F74350907,0.03862301705386399
CC_0635AD30F004,0.7856815287361536
CC_0639F539946C,0.2921659835184211
CC_063DDB42CF5C,0.07035167142559919
CC_06405C00E240,0.2772902893814669
CC_064920FC9DAC,0.0697905715118545
CC_0650AB329174,0.7983188200171265
CC_066941B109B9,0.18525751238510133
CC_066AA16F5874,0.28731465016054586
CC_06732311FB8B,0.16125346326906967
CC_06780061F889,0.1278409814798786
CC_068A81B06B74,0.4512487528523531
CC_06A1C5FE269B,0.3283299451307054
CC_06AA7138DAF8,0.03166564534056815
CC_06C0DD0D066E,0.7383648009674415
CC_06C97CFBD476,0.1265837315514345
CC_06D15F523C05,0.2098317028018395
CC_06D35787AD65,0.03822044775781315
CC_06DA375201A2,0.08651609842455224
CC_06DB455FF19B,0.6859514585993028
CC_06F3674E7313,0.4752702087404834
CC_070232DF9996,0.11291910501340187
CC_07141FA77DBF,0.10450300196070154
CC_0715F11CC8CA,0.21128057209671441
CC_07168A9C843C,0.19400011391109323
CC_072AB9F855DD,0.036021168098123515
CC_07337AF6AC2A,0.12212727287199421
CC_07434E4E5C28,0.05722565148252181
CC_074381358A2C,0.026913970210679084
CC_074E7CA75E8A,0.2802386573452071
CC_075D0C618BAB,0.19886461630938002
CC_075D804F7851,0.08746797169446266
CC_0765961D818F,0.40266951825093517
CC_07698F10563E,0.05170018931251545
CC_0773B9BA9E18,0.3140019577410418
CC_0784ABDA7F8C,0.17209639063977944
CC_0790C9F9EC9C,0.0748393068670773
CC_07A996E6CA6C,0.26329806925218036
CC_07B588ED677A,0.15424247172843447
CC_07B730FD7F82,0.1709864615746336
CC_07BE6961D039,0.06826295958517774
CC_07D23A6BAF5C,0.12566627735898706
CC_07E08196A3DB,0.05283413687833431
CC_07E4850039B3,0.1117774505844043
CC_07FAAF8B2D23,0.03718879093994105
CC_07FB3FD9BE0B,0.10450327282229296
CC_080CB94A724F,0.28281655565574004
CC_0837C56711FE,0.07957811711988325
CC_084100A049EE,0.04356511242454859
CC_084113D0951B,0.2868095568341564
CC_0843DDCDD601,0.6676382327639319
CC_0846C14EAAFE,0.060011352720413975
CC_085091ADED2C,0.21906092575523173
CC_087943B4A5D2,0.166667703355154
CC_08A97B98C405,0.1456069793769493
CC_08AA321BC4AD,0.16910259953193976
CC_08AA44ECBDD5,0.05968089810631097
CC_08AE2EE9D798,0.1944117786686541
CC_08B149462891,0.1799868700269845
CC_08C71A8D2D58,0.053506406142718295
CC_08D645F7B257,0.040681896103926404
CC_08D80BF0B273,0.0485929061924964
CC_08F52B1BE431,0.25065161139489534
CC_0903571AC7E7,0.1603747946725656
CC_090D528C09D0,0.457175234999276
CC_09106BA6CFC9,0.08655760842936892
CC_0915905A5D48,0.1262768223995282
CC_0918F67CDF01,0.16389188558015033
CC_0925D0B6276C,0.15997009462935866
CC_092A2830E36A,0.7950519662791251
CC_0951489C8F79,0.02925363154365506
CC_0951FA4D5513,0.08632269609571243
CC_095C712064EA,0.09027048496186456
CC_0969AA7BEC71,0.07388929345656096
CC_0974840BED49,0.7740663971677569
CC_097BD371F652,0.08405560488064262
CC_097C8139DBD1,0.056549983149285304
CC_0981CA4DBCE0,0.02208484379255239
CC_09A5D2F129A4,0.2408240069315422
CC_09A9BE38080D,0.09180068057994306
CC_09CDC42E000B,0.16043206379267233
CC_09D8DBAB2A42,0.10429538703662461
CC_09EBB1960580,0.034960992983213854
CC_09EBF206FEE6,0.2044689758054949
CC_09F2AE996181,0.08486065629227005
CC_09F45833F53F,0.16291329426935197
CC_09F4F5C5B4EA,0.7777588940431086
CC_0A04BF4005F8,0.1959312058008119
CC_0A0E563D1060,0.0704155003836528
CC_0A0F781A999D,0.19442384576794247
CC_0A1138C37BC0,0.17561582303954
CC_0A334A16524B,0.06405385191934308
CC_0A359CD5D73A,0.06285744511101754
CC_0A3E2C273DB5,0.05659154199540229
CC_0A4705B1E08B,0.03786322380178872
CC_0A67EB7C5282,0.16482505081926327
CC_0A6CD64871E5,0.3438810695520615
CC_0A75643FDC7B,0.06051560755382117
CC_0A8066F501AC,0.04411133311691803
CC_0A83017D027D,0.1926355612050718
CC_0A9AB7441D5B,0.3231746662204254
CC_0AAA72FA148E,0.35373133820350344
CC_0AAC488C8AE4,0.44186890851385885
CC_0AC2DB82398C,0.32078299808411215
CC_0ACA2C49A497,0.13984247641964553
CC_0AD4BBEA75ED,0.030187189784645668
CC_0ADCD6553B8C,0.06252659034990887
CC_0ADE56B56C41,0.03189270531921894
CC_0AF4B5B4162F,0.7376159181842017
CC_0AF9BD814AC7,0.10816199952102042
CC_0B083BE0FEA3,0.11736831679766882
CC_0B1384331163,0.06004636891780935
CC_0B216C6AF0F2,0.020407443143562465
CC_0B3465DB0684,0.5928032018500831
CC_0B442B91679E,0.1512181763400013
CC_0B455175F494,0.09681898563355218
CC_0B4C01B4002C,0.21776219373764785
CC_0B544A526D6C,0.06629325609617827
CC_0B5B19AFCD18,0.06799250124287477
CC_0B5BD2D224BF,0.06120483265573329
CC_0B6407C2C9BD,0.13965579059189348
CC_0B73F59991EE,0.08280947935704873
CC_0B7579216681,0.07577070729235066
CC_0B7F3B4B32C1,0.28205335141721677
CC_0B830A67900A,0.13336999247428122
CC_0B84250F96B8,0.19142234355164764
CC_0B92212B8E27,0.29601812138308564
CC_0BB43BC4B3BC,0.10756351307528894
CC_0BB992973640,0.062277331836570984
CC_0BBC41297846,0.11075145202079661
CC_0BDDB468A1E0,0.3150665967398868
CC_0C00A631C2B4,0.07602711118321628
CC_0C011AF6C857,0.34881858907228214
CC_0C0459AB67DE,0.13425696247334756
CC_0C18B07E451D,0.14141556106781406
CC_0C19EB845CA2,0.288891723737626
CC_0C1A736F37CC,0.07953425988217584
CC_0C335C9D86F7,0.788616856495013
CC_0C4C24D066E9,0.17210593915389655
CC_0C5499989AF4,0.17496769741838136
CC_0C95548CC1BD,0.16256683034587532
CC_0CA2DE660B41,0.21870006052011787
CC_0CA6D8CFCF2B,0.2166787371679052
CC_0CA9DF9C5C15,0.06057386527003208
CC_0CA9F52C92A8,0.1894178073771881
CC_0CAFB6C41CE7,0.13010092126633888
CC_0CB27D5313F1,0.5814961696389644
CC_0CC9DDDB8B44,0.04419147047719182
CC_0CCA18595BA5,0.2784635521986021
CC_0CD90568D3E6,0.24132093344324493
CC_0CE0D56B0584,0.06841725392226831
CC_0CEA028BF961,0.28172999074768046
CC_0CF67D68AF16,0.36230541093092244
CC_0CFAA0FB0691,0.06183821195619543
CC_0CFFD2785D2D,0.08771763518130304
CC_0D28AF91CE97,0.15482299454845472
CC_0D34E55A580B,0.12957025327468163
CC_0D3663B6524E,0.7513319222787849
CC_0D3C2864ACD2,0.33477869512329583
CC_0D5F4BE8132C,0.16564446872641786
CC_0D6D5ACB0889,0.16812401095962837
CC_0D7BFE8CC0D5,0.11731973652298998
CC_0D8852AAB481,0.21714220741402807
CC_0D97EF394C79,0.4170668073414359
CC_0DA8FDDE6DD0,0.0556367056581206
CC_0DABB89E37CE,0.08127268348709915
CC_0DAF0F2FAA86,0.09853031558208847
CC_0DB9E5F8EDAD,0.08436469865851634
CC_0DBC64F88C05,0.15454228159236008
CC_0DBDF018E822,0.13309193715091905
CC_0DC31A5A1096,0.048793372859523274
CC_0DC3870F23D0,0.03387907313638846
CC_0DD39F5D7C0D,0.0650765947083722
CC_0DDC2C18BBDE,0.04634777616488861
CC_0DE09CAA93E5,0.16644984862974022
CC_0DEA4477FDC1,0.1359229508082888
CC_0DED63EF6639,0.2124782297758366
CC_0DED7DBF26F6,0.2812941419730217
CC_0DF01CD21B9D,0.17283579901720328
CC_0DF6A478C01B,0.2358426606778611
CC_0DFE1A3FA5AE,0.17320447130261588
CC_0E07D5FB24B2,0.13944757850982925
CC_0E0CD9F23A5F,0.7313317399629233
CC_0E121FCB1D47,0.07132274503181923
CC_0E1423A4C263,0.17442248799468887
CC_0E16883EE8E6,0.41811413174904677
CC_0E1A2BA1C545,0.21778690319656596
CC_0E2B52BBA69B,0.049024909506911796
CC_0E40BAFC3530,0.1625395803077619
CC_0E48EE235179,0.08215956727573051
CC_0E4FA0FB9797,0.6347365454933226
CC_0E5162F59924,0.7670223923270909
CC_0E5E2FCAC8C2,0.25351778165866945
CC_0E68C2BE2A75,0.13429416628927357
CC_0E6C5A8D8CE4,0.10080520360822354
CC_0E6E9B0E674E,0.0968029318896438
CC_0E746EAD6CE9,0.06815964448836809
CC_0E968E7C22C1,0.2958749731945319
CC_0EA1483F50A9,0.15738252941243897
CC_0EA81362C7D1,0.19043203406314527
CC_0EAE97520873,0.32001816511699355
CC_0EBCF4228FF2,0.4960312143542426
CC_0EBDEFD0BDC2,0.05603663255638753
CC_0EC6AEDA63EC,0.19510027983697742
CC_0ED61DD76795,0.09983163017132547
CC_0EE33B1B71D5,0.1389610895813277
CC_0EE7EFF13EBA,0.05855836645778739
CC_0F0F136B0991,0.1457742430311501
CC_0F0FAF218BCB,0.045528446487840366
CC_0F125B48F175,0.08346273560519107
CC_0F292A238627,0.10222592774769276
CC_0F2949A1746E,0.07372960781454885
CC_0F2B71163121,0.0770183862399364
CC_0F393F1DE2EB,0.07955854877224686
CC_0F41B187053C,0.36564773622638935
CC_0F52EDC9D383,0.10929951948280353
CC_0F62C4F36236,0.10383634330610518
CC_0F6A29CE5D45,0.1647795794201828
CC_0F7C0515A6CF,0.15400565777755632
CC_0F8D6C89202F,0.17902058632352127
CC_0F933684CC08,0.18978876879958378
CC_0F9BA54F2AF6,0.04073540511317432
CC_0FA06CE7FAE8,0.03790563173804014
CC_0FD25AA655DA,0.14897315592434895
CC_0FF5570E06EC,0.6790619210044366
CC_10197FE0E34B,0.69057266076221
CC_10355B5718CD,0.10711045313813417
CC_103A9D18EC12,0.15540319350359527
CC_1040DB6A21EA,0.10074090788446993
CC_104D2B84FC4F,0.03497332314224598
CC_104EA2802A11,0.08449521838242194
CC_105777B1BF91,0.058718778090544134
CC_1059F1B6C0C3,0.17171947662087292
CC_1061947FDD14,0.05101027767460251
CC_10689257E68C,0.32603471376345655
CC_106BFCFA7D7B,0.036542281604792635
CC_108FA04AC10D,0.09767543042611751
CC_1092915D0093,0.11287241455631711
CC_10A30F88E157,0.1546999773148351
CC_10A657027AC9,0.7507666560470221
CC_10A6EAF27BF3,0.04822131905708785
CC_10B148BED568,0.4130738913735259
CC_10BB7101F191,0.031646905939627865
CC_10BC5BC3A9AD,0.3895103690724743
CC_10F27C70AB99,0.10258328368418539
CC_10FADDF63CDC,0.1695031205571696
CC_1107D9301AA0,0.08605770181533422
CC_111A6DE5D9C7,0.7447090378291294
CC_111DC3B1756E,0.21700042547203668
CC_1131156CC6F6,0.15003508557040016
CC_113B66D5D5D9,0.10695129079348445
CC_1143254EFF36,0.05057125796676072
CC_1145E5277FA7,0.2686603870994822
CC_11521077BBB0,0.15416131146912748
CC_1154861ABCCB,0.5881486269805469
CC_115BCAEAE2A0,0.10500859576179247
CC_115BF13E8BFC,0.2201252298261111
CC_115EBE5044BD,0.36048451189274355
CC_1165AA07FC47,0.7404026793052695
CC_116EE8219753,0.05408924068141442
CC_1176FA3233B3,0.04197261256556713
CC_117C2A1587ED,0.09477385715469441
CC_118C0A1D14B2,0.2944879685436111
CC_118ECB589F3C,0.11559829579729299
CC_1190F13FB1FC,0.1193212672525294
CC_1192EEC65A1E,0.2712841489030727
CC_119B1FEC4D83,0.2296933812492652
CC_119C413C2580,0.15857618477493252
CC_11AB74142A2E,0.8123110538158551
CC_11C8A291FD11,0.142147867373001
CC_11D1E9C39E41,0.059688718281501456
CC_11D600EE1BD6,0.17423082057794081
CC_11D7539AC69D,0.1713349293373039
CC_11D78BB50016,0.1330466971938121
CC_11E0C583685C,0.11659933251646397
CC_11E0D2F15AA1,0.03443352887279488
CC_11EDFE67C719,0.6714796802552646
CC_11EE85F284B8,0.21904198804380476
CC_11F700202C6D,0.15176536182490308
CC_11FB668DF543,0.10490277795318168
CC_1209FA26609D,0.030503701941681952
CC_120CA1B916D0,0.13379283585846566
CC_1210186F4D33,0.07791360373688774
CC_121F621374FC,0.23841620304554734
CC_122532C1FBCB,0.1490956063757395
CC_122B19CBC88C,0.666955234593502
CC_123C7F0111C7,0.5883586524391585
CC_1241EE42F174,0.1489721850389478
CC_125B7100F1DD,0.13646514085578434
CC_1263B255B3B5,0.1883863125464058
CC_12878596E940,0.07120409262171266
CC_1298ED71A9E0,0.060504277912872606
CC_12B555C6F086,0.17845866887939082
CC_12D22C629874,0.1542845629011833
CC_12DD89EA0C14,0.19823498696928815
CC_12E24CDE2684,0.17027562795407922
CC_12F3B7309455,0.61576336930221
CC_12F8E7A4BBE5,0.3469489959085167
CC_12FDEAE4873F,0.2128263007186681
CC_130F7B067939,0.3590743405778164
CC_13209EDC85EE,0.6736188943143687
CC_1332B6F0E543,0.23597217677846571
CC_1334E256AEBC,0.5814258665026922
CC_1337726B2AE6,0.08582080026208241
CC_1338237BF402,0.2083369005559303
CC_1341DF38D9C1,0.18058560637308382
CC_1342F868176B,0.7089408226163239
CC_134651CCD2F8,0.1259171767095785
CC_1363E3090578,0.05857576019491334
CC_13736493B695,0.0687352539801723
CC_1392DE633D4C,0.2820389235062236
CC_139ED2E0AD76,0.08880730693953612
CC_13A5383EA098,0.6187533540705269
CC_13AA272C6861,0.060997486157876216
CC_13B74E4EE3EF,0.21049538975231086
CC_13C437E86B81,0.4936623481525857
CC_13D61B077E7C,0.07074357467295322
CC_13D7115A8FCC,0.1640290530344808
CC_13DFE319B21E,0.7872314304996082
CC_13E0F0B3FAE6,0.21205715400871233
CC_13FD88C2920A,0.7111450450102766
CC_1401CB818627,0.19412222573276222
CC_140B86E74F74,0.7849579428210833
CC_1452A0B69085,0.04052249641412217
CC_1458CA7329A7,0.2441997395433005
CC_1459E7125AFB,0.07388196324767118
CC_14633EC7F622,0.387642961184216
CC_147B1B30DE7F,0.12230773538600957
CC_1484511F54C5,0.2976556406708268
CC_1489A941A69B,0.2974021773921405
CC_14A8B16706E9,0.07966362766718056
CC_14BE52BADB77,0.10193468739523329
CC_14D53413FBCE,0.32791290604650736
CC_14D59B58E51E,0.15012518390584334
CC_14D964327B1D,0.05563971871520513
CC_14F5D06CF093,0.12699510765554092
CC_1501D63D5A80,0.35006426034382154
CC_150E3A0E5084,0.2232660420898335
CC_15152312AC56,0.07038651139980291
CC_1522BA0411C3,0.053918794757041824
CC_1534B0241A1B,0.04514777240945137
CC_153BE2BEB74C,0.12409947336802782
CC_154BBCD4DCEA,0.23213044482482587
CC_1552EC27FC0C,0.7298542018796984
CC_1566BFF4BCDC,0.3457087350047615
CC_1579BD86A63D,0.305534795312636
CC_1583CFD90530,0.2767978594712969
CC_1584385F38C8,0.06543736671826664
CC_159656F13BE8,0.1080901139785248
CC_159B6F6AAF1E,0.0874053076697851
CC_15A4934FD96E,0.11725405929725921
CC_15B2140CE869,0.09712037321953369
CC_15C0972DE384,0.6511634471133224
CC_15C0E30FF2DC,0.11630963221327234
CC_15D617FAB434,0.05290135417491461
CC_15DA0F4FFF0E,0.3200846335851725
CC_15DAE76D15DF,0.0465438005303
CC_15DC7C139EBC,0.34458916555664965
CC_15EB741857ED,0.08654102909169467
CC_15EC51F4C521,0.2899664850748722
CC_15F6259C7C53,0.0660648326555242
CC_15F7C012E10D,0.4176338477953202
CC_15F7C1BEC28F,0.19511285969190512
CC_15FF58854AEA,0.23478692293955844
CC_16035CDDC2F6,0.15018241197876428
CC_16095572722B,0.04731352098048181
CC_16109F1CE0A6,0.24613707951359548
CC_16150E74E4DA,0.14793572776846017
CC_1629E47AFBA5,0.07482237208241996
CC_162F4582D06D,0.6311021883464718
CC_163194DFEDDA,0.035971262516315064
CC_1640F01B7730,0.1019454397312617
CC_16460554039F,0.025816172259067963
CC_164D308CDE41,0.23591299883639139
CC_1661041F819B,0.7718998614245638
CC_166829780A76,0.1292895432306448
CC_16798666E855,0.10650620700694716
CC_1684B5493414,0.22015162005350936
CC_168A8907C8F4,0.06774475230404511
CC_1690EC56D088,0.06182867015749386
CC_169853EEAB4A,0.0828423896512167
CC_169B7FD839BA,0.15018345082115303
CC_16AED1A3008A,0.16054017594930564
CC_16BAC7837C73,0.17474837865558132
CC_16D57E1EEA01,0.13586076408554565
CC_16D833E56D7A,0.1784825216569775
CC_1702487A047B,0.18748554705862513
CC_17029F78E70E,0.05481006801857182
CC_1702F3E986AE,0.06585690914264787
CC_1707181BB559,0.040479076554731167
CC_17117BF03935,0.21923136921984887
CC_1723E40C3D40,0.23821125152273995
CC_174FBBE9ADD9,0.20799855145651797
CC_176E6E58FD1E,0.1049845621111159
CC_1783F37259BE,0.08802600847076357
CC_178B135605CA,0.08749903290267338
CC_179AA5165026,0.3473610433625955
CC_179DBA1C4CDB,0.3128326277687561
CC_17A1090B69C9,0.11184159165674047
CC_17AA1A4C904D,0.197591071404059
CC_17B06C06FDC1,0.14458669768017385
CC_17B89AC1FD03,0.20771204969408608
CC_17DC33AA73F3,0.05648113759909256
CC_17DE4D267831,0.09139057905257697
CC_17E929BE0344,0.3550437338564368
CC_17EB83DECE5E,0.42869469779864405
CC_17EC9982E5A6,0.13434463552438494
CC_17ED5555B4FD,0.23904418556014234
CC_17F4292DAF8D,0.09528722194362832
CC_1807B0980C86,0.06515028702260162
CC_181354A58B53,0.07265392634502364
CC_181E7266E018,0.09846788943788724
CC_182AAE7CC3CA,0.45617409665654585
CC_183EDEDC5DA7,0.08529987400680655
CC_184C47552665,0.26166491006970666
CC_185A7392A475,0.3046374470807597
CC_185FEFD3233A,0.3984287977831659
CC_18676FE5FC07,0.0707897543535232
CC_18776C4FDE28,0.08526908610293257
CC_187A8AECEFBC,0.14107253262553932
CC_187E7D0B4E82,0.7360779280913835
CC_18839D393105,0.15616265043449437
CC_1888476F6CF3,0.14715605554851147
CC_188B1ED2AAA5,0.3255399848718785
CC_18A4257C3172,0.29526588206694615
CC_18A7929D9FC9,0.2938674694591626
CC_18A8695F185E,0.09989714404088901
CC_18ACE64E8F74,0.2098108378022446
CC_18BF4A29BB38,0.13664999105155995
CC_18DE36F7D294,0.14590732417653215
CC_190EB07AC1FC,0.1329474939941772
CC_19219F2C60B7,0.17728933323473187
CC_192262DB0B0F,0.07980035333713507
CC_1929746E06CD,0.6280534571434389
CC_193356E72D61,0.6706988596260681
CC_193938E8EA40,0.1805267729249024
CC_193C60092202,0.5211669073885452
CC_193F669537D1,0.18640409826292542
CC_194E13150BE5,0.04755845507246615
CC_19556DDCCDB3,0.034334379529458586
CC_195A6E9B48A2,0.12475437066262218
CC_196DEC616B33,0.11389000992218715
CC_1978B23D64A8,0.13547186000476324
CC_198562A4BD86,0.11908179171901587
CC_19864C9572BC,0.16457929723651218
CC_19868B6887C9,0.12489531709310013
CC_19969E05AB2B,0.168399905886693
CC_199FC89885C7,0.12475460507134048
CC_19A40411B404,0.25513448156797186
CC_19A6D9B60B29,0.6512377491488593
CC_19AAB010550E,0.0654054355347545
CC_19B4743DFEEC,0.08619228373215702
CC_19B95A61D757,0.16748361523103608
CC_19E6A00F6A5B,0.06435913296090151
CC_19E8DEC29F47,0.6174876031625183
CC_19EA54976042,0.13483497315402124
CC_19FBBEA75B7F,0.13999915697865828
CC_1A039E58840A,0.060628452131595546
CC_1A075331756B,0.12096209009534738
CC_1A1E1302C432,0.1481976275544017
CC_1A37690EAEDB,0.16033211438948214
CC_1A3BF9F5BD42,0.14097224761521063
CC_1A4268FEB02E,0.17091929517417007
CC_1A5F8618A912,0.3165923774436211
CC_1A659D4D521E,0.38887085296154916
CC_1A879655902A,0.0673796001594956
CC_1A9F6DA46BC2,0.12481906420008618
CC_1AAB15E81743,0.03190729775560773
CC_1AAC389EF8A2,0.22842964836469398
CC_1AAD0CE365D9,0.13220275484323943
CC_1AAD9152C90B,0.04957983471178287
CC_1AB15BDA9296,0.06802781464698053
CC_1AB8BDA3041B,0.19401024773057973
CC_1ABB9CB074E2,0.7317786085741943
CC_1AC1B1A3978D,0.05415538404367222
CC_1AD20D1F9C08,0.7209831542266099
CC_1AD881A90D1A,0.32330591151736315
CC_1AE9811724DD,0.7902551594832528
CC_1AF1AAAB9D12,0.7707806163593118
CC_1AFCC4D0ABD4,0.16393507763016824
CC_1B08ADAFD1C4,0.17503553376308245
CC_1B10139C7917,0.12257716492436624
CC_1B127133B948,0.15954298110074366
CC_1B25964EA376,0.17042665540568336
CC_1B27A85C7244,0.18505709066477302
CC_1B29F4378A34,0.13326596426817927
CC_1B2EC0BD0677,0.33396005290187936
CC_1B4AAF37FB97,0.08619569285776293
CC_1B5E792F6E6C,0.3240011856772244
CC_1B7166DAA790,0.16661768488358852
CC_1B89FD901C95,0.0981943848748339
CC_1B91E3A70338,0.06949112426425699
CC_1B9D9B7184F7,0.16821266964249232
CC_1BA3FDD92B1B,0.05404947837873576
CC_1BA9B3D67170,0.15999880594314148
CC_1BAF97E2BCF2,0.09666694223149117
CC_1BB7D8A54021,0.08172738982354055
CC_1BD548A5FEF3,0.11825317254521567
CC_1BDF1893ECEB,0.26077952534263016
CC_1BF117A8AF9A,0.05233965187726244
CC_1BFA7E407428,0.7192999080263577
CC_1C0066F472E4,0.7101855469412953
CC_1C09CC2385AF,0.06675723428957027
CC_1C11467AB472,0.6728749270442771
CC_1C1627B7EE6E,0.04146030929122526
CC_1C3259B85E28,0.16268337740486483
CC_1C334ED885FA,0.03449097998609228
CC_1C376760FE39,0.08143802712460685
CC_1C39A1ADF3F2,0.16638173875385437
CC_1C450FC77478,0.12278251235962317
CC_1C48409023DF,0.39100726978071954
CC_1C4D03324C60,0.3472338183786897
CC_1C5F1E1028DB,0.03613913269453761
CC_1C6681C0AA7A,0.7986642698572626
CC_1C84CFE19CDC,0.21128555387063858
CC_1C8B3F689C6D,0.22405930840938904
CC_1C95674B902D,0.0403505267776978
CC_1C9A4C11F28F,0.17354681013683948
CC_1CA3F50BABEA,0.07715921929560021
CC_1CBF42D35AED,0.6450871380058438
CC_1CC11BEADBD5,0.11859210135259193
CC_1CC3CE396A8A,0.23580409305780564
CC_1CD2B13C2E6B,0.08354742684804428
CC_1CE0B37CA670,0.07810893547944672
CC_1CF5A99FC068,0.13307200546262998
CC_1CF71AEB6671,0.06758375745271622
CC_1CFE066F5EE4,0.2096554387941278
CC_1D00B360809D,0.062490566124244806
CC_1D1173F82F2F,0.11244551624299265
CC_1D1E06E0B393,0.1542645744624224
CC_1D2789866B1B,0.07819346885833214
CC_1D2DD7DF781A,0.18124178872141708
CC_1D313498A2DF,0.1782748967474442
CC_1D68396533F9,0.32769070602377354
CC_1D7235BA1EAF,0.18410059977530438
CC_1D7ABAF9D080,0.04468668879223141
CC_1D7FA51D0D7D,0.46668493727483534
CC_1D8CFB3589AE,0.05080672550563921
CC_1D9421A6EB19,0.3419088499785465
CC_1DA0AC68719F,0.35665376680008326
CC_1DA366D588B6,0.10245565941484393
CC_1DACBFE0296C,0.10365903740697086
CC_1DBD6A716910,0.645892194110407
CC_1DCB75B5CBDE,0.34646711083693477
CC_1DCDADBC0E90,0.4309431479187208
CC_1DD11FAF43E8,0.12732695504080313
CC_1DD8064E71C7,0.16529000655423984
CC_1DEC926EE25C,0.11300182777819973
CC_1DECBAE4FC5B,0.05860326368571932
CC_1DFF80E6D4DF,0.060765102684060546
CC_1E025C3597E7,0.2321531013468302
CC_1E082052CCBA,0.6494918591856634
CC_1E0E30441DD1,0.20946216001589407
CC_1E20E200611C,0.13992977889225292
CC_1E354C75EB9B,0.02834806396929369
CC_1E3B2C15EBCD,0.1840165528922364
CC_1E4DF11FAF55,0.17117801584732564
CC_1E4FE60DFD8D,0.7577713192130184
CC_1E5A648D299F,0.194026877355938
CC_1E6C0A8B3841,0.6494868555606246
CC_1E7FA6E807A3,0.2341088327833052
CC_1E93F760EC93,0.26943452561153225
CC_1E99F40FA03E,0.0595562996357375
CC_1EAD09DBC23F,0.19044929577069608
CC_1EB3D53252DB,0.2810050115046486
CC_1EC889E04D69,0.10717967952780427
CC_1ECCBF6853F6,0.441995801346859
CC_1EEC4520436C,0.198040011277085
CC_1F2827DC99C0,0.17233109108211514
CC_1F2C184C5227,0.0802247052171602
CC_1F3FA8091B02,0.14498277587916475
CC_1F4E07BFDC8C,0.04214894628501602
CC_1F4E0E9B54BF,0.0596689407219251
CC_1F55738A6A27,0.3391306596912457
CC_1F65276D0EF8,0.10301842003061107
CC_1F65C797BD40,0.05627233399508852
CC_1F668C0AE868,0.08947193927279917
CC_1F6B19A04BD8,0.04197755363388088
CC_1F945A60367E,0.41893389583507346
CC_1FAB6F11DFCA,0.6910735354564513
CC_1FACCCE95224,0.3046553573393937
CC_1FD010E5EA82,0.0595089034044633
CC_1FD2B7BCCD20,0.7099141318828104
CC_1FDAEC3D5CBB,0.11736147929723328
CC_1FDC65FE3DBE,0.13848990754325957
CC_1FE696D8A81B,0.057066715602843376
CC_20027685F59C,0.7721227623939386
CC_2009F3D77774,0.13929702536651978
CC_200C552C40F3,0.11304349735393142
CC_201459527065,0.10518292593238031
CC_20275029A688,0.0828065157710913
CC_2028DA597C34,0.19229564744196637
CC_204E557E5046,0.3594847272248003
CC_20542CFCFB39,0.037736357270685736
CC_2060F813C9B2,0.26540365013935174
CC_20813A9A7F71,0.1036321440518331
CC_208429A11E2F,0.17065585793921134
CC_208B0FE7CBAD,0.09372852289851646
CC_209A511030A7,0.034396514647430224
CC_209DD60421B5,0.06629719826287707
CC_20B26D646D62,0.17897606249467746
CC_20C47966B174,0.19813376019221546
CC_20CFE9681E4D,0.0825594786664299
CC_20D4DB0F3E3D,0.03492031859645886
CC_20DD84CE3CA0,0.11980005762140614
CC_20E57CA675DA,0.6283863325177815
CC_20F129FFBE00,0.2796023845154756
CC_20F4E0F62D2C,0.0655933719832861
CC_20FEE0B2130D,0.6062384466978525
CC_2111B298C212,0.09799494321331538
CC_211315AD7633,0.20699240910316324
CC_211504721E27,0.1409850488373856
CC_2119919BCB4F,0.8127892998507267
CC_21375C9ED931,0.2043213828777341
CC_213D2A5355FB,0.231565056502615
CC_214B50E48E94,0.1543789274402505
CC_215F86D986BA,0.13559956141392424
CC_21600308F496,0.04176757916170294
CC_2166F3F6344B,0.10377248096872765
CC_2168BBB42053,0.12650093361261455
CC_217030CE0127,0.03940646566103986
CC_2179067B405D,0.03777372851899849
CC_219B59B67193,0.21686425748597682
CC_21A9E8DB58FE,0.12690100473456495
CC_21AE679C5E95,0.2347147427967868
CC_21B98D13174C,0.11120575104704794
CC_21C81BC15002,0.08594875740040492
CC_21C9B26CFEA3,0.06889515847060258
CC_21D22081A4CA,0.7531669456034077
CC_21D29CD736D3,0.3219564650071314
CC_21D3CEAF838E,0.19755417783847048
CC_21EF792A3811,0.6293075807695576
CC_21F04E996723,0.3360559142212103
CC_21FB6C8AB8BF,0.47523516968245616
CC_22067686F6C4,0.7014775472279791
CC_2207A39B7BB8,0.12335001833732684
CC_221053121AAB,0.18052861730704564
CC_222423774191,0.06273397755786486
CC_2230EFBC99AE,0.41554411068941444
CC_223BDED2A465,0.2678327919132956
CC_223E3CA7A07F,0.1866067539273934
CC_2250B42E48B2,0.1090252571012883
CC_225935E43583,0.12677440932198658
CC_22781E93CF84,0.1813517908884292
CC_22784AF3CB6B,0.4247072256786394
CC_22831690395E,0.2204267274021907
CC_228E6CBCC935,0.6025662846101644
CC_229338EBBA6C,0.09549547800888077
CC_229A63057E54,0.4917692454397893
CC_22A2D8A4B437,0.09137671822765625
CC_22ADE1EE9BC7,0.14524711527852754
CC_22B69E7C415A,0.034292244298270796
CC_22C590B43FEF,0.31983427587309043
CC_22F06379D8FD,0.02728159998916243
CC_22F282264A1D,0.12273287782465668
CC_22FBF5F0E1C0,0.22998197924351899
CC_2302088175A3,0.24657245388137483
CC_230672EAA654,0.028116075580229133
CC_230870B121F6,0.16324970319557894
CC_230A051B2B3E,0.04279304896239334
CC_2316F57AFB7A,0.08607653046658914
CC_231D091FCD1D,0.049258648792765536
CC_231FDED1781F,0.25732615340605475
CC_2320053D1183,0.0460264325323425
CC_2320AF507566,0.18756733629635902
CC_23321FF41C3D,0.2315762052684662
CC_233470D6BE72,0.6464362817251674
CC_233C8EBC95FC,0.3731793122270429
CC_235F99F13500,0.16328043688918667
CC_235FC02CA52F,0.21618084009389876
CC_236C80CAF53D,0.20022539103620862
CC_236E7222D97C,0.06817083048923145
CC_237B86FDC93C,0.04987196587950578
CC_237E7EB2D7D8,0.07898419435170272
CC_23830081EE1A,0.611692266361824
CC_23894AAA08DB,0.4787717911565942
CC_238CBFD6E20C,0.35815327920326107
CC_2392A4A79C9E,0.030893801916865967
CC_23A474D43C73,0.21261047481010847
CC_23A9CC59BA0D,0.02105891526748084
CC_23B158D8306A,0.1370795581343963
CC_23D147F1870B,0.17720018638506974
CC_23D2E73DCFCF,0.1309890863676556
CC_23D9103D1EAB,0.02768281384935807
CC_23E142182F2F,0.6871190864717295
CC_23E43713A108,0.03490903120781953
CC_23EF2911610E,0.4948855130828478
CC_24056B76BD7D,0.04190502290883553
CC_2416ECE66177,0.13329225014444016
CC_241E65816FC2,0.07623932342400547
CC_241F7E97FBDD,0.04571274050336948
CC_24217201D7A1,0.3875592933369001
CC_242301FCCE50,0.041685379565411226
CC_242C69CF0B12,0.10435950049652179
CC_243B23702DC1,0.18423259900210542
CC_2456B9C796E4,0.13101665350272976
CC_2457D89CB88B,0.5986171629671495
CC_24667210E2AF,0.20550206424768766
CC_2468D206CAEA,0.0558327921706957
CC_2469630A4F86,0.3417981440773351
CC_2469D83D9594,0.03485520651376785
CC_248C65EF54A5,0.6566005338460361
CC_24BCCA7941E8,0.08615977998714369
CC_24BDC1CE2A3A,0.19855844629969302
CC_24BFCCDF957C,0.04306119952135394
CC_24CC8A1B1CB7,0.12307732777032812
CC_24D4B1852554,0.22016489126297167
CC_24E65FA5A32E,0.1723089726713781
CC_24EF3EDB6857,0.03474296716570435
CC_24F15A19D648,0.1627968961408624
CC_24F2410B5A19,0.14210012431060237
CC_24F27E7DE1C6,0.4428081891996689
CC_24FFFD0C983B,0.028354772380594785
CC_2504E9D5D5E4,0.12964918794376445
CC_250F6A0DB62D,0.05214501725774781
CC_2520E13DF0A2,0.7244244599856251
CC_2539C315029D,0.2766972410098401
CC_25519ED78507,0.17578303235822185
CC_255D49296DB6,0.11238273880511084
CC_255DC60FF5BD,0.03946337332296105
CC_2563C9EF9D55,0.05598423897162519
CC_25756EB9651F,0.12360665741717763
CC_257CC46D379B,0.42918387423757737
CC_258D5F80A933,0.6707060525798243
CC_259D87270257,0.25908897063759845
CC_25A41AB21C94,0.2375932344186596
CC_25ABCDCC8B71,0.09413119675903345
CC_25AF0D0569B5,0.07309280083667313
CC_25B61D393144,0.14615844725592764
CC_25B95D7288CB,0.38278013556615637
CC_25CE2F2F13BE,0.208794546390554
CC_25D1A5971976,0.3605282297462208
CC_25D411B46F00,0.7699564956079036
CC_25E7A2DC5E41,0.06099022406646669
CC_25F4C8E51AC2,0.5482166740525248
CC_260323EFB122,0.5476744285316628
CC_260F10484312,0.057564904496394786
CC_2610D0F1D0A7,0.18767889779301677
CC_2615866F35A2,0.0890056476041498
CC_261DA4E8DBEB,0.11677545251428137
CC_2628F00B0745,0.3743350513674865
CC_26338E9AD15F,0.1314748622269779
CC_26346B99BDBE,0.6736960410916494
CC_26351DBC1AF6,0.11840732642459066
CC_2637397AA3F3,0.6006221269046208
CC_26675C32611C,0.704117718710322
CC_266E49E49071,0.19425407832882602
CC_2696368A4DC6,0.028262708652465097
CC_2698641B68A5,0.15968358728982343
CC_269C5AE6A1A3,0.6951347386965372
CC_26A06AD1206C,0.756098608117586
CC_26A358B0C10F,0.14837389453219405
CC_26B07CB02EA3,0.5420864220749665
CC_26B638BEA8CE,0.12210380978965907
CC_26C33B649FC9,0.057429077792805594
CC_26D5B969A36F,0.3106098120465972
CC_26E3A1226C2D,0.1537950192803208
CC_26EEA3F0224A,0.2700313637804589
CC_26FA5E5A718C,0.16149256172420284
CC_26FE119D4919,0.0526247616625959
CC_270B462BAEF3,0.030300837148394377
CC_270D929FEA9F,0.0789031679060167
CC_2731AD82BA11,0.21465327556798847
CC_274144AE3E86,0.14354606893737146
CC_274AE6E82879,0.1509415519633469
CC_2757A490C5E1,0.07732247962912311
CC_2766F6011BD0,0.3778119703363565
CC_2768E644C697,0.04973779749806333
CC_2770DF70328D,0.06754147706915326
CC_277503968C44,0.46705795269360717
CC_277CE974AA8F,0.26392043206821203
CC_277D246E39B9,0.20807671706595626
CC_27A1CC725B7A,0.06060074089318089
CC_27A798829CA8,0.7876218772371958
CC_27C938FC8DC6,0.48149942182040034
CC_27CA2D819E7A,0.08108076017627616
CC_27E3712F0E38,0.13218763128961203
CC_27F3B3F43FF9,0.0344284575985147
CC_27F9832EAB8A,0.46394541869136513
CC_2809CC131F3A,0.6565717528172819
CC_2812523510C0,0.1533801736519293
CC_28151C75756D,0.04243416772288254
CC_28203CC976F9,0.11178978764558603
CC_282AFAE06F96,0.09386986196440954
CC_282C2404F4C0,0.0725951220623991
CC_2834BA2F19FC,0.20577515739332747
CC_28432E22F47D,0.5646099866711762
CC_2844882CC439,0.050825667724277934
CC_284F79726032,0.40628215325734274
CC_28544783AB15,0.459817338495401
CC_2856104729EA,0.6978309843919354
CC_28625CD86761,0.1791250018020526
CC_2866BDB46FB1,0.09592238023365915
CC_2872415C6B36,0.07137552212732828
CC_28752737647D,0.6361522331798135
CC_2875C281EE88,0.05238445454443956
CC_287E3E9EDAC9,0.07470767758255019
CC_288A2C49D62A,0.04683384031663056
CC_288FA8CD819C,0.1916835289372309
CC_2891894CCED4,0.06749703644242776
CC_2895608A9699,0.12692681614434526
CC_28A2EF7926AE,0.5403234600624256
CC_28A7DBD2B710,0.15965213604061748
CC_28AD81DF2C51,0.13089928219402266
CC_28AEC29CEC25,0.1645212729068143
CC_28C1C3DF7928,0.0986822294000563
CC_28CA76962EC8,0.17362288736433362
CC_28CD47803B6A,0.0714910244844218
CC_28DF569DBBE5,0.0829785054165754
CC_28DFE611C657,0.09423198607748019
CC_28E11E6A6C8D,0.1658441662841062
CC_28F58ADC7CBC,0.1396550458257356
CC_2916479EBC84,0.1192364714717391
CC_2917C6CB0B2C,0.14958968950568083
CC_291C7830D4B5,0.3569679014825989
CC_291FE1744E5F,0.07536478407400933
CC_293124F1ACD1,0.11984640579897723
CC_293C2D704AA9,0.35066022728854773
CC_29432A6B2555,0.12124714894902634
CC_2944B427406C,0.15844133811592193
CC_29468B7035D6,0.12695169631333744
CC_294A9A24E473,0.04750626243944592
CC_294B94EB0E07,0.2594695076815218
CC_2967C29E4C3A,0.12440749735182902
CC_29716D5835F4,0.2062722884889884
CC_297179FF2BCC,0.4092195493728672
CC_29803690C939,0.2053930623848731
CC_29821539DC4D,0.13113096467111687
CC_2983C1D2A273,0.1595778144032765
CC_298CAC5A1868,0.6135585104766973
CC_299EBE0FB429,0.14345109690620375
CC_29A1C0073882,0.44556145309430395
CC_29B6065F187B,0.3686980948877612
CC_29BC66C10F87,0.6350757005706149
CC_29BF3C3D9682,0.16366513735171417
CC_29C4425FB2DA,0.18960406069149616
CC_29C5D0D72D61,0.11017454696112032
CC_29D65E313500,0.1355748649344628
CC_29FD856F47A5,0.7367537969687212
CC_2A097F88615A,0.08871422263525201
CC_2A0CB4CE1A48,0.21925273317732502
CC_2A14C1652D6D,0.21869112464663942
CC_2A1F96F80938,0.12414108818579661
CC_2A23F71805A2,0.1356970422932618
CC_2A2BF2FD0498,0.13631252611009487
CC_2A358A1D3DDF,0.6531714026471063
CC_2A3E371F0DAD,0.2512295127028577
CC_2A423FC8A330,0.31278304285952235
CC_2A43368D54F9,0.5376523386602798
CC_2A47A21C0E07,0.6593759968374915
CC_2A4CB02E7A1E,0.13020584968515392
CC_2A510080BA29,0.18637117829414307
CC_2A5316E550F0,0.09182553846879182
CC_2A59695EF90A,0.5622318416563168
CC_2A606D00CC46,0.047222168239914444
CC_2A6C69145AE0,0.0821519414509112
CC_2A6CD71471A6,0.119732510344008
CC_2A70D6EF64E1,0.09463315934827365
CC_2A844754AE67,0.6116947902793208
CC_2A85A7B242FD,0.1660631651800025
CC_2A9A51067D7F,0.1572137323968293
CC_2AAAD4020436,0.20444406581755095
CC_2AB62BCF3704,0.08052017595033599
CC_2AC1C8DE5649,0.12729033560061195
CC_2AD10D78793D,0.7221349133977003
CC_2AD26446A7AE,0.04054960244069773
CC_2AD2D35975D1,0.09381720606067714
CC_2ADA07B0211F,0.30322826018820265
CC_2AED2D284351,0.31640806181690795
CC_2B01FDE2552D,0.2693132625895581
CC_2B06DDFD7F8A,0.06875261361316241
CC_2B08FBC0A948,0.14500215410430947
CC_2B1914218468,0.7443664304287976
CC_2B1D93E12DC9,0.1656929593863172
CC_2B248C488918,0.0839274332354146
CC_2B256891C60A,0.6236871003178988
CC_2B2801591A25,0.4077623637674095
CC_2B2B7CF1E40F,0.1115078457655777
CC_2B2F4204834B,0.18579279949847263
CC_2B5443C7AB87,0.06222659145293555
CC_2B5D780AC244,0.6557354475683502
CC_2B64E67CFF13,0.04949103130604768
CC_2B6B872C8D21,0.06878003206406458
CC_2B85D931F011,0.07792724236784757
CC_2B959EF030DD,0.14940153094564265
CC_2B973D1AC16E,0.12818049912080304
CC_2B98983C2687,0.046817560269832
CC_2BA581E7B8D2,0.09034657419714613
CC_2BB2C432C369,0.12773388870961488
CC_2BBE19587CD5,0.08680384450151407
CC_2BCB838A9581,0.15815999240772127
CC_2BD0E9336EB4,0.06475188204340301
CC_2BD1633FD528,0.08815434593301387
CC_2BD58FC8C2B9,0.02932607877016711
CC_2BD6083CAB0B,0.7889092772858279
CC_2BDD47B177E5,0.7914219712861148
CC_2BDE889EB05C,0.2735028565474077
CC_2BF8DB192A49,0.6366806696971313
CC_2BFDF46F3AC2,0.12287132733760031
CC_2C00CF2FAE22,0.17549450999426042
CC_2C06DDBA1073,0.3465394393092759
CC_2C16C7838FAB,0.8076506278351568
CC_2C263A1A732C,0.19517295239871868
CC_2C34105831A6,0.19143328464815695
CC_2C43FFA06F31,0.08587652800246752
CC_2C4DEE4CA1CF,0.057804442667160616
CC_2C56DB55E40E,0.09001901423976388
CC_2C59F565C183,0.14423563297803882
CC_2C7F54E56925,0.18480723894445178
CC_2C8CFCC646BE,0.029922333182489786
CC_2C91AB1DB754,0.05306704115781253
CC_2C93356976AE,0.3700207872726302
CC_2C9DADC294C8,0.06783141882720611
CC_2CA94231028A,0.2682326858641533
CC_2CC8CB17283A,0.20276069116250883
CC_2CCD42AA2376,0.12773618028969116
CC_2CCFE560A79E,0.06512973788785983
CC_2CED227E5216,0.12504112536310324
CC_2CF326E90715,0.03744748120940402
CC_2CFEA03CC6A0,0.6531576015482344
CC_2D1D032137DA,0.10528798967121775
CC_2D258781011B,0.1811951660649634
CC_2D30260A1CEC,0.21219117517045216
CC_2D35C002A9F1,0.140635484986237
CC_2D45DEA4EB25,0.14233685234691953
CC_2D5494C13FFA,0.08516476773300118
CC_2D5EA2953E81,0.23037582147941993
CC_2D6E7894EA16,0.6552426266392544
CC_2D7DA36360AD,0.22691110359951822
CC_2D7DFEACA38C,0.28844501691775365
CC_2D836654A121,0.15569963012743934
CC_2D9CDFC6C57E,0.7310724327085611
CC_2DAC67585B03,0.20950370012720199
CC_2DAE338809DE,0.29064091141229625
CC_2DB062A18C75,0.4834277779634032
CC_2DB2C55CF89E,0.7875992021786415
CC_2DBCBF870292,0.03309482867231534
CC_2DCBC03B4FA3,0.7477824093918846
CC_2DD78131B5A1,0.12669174521537885
CC_2DD7BCA75AB9,0.13255034005925068
CC_2DEB49017220,0.08978798359332443
CC_2DF6C71ED372,0.14044318298847094
CC_2DFBFA1A4FE8,0.1504372233923967
CC_2E12A41F7733,0.06993239525772586
CC_2E1A348EB1E6,0.12054394374462357
CC_2E23CB0F6F7B,0.34430244040573077
CC_2E3634587158,0.05697768699016008
CC_2E3F4B14D8DF,0.39810810945536657
CC_2E3FDDBF4F48,0.18020125282409022
CC_2E61C46BC16A,0.16046943072446046
CC_2E62AEB14351,0.2961008635597966
CC_2E6F1C0ADEB8,0.18713422231056792
CC_2E7415FAB62E,0.07648226434626657
CC_2E77F7444FDF,0.03658049056113796
CC_2E78431BE3DB,0.07851085986628367
CC_2E7D44FB8075,0.15974879009978565
CC_2E7D8539BDA6,0.27321134394945484
CC_2E7F248874AA,0.7259921875608837
CC_2E85BB8F3BB5,0.08670407906528318
CC_2E8897E4D9BB,0.24463800971103983
CC_2E8CCDE89E2D,0.2325638019167266
CC_2E927D910813,0.11666949268988291
CC_2E9891F5A2D5,0.13032639839858934
CC_2EA56A7EAC04,0.27003357294739216
CC_2EB45D13B248,0.1281937548698486
CC_2EC924B0EAAE,0.1171238494582507
CC_2ECC248C96B7,0.044705087769622634
CC_2ECF0C98B06D,0.3661676755927721
CC_2ED3F6481454,0.15968801336214833
CC_2EDDF0B40ED8,0.14066641273056957
CC_2EE2A139642B,0.13137257181524756
CC_2EEE072DA301,0.19298000461843035
CC_2EFEBB85DAEB,0.1432286670891645
CC_2F133BEFAA69,0.13825824336648102
CC_2F1AAE3B81F2,0.08293700923808559
CC_2F1BC47CC90E,0.04014229085908171
CC_2F2128FBBDDC,0.16277754978279227
CC_2F3D3342834E,0.06694688724150563
CC_2F42D39F710B,0.6374937645774318
CC_2F4AFE398419,0.6578430312581762
CC_2F4C24B38EE6,0.05343036719633839
CC_2F508C0838A6,0.08817641272222057
CC_2F50EC193942,0.20794513496715245
CC_2F5BD03D4900,0.058763666103917804
CC_2F73AF6728BC,0.041252356645490484
CC_2F7EBEAB9CF2,0.175497285038006
CC_2F9AD2BC25F5,0.06118035041186534
CC_2FA3172ED3FE,0.7008436795302548
CC_2FBEF8808F48,0.15626857886096301
CC_2FC014F0EA3C,0.0952989773631266
CC_2FC3AD2EC986,0.2668593800609714
CC_2FCC82AC097C,0.2867480047716059
CC_2FE2ED7D464E,0.28522274726680136
CC_2FFCC9802D2A,0.19490821380741902
CC_2FFE32627DF8,0.19296092763735587
CC_300BEA90EF3F,0.15124442804976476
CC_3017B64D0364,0.21311238392980253
CC_3017E5E87C94,0.14147511118661366
CC_3028375CC87E,0.7879381050748198
CC_302A48CFCEDA,0.07308761210622669
CC_3031F96196BD,0.36304909161967747
CC_30328ADA0AE8,0.09355249696216897
CC_30451015D913,0.025022354050361465
CC_305D33AC15A9,0.7594210605661741
CC_306015CFB66A,0.15439477848015987
CC_306413849CEA,0.41696652152581465
CC_306EF0BC7CB3,0.025378280105884013
CC_3075C5B861A8,0.10198463747596076
CC_3083D9B76858,0.04253835093446694
CC_3096994A495B,0.21753348593639626
CC_30B106BC1657,0.1752675099634492
CC_30B967417C42,0.20349100601671127
CC_30CABAFF5453,0.08222926058298413
CC_30D68208FB23,0.3513040109224818
CC_30E2A90BACAD,0.1716676818155375
CC_30FFD856443D,0.6336175533976605
CC_311EF26786A8,0.08984901502794113
CC_3129843EADE6,0.7045591545388887
CC_312C34EF683B,0.04695564158670448
CC_31302B64C078,0.1043848637366826
CC_31344A25B569,0.02690553932451111
CC_31397A399AD5,0.06940944487232573
CC_3145B5EAD7AE,0.22174202223383954
CC_3146EE0BF81A,0.13268894790759245
CC_314D02632843,0.3110850252800607
CC_315133406E42,0.24484491403903072
CC_3180D1C6FB7E,0.2379406247629406
CC_31827EE8A968,0.2856693794328254
CC_319BE06CC27F,0.03495408180839297
CC_31A0A97AFFCC,0.47822122813794044
CC_31B22116E36C,0.16447143369827188
CC_31C78D9B6494,0.36652186162128286
CC_31D3FA367B41,0.11827308223951634
CC_31DAAB3E6DA7,0.15685855926426387
CC_31E36F666FB7,0.07865813964640157
CC_31E72EA14FE4,0.10274516984849894
CC_31FC6DC9482C,0.22939642054391735
CC_32076DA6AE23,0.1538307602844402
CC_3209FA12D938,0.3125065566676207
CC_320E17F947CD,0.42454450392089405
CC_3223C706DD92,0.25293449574724225
CC_322EFB2E377D,0.099785273077029
CC_3248EB928073,0.07328765169560025
CC_325D5DC52B1F,0.08888865384115317
CC_32662A6DB78D,0.1727336710428973
CC_328DD3BA068A,0.22703447588012457
CC_328DF7798F91,0.15944278555976096
CC_3295CFEB188B,0.08448544670509826
CC_329DC79286ED,0.7180477086500936
CC_32CB77D55C73,0.13400501846666243
CC_32D129B9E651,0.09868768166845823
CC_32DB12551D37,0.6509362561338792
CC_32F00D77D5CD,0.12010894578622669
CC_32FF5F6892D9,0.21325911716878154
CC_3301EF60877F,0.1351848567582877
CC_330F334BD816,0.11787877225027743
CC_331285B3494C,0.20649553532184944
CC_331364283D5C,0.11324244946951367
CC_331718E0F54F,0.1663183815729371
CC_33194D48FF66,0.07839332970503
CC_331E8B8BCAB8,0.06699632615506375
CC_33254134ABA9,0.7836661553478476
CC_332E42439579,0.0925596060159352
CC_333102AB964C,0.14661828856071388
CC_3338AC0E8112,0.2411945083648498
CC_33656EEDE6F2,0.37204625027168403
CC_336777D934E0,0.4648169664798815
CC_336DBFE464D1,0.5192841721346223
CC_3382BB2F3152,0.14296459467641687
CC_3387207793E4,0.03649156198667324
CC_33992C973839,0.20381899332216796
CC_339C36703675,0.09270736015669875
CC_339CA5814519,0.10003357492636064
CC_33B157F2A921,0.11575241859842908
CC_33BBD10F239D,0.05846786228203072
CC_33D3B12EE56E,0.09953564511556703
CC_33DB68EA27CB,0.08493916172771368
CC_33F0B95E70CE,0.21334996126936456
CC_33F40275D630,0.048608603130514426
CC_33FD5DE22692,0.07751251439998255
CC_340961106343,0.12142252851636363
CC_340BB1F4CEF0,0.1421033227876788
CC_3410B11F1FA3,0.15740729462956082
CC_3424972707B6,0.64557705170352
CC_34452758A645,0.027252253288382718
CC_344D239879D6,0.13345735834415093
CC_34503B6891CE,0.21553240268851184
CC_3451722A3813,0.07064576595946682
CC_34517B513D8E,0.43711383914711
CC_346ECB4CF2F8,0.10887375806277419
CC_3478E8B6B56A,0.059562646491484655
CC_347AFDE16722,0.08088244893013444
CC_347B1A01467F,0.043380124186702125
CC_348AA62FF484,0.2878229351118114
CC_348D3F098A4D,0.08991653668859034
CC_349290E4D0C9,0.1488044098212731
CC_349347D553D1,0.26934847079391866
CC_3495CE27BB05,0.2570154428483476
CC_34B10A654721,0.14766974941830235
CC_34BD2C5130C8,0.12067068614732573
CC_34C433439160,0.057391839080075766
CC_34CA271F73E3,0.3017916012760907
CC_34CEBEA3B15A,0.06735781245638514
CC_34E58CF793A0,0.16633551841062622
CC_34E6909B6027,0.486595416078468
CC_34F4292A8B5C,0.1800722223611657
CC_34F6DD223594,0.04503325835512602
CC_3508A7A5E9EB,0.1476920566074762
CC_35094977DD75,0.14305573437472568
CC_350DE157CE6D,0.16376491360602496
CC_351BD5C2EE8B,0.020931234829621153
CC_35486249EDEF,0.2024161843497838
CC_354C9ABE6DDE,0.06288887166828372
CC_35578162927A,0.11818213728758509
CC_357C3E7518D3,0.7584894698778808
CC_3584C15BF11F,0.03446712527653267
CC_3588C5166872,0.09066752764167195
CC_35A68306B19E,0.24010875387122316
CC_35BFB3093D02,0.04501724777991957
CC_35C085ED37BD,0.5416880983861486
CC_35C695C13279,0.0729150387635676
CC_35D1668A4C13,0.21118354918867838
CC_35D27495E0CB,0.7851555399846109
CC_35D562E1DBE1,0.7080721923363775
CC_35DCDC74A757,0.45729817358155433
CC_35EC2AB1D1EE,0.14606674778649711
CC_35EEB90317B9,0.5906769730700123
CC_361A9EAF7706,0.2925441966614786
CC_361B968FEB98,0.30179345564434734
CC_361C9FA031A7,0.7823671746368823
CC_3620C5D1B3E2,0.06094438805798806
CC_3622D7221940,0.03500498394255236
CC_363175E92F74,0.3216459401043547
CC_3638C9146BFC,0.1515952916275553
CC_3643A4C7EC5C,0.05592143799551734
CC_36690A9AE112,0.7238962038216651
CC_36719170F638,0.08203547507762554
CC_3673466BA7A7,0.08388364602451621
CC_36847054DF52,0.3396441335208555
CC_3691CE792752,0.7486580771091121
CC_36A27FE53743,0.5097820963274524
CC_36A3FB06D1D8,0.7852529412713862
CC_36B0F2AD5413,0.057473043964127085
CC_36B1B7BF5F75,0.19215352806583125
CC_36B68E66951E,0.4579423436796425
CC_36D3F09AD810,0.4182041028168729
CC_36DBD8424220,0.5332090561714395
CC_36E5645D8018,0.08533608239766619
CC_36E6592E4E23,0.17401325440264082
CC_36F143AEC864,0.09336640783017387
CC_36F2A735DF73,0.18730864527043192
CC_36F81C003E8F,0.036914531704075895
CC_36FCD55EE425,0.5324680546089645
CC_3701D5DB7FA1,0.08031900512458615
CC_3706E1EB2587,0.5627096758778792
CC_370E0F8EF86F,0.5802513719127189
CC_371D47444D5B,0.7117648082710797
CC_372CFE308EA4,0.6398093914853717
CC_3731D90357A6,0.24246341254174142
CC_37322F66C543,0.03231043974820295
CC_373539DE38C5,0.13259527035869817
CC_375225700242,0.32991375501797604
CC_3762D0B6F3C2,0.12150676482965139
CC_377A277E831A,0.149452655818164
CC_377B6066B91B,0.2929527252129719
CC_378D71726B5E,0.07712271116126962
CC_37A46BD0DCBF,0.04113576102058744
CC_37B447368F02,0.7257781176566459
CC_37BFDFE369A3,0.2103122314623957
CC_37D09FE492BD,0.07220303870955155
CC_37D3F4C07235,0.2990674441830336
CC_37DDACE48E3C,0.13020247480307626
CC_37DEF85C0A37,0.3094678333484573
CC_38020CED9EEF,0.07876695051838097
CC_382207621EC5,0.8009548023467894
CC_38374AB27F95,0.0760918319557148
CC_383A5544DD5C,0.13695113225935857
CC_383C129A5B96,0.22837822459782342
CC_3847AAA649C7,0.11668186168204477
CC_3849D992C1E3,0.08090392217502679
CC_384BB17F0F0B,0.6430583083336986
CC_3851177E5E76,0.07796084049223947
CC_3862F88850B8,0.2947192014285607
CC_3867CFCFCC94,0.2530194670275131
CC_3872ED018F85,0.1738487567819501
CC_3881A587C072,0.13205157590655783
CC_3882F8EB5EEB,0.6259382341698282
CC_38911341EA6C,0.08155296167880474
CC_389E5B71E254,0.6379699220457357
CC_38A0DBCD3728,0.07213323720588201
CC_38B3E9142747,0.09702924772277793
CC_38C1B8860300,0.050466616824423785
CC_38C8CF250B60,0.028475275358124857
CC_38D32B790B4A,0.1433801445018696
CC_38EB304A9915,0.17961588339353945
CC_38F26461C872,0.7799880416647975
CC_38F942257E28,0.5248533416517942
CC_38FA5D78A8A7,0.05261383566786136
CC_3903D7BCCA95,0.06447423914854501
CC_39043D7ED04D,0.1904349113436385
CC_39098B256732,0.06072989285086961
CC_3909A2E4C679,0.1359907749932507
CC_392344DF8D55,0.32359845291645495
CC_392628C8AD47,0.10259877507874712
CC_39285F4C42BF,0.39451996585386384
CC_392A376EA1A2,0.09117955817693023
CC_3932E086F150,0.17955984249595555
CC_393D1D3640D0,0.06532194359963393
CC_3943B3490B49,0.6909959845455464
CC_394DE164DBCD,0.14273048833660013
CC_395600E84A54,0.1356113799519866
CC_395D181A7E1F,0.10517329474419737
CC_395E8CACC437,0.13249472536076295
CC_39635AC6A70E,0.0588165848603913
CC_3969352E3ABC,0.09259634184296356
CC_3985C0DF9CB5,0.5427571809625811
CC_3989F2C6A9F8,0.21134470700288993
CC_39A82672A1B2,0.07602231848090749
CC_39AA15DAE17D,0.6259871075507686
CC_39AA2A3D98CC,0.030193028465227166
CC_39AC257B00C5,0.10416700113419675
CC_39ACC63CDAEE,0.12103559522974441
CC_39CE40784C2C,0.1943496314135686
CC_39E1A306D418,0.13725821625727022
CC_39F2B11C46D7,0.08914162641087522
CC_3A10F5F50A27,0.047527804888851645
CC_3A27CF9D162A,0.5814880907357013
CC_3A297424A7F7,0.11201370108127999
CC_3A39F7930BF3,0.09070061333229394
CC_3A57566F9977,0.5890136322070376
CC_3A61121254E6,0.04574985248046332
CC_3A81C568A7F8,0.19356366250027915
CC_3A82E7050A4D,0.03735667560998638
CC_3A860AADE6CE,0.15536884921056254
CC_3A8B3FC29C9E,0.12905093240201265
CC_3A8E9056A5A2,0.09696530380565964
CC_3A9617A5777D,0.4451662893988467
CC_3A99D25777CD,0.14549286671644832
CC_3AA9E8D01340,0.5523604725478347
CC_3AAEFC09C290,0.7325954912838942
CC_3AB5E579843E,0.26855433564678155
CC_3AB77A30AD40,0.18828534085434379
CC_3AB7BA36A414,0.32928048274847865
CC_3ABA830A5BB2,0.11929705260155316
CC_3ADDDA550A57,0.0964832970893661
CC_3AE7B1151DC9,0.13035912140127418
CC_3AE9A209EE00,0.041670048226522725
CC_3B06FCD75C98,0.05710037509189344
CC_3B0722FB5E8E,0.31354036035790844
CC_3B1C51DD7429,0.1747593584427126
CC_3B1F4696D710,0.6397190776007737
CC_3B224413A072,0.2723219532425051
CC_3B35C3783CCD,0.2610489195859955
CC_3B3626F3DF9F,0.23607604444303507
CC_3B4405C7E486,0.5502665408971132
CC_3B4C4A9C9D99,0.24926510056589082
CC_3B72F0E9E3F8,0.2248013286798735
CC_3BB02A95C6C1,0.7272693288296705
CC_3BB8B675C2BC,0.35789728212033556
CC_3BC51B069218,0.09883480112468529
CC_3BCA5BD201AC,0.16661686096366812
CC_3BCAC9793441,0.31964077986373785
CC_3BCBC867AC4A,0.0376882246111189
CC_3BE51412ABE7,0.4131926468060207
CC_3BEA98B401CD,0.6823470219250937
CC_3BED6DF1ABF1,0.16730974786519376
CC_3BF0BF7CF827,0.8055987721234346
CC_3BF110035599,0.6175817796509613
CC_3BF213810DEE,0.6693053661250601
CC_3BF21CA88D3C,0.4442608818613575
CC_3C0E29764C71,0.054454792135204315
CC_3C19509D4636,0.15799674642923892
CC_3C1B038BB068,0.16255311325216168
CC_3C594CADCA2E,0.19970745811737622
CC_3C5D909498F7,0.6393373894376497
CC_3C68D5179A01,0.11674802196417816
CC_3C83955704BA,0.78096324866939
CC_3C93218F41B2,0.2737603449063283
CC_3C9CFC8FB4D1,0.7038834801410855
CC_3CA266EB55BE,0.11686807159127856
CC_3CE49C937F7C,0.08789949762961802
CC_3CEEB9C04F0B,0.38471284865238875
CC_3CF504AD4DD9,0.0706456243584755
CC_3D1092DBC5C2,0.22244687009062852
CC_3D185833E7BB,0.04047758746906739
CC_3D2309981121,0.3331957731169314
CC_3D27A0086AA6,0.20254237189920207
CC_3D3BE7D0F4D8,0.12795443730291278
CC_3D412B5EA919,0.08697163432196418
CC_3D47650C6F30,0.0649419970720766
CC_3D55D1FD8457,0.05339531627684878
CC_3D599501BA76,0.07453139532114349
CC_3D6181EE3C87,0.6660308370149173
CC_3D65CC165F44,0.14218460513571726
CC_3D6CF6DB8014,0.3853625779887696
CC_3D7C14801D40,0.18730077934213102
CC_3D836BDBF866,0.6653050827035906
CC_3D8DF3A3DB71,0.7641961471545694
CC_3D9309851089,0.18189517739249159
CC_3D9ECB4274C3,0.11151767921908584
CC_3DC8A9A92802,0.31689298385716225
CC_3DDD3813D1D4,0.08994538112231382
CC_3DF3FFB3CFC7,0.1085705051934635
CC_3DF88701601B,0.15241689420048782
CC_3DF91A482CFD,0.32801297831346954
CC_3DFD6349D046,0.6486148399654512
CC_3E0D54125AE0,0.17452971314757282
CC_3E10CFE1DD57,0.04500799903765056
CC_3E13CB98572B,0.14361980569713922
CC_3E142C8ACA6F,0.09467935851166755
CC_3E1BAC4E5B90,0.0687339330801104
CC_3E2DD0D1E2D8,0.15026844325605185
CC_3E403BF08A45,0.10074314337696427
CC_3E46368104AE,0.09631110445725341
CC_3E48A086B5C7,0.2302919628410393
CC_3E54451B0F6D,0.08809058647981251
CC_3E6335ED3F4F,0.07659749020288467
CC_3E87A65C50A5,0.14703235196977343
CC_3E91109E2090,0.05920035095627485
CC_3E92A1EDA618,0.25000692254463974
CC_3E94684FE270,0.41467493840713937
CC_3E9DB402F352,0.15569720212025545
CC_3EB5A15A6C04,0.8031144459156521
CC_3EB8A9A6C49D,0.09838344377637002
CC_3EC96BC884F2,0.12201163275663948
CC_3ECA9E44B90F,0.28892421013235325
CC_3ECE4EF16A44,0.15419798781468103
CC_3EDDB8E70F57,0.20124540448216172
CC_3EDF137D0E1C,0.14065133756643616
CC_3EEEE844410D,0.365944866864869
CC_3EF4F348C967,0.11814548995626319
CC_3EF91DD11A81,0.1408013981516873
CC_3F08C55E7A40,0.21108964520196022
CC_3F171CED0CFA,0.02498843154385634
CC_3F2544EFA753,0.14061887535280643
CC_3F28F3286CCA,0.07060453101205329
CC_3F379CB37B0D,0.17828670382505124
CC_3F42D798AB1D,0.6516375219428023
CC_3F48724540D5,0.16534347113999584
CC_3F68068E2D5E,0.11083758279092794
CC_3F7FBE71B77F,0.058572615581319
CC_3F80017B8599,0.04476088019226525
CC_3F8B17953200,0.06426382072852964
CC_3F964BADC4BC,0.7578619935551874
CC_3F9767602FCB,0.20090193638108877
CC_3FA84F0B23CE,0.04604776322022313
CC_3FB4B189143F,0.13916165311628925
CC_3FB7C976EB26,0.46479494221267226
CC_3FBCEB2F36D5,0.1285652188341173
CC_3FC4FE843245,0.11996619352637262
CC_3FD52E32FE8B,0.671397080451775
CC_3FDB44EC6254,0.054012291203734755
CC_3FEFBD6DC62F,0.23726049321380216
CC_4005466D00ED,0.3298525522540183
CC_40095FFBC1A2,0.05867194623415754
CC_400F1887A662,0.11753634544721793
CC_40133FF3069C,0.08893904877634393
CC_401C6F0EED5A,0.11740764280763101
CC_4021AD03FA01,0.1278468715955699
CC_402E91F3A56C,0.12086268122455908
CC_403754B6988D,0.1097004709334598
CC_4052DFCB1656,0.21947480948000808
CC_40579C5C13D5,0.8154249214318444
CC_406937FF97E7,0.07685028838835435
CC_406C4233347A,0.17215415336998033
CC_4073E42E11E4,0.28929702165841714
CC_4077BB12A5F4,0.09914693038709127
CC_4077DD5B5C4F,0.11072876282106779
CC_40824D899215,0.07770531733097455
CC_408D79189FBF,0.322347126772358
CC_40A3F1D5EA0F,0.3538237101180465
CC_40A852A592FB,0.12178202640060759
CC_40AADA91D560,0.21158338550283673
CC_40B39CB2CC58,0.030432632586669124
CC_40CE2030F058,0.06100988588617465
CC_40EA2F8481E8,0.17185094062466638
CC_40EFD7778F98,0.15426773734549015
CC_40F278D49681,0.27207789799799176
CC_40FFCF631F19,0.3849468865566807
CC_4101D1B82788,0.2006744358090446
CC_4109B79A4B06,0.03556861392584497
CC_4119348F051A,0.10439230036481759
CC_41206EE45803,0.07164900177320573
CC_412DF740DA62,0.13869905987646924
CC_413AB4CA7451,0.1062496936540348
CC_414C06C60FF7,0.7200332405961587
CC_414F50748A51,0.05227337040664519
CC_415C65EA66AA,0.04917235059810106
CC_415CED95F7CA,0.1358414185780196
CC_416584250060,0.10114438261351966
CC_416B3A1F0F0B,0.10070567527571403
CC_41735021FC7A,0.1752816810677981
CC_417858CD20F4,0.09207219683573753
CC_41902EFB3974,0.038980696847672316
CC_41A27790EFBF,0.12598065452648521
CC_41A4A223F39D,0.11375738709397751
CC_41B464757ED6,0.1366277276675903
CC_41D1A87E1136,0.4406083148911476
CC_420FE297808E,0.03977214066206504
CC_4211096D5588,0.1403210407157915
CC_421F4D78128B,0.4469547573848899
CC_422F2780C85A,0.3224011333440672
CC_423B0296BE24,0.07164780243005697
CC_423E78000AA5,0.1500093300093338
CC_4246081DD359,0.09103749886582022
CC_4249EDF2FDCC,0.8030765457082478
CC_42568C67F412,0.3562127768003639
CC_426A25EA9E21,0.7402033801115122
CC_427ECDDEECE6,0.29033029879343686
CC_4289EEC8F0A2,0.17990970637645295
CC_429A7158AD07,0.1466646651408965
CC_429C51AE729D,0.03844901822263802
CC_42A0DE1E5E80,0.07625509269900554
CC_42A7D0F5388F,0.10091426868649156
CC_42B23C8C9F66,0.19774914086942522
CC_42BD3999AC3E,0.2717484450606262
CC_42C95B199130,0.40523643236852713
CC_42CD6CE97523,0.4290956197208322
CC_42DA114F12A2,0.24256993440694835
CC_42E2736AA331,0.20526634259472476
CC_42EA825C351B,0.4457755643029042
CC_42F1B2B4D258,0.583948861888332
CC_42F4588EB38D,0.29240101095181315
CC_431F29A12E99,0.23232158010909537
CC_432EB78A198D,0.23460624855826667
CC_43383344BC72,0.17991326547147268
CC_4339187DD10A,0.05810928184940703
CC_4344A2E7EA1F,0.5009400683664
CC_4347468ABE51,0.5719731637516487
CC_434894BC2577,0.044366260750597866
CC_4362DB93FC92,0.09583097789539255
CC_436850DDC704,0.13364487032912378
CC_43698E2EEA0A,0.10347432893021556
CC_4387F73F131E,0.1461499521014161
CC_43A33C994C70,0.3392529474975238
CC_43ACD82B5514,0.2912581781883626
CC_43B37131B8FA,0.20127863976964208
CC_43BFCAF8BD20,0.15641790715062195
CC_43C060E01266,0.207983291877749
CC_43C41AF27375,0.05399266707365091
CC_43C5AFA48B93,0.06585533705727413
CC_43C767A44C55,0.2030327290878005
CC_43DECAB53552,0.04245724720271343
CC_43E6D931158D,0.35784639677872143
CC_43E9F88019F8,0.05338920028691524
CC_43EBD6EBD675,0.0700361809358838
CC_43F81C577002,0.3226880957501965
CC_443C4E041687,0.07666820718558975
CC_443F63BF238A,0.09479345799699733
CC_4463776F9AA1,0.08581038776799346
CC_446F1EDF03C8,0.054070807944621435
CC_447BAD4F7820,0.8338210198356284
CC_447D02F917B5,0.05391216105095149
CC_447E705746E2,0.16231063424379305
CC_44A017104F93,0.6571456098117506
CC_44A1E58CDBC0,0.046702589396868256
CC_44ABCC04C418,0.07521592412610473
CC_44BF6BCCFC2E,0.046159979994220786
CC_44D0671A3B87,0.12365786601708387
CC_44DBEE3A7D81,0.1901646042479742
CC_44F7DD6A88A1,0.2044329366188566
CC_45080C42280D,0.18851519431301678
CC_4524AD74135F,0.44469009389159075
CC_45262103231F,0.18911198655066094
CC_452D8C5D039C,0.7975188065177091
CC_452DECDBC90F,0.06378628892204422
CC_453C9B3A5992,0.46321581699102227
CC_4542AACA1FE4,0.10170723544378706
CC_455209549D3B,0.8062958837577086
CC_4555C804C4D0,0.06598517717809546
CC_4581E4190B2E,0.10863361677091252
CC_458912F91D6F,0.40540313945264467
CC_45913E1BE65C,0.3257604064144542
CC_4594791FB40D,0.11335867008164324
CC_459B49073E2C,0.3587944721185936
CC_459EA8E0E2EF,0.13145059449231355
CC_45A4A38557E9,0.13403819706666298
CC_45ACE2B1DB6F,0.058567421080078834
CC_45C1A92F0E8D,0.09901049363194026
CC_45D0673EDD20,0.16036917268991138
CC_45D70DC84DA0,0.13534317772090082
CC_45D96479EC1E,0.06112007255347679
CC_45E8597BF74E,0.06296179770168857
CC_45E97246F83A,0.2922330564835063
CC_45EC44761309,0.14294547763136514
CC_4603A6F83E2A,0.06708396650820529
CC_46045CEE8330,0.05585392756846984
CC_464E17187A4E,0.4224299066955385
CC_4659FB4B8536,0.1432638821513441
CC_465EF4F9B68F,0.1523880475575198
CC_4663FDE62E3A,0.2884902078816394
CC_466D54BE0809,0.07392451639957053
CC_466ED9BD34B5,0.07035957214462368
CC_466F7908E13D,0.19670960980204838
CC_4695A5525A11,0.2121599012975663
CC_46BBB8A4854A,0.04931068955588265
CC_46BC61EC8F2E,0.19994900139667598
CC_46C0DFA660B0,0.12010572337249595
CC_46C2DCF84CA0,0.10188654430661609
CC_46C38B9F0D8E,0.09399438858120672
CC_46CAB9AE7C87,0.5051268444309753
CC_46D0D1ADEA59,0.17418054683390655
CC_46DFC1AA0821,0.7946121598963796
CC_46ECA5976180,0.12883684488434816
CC_46F5F6D27991,0.08558883683957963
CC_46FE9F226120,0.2222969478064464
CC_47130CC63FC5,0.17903829480751626
CC_472330768F5F,0.08401897365830503
CC_47292EBB8BD1,0.12891713177050568
CC_4734AB1281DA,0.061966527587653336
CC_473989E6BA47,0.2938786525359718
CC_473AE07014DC,0.170242639582757
CC_4741EF45C3DB,0.2223060363515033
CC_474586BE49EB,0.147591181562164
CC_47490BF44944,0.3109046993789406
CC_477213DAED38,0.07881648545438835
CC_4778086276B7,0.15165641001747426
CC_47910B073CF3,0.19350386034880293
CC_47939776FDF6,0.7122889173808298
CC_4796F6A64420,0.06667916631342866
CC_4798549B52ED,0.3125536822776906
CC_47A3714E7D2E,0.3050580184913054
CC_47CE219EBAAD,0.1726262251416946
CC_47CF9074E03E,0.16534231124157361
CC_47E4537A53FD,0.160197666691637
CC_47E8BC938FA1,0.14477018378480588
CC_47F134D17818,0.13297753406111762
CC_4812FBE05C7C,0.34383012355856196
CC_48152725FAB1,0.5395048027264077
CC_482256495FAD,0.6998661732477109
CC_4829FF15D21E,0.14205676656930588
CC_482D26D81935,0.630572190477546
CC_4838990A8D02,0.05558841190705181
CC_4862EA9CD1DD,0.04829674733492783
CC_4862F8C1B0AC,0.08136571111212218
CC_486CD67D26CF,0.16918428863618867
CC_486D8F9AE549,0.33895742843558563
CC_4877D1BDB737,0.11351039496334678
CC_4885E34F0B26,0.13023202159623692
CC_48928CA8082E,0.155763779970845
CC_48A74FF0E6C5,0.08540365935167125
CC_48E0791DDD62,0.07875995751632615
CC_48F620B6A472,0.09876283562318525
CC_48FDBB1D7493,0.13462132353611755
CC_4910EC928152,0.1341077364521659
CC_491C18C17767,0.05860454695052497
CC_492F65EF8D9D,0.7929727051945017
CC_493DDD53B97E,0.0562533344506955
CC_495F82AA5B9B,0.16302445515
CC_49618412FF86,0.08083204879968309
CC_496A7CFA344D,0.7749823815814957
CC_4983EBABAE3F,0.06525273581067206
CC_4992C1915957,0.5488950490788668
CC_4993B31028A7,0.07909293829991378
CC_49945441A644,0.16510894766225942
CC_49A80692BC68,0.10786043499734932
CC_49AB67613A58,0.1659138351011166
CC_49B05CADDD95,0.5471743572426141
CC_49C6F9AD111E,0.09234616658623568
CC_49CEB94F0B3B,0.03909379126778
CC_49D3A79B55CD,0.07361104630140582
CC_49D6671DAE8E,0.11859839389035
CC_49E6C539B1CF,0.057861083140754214
CC_49EEDF0DA684,0.03247013824172816
CC_49FC290E33A7,0.18256198329899923
CC_4A01CF2F67D2,0.7368917501879341
CC_4A16DC668832,0.5179648785278187
CC_4A212461781C,0.07157149064147587
CC_4A237A8E6706,0.14801427038895007
CC_4A3DFA0E27A4,0.12288825118001666
CC_4A513D39DCE3,0.046856545190198697
CC_4A532B0E6165,0.1643772294879367
CC_4A5FA9F1C804,0.09639707737819134
CC_4A7BDEC665FF,0.06262848568595994
CC_4A7FC9B23222,0.32202249406980943
CC_4A8A7080FA25,0.26542621689669743
CC_4A8EFD589879,0.05869969841814246
CC_4A8F7D2B857C,0.1658389721135222
CC_4A91E8D4289D,0.38723173529387034
CC_4A93163A12F4,0.32183289159591644
CC_4A9FEF48EA65,0.116672637343741
CC_4AA73D751AA5,0.31949843203551037
CC_4AAED0C85F70,0.14104924878866565
CC_4AB1DEF044AA,0.038532148090749896
CC_4AB5AE299217,0.2212896910260965
CC_4ABA0CDC2270,0.19814628399276707
CC_4ACFFC2F295F,0.5959763138965295
CC_4B0490BAB1B9,0.07609579596264346
CC_4B28B03CEFEA,0.09079096320857946
CC_4B420765EB9A,0.11668613922065255
CC_4B47C16D9867,0.11521044947473133
CC_4B494C4D7D03,0.41857361671861715
CC_4B4C84B015C2,0.04220897739174903
CC_4B607295E983,0.04222650581448764
CC_4B6D24E81483,0.057445406487144635
CC_4B77AF6FAF2B,0.6693400438799055
CC_4B7EC3F2FFBA,0.061355942865034804
CC_4B85318DFA50,0.13143515090308164
CC_4B9B36B36DA5,0.7535749289544271
CC_4B9E0AD5D692,0.529862500342469
CC_4BA041C9678C,0.12456620260911644
CC_4BB40F2129A6,0.11010010352895794
CC_4BB8FD274E2A,0.05023759377808545
CC_4BBB8118FBBB,0.15061259726959533
CC_4BC8CB91719F,0.13286278108900487
CC_4BE447D54BB8,0.17429231513887633
CC_4BE85B1BDB62,0.3334088954980408
CC_4BEF3C7F6395,0.25014228443067
CC_4BF03FF61B97,0.4237778822360768
CC_4BF4C38EAE8D,0.226436721080349
CC_4BF95B8140C8,0.08672792008829786
CC_4BFE0CB61B5A,0.41937172739478024
CC_4C2A3F254101,0.349493328240009
CC_4C351DEB6230,0.21919871158474097
CC_4C38031A2A9E,0.10150107798561257
CC_4C3E35875F03,0.09699748906472545
CC_4C4D79F933B2,0.11637703135602166
CC_4C56497F4AB0,0.620850265562336
CC_4C827B493CFD,0.23084242628630847
CC_4C849C6073AF,0.12199367033650022
CC_4C869E6F618A,0.14820302998026158
CC_4CA21C15763D,0.1275809294835768
CC_4CB2F1CAE684,0.12267266640924596
CC_4CC0265E0778,0.052109488445485894
CC_4CC5483903E9,0.5350194734313134
CC_4CD7C76FE235,0.44044090072172326
CC_4CE2BFED4F4C,0.07461439389346378
CC_4CE751CB58FA,0.4182975108801104
CC_4CF3E184C500,0.041463554557239116
CC_4CF668E60D64,0.2671854061378527
CC_4D1A1AF53E18,0.03755590469269165
CC_4D29155FCF33,0.20846384988425573
CC_4D2CC7618AC2,0.5577008378982696
CC_4D350FF7402B,0.33899579422052095
CC_4D38AE84E3CB,0.17411586029236767
CC_4D4140E1056D,0.08699504634036483
CC_4D5545FAB130,0.5063458725689447
CC_4D55E218946E,0.07805729750570631
CC_4D5E14BD6AFA,0.09627611602890071
CC_4D78935D66E9,0.05977358563621386
CC_4D883AAAC6C9,0.030030796556543567
CC_4D8D8108C51E,0.6321707109419097
CC_4DB40331777A,0.8017498721204825
CC_4DBC8652D26F,0.0962516317945891
CC_4DC0E154EBB0,0.7085139456935452
CC_4DD5B8780C4C,0.10181536026066534
CC_4DE0070FF683,0.11348318197453941
CC_4DE688CDBC27,0.09365147804075735
CC_4DF37857FCEF,0.06437337283708508
CC_4E20F0249BC6,0.7637023420866373
CC_4E2F01B7B9EE,0.16631701631991108
CC_4E41C247B4E5,0.14777678232572888
CC_4E479F6989A1,0.05924025050126942
CC_4E48AF17BC29,0.08248507367184678
CC_4E6BE67E3C4F,0.04036798124634898
CC_4E70939C5933,0.47831301385585934
CC_4E70FB172717,0.18505175587056955
CC_4E726EE8C026,0.2080149255195683
CC_4E76F48DFDEF,0.09594082736410377
CC_4EA180B2B913,0.0325008747910173
CC_4EA67A160C3E,0.6098290283662798
CC_4EE41FC91AD2,0.19934180585314887
CC_4EFECC6C2E36,0.6570720753055204
CC_4F22CB97C34F,0.03701326290726621
CC_4F2444DC6C75,0.8044624347381564
CC_4F2B7F512DD5,0.07268010164066774
CC_4F504A9744FB,0.11052457063354379
CC_4F6FEE589187,0.14855824818556917
CC_4F71AAF96C32,0.09378288429396475
CC_4F76E57C55EF,0.36200122783124644
CC_4F88D3E5AA2E,0.03736993114235506
CC_4F8A4384F6DE,0.12853146890386868
CC_4F8D83DCCF25,0.22596901834797503
CC_4F956AA47816,0.7105105916898747
CC_4F99FCEA10E8,0.11476494860639232
CC_4F9F10A183F6,0.07740951367076229
CC_4FA766935F14,0.11689371470413465
CC_4FB0B9E398F2,0.3258377497031345
CC_4FD0DF6CA3AA,0.044353997513813345
CC_4FD902F7ADEC,0.08254305373310204
CC_4FF1155E3A6B,0.40713073136154454
CC_50103368F241,0.07795517627860091
CC_5012B9991935,0.09980266807470825
CC_50172FF2C2C1,0.11902672474285589
CC_5017C9BA7773,0.05409820806914829
CC_502C3D0EC4CA,0.13790230776528428
CC_504157951119,0.047330344876870954
CC_5042938B5A9A,0.4459456450887839
CC_504A57293FE4,0.8154232587824382
CC_505812CFE43B,0.35513638129360037
CC_505A6EB06E39,0.34588245431056686
CC_5064CCE0EF29,0.23853329642754711
CC_507BDF639FB5,0.17340272758050926
CC_507E53684AB6,0.14310859245936497
CC_5087A0D1765D,0.264198578343678
CC_509229AEC221,0.2082348509884655
CC_5092D3A72B03,0.25044557337997797
CC_5092DF691F74,0.4659227261280542
CC_5094BB59416F,0.2100348751952295
CC_509926B384D8,0.7523657801161859
CC_50A6C96DA7D3,0.04543909824695057
CC_50AE75A10F3B,0.2912818460529366
CC_50D4BB93EB1A,0.07134510846027774
CC_50DF7B02E356,0.19627362347264787
CC_50EB53CFE7F8,0.05350281371470463
CC_50FC7D563CE4,0.16724971945468792
CC_5100E6EAA3FF,0.20581793680587324
CC_510F2944B2A0,0.13655545071518302
CC_5128881AAD54,0.1559486594599208
CC_5138941DB7A2,0.1254182224614121
CC_5139EF8BEAFB,0.14406862228918735
CC_513E5EEC6B04,0.1163674849370909
CC_51427EF15375,0.2815885724336355
CC_5147B281DA64,0.3828779001507843
CC_515D968ED36E,0.08263706221954883
CC_5176FF858154,0.10515581497464761
CC_517CB40FB016,0.07515378545620954
CC_51884D5F3E4D,0.11010473980145077
CC_51AE98263438,0.14053415448294393
CC_51C9CE782368,0.18215936703541347
CC_51CC80D1570F,0.05434723199311463
CC_51D2E3476902,0.06866521375621613
CC_51E05E706D64,0.1247449902580192
CC_51E5A5E9801C,0.05060167322907415
CC_51F5DA44F9A0,0.3636754547613259
CC_51F6BDD355F4,0.046103382335561466
CC_51FE657FE212,0.08746789026040883
CC_520950C9BAA3,0.056372430680403346
CC_520B1D31AB99,0.11156852576791101
CC_522550E1761D,0.7682781596049348
CC_524CD519E76B,0.08232262314469525
CC_524FE9E3DAD3,0.42452030440591393
CC_52629A025048,0.12330151728492725
CC_526765FC100C,0.2293006285889821
CC_526E56249FFA,0.2842111361088371
CC_528B42A34966,0.2718100811083455
CC_5292B36E4882,0.2362726141385072
CC_529A2F110236,0.13370507061161316
CC_529BC4ADAD6A,0.2089539381247536
CC_52C1C5A6F887,0.09074711200421406
CC_52C3B674FDFD,0.21400414278535404
CC_52CCBB8F9964,0.08123522821631574
CC_52D21FFA24DE,0.7436416245130082
CC_52D32EDBAA78,0.19488480240600936
CC_52D7821A8363,0.13339889250964693
CC_52D9087EBCD6,0.7954309701496675
CC_52DD62E1AC2E,0.200258621977822
CC_52E8B04F0FA0,0.1404631463816578
CC_52E965E9E2C3,0.14736938823565401
CC_530BA492842A,0.3029049567432087
CC_530F6E906D6B,0.041053085009579666
CC_531FCFBE3B13,0.09272031349614882
CC_5320DFEAD897,0.17584048885432654
CC_53319AE7B829,0.6470053001085405
CC_53481151859F,0.04281214063073478
CC_534D4FC05F82,0.18804738875857008
CC_53687DA8C9E5,0.35008812588511523
CC_53795A7B7751,0.04772738015371637
CC_538328A6B3BA,0.43622071851722716
CC_5385266461B1,0.1873989478953138
CC_53891CB35BF8,0.1587464290485114
CC_53A6E1083B13,0.06198633889362404
CC_53A77DA726A4,0.06660498469063413
CC_53ADBC2F6E34,0.2390207683204627
CC_53B249809561,0.09456064879187406
CC_53B2DF5B019C,0.05402078042448248
CC_53C1F3E031A3,0.1736934722162632
CC_53CBF2E8AD05,0.3761574127010306
CC_53D04793ED9D,0.07696567102985669
CC_53E23A9B6F74,0.06086496178210969
CC_53EB59C99100,0.4258935855653445
CC_53EB9AC04311,0.1194668815676161
CC_53EC732C9B30,0.030734730118612726
CC_540122E71534,0.12597965028456934
CC_5405C89DF8BD,0.7034441442794983
CC_540D69F5BA23,0.13325514161259516
CC_5414446319CC,0.7043343091149569
CC_5418410F95A2,0.08523086026216531
CC_5431A01C30E4,0.08664258166806058
CC_5452437FC605,0.3771552423323994
CC_5452979BF98D,0.06066611676447192
CC_546EE83F84A4,0.5017010214734299
CC_5473268241FC,0.15530169225359575
CC_5474EE64D859,0.28214358627606995
CC_5476E2B2FCA0,0.12727881449984865
CC_54892024F98D,0.189759783386296
CC_54B33C66DCF7,0.09066210552454364
CC_54CF66B660B4,0.4446253550873131
CC_54D3A35EC69F,0.07248452677413142
CC_54D6AE2665AA,0.09506213688359441
CC_54D93974E62F,0.32030003224455006
CC_54F5F552A0F2,0.12745304526234227
CC_54FC3B361BDA,0.09404407103334639
CC_550135E8FAC6,0.14206823930783505
CC_55020AD0D117,0.14068381733630397
CC_55094AF7EFEF,0.10409237332653445
CC_55126E23462E,0.03315510517435158
CC_554C21CCAF3E,0.11264401062741121
CC_554C912C7DBE,0.061435145856335076
CC_556B02A2B401,0.26776944434418
CC_557A0B0CD0F4,0.19427790958668228
CC_559A14E729EB,0.3103461907728775
CC_559F0DD4E4A7,0.29380271352833753
CC_55A82B4E57F6,0.14411485281809616
CC_55A98ABE4C75,0.14013923038498136
CC_55A9D45EA466,0.03855944681604529
CC_55CB872FF50B,0.2582607504882336
CC_55D9E3D58435,0.19002791612760203
CC_55DFF3C3BB46,0.07826613565549495
CC_55EDC3996984,0.17794295845914165
CC_56013299D8C5,0.10218815469285619
CC_560B519C1F50,0.08249381245562179
CC_560CABF0F5D0,0.21852806107374867
CC_56178AD87948,0.24602608314649255
CC_5619A7BB54EA,0.11014386964679382
CC_5624319D7B28,0.11158267584353643
CC_5625119D6C37,0.20731174350851111
CC_562BE7245E1B,0.7095416920406099
CC_563684010DF5,0.6077147986873449
CC_563EA9A29338,0.11455745624988237
CC_564590AFB575,0.0339853381569849
CC_565E01191BF6,0.6145456582698994
CC_56612A039382,0.05905556626106964
CC_5665FB827721,0.5605449276657858
CC_566932C3CC97,0.10079002816622487
CC_5671D59B2A51,0.12407188654304602
CC_567E7DD24A97,0.09046149932696865
CC_567F47F37683,0.04099976389345296
CC_56847A91065C,0.09084100693623047
CC_5698480F8634,0.051892613585831596
CC_5698B024CECC,0.5857164951353566
CC_569DC051A2EA,0.1120254170029035
CC_56A322152604,0.3328500749229269
CC_56BFD9A8335D,0.3419973309449234
CC_56C9379BADB6,0.03335626995548491
CC_56D410FD8F56,0.3854029571002259
CC_56D4549919EA,0.1824985754926597
CC_56D918CA6353,0.1252120338002311
CC_56DB30CE666D,0.1729517394925965
CC_56E760C3206D,0.23321600892255534
CC_56F73F905615,0.831477671596761
CC_570683C088DB,0.14718823656770488
CC_571C6AFD00ED,0.3486044621557045
CC_5725663C3B89,0.11514772572568494
CC_57291D7667C8,0.146505338546941
CC_57313F6E7927,0.18500094078021376
CC_5735F9B859AF,0.6414205427685633
CC_573B34826B2B,0.6649902450008787
CC_5744447CAF7A,0.061485956838776105
CC_574CC0FC7B05,0.10171922999964045
CC_5759E2982909,0.06572321414972537
CC_575CCCCDD7B6,0.6188920850250486
CC_57603A37D19F,0.03946074173910742
CC_57639D4995CF,0.21380915017022473
CC_576E6676FD55,0.0683124615921856
CC_5775C148E05C,0.10758430524624471
CC_5798E560E9F3,0.7592320937139609
CC_57A486F61065,0.5498550594593192
CC_57A726458B99,0.05792728706733577
CC_57B0D41BD7D3,0.35799120708856713
CC_57B501E60C35,0.07625928990797402
CC_57CA90509CB1,0.745511949319416
CC_57CB7673547B,0.06555471155851753
CC_57DE479CB61A,0.7391507696953261
CC_57E7F1A6B895,0.03113540723669036
CC_57F13C4115FA,0.33632517430318243
CC_57F480CA9A42,0.08153677412662548
CC_57FDFC6DE726,0.28642974240421565
CC_5810468B76BE,0.14377333850063154
CC_5810F212B2EE,0.3000084020706411
CC_5817759E7007,0.13792894706320005
CC_5818B5089B3C,0.11181542699751926
CC_582C78363EB6,0.08645578074381038
CC_58391600720C,0.13045058500846543
CC_583D7B177F85,0.07669127323611129
CC_584C11014F63,0.13180522078311283
CC_584CDC12578D,0.06174068232767257
CC_5852F443C55D,0.08112372025738379
CC_58565AF0F70A,0.5417064966723991
CC_58568DF9AECF,0.19084931801825178
CC_5859EE6309D5,0.46276539877143874
CC_5872B45E1C19,0.7631469641972957
CC_58797A417EEA,0.21815736212096742
CC_587A4844B482,0.19879075408993496
CC_587C0CC3DD82,0.6576856449752273
CC_5881A04052CE,0.0889151740556956
CC_589A4E02EF81,0.13471134116911504
CC_58AB46E5655E,0.1500517974564209
CC_58B0CFC9F3D2,0.0582336267305667
CC_58BEFDA6B4C6,0.12358961394335105
CC_58D95C7247D5,0.04873761586742727
CC_58DBF3409D48,0.06509748488382902
CC_58E35A47B880,0.16546727327994884
CC_58E40EFF57CF,0.3948949664302096
CC_58F551219BD6,0.04173349799241424
CC_58FA76C6C45C,0.5664637760361222
CC_59018149723B,0.056416645331215196
CC_5904459ACECB,0.7843118446124107
CC_59088B2886E8,0.03532259693654982
CC_590D2E0AD18E,0.5896309610512143
CC_59146CA05E8C,0.06301172921547657
CC_592592397DC2,0.4827495274550138
CC_5926F5B4E054,0.15915699283164886
CC_592A5A163624,0.3335487613955731
CC_5941C323917F,0.07271458955344168
CC_594E4E86A1C6,0.21393469803496368
CC_595ADAA76A32,0.08865551473724209
CC_596A20270C3D,0.16491371162473295
CC_5970E93E11DF,0.2437172037396645
CC_597AD111527C,0.11676528725424401
CC_597FDFFA265C,0.08635230689433766
CC_599C287D2BAA,0.37839477748661315
CC_599E345094D2,0.1365326622853092
CC_59A4741B5A92,0.1678954303370901
CC_59BB3A5BA2A3,0.525153638235153
CC_59BFD1200F6B,0.16972240577099865
CC_59C07CCAF4E0,0.22582943523964255
CC_59C49474B501,0.13733606427504824
CC_59CFBC2CA471,0.5749431433530534
CC_59D62BE0C0C6,0.0982897154946483
CC_59D86F572716,0.11591691261368509
CC_59DF71FBA4B0,0.04444529468455085
CC_59ECB7465DCD,0.059531382657384
CC_59ED43A803B3,0.03319545253171503
CC_59F5E81F4EA0,0.141072670627888
CC_5A10371BE7B1,0.8149465023121547
CC_5A2F9A594A05,0.585159248378333
CC_5A38E46246FC,0.4141308175523478
CC_5A3F52B0A07B,0.21152104400114785
CC_5A5507A49F6D,0.0923611582115726
CC_5A58A5E6DE82,0.10502751097758486
CC_5A5BB6DC1018,0.18101839156422755
CC_5A5C0DF50E01,0.12119766331488475
CC_5A633C535360,0.10162675276616095
CC_5A67E62D8D5E,0.6469721033870434
CC_5A6BA0007593,0.11932129259492946
CC_5A7513434C72,0.03203072419732936
CC_5A756D8AE60D,0.23999005823793057
CC_5A7C13841B7A,0.6141423749128173
CC_5A7CBB6E8716,0.21177521542651195
CC_5A83A1E25A2B,0.3137133097035695
CC_5A86EB53A14D,0.7373487751111691
CC_5A89E13CE597,0.1489717876924218
CC_5A9466D0CF9F,0.09969152070387523
CC_5A95331BD0C5,0.11775304289497521
CC_5A9F63C3E428,0.06707927902535848
CC_5ABC76FF707A,0.05453511111895133
CC_5AD0F1B43457,0.10846412114491205
CC_5AD82250C271,0.03491493107023055
CC_5ADD27165E38,0.7106918980955121
CC_5AF32E5C8018,0.03896932387610762
CC_5AF3690FA0B0,0.18205398290909638
CC_5AFDFAA63B45,0.1540170741120215
CC_5B025DA26FE6,0.04609852423009857
CC_5B07C7DE7E7E,0.2319601183626428
CC_5B08171A6880,0.16519433796289307
CC_5B09FB1A0BE2,0.06948510078813919
CC_5B0D6BA12702,0.43871142786189005
CC_5B0EF2D4C3CC,0.1754441037009956
CC_5B195D88C182,0.37994928555826835
CC_5B1F6FE71A38,0.05477284670556855
CC_5B247961602E,0.068578437244975
CC_5B276421F4CD,0.04273939725186328
CC_5B289AFA1662,0.24436877037060234
CC_5B3A16421A31,0.05121650943897552
CC_5B3E78897EB7,0.07170190384918436
CC_5B480B44A9B1,0.12453691820809287
CC_5B546C3A21F8,0.18247047363567098
CC_5B5BC4023EE7,0.16112257344937822
CC_5B6D63DD34B7,0.09838713838860363
CC_5B6E868912E6,0.05313069879788558
CC_5B818D2581FB,0.14414122588020617
CC_5B82E8BB921F,0.30128415054943114
CC_5B8E8DA14EE6,0.15844546989944683
CC_5B900A135A69,0.07473352423530845
CC_5BB64BDF3C99,0.10645960032563108
CC_5BCB2C79D1CA,0.21252978205244066
CC_5C072DB8586F,0.0545398602640057
CC_5C0BEC2A0850,0.06430469052356876
CC_5C24010127D1,0.3354566156322023
CC_5C2DAF5E0EB7,0.3797935612909737
CC_5C3E8DB90978,0.1135807962682524
CC_5C4A7CE69975,0.3021876547331229
CC_5C5766F933B0,0.45776870738993714
CC_5C5808240054,0.09559247684961944
CC_5C5D6E15EA27,0.1772636192978038
CC_5C60C4545922,0.10760078847094467
CC_5C626D70F6D6,0.14575881939106727
CC_5C670F0622BF,0.053635741062705466
CC_5C799E57EF53,0.056041064204693035
CC_5C7B44735AF4,0.1783111313604614
CC_5C7D8DF047E9,0.1810984009349298
CC_5C80F394EFC3,0.13586932608127622
CC_5C99E6189441,0.11112419160524117
CC_5CA9AB4A6AB4,0.1205708728947625
CC_5CB78ADD2432,0.14499437940907228
CC_5CDE37CE08CF,0.045872720791147285
CC_5CE258D12432,0.3416219234052185
CC_5CEEF006ABF9,0.05881184523252035
CC_5CFD2850E277,0.2364464053127452
CC_5D01F71B9FAD,0.10948438775067725
CC_5D065A455A45,0.196239487968337
CC_5D0AA7D4954A,0.21647577438253449
CC_5D242448B812,0.10866114061191912
CC_5D2C5115BDD2,0.18155716949770412
CC_5D3273E039AF,0.6784822492678354
CC_5D398BB3365B,0.06641192192787865
CC_5D3C1CE64952,0.08446925688503962
CC_5D4B0EBB5CD6,0.12001490511201635
CC_5D5E897588D3,0.11539302634228882
CC_5D65F25FFB8D,0.04301542932365295
CC_5D665A86C465,0.11448346568661032
CC_5D80C353E475,0.1073144347906835
CC_5D8895A0AB4C,0.18741629695000292
CC_5D88A673BF50,0.19795134244411655
CC_5D89688B69A9,0.3894367720568521
CC_5D8AC8E18A8E,0.07478918877514308
CC_5D8E7DC2FA6A,0.5520348386983495
CC_5DA29AD9E85E,0.047947745539916306
CC_5DB286EAC626,0.2825106399991911
CC_5DBC1BB95B84,0.8132623590684313
CC_5DC0A465470D,0.045874705462848005
CC_5DF82CB03C3F,0.11126374040547717
CC_5E001C93F359,0.05737065760610856
CC_5E029094A55C,0.6863383879141306
CC_5E0808121A65,0.13776237722553808
CC_5E1117E4E593,0.13072113034011576
CC_5E1541060A97,0.7287733584360359
CC_5E1C11540C0B,0.10409418070573989
CC_5E1DC0E143F2,0.1722313009349586
CC_5E206AC277E4,0.2484891710506762
CC_5E22B4BC8B12,0.08949699455103137
CC_5E22D889B6BF,0.14038346546807465
CC_5E38425EC99F,0.7181718601716591
CC_5E3A70C2077A,0.15731160206418662
CC_5E5607D275CA,0.12918486046373046
CC_5E73C3D2B3EE,0.16140613905381834
CC_5E7F23A07A71,0.08790817228467651
CC_5E80A96974B8,0.20806527865914692
CC_5E8C0453B9B8,0.28505914951328665
CC_5EA599FBA5E0,0.5310054325382657
CC_5EB379BA6C7A,0.11853292522737449
CC_5EBB96F65AFE,0.40302089776580186
CC_5EC41568C2E1,0.0902628839848339
CC_5EDB5C924107,0.2883571951299339
CC_5EEE5D0FF8D3,0.1959772306954913
CC_5EEF07FFC243,0.06208145467148918
CC_5EEFD690759A,0.07745436806404077
CC_5EF2176F01D5,0.10783273546884736
CC_5F17CA33D26B,0.07078094028603893
CC_5F20750D6658,0.1782093569959044
CC_5F2CE32A6EC3,0.12174475225476061
CC_5F328EE757B6,0.043546041664495466
CC_5F35B8D87D06,0.23161956547657458
CC_5F390BA40E83,0.7156207547528574
CC_5F59092CA9B2,0.10170475037747141
CC_5F5916E96E19,0.16310815885358926
CC_5F5E835B9E6E,0.07446690234769075
CC_5F648D39D67F,0.5761379879433497
CC_5F6D4104C808,0.16139757571393348
CC_5F72EBE104D4,0.031072195546488008
CC_5F765C41F051,0.05436341461040729
CC_5F8859A6F0DB,0.026898983395928437
CC_5F88ACC7C384,0.11903349781919906
CC_5F89DFA97B7C,0.5042505853765334
CC_5F93A3E31DD6,0.6006974733479581
CC_5F9A44423DD4,0.14287314708623836
CC_5FAA7965BD71,0.12012542938045367
CC_5FAFA265CA02,0.34116296945066227
CC_5FBE1A34704F,0.18045021929612648
CC_5FCAA919577A,0.19098833115208458
CC_5FCD208ADD77,0.19359931669531966
CC_5FECD2BB0094,0.08435514360988523
CC_5FFDE52E6B7A,0.08605141083777604
CC_6002BFD3F26A,0.15092317652423595
CC_600311592F72,0.05241359321816829
CC_600AE12112D6,0.269536338755896
CC_601C3178E38D,0.1712072337115622
CC_6037EEA42F2C,0.37733841333552076
CC_604C08F76272,0.6656549747989197
CC_604C72AC662C,0.16902518603515052
CC_60510AFA8A87,0.17565081780759678
CC_605E2E26E52A,0.19663222508795009
CC_605E3904CD8E,0.14888548199644291
CC_60611B935106,0.14587656755323797
CC_6061787228F8,0.13854488352679797
CC_607270A72DFD,0.24785049509530377
CC_60738E418DB3,0.13499832592911962
CC_60961DF8A134,0.11527223435475262
CC_609B7A7FA165,0.07578858733401234
CC_60AC5C892D01,0.0901137676567757
CC_60C09FF84412,0.17431040844627382
CC_60C87349D73D,0.313854220513596
CC_60DA2FBF1FBF,0.11770143516571988
CC_60DA539A39FD,0.1750832977909346
CC_60E974A0B278,0.06386728240153149
CC_60EF7D647EFC,0.047954508986898826
CC_60F525A39898,0.027222397755574255
CC_610009B69EBA,0.6905413833864866
CC_610FDDF5FE54,0.14174633385569865
CC_612C06CB5FF4,0.09861124158574848
CC_61307D82CC26,0.654257412836231
CC_615030FD33CC,0.7096372694424423
CC_61649241FE59,0.1713413679549761
CC_6170051A606A,0.15826593650691645
CC_6179A630658E,0.07174476244413738
CC_617BD59427E7,0.10362914142883117
CC_617EC8BD5153,0.23674201398837913
CC_6191E14D21BE,0.05432326336966219
CC_61A798B8D222,0.03815567477372245
CC_61B4A983D1A1,0.06609774769506499
CC_61C9732AA682,0.7127109418360815
CC_61DC64E37471,0.05054236104610736
CC_61EAF14033DB,0.11929980521644334
CC_61F18E0C218F,0.07132762339358349
CC_61F1A1263F5B,0.16890874798340424
CC_6209EA426553,0.04635611330762363
CC_622BD8CB3807,0.31207326963956195
CC_6234A9617A7F,0.10237213981148711
CC_623AC074EB25,0.19052518306256544
CC_623FAACE8A80,0.053051118933041694
CC_6244E2935407,0.2392180877720142
CC_624535E11F69,0.050713447945682666
CC_624EA2917CDD,0.7210856835323003
CC_62565D08DDDD,0.7889201624738018
CC_6268ACD3F95B,0.5129846646690421
CC_626B61F4789A,0.6388098601327437
CC_629193C2A090,0.24815178306658914
CC_62933641AC43,0.3096818822451781
CC_629480877536,0.3423785062165348
CC_629CB045D9FE,0.08646437357191888
CC_62A84BC400F0,0.2870039327281534
CC_62C36DF81797,0.17846166958918874
CC_62CC835CAE4A,0.5843317717222432
CC_62D4192F126E,0.7343182179062786
CC_62D7A3C9483D,0.05621999088148491
CC_62DF1B99B4DA,0.08226734492119801
CC_62ED7BA3E620,0.04096277384071623
CC_62FC001AFC78,0.08826623218915118
CC_630412B4AFDA,0.15079171515183626
CC_630903AD39C1,0.04000129711754196
CC_630938DCC1B5,0.059578387349004294
CC_630ACED773E9,0.455938200652803
CC_631E1690D913,0.07448213434513795
CC_633A7C7FC25F,0.2417702569365847
CC_6342051D8FEA,0.23649338771260275
CC_634CE4E8AE49,0.15889190084831048
CC_6359692F5EF6,0.13565585049883294
CC_637278423A6D,0.2291490266367643
CC_6377AB848081,0.11025868024865437
CC_6381A65E0A3D,0.08714797571202215
CC_63871B4814E2,0.12181331264617393
CC_638AD269F05C,0.02475132499710233
CC_6391AE0FB83F,0.1588616428519954
CC_639703EE2ABD,0.03698060748371819
CC_639750C87A7A,0.7538902662161487
CC_639B1DCECD2F,0.15135526120681358
CC_63A869443AC0,0.4038296390378072
CC_63CCEE26BCAE,0.04904090998107297
CC_63D51CECB6D2,0.24030463146437758
CC_63E53402FC02,0.031947809569008494
CC_63FC6895901C,0.1510873756662715
CC_63FC8A97D9C1,0.11939458464184181
CC_64117B93EF73,0.335464997361115
CC_642D9C325F1D,0.29853311820098893
CC_6436B950E22B,0.18170390860723395
CC_6445BD3DDB6E,0.02964531158907724
CC_645C15569E42,0.10726842784356347
CC_646472AD66EF,0.09185225540908962
CC_646B8254357E,0.1415898307062593
CC_647F4BB4983D,0.675502859225672
CC_6489ECEEFD0E,0.1014769870243539
CC_64946E57306A,0.036748697795567886
CC_64976830B0B7,0.329975500802866
CC_64BA10F3FAA1,0.090746471582218
CC_64BA39A0DFC6,0.07853395904053503
CC_64CF9A79EBFC,0.10754854690675728
CC_64F0E0473D1E,0.0871789515050688
CC_65006C2AB2D4,0.773095227996871
CC_6500BD19FA06,0.3146948637044955
CC_6504DCAA90E1,0.08837492303632959
CC_6509C7361994,0.1544667262851119
CC_651486189673,0.08046036332580347
CC_65194BAE506A,0.16593708402277166
CC_652539353439,0.18045371669183669
CC_653CE5FA5A76,0.3061962627019318
CC_6560C2F4EDA4,0.18681522964763284
CC_656137F98187,0.6260954184867822
CC_6575B4B39113,0.03888641473684211
CC_657F629D31E2,0.22564122651636054
CC_6580B7583ADE,0.21061573533792083
CC_658477BA75D6,0.044157077723868884
CC_658B7867BE7C,0.10859682979066271
CC_6593FE5349F2,0.09651342731694905
CC_659EE0F05A75,0.360085888604576
CC_65A0D8134410,0.22823492432657688
CC_65ADD5A19F64,0.09425371828073638
CC_65C3F0F73BB1,0.0774072745586799
CC_65C47521C285,0.03702744463508703
CC_65C4EE0B737C,0.23251390087615698
CC_65CB68404333,0.1809283441302181
CC_65D6DFF1B766,0.11680694557361265
CC_65F1545C35E1,0.2261575932854603
CC_6602547E2FCF,0.20308428823763225
CC_6615D7044816,0.27323482413286976
CC_66244D4B72EA,0.10077841737587384
CC_662E5AAE07A8,0.041784788874712424
CC_66322B339E84,0.03991015375950872
CC_6634FD4B1CD5,0.7767510049207764
CC_663DCEF4923E,0.18653267675108479
CC_663FE5BF918D,0.4053881596206428
CC_6645798E740D,0.06967311004402013
CC_6649736C8321,0.7888523519345236
CC_664E1026C4D9,0.25387875563312245
CC_665603C4A33B,0.06563977640853721
CC_665BDD9C8039,0.37517529567608177
CC_665F2AD58363,0.20316010426628645
CC_666767444BC3,0.21257868947305064
CC_666C0A2A8674,0.05079482832844583
CC_666F2BCDC7D7,0.18121699091313898
CC_66775178B226,0.050697658772443976
CC_667B6F8C846A,0.6245749408297506
CC_667E909835A4,0.22150992230706013
CC_66809C278FCC,0.1734752726393026
CC_669CCC44CFCD,0.06605538519378969
CC_66B0BD3F6516,0.3112682194187632
CC_66BF02C05DD8,0.13623428945614768
CC_66C491256BE4,0.06132113236975241
CC_66CEFA65F912,0.3565237356813771
CC_66E025DB3282,0.6048247941036109
CC_66E7B423A32F,0.683055789865103
CC_66ED26E7BAD9,0.07347615895466877
CC_66F7FF7735C3,0.19135031572227745
CC_66FD0CE6D57B,0.055527204634825265
CC_66FFFE05C2E8,0.09669189172054515
CC_6700012A39B8,0.113240873402912
CC_670FC6A064F0,0.2010751849426839
CC_672932B65802,0.08136134297858873
CC_6742C6478F98,0.20075949134835624
CC_6745321663BF,0.054423476257086226
CC_67579CF57290,0.13341704441624816
CC_675F7483FB90,0.22558248881283682
CC_676ACFAA6131,0.6646872633809007
CC_676B423C495A,0.6047104768889726
CC_6771C0D1CB1F,0.05378299710614075
CC_677EE0369CA7,0.08441397618108075
CC_677FE35855A9,0.17884923496083538
CC_678091614A14,0.11482875312115301
CC_678A43ED0803,0.652636572788492
CC_67955C210226,0.08973197136047391
CC_6797E0B01112,0.21730489581439655
CC_679D90941842,0.14505021890817707
CC_67C05273700B,0.12062522659361259
CC_67D5172B6450,0.16677350702522123
CC_67E8CF412D93,0.10961734297437489
CC_67F6576A6836,0.26687870850274165
CC_67F985A00A12,0.05344782056389351
CC_6801AD1D4478,0.07715784888006735
CC_6803BFA94B17,0.04766182396296053
CC_680B16E5E240,0.13870507262206744
CC_680F2D0F4F6C,0.09819436602338262
CC_68221E1393E1,0.11688228028040915
CC_6822590B968C,0.16603450688506782
CC_682D8EBCEE94,0.21064503207523694
CC_68429B4AE401,0.39778092976348356
CC_686B26BDD061,0.055512552854271535
CC_687518442359,0.38405865783776105
CC_6875DA61F422,0.2642669268819685
CC_68A3D749608C,0.19865274431860228
CC_68A9C3CE2557,0.10713356129090543
CC_68B9F8C6D9D6,0.6560329159669868
CC_68BC65E3C84A,0.3789968015390836
CC_68CC4D1D898F,0.06654383421283545
CC_68D0ACBD2D0F,0.03519142882612931
CC_68DA8D5488B3,0.07021622471441388
CC_68E675A69AF3,0.15865325239138903
CC_68FC9E6FA27E,0.19166481597646207
CC_69322F7C4CE3,0.1288322034798348
CC_693710EAD59A,0.20346269537948336
CC_69387752F41F,0.5234162009140745
CC_693B71DDFE67,0.15636730392118048
CC_693D4AEDA3A2,0.10311970992693095
CC_6952171BCD2D,0.13871925622711861
CC_69547DEB412A,0.22141982850924238
CC_695E80DBA42A,0.06625629163861879
CC_69717E76CFAF,0.42606138605353117
CC_69741BF89A2D,0.11731805000828024
CC_69825C70EEE9,0.19119598735014673
CC_6985C268DC74,0.44813982802477526
CC_698886C4AD90,0.13439268321603728
CC_6999901A6060,0.147946123020277
CC_699ABD34646F,0.09391036993851616
CC_69A98DC7A907,0.06761439868377814
CC_69AA6E0DDE10,0.2740916539734277
CC_69AD5A48A78B,0.1998124238597354
CC_69BA7BFF98E2,0.12421729289172387
CC_69BBE365C097,0.05388622325489603
CC_69CD95A00D9C,0.03674262959280929
CC_69D328691680,0.09164940361090435
CC_69D39C9F36F2,0.24378243318615206
CC_69E09390CD64,0.082876212778632
CC_69FD49E90AC9,0.31685433794905465
CC_6A099AFE73BC,0.1921748574092743
CC_6A099E6C91BA,0.35510545836678087
CC_6A19EB191A81,0.024429360122809586
CC_6A39017046FE,0.07871916585264277
CC_6A4A401F2920,0.3650347114241255
CC_6A5261180031,0.0826208057112503
CC_6A7432494840,0.17410630644472563
CC_6A7963180D20,0.35154806957295937
CC_6A7D7E5F814F,0.5778581289265263
CC_6A8B8BBA749E,0.14713737738915292
CC_6A8DFDB0621D,0.13207285801935237
CC_6A93C436E2FF,0.1046432208148794
CC_6A97F81D9A0A,0.17554880692014718
CC_6A9D1622B4DE,0.33305344444586077
CC_6AA6589445C1,0.672693433505744
CC_6AA7A87F59FD,0.15009332429911745
CC_6AADD44C0B52,0.0680076599388984
CC_6AB4A5EBA3F6,0.2467005624735053
CC_6ABA7D0ABAC5,0.12609292158487512
CC_6ACF1E52BE8E,0.1283882809920081
CC_6AD3513459CB,0.09257441105045809
CC_6AD4238EE77D,0.17808175784367974
CC_6ADD0FE5DD74,0.6455050619818393
CC_6AE2737BD3A8,0.07904140241302271
CC_6AE48C1F2448,0.14332311813890353
CC_6B00A666A420,0.6695683475783873
CC_6B07C3992304,0.0689563694191099
CC_6B0A72BBD800,0.6709628645849772
CC_6B12B975F2EC,0.2971806078973608
CC_6B12C9507F32,0.20764171019361008
CC_6B34719D93AC,0.590176604374224
CC_6B34740DD355,0.15293966236918202
CC_6B41081727AD,0.20584128115773323
CC_6B4902892E70,0.0832219313897399
CC_6B5BC2D89077,0.7205231321210236
CC_6B65242C2CCC,0.15842130595455875
CC_6B823BACBE75,0.33402212093991596
CC_6B83E1A959C2,0.22475241326622958
CC_6B84FB3DE604,0.03018377606438711
CC_6B8AABAA752E,0.19630730326461432
CC_6B8AC0DEE990,0.3641560136176726
CC_6BA45C072D40,0.17843776760460867
CC_6BA72ECB5027,0.11764822051502752
CC_6BB560F020BD,0.0744170018397442
CC_6BDF0B68C126,0.020469860250831293
CC_6BF0A9437728,0.1314039176172267
CC_6BF3B9097199,0.1571861281715024
CC_6BF7A1EF31B9,0.1648555394044975
CC_6C29DF49246A,0.07693427428310992
CC_6C3C86C2125E,0.08012454953641532
CC_6C42FF6D7218,0.7034198039210262
CC_6C541A482CF2,0.19433243942275005
CC_6C585A6BFE01,0.8095226222565327
CC_6C5CE36700D0,0.18526854178121355
CC_6C62C2094733,0.07206938010308822
CC_6C66539A9D02,0.27489899425769476
CC_6C684505E498,0.07160936899838113
CC_6C6E40927C35,0.03440066530363862
CC_6C7736F51C12,0.6685078260200648
CC_6C781CEB6F52,0.09809780083853023
CC_6C7E39BF4744,0.12336133842652228
CC_6C9EE9BAECEE,0.07052815152407096
CC_6CA0F076091A,0.11710513234780594
CC_6CAD299645B0,0.18650783293145945
CC_6CC3C50BA394,0.12036083527872274
CC_6CC593C5385D,0.0328031187610713
CC_6CDA4B24C602,0.2762746240361209
CC_6CE31AFF7813,0.06395735366766918
CC_6CECB68DE9C1,0.3142643592282401
CC_6CECD3DBA212,0.16579827508116776
CC_6CF17D012682,0.17990237004567777
CC_6CFCDF903310,0.1350641182662392
CC_6D08B5E62654,0.1016798694891604
CC_6D0F60667273,0.27717143560684865
CC_6D127EE83945,0.04648358723202564
CC_6D134DB29068,0.39265863111206245
CC_6D141A49D94E,0.6147629750638602
CC_6D148C0A624D,0.1453784871374916
CC_6D1EFDDE2EED,0.06188503863073286
CC_6D22B938D7B9,0.06820791169073179
CC_6D27409F4956,0.0759631145674525
CC_6D2F0EBBCA4D,0.22569395069148662
CC_6D43BE30E8B8,0.2504504910305565
CC_6D4EDEAF67C7,0.17924189964987874
CC_6D72571304DC,0.5099073430846578
CC_6D7C62C7C161,0.052668593474994876
CC_6D8A18C28AF0,0.07447543655943112
CC_6D8B35007242,0.09239230377752476
CC_6D93A9E49E3B,0.18315784767096738
CC_6D9C644A082B,0.10525034617877943
CC_6D9F52BD4D0E,0.13380173279097077
CC_6DA058F9B631,0.2960289954091259
CC_6DA1F8DF9CDC,0.20555535499154975
CC_6DB000AEF16A,0.09492592909460848
CC_6DB5025899E3,0.19627353751531595
CC_6DD6FA2FA0C6,0.10299250271414634
CC_6DE4E4C1A31D,0.18995715256800896
CC_6E09CBC15C94,0.5015584747095579
CC_6E353816938F,0.04891076855287211
CC_6E3AB992A5C9,0.16192991099935203
CC_6E420A2FE490,0.1378128165856039
CC_6E46D01888D5,0.14525062438448053
CC_6E4702162475,0.05475573870223012
CC_6E548AF15091,0.23695647382825316
CC_6E5C9A2DA27E,0.03524892233155694
CC_6E610F3976CB,0.16485659509648062
CC_6E614FF9BE02,0.6461365230506242
CC_6E68D46447E2,0.10710569677304765
CC_6E712C21215D,0.03411795169719872
CC_6E84DED41B8B,0.129013384975248
CC_6E8557E30DC9,0.6379743103923988
CC_6E8963475D35,0.21198570443922848
CC_6E9880CA0BF9,0.3328798258792016
CC_6E9FCD68ED52,0.7234799770296365
CC_6EB194A93F60,0.15069370148109845
CC_6EB370F511F7,0.059206634553011575
CC_6EC722B2BC2F,0.17628134932794193
CC_6ED1B0EE4B6C,0.23363272274344582
CC_6ED65E7CABA2,0.11481766213385838
CC_6EDA84B653B8,0.37547127549256104
CC_6EEE8E7C1D1C,0.18813446402890852
CC_6EF17801ADD6,0.1407405712395168
CC_6EF337CC4BA9,0.29001851838157494
CC_6EF464EC9FCF,0.0916576458082488
CC_6EF6B8AE7DCD,0.03414991327442046
CC_6EF8C59D8395,0.8478314110157484
CC_6F2146FE362E,0.05925289806090324
CC_6F2408B665A6,0.35299274855246576
CC_6F2B8E925D59,0.029598698571489
CC_6F3034E96848,0.13381410436527053
CC_6F3559ACC2F5,0.03858310489469205
CC_6F46C5897DA8,0.40598740334575445
CC_6F49ECAE902C,0.07216937308746386
CC_6F4B818665D3,0.12937970327327408
CC_6F4E696A1F88,0.2682735611789401
CC_6F54BD66C0EA,0.17523851904780058
CC_6F786C433998,0.08973919172466772
CC_6F78BF56B0C0,0.0906324248169619
CC_6F8346F138C1,0.42279260176119526
CC_6F86CFDB23D6,0.043210364960025
CC_6F8E30AE9457,0.14201741602299067
CC_6FC25B27AC26,0.07718303424476171
CC_6FC8BE007FE9,0.14475798583023747
CC_6FC8DA40122A,0.1819050509734354
CC_6FD8BAB1DA3E,0.061418669038554
CC_6FE4FD09A9D8,0.07940673519185684
CC_6FE78CB02174,0.034871795053788714
CC_6FEB8EDBF2A4,0.1899846783082797
CC_6FFCF2DAD0A4,0.08066318458490424
CC_7002034B0979,0.08426403880505248
CC_7006523D45E4,0.07081521092118866
CC_70097151A773,0.053758359817992894
CC_7011BC95A91B,0.041633437487426095
CC_7020F3C11A3F,0.1709712712886742
CC_70306409A3E8,0.36287008663268017
CC_706B18DA7204,0.11820973190974152
CC_70703A59C070,0.1752730377638873
CC_70749DDFF595,0.13857422916895334
CC_7079CE5127A3,0.026072710872673214
CC_7087A46F0AB7,0.09145532321425728
CC_708B73EBD939,0.16911956641572287
CC_709315667BCA,0.06359752705080497
CC_709970475B6D,0.6216822934461161
CC_70A56ADAC199,0.054758727001587834
CC_70ABB244502D,0.03782217498423775
CC_70B0176647CE,0.13787821315697552
CC_70D3353DA1C3,0.06391609920153357
CC_70D652DF4E91,0.13639356156981536
CC_70E3121BFDC4,0.10390331707812589
CC_70E5FB8B072D,0.03293544128865317
CC_70EFECA3FAEB,0.16892559040618774
CC_70F59DA18BCA,0.40061882171475527
CC_7100129A0AFF,0.12886024128568885
CC_7113554E33B9,0.07318690965913696
CC_71260405461D,0.07244221698222535
CC_712677251322,0.19891799796339932
CC_712D31B2785D,0.06262409468143101
CC_713052DB1E2E,0.06054240441085332
CC_7139C2D6F1AC,0.0977142613328295
CC_71427FC8FA49,0.24088204610497044
CC_714912E93A71,0.1331506244770425
CC_717A5C2ED311,0.20848669264948438
CC_717C94F5C8F1,0.06712214862893826
CC_718F067F4DA0,0.03081780346309005
CC_719E714DD38C,0.04677384751572165
CC_71B169C874D0,0.1678423638203028
CC_71BB5070615C,0.1608524395837822
CC_71D37D6D19C6,0.20225520661966204
CC_71DC80205F42,0.17189249561884035
CC_71DEB636B8CD,0.6245419904602749
CC_71E4CBAA1211,0.17346838949415327
CC_71E787049755,0.11201497767552221
CC_71F1EF5575AC,0.09616482089286679
CC_7201DD8EB33B,0.21241394548654774
CC_7202C8CE2317,0.3128032434426754
CC_720B06583C57,0.03786750474345693
CC_721DEC038BAF,0.07962880628987848
CC_72219BCC83E3,0.1409553011649046
CC_7223DABA7E98,0.10594766345875667
CC_7233459FF7B8,0.24374668006667966
CC_7238A8A6767A,0.22777782472344377
CC_724559551664,0.6607647501792366
CC_7248EB4B76CF,0.05491068382693533
CC_7259B5314D92,0.06896069260362413
CC_725CA03102FE,0.044870582318232405
CC_726E05E5A555,0.11574451987596396
CC_7276AEED6D4A,0.0635766202615953
CC_72A18E8D6670,0.03253453529012574
CC_72CDBC38202A,0.3905399011446288
CC_72D8B2ABA2D1,0.7237834498856108
CC_72E4590D362B,0.36042855292486903
CC_72E8542AE4BA,0.041459452038421045
CC_73010B6E55DD,0.6135240460051824
CC_7309A4693D52,0.15338022152776953
CC_730C2A3FF1BF,0.18348760132418296
CC_731C1BCED024,0.6572324539552143
CC_732C325832D8,0.17055360438387246
CC_732DFCAA0A75,0.18401025701931534
CC_73322A6A24B1,0.7341184848893906
CC_7336B19A18AB,0.21106039483584693
CC_733AF1D123B8,0.29962469788798296
CC_7344A0E90AFC,0.10624124218531239
CC_7348C2B475B7,0.11794991817078898
CC_735E1A78B058,0.06753012723418489
CC_735ED2A02DC4,0.1550207474021545
CC_736015DE4E3D,0.3690424743376678
CC_736A42761E55,0.1035177392247236
CC_736C0436B98D,0.16661996537727952
CC_7379212919FD,0.08873842754915003
CC_73859CD59E75,0.591579741446989
CC_738B201B1CF9,0.1187733016494333
CC_738DCB11942F,0.06230633119197103
CC_739198ACE582,0.12263070614823265
CC_739D093D7B69,0.10818236789544886
CC_73A7FC903662,0.16249784512752913
CC_73A8927DCEB9,0.0956599642204318
CC_73B575BBBBE3,0.13099500318043644
CC_73B6B9AD2002,0.045051087037147095
CC_73C28D72A5A3,0.5722357991529395
CC_73C38DBDF9A7,0.11126313626799163
CC_73D44BEF6754,0.3928888450256258
CC_73D4C1D7C022,0.06678597701859106
CC_73EF383F3C2E,0.1715361500024128
CC_73F34B1607C1,0.06048875351575103
CC_74137206902D,0.12770841015890497
CC_74198E5EC366,0.07163384897856573
CC_744FB5804A8C,0.6221846257505708
CC_7451E64B6D47,0.1659731478527433
CC_745A64878AF1,0.08800057097624964
CC_746B196CECA1,0.16233786656291488
CC_746C06898D5B,0.6271409283939474
CC_746DE1EED0DD,0.2422500262658518
CC_7476938CF6A0,0.5188014686061684
CC_747CFDB7E305,0.0683140077770287
CC_74845374E870,0.7514254906886537
CC_74AD8D3B192C,0.6953330345691089
CC_74B90A15B270,0.09664052323095933
CC_74BA5D46E909,0.690900871057097
CC_74BE0AD5E21D,0.18468328149996557
CC_74C33B66F002,0.12747433395352276
CC_74C9C3F17421,0.04992470127510084
CC_74E4BD5C07D2,0.06728816807257827
CC_750D90249EFD,0.11734147386419003
CC_750DA21B7EDD,0.33514072131586353
CC_750E6537383A,0.26809769741204814
CC_75137D6F9DCB,0.13148217085395958
CC_75173A8A11D1,0.36103847090607777
CC_751DDC1FC2AD,0.09290777538729184
CC_75357E0206F5,0.08967680752162169
CC_753D160E3A58,0.11599080178591219
CC_754447632F75,0.043311194064921704
CC_7549363C5D36,0.0751158243978649
CC_754F3894627C,0.07997325636059256
CC_7562CD43897F,0.13338788709360364
CC_756A077EC614,0.3748182803930836
CC_756D3492443F,0.29588997844961895
CC_75783B3E6C6E,0.043582684494461954
CC_7598068A716C,0.02896963749949918
CC_75A37D8C1F6C,0.6319995787046722
CC_75ABDDA24C26,0.13385577369509602
CC_75B287424E59,0.36927595663709095
CC_75B2B88876B6,0.08534741652464478
CC_75B324FCDD4A,0.24560580043214675
CC_75C1466E61E2,0.2443124977478211
CC_75CCCD9D4568,0.08228041715201649
CC_75D2DAF4491C,0.31638396440443495
CC_75D54090AAD4,0.10759048216790754
CC_75F1927E5941,0.6793440189074696
CC_75F99AD6844A,0.3063650362154592
CC_75FBA505C727,0.2654105294404716
CC_7615CC930B76,0.1350270371704057
CC_76168488EBB0,0.5856755381835607
CC_76197A77D666,0.025967951620540518
CC_761F48F8E962,0.2544166077057793
CC_764C6ADC6D1A,0.07333571858629961
CC_7658A6B0910B,0.04380258828334578
CC_766347951B7B,0.6111700370811277
CC_76857712D8F5,0.3411260171878966
CC_76A0DF2549B7,0.12248153247202093
CC_76A636414AEB,0.24425892447769845
CC_76B01540CDD1,0.17633043525596964
CC_76B420FC66EB,0.11002048336476478
CC_76B6BCD2EBAF,0.06000458360092377
CC_76B7A0029620,0.10760588620000683
CC_76BA435EF2AC,0.15174449965923092
CC_76BCC1AFDA4D,0.07364081268691014
CC_76C35913E797,0.1550329255259975
CC_76DE3DF1DEE3,0.17755538679765467
CC_76DFA4CD068B,0.07948145867626315
CC_76DFE3568C72,0.3131047981769482
CC_76E201F1E036,0.35486084392781786
CC_76E83166FE0A,0.14838196617721144
CC_76FD9E9D9ED0,0.15437894917030381
CC_7720BBD06736,0.3157833225161081
CC_77340228F356,0.6916517051807178
CC_773CBBCBAFFE,0.10905033648395823
CC_773E9B092923,0.1068310774845467
CC_773F22C3E42F,0.033781998195389934
CC_774ED295BF96,0.18157973969773844
CC_7751ED6DF76C,0.04034540131657245
CC_77571749B970,0.1427898422101512
CC_776F8B3BAC08,0.11956503606626334
CC_777889F9694E,0.03352426036528519
CC_777D08513AE8,0.08087128774543817
CC_777E3D988EFD,0.28490080284788666
CC_7795BEDE05E8,0.3283869769654745
CC_77A9EA3A6784,0.07599189483561541
CC_77B1AB7960A9,0.1882444198311452
CC_77B6EA810549,0.2607162603590404
CC_77B9889C9BFD,0.18286613084169642
CC_77BC55DC92B6,0.13428365847029078
CC_77D1DFCB0A8B,0.04672548660354573
CC_77D9AC43DFE1,0.20447585802574073
CC_77E6EF1CF2F7,0.3335832932951967
CC_77FFA8E6B36D,0.1272622991801125
CC_7801661A9DC2,0.1664269311461014
CC_78069B1BD931,0.14601963393514733
CC_780828B48716,0.10381154719973308
CC_782130B98F34,0.1060993105801048
CC_78273789B3C5,0.777251546518716
CC_78296783E4EA,0.19046165603164514
CC_782B06291D87,0.057957296171465576
CC_783A2D4C89F9,0.436724838455998
CC_784407E16923,0.10008701151799937
CC_78491B6255F2,0.4233805866954592
CC_784F17AC712F,0.06309959678278655
CC_7852FC3BBADB,0.10330925372022881
CC_7866E4CE528E,0.7314099341380345
CC_7867E7C01013,0.19192538302016054
CC_7869F609EC2E,0.14980775144343755
CC_7874F14ABD7F,0.19846415583753152
CC_78774E05FF12,0.1685785166724845
CC_78815A352067,0.08593320871343887
CC_788FF4549766,0.20693212878639478
CC_789977501322,0.12014174202779213
CC_789B2BA880E7,0.03616552729999753
CC_789D87F51AA1,0.05417836447105991
CC_789DC3C358CB,0.2105505022132319
CC_78A036DF6320,0.6855253971288527
CC_78A3EA63B7EF,0.04263188837999912
CC_78BF1B8FC1CA,0.11908534069144208
CC_78C96E7015BA,0.6428280409128901
CC_78CC84FA2CE2,0.19000104366872517
CC_78F0087076CF,0.25200845122241433
CC_78FAA95F5B5F,0.11427552513874217
CC_79033EFDE096,0.1110774568572906
CC_79086C18A963,0.13873343090490559
CC_790DA2ED9F5B,0.12128741696076853
CC_7928811F7D86,0.10148112656258848
CC_79345478FCE5,0.2002750281697043
CC_7936C8D65B95,0.1505277090011265
CC_7948C5509411,0.4860759472813623
CC_794ADB0677CD,0.1349513633786229
CC_794FF8E7F876,0.05155397091489958
CC_79500EA652BC,0.5980984195426512
CC_795083A66DB5,0.034743968650713365
CC_7950D4B773CF,0.13899913459406157
CC_7955AEB49759,0.15210518013252777
CC_7964F862DFA3,0.3971722268625191
CC_797A700CF967,0.4734898922969584
CC_798180DDF677,0.34988211254042456
CC_7981ABA9C370,0.09628312325559069
CC_798B2DC03C5A,0.06854329510500726
CC_79BD986C23CA,0.06866290217772508
CC_79C6BA680815,0.5407475086263986
CC_79D694E6F5AF,0.2590794448376328
CC_79ED9A0F6E49,0.4132571438163057
CC_79FA2512E5A2,0.16971599769527468
CC_7A0024F6FA60,0.23252441843876737
CC_7A193A453F27,0.02666516365613373
CC_7A1F071DC5D4,0.4134743646515071
CC_7A5D96BC99AA,0.7386357359610323
CC_7A6B51562949,0.3055334603470219
CC_7A6D7F9654DD,0.4111218420679222
CC_7A778E010F33,0.28995333473109813
CC_7A7FB841B669,0.5878506481748403
CC_7A91013D31E1,0.11931762407604546
CC_7A9117596769,0.04608915295271251
CC_7AAF340DCE8F,0.17543555835058933
CC_7AB146267981,0.20882367591013604
CC_7AB2A9CC8424,0.28223210512829144
CC_7AC1DF18CBA4,0.22823254983456365
CC_7AC4240DD225,0.31885337343433284
CC_7ACB325BD924,0.17788352282686704
CC_7ACB88002397,0.49196065593419935
CC_7ACD4F370AED,0.16843748796850233
CC_7AD4072A9F82,0.05570410059142751
CC_7ADEECDE4D73,0.20889292743175997
CC_7AEB48D8C5E0,0.07507370206394717
CC_7AFA5CD2B29E,0.11236760374917124
CC_7B092786DDB0,0.047613434809559985
CC_7B1B35D5628E,0.05454332062278573
CC_7B210557F04A,0.10026779920219839
CC_7B369A7C1D3F,0.14940042119940572
CC_7B4002591821,0.6759131310479156
CC_7B42BD80D79A,0.19380052475369236
CC_7B44FDF08B93,0.0996470323214117
CC_7B501C32CAE5,0.057404678641455854
CC_7B88520D4FA2,0.3820968505336265
CC_7B8ABE6E552B,0.18468234964602828
CC_7B8D2E07908E,0.37061244644341085
CC_7BA150468D19,0.6537129406061015
CC_7BB159FCEB53,0.2893235392217889
CC_7BDD72710831,0.06472310177537204
CC_7BE02C65B967,0.13796771428268995
CC_7BE382988C1C,0.6115818194376542
CC_7BE6110DBAA1,0.34214049936317814
CC_7C0B14BB0573,0.14006558410051803
CC_7C0CF5558904,0.69283094099982
CC_7C13E7F561DA,0.5899029975149437
CC_7C46F7F667F3,0.12185577750515314
CC_7C510CE0521B,0.08295380729316085
CC_7C61B5D39E49,0.4803034524135361
CC_7C6770DDA182,0.11569712187237875
CC_7C6DBF78A610,0.09774835652130236
CC_7C7B0438E3AB,0.17493911331809855
CC_7C87DFBC3176,0.092049896068318
CC_7C9528E94215,0.3038261221078102
CC_7C9ADE65CF81,0.11327650848002105
CC_7CB6CD1B9DD0,0.04262142509594873
CC_7CB7C7E55BE6,0.1500353024793088
CC_7CCC3A690325,0.17807401588784122
CC_7CE5689488DB,0.04133001227462342
CC_7CEB758A9814,0.04820869644100995
CC_7CF7443D923A,0.047216155586765285
CC_7D0D597690BF,0.18035693137495065
CC_7D0EA0307817,0.043143779520063166
CC_7D12E6FF25C3,0.136025585422443
CC_7D28D39AED1F,0.7045899280499351
CC_7D2D19D832FF,0.05926396416701539
CC_7D34A67E1369,0.06327824822583476
CC_7D4388B41EB9,0.16003487325470267
CC_7D46FE573D79,0.08698562330514648
CC_7D7810799F2E,0.0415772649782751
CC_7D79241150C8,0.12100131261142809
CC_7D7B92EF2655,0.1449545907652795
CC_7D8C2495C1F7,0.07052842629245754
CC_7DA4F1BA24A1,0.6011993811577903
CC_7DAF18939084,0.0553777694702343
CC_7DB8BA427410,0.06284953903237403
CC_7DC9456F1161,0.03449122006436632
CC_7DD2CBE0F0BC,0.20087523241240451
CC_7DD495158BFD,0.6209256650618393
CC_7DD5411F7A14,0.3011237307660857
CC_7DF099A7A092,0.24667074644325232
CC_7DF27D2AC111,0.04854889408058335
CC_7E0CA072EF93,0.0703050554578998
CC_7E0DA100F5F2,0.18377902575895577
CC_7E1086EFDED5,0.03415731961484127
CC_7E12E0F3CF6D,0.11531265948909403
CC_7E178CE78FB8,0.07921189259686828
CC_7E1C1A6D0E9A,0.14239188136024306
CC_7E2A76850DF6,0.7917416463630449
CC_7E3ACB15C69D,0.1463954264711209
CC_7E3F3373A73D,0.7408286475303296
CC_7E42A3D0737F,0.11117885609829822
CC_7E4679C534D7,0.27901539274102005
CC_7E53FEEB19B1,0.28926242907883587
CC_7E71CE7FC603,0.1984939058965133
CC_7E8333DBAEB4,0.3907382128046823
CC_7E843438DE4A,0.05461105154036586
CC_7E8E4747C0D0,0.6821111599363977
CC_7E952828C1B5,0.09648911727500141
CC_7EA6431FE6F5,0.13607790832301936
CC_7EA7BA7621C3,0.2438322583632575
CC_7EA8F24B3010,0.10287907946005734
CC_7EAB28B0309C,0.05540048595322852
CC_7EB4A5BDA97E,0.08661676540206875
CC_7EB4B0A36534,0.11099012023037892
CC_7EB791F4AB2E,0.12075852996855527
CC_7EB883C9D5F9,0.03575963756798979
CC_7EC59C577F02,0.05617596589257745
CC_7ED2683D26DD,0.06111469663010981
CC_7EDB3440E0AB,0.6293680620433473
CC_7EE12013C7DF,0.18256387489490475
CC_7EF824CC0D3C,0.1534941936111717
CC_7F09C6F6321D,0.7066747299781238
CC_7F1AD40DA179,0.21415887649961926
CC_7F1D38A39164,0.08654134215770072
CC_7F22B7D326CC,0.19029031443920402
CC_7F2614F1AAAE,0.238233832078512
CC_7F2CDC7C1634,0.04201152637985363
CC_7F2D46DF9BC7,0.15480275314603728
CC_7F57A90B69E0,0.21664436756534805
CC_7F633226A676,0.28356345290828217
CC_7F753D809267,0.6685217161464723
CC_7F7EBF25AED7,0.03278567323554887
CC_7F8496CC5779,0.038308044425688526
CC_7F88D9C5D258,0.0909673047134372
CC_7F8AB4DCA794,0.13834438977271668
CC_7F8CC9509418,0.3119610241859967
CC_7F9069571F79,0.28657930898433015
CC_7F9AD27E079E,0.1879719628734306
CC_7FA281AC1C7A,0.09489916871395698
CC_7FA389E90548,0.07896679528521316
CC_7FBF4A48AF55,0.04621965459846849
CC_7FC40175A8E1,0.24311731406814527
CC_7FD58EE7029D,0.07208713055008742
CC_7FD7F635C341,0.04378222247457865
CC_7FDD458DA059,0.23523390681018888
CC_7FE85C259E03,0.11458534714731533
CC_7FE8CD30D7E0,0.1000898063608932
CC_7FFA32DE7B04,0.1573121874250548
CC_8014F1E2C5BF,0.03404637311338172
CC_8015895C1C29,0.2631378717970504
CC_802BA7E39A13,0.054709659211186465
CC_80300D23C3FE,0.36012921076794
CC_80465303B6E2,0.1932995917638265
CC_805ADFD46B84,0.05758529390691939
CC_8060F40D9522,0.1933820328936554
CC_80621E822131,0.05277933433135586
CC_806654B580B5,0.4165067578185243
CC_806CFD6A52BA,0.03227093879210831
CC_807935BBEB7F,0.047996981110833045
CC_807C57E626E4,0.07067481180610331
CC_807C91C98684,0.02901599759597196
CC_8096B589BB07,0.18555753524031798
CC_809D60155E9D,0.06931949840350438
CC_80A2189E5125,0.524672658659521
CC_80AF87F62770,0.17575262544637682
CC_80C03DF9CC57,0.18903217510066725
CC_80D9B6563750,0.5995845032385024
CC_80E9638ABD4B,0.04595670708418827
CC_80F7171B71CF,0.10905790209782296
CC_80F9983BC18B,0.06145828399754532
CC_811109A98EFF,0.08932201663968581
CC_8129480B056D,0.3064454762589184
CC_8134E5DA9FEB,0.6161399751671084
CC_8140399AD344,0.12002089157603528
CC_8140E278B6A0,0.2202886339307849
CC_814E0F756757,0.42975949876303743
CC_815FAAABFC91,0.19647727143864818
CC_816B28807CED,0.07150121872176261
CC_81821F9F2307,0.5389077697317445
CC_8186D7991EB8,0.049418125227330495
CC_819E203180C8,0.8189512331973583
CC_81A5E3141BDA,0.5271167711735887
CC_81B5CED8EE79,0.12865243917582675
CC_81B91198E00D,0.7261385600926749
CC_81BADC379C8B,0.22823353737433438
CC_81BF8EA390F7,0.05302550485180742
CC_81C5FC962C72,0.05735685380897394
CC_81DDBFAF1CB6,0.05161873444961107
CC_81DE637E6138,0.02911225473217472
CC_81F389DEC9C5,0.0779965015269495
CC_81F647806849,0.11313087080567363
CC_820D491B2903,0.7466147929898934
CC_82172863AA45,0.29111530580252615
CC_82195FBE9366,0.04880752473999177
CC_821F503DA953,0.07776345918590269
CC_8221AF9B0B93,0.7571135451043627
CC_8222D1C47857,0.07287423106223283
CC_824BB6CD2B25,0.0568096610470117
CC_825192411933,0.0855521043921561
CC_8270E213EDF5,0.21086353224577437
CC_82839CC161E8,0.053573783091310015
CC_828A0B6D7291,0.0837946671953037
CC_828EDE22A438,0.04152060240032665
CC_82928B5ABD45,0.3125119108857813
CC_82A7FE954659,0.1918991298886577
CC_82ABE1FFFA1F,0.15099970996344111
CC_82BDFA01C41F,0.11415855510469303
CC_82C20057CB4A,0.09606219411134109
CC_82E52529A567,0.2016355270861273
CC_82EFBFCF68AB,0.10622282583673359
CC_83092F58B321,0.12936548758044303
CC_83098B4BBD4A,0.12878961589904
CC_831F9E623C5F,0.17136164659411413
CC_8326C8A3D569,0.10149871031363036
CC_832730F42A18,0.14274918364823452
CC_832A44C3F2A0,0.048137872116401255
CC_832EBAE498AE,0.6942480762193112
CC_833B196A70F3,0.7289400087627065
CC_833E14DFF4C6,0.1549850183688534
CC_834092035687,0.3010565985521533
CC_8351244DE3CB,0.06659067788189693
CC_835B90025058,0.041858379737569645
CC_836534CEDFD3,0.10974510669069067
CC_837ADC1EA55A,0.18559542284463543
CC_83884D799788,0.20501556374570584
CC_83947255841B,0.1211647257265958
CC_83A5A3022ADF,0.7820756853524982
CC_83ABA98906DE,0.07183344852821265
CC_83C75D07414A,0.4069919763783282
CC_83CBA767432F,0.7337968273015714
CC_83D342F53F36,0.1561591533307704
CC_83D5CA2A23C2,0.03442269782577746
CC_83E002D6D82D,0.17551069473962244
CC_83FE1BCC83E6,0.2995158023753621
CC_840E5B830DB4,0.03570532453835036
CC_842525788FC1,0.2083273010370035
CC_843076C8EB9E,0.30644651101020937
CC_8442C97EE91A,0.10701820427628385
CC_844C3C30ED67,0.11393116935938147
CC_844E345D2636,0.19528553755709432
CC_844F26E92B12,0.17782434537921865
CC_845032D8A261,0.26002707118293583
CC_845223F606E2,0.25787039984338955
CC_846F5B19B110,0.3564577319439267
CC_84797EA9ABF9,0.2861589149366129
CC_848D59D48081,0.18016121073074037
CC_84AB057BFCCA,0.052706670229793376
CC_84B0BA112537,0.05935814810419142
CC_84B8FCEDADD5,0.08847936158874309
CC_84C61A6BE99D,0.0757783335859142
CC_84CDF830F68F,0.08024100199462636
CC_84D5B88572DC,0.2584817914295482
CC_84FABECED186,0.12232385875475982
CC_8503F43FB29C,0.1953404772478329
CC_850ACB004EE2,0.08661129974602103
CC_850B114489CE,0.09066721880723157
CC_850CC17BB13B,0.15364602072588865
CC_8518C159BDE6,0.12576191770644024
CC_85299261146C,0.09171312250227613
CC_853986C52A17,0.04251292994530476
CC_853ABBECF2E1,0.8086403255048666
CC_853BF4485D85,0.18874426966881197
CC_853EED03843B,0.06956303556283001
CC_853FD1B551B1,0.16516070952236706
CC_854AAA98CC0C,0.7867444637270639
CC_854F8AB5F1FE,0.040981877146895926
CC_855E2A785BAA,0.10098644656080598
CC_85614CA68432,0.05797244903103387
CC_856B92B23BB5,0.7851487623152562
CC_856DF4A30E13,0.70823632117349
CC_858704DBD5A6,0.05692124694308719
CC_859EF0AAA74A,0.04357893296583824
CC_859FB710961E,0.14603102790122752
CC_85A0EB3C9884,0.5964316494412086
CC_85C887BB996A,0.08986169776595697
CC_85D9A6C9CA60,0.1359161192497479
CC_85DAF10E61A1,0.6042720318476018
CC_85DEF8ECB524,0.1250855881526168
CC_85E2E0B8B15F,0.7097884842414077
CC_85F018DC47FC,0.280931666171909
CC_85F376B33951,0.16857029123696732
CC_85F745E1D307,0.13686056985904008
CC_85FAFB430486,0.29879558954057295
CC_860D4B868C17,0.02178230286425107
CC_8614E30C9FCE,0.3610043441331136
CC_861F5DC22035,0.04706762254728586
CC_8624ABB391B1,0.1789053227417225
CC_862BAB422756,0.33522546610175624
CC_8642F98E5504,0.17349542854619146
CC_8655B8862C81,0.17310235008448838
CC_865FCEE75A8E,0.03326253358892387
CC_867372811CCD,0.4155936466520628
CC_867695B5C296,0.5256603264899822
CC_8682B1F914ED,0.1653930517953307
CC_8691DF144B92,0.5064165054907257
CC_86AD259FA5B1,0.14212329488004344
CC_86AEC21936BB,0.729999665423622
CC_86B1D15F8424,0.038090811132919226
CC_86C2A6EC5712,0.730750028809067
CC_86CF816B494B,0.06006752036169127
CC_86D4D58B1D0C,0.15528568917147373
CC_86E2C4E17CB6,0.04416929953560231
CC_86E9E191E3CA,0.41439463394924936
CC_87000C16C856,0.10345824437193939
CC_8703DD5FA02C,0.1989258079790388
CC_87065B1F429D,0.10765270720288957
CC_87434BBA1CE7,0.04404894102994453
CC_87450EA8CD55,0.699454724189056
CC_87480F785786,0.07542448343925137
CC_8777EA6EBFD4,0.039276111934211565
CC_877A35E76904,0.07730053956637875
CC_877B37D01563,0.14022685707779392
CC_879759A5EFB8,0.34177145247200597
CC_8798AF2651BC,0.1319396073357468
CC_879989FB3B92,0.5605975656513693
CC_87A3BECEE5A4,0.13398797860298908
CC_87B7CDF4BDDE,0.04093330161960878
CC_87C13E620006,0.2647212776331447
CC_87E3AFB080F8,0.16090937807351607
CC_880044F77ACC,0.09446965761986756
CC_8809BCAC74A9,0.034907692638324675
CC_880E0019DB5D,0.034020005073205205
CC_880F027D886E,0.1254450419057368
CC_8812BC579F7D,0.0800726351098208
CC_88225FE57D82,0.20459580528243398
CC_88315318E9DA,0.321453353434864
CC_883864E584A8,0.0693815299627574
CC_88469BAD58C4,0.052770755881778084
CC_8854EE679596,0.08874389900355527
CC_886273CC4072,0.07704038897097581
CC_8866B6D4524F,0.2365330915888384
CC_88A943606806,0.33176895285120717
CC_88E916A3F984,0.8299317730006748
CC_88FDC55C31A4,0.12476316900744416
CC_890D5EE59076,0.02890683654791344
CC_890F721517F2,0.1225395541019309
CC_89129D16418A,0.3426381150984328
CC_8917F02F9326,0.13633950207605455
CC_8920B6584A43,0.06194288865923159
CC_8929DF270419,0.7413420927496706
CC_892B119F0E5C,0.1890141394888163
CC_89302456B9D5,0.6756042320050263
CC_893FAA6D1F04,0.7421233909981373
CC_895AF697BFBB,0.2952956350701466
CC_8961FF892F79,0.03048876093293804
CC_897674493060,0.07003321511750052
CC_898AFCD28B03,0.12239391083336223
CC_898CC919D10F,0.18178572368208823
CC_89A711195EEB,0.1514401782650216
CC_89B4DF07DF12,0.07191442827582131
CC_89B941079E10,0.10069614106272277
CC_89B97E9FF67A,0.10973264929250443
CC_89C5162E8055,0.17086229435149008
CC_89CA0F1E2DBF,0.23028480823239372
CC_89DEE29A78AA,0.10946665494623378
CC_89E089707730,0.17284435032088455
CC_89F0B865A6D4,0.10268568784333615
CC_8A04C5D4D02D,0.06725507540243894
CC_8A081AA1FB92,0.3342151506996148
CC_8A0C640E7A89,0.5380688166672142
CC_8A12B68246A6,0.04067634909983526
CC_8A14A46B280C,0.15441570055339093
CC_8A165A18560F,0.30394720564811706
CC_8A19196788FA,0.06254910452064052
CC_8A25FA445037,0.1145148669906257
CC_8A29EA87B295,0.13706374235824198
CC_8A2AC87CB22A,0.05190064636580761
CC_8A34634E7423,0.618697983967873
CC_8A38BC1AFE57,0.07170429662429496
CC_8A4CAF0CD0F3,0.0883704450848769
CC_8A5A0429CAB0,0.14027497254600332
CC_8A6E60FAE870,0.08481206900379136
CC_8A7DA054E397,0.7019249291436639
CC_8A7F5FF4B421,0.2712901647275024
CC_8A8249A44847,0.11353802335640126
CC_8A8BCE16DF45,0.1353314532274113
CC_8A8EC764734B,0.07998858485756184
CC_8AB553BFA00A,0.10204668577206122
CC_8AB57DC077EE,0.6556816206866204
CC_8ABA5808D313,0.06008338011551964
CC_8ABDD9A05C87,0.3441105512242691
CC_8AC7520DBCCF,0.165768914973828
CC_8AC7F8BABF28,0.06032823399643227
CC_8AD67FB3A5CC,0.7440900247906816
CC_8ADDCF5EDCC1,0.09579042410339714
CC_8AF1C3A0799E,0.7470415754677886
CC_8B388FAED0B6,0.12489965664156143
CC_8B46CA903D09,0.028971510892619345
CC_8B5819403FC8,0.6466594392983313
CC_8B581B8207A9,0.14520535529437528
CC_8B6DBEF19F46,0.16140633637217966
CC_8B8326C4C229,0.1159209938284089
CC_8B850FDCFC83,0.085531935703864
CC_8B8F41F19B72,0.07891741411923943
CC_8BAF98C60957,0.14154029881220503
CC_8BB0824B181E,0.0520780967168372
CC_8BB963DAD9E2,0.153618705432294
CC_8BBF5F939D7C,0.14830443745533525
CC_8BCBDCF4DFF1,0.08944049976771454
CC_8BCE343561CB,0.7559650352394063
CC_8BDA87361657,0.0969331287567966
CC_8BE68A4DB87C,0.07342170603684704
CC_8BE9BBD879A5,0.043154858773804004
CC_8BED85B91011,0.38355325606903723
CC_8BF68E552DA2,0.1841128707359804
CC_8BF832E6464E,0.816347256181828
CC_8C1561920E84,0.23437681325491694
CC_8C2A7D9A667A,0.15367387994607223
CC_8C3A5DFE70B9,0.18463988543934487
CC_8C534CCBDA4C,0.20080168611808594
CC_8C6472A3EEAB,0.05074633301983622
CC_8C6B4854D16C,0.2566342442642925
CC_8C76DE4F58D4,0.061387978205226
CC_8C7DA3F4F88F,0.08948429067644559
CC_8C8527DE7DD7,0.08118124740455297
CC_8C9416612FDE,0.3907784396539764
CC_8C9973F02AD6,0.3221934065335662
CC_8CA1DB61A2AC,0.043456326780885346
CC_8CA59CAE22F6,0.1449930721225708
CC_8CAFD04A6EDD,0.10537337714599461
CC_8CCCC389913B,0.6383700484394017
CC_8CCEF12DC7B9,0.1907616172385357
CC_8CDCD714BD1F,0.7995381777620569
CC_8CEC7987D1B1,0.08582390629937225
CC_8CF621ADAC0A,0.2990781723990865
CC_8CF8FE2A4B82,0.3846883555775826
CC_8D048396D9D5,0.09968372889386559
CC_8D1089C58563,0.5362743015775718
CC_8D35A37FC4B1,0.1049615244556136
CC_8D41E12FE5B6,0.12640749469588275
CC_8D4A859839EF,0.15572994084793657
CC_8D4AD431C55F,0.08477183529279783
CC_8D4D882CA579,0.11463588573748909
CC_8D6151025078,0.10956452458637225
CC_8D637233FE54,0.16334507171698348
CC_8D6AEBA2D7EC,0.09028259116379049
CC_8D6E16DED971,0.18156210641555728
CC_8D7329F79BBD,0.4396183108881459
CC_8D7B7307C43F,0.08976014319989199
CC_8D7B9D4936EC,0.7123734647239359
CC_8D80B1B44AE1,0.3873266745650435
CC_8D9516D61143,0.3855703350751697
CC_8DBB8445786A,0.087689744548826
CC_8DC5B86D9DCC,0.766045827377678
CC_8DC6465998DD,0.1824616677301329
CC_8DDD0EDA9CB2,0.13855931900903343
CC_8DDEF0265CB4,0.05537103882344332
CC_8DE06BEB95A1,0.09424831897867686
CC_8DEBB5B14A14,0.14888535799840313
CC_8DF5BE7F759C,0.05998284200565543
CC_8E0ADCC71F85,0.05498775904853889
CC_8E0BD86F6F0E,0.08922075987436087
CC_8E143BFCF3E5,0.11351439958253784
CC_8E170A60D71C,0.36791938822876535
CC_8E1C3A21FAEE,0.10165928666204992
CC_8E408E18F060,0.10217962464535502
CC_8E42FB163DA5,0.812769175681602
CC_8E47536D29BE,0.28185697481356975
CC_8E50AFFC5BBD,0.04935912952360394
CC_8E5FB1035354,0.1631277957338841
CC_8E7B9B8DD1A3,0.09744195647159683
CC_8E85B08196AF,0.03246650108362355
CC_8E96FC75AE5A,0.07251653392330773
CC_8ECAB5A6C7B9,0.06901807370112001
CC_8ECC4C7A6638,0.4550162139391404
CC_8ED6F13C35F5,0.17141370626548838
CC_8EE5E9467038,0.17338630237159022
CC_8F037E5AE692,0.04764493822027169
CC_8F1A418D96B3,0.33214082628368047
CC_8F1C4014F91A,0.14155007524474406
CC_8F30A5FC9D49,0.09136886748119971
CC_8F3456F298F7,0.20691288015108864
CC_8F393D485C29,0.1418497456890912
CC_8F4A41130110,0.04389916296654549
CC_8F7AA6E4D486,0.10777265443400255
CC_8F887BE25314,0.16460060614068628
CC_8F90CD1A5E00,0.16352317035918168
CC_8F9B26042C4A,0.11494939895198406
CC_8FA9423E65C6,0.09591598636543967
CC_8FBA6C32E0A5,0.27391453753344613
CC_8FC1C50C41E7,0.08491618792153428
CC_8FD005425792,0.06165466389967468
CC_8FD6A223135B,0.14280654352670222
CC_9002450E1B5A,0.05414257516081984
CC_901CE62199C7,0.3804237536014924
CC_901D2136E1F9,0.1722465796386592
CC_902648F62345,0.1597241438782932
CC_902BF0612E70,0.15861670742559425
CC_9036F7423277,0.20145678550323975
CC_903AD2767BAE,0.7204625432933726
CC_903E4BA690FA,0.31932524665570844
CC_904386E31210,0.05041318696930748
CC_904EA6C846F8,0.37063096927249545
CC_90549DD3CC39,0.12562095262586953
CC_905739E5494F,0.08870041777436981
CC_906F852C69D6,0.6444901186785371
CC_907911F4930A,0.2578843727372834
CC_90798A7273BD,0.14327328253498262
CC_907F3A8AFCFB,0.07719076551665735
CC_907FA7722881,0.1022822206287058
CC_90812D9F30FE,0.0886647443188534
CC_90870A89F310,0.03611486841513389
CC_90894CA021C3,0.5673245096573865
CC_9092C5EBF5F6,0.048529202902519566
CC_90A10D649D9C,0.6828968346529678
CC_90BF8E127519,0.5671179524741761
CC_90DBB385A7F3,0.7236129054420987
CC_90EAD308012B,0.312861571493542
CC_90F4BF0B868D,0.11325817728049634
CC_90FA39516EAF,0.07212503802899631
CC_9117894F31C2,0.1711250850430638
CC_911ED63BB556,0.3568690813001554
CC_912730AE6E8F,0.3008148806679023
CC_912CA7EE4C26,0.12460003229775124
CC_912DA46AAED2,0.07890885584105925
CC_9132E67EA479,0.13690728648707964
CC_913D95FB31E0,0.15579774583678502
CC_91529F20D461,0.7544648324623293
CC_91586318C780,0.03710896116243105
CC_915F2708219D,0.1631239007331437
CC_916CCF9CBC08,0.03208139373173048
CC_916CF77A29CC,0.09411577775528279
CC_9189E4FF82C5,0.1459460539801196
CC_91A27CB6139A,0.1354177942681925
CC_91B7A4A15A37,0.6368882052006779
CC_91C2077BA6D7,0.08665394432258873
CC_91C4CC43EEE5,0.1441621225534681
CC_91C55BE33AC7,0.05763857746351515
CC_91C81BC58B49,0.05018010723741016
CC_91DE12EE18A7,0.37160884939160577
CC_91DED13CDCD9,0.16871948187770935
CC_91EF639761F8,0.14684229278173658
CC_91F23A7E743A,0.3106113819565707
CC_91F4C5E889C7,0.7378897421202406
CC_920E91EB28A7,0.18200818607354624
CC_921481F5F77E,0.10389490050152317
CC_92221DB27176,0.18565280027165348
CC_9224D5677C66,0.11881487494026283
CC_9230B9656F93,0.20501950598202956
CC_9231D0F8A993,0.7315939179780261
CC_923727159A8F,0.04753082589227939
CC_9248706729D9,0.03754855929236557
CC_924AEB5DD991,0.20099901924417016
CC_9250BA851692,0.31048984048286266
CC_925BACE3417D,0.09600193995156858
CC_9260CD0D7C0A,0.13164905338645586
CC_9285EB21B38A,0.10955546734309154
CC_92A09F03DAB5,0.8007969261864626
CC_92BC35D7F9CD,0.10331190367233158
CC_92C5FE9E5B12,0.6923315659010041
CC_92DC8CF8C902,0.09507907402753439
CC_92E006664648,0.26106136991828477
CC_92E4EFB9F0DD,0.11138380121688432
CC_92E621E0298E,0.190872387041898
CC_92F412AC7D22,0.07968048845649509
CC_92F42886B7E4,0.22006784693697834
CC_9301E23D376D,0.5783114413886923
CC_931133320380,0.20328586763545042
CC_9314B6D8B7F2,0.07072974535880487
CC_9337E3B43211,0.18362799064558075
CC_933E044F26DB,0.09400192548872557
CC_934BB89938A3,0.08658786316127351
CC_935296A995DA,0.13056225213734796
CC_935326AF26E2,0.16730215113346206
CC_935B72B8E7F0,0.05338830655045995
CC_936FF3C9BE68,0.042372439167499526
CC_937FFE1718BC,0.038654425802480366
CC_939F92AEE460,0.800457110508231
CC_93A4365B25CF,0.7997527676641809
CC_93AB9D6A7EFA,0.08590695231452408
CC_93C719738590,0.8147197541729689
CC_93CB48930B37,0.19654353731605373
CC_93D24FAFD21D,0.09956674458404625
CC_93DB5F477493,0.12790485180335567
CC_93E1CAFAD44D,0.06786227281212909
CC_93EC9F853123,0.2135491743742995
CC_93FEAF515A8E,0.04435494639487949
CC_94063A67F136,0.2814735322178684
CC_9406E32819F5,0.0622182401768256
CC_940971CBC1A4,0.17982005440976478
CC_940ADC8DEA3F,0.12282639509760551
CC_940C7E8E0C52,0.21723188144415317
CC_941DD2E1DE56,0.15242849682004583
CC_941FC1FD0D55,0.21060624632377956
CC_943B720DB5BB,0.10790121048162071
CC_9440309323A0,0.1509061606368186
CC_944B461BC558,0.059802775596491844
CC_9453654BACE9,0.1844576186573788
CC_945888CEAF10,0.31580777470748117
CC_9458D4A483A8,0.11154365914494996
CC_9464BA7E98B9,0.08315587313357639
CC_94794B478A5C,0.294286381386655
CC_947E58EFF90A,0.08910951446875116
CC_948537FC17AA,0.7838320366059535
CC_949576D25153,0.08098346173195815
CC_949B8CEAD619,0.08900471065104393
CC_94B4E05906A9,0.13896090076567374
CC_94C3B6F3B0CC,0.13485153476976192
CC_94C3D9D8FBF3,0.6383602925453586
CC_94CD530B2099,0.07383234073197949
CC_94E9D1E527E6,0.03343632969003067
CC_950450C0845E,0.39293961820970275
CC_95169A4360C6,0.04559505962129651
CC_951A69571676,0.052493647649892866
CC_95232636844F,0.2088106737242506
CC_953A5913EDD3,0.16577603737090688
CC_953B678083F9,0.08635098937057153
CC_9541BD0604B6,0.1733059324793122
CC_954404C1BEE6,0.37654254860606967
CC_95444ED71872,0.08171053217460231
CC_9544B86C78A6,0.7199355923738837
CC_954AD7E7C8F1,0.16130255868836046
CC_95525CC6C854,0.14256736196860006
CC_95573B318A91,0.043802114634907394
CC_9569309DC18E,0.09033407716331962
CC_956A2DF28600,0.19939911931331883
CC_957C7A0D7B72,0.3400403592046111
CC_958BECCA0BAB,0.4596193899047962
CC_95A6C4DA2F12,0.6279937043003014
CC_95AB75B5BBBB,0.13359493740272832
CC_95C1274DD7DF,0.02537532395318401
CC_95CD8F6A8CBA,0.03876888409138936
CC_95DD4DC604BD,0.15810112317933964
CC_95E1AC08266F,0.14612691143456474
CC_95E3DDCB74EF,0.0610707671075493
CC_9601384AC971,0.44991100090777636
CC_9608A73A8025,0.16431244445232063
CC_961F3BFBDDAC,0.855402159279758
CC_96206C1277EB,0.2691175074492666
CC_96396AE6347C,0.19804610758667374
CC_96416D2A937F,0.20975303722252897
CC_964C2E0B00C1,0.19493243125270543
CC_9657A2A04BAF,0.2158736344427136
CC_9662D713B7BB,0.2192461653442291
CC_9664F83B7F1D,0.16838106633896024
CC_968AF836D0C4,0.050934206078072565
CC_96A6735A4317,0.06497297149682302
CC_96BC62A4A0AD,0.21623137377644944
CC_96CD75668A6C,0.062448799363348975
CC_96D928252719,0.3850851718442888
CC_96E40BDE9A6C,0.13036652349408065
CC_970116768415,0.21514915199440549
CC_970E94875C2B,0.7668551214172219
CC_9721C8A61D80,0.07823432484196101
CC_972313B0F814,0.1804212617431403
CC_972FD8FFFF63,0.5737471868952136
CC_97478A77EC17,0.1768116442878673
CC_974D14774BD8,0.05897408923647711
CC_974D86BD39FD,0.0466011106101806
CC_97508465AB76,0.1260421558923524
CC_975689C0CD6E,0.06625263967525521
CC_975967702106,0.04596807601651798
CC_975F3F07ED23,0.05076527253687027
CC_976E0D9A64ED,0.3500835407156713
CC_977145B2B363,0.3854703555689216
CC_9772CABFE1D2,0.8041669241846725
CC_9773C1E6AC8B,0.6282917889658459
CC_97832657396B,0.4674841963518177
CC_97963C337FD3,0.47776739201755053
CC_97978B581F20,0.186126407846805
CC_97A9ECF23955,0.2379382510362179
CC_97ACD6D965F3,0.09252764915023506
CC_97C69AF6E34B,0.7269107864510316
CC_97D0E7256861,0.6867307592739531
CC_97DEBFBE2BDE,0.2607141760546499
CC_97ED469F2950,0.10743510635177479
CC_97EE84ABA6BF,0.28581240948297054
CC_9801B22BF375,0.1044060048883079
CC_9803B6D4D780,0.2763664238283813
CC_980E90C8A301,0.10847309807590293
CC_9814B3D08A69,0.0811775149838763
CC_9821BD45BB0D,0.16440017571340665
CC_9829FA0350F7,0.03399864544682335
CC_982CAA309A38,0.1727275010443075
CC_98346EBF382E,0.14122835763669406
CC_986698CCC6AA,0.14129028551318118
CC_988FC580CD50,0.11428980433173858
CC_989795BA3DD2,0.05856449876520024
CC_9897A1DFE807,0.08316491364183709
CC_98A2C8F4E956,0.07484334695837101
CC_98A3E6CDC707,0.10925964469877075
CC_98CE15EE1565,0.05468946397005821
CC_98D036D16215,0.06229972109075828
CC_98D09B14EE3D,0.4252435684063074
CC_98DB782DF852,0.04902198279335589
CC_98E2EA67BC97,0.07063461770767199
CC_98E6E7CF74AF,0.08007283867786269
CC_98EEEB2A83DF,0.6155264151194728
CC_98F3D3194788,0.12753208796216628
CC_98F8A8CF4F9C,0.32957899474891694
CC_98F91BAB57EE,0.16472953670173532
CC_98FA377070FB,0.189791300768738
CC_9900D0479959,0.32746433153967003
CC_99061A735C6D,0.2369569770955792
CC_99093EC1A2C2,0.12243133652638333
CC_99376CA4DC26,0.04439727593402177
CC_993A588895DA,0.13436512571435466
CC_993EE6417CED,0.07901333786827625
CC_99559319913F,0.041755294258995684
CC_9970123DCC41,0.31128989296333054
CC_998BB6848FDE,0.08094340789554352
CC_99958287B2A9,0.4996246585620907
CC_999BAB2D16FA,0.4126642434371437
CC_999C7029261D,0.772625414919998
CC_99AA61D1896E,0.08087768461775453
CC_99C03E7D99CE,0.05146113766027827
CC_99C62022794F,0.08432092935530883
CC_99D46BE6593A,0.19028777053828005
CC_99D5A5371B39,0.1578964577219366
CC_99D79709AD9F,0.7696486867157257
CC_99D7DDAA460A,0.16637098753658036
CC_99FC44B3C58A,0.116443817966904
CC_9A02B2A17C07,0.10633004425711576
CC_9A05DE55D408,0.20148381231503917
CC_9A0C42AA09BD,0.3662063111311535
CC_9A2B390551F6,0.05489882966736631
CC_9A2D66206BD1,0.5042218017929256
CC_9A366E181FA0,0.15062009487357203
CC_9A39365FA850,0.6410696052677437
CC_9A42833BA860,0.03917476079930537
CC_9A4911A0140F,0.08772407112822353
CC_9A4FE1E8E0C5,0.4214945884104305
CC_9A51017C734F,0.3485260667412856
CC_9A5DCCD62D0A,0.37405992790030906
CC_9A602F492510,0.18299167095734237
CC_9A66BDD34B89,0.037616512086877996
CC_9A6AB0AB1E67,0.04336631441871021
CC_9A7049ED5656,0.5740666826690889
CC_9A7AF31828E5,0.09150423565395292
CC_9AA750377C6F,0.11087892630768584
CC_9AB359C82202,0.05062103696533403
CC_9AB7BF77EE83,0.7578961911715658
CC_9ACAC8474B9F,0.021449316573581144
CC_9ACCA4FB9101,0.06373609996848516
CC_9AE1529AF9E0,0.11501334679862969
CC_9AEE181F1156,0.24208398951376942
CC_9AFD130D3725,0.10888369879947536
CC_9B09C3353732,0.07998233720476687
CC_9B0D37817EBB,0.08039087061406576
CC_9B290B59155F,0.3895841235051129
CC_9B2D487C64B0,0.0842517665991857
CC_9B3DEC76ABF7,0.0724984147102776
CC_9B4F778D0A6E,0.18424178436638133
CC_9B581A92C2A3,0.36649722992330663
CC_9B5CA8C38414,0.17516309979020916
CC_9B6E82167593,0.19040779889186588
CC_9B6F6B2BCC05,0.3372731758567329
CC_9B7FC3DA1594,0.3310079160504943
CC_9B957DC280F6,0.15699015045534415
CC_9B997DF20042,0.38984282782296376
CC_9B9BC4B83736,0.07685396775516333
CC_9BBE1A16C04A,0.1618492173067431
CC_9BC63F1A568C,0.2576273443370577
CC_9BCB0166227D,0.2318438957936673
CC_9BD3DC96ACC5,0.11775205345495837
CC_9BDC5A0E43C7,0.4114855773356098
CC_9BF9485A3F9D,0.24301950751131285
CC_9BFE93FF2145,0.2416875512023417
CC_9C0470A0536E,0.2324903090624757
CC_9C205AF09E47,0.5436989851755242
CC_9C30DC5C1E46,0.06179203137611289
CC_9C325B6CAD11,0.0421603703290766
CC_9C4A200D0BFB,0.4147359478546325
CC_9C5EAF238007,0.2440306959633478
CC_9C601C6BBD37,0.057982951532534965
CC_9C606C2C92CC,0.05967554636304627
CC_9C6192D3A16B,0.07171960557679483
CC_9C84FB9B1469,0.0667977881232004
CC_9C989433D637,0.2602543211934561
CC_9C9B2FEB4937,0.15830132410330608
CC_9CA7FBE1DD54,0.14562248533116157
CC_9CACA50F80F2,0.18358912182180653
CC_9CB40D552388,0.06882575685746273
CC_9CB8127D17F0,0.03192318543179924
CC_9CB9CE2989CF,0.7265448527349301
CC_9CCE51CD83ED,0.8100118919271015
CC_9CDD2F3D0BE7,0.0450193739377608
CC_9CDEC693AA99,0.3936398213747214
CC_9CE9091AA9A9,0.24106066739894824
CC_9D007C60D29F,0.06280387345387839
CC_9D017774D4FC,0.6852467134199007
CC_9D095EC1F232,0.2519839627734455
CC_9D1A1281C8FB,0.3356191532732855
CC_9D23F42B7996,0.46419933514124684
CC_9D2FBC479646,0.7006537658650239
CC_9D363365CAFD,0.08088567388710077
CC_9D44E4543573,0.19212379589399248
CC_9D45F67E3B01,0.0736521137206262
CC_9D535DD207D2,0.08147803652638841
CC_9D53ED53A15A,0.6006396937909253
CC_9D5D97AEE98B,0.5009411530443569
CC_9D5F2A5B6913,0.08864654219628373
CC_9D6BC1C470B0,0.504784357430383
CC_9D71FBDE765A,0.04232969554002203
CC_9D73939E357F,0.11913004443464029
CC_9D82F401BD88,0.6501369706955419
CC_9D8B4454BE84,0.25768731457600247
CC_9D92537645DB,0.05869489826224112
CC_9D95ADE03ED1,0.22698827392337295
CC_9D98FE7A1809,0.04626458802122554
CC_9D9D59757786,0.07436860819949767
CC_9DAEB38616AC,0.15468496878410629
CC_9DD55CC0E928,0.020978735624192363
CC_9DD6B460CDFB,0.24905594867050104
CC_9DD80B5E3729,0.08897892066415086
CC_9DD82B4310AC,0.4262796081841007
CC_9DD9389E8AE0,0.0875092645747077
CC_9DDA8ACEB3D8,0.0748341024283082
CC_9DDCD898D01D,0.13629320376554588
CC_9DDD90B42A27,0.826217052967998
CC_9DF1807A4316,0.037028527152340736
CC_9DF786FD2620,0.4411670244488164
CC_9DF7B9B3C8F8,0.06957869900461787
CC_9DFF6E2AC586,0.15308077701280534
CC_9E0546BD7BD6,0.14318636089367107
CC_9E0BE8227931,0.08827286020806273
CC_9E1A205BA261,0.4093794249252766
CC_9E2967559B00,0.053306038621289936
CC_9E323A031449,0.7284523805336423
CC_9E377CC03D51,0.04892119353019925
CC_9E3B83584C12,0.161946266251485
CC_9E3D46FF5709,0.600187754533141
CC_9E4FA91B86A9,0.07763052839659029
CC_9E53534DCD6B,0.13814059219323033
CC_9E73656FC8C0,0.7300724444659772
CC_9E7430675033,0.18859409691219967
CC_9E84CACDD7B6,0.3789945600231508
CC_9E84E0E4C5BE,0.3047357169492836
CC_9E9C65275B4C,0.09492745649039966
CC_9E9CB6473D59,0.2553833674133881
CC_9EA4F11BE6C2,0.16490578151650706
CC_9EBE3F26F2FB,0.06589537318973485
CC_9EC23AB6C573,0.3437511284063199
CC_9EC34DDD0E53,0.04589737787758775
CC_9ED8EDFE8C55,0.06463806094425023
CC_9EF352F179D2,0.08467974112436685
CC_9EF505400F8B,0.6380800540449777
CC_9EF66D83B743,0.30483366093010056
CC_9F051572BFE4,0.20569595632899187
CC_9F151A782BAC,0.22457885429522984
CC_9F1A5DF4619C,0.35998818943155114
CC_9F1BF78ECD7A,0.09014594554390327
CC_9F263092AD72,0.16086333965986035
CC_9F36EC36A9E6,0.10141568650430882
CC_9F3D52242888,0.1870823823743963
CC_9F41F312CDBB,0.32631588197689165
CC_9F425167F9ED,0.16636235973442534
CC_9F6981E0009A,0.2875066654771088
CC_9F706DFE0AE7,0.029880898910558007
CC_9F7B525DD52D,0.36175372332438316
CC_9F8D5A5A9DAC,0.1733835901956734
CC_9F8FAE57E6A8,0.1403420664618751
CC_9FD1AB8E65FE,0.0463778824852375
CC_9FD2689202D5,0.12156818180604466
CC_9FDBB5C2CD09,0.036455907573993224
CC_9FE52BD71CA2,0.10350948342805515
CC_9FE8E62EB24D,0.08960376805926135
CC_9FEA59AEA00C,0.2643016703373145
CC_9FEA77B36A29,0.36873087791790937
CC_9FEE9701D16D,0.25464373421333086
CC_9FF35BA60E6E,0.29842629087960604
CC_A0003F08B22E,0.16084019854827802
CC_A00AE2543224,0.06998607853721878
CC_A02A29DECDC6,0.10639707238821877
CC_A0336C21117C,0.6652398874725363
CC_A053B42BBE0B,0.06605352616952989
CC_A0591F16FA37,0.02813802434912896
CC_A05F962C80FF,0.16230347415217222
CC_A07B0549E53F,0.06092563301584089
CC_A09F230CCF5D,0.6740990675469283
CC_A0AED6346ECD,0.20426091835434396
CC_A0C4A796643F,0.10529467932271121
CC_A0D6DDFB430F,0.06200235844010091
CC_A0DF672F9C4E,0.12307088540494956
CC_A0E8C7C5558A,0.28494674008385384
CC_A0E9269DF22C,0.5007617351632072
CC_A0F1DB5CB28C,0.09854202082800971
CC_A0F42B26F8F0,0.057043850485016104
CC_A0F8F80EDFB0,0.061313151524204364
CC_A10AD9550E4D,0.026119869530966407
CC_A10EB26E5EE1,0.18013857903808034
CC_A111B065F623,0.07123395056972984
CC_A113D95B4AB2,0.14714409939058945
CC_A1320C0F0129,0.7347108875827751
CC_A1348D850EFD,0.7818070602992595
CC_A13D08B372E8,0.06138157824236491
CC_A143E64BD9D6,0.35799857920909983
CC_A14B0A24DC3C,0.1144842486364637
CC_A15137F25F7C,0.07498719426593262
CC_A152DBEC5BE7,0.053057376452838735
CC_A1591CFF6D81,0.04036536778375746
CC_A168CCB582C6,0.3648907396624974
CC_A17DC38133CE,0.7798736158689862
CC_A185D5EA3DE8,0.6471358212188967
CC_A19C842508E0,0.14150394920874626
CC_A1B648DA406D,0.02607700430556504
CC_A1BF7028CAA8,0.02117513586767428
CC_A1D035FA36E1,0.08600073527925303
CC_A1DD653D41A7,0.08990576346022178
CC_A1E3AD4B934C,0.30981138542983694
CC_A1E58421CE87,0.0486816114872863
CC_A219144EDEFE,0.06069639704523974
CC_A21FCEEBB3C3,0.42633000450249314
CC_A220E4278D79,0.03782044436016076
CC_A2231BDC961C,0.26215019448969057
CC_A234E219EFC7,0.35196450830008164
CC_A239B1BD81FF,0.06670002699584365
CC_A23D8CFFA31F,0.0728407943421944
CC_A23F463F4B4D,0.039203522658908946
CC_A23FFDC4A7A4,0.08435351101823535
CC_A2423E273F84,0.11397102842536871
CC_A2493E6036AD,0.32900866225481595
CC_A25C54470CED,0.08519603373893221
CC_A25FA690BBBC,0.12237402643311693
CC_A2636CF7C075,0.08852559491886579
CC_A26C22870E3D,0.46113588942193956
CC_A26F6A272B3F,0.13373721337644812
CC_A27CDC9BCBAA,0.188556176262968
CC_A27E5269DA60,0.2058949400009445
CC_A28D4A46B6FA,0.10763371404462391
CC_A28EB319030E,0.04321635822478619
CC_A294D3A59462,0.8066929529550662
CC_A29D8034C304,0.06157687448790829
CC_A2A109409963,0.050814157749658306
CC_A2A4FA5F9962,0.11473788813094493
CC_A2A7E30C59D0,0.14769971297837725
CC_A2B5D2D4E269,0.5161643753583443
CC_A2BB24180208,0.27253165623342557
CC_A2CF1DFEFE46,0.4896367853910991
CC_A2D6090EA5B8,0.16402184203186876
CC_A300BC40BC9D,0.042012747816497345
CC_A3212501F639,0.19465733856017364
CC_A3278A566572,0.05522567615631025
CC_A327EBE4F783,0.174147843299146
CC_A32FB6659B01,0.07432625774464614
CC_A33915EE72B6,0.2244997837510061
CC_A33D350BE79E,0.17877789583976242
CC_A3553B8AA8F6,0.10495675567211674
CC_A36EB077BF3C,0.028195413603039753
CC_A3753EB66DEC,0.11386826244491645
CC_A378342AC9BB,0.147167657625544
CC_A379E9455C60,0.1521622795146603
CC_A387ADBD7249,0.09414252514083443
CC_A39E961FC29F,0.1671328567304731
CC_A39FA1EF0B16,0.26573401003426267
CC_A3A4E39FB04D,0.17285415973859222
CC_A3A751BE68D2,0.0372372838848655
CC_A3ABB3C5E9D5,0.610738102517917
CC_A3AF9C2C68F1,0.19185099745069473
CC_A3BEA14873AD,0.1313650930308664
CC_A3C2FEE13C37,0.15583216725832866
CC_A3D6435D5F17,0.14737606783905888
CC_A3E3E51AD0E7,0.045907816403997076
CC_A40566694D53,0.2594723521625254
CC_A410C0DC7125,0.04051587644655087
CC_A42168D2B94B,0.0793438486527715
CC_A43CED9AFEF5,0.4485060660821626
CC_A4475A788D13,0.12948668959482695
CC_A44D677C0C07,0.04613829758017059
CC_A44E2673E71E,0.04471094729382364
CC_A44E79A96425,0.3680225039737634
CC_A462CA147DB9,0.11212498952072011
CC_A4660E424386,0.21023719512186143
CC_A476C9F116F6,0.15587479535710627
CC_A47C83B6EE2B,0.14589777204933416
CC_A47F8594678C,0.2764675531730116
CC_A48A7592F96A,0.05623969167066654
CC_A49195E659EE,0.06296287407330134
CC_A498A936AD21,0.1087674087904081
CC_A4BE6692361C,0.6098771177425504
CC_A4BF2115580C,0.07526347252320038
CC_A4CACCD14A0E,0.12071219068449168
CC_A4CE57A1AB74,0.06155156685831911
CC_A4DE4F1B5F93,0.2105084120323173
CC_A4E300558DAB,0.06099604133187056
CC_A4E972915D89,0.7621986201380124
CC_A4EEA04CF3D0,0.18970847068213173
CC_A4F400E9A0ED,0.04894229397133676
CC_A4F550D7F95B,0.19868784223533342
CC_A4FB91B1BF31,0.18692558117313496
CC_A500C1ED0A33,0.19458087763780468
CC_A50471962A96,0.7077387243161259
CC_A5161D8AA57D,0.11997600926202859
CC_A519C84307D2,0.08752062693402735
CC_A5277A9BE02B,0.7186347075329715
CC_A53578FCEA71,0.13762142697642865
CC_A54EAD1CCE27,0.14802976091653075
CC_A5512DA239BF,0.14772035715566123
CC_A5545DF298BE,0.06771912788693092
CC_A556EEF3010C,0.44430017490722984
CC_A56756C65136,0.3304952321188957
CC_A5852E06D2D5,0.2393618442017864
CC_A5886994671C,0.15322591498990293
CC_A594D8B41A99,0.05177200956160839
CC_A59C6A6B71C3,0.07283798385263318
CC_A5A06987AF5C,0.20157043942281794
CC_A5A1512FEEFD,0.17400333182879987
CC_A5ACE4284283,0.1521776359974712
CC_A5B10F07BCD5,0.09877998781293651
CC_A5BC9ACDB4CD,0.06763642043174126
CC_A5BF8B260922,0.44021344360917236
CC_A5C52379AE06,0.2558581966554317
CC_A5DD4441568D,0.028992758643253513
CC_A5FE3BE2949D,0.03847968575039662
CC_A60EF94F09C4,0.33954591174761867
CC_A628BE74CB45,0.13424232203866643
CC_A6292E9B43AD,0.059609354535645406
CC_A638610BF8F8,0.10644295849226638
CC_A63BBA86CE9A,0.30917218206238795
CC_A63BDDAC43CB,0.06567778304760419
CC_A6409E37A735,0.1264894590074655
CC_A655EC341406,0.1369213028159267
CC_A6562E47BFC7,0.19786210022039666
CC_A6563A22D668,0.7250461973614865
CC_A6601278C1BD,0.10473721057659227
CC_A683678AC9FC,0.3401507964441033
CC_A6864FE80A94,0.09341536256370105
CC_A69117CC3C24,0.15888624386411454
CC_A69928C7D217,0.16151250673582465
CC_A6A8BAF7124A,0.27990643532013215
CC_A6B7DFC69AAE,0.5545850862429348
CC_A6BB595B55AA,0.05929174076466599
CC_A6C5284C4586,0.09123621540883546
CC_A6CB0D0191D3,0.08407162917331228
CC_A6FA3FA9F0FB,0.10433053276779441
CC_A6FDADD23BD7,0.042122847684653235
CC_A6FE3938F001,0.19913162657185035
CC_A71DB65F0BBA,0.6490597264244289
CC_A730F4964FD4,0.11169902429259355
CC_A73C02C58DDA,0.12505720229867415
CC_A746BC2289C7,0.2867414460536436
CC_A766C3608214,0.12197987898433874
CC_A76F48111A8D,0.13888747631914683
CC_A77AEC8AD2D1,0.022441112649266428
CC_A781174166B3,0.18398610971342144
CC_A79024286DFF,0.05955335424762667
CC_A792720B875E,0.10551455540614589
CC_A7952C2BC5B6,0.07739227449085793
CC_A7954EE1A1C4,0.04352835870559239
CC_A7991E6B3CAD,0.2302694123454963
CC_A7B141DF4AAF,0.060317386064093065
CC_A7BE2CED0B93,0.049394873218657674
CC_A7CF446093DD,0.2604842093360381
CC_A7D1C6692090,0.07801835745152333
CC_A7D6CAB54328,0.44079787346224675
CC_A7D8D1DA4EA6,0.12016288615552069
CC_A8102BA6933F,0.04861948418656441
CC_A81C1EDC5FE0,0.10024130125638159
CC_A82C0FDDC303,0.21132050048781
CC_A83F92C0CABC,0.15466349573055094
CC_A849B0F60EEC,0.055246437271845236
CC_A852AAB180D7,0.04126032042318536
CC_A8536626873D,0.21009225790530278
CC_A85F953FFD40,0.3618043306841279
CC_A865A3F1E28A,0.6939071434055494
CC_A867253FC73C,0.7467846797032192
CC_A877592FE1AF,0.0603474028123602
CC_A8AE26057851,0.1760616075384429
CC_A8D50530622B,0.13617473773981562
CC_A8D5C834B061,0.7184178164673495
CC_A8DF49EED27D,0.7984306987256488
CC_A8FB53A944AA,0.09324447103395293
CC_A8FF19BCFB18,0.15489671669214983
CC_A9042AA97760,0.06233912004769349
CC_A917D68B7F33,0.04791200870666183
CC_A925B3023F01,0.14954172620159495
CC_A93A49678A0E,0.7093811126048615
CC_A944C14551E0,0.11134663791030347
CC_A949A4D6CFDF,0.026051834382925267
CC_A96085AAACBB,0.37668196349810784
CC_A968E7B519AC,0.5659599340533208
CC_A96F61DA3920,0.2617622658087951
CC_A98AA461487F,0.04649043929004111
CC_A98DE37F48B1,0.029631160514752085
CC_A99526CAE7B8,0.08958344792643812
CC_A9997F50D935,0.12046954850347752
CC_A99C3B09B728,0.05399251088194801
CC_A9A0DADE60F5,0.2494245630083571
CC_A9E27E0F8BF7,0.11530022373418106
CC_AA06B8C44B08,0.5960513861417049
CC_AA078692F54D,0.04395070127076912
CC_AA3181148667,0.1352930915611832
CC_AA36C8AD0AD4,0.1013653460244637
CC_AA36F0397FF6,0.09203157759815393
CC_AA3A8989A632,0.6186172495856768
CC_AA4A1B7522D9,0.08922007088406916
CC_AA4AE0378324,0.2315060241014732
CC_AA5E4D5A692F,0.16494009704332277
CC_AA68EABEE4B1,0.08914600183511959
CC_AA6B5A7A5B67,0.078224732796885
CC_AA6BD423C239,0.39154086499751756
CC_AA7074B42A4C,0.48987879794584527
CC_AA7A7F3159DC,0.09537496064700174
CC_AA7BDEB972E4,0.11953743516809393
CC_AA83426311A1,0.07360584859714117
CC_AA8F7D307212,0.15503992801797276
CC_AA994120654B,0.07825786931529796
CC_AA99CC1D0A77,0.10806549994241804
CC_AA9DF917E958,0.1322713285365116
CC_AA9FC6678135,0.3318238304369877
CC_AAA47EC0D4CE,0.09246441847236303
CC_AAD9F600283C,0.09727383014279362
CC_AADF003A3927,0.07294294583893074
CC_AAECFE806C8D,0.22019693848526536
CC_AAF2022B9CD1,0.171989975335106
CC_AAF445E4CCF4,0.07350014682614471
CC_AAFDCAA5CA06,0.6642063045345578
CC_AB0384E131D8,0.1814345703490648
CC_AB0A4F4A2968,0.22411898681030704
CC_AB108580856A,0.09400387190896158
CC_AB10FED15FC0,0.8179580998217973
CC_AB176233A184,0.0577912014350377
CC_AB250982887C,0.11722571458164566
CC_AB25C565EA6F,0.07011882902632519
CC_AB31BDAE74E0,0.23355836534552224
CC_AB38A76F5698,0.3874282731602536
CC_AB38F588BDD4,0.1581214467211968
CC_AB3DB55C9A2E,0.1778889056782742
CC_AB42A7DA8FAE,0.1803163316368625
CC_AB486E8855F7,0.11563764275252572
CC_AB4A79BF0F21,0.0411803495165094
CC_AB7472FE1C8B,0.053514666349694755
CC_AB78F64D1DA0,0.11285520779044167
CC_AB821E2FB031,0.060668810450966
CC_AB873276D910,0.05642129473401479
CC_AB8CF3C05B61,0.09970205208936182
CC_AB8DD8448ABE,0.3123381626716879
CC_AB953366A38C,0.09943975424064438
CC_ABB193697B23,0.6156916167484515
CC_ABB3F0A040BD,0.12996990363176925
CC_ABB618AD3E52,0.22585479114575557
CC_ABC0DA7DAFA5,0.03630731801010332
CC_ABC49E43DF40,0.6458126784333208
CC_ABD89F61734F,0.1269271718560465
CC_ABE04CDC2866,0.5713340403926238
CC_ABE98746DB91,0.5526285166803089
CC_ABFDF22BBD97,0.062137283407172464
CC_AC0498A54CAD,0.23266735458429533
CC_AC1C23EA2767,0.3183614781536949
CC_AC1E028B2A1A,0.10555931022729671
CC_AC255B902EEB,0.1699214840812133
CC_AC44A88F7869,0.06100389009014773
CC_AC51CBCACA63,0.11987737402896624
CC_AC723E5F5EFA,0.03794034656590066
CC_AC7994A5FDC4,0.10737096849668515
CC_AC7EFDBCF2E8,0.7337317807996251
CC_AC8A45716CD8,0.12692638091663722
CC_AC8FB78319A0,0.030669628830615147
CC_AC95C517E726,0.09756094385923497
CC_ACA4C6C9316D,0.058586358660040694
CC_ACAD97A186F4,0.07726778216475508
CC_ACC12168D6A9,0.15757132354138975
CC_ACC53294D3A0,0.08942393966554846
CC_ACC6A74A8BEC,0.0654823343446535
CC_ACD94D2B1200,0.06779543773607394
CC_ACD988315902,0.03590845830345922
CC_ACDA59536C9B,0.1291189704101599
CC_ACE5A4081F6E,0.17851538343117956
CC_ACF4F9A2CCFC,0.18751938736224955
CC_AD0D7D212968,0.3137094668771506
CC_AD131D09EB0F,0.12566929045707487
CC_AD13C87CF26E,0.18607136482865644
CC_AD2050A0C79D,0.15350877009203615
CC_AD276D71D3A7,0.3003109671896085
CC_AD2C54521FE4,0.1991005776699568
CC_AD2E59624FEC,0.37336009988327534
CC_AD3A36AF2840,0.27447084978610214
CC_AD3D286D0B68,0.17691300274959948
CC_AD46818E459F,0.6204784651130928
CC_AD4BB2E22EA9,0.21209259554640675
CC_AD4F7F88242F,0.3474458216293149
CC_AD58ADCD54CE,0.7054876712140651
CC_AD71619FA389,0.12371013174731725
CC_AD84592B950B,0.06353817191992671
CC_AD9898C0E8D2,0.12410720433348996
CC_ADC70A21D661,0.3258573962864565
CC_ADCF16189AF2,0.222729536146685
CC_ADD894E6E4F4,0.35255498800814733
CC_ADE899835555,0.13673957733783135
CC_AE0D73A1EE19,0.37465145114274756
CC_AE0F08EA3935,0.1740635862621704
CC_AE23B59E6FC8,0.2912537936647971
CC_AE289E013D60,0.08091530592745134
CC_AE34D3F7F224,0.7194638720535934
CC_AE4069D8B4F6,0.20578795735498134
CC_AE4896E2BE76,0.7243524756248061
CC_AE51DCFE0671,0.0805690944527957
CC_AE69FEA8DA68,0.15349266137666343
CC_AE7C129CC90F,0.2133678992467335
CC_AE7CD49F20AB,0.16557336261503786
CC_AE89526E0335,0.1855980101828941
CC_AE8D62CF30C0,0.10626984821949587
CC_AE8D9CE8D6FE,0.037436117119549674
CC_AEB019CB9065,0.17127444068527173
CC_AED1D50AF584,0.10568751887495073
CC_AEE546316FB0,0.23045003159479682
CC_AEE5FA00FA6C,0.41877576066601985
CC_AEEC765D157B,0.0426239814488108
CC_AEEE44D6C8A4,0.02427403665628338
CC_AF14FF3EF570,0.32954778856646116
CC_AF1C3ACBA6B2,0.12331108560564484
CC_AF1E911C98B6,0.31131173890656727
CC_AF337F410520,0.08387774896269877
CC_AF3C7BC3BA40,0.102250592099557
CC_AF41E4075C87,0.17529227612898357
CC_AF6B4405276D,0.7146412900586844
CC_AF78FE0BDBEE,0.10086926646774372
CC_AF8238D9082F,0.05401985263302002
CC_AF8CA6EE53C3,0.06221851326129435
CC_AF9AFA7C49A8,0.10610692335360342
CC_AFA1E3D3C685,0.17232515326077202
CC_AFA680030CB4,0.6195069967020689
CC_AFB351270B8B,0.034548778797312926
CC_AFC405AE0029,0.076908580442058
CC_AFF90422E4FC,0.3695378877706532
CC_AFFBE2744B87,0.7807346539682052
CC_B0043CA53FCE,0.08626171243065825
CC_B01B2BD4EFD7,0.2556735173969525
CC_B01E87EB9940,0.14692813759910056
CC_B0273E66E2A5,0.16598572234890308
CC_B03E98085A9F,0.06783304702855088
CC_B0420D8C42DC,0.4785496195152958
CC_B0497BEB9F6B,0.135050905039751
CC_B04A5E60B69D,0.0887440666305178
CC_B04D5517A193,0.11910085665809021
CC_B05FF3A960A0,0.22911549500093958
CC_B06A532EC131,0.2891900734991956
CC_B06D33A6761F,0.13200629129920424
CC_B074D4472CE4,0.04226308329655517
CC_B07CE95BCD88,0.3168759337047427
CC_B07D79368225,0.12429407944791651
CC_B07DD1ABABCE,0.738741379113355
CC_B086C2D77820,0.17904055577275296
CC_B088DE9C9E3B,0.24039965377945088
CC_B0CD7932067B,0.09135417325550042
CC_B0CF90073A5E,0.6602391186396508
CC_B0D397D86639,0.6535516870449357
CC_B0EF4FD19FEA,0.10578433787893653
CC_B0F2F9514AA3,0.07353071573403663
CC_B0F3B79F51C8,0.1575961922555684
CC_B0F4041B1C76,0.02588272590486219
CC_B10FE31C61D5,0.0905439874229854
CC_B114E8F19D65,0.16347114947458505
CC_B117F0E3CAAE,0.14023859011344042
CC_B11D58F331A9,0.03494830308615776
CC_B1262188BC41,0.1257415208059658
CC_B12FFB2FF21F,0.09003392172338748
CC_B13253F34A9F,0.03194213183906834
CC_B137E2BBB53B,0.06939320821214649
CC_B13FEA7CDB99,0.07656114212583373
CC_B1481ED21111,0.034603490917852114
CC_B15BE5C9976A,0.22923084249163622
CC_B15EB6933578,0.08710625859300059
CC_B163CCB3BE4D,0.10509182378828975
CC_B16DC354FD71,0.36203264838703436
CC_B1777349EB15,0.16310081621793102
CC_B17C6CE0231F,0.24736051024425443
CC_B17CA8C22E5C,0.13183267551948422
CC_B18F3C9C30E4,0.1385919352615676
CC_B19CD93DDC96,0.05799333561309715
CC_B1A647674B84,0.10294050858182804
CC_B1AEC2E5E33B,0.25198332192185197
CC_B1B5C81AC0A6,0.058066116419865435
CC_B1B932EFD646,0.14740499239210747
CC_B1C3C0B52B88,0.27073369241571293
CC_B1C7216344F3,0.08425467196704019
CC_B1C982DBBD12,0.3328798259892423
CC_B1D81F8197B3,0.35564540119376953
CC_B1DF1DCBDC7E,0.5466899894617331
CC_B1E2C36607CB,0.064131756264346
CC_B21351C93D8C,0.13006026650544605
CC_B2174860AB11,0.7185711830415229
CC_B235818E6A04,0.20203606828457288
CC_B23CDE30F00B,0.08428338040563194
CC_B23DE4971DF0,0.42910109313862765
CC_B23ECF574D8E,0.052450185567501195
CC_B24C41DDFBDA,0.23666581973374645
CC_B25EC73B9510,0.1398149007261955
CC_B25F69904D0F,0.07679604783262801
CC_B25FB6C11D05,0.6891167115551463
CC_B264F2B92259,0.5726608788193351
CC_B26B8FC23F1B,0.05532025999139102
CC_B272E29922B5,0.10755330189058122
CC_B27AA8E27BE7,0.11899566619802884
CC_B2A68FD3C236,0.08977259757451364
CC_B2AC50C00979,0.0900261411061413
CC_B2B16D7B821C,0.188285750099901
CC_B2B32F1511E4,0.14870592872637262
CC_B2C241A93527,0.07104691697165316
CC_B2CB104FED6B,0.6587060738720408
CC_B2D352013F92,0.10055591335174746
CC_B2DF694BAB08,0.09479058824209703
CC_B2E993A9343F,0.20178931700131633
CC_B2EF61C93AB6,0.14747174274090497
CC_B2F94405EA89,0.11865456466003146
CC_B2FC07BF6251,0.04414488748048956
CC_B301A65B4164,0.10877851451420197
CC_B313E3A208A2,0.2010784249290633
CC_B318FF5D976D,0.13150010150987052
CC_B32AEF0A2299,0.055787735262257165
CC_B33BD3C618EA,0.07664798675416572
CC_B348627365A2,0.12343711883418489
CC_B35109450BDD,0.03596860273249123
CC_B3528B870544,0.09397917172467234
CC_B3530E7CF8F5,0.12649325765929575
CC_B35C5B1DB9C1,0.07586784123590357
CC_B35FF59389D4,0.20079876866156893
CC_B3812C6700F2,0.6512319927337458
CC_B38280B483B8,0.13872519930643035
CC_B38B694A18EF,0.48029298345459
CC_B392BDECD913,0.34069042359668134
CC_B398DF1ABAD4,0.04323975028968399
CC_B39E75E151A1,0.12057100409799593
CC_B39FD0E249E8,0.04661397697114446
CC_B3AA0891CA5E,0.38695032023928166
CC_B3B1C8EBE5C1,0.13874611174073734
CC_B3BBA28E2D39,0.436955248764465
CC_B3C4DB0303A7,0.0966850481315808
CC_B3D32FE823B2,0.02664629059796348
CC_B3DA429C6C8F,0.0795027868253289
CC_B3DC5786AB0F,0.18460485615812178
CC_B3EA537531A3,0.16180338991629606
CC_B4096D3A38CE,0.03592852863115355
CC_B41EADCCC95F,0.05820880699560558
CC_B421940B9A48,0.6442017467340648
CC_B42B3B83935C,0.828254104530922
CC_B436B1CA6B2F,0.05616436017303224
CC_B439B06AF274,0.2639375883550136
CC_B4482E7879F4,0.0761657550133221
CC_B4660022C612,0.10018381338781687
CC_B46B899B4A63,0.13320872394876165
CC_B470280A580D,0.12370231387556604
CC_B471D3BF0C72,0.5372992408292565
CC_B4751DEE43CD,0.17264833558806286
CC_B482C254BAA5,0.04801745494206714
CC_B4889D036D3C,0.7279770608213316
CC_B4950F811C90,0.1261654536091566
CC_B49A6DE7A340,0.3166948506804328
CC_B49CD4C13DE8,0.35665175862920584
CC_B4A90370CA96,0.4865664648291166
CC_B4ADE6BC8A10,0.6788883554298591
CC_B4B6F805888C,0.03472843585091396
CC_B4B8F66BF4ED,0.6820332175258963
CC_B4C6F80DEE44,0.029324646443897227
CC_B4CCE78C09EE,0.1578214861478058
CC_B4D68D1C1C55,0.1710982951987254
CC_B4DAED63089A,0.1515569064509878
CC_B4DD9841E6FD,0.24245032399010868
CC_B4EF6743DDCF,0.0738078839957518
CC_B4F67F73D097,0.09446544718769509
CC_B50EB15EBA18,0.11408282806556719
CC_B51DCAAF4549,0.16841937169744586
CC_B51DFF8702D0,0.5331186540820582
CC_B520A001BF69,0.09203794361454615
CC_B529919BF24E,0.6561229366495288
CC_B542342650A1,0.08246983818548732
CC_B54A106E91E4,0.045973129593913364
CC_B54CFFC21F2B,0.12550597752219633
CC_B55C134C04A5,0.21284738562868302
CC_B55C2DBF6D3C,0.20593900502222223
CC_B569705352B4,0.10761319213670376
CC_B56E74A967C3,0.06037957401985627
CC_B57519F33EEF,0.04656300601696651
CC_B582E4405D85,0.08584544704565128
CC_B585A11F7BA7,0.1332720157590946
CC_B59726D36AEF,0.19665174546853406
CC_B5995E4F1A21,0.12575438691920499
CC_B5AC2AAF871B,0.7493182861829379
CC_B5AD19125E1B,0.21813970420184398
CC_B5B1E42858AC,0.052669873312524505
CC_B5B7599E8BC6,0.06613679446823612
CC_B5CAE0595637,0.21152807548713604
CC_B5D49843A799,0.33027862877731473
CC_B5DDFC7AEE78,0.09515318138335556
CC_B5E29344F63C,0.18618001723006405
CC_B5EE5AE6378A,0.4679624430400888
CC_B5F2A93AD996,0.09763984846260657
CC_B5F611613A78,0.06496109159703041
CC_B6055039255A,0.7750308945711131
CC_B607B2B0AFB7,0.0551578675056199
CC_B60CFD0F39F9,0.07210758578435887
CC_B620087B1C52,0.4047337609145387
CC_B6203BBBD151,0.10053190344450016
CC_B622662E664A,0.17271477536122015
CC_B62C9A2BC846,0.1688828278048926
CC_B636210548E5,0.3562514921259714
CC_B642C6714501,0.07127140264177904
CC_B64F81B8A263,0.10890640581457782
CC_B65CA581B9BD,0.14266779196607882
CC_B65D1B9B6F67,0.11149809156994617
CC_B661A8FCA431,0.04645498591131646
CC_B66AC40957D6,0.12745862753340734
CC_B672B35D1162,0.7214255831945424
CC_B68379D197F6,0.09508673308504248
CC_B6923D10FDA2,0.13263341795085765
CC_B69CC776BBE6,0.2517790716852789
CC_B69E50D76B29,0.10484343200026153
CC_B69EAA8C296F,0.21889985060609177
CC_B69F7CB8CDA0,0.09421645531221463
CC_B6B4AD157354,0.16019050265329576
CC_B6BD764CB8B9,0.18944161633088671
CC_B6BEC3F4BE91,0.15357130520733386
CC_B6C13F4A610D,0.29238084165274814
CC_B6C1C3B5766B,0.1085221849136796
CC_B6C72241926C,0.14644761750503515
CC_B6CB40E245D7,0.5978309510618278
CC_B6EE58A108C5,0.07058715139064195
CC_B706F631F5BA,0.03630643888648182
CC_B71DC1206985,0.1519876088402916
CC_B72284CED807,0.184417371476978
CC_B727865A5B5F,0.5740327484456534
CC_B72FD7EFA6BD,0.20085852616518435
CC_B7365B5A3392,0.7784276725986005
CC_B73820D308C9,0.11992696792900874
CC_B743560D847F,0.0888742732794774
CC_B76EF26F7C9A,0.3173856771816357
CC_B7764FC130E8,0.42990660870525466
CC_B77B73B95532,0.1115231429448041
CC_B77D6653C7D4,0.03141521326261382
CC_B77DA6B77DEB,0.2932692480567318
CC_B783AE19622D,0.14340725054123218
CC_B78761738CAF,0.017192511886889146
CC_B787BA135B5D,0.39216076772808417
CC_B78B4449EA19,0.12508810714647514
CC_B78B4B7F80B5,0.2586742127602664
CC_B78BEE888CA6,0.08468869279865976
CC_B791FEE1CF37,0.036351602035424216
CC_B79A58AA4441,0.08505129223219753
CC_B79BEC538198,0.11746477007515836
CC_B79DD53178D3,0.07635290192747962
CC_B7A7EFD85149,0.1910656870635436
CC_B7B5F2A15C41,0.12615528776645285
CC_B7BC46A7D4DF,0.10155309134315385
CC_B7CBC65D9AF9,0.49499591499540435
CC_B7D40C5C891F,0.08352965302514807
CC_B7D4337C4797,0.31758977221329
CC_B7DA04826165,0.3263335960314896
CC_B7DC19DA1440,0.1450598786552287
CC_B829EC622F0D,0.5928462155016094
CC_B82B9C0C7B85,0.6382106817960742
CC_B82C55DEE5E6,0.3015498918362355
CC_B8475B977AD2,0.7109079527491564
CC_B84BD2F4EB01,0.20345620652735608
CC_B86DA7D69F20,0.0427686958342456
CC_B87989F406EB,0.1670802571684695
CC_B88B702183E7,0.033270670493246
CC_B89B80945ADE,0.19624219011267907
CC_B8A3A44BFE8A,0.4330051970048549
CC_B8A7A6548AE6,0.18267387169533075
CC_B8A8FB83065B,0.17107212333432495
CC_B8AAC20D626E,0.18950722646911689
CC_B8AC99873641,0.06740747084677409
CC_B8C9673B7834,0.08478425038051554
CC_B8D5FEB15CC8,0.07074544403030474
CC_B8DA64A33076,0.5306336729498233
CC_B8E912A01706,0.610223107487964
CC_B90869280808,0.11729258960346828
CC_B908EC99951B,0.2805304607267246
CC_B90CBF2A6775,0.05064866889942268
CC_B91080C1ADA5,0.3268152684023598
CC_B918FB42AFD2,0.17125099896776563
CC_B92CA425080F,0.12407969225932569
CC_B937F632B71D,0.16886761313241377
CC_B94477C20476,0.3407933417350577
CC_B9483A5C922C,0.13603500056273526
CC_B954EC1C63B5,0.4086536046799774
CC_B95580F93537,0.043542325432419045
CC_B96086044329,0.06562316920672676
CC_B96EB0A91589,0.22634784231401517
CC_B98357C70A41,0.6564966948949027
CC_B9929A66C2FD,0.6874552561337036
CC_B9BB52E4C529,0.12773167171156274
CC_B9BD45744855,0.7801479538475127
CC_B9BFDE4662AE,0.11789073550192922
CC_B9CEAF324145,0.02753544402867171
CC_B9E89F42B509,0.21224205501546134
CC_B9E8A3887223,0.20788895314483397
CC_B9FC67268C45,0.2609169251090011
CC_B9FE9DFEB3DC,0.09759851856670262
CC_BA041E14DD98,0.08004060824154366
CC_BA0619F54427,0.09594545398017555
CC_BA15072C4EC2,0.2449767381567293
CC_BA183CDC5429,0.8377027241940982
CC_BA43646012D2,0.40449953069606787
CC_BA4F7E494E71,0.4671579422302342
CC_BA557F75E2DD,0.1890641741246777
CC_BA740903CBDF,0.11792054518696536
CC_BA77722A827A,0.5218212032005711
CC_BA78E47BB021,0.22562577082101776
CC_BA8C427054F4,0.031115365170557498
CC_BAA19F8D2563,0.08951714493725119
CC_BAA1BBFF8C6C,0.27854218155648863
CC_BABA44B5FB12,0.08341457579507953
CC_BAC25BCCEAD2,0.07211736869483423
CC_BAC74D0014D3,0.49861064809689104
CC_BAD99E36CC71,0.24834178083017683
CC_BADE7EB1D16D,0.7790526240548876
CC_BAE7410803AC,0.1515118596561584
CC_BAEBBF8054FB,0.11847178634780917
CC_BB054686B6F2,0.0448695471009512
CC_BB05D9DF72BD,0.06180451160974251
CC_BB0D54068D07,0.8109932514008857
CC_BB15DE5E0DA0,0.7404356840664041
CC_BB1A57AA813F,0.15660494228169297
CC_BB1CABE261EB,0.15060697382578386
CC_BB2BC46FCF61,0.19646891886410248
CC_BB2E5437EE04,0.048773836308834646
CC_BB2EF1FF6131,0.08802632337748657
CC_BB2F56C6BF57,0.10935278397470835
CC_BB35CEC5314E,0.10659356231222486
CC_BB39E3597B61,0.03758775518445102
CC_BB3A9EECD51E,0.08887884521638442
CC_BB44CDEE5103,0.19590009463318997
CC_BB458116ABA4,0.3398645445525441
CC_BB5F6936F6FE,0.2128068934974472
CC_BB666F8A551E,0.07947604296321067
CC_BB7355E735D2,0.11516037602822654
CC_BB8A2F186D6A,0.039667606648850814
CC_BB9FDED12C65,0.6821623193025452
CC_BBA8C316C8F8,0.07049287383327416
CC_BBADC7DC73EA,0.19194778206607865
CC_BBAEA7980B09,0.44236218873464606
CC_BBBA078A6429,0.7651267299810443
CC_BBBFC3EC2C72,0.3963925479598487
CC_BBD34B3225EE,0.03029970762467739
CC_BBE6C58C59A4,0.4228366638410997
CC_BBEBBE1E226D,0.10136824513416512
CC_BBED56D34D38,0.13975806186386702
CC_BC0244FBDAF6,0.17680525969251493
CC_BC099E880236,0.18654098302324018
CC_BC0F05C89E25,0.10712461332869991
CC_BC1BD06C1085,0.10813346481121468
CC_BC21E8824A34,0.45923703911171204
CC_BC23655B2BF4,0.0583166518417675
CC_BC24F9024F49,0.04842632210019231
CC_BC2A58939715,0.08778084136505548
CC_BC2B90F226E0,0.21221510971805624
CC_BC31382964E4,0.04067394502152142
CC_BC31DA3EAFFF,0.14575771744581517
CC_BC3A6CF6FD16,0.12040919357838226
CC_BC410BDD9ED8,0.27305049566627454
CC_BC458960887E,0.1541354768721842
CC_BC484C329704,0.161841352741738
CC_BC4D6D6D4553,0.3459276132980183
CC_BC5A59D88AFC,0.07960970686670968
CC_BC736DA19A00,0.16919610285266573
CC_BC7B9D13978F,0.17525123678287813
CC_BC84BF34D69E,0.2834803137112698
CC_BC95D473C9CE,0.1796800259643339
CC_BC96FC9DCFE7,0.11900220259971751
CC_BCA0D6159C23,0.18499532866193252
CC_BCAE73132BA2,0.07552414430760632
CC_BCBBF055366F,0.04852493542403063
CC_BCC94F494979,0.09982330795675137
CC_BCF75F8B9A5D,0.12048142342275696
CC_BD10F4F15094,0.09613539855868757
CC_BD1A2052ACD5,0.8200576498503451
CC_BD217C39702F,0.38092028676203793
CC_BD2A9D4B9FAA,0.23026990322789878
CC_BD3EDD1630E8,0.042623067236509944
CC_BD4AAFE9EFEE,0.057126740981147936
CC_BD59D1252975,0.07916722937452611
CC_BD607BE97C17,0.09441091993154829
CC_BD889F165227,0.10265499453045045
CC_BD900B6BCF65,0.15850510587864958
CC_BD9967660461,0.44813287310952676
CC_BDABB99ADE2A,0.17954704717882694
CC_BDB07C66EDBD,0.4881015551739011
CC_BDB71DAAE50B,0.12539012442836484
CC_BDCB91FACECF,0.1283990017819875
CC_BDE1E398B4E4,0.06403760877739659
CC_BDE8D325637B,0.6625545396924453
CC_BDE9E7F390AE,0.09174236902833173
CC_BDECF392D7F9,0.1573862252941203
CC_BDF401C3BBCA,0.13666516888881905
CC_BDF53C42C5BC,0.21426719302136465
CC_BDFE5778530F,0.33417333795812854
CC_BE05EB5976EC,0.7581647916737855
CC_BE08A6D5E76D,0.04361930875006996
CC_BE146CE5BEE6,0.1818739576255612
CC_BE24C1EE877A,0.11759089863140927
CC_BE27E98C4BED,0.07189519532219539
CC_BE32DACBF6C2,0.10210384016404038
CC_BE3F52F9C9EA,0.13270908033679754
CC_BE3FC1024389,0.15228526690173727
CC_BE4595898BF9,0.09219865559391982
CC_BE4F1F53F4B6,0.09339512754716134
CC_BE648663620C,0.17038793718593967
CC_BE6627F3B9EE,0.7098302303076025
CC_BE673F70B591,0.3435891652439599
CC_BE704640727F,0.03027659283315956
CC_BE7295B354DA,0.3489456986558056
CC_BE760A430ACD,0.20178402049145686
CC_BE8A340F3876,0.04408972657624649
CC_BE9CB8845101,0.18213467806108022
CC_BEA12286E57C,0.14081458845312542
CC_BEB24EB997CA,0.10861674468724444
CC_BEB80CCF2ED0,0.0507240703905624
CC_BEB86014B5BF,0.19942865741607807
CC_BEC035C8801A,0.13163189664414218
CC_BEE1B858F0C3,0.340678725497096
CC_BEE664893442,0.2080275439551526
CC_BEE75A33F038,0.046256587107956354
CC_BEF22728402F,0.6235514404253727
CC_BEF8AB2DF19D,0.39245726517745133
CC_BF03683CC755,0.1272231913827804
CC_BF066CB8F7A0,0.1757055994381283
CC_BF154A9FEE8D,0.13765260597874518
CC_BF17E635C67F,0.10823404628855678
CC_BF196AFA6AE6,0.15950965360641844
CC_BF2012FCFE14,0.20375619183006652
CC_BF3733356D4B,0.4097866607721354
CC_BF376C8D14ED,0.5201528726768823
CC_BF3BF8B9F646,0.10409210814597378
CC_BF588A5FF18D,0.6809061127894589
CC_BF7C643B8874,0.03667671295864401
CC_BF8919F14394,0.15771390587629822
CC_BF8B759EE1EF,0.06139129929687125
CC_BF971FA7A950,0.14024781759535138
CC_BFACE960372A,0.12204630783049895
CC_BFBF917EFEB7,0.6219057968942141
CC_BFCAE2959708,0.04006288717857702
CC_BFD80ECB739A,0.2151921569954695
CC_BFDEC7E68821,0.06271316550620279
CC_BFE3AD881F4C,0.04399788211183159
CC_BFE511C0F9F3,0.564955685450237
CC_BFEE9CF8A6E9,0.08404031773676457
CC_BFF8E82FE4BE,0.14368851561991292
CC_BFF9E8C0FE28,0.5575713727274134
CC_BFFCB2882E26,0.0426107623984909
CC_BFFDCACC1E4F,0.10267942337340283
CC_C003A15648F3,0.09663323792007109
CC_C004160ABB18,0.136661627912286
CC_C012746F45D6,0.11074611086048242
CC_C033B4EC89DA,0.13131717258201067
CC_C03578357D0D,0.41724752678232396
CC_C040C14F27A0,0.05103722626336696
CC_C0474C48C443,0.14304628871859995
CC_C04A1EF46A13,0.24172973444347967
CC_C067DA2C5F99,0.4175946625881409
CC_C0731DB0CD7F,0.6409659722798271
CC_C07C70AA1AF0,0.1360644409301518
CC_C0877F4DBC62,0.1014027808440762
CC_C0896CE6B4E2,0.07651656564272184
CC_C089B0517E81,0.07122861020509137
CC_C08B9066A5BB,0.19206613858754717
CC_C08DFB22BC71,0.09007418118186004
CC_C0A2108BEC82,0.19835453996132552
CC_C0A6B0787F91,0.09968267119861708
CC_C0B29B279C90,0.10462887758882125
CC_C0B7151247C2,0.10974722631340376
CC_C0BEDCC974E6,0.0854034249171832
CC_C0C6F913C2CB,0.707537174977567
CC_C0C7EAB055B1,0.1928912991685656
CC_C0CCCF588BEB,0.2530238518499973
CC_C0D65A1BC1DF,0.5850360600768196
CC_C0D6ADDF1E0F,0.06608438937016825
CC_C0E49708EB44,0.21054228432963185
CC_C0F32BA57D17,0.03864795006166291
CC_C1094828B26C,0.3181668336075083
CC_C124E4C094F3,0.2472349378641456
CC_C12ECF48FA03,0.1823095208231987
CC_C12F5F7E5C54,0.11451421449068062
CC_C131509731A1,0.19939758595126197
CC_C14173B64C58,0.18253442826985616
CC_C14A4D39F494,0.37285240612347736
CC_C14DC9106B7E,0.28486227195852337
CC_C1624A910E58,0.03789025172978072
CC_C1645FA6EE7C,0.09031895754464964
CC_C165A26E7C1D,0.7287216146995683
CC_C16824A69631,0.05571902116474266
CC_C177831DEDC2,0.0810526817866458
CC_C1815DD481ED,0.6990616450067593
CC_C18313F97FC1,0.326891762946229
CC_C18A7BC23071,0.2676965894360353
CC_C1941883C762,0.11656300600305852
CC_C1A0989CDF23,0.021820485570815305
CC_C1A8C99D910A,0.10596298188024503
CC_C1B057BAE0BB,0.2593941233892478
CC_C1B5D9A95708,0.08809384645801294
CC_C1C28181E30E,0.10442575288793862
CC_C1E8CA45E983,0.08524829058198992
CC_C1F4DD05F5FB,0.1803714495236285
CC_C205BAC0D181,0.06540764874894313
CC_C208790016F7,0.07083625569338753
CC_C219E603FD0B,0.057207130943696206
CC_C2323893E922,0.12841001075038944
CC_C236A614F73D,0.10298322587042814
CC_C241491551A8,0.11395393405763687
CC_C247E0377048,0.1179343610502053
CC_C24FBA584039,0.2512767747614798
CC_C25078D044CC,0.19303858265924406
CC_C255BE787955,0.20861860800409604
CC_C25ECB5C5FD8,0.06659073650484512
CC_C276E722FB1B,0.30437723325076
CC_C279090E1F74,0.7862560248425405
CC_C279CA96D14A,0.12837443519412714
CC_C283330B9999,0.04451607298229154
CC_C289AF57EB24,0.27697528959332723
CC_C29558864857,0.1143760128132098
CC_C29846DE78AC,0.6291484848088806
CC_C2AEE09D92AD,0.10288941987909597
CC_C2BBFB603032,0.34550583476139507
CC_C2C2B2EEBA69,0.03885654241346117
CC_C2D1CBB42952,0.16953497489012437
CC_C2D4587A871F,0.7205366014783847
CC_C2D583F20739,0.34800523404678707
CC_C2D9086A8C67,0.08203435416414101
CC_C2E8FA308586,0.162109749652259
CC_C2EA104630E3,0.09258508690693859
CC_C30ED2C6265A,0.04780570202732649
CC_C31BA9FD4FFF,0.26940031279754145
CC_C31DC3117984,0.16847466979951187
CC_C33142B2E26E,0.41656653321822
CC_C340668CE604,0.06571559999015987
CC_C36580241000,0.13349370993813342
CC_C3664AFC710F,0.10125393478614261
CC_C3676D2ADC91,0.19715696985356523
CC_C368AC6AE19C,0.03279234439604204
CC_C38B446B7432,0.16793472661544362
CC_C38BE6D69E61,0.05715494063837387
CC_C38FB634E7B9,0.07508234466344633
CC_C3913A125FC9,0.1668112385315511
CC_C392AC1AABDB,0.14384964846245676
CC_C3A37C3EDCC5,0.33893036655008474
CC_C3A42A96D260,0.23544684380460812
CC_C3CA355F78BC,0.102649514646765
CC_C3CD972B25E9,0.14738597054849872
CC_C3CE9FCB05EA,0.048484551683196465
CC_C3DA12B31CD5,0.08861006264830276
CC_C3EF46D2CF29,0.15920483284072628
CC_C3F301EAE202,0.1830053263727183
CC_C404C200B723,0.09894646463205461
CC_C40BEE2EAD73,0.27644055656908906
CC_C40CA3E960D9,0.16693899085910618
CC_C40E0EEBA53A,0.1606197999779344
CC_C42183D7A586,0.09749618573906646
CC_C427199DAC5F,0.44250108233177626
CC_C445AEF194CA,0.07864918674531969
CC_C45051D20EC8,0.12694465909068034
CC_C47FCA703A69,0.2758728589514436
CC_C4965C6C6935,0.3316301188731663
CC_C498BD798847,0.04476932604446474
CC_C49A42D1C3CA,0.08445052652398892
CC_C4A2F5B06976,0.059817982039753304
CC_C4B632AEB96F,0.14938631540201325
CC_C4D194378554,0.028908801869243037
CC_C4D90E9CA5E9,0.12128758031521594
CC_C4D941D5A5F9,0.15970606193054693
CC_C4EB2486A9B1,0.18379098991203466
CC_C4EC2923D96F,0.30248825964606185
CC_C4EC9ACAE8C4,0.6936705526274651
CC_C4FB2ECB13DD,0.27677372333683714
CC_C50467EBCC58,0.07776613787803663
CC_C50C5E2A77CA,0.14602252290846562
CC_C50D7FAA75C1,0.04013733422063944
CC_C51FE3F4D2F3,0.1622835945993009
CC_C5234F4713B7,0.06426710224768031
CC_C55110310E14,0.10452624194040297
CC_C563D509181A,0.08473239699963932
CC_C5736F4887D6,0.7524840303675471
CC_C57C4F09442B,0.09800526817375607
CC_C59D2CA55CAD,0.8184282435495236
CC_C5AD04ABF022,0.09291465328411709
CC_C5AF7BF4B951,0.032974839914160094
CC_C5C5FD9FCFE4,0.675439232139976
CC_C5D9A89022EF,0.21603828567496802
CC_C5E1FA10BD6B,0.1691737619404155
CC_C6039EF0459B,0.15376590638946241
CC_C6133F44EB0E,0.09965538419286604
CC_C637C1142503,0.7790456029713688
CC_C65496C86EAE,0.12326799892770923
CC_C67C2B86A807,0.1367489897714524
CC_C690CF8AF3B4,0.11311803232528926
CC_C69204FFED48,0.3059213108933493
CC_C69DD80E5055,0.10193157024599572
CC_C6AE389CA79C,0.059072575858960814
CC_C6AFA8AF33BB,0.09134511158789252
CC_C6B56B2869A6,0.36648600309698653
CC_C6B61E03B42D,0.21968103033833147
CC_C6C2B357FDF2,0.1065953303034286
CC_C6C4A4A318E4,0.11477805501186948
CC_C6DECDCC7956,0.18614603161431806
CC_C6F134ABD932,0.6297334562176443
CC_C6F24128D8D3,0.16717452525749865
CC_C6F8C5E3D746,0.10650721839035907
CC_C6FB2BDCC78F,0.37249463553268125
CC_C70DBEB08378,0.8300503920720645
CC_C71AAC6F9607,0.10903545203731499
CC_C73D1C53BEC0,0.35031155960237426
CC_C7423B380FD2,0.05624073046624446
CC_C747ABF2B4BC,0.07979169467189748
CC_C74F0C45C093,0.14466829458163116
CC_C75307665BCF,0.2253602276562912
CC_C76473DBFF83,0.32441462802755683
CC_C7652C2D1CC7,0.21503189625750713
CC_C77B38900325,0.24954231960255363
CC_C782A94E6754,0.042412115791176236
CC_C786E0FDA098,0.7521429327324008
CC_C794632B3AAC,0.39913760938287457
CC_C795250A7B3F,0.10163272844914695
CC_C79BF5794AD9,0.04125222677830539
CC_C7A2A7BF85C5,0.057126592394547204
CC_C7A2CEDA36CD,0.4762172288178409
CC_C7AAAC514CD0,0.08609339791403019
CC_C7B39AE8206F,0.13234500151584855
CC_C7BA884F8DCA,0.14472712847489574
CC_C7BC592C11DB,0.04384453021756258
CC_C7CB29EBCEE1,0.04226227003425619
CC_C7D2BE35C77A,0.08303007610145113
CC_C7E56C7FFA19,0.17240976511128958
CC_C7ED63E403A8,0.07752569768296626
CC_C7EFF4BBEE1E,0.06080635051911157
CC_C7F1C90A261F,0.155346331682275
CC_C7F38C2DEDFF,0.17501802348681889
CC_C807F881A35F,0.23706203135385653
CC_C808346EF2A7,0.03945256284770061
CC_C822401D05A0,0.1280102999088328
CC_C82D0EB32984,0.08801833415511576
CC_C82DE4520088,0.17516279996296732
CC_C84080607284,0.06818670915996969
CC_C85DEB66D6EC,0.2972516412350022
CC_C8601860B3AB,0.2960195720660588
CC_C86B56E5B000,0.12047448062314017
CC_C874E7D8B96A,0.060071287395158254
CC_C88F02C38654,0.16719007354452356
CC_C895990DF270,0.1661688974896433
CC_C896D6E93110,0.3842180223252871
CC_C8A57920FB6B,0.07942802420054375
CC_C8C2CEAC6750,0.43315926916252384
CC_C8CBB38CF4B6,0.4238048403140543
CC_C8DF2AEC8023,0.1371027862967708
CC_C8E24B1925A2,0.1944136166360022
CC_C8E2F0CA5050,0.6918120808864092
CC_C8E875AAFD58,0.2453733866109914
CC_C8EF7366016A,0.07404816881270787
CC_C8F1FB9C56E5,0.1009294816601536
CC_C8F2FF7E6DAF,0.11586851747548468
CC_C916DC82A00B,0.31903578893256596
CC_C91FF308D57A,0.05483026536764907
CC_C9297D88CD26,0.34625087380312025
CC_C932D885E1AA,0.20096225951456603
CC_C947A66A6A34,0.13898419805946444
CC_C953D19C82A6,0.28614454328527517
CC_C960365C1125,0.24891044534464435
CC_C96221203852,0.2435031202987274
CC_C967937FC81A,0.6950315970455461
CC_C97434767545,0.2060028805835158
CC_C974620D4D4F,0.29931567851014096
CC_C9749B07E3CC,0.13108466472024916
CC_C979F86EC4EB,0.05565999605835047
CC_C9882357496D,0.06511634389410656
CC_C98B5F2B994A,0.08891536261139144
CC_C98CA453DC7F,0.12931127424016325
CC_C996515164AF,0.7239312553771117
CC_C9A1B8F512F3,0.4175173071867811
CC_C9E008678B77,0.08586706137576575
CC_C9E89E3728DA,0.20952907310327618
CC_C9EE0357CF4D,0.17757093565392512
CC_C9F15C15BA6A,0.13824887663864888
CC_C9F3BB887EB9,0.1923549343925701
CC_CA0906B9B58E,0.07003887434487624
CC_CA16B9133E4F,0.29847874705914923
CC_CA2524A5C7AF,0.3065781929142747
CC_CA2A17C9CD44,0.4504491326229645
CC_CA32C61E255B,0.10111531361767967
CC_CA37F92A8BC6,0.1314649541699996
CC_CA3C9D0F42A2,0.5877099578428507
CC_CA4669FF2379,0.09877594535633616
CC_CA486E08F176,0.05737258205155657
CC_CA5CF069C36C,0.0709655133119341
CC_CA6AB58D2C8D,0.2545413190264393
CC_CA6EDCBFA9E3,0.17492985275901718
CC_CA6FB58C11F4,0.06562205532698605
CC_CA7902338F91,0.1372444114178134
CC_CA7BE11DCB92,0.1309497542841077
CC_CA87A148C386,0.06887538864413495
CC_CA8E7E45347C,0.14409234674368465
CC_CA9214D0E170,0.14874225812911657
CC_CAA07EABEF71,0.069536496623497
CC_CABC0190A9BF,0.5195174933710738
CC_CABF171B8582,0.5840955659789152
CC_CAC2F989A2D6,0.21849157180736517
CC_CAC50FF13A43,0.43916828946314457
CC_CAC9C52B6FB8,0.25081187723649057
CC_CAE19DE8446F,0.05686474269751571
CC_CAE5F6D8328C,0.47704943546970113
CC_CAFA0C6DBCEB,0.06214234751016193
CC_CAFE5D6E3E1D,0.12163680081759787
CC_CB02A97FAC1F,0.22140789708340103
CC_CB1155AAC7EB,0.13781870797516488
CC_CB1B2FC5769C,0.16692029068549874
CC_CB1BD3C19303,0.15626292319056118
CC_CB2423DD4809,0.7983495187695473
CC_CB33381406F3,0.6757128676615001
CC_CB3CBA971E97,0.09394090040693757
CC_CB45CB5C940D,0.19194066778243232
CC_CB4A2667F8CE,0.20679583261468726
CC_CB4EA92BE238,0.05483296505846285
CC_CB4EE5CC0B09,0.18138005832953372
CC_CB50BDD92A4D,0.21297782877920232
CC_CB6A55831080,0.06867076972536004
CC_CB6CE149111A,0.13052446751028657
CC_CB6F9DA78019,0.03333383976224438
CC_CB722FAA608D,0.20662945187148193
CC_CBA786C05C1C,0.7550587504888067
CC_CBA9A6206DCB,0.15209258920945026
CC_CBB7AE2847B6,0.18266635430843164
CC_CBB9DDEAC819,0.02948243183909939
CC_CBC30D127BA4,0.08582342413079619
CC_CBE67EF0D3C5,0.4484473581196736
CC_CBEC318365B3,0.37754207303237225
CC_CBED6669EDA7,0.07274462485247925
CC_CBF1B052FA7E,0.0795422682549981
CC_CBFC7EFF2F94,0.13298333667881365
CC_CC27394B5E35,0.08262850267933491
CC_CC2A7B3D7A55,0.14752862592938468
CC_CC34B2523794,0.145287949585003
CC_CC34E9023873,0.718056800119244
CC_CC37D81F02A7,0.6345538196003186
CC_CC4822AEDB83,0.6995498207521387
CC_CC5D6CAE5ADB,0.26603843363892005
CC_CC6D27804EF0,0.06578769188974298
CC_CC71D4876B90,0.10264242896829955
CC_CC75EA7F2C8F,0.08780875314426322
CC_CC9214A5C0CF,0.08611920484741757
CC_CCA2B8D2446C,0.4020312272707796
CC_CCAB3E56FD92,0.2098208246096625
CC_CCAF321D46D7,0.02720223170800365
CC_CCB46EA56584,0.2125950498554065
CC_CCB60CB8754C,0.13640002819011746
CC_CCD759553325,0.05964115085382349
CC_CCDC28D49832,0.15602828292901427
CC_CCE55029E621,0.6461619311268127
CC_CCEA133D7268,0.4663026231030668
CC_CCED6CEBC3D6,0.3811996764042307
CC_CCEE76415B51,0.32206899005751805
CC_CD1326D52AE1,0.6931000600881356
CC_CD35EEA81CE8,0.2783439216041373
CC_CD373485942B,0.08814331766810482
CC_CD379DD39658,0.29385037825162896
CC_CD37D5CF0EB0,0.18291255478111465
CC_CD380545A7A4,0.09188916369495098
CC_CD3A378249BA,0.21995695841207358
CC_CD415B1C7741,0.03752708072037321
CC_CD4976814F28,0.03612791112551036
CC_CD4F5F1C357B,0.2958367973788229
CC_CD54829713AF,0.07101017962308162
CC_CD5E3556D5AB,0.17620977681250619
CC_CD6C797F3C4F,0.06811631054959451
CC_CD7BA8F6C4BD,0.10900203584301046
CC_CD8352F0478D,0.18581060177560896
CC_CD972E578564,0.7926290891989569
CC_CDA1B20179B6,0.11725993078539498
CC_CDA2A36B81B4,0.2493720140245555
CC_CDF6354EC332,0.06609783205497216
CC_CE01E17132E0,0.03207420754085695
CC_CE1280B30475,0.14321663361419973
CC_CE134F878294,0.052266562566574526
CC_CE229894AC00,0.11364303558382335
CC_CE26907B9D30,0.432598635613507
CC_CE2755B42DAC,0.06798625721824132
CC_CE2BD7F74421,0.2820573094540426
CC_CE3784121355,0.14146891624977537
CC_CE41F9FF509E,0.20809619324349793
CC_CE5AF0E9A157,0.07037310052856462
CC_CE5EA019DCAA,0.07387763462858238
CC_CE6460FE39F6,0.10977846774308322
CC_CE72D1734761,0.6464470190158238
CC_CE7FC560768D,0.33948056038010943
CC_CE871DB3950F,0.32382891268449254
CC_CE8D1564C4F1,0.13847841515600373
CC_CE93240526A9,0.29497494811430014
CC_CE980FCAB154,0.2960262457364724
CC_CEA0FAD348F8,0.08209480704792715
CC_CEA369A3451F,0.05927505205478797
CC_CEBA67081418,0.24563720504534525
CC_CEC0C00FE770,0.5608489859292776
CC_CEC3B21D2982,0.39547392132931536
CC_CECEC680F701,0.17336924388414204
CC_CEDB263DB07B,0.03450809525502195
CC_CEDF9C14DC79,0.26496886424183774
CC_CEF23255BE06,0.05653344638617676
CC_CEF8C71C4E8B,0.4103224499993235
CC_CEF91FDD41AE,0.36546170132412703
CC_CF0B68684C3D,0.09298244747660928
CC_CF149865368F,0.09936177133920024
CC_CF2A7A5582C2,0.1824607811272841
CC_CF2B3E37CF2E,0.37762228647905527
CC_CF2F163CE005,0.17516221454591407
CC_CF3C063DF626,0.18581795889868954
CC_CF3E91DB8220,0.29301523100728466
CC_CF3FB5744443,0.7078871047258307
CC_CF4991B8EFE9,0.0993522499816849
CC_CF53FD3AC9AD,0.03093308990271943
CC_CF5A140B279D,0.19581250416758422
CC_CF613A7162B6,0.11445928988346395
CC_CF6A8A460B19,0.10139807612400353
CC_CF792E77A16D,0.04386840491730191
CC_CF7BAF373E0A,0.033110041466219556
CC_CF8B1D0015C4,0.14972261241506835
CC_CF8D0517B79F,0.07968884269362402
CC_CF92037ACA93,0.19198820589920174
CC_CF960A300F40,0.2726134962094583
CC_CF96B6335E6C,0.1715304242316779
CC_CF9880D67A7D,0.16311697871719866
CC_CF9B249283A7,0.7072759721053911
CC_CFABF7407978,0.21297261314216012
CC_CFB2AE99EABF,0.13403806511199967
CC_CFC0BC440771,0.1258100240021785
CC_CFC235739F25,0.5600657918744991
CC_CFC6E8954325,0.05404162567724135
CC_CFD37EDB214D,0.23123387717222388
CC_CFD93C04478A,0.582019430171684
CC_CFE0AA5381FD,0.6082485024001224
CC_CFEB021AA137,0.04957470156398064
CC_CFF6E2A6A3F9,0.307059260195636
CC_CFFDC4947256,0.1721800311852229
CC_D009368CE434,0.04667798164087825
CC_D02E59E08B02,0.04159931678415204
CC_D03848B7353E,0.04933010443715072
CC_D03A69B1563D,0.14071664367323702
CC_D0576802096E,0.09311576775322448
CC_D0582E0F3440,0.05073741917838477
CC_D059D0BEC5D5,0.37944529126036863
CC_D05C4A8F2A25,0.13377814676052693
CC_D05FBA9B9040,0.7342066792354174
CC_D0653EA71CAD,0.15240751595270932
CC_D076A984B786,0.14441108051087026
CC_D08FC2D99CF5,0.19925444135367326
CC_D09942A02904,0.10664205452934244
CC_D0A8EA2D37F2,0.14909424316547493
CC_D0AAD35C800F,0.12246640792697355
CC_D0D666EC0244,0.08750375325539123
CC_D0F3F68F4452,0.4382469038557519
CC_D0FBDE8ABAA7,0.09608292639602187
CC_D103D50237D9,0.2191376411198488
CC_D11E5A30CF3B,0.2601257324201809
CC_D122B30AE7CB,0.5531920916236001
CC_D1679B40D83A,0.08817603199714985
CC_D1760785D631,0.27341592907166506
CC_D18088587757,0.2402638152979789
CC_D184160042B7,0.32102985575635296
CC_D1886485E8B4,0.14520699737390186
CC_D1893DD5B4D4,0.09905259691848081
CC_D18B60E035CE,0.7592357291112597
CC_D191D099789D,0.07819973241267822
CC_D1BDB41E7FF6,0.07646645573331577
CC_D1BE2E6E9C9F,0.17665078291911332
CC_D1BFB29BF61C,0.08479097555166891
CC_D1C259F80E13,0.08804109567226492
CC_D1C63DA9CA93,0.10531514086051773
CC_D1C931E4F305,0.05956059806926227
CC_D1CE25F271BE,0.1526603793717183
CC_D1D2127A0C67,0.06003923525289505
CC_D1D31EA359F4,0.13567411471013313
CC_D1DB888BD9B0,0.11148945721123377
CC_D1E82B9DD102,0.17274979933153417
CC_D1EF68A649AA,0.12485756586474411
CC_D1F05E69F80F,0.04901430828427073
CC_D1F6FE158DCF,0.2565389515234483
CC_D205612FD566,0.6311962063470801
CC_D21474C31E3C,0.7011756195856365
CC_D2195A061A0E,0.6161333141708567
CC_D2199CC1CB08,0.027794490191440396
CC_D21FCD9DFE53,0.5591387815234866
CC_D233B2C8062B,0.4078925425946789
CC_D234CF2C21AE,0.6814414006203429
CC_D2373015DF41,0.044479894728019664
CC_D239CBE1012A,0.10839614794844885
CC_D2591377E980,0.7373556751510583
CC_D25E25C831B5,0.07244566963837981
CC_D262BB13DAAF,0.2743976612662016
CC_D272BC699F38,0.05810500855269027
CC_D2813C835750,0.7791851775570586
CC_D285B0D67016,0.023238343740576584
CC_D28FB525E310,0.26697398174468784
CC_D2AFEE04E96F,0.03616346773368233
CC_D2BBAA423304,0.21104901235459433
CC_D2BE8B4011D7,0.052425711706875655
CC_D2C49D2FEBF8,0.17852720014301565
CC_D2D09498D333,0.15804831385880294
CC_D2D187DA334A,0.12762952349830115
CC_D2D47A5386CE,0.2704534551692175
CC_D2E98F50621A,0.03650862898582541
CC_D2F265035F0A,0.045759110979019926
CC_D2F91355C6D0,0.15316370082427977
CC_D2FC934F8324,0.14617467922668057
CC_D3044C67CFFB,0.05177197245752593
CC_D313F2C49E46,0.32521341290556804
CC_D31FFB053D60,0.11798839196170938
CC_D336DB6323BB,0.31297084712098966
CC_D343A7CBA377,0.06246079972577877
CC_D345AF4C4B61,0.1839450535064776
CC_D34FA9410740,0.07267601273750102
CC_D354C5D1665A,0.15880827602020575
CC_D35E96480AF8,0.3115274446551516
CC_D3616386D6D2,0.13374692613883235
CC_D365173E852D,0.7720250994002285
CC_D3683C6CFC5C,0.6622586348725495
CC_D373463038E0,0.05198715235720213
CC_D379CF8E3FAB,0.7368675070321079
CC_D37B4CA7F3D8,0.04897803960449114
CC_D37B5B3CA4BE,0.6750262291276935
CC_D39265D7B6C9,0.051167427525348606
CC_D39E3F732408,0.06253805237457463
CC_D3A7B21165B3,0.29583093384301284
CC_D3A9028A4660,0.04757468636019118
CC_D3A948322BD5,0.7033235316938793
CC_D3B95DB5E6C1,0.28150321263093425
CC_D3C8C5014D5C,0.18215800947841682
CC_D3D80929AF52,0.0914709118262924
CC_D3F25136073A,0.1767513204404246
CC_D4102AD032BE,0.2199470950138043
CC_D416EFCEAD89,0.046647481228591685
CC_D41C5030494A,0.7054499490132146
CC_D42E477596A3,0.04975525851320742
CC_D432C89BADA8,0.13375885767310444
CC_D434638E9569,0.1008063840912019
CC_D4518F98BB77,0.081185172472735
CC_D452847F2A4C,0.08145367618164746
CC_D454056F92E6,0.23842618981452454
CC_D461FB973AB2,0.8156426375819849
CC_D462250B13D3,0.40059455149490486
CC_D48E686A834A,0.7048684900237752
CC_D48FFD985E51,0.0712349250886489
CC_D49263A1BDF7,0.11631458003693732
CC_D49668C65C33,0.03141288796134098
CC_D49D9C57A849,0.09255361154450759
CC_D4A029A150E4,0.18059384979191606
CC_D4AC998C0BC8,0.6953361870302467
CC_D4B02AAFC697,0.13523921960644014
CC_D4BDF0F4FE9E,0.10691161177431856
CC_D4BF2778371B,0.16007411816357187
CC_D4C0F4DB3501,0.17472015073616534
CC_D4C6DD8A364F,0.14312569120761598
CC_D4CDE2A1E174,0.15501595149237896
CC_D4E7EE35695B,0.15628838390966313
CC_D4ED652E86DF,0.3069859193023687
CC_D4F844B54B84,0.03821365201179509
CC_D4FA0055DB4A,0.03180360436197568
CC_D4FDCBAFEC74,0.7325194068898164
CC_D517D90E105F,0.0908568874208601
CC_D52B87A01028,0.22830366513364359
CC_D530C3D1DBF8,0.6634208978756198
CC_D5327E41EBA2,0.09757615910899273
CC_D53C8BCA531F,0.08323015349369327
CC_D540C7ABF683,0.6874575592735719
CC_D54105FC1349,0.3411428973938855
CC_D550CE8B9313,0.7377091190236249
CC_D55C5B432387,0.1656972041917765
CC_D5646FCC5E14,0.5658199394162424
CC_D56F34613338,0.12934984384101234
CC_D573AF0F1674,0.10654370674786268
CC_D586E2C2B3EF,0.19300097645196282
CC_D589E388CA02,0.06342644656819925
CC_D58EBD954E68,0.3278595965213486
CC_D59AFE884BDD,0.45791267909244143
CC_D5AC596A85E1,0.15822885169343548
CC_D5B99B578573,0.04472212789696028
CC_D5CBF4A4D3B3,0.09197383346534149
CC_D5CE05EAA837,0.21097136601022304
CC_D5D36A6C8DB3,0.07461254913370494
CC_D5D8D545736F,0.08058541202151648
CC_D5ECFAF8C1A3,0.05925364805110512
CC_D605715F737A,0.1469401914756866
CC_D617428B4B0E,0.3811637121290935
CC_D61E8E5C4414,0.13744673103453137
CC_D652B5F05769,0.17230588114049994
CC_D6564D0CB9A8,0.23086095103603982
CC_D66183657419,0.06896691351568768
CC_D66BDD3E1AA7,0.10664061554834481
CC_D66DA331534A,0.10406423731047071
CC_D687A780C0E6,0.04247539524468953
CC_D6AE871A4C9C,0.08851553495548808
CC_D6B7AF1FBDD4,0.5184697325894989
CC_D6B874308353,0.5880777789621296
CC_D6B8F47FE484,0.4922006119695721
CC_D6CB1BFDCEEA,0.12265952860174462
CC_D6D47D7E1C51,0.03589096074599062
CC_D6DE060699C6,0.13584068327225207
CC_D6E06014457F,0.8162638635356688
CC_D6E8E17EA449,0.324080559545877
CC_D6F216AB1C4A,0.1543178087590199
CC_D6F5E3A51C8A,0.10407819263478835
CC_D6FB3B76D7A0,0.6110186906881925
CC_D6FBCD4BA3DA,0.3009713084342427
CC_D70918916097,0.5272282298442538
CC_D73B1B9B81A5,0.04617854968739221
CC_D73E9E24BB48,0.12084672352161953
CC_D74AA0F20466,0.12494672920834157
CC_D750070C44BB,0.7297624610742998
CC_D7529675CB7D,0.16939818512810217
CC_D75C8CDB510B,0.673112706013822
CC_D76009C47709,0.2888545926531223
CC_D771775A58F5,0.1720684096145752
CC_D77F9D613EF7,0.19866892165111494
CC_D7999C3EDE22,0.18650218642494554
CC_D79BF1D26499,0.17872052652739706
CC_D79C05885899,0.15596618406929913
CC_D79D4F15D10C,0.029642603024077945
CC_D7A11E3512D2,0.05296867224061355
CC_D7AD7A7279C4,0.15491229776317786
CC_D7B35055AF0D,0.17805900163903499
CC_D7D99409D57E,0.3160273673307982
CC_D7E403181D8F,0.12865630361827488
CC_D808C7BA9399,0.11957566280556964
CC_D80DE8B544F3,0.042537238881312854
CC_D81D19AEFB77,0.03139525834933241
CC_D81F317F6384,0.13823673280731633
CC_D844D9DF962C,0.06395023068893603
CC_D847D978387D,0.03909405247466507
CC_D85C7B85C440,0.2652735316296413
CC_D885591596E7,0.08585901391544597
CC_D887D07BDE23,0.3899847651482645
CC_D88ACC0CFDA5,0.10773896230242247
CC_D88BDD0F510C,0.0494238377931828
CC_D8956424CB37,0.3906261706815454
CC_D8959BB99A7F,0.2716053366249826
CC_D89A9A14B5E8,0.0546807496334701
CC_D8AD01F3CCE7,0.0519411920073638
CC_D8B4122DC296,0.1138719927235412
CC_D8C38B187875,0.7347248598295741
CC_D8E55509595E,0.05247251595362372
CC_D8E6B90C37A3,0.10794647866591364
CC_D8F1AECFCC2F,0.057663604994399625
CC_D8F7672C70D7,0.030736183625929676
CC_D8F7E904E7DF,0.17339975255911286
CC_D8FEF1C99F88,0.6795367203480446
CC_D90761F9E9C9,0.41102148299433905
CC_D90D9D5C8FEB,0.0833998367083381
CC_D912917A4F4E,0.7528135303074206
CC_D91ECE64FD0C,0.10096003653151936
CC_D9325E5695D5,0.04188220320495388
CC_D9563654A397,0.20243965275500514
CC_D95766A6C24F,0.10038896916006328
CC_D95939B1BBFA,0.05453666362937794
CC_D96729C38BC9,0.07201887220951785
CC_D9791EFF766C,0.22663321011709908
CC_D97AA7C54F6D,0.10457807901401928
CC_D98BA5CE8EE6,0.48304124513279867
CC_D991DAD5413D,0.14898728249924856
CC_D995C89AA359,0.19924260798573262
CC_D9A54F55AD6A,0.11117763584953863
CC_D9B87A96C353,0.23191899881185934
CC_D9C42B0B6A0C,0.1807463404650994
CC_D9D487E78FAF,0.6871040139023789
CC_D9D744A66B09,0.109860026311725
CC_D9DA3F6E2E7E,0.158133971326235
CC_D9E5792258E4,0.07386716002777863
CC_D9E6B9CBEB77,0.05231566222583394
CC_D9F0CDB02AC6,0.13643983577776658
CC_DA0201D1BCF2,0.10054832125296395
CC_DA0500AFE692,0.057997583826774904
CC_DA0E0BD3880D,0.3131351854805791
CC_DA10F53AE655,0.6425074632946591
CC_DA1643A835A2,0.09797730129723393
CC_DA1C5BAB7E35,0.5503598293152144
CC_DA1DC6A6371D,0.22037540416823193
CC_DA1E6B31DD2A,0.6567737146516835
CC_DA1F282809D0,0.030197196112952924
CC_DA226442D919,0.717964075632105
CC_DA31EC318B1F,0.054505530059409876
CC_DA33597C6459,0.164994876802714
CC_DA43CFB5CC2F,0.1949070323431371
CC_DA481C72B8A4,0.2612977211096834
CC_DA55447636EB,0.04182403745738647
CC_DA5AE34842E3,0.07308302990366067
CC_DA6880B018AC,0.1563243672947058
CC_DA700A961616,0.1518065694755359
CC_DA7E65F1E6AA,0.06729118561257225
CC_DA80FAA7FE30,0.1107787023921395
CC_DA8DCCC1199D,0.31943853690269997
CC_DA8EA724C1D3,0.40009469052653585
CC_DA8FA65D1924,0.03529309447417778
CC_DA99D1E41C3E,0.05693222548125695
CC_DA9C3BEFD0B3,0.17342237760099183
CC_DAA3B7FE1C62,0.07118739186959212
CC_DAACE4211B34,0.16849176047347653
CC_DAD239E56638,0.7709691614310763
CC_DAD4BC090253,0.07067877562131951
CC_DAEDBA26BA12,0.3000933857098758
CC_DB1EB08EB40E,0.13557809832467826
CC_DB2314ED6960,0.07111122739820058
CC_DB25E05EC5CD,0.40977493787061636
CC_DB3BE0C87882,0.05692542690721891
CC_DB44628BC147,0.18121420159100987
CC_DB562E602BA8,0.11788024570314001
CC_DB61D7F5F8F2,0.7082637391482989
CC_DB6498598C32,0.17180021468182727
CC_DB6B59FB6E30,0.039190419073324254
CC_DB801B947698,0.26440706142292625
CC_DBB8C467FF1D,0.11369239217490718
CC_DBCD21C2C322,0.07836586460991249
CC_DBDB148E45DD,0.0899240545994503
CC_DBDF9BFA7E87,0.08621949154448641
CC_DBF5CD2D854F,0.22775099169712648
CC_DC0077DE6E39,0.18544249386608166
CC_DC23159A1F99,0.06099776947935831
CC_DC2458827FD8,0.2318409487929168
CC_DC2BE35D58AC,0.24069156010574722
CC_DC49C8D3F7EC,0.5514069815756768
CC_DC5DE66826E9,0.11540540285416764
CC_DC6063FC6464,0.06862667008438054
CC_DC771AE1B4BA,0.6763271172195945
CC_DC7DEBC30E17,0.41474157374027876
CC_DC978F3A711F,0.6787025914373517
CC_DCA2140C7BC4,0.2017991580937688
CC_DCA5CE7C9DC3,0.1549731222273372
CC_DCB5798049B2,0.1315125546358729
CC_DCD10C95C942,0.5354297649396837
CC_DCD145E8E729,0.2716300918869416
CC_DCE0BFC03B86,0.04279415108197862
CC_DCE75AE2FB52,0.060047814742343844
CC_DCFCEEF21BA7,0.36358616624305007
CC_DD12A8C462FA,0.05864798597509251
CC_DD14867350AC,0.18102002680751714
CC_DD232BC8881D,0.18081546327607032
CC_DD2473D34D68,0.22159331676406147
CC_DD2B5C4CD318,0.05360775839796347
CC_DD4EC06C3A92,0.2554877296143524
CC_DD5299DA8C1C,0.07926939190462852
CC_DD59BFF18ABC,0.1570951285209839
CC_DD6777E1B05C,0.0537583042906872
CC_DD6EE1501B89,0.09345702171977505
CC_DD78B52AE022,0.12948041303552166
CC_DD7983A07B43,0.6010436763459825
CC_DD80B5CC495F,0.0970313745279116
CC_DD8956B71825,0.6730569297416789
CC_DD8D40E7E2A9,0.09005531630174589
CC_DD9972D0B63E,0.1236165879319856
CC_DDAE70634ED3,0.09799776596172077
CC_DDB4A9FF2B03,0.08455215713493668
CC_DDB68302DA2A,0.1679566285441939
CC_DDB9DEC9C037,0.0807714552033914
CC_DDC610D2B2F0,0.05821998067083764
CC_DDCAEC6BD9F0,0.175993726823395
CC_DDDF665EBD93,0.28357931764337097
CC_DDE66EBF2157,0.06981559367684742
CC_DDE8B7E9C7F4,0.3209395637771396
CC_DE019FC36D28,0.3551171342308414
CC_DE07076B04D5,0.15229532874411197
CC_DE07AECD2361,0.032435892316163464
CC_DE08A4514010,0.5202338865099421
CC_DE093FAC5293,0.4249787324523348
CC_DE17BC1C2324,0.07076972034337828
CC_DE1B13B3E504,0.032842735230481826
CC_DE4264861B73,0.0900438107603132
CC_DE4810B88C51,0.262972965699443
CC_DE4EE8A16896,0.14344065088270985
CC_DE523A2403BB,0.10063924854234992
CC_DE52860CFBBE,0.21706932301143309
CC_DE593193FB9C,0.1883171668256487
CC_DE5A9B499ED4,0.09233862107322388
CC_DE6AFFA63ABD,0.0706330624037134
CC_DE7CEC14CCD5,0.7223636093273891
CC_DE7D7B5BBB14,0.6579805627620721
CC_DE81AAB7BF48,0.06389598778076995
CC_DE8956D433E2,0.6355041920158633
CC_DE8FB8D1CB71,0.3590052195621792
CC_DE90D07B269D,0.20048260704927803
CC_DE9A62529780,0.14819347473356614
CC_DEA425EA8441,0.1323479803732384
CC_DEBE01582EFF,0.19382959962476531
CC_DEBFD4E79A38,0.0539771154766821
CC_DEC97F13CB8C,0.18872026531198408
CC_DECF1507C86D,0.16087755691802957
CC_DED24C8D047A,0.09058432317563807
CC_DEF4AEBD31C8,0.21682748809321928
CC_DF062F698349,0.0944933600974193
CC_DF13D5CB626A,0.10425271670883238
CC_DF15C526CDC5,0.04166620430964859
CC_DF1F6C68F7D2,0.1547866018108477
CC_DF3EB88F509B,0.08676885022807304
CC_DF4E332C886F,0.024733165927271962
CC_DF514171DC30,0.15800547700300166
CC_DF536CEAE5C0,0.04680354830293773
CC_DF5806CC2CFF,0.11850229069485814
CC_DF715690EF20,0.19768124583968633
CC_DF718A37AF15,0.08910494398731497
CC_DF7276DD74AA,0.10856362496307015
CC_DF750B2D6872,0.2595855708626814
CC_DF9FB6670627,0.06019866133362501
CC_DFA65A0125D9,0.040986662772432535
CC_DFAE355359B8,0.19052622781536538
CC_DFEA562F7BCF,0.32288195495894634
CC_DFEDAF0F0D6E,0.04253218577101395
CC_DFF6F74C64B5,0.6749161088548963
CC_DFF87DF16763,0.11584579685736675
CC_E00D8ECE9FA9,0.1361706245104006
CC_E027E36615C0,0.48817549311257
CC_E02E23CE49A8,0.08065808016966787
CC_E030B3AEBF19,0.14702668579768693
CC_E031A4C862C1,0.17034999534366257
CC_E0339B331F4F,0.101681659451506
CC_E038981B2FEE,0.13206721488164136
CC_E0463868968B,0.15009913464463925
CC_E05A8621B581,0.3183269173226188
CC_E07FB0312232,0.14321096851433235
CC_E088594E0624,0.23286390476319524
CC_E09AC3B1E534,0.09552985369801792
CC_E0AC29AFCF97,0.16957461366752727
CC_E0BAC6E0D0DA,0.0811925723742034
CC_E0DDDA07F0A1,0.18365409564632762
CC_E0DF45AB72B6,0.21182012729787145
CC_E0E1F8E7379E,0.11428049155515554
CC_E0EF095444A5,0.16475779840410615
CC_E102E4F7F8B4,0.2204022720732623
CC_E109B4CA6A8D,0.1385271974057897
CC_E11470A2D92C,0.39572647810709327
CC_E117B8A6ADC6,0.027584129527005008
CC_E128015073F3,0.06893024675975892
CC_E131D5EB9237,0.1965505506358184
CC_E14A24095E9F,0.11443343887633547
CC_E14CADF89123,0.5198459907135142
CC_E16876025011,0.0510070413804343
CC_E16C71C15D04,0.6991374267611101
CC_E16F1BB83653,0.056040733718958985
CC_E17448FB08EF,0.5561962730779975
CC_E17AAACEB07D,0.07838493867630009
CC_E1875522DC57,0.18645148553455426
CC_E18A0734641A,0.10494379491649802
CC_E18A22453843,0.06182958297211844
CC_E1B4E3360C0F,0.18221128865813874
CC_E1B5AE645169,0.05473818677640032
CC_E1B71F6B7DD2,0.3041546076387043
CC_E1D073F693A2,0.3161409312024835
CC_E1EA83C31C66,0.11118749857959412
CC_E1ECAE226485,0.2697411631128773
CC_E1F0C5076481,0.06335106930774506
CC_E1F78CE289D8,0.03905212666809296
CC_E1FBCECE0A54,0.23049658481245727
CC_E1FD46CA26D5,0.09305757667840206
CC_E20E7C7164A6,0.7134168508928751
CC_E211E2698C14,0.03253967479858151
CC_E21B4F587C45,0.12244806411911052
CC_E22A278A1386,0.0552521660974242
CC_E24078C03B7C,0.15081364337594325
CC_E2452737F950,0.13410688680661248
CC_E246119AA09C,0.6043646138809866
CC_E246942C7310,0.07678298372717332
CC_E2474A334F3D,0.09897424782182884
CC_E2489637D0E8,0.12103183394425848
CC_E2521AF9C2A2,0.06988165941069549
CC_E253F4AC4762,0.6021827333039687
CC_E257805D0F0A,0.17785595735487
CC_E25A924EDB70,0.08348375139046385
CC_E25B5D5502AD,0.10423923679539471
CC_E2619E24BEDD,0.6993536632550357
CC_E274DAF3C064,0.06842444359546981
CC_E2787CBDFBF1,0.15408346855913047
CC_E28AE2E68BB7,0.6825023691133847
CC_E2C3E272D059,0.2350436119424533
CC_E2D653061523,0.42686591543075425
CC_E2ECDC7D23EE,0.13465796099652227
CC_E2F0E725C3AB,0.06471920338350513
CC_E2F7712CD056,0.1864707211662982
CC_E2FD7FCF0AD5,0.7950290062598003
CC_E308C7DFB2F2,0.12380945818366462
CC_E30B791D5F11,0.21633965715194256
CC_E315F7A94400,0.34484791410219745
CC_E31DAB1E73F5,0.05199990358223812
CC_E32034C97E83,0.23464036223806395
CC_E32DBED5EAC1,0.2811706301780773
CC_E32DDDDEE3CB,0.21024564225244116
CC_E343EC3EB052,0.681041376023897
CC_E34A04E78D60,0.12758305591767558
CC_E3503B565AD0,0.2735016744421361
CC_E356B05ADD56,0.199286015269248
CC_E35D02BE6780,0.01883168208128728
CC_E369AAECB2B1,0.4776220921806963
CC_E36ACDB4F96F,0.40060040863456875
CC_E36C7F0E1657,0.8350389171731485
CC_E381FD4674D5,0.033527499429008456
CC_E38E3835121E,0.042707302602176915
CC_E3A70438A0C1,0.2595158312810954
CC_E3B5C76189F3,0.24531428134330008
CC_E3B7B7E57889,0.18428963993627068
CC_E3CCC0D886D9,0.20787624133930366
CC_E3DD8AD10171,0.3238264720193555
CC_E3E230CF20A1,0.2069850491856729
CC_E3E4B2543CCB,0.07197965797000146
CC_E3E5DF01E014,0.18105159644990543
CC_E3EB157288A2,0.0846282229294212
CC_E3FBDA203EDF,0.16366763142918025
CC_E404FCA6CB2B,0.7004850764932065
CC_E4054F9C8442,0.2852678606424103
CC_E405D808772F,0.035438060018564504
CC_E4137B250609,0.3945366964268338
CC_E41482A7E968,0.05539223209861602
CC_E421FA1874F4,0.13533562953783934
CC_E42C38BBBD04,0.16894540717705364
CC_E42D90BFB285,0.04126802563561278
CC_E42EFC05C891,0.09112875280318167
CC_E430F3C75969,0.09632538900529533
CC_E4576D6B6478,0.1128680656567793
CC_E46B27A13728,0.40515852691684473
CC_E4783FB590D4,0.1758505731860542
CC_E489009C6500,0.1576387014123353
CC_E493CB46177D,0.09128013307674473
CC_E496AFA9B40A,0.3169333353893384
CC_E4A2FFE0EE1F,0.11066691279166846
CC_E4C553538385,0.3267228445349338
CC_E4C7B5501ED1,0.1219933172823352
CC_E4C8A5A60F51,0.1774915169663196
CC_E4C94AB69214,0.35917620739684375
CC_E4D75244E8B8,0.18894046658553973
CC_E4D9A8EEDBAE,0.19835010467918784
CC_E4DF787730AA,0.14310618026386218
CC_E4E0DC070132,0.16176039736494935
CC_E4E3C08B7F86,0.04868041739352069
CC_E4FEEB4389C9,0.311077086759614
CC_E50598344DD9,0.3944619295927432
CC_E50C634A9A18,0.03007661470685355
CC_E5107337FDD7,0.0434465954397736
CC_E511BFCFEC9E,0.6907683289932101
CC_E51318749E09,0.1166594004773632
CC_E53FE6708AD9,0.7015101558022011
CC_E54290FEA34D,0.10665179331887273
CC_E54B723C018B,0.03761879258820304
CC_E554618F383B,0.10717803056412872
CC_E557336955A2,0.11969835470072991
CC_E55B48E73651,0.19808888933589794
CC_E55D8DC645B9,0.05590999703321591
CC_E575DA02C575,0.24290640828991228
CC_E576BD98A727,0.2026193243063269
CC_E578DC77656B,0.13636041741377067
CC_E57F3EAFD9A3,0.15282880635395424
CC_E59A01603B7D,0.2948861120970704
CC_E59B2D974CB3,0.16418579148074888
CC_E5A1C44F0F07,0.6146080614670997
CC_E5A8BDF6BFC1,0.16596695676468234
CC_E5B284DA0E5D,0.08022246857577939
CC_E5B8363BB378,0.6120771527745688
CC_E5D8BFFA5F88,0.06199371632981611
CC_E5DA04902EFD,0.31590160654292243
CC_E5F53CFC20EC,0.08373704403391702
CC_E5FAECE63C59,0.5002691229911593
CC_E5FB6E872C58,0.10217962941245518
CC_E6045565E7ED,0.08916427077996361
CC_E60845ADC7F1,0.03381342585881638
CC_E61567D6B392,0.11727637680726578
CC_E62174AFA94C,0.13146571149790853
CC_E6247DD14641,0.09326147242914427
CC_E6289A61F0ED,0.07651872198313645
CC_E62E32FB6FBB,0.02673537407349753
CC_E62F6BE942DC,0.26889502771513796
CC_E63E49B128AE,0.07925274060496777
CC_E63F89885A3E,0.7823138432474539
CC_E6466E6A92CB,0.23714924800455348
CC_E64BC95F8B2A,0.8457825452215849
CC_E64C652BBAB2,0.08033297274404812
CC_E659DB355476,0.20255560065978412
CC_E65C8BA5A7CE,0.06049680980169883
CC_E65F39446752,0.3608995492818865
CC_E67395791589,0.1867205381393362
CC_E67622A69EEF,0.08331847500362902
CC_E680830CAEF3,0.05497436633040641
CC_E6823643AC4C,0.6837232593157467
CC_E683F33931BB,0.12963305612739376
CC_E68841DEB163,0.0727528486809861
CC_E68B2C33D180,0.18370788939272464
CC_E68EE6EC2618,0.03774913180355745
CC_E69508D3D3F1,0.2500693355995974
CC_E698F1348426,0.1951911391804936
CC_E6A178F3709D,0.12407560103612095
CC_E6A4B6E8619C,0.6718611048280365
CC_E6B3887C66BB,0.31500325621603964
CC_E6B6BBBDBEDB,0.31564442514832813
CC_E6DBD0F9DC3B,0.06374770032668675
CC_E6F090F70DDD,0.35854903371954
CC_E6F2D8CB45C6,0.10831561000372213
CC_E6F8FBEDA2A7,0.07027178874985031
CC_E70854CDFE9C,0.05147185412294313
CC_E71C05F07F85,0.06164593592032312
CC_E72797CABC60,0.08057624728434011
CC_E727C1153226,0.09598825623508239
CC_E73489D828C7,0.11686239378043232
CC_E7355465CE6A,0.07417078340349834
CC_E73CDBC743FF,0.21813850802480542
CC_E74F00E75A4F,0.06022752864564969
CC_E751F7E19192,0.15950911677243898
CC_E7522AD6431A,0.5415999014734407
CC_E7523630D2D9,0.2705804811170334
CC_E767372DD95A,0.6154096793000841
CC_E76C5DFD3BA6,0.19822696169300286
CC_E77326438575,0.20193230765417994
CC_E77E29E11EB1,0.1617146723321129
CC_E78F20B3223F,0.708070903842547
CC_E79A23E64518,0.10171439082319846
CC_E7AC69AEA182,0.7657827511458575
CC_E7B754CA9668,0.04705877250659153
CC_E7BA60365AE8,0.16481811350469883
CC_E7C95D4A741C,0.06425473491032371
CC_E7D3D728EC5B,0.18553506429109157
CC_E7E4D5F851D3,0.0664435708270548
CC_E7EA49D37B64,0.3518510899474071
CC_E7EF11A24F73,0.7946402372479338
CC_E7F6F9A7EC65,0.07962385712085858
CC_E7FBC7F69DBB,0.2185895460502676
CC_E80B1A55A74D,0.19028714097705351
CC_E824AB0AFDBB,0.2025145199136296
CC_E826DAC92D9D,0.256982422547014
CC_E83AB7100D06,0.14247249188821925
CC_E83E6D31EC76,0.24182719387319823
CC_E86650461FBE,0.17849000251828645
CC_E868A3754B11,0.8404740382307129
CC_E86A993F7D05,0.0824725966392993
CC_E87992FBEE80,0.6137977194803031
CC_E87B909C4DDD,0.19347044091217142
CC_E8828BA7EE08,0.12024052457585317
CC_E886157F6FBD,0.3379938243020261
CC_E88711C5C98E,0.12203427005979033
CC_E887680BB6CC,0.18120084359309319
CC_E8909BF77D8D,0.10155148851963577
CC_E8A82DA3A246,0.1771968806182442
CC_E8AC7545DBD3,0.08242640376090536
CC_E8BA6B224C3E,0.12142272665388484
CC_E8C6CA45BF72,0.1896387705851403
CC_E8D2E3126A8F,0.690354412047849
CC_E8E55DAC4FF9,0.04351200948320023
CC_E8EB77AF3F78,0.8368285668107631
CC_E8F2C6905503,0.375446358631362
CC_E90831F897A9,0.18324440656546703
CC_E90B14D51185,0.5477427250743965
CC_E9188329C9E7,0.08161254738699217
CC_E91E1C0C0C61,0.626272181931981
CC_E91E9D34C5F3,0.10919890007029502
CC_E91F555DBA96,0.13608769470739243
CC_E932CFF4B4A4,0.23576022149200376
CC_E93643CB34CA,0.17079197077220717
CC_E937CA493910,0.14641201348656877
CC_E9409A50B4BF,0.5134675145631856
CC_E96711AD5512,0.055146315678994105
CC_E96A3E6912B4,0.47426826763431873
CC_E98AEE74B9BC,0.20750528243878696
CC_E992FB78BC2D,0.26201626598554606
CC_E9A3AECEE3A9,0.07002291805165778
CC_E9BDA7766728,0.29144994327288953
CC_E9BF1AFE86C3,0.20023885535569277
CC_E9CA055AD1A3,0.10340023167380191
CC_E9CA0A56E917,0.2160091221263989
CC_E9D3453F53AC,0.6507396800460388
CC_E9D46EFFA839,0.19904371221012201
CC_E9ED872B6037,0.03537999054633118
CC_E9F40C1B559E,0.11124420039856565
CC_EA06928C0AA9,0.25011098244743146
CC_EA0A46F64C80,0.09173039602161812
CC_EA114B15FC04,0.5140292444261585
CC_EA1F3F67BA2E,0.08689992650405676
CC_EA21618614D1,0.6825196172494671
CC_EA26B5A89181,0.18919302227080037
CC_EA26C6C27662,0.17499161014519526
CC_EA3B5AC76649,0.214381485188411
CC_EA4E669C8528,0.08759152726995902
CC_EA6917E7A5C2,0.683075972373616
CC_EA8A25862433,0.1400189149168039
CC_EA901D7CA670,0.1642482890615243
CC_EAA2BCE323EE,0.7515148473881738
CC_EAA6D5189190,0.10578494951835504
CC_EAAA8DD7FAAF,0.15419955639776622
CC_EAB7408CCE0E,0.2774967230079582
CC_EABEDB3C4827,0.1351736820146397
CC_EAC6D83D1BFC,0.03130687393358239
CC_EAD7F3E9DAD1,0.06449919688249775
CC_EADC7D8196C2,0.3260822235533821
CC_EAE608E24E29,0.03728591595210601
CC_EB05AD2C7C27,0.032185814193032215
CC_EB1DA337E2D1,0.1358515220111738
CC_EB1F425EC937,0.1060319681458333
CC_EB2FE764BF6D,0.12282854270251285
CC_EB55483587DE,0.11086918787006567
CC_EB569B3E2E12,0.6246442943635819
CC_EB57E6E6C96C,0.2321815671263801
CC_EB5A0FE0605C,0.1505286998832529
CC_EB64EC97D01D,0.11466000542589556
CC_EB691249B91A,0.18437116165809844
CC_EB7C50A7D4C1,0.47892400556306813
CC_EB7C52FDBEC3,0.1345191024958161
CC_EB86FED24535,0.25343890454141926
CC_EB89DECC2021,0.10130149376162619
CC_EB999F9D6095,0.18937424139411285
CC_EBA2F85924CE,0.06278493670859216
CC_EBAC5A53FD11,0.09113145942365387
CC_EBB109EF7619,0.18620695066936144
CC_EBBD00C18763,0.036616777806757574
CC_EBCA68C7854D,0.0742588664489567
CC_EBCBDE122879,0.15421841558928967
CC_EBDF6C88BBA5,0.06711095713154243
CC_EBEDAC91ED43,0.09939743854750947
CC_EBEEC4183FDE,0.0457712926124134
CC_EBFD9D007253,0.45965305508835913
CC_EC1ABC58E09A,0.15095715851617725
CC_EC26EABA68DC,0.8049383361869846
CC_EC2A485A3E71,0.17855273735288363
CC_EC3B9E2FE47B,0.08914120983827445
CC_EC505F03EE5F,0.031225995239248735
CC_EC5317EC6706,0.18389412178554088
CC_EC5B7FBD1EA7,0.13618899576653917
CC_EC5C7471FFC5,0.05541892332193549
CC_EC5D92B3617B,0.20713240630049373
CC_EC5E214BFED0,0.6597358771297199
CC_EC6406527201,0.10397314320149383
CC_EC79022358C6,0.3266471101170317
CC_EC831A90189F,0.09986243138915772
CC_EC87C131FADC,0.05846532710798298
CC_EC88785D6F39,0.19706717501877707
CC_EC9173F5284E,0.03589065801906744
CC_ECB7B3B6272E,0.05678341286705043
CC_ECBF4CED56D1,0.11890086550306364
CC_ECBF80B94EAE,0.7890723531807213
CC_ECC78B7AE3F1,0.6115998348454447
CC_ECC7E9E691F5,0.17287032223652302
CC_ECC9235F612E,0.2394190568064396
CC_ECCB0BD557DC,0.17066804230718013
CC_ECCCB1B4EA8F,0.09135980270789237
CC_ECDDF4983DD9,0.046120614661966756
CC_ECEE93C4F564,0.6178846191544312
CC_ED07BD8B2CB3,0.05231490596574971
CC_ED0F4A02A01C,0.23200398288907517
CC_ED11D72A1D3B,0.0643212997854316
CC_ED165FC5A06F,0.048234016732498636
CC_ED2B6A40ABC7,0.2766227610481213
CC_ED390F22A931,0.08990481899563715
CC_ED40E7CE5177,0.19310338718118886
CC_ED4E4B13DB1A,0.04023094866871142
CC_ED4F22572419,0.14899008275684117
CC_ED5AE5CB1DC5,0.06472548289915789
CC_ED6090A4E6E4,0.22769747497209564
CC_ED645D91E6A5,0.11281772348802774
CC_ED6B045B6075,0.17592861268900667
CC_ED9313C71C57,0.15721466504030152
CC_ED9BCE7C776F,0.7413270187395467
CC_ED9D4644716C,0.1712648332950676
CC_EDA794402358,0.24499731780560313
CC_EDAADACD4DED,0.13344668680247712
CC_EDBAD2E989FB,0.1401973297603299
CC_EDC98B474E76,0.25726911572073197
CC_EDD1FD49A66A,0.7702913381820563
CC_EDD448008C0C,0.6824195893509909
CC_EDDA3B790095,0.06148472136771265
CC_EDF95BF0E3D6,0.17600955235832294
CC_EE03D7C2BC69,0.0735815157270253
CC_EE0D95184E81,0.041649650796275264
CC_EE0FF690C214,0.4190361159312571
CC_EE2412C352D5,0.08512419280881382
CC_EE2A010019CF,0.05781592086074864
CC_EE2AC730827E,0.05699172326709208
CC_EE3236E6A9FD,0.11390780143879876
CC_EE3759EA49FF,0.16966118669829133
CC_EE38C78AD88B,0.41634421529215504
CC_EE3CE0FD6B77,0.5989155567743473
CC_EE6B7E58FC63,0.038610891209657244
CC_EE6E02464067,0.33124611055625297
CC_EE6E1FA7A753,0.13535671748110334
CC_EE6FCE6C233A,0.20744011119746197
CC_EE88C07B9333,0.09186633239351316
CC_EE9004165810,0.07155898316545145
CC_EE9BD17AD343,0.05072846857741188
CC_EEA608D5A455,0.15461903570544078
CC_EEAFDB1BB486,0.5267827681545066
CC_EEB482736C41,0.23645800936043565
CC_EEBD9DA093E1,0.04486490099332596
CC_EEF23DDD2262,0.1255156008842686
CC_EEFBDC9AD94A,0.07310756712974803
CC_EF05000895F4,0.4520279474156967
CC_EF16B2CE0988,0.3677070316961226
CC_EF1DD3F0CBDF,0.05541325612477112
CC_EF2D82085BB9,0.09778512870668254
CC_EF2DBE79D656,0.24273268977245027
CC_EF3000C48A4C,0.07257406730165478
CC_EF359AF608EA,0.03479014883879657
CC_EF362432D758,0.3412930691642043
CC_EF548B30F1B6,0.22930530803028112
CC_EF5B403DFD7E,0.08608489627277958
CC_EF66DA0DDF9C,0.24888929528923476
CC_EF70BA4AEEC4,0.1640616765032985
CC_EF83DD56FCC5,0.07264646949643648
CC_EF8B642A6F8D,0.07110120902335335
CC_EFA1EB27DA19,0.03749807954278618
CC_EFAE84EA9BDE,0.07126787642449933
CC_EFB26BEA106E,0.34954019182312757
CC_EFBB51CD8502,0.24216687136870615
CC_EFC18E9B3B55,0.12897739052525337
CC_EFC4B0020E2D,0.13056067891055645
CC_EFC9FA5108D9,0.13445686576911053
CC_EFE45D9B9D9C,0.0505529812855569
CC_EFF27FA98DF1,0.06729009690677051
CC_F000DA497736,0.23710227554927643
CC_F00107DE219E,0.6976103332253195
CC_F009FC54A64B,0.7763706477165582
CC_F01DF28C6BFF,0.08897097433888099
CC_F037C91F63BF,0.11509170015561562
CC_F03FADA95A03,0.7418375968365292
CC_F05235F3C894,0.10466384413818688
CC_F0649FEBFEB8,0.458293311154176
CC_F066C78B5C0D,0.1466436968015004
CC_F07313626618,0.6069602026498107
CC_F0783F6A56F5,0.7810134323365502
CC_F0791523691A,0.15298692128504246
CC_F080750455CE,0.05782268675659938
CC_F0809EBB0B51,0.02511715424879673
CC_F08259F86E23,0.16793060927509562
CC_F0929F859702,0.17787779947647178
CC_F0A7203CCA39,0.16620549190983552
CC_F0CD4DD9C63C,0.1287442903426897
CC_F0D29AD328E5,0.16448140147217427
CC_F0D339E5B80C,0.05435743409370081
CC_F0D3BC14FA77,0.09252570360442167
CC_F0E16D28D49D,0.18136779679124398
CC_F0EBE2C00A7B,0.055480887621384256
CC_F0F137758DC2,0.055513819921320956
CC_F0F6BD40CA43,0.3223267882203146
CC_F0F6FCF6010F,0.16534456775372336
CC_F0FBC9D4ECA1,0.028057772652055682
CC_F0FEE924096C,0.2671520725375265
CC_F1074E035DE6,0.04746844666897916
CC_F108D26930FF,0.3824757513115928
CC_F10DB853B9DF,0.4003894675185197
CC_F10E06D52D76,0.1374588049376927
CC_F11F5F477B91,0.644574253884745
CC_F14913B5BE1B,0.7492999181721829
CC_F156C1647E3D,0.0724191697573342
CC_F1598097E314,0.6925156176634152
CC_F1641E3AAB3C,0.04948470024995206
CC_F166878FB959,0.05313582523032148
CC_F17540FE7C9F,0.12545900381196268
CC_F175BB08B29E,0.044220049584924086
CC_F1782AF286D0,0.36770642549271104
CC_F1796AD4B774,0.5858538235038345
CC_F17B3A3A5E56,0.6276731830834312
CC_F1858D6F0080,0.14985395153606235
CC_F18689FA8E29,0.07078796574217286
CC_F18A82B0F153,0.1422859201209787
CC_F1AE7142A128,0.11291262554225828
CC_F1B43DD57C9C,0.12640646466248986
CC_F1BCB7676492,0.07819183513491802
CC_F1C8B8BB90AE,0.12185910954006993
CC_F1E044CD2D75,0.25242368639269785
CC_F1FCB96B5E14,0.2647866263061184
CC_F2067E92A939,0.15654052072056426
CC_F21512554CC9,0.0699232528591122
CC_F243956B7575,0.07374213903101519
CC_F24FBC9FD3F7,0.3150010172078762
CC_F252EB3F208B,0.0958910017847421
CC_F25D793346CA,0.40446094516549613
CC_F25EB1ED5AD9,0.05423706076518596
CC_F265A0AE845F,0.7257641785502409
CC_F274BB4AEBE0,0.064053773020805
CC_F28BF2185131,0.10573386295880473
CC_F29077E45AF0,0.22751470166192833
CC_F2988560CAB8,0.3631212923183115
CC_F2993AB36C56,0.08322629891194103
CC_F29D6C65779E,0.06175220076658557
CC_F2D2BADD0000,0.058000610302608814
CC_F2E4AEB73D57,0.10658391595987957
CC_F2E630BAF431,0.04842065115551846
CC_F2EFCB40AE74,0.1651970092013911
CC_F2F085891915,0.7249266402323102
CC_F3030E2C80A0,0.22729083166769373
CC_F3044C7C16BB,0.05744984962851271
CC_F30B21CB4603,0.10543674997285113
CC_F3140FCE870A,0.08724926354647602
CC_F32A84B321FC,0.19493696811038824
CC_F339FF584607,0.33137097618591455
CC_F33CEE0F6DBE,0.43180939091809756
CC_F33DAF3E9CF0,0.12136209366908196
CC_F34EC3FF202F,0.07762059466472118
CC_F35A6C383B39,0.15997338145596474
CC_F360E0FF27CA,0.07093357047212452
CC_F36B7AEC0086,0.1103990682133109
CC_F370665BECB8,0.5559924559561065
CC_F373A60E53E8,0.030174622830739743
CC_F373BDAE18B2,0.07538861354922259
CC_F3745BC63340,0.06902210044560197
CC_F37DC9169301,0.14091359647489188
CC_F394E57C5243,0.23023117367654966
CC_F39E98FD418D,0.07861285116365616
CC_F39F51452381,0.033236525019689295
CC_F3A52465664E,0.05190474870383045
CC_F3A8CF761A0F,0.21798815609233171
CC_F3BF1709E29A,0.4286931136652281
CC_F3BF72C29211,0.07888614696249455
CC_F3CF35465CF1,0.04472161616238218
CC_F3E2186DBD4F,0.29849399926819675
CC_F3F0F9B9B56E,0.1551548224000126
CC_F3F185395BE1,0.1461813665882471
CC_F3F68E6599E7,0.06452157140504364
CC_F3F7763C9DFE,0.1863783824390211
CC_F3FFF13592CE,0.06146659197516072
CC_F410C3CE89E1,0.17266243192044162
CC_F410C8B811FE,0.06449914283520876
CC_F4132072D78E,0.11032592335290914
CC_F4157B8E5B32,0.5473839374585824
CC_F41CF067E828,0.1181587126032516
CC_F41DC456E539,0.032567996818945844
CC_F41EEF55A0EC,0.042510059607245805
CC_F426B5C1F07D,0.34551707721365293
CC_F437875F9000,0.2114953705239404
CC_F43C961F8A30,0.14615279176383245
CC_F43D9BF23472,0.05374789273135121
CC_F444BE033109,0.12499499135314743
CC_F4481124F17A,0.15563123428373443
CC_F44EAAF80F70,0.1430904798565445
CC_F4521F6D3492,0.5274612488512483
CC_F46BD9AB1B68,0.13215818547928174
CC_F4763AA0B824,0.5547120387196636
CC_F47976F33E20,0.20847418471848006
CC_F47E588D4470,0.18499932120809814
CC_F4A2777912C2,0.12286109941256995
CC_F4A6C2B23685,0.051102869019562874
CC_F4B3EAEEEA8B,0.03722695820871583
CC_F4C6CD1E720C,0.07518682483500247
CC_F4D05DA98C83,0.04984961962398788
CC_F4D15889CDE0,0.14374992107191187
CC_F4DEC1E6173D,0.032620552985986775
CC_F4EFAD6AF8BD,0.29581023788625616
CC_F4F7835A1FA2,0.217669894781099
CC_F500597795FB,0.1479525569931567
CC_F5197FA9580F,0.690811926824973
CC_F5240F59146F,0.07561655152399176
CC_F534A0B87C3B,0.15261993565042745
CC_F536972BFE98,0.13215723182215633
CC_F54FDFE5A5C8,0.08987927194326131
CC_F55727F65F86,0.20389922876918715
CC_F558EBDCDD6D,0.1220388738002466
CC_F56D569AC51F,0.0845821434821154
CC_F5714D180EE1,0.11917739935676194
CC_F576ED9554AD,0.357135283286577
CC_F57C2559358E,0.19826400628042934
CC_F5AA72FC0972,0.09213194468976996
CC_F5AE7DEA2B48,0.06986609463951071
CC_F5C6A5E9D495,0.1525149230522873
CC_F5E0731F2181,0.24050273525107155
CC_F5F4F3B03FE8,0.7385855451960943
CC_F604D7B9CBD9,0.20555289365140925
CC_F60F13391D61,0.16669341900192602
CC_F618D72DF162,0.06895936836241791
CC_F620B15ACC5D,0.07456242041805643
CC_F62D426D6614,0.14524830834466176
CC_F634999D5C1D,0.025641176395927747
CC_F636E5BAEE47,0.17379476204691063
CC_F6461B692240,0.7129696506362297
CC_F65BAD63AED0,0.1714401383966025
CC_F65DD2AC57E8,0.29971463369912954
CC_F66C6577674C,0.05550381863773206
CC_F670896FE959,0.17068016573441175
CC_F67376F272EA,0.6851149456314178
CC_F67FFE9E884E,0.28000235913189536
CC_F683C99F06C1,0.15279104003355634
CC_F68523E2CE7A,0.7355020895271361
CC_F68E62F9AA0F,0.024558565389009922
CC_F69604E05962,0.08754070559025204
CC_F6B8913740B3,0.11268674761337916
CC_F6BB4952DD35,0.30421965484437546
CC_F6C0B7AC57B5,0.6375788335896254
CC_F6D2B06E6E8B,0.6266193752725228
CC_F6EB30A84C9F,0.2975932742726084
CC_F70345A4792A,0.11871627042425306
CC_F7068C1F77B3,0.3369060529488687
CC_F70B0EA8C0E7,0.05284601674979985
CC_F71CC97FCE83,0.09037683620757497
CC_F722224A84F4,0.6200351261331246
CC_F72D1046063A,0.2133892686737778
CC_F72DAB32A281,0.049185951442047966
CC_F733AA5C0ED9,0.06296236519842845
CC_F74043C1BBEB,0.05858935610469482
CC_F74A31E36137,0.058794952555046014
CC_F756B167634F,0.17919588071425988
CC_F75CBE8E1B92,0.4693689007468306
CC_F761F7EEAD39,0.13359939406163224
CC_F79303D62FCD,0.08199131778106578
CC_F795134B52E6,0.6471940246512644
CC_F79533E83ECA,0.09583390805417284
CC_F79F9A7ED432,0.7613995758715297
CC_F7B2FC73E020,0.03959032540881391
CC_F7CF24594B20,0.05307124882220904
CC_F7D31937AA89,0.04253257898346956
CC_F7EFD378035D,0.4064693175260513
CC_F8014B1E00D6,0.04016494897564918
CC_F80ADE95A7C8,0.047281070946459766
CC_F82E58E476A9,0.09959584269549919
CC_F82EB123CC19,0.19232143013016906
CC_F83088660331,0.11584591166279323
CC_F83C6DF6A815,0.5619473521083947
CC_F8620C4F7581,0.15939783304087993
CC_F869F4DA5077,0.7671630898310491
CC_F86B1C53EAF4,0.17802899214378792
CC_F87B7F26FF51,0.23300113242644688
CC_F8803D1C899B,0.04822593997094089
CC_F892E51AC9DD,0.04102896438244219
CC_F89C185743F0,0.10471619706700169
CC_F8A4D45C3769,0.09589576826956898
CC_F8AD68EA5A16,0.21657481990749916
CC_F8B4DBD0CE8A,0.34331089977753454
CC_F8F3E551F166,0.2953037950233459
CC_F8F9FE2C9B65,0.2513471907442787
CC_F912A50D0DD1,0.16560592192084483
CC_F91B7C2B1AFD,0.11214559151353971
CC_F925251D4BF0,0.36479292680108366
CC_F925ADD60E7B,0.03590665456181604
CC_F9282C144479,0.0602573075961557
CC_F92EE3287CC8,0.08170978028029857
CC_F93332608FE1,0.16392685339965524
CC_F94070DE3B81,0.05647061552118238
CC_F94C81428D20,0.2054702422659593
CC_F95DFFDA9B12,0.37793407487863007
CC_F96A53B02447,0.5917921278140943
CC_F96A965CDCB0,0.6586403077179913
CC_F9721FEDBE9E,0.1905466569532381
CC_F97C3E145882,0.25239365514566464
CC_F97C64C64052,0.0768859310974078
CC_F98660A07E6A,0.7976079345681478
CC_F98BA4B13724,0.07712844563291349
CC_F9A3F3A76B1A,0.14731176813686597
CC_F9A8E2B3A703,0.12167644595614674
CC_F9B3E7E7F2A9,0.42352457820838996
CC_F9D7D0B1E4A8,0.6891515377166817
CC_F9EDA4EDDD44,0.05156714488413445
CC_F9F2176B12FE,0.047349444382945
CC_F9F90E76CA5B,0.08903847443719803
CC_FA0157249C01,0.11237733852016285
CC_FA169BCA835F,0.06547236184408961
CC_FA19B61BCABB,0.1304037858751059
CC_FA1DD203C293,0.26314883226326524
CC_FA2E30269BC1,0.18916702090708348
CC_FA304CE8E045,0.19134197820829923
CC_FA310759A257,0.6633886103227016
CC_FA32397E7B8C,0.09133291787798767
CC_FA33D97B84D4,0.09679329059690514
CC_FA38991B9434,0.02515269559396808
CC_FA4079FFF1E5,0.22669271015392056
CC_FA716665CD8F,0.0737962905532376
CC_FA770268B207,0.19200667636198407
CC_FA7A2F59245B,0.4441902073872358
CC_FA8205104EBF,0.1210195494606586
CC_FA8370AF8740,0.04783610309284221
CC_FA858F1025FF,0.12519908918000006
CC_FA86320CF6B0,0.04944773756838019
CC_FA8B341CD3EA,0.19976470547116165
CC_FA9057AAF95B,0.08198763899442361
CC_FA97314C666C,0.052563106358465
CC_FA974C1D91AD,0.3567415777387754
CC_FAA0E5BC9F44,0.7027544555550944
CC_FAA2694D8578,0.2677487063132815
CC_FAAFFC74BC35,0.6975191233174416
CC_FABA6DCF8E45,0.03689506710500029
CC_FABC53294AC1,0.16793106315835532
CC_FAC52B8E66DA,0.11464572576021204
CC_FAD284D8DAC8,0.8443908016153685
CC_FAE70CA5999C,0.13572861748187826
CC_FAF1CCB40132,0.10684946386353494
CC_FAF93D8B3B59,0.06918352174262905
CC_FB09E5481B64,0.08262487473420944
CC_FB150A1F7C3B,0.1278334923068996
CC_FB1808471515,0.3749952779285053
CC_FB296D823CF6,0.0728193407535669
CC_FB301E1FA7FF,0.02937779352339717
CC_FB33C958A19E,0.4180149678674601
CC_FB40D63FC3D3,0.1913303907846514
CC_FB45A1837AD7,0.09723981284297759
CC_FB45B79CED15,0.10797897283327951
CC_FB52260232E3,0.06205078509529606
CC_FB6A0A7B8813,0.2577622525784894
CC_FB6ED10D82D2,0.10231630120726704
CC_FB78DE84AF05,0.03233455228225185
CC_FB8DF8F93E7F,0.17556939171578057
CC_FB8F89048B89,0.08760887320825113
CC_FB9C3E77A49E,0.12128178467173295
CC_FBA40CEAEA18,0.08731325540889767
CC_FBA998938FE5,0.16791166759515752
CC_FBADBAFCD1B3,0.2779939661176699
CC_FBCB85E21ADD,0.16381183673676009
CC_FBCD00EE4402,0.17841209256670248
CC_FBD40DFBA5D5,0.30954099601614926
CC_FBDECF3DACAE,0.22136487768698065
CC_FBE4E2F652EB,0.21418532982055702
CC_FBEA9510C687,0.3181140537580378
CC_FBED1E2E1CC0,0.15190968855300016
CC_FBF54E48EB13,0.0670481732766224
CC_FC1E279EF320,0.046096071918284284
CC_FC2E1D460089,0.09604146530656478
CC_FC31CBD20CDF,0.16486712076590787
CC_FC41D8134A1C,0.06606400013057384
CC_FC44D7EF257E,0.0457635408759719
CC_FC4A649BDD07,0.21577801111833433
CC_FC51BCDBB6B2,0.129407390717876
CC_FC57B6E79AAC,0.18756297490373192
CC_FC6AA879D9CF,0.1099949529590582
CC_FC7A926F3A64,0.6550455716780703
CC_FC83CB9C71CD,0.03069831909581644
CC_FC9E6D511294,0.13861839020317726
CC_FCA657E69930,0.39327442613953734
CC_FCB451237214,0.7910558083963521
CC_FCC7E51DF812,0.5741171663460576
CC_FCD42ECC012B,0.04229944642814464
CC_FCE8FAEAAEF1,0.10837843010215756
CC_FCFAE9BE2522,0.431484456350932
CC_FCFDB5DFE5D4,0.10476370785880776
CC_FD24FC7961A5,0.08907191978235324
CC_FD2793DCB5EF,0.12332067334077434
CC_FD2EEF724088,0.13354157095149033
CC_FD3205367675,0.08595404699220512
CC_FD3A21CDCA7C,0.1143888635671148
CC_FD3C4C2FB68C,0.14551265978340822
CC_FD41687DC1A0,0.15561875749800827
CC_FD44B4E31EFE,0.10329135789369262
CC_FD5721556AB7,0.060629968663377325
CC_FD643C174587,0.33182843675157214
CC_FD6BFA30DD9E,0.2785937885431437
CC_FD7C9DD7F11B,0.13888296237081169
CC_FD7F2D90CF8C,0.055726928153143715
CC_FD8C4F601909,0.04641135035534741
CC_FD90B45AA24E,0.07672502080234661
CC_FD95457772AB,0.05534199989838076
CC_FD9D9B58DB1A,0.19982018226287995
CC_FDA918AEB5D6,0.618603476534434
CC_FDD4C2065540,0.3323244469805696
CC_FDE57A2C5156,0.18925791227136823
CC_FDE9920975F6,0.2826696173478898
CC_FDEC856F9C6D,0.056564572173587395
CC_FDEED2AA92A3,0.43759834390630503
CC_FDF5607ECC1B,0.044544474966085934
CC_FDFED3D7E70E,0.17082681534743976
CC_FE0324F99784,0.12710544903094473
CC_FE0A18D6570D,0.04096073846892669
CC_FE0DACAC84BC,0.2719925451406717
CC_FE16586C9FAB,0.2494369186999144
CC_FE16FBC86237,0.15785778259603384
CC_FE1C808C4515,0.05458057114866746
CC_FE1E64201B9F,0.11532787976472272
CC_FE33D60E29EB,0.030385534126092177
CC_FE3ACE674BEA,0.14899655273884146
CC_FE468E9AA9D9,0.02296195760056299
CC_FE5AA923C220,0.16781775011064642
CC_FE6C777DDC19,0.05410147613531045
CC_FE6DD8C8EC90,0.23180389737900978
CC_FE7A84AAA8F7,0.13128021149361682
CC_FE7DB6B410A4,0.12417250037987358
CC_FE8691B1F3D9,0.06319614645254111
CC_FE874279A94B,0.07817257912730588
CC_FEA61499305D,0.1832066056703794
CC_FEC22B334AC5,0.1620988539113491
CC_FF045F9508F2,0.18891838881881767
CC_FF0EFF711598,0.24507531454178283
CC_FF12F53D5676,0.041529406089034576
CC_FF13D426EC1C,0.17150829821600141
CC_FF16A7C8600F,0.21713495541471875
CC_FF2236DC115C,0.4387657955733044
CC_FF2725428B6F,0.07467513301761455
CC_FF3176D91690,0.11716238204971975
CC_FF393D295D66,0.04333379974870178
CC_FF4598202C5F,0.6531323252916748
CC_FF463A4B3D04,0.3250757164355144
CC_FF4703F7664E,0.047006332517714196
CC_FF86EC3C0851,0.47595827522516976
CC_FF8A580DD831,0.15272874772446693
CC_FF8BD8697ADE,0.13703510204149022
CC_FFA681A2054A,0.03777122631888627
CC_FFB6B2D2BB2A,0.3575797499718988
CC_FFBFA27643F8,0.1388719428492653
CC_FFC81CC80F9D,0.14304785991100505
CC_FFCC9C0763D4,0.10855324344599723
CC_FFD4E33DC920,0.5575978396927541
CC_FFDE11143038,0.060485529920061246
CC_FFEF28047C4F,0.36552118700693526
