client_id,prob_default
CC_0012A082B7B7,0.13824185807194256
CC_0012BC27DFB6,0.14677302482138552
CC_001563B2143D,0.10847138005982768
CC_001B46930B6F,0.09582467890054287
CC_001D771E1C9F,0.03784538665513041
CC_0028BD91E759,0.09058587883141592
CC_0029971D7EF4,0.23046869156864963
CC_002B8C00B239,0.02950225069184776
CC_0035DFA86185,0.7514602373023476
CC_0042D11A6D0F,0.0590074413673177
CC_004D21A4ABB6,0.1269881877896433
CC_004EE05FC2EF,0.4541686119721127
CC_0050E546EDCE,0.7257606221010897
CC_005D7F31F785,0.048462210009397176
CC_0079996ED779,0.19864934518628796
CC_0082B4E1D9CE,0.03468901918334378
CC_00B01C73CEB8,0.16678577920181292
CC_00B74FFEEA53,0.20160091696284133
CC_00BF6791C18C,0.11887597703415087
CC_00C5E30B288C,0.3166897608215322
CC_00C68CE1CC12,0.3853861704021945
CC_00CC4148959F,0.17879144663067947
CC_00D428772D30,0.38953128085835004
CC_00D5806C7783,0.0981272200179881
CC_00D5C677C2AE,0.49321824928563157
CC_00DA781C4D66,0.07118574547578575
CC_00E7E2D6B548,0.20373413657236594
CC_012BC0A68DC1,0.08616578197188732
CC_014911033882,0.1682947052346122
CC_014F7EF4E595,0.676859487888627
CC_016501B25F2B,0.0381785287242009
CC_016767D9B049,0.03921005117142856
CC_017598512EA2,0.10853566056978198
CC_01941532C804,0.21414142021665455
CC_01A66C6E22FF,0.7805648323942691
CC_01A684355200,0.1655672068935205
CC_01AC62740827,0.10142334561777208
CC_01B0EFE5DB79,0.27744979463373226
CC_01B876B2988F,0.20765955062972974
CC_01CBB64C1DB1,0.35702577297167654
CC_01DBD993A1FC,0.0635008020205993
CC_01DC49D55C2D,0.02787885010133872
CC_01EF18A3ADBC,0.538831186543022
CC_020252D37557,0.16044177327785134
CC_020BCDBCA8CA,0.33027243595845845
CC_021A6DD97ED4,0.17323494733689282
CC_022054506F33,0.06267638175460237
CC_0225D6231EAA,0.06288903926264842
CC_024B524B0176,0.029821457264158014
CC_0256303A6DC0,0.22146440733550754
CC_02589E6E4714,0.04849882382252132
CC_025927626E10,0.7255196701609024
CC_0283023DB294,0.024560244475433816
CC_02903C6FC0C0,0.1918339655701809
CC_0296E572CF21,0.03393531201760921
CC_02999E509460,0.6183679254308301
CC_029E835D91BB,0.06771933697393713
CC_02A32EC3526B,0.06484756664118468
CC_02A393632CD3,0.28702160241679864
CC_02A3E21B28BC,0.7634787514850104
CC_02A4B4644529,0.07426871243351335
CC_02B43865B30E,0.05448344501653807
CC_02B5A1A178A2,0.16690715852656396
CC_02BC4785773C,0.22649053897538934
CC_02BEDD9627DD,0.6903599784101834
CC_02CD2C1EFBB0,0.11157009089759848
CC_02D4430492D3,0.3472495946208467
CC_02F79A06858B,0.09732805704392475
CC_02FA254C9D43,0.03164649809848533
CC_03062402B4EE,0.04858179664588971
CC_03072CF2EC63,0.3526422974517121
CC_0315369B079D,0.08650914599858595
CC_03199242A810,0.1376921309662475
CC_03214BA76DB4,0.19886119129324306
CC_032735A44CC6,0.06272617832350137
CC_0330340F2FE5,0.19058334444090144
CC_033236FAAFDB,0.1692242141930395
CC_0337298F948C,0.03484174469625107
CC_0341CAE5E2E8,0.2189797585454667
CC_03434E2371CD,0.3436235759137961
CC_03547AAB948A,0.21453311461665645
CC_0354D0453D8E,0.1061776701853048
CC_03592E51F427,0.7952137686811162
CC_0365DEB525A3,0.09582063587040549
CC_036782052BC9,0.3388753104381302
CC_036977A50F1A,0.13722164303725534
CC_03720D08B8C2,0.27296798483075574
CC_038AE599BCA8,0.3375205335750927
CC_039E67CDFE1E,0.27717696611208986
CC_03AC962FC717,0.17481624180031835
CC_03B00DFA3A85,0.7404910073351434
CC_03BC6380E968,0.47609586265032877
CC_03BC730E0B02,0.023056128901514282
CC_03BD4F22DA3D,0.14053371253906174
CC_03C7E1EF6F69,0.798346282702667
CC_03C9FA383477,0.09491225940311296
CC_03D1AAE90CA6,0.05877761831024067
CC_03DBB9598F39,0.14542963978438492
CC_03F18B43797C,0.08737380643641174
CC_03F80118E46D,0.05947548851217996
CC_0405E0151A6D,0.18668715384532103
CC_041FEE6C805E,0.3512994578252653
CC_042F88EE269B,0.18229172112634534
CC_043D98ED7F98,0.17161566503130032
CC_044C3537B769,0.14457251815697886
CC_045932C46685,0.11583380837155263
CC_04629624AA8D,0.19296518502814014
CC_04690B4A6AF1,0.24454872592449267
CC_046CF40369FB,0.11595488643073547
CC_046D6EC816AB,0.39346596912195
CC_0475CD95EDC9,0.11458172786383458
CC_04796F06B82B,0.1288353156101743
CC_04AC7C1CE736,0.30135372586416426
CC_04AEDD051B96,0.3188064263896179
CC_04B42AD0E01A,0.366909795958549
CC_04BBD1DB360C,0.2902716402575132
CC_04C767FFDA0F,0.4878599089722866
CC_04C7B819B9B9,0.07950760102056784
CC_04D127A775DE,0.07833550083698182
CC_04D9ED00053F,0.056508616260105886
CC_04E0EFC4F548,0.28787599980630263
CC_04E6848903E8,0.03077049316915944
CC_04F69D03ECE1,0.24302303976224368
CC_04FA1CFA1DEB,0.2053556059037068
CC_04FA6842AC62,0.02482788535582175
CC_0502F3791166,0.2704583054017338
CC_050B514E15FD,0.1407755348800166
CC_051ADBD6D835,0.10624088236249576
CC_051B4644216C,0.06262007786399759
CC_051C0A644DD3,0.02208854886588644
CC_051CBF566856,0.03865140935418336
CC_051EEA9AE819,0.15344155371687662
CC_0520E27BE904,0.13965599781110213
CC_05224448D290,0.10614030869629631
CC_0525DE4744C0,0.04215418607696461
CC_052F5CD81EFE,0.1780748637697287
CC_05368FAD2E6D,0.062191622806292264
CC_053788B82006,0.09344274236009546
CC_05471A48C6F5,0.1705683136930089
CC_056DBA1A87BA,0.06099107284690787
CC_05901F3E7A0D,0.16843986411355746
CC_05906BC8ED3F,0.1309238252301862
CC_059D55E32C78,0.08033968259887873
CC_05A12EF84A86,0.5003494535798183
CC_05A42D035609,0.15871255948523721
CC_05AD75A5CE38,0.038088009682508986
CC_05BBD4B92613,0.5507688068470509
CC_05C8EF6500D7,0.7703449331498402
CC_05DDB7B07497,0.06519318632719469
CC_05ECAE6E0774,0.21931659458937802
CC_05F11F14DF9E,0.3277451032214709
CC_05FA9192590F,0.12675581084000107
CC_05FD764FB154,0.7359786217020952
CC_0608DBB4DF03,0.27246744139356494
CC_06198383F6D4,0.10171926714986378
CC_06199EBE2B05,0.17133404691419193
CC_062A8881A331,0.06600100624016472
CC_062F74350907,0.041313051880037685
CC_0635AD30F004,0.771036519184333
CC_0639F539946C,0.27249724427660627
CC_063DDB42CF5C,0.06935478667695356
CC_06405C00E240,0.2697583464240638
CC_064920FC9DAC,0.0696699207895049
CC_0650AB329174,0.7817630727409879
CC_066941B109B9,0.1770123114708191
CC_066AA16F5874,0.2693854216956757
CC_06732311FB8B,0.1548274636639354
CC_06780061F889,0.12200146142979434
CC_068A81B06B74,0.4376837885497211
CC_06A1C5FE269B,0.3122408513997783
CC_06AA7138DAF8,0.02846269322272736
CC_06C0DD0D066E,0.74499683641723
CC_06C97CFBD476,0.12167345946949319
CC_06D15F523C05,0.18900094359418668
CC_06D35787AD65,0.03153981602447481
CC_06DA375201A2,0.07809647339142006
CC_06DB455FF19B,0.6781152071687494
CC_06F3674E7313,0.4768355005748326
CC_070232DF9996,0.11694801732720274
CC_07141FA77DBF,0.09538354949115695
CC_0715F11CC8CA,0.20597476686029687
CC_07168A9C843C,0.18945437256212275
CC_072AB9F855DD,0.03567222474955667
CC_07337AF6AC2A,0.12100474677683543
CC_07434E4E5C28,0.05805051802010872
CC_074381358A2C,0.025221445436394613
CC_074E7CA75E8A,0.2758474582791338
CC_075D0C618BAB,0.19129900156356072
CC_075D804F7851,0.08250680791834591
CC_0765961D818F,0.43284155687817494
CC_07698F10563E,0.05069152434334142
CC_0773B9BA9E18,0.31729334560589706
CC_0784ABDA7F8C,0.17737333434441638
CC_0790C9F9EC9C,0.07849184822683734
CC_07A996E6CA6C,0.2521796379083686
CC_07B588ED677A,0.15136415320173377
CC_07B730FD7F82,0.1684513490499296
CC_07BE6961D039,0.06642206207181468
CC_07D23A6BAF5C,0.1281589945152864
CC_07E08196A3DB,0.05044891008856331
CC_07E4850039B3,0.11310945381131238
CC_07FAAF8B2D23,0.036151731164526836
CC_07FB3FD9BE0B,0.09846391041643718
CC_080CB94A724F,0.2660193505562955
CC_0837C56711FE,0.0766120786504067
CC_084100A049EE,0.04251406238375587
CC_084113D0951B,0.28933388379175834
CC_0843DDCDD601,0.6711387276180361
CC_0846C14EAAFE,0.05821820661290004
CC_085091ADED2C,0.22436111885448734
CC_087943B4A5D2,0.16401762660254393
CC_08A97B98C405,0.13923866783836045
CC_08AA321BC4AD,0.162572663864043
CC_08AA44ECBDD5,0.052617799468048496
CC_08AE2EE9D798,0.19031358278557883
CC_08B149462891,0.17893567108413844
CC_08C71A8D2D58,0.04742527774783277
CC_08D645F7B257,0.034802450614655825
CC_08D80BF0B273,0.04826369707147511
CC_08F52B1BE431,0.2560912533195387
CC_0903571AC7E7,0.1518549232955425
CC_090D528C09D0,0.4526391574689186
CC_09106BA6CFC9,0.08554328644629186
CC_0915905A5D48,0.13256020113888212
CC_0918F67CDF01,0.1530266324091994
CC_0925D0B6276C,0.15035794563523291
CC_092A2830E36A,0.7885733142384326
CC_0951489C8F79,0.02421053037100763
CC_0951FA4D5513,0.08682601902443547
CC_095C712064EA,0.09586314158051559
CC_0969AA7BEC71,0.0683220380447851
CC_0974840BED49,0.7732002258421219
CC_097BD371F652,0.07775101308611179
CC_097C8139DBD1,0.05002647026479423
CC_0981CA4DBCE0,0.022765169943165048
CC_09A5D2F129A4,0.245085536601728
CC_09A9BE38080D,0.08865927006670524
CC_09CDC42E000B,0.1551433001427996
CC_09D8DBAB2A42,0.09890568027510893
CC_09EBB1960580,0.03303851022722278
CC_09EBF206FEE6,0.2046289585770079
CC_09F2AE996181,0.08283816704426393
CC_09F45833F53F,0.15761080703409863
CC_09F4F5C5B4EA,0.7669856614155407
CC_0A04BF4005F8,0.19542770162239775
CC_0A0E563D1060,0.07546216092708123
CC_0A0F781A999D,0.17892490680370016
CC_0A1138C37BC0,0.1816788634644906
CC_0A334A16524B,0.06256140768138005
CC_0A359CD5D73A,0.06199013185894481
CC_0A3E2C273DB5,0.05641110277415058
CC_0A4705B1E08B,0.03446494058556718
CC_0A67EB7C5282,0.15233001148630937
CC_0A6CD64871E5,0.33789675836326494
CC_0A75643FDC7B,0.059008331276777834
CC_0A8066F501AC,0.04091930058440286
CC_0A83017D027D,0.1786340605996837
CC_0A9AB7441D5B,0.3185943567093563
CC_0AAA72FA148E,0.3441445990390834
CC_0AAC488C8AE4,0.44699043338502165
CC_0AC2DB82398C,0.3235791178593539
CC_0ACA2C49A497,0.1367813844790625
CC_0AD4BBEA75ED,0.025947395017863216
CC_0ADCD6553B8C,0.066150427538067
CC_0ADE56B56C41,0.027542880962756894
CC_0AF4B5B4162F,0.7340548345705027
CC_0AF9BD814AC7,0.10559979274977993
CC_0B083BE0FEA3,0.1045561775599701
CC_0B1384331163,0.05846971866751557
CC_0B216C6AF0F2,0.018990953794929544
CC_0B3465DB0684,0.6118132066636155
CC_0B442B91679E,0.15204518424692165
CC_0B455175F494,0.09049689542393441
CC_0B4C01B4002C,0.21052661263232425
CC_0B544A526D6C,0.06325890665335814
CC_0B5B19AFCD18,0.06194599447587397
CC_0B5BD2D224BF,0.06355793267714879
CC_0B6407C2C9BD,0.14699693292453742
CC_0B73F59991EE,0.08831101607302094
CC_0B7579216681,0.0688466299934754
CC_0B7F3B4B32C1,0.29169913017457383
CC_0B830A67900A,0.1351707289342334
CC_0B84250F96B8,0.20704881659344318
CC_0B92212B8E27,0.2958081093943625
CC_0BB43BC4B3BC,0.11180534762033276
CC_0BB992973640,0.05932942182186139
CC_0BBC41297846,0.12032146208680558
CC_0BDDB468A1E0,0.2979897885541413
CC_0C00A631C2B4,0.06566731285294136
CC_0C011AF6C857,0.3498786570370955
CC_0C0459AB67DE,0.13508970192854505
CC_0C18B07E451D,0.1387811168031055
CC_0C19EB845CA2,0.2734036519951316
CC_0C1A736F37CC,0.07567335694996362
CC_0C335C9D86F7,0.781221905110332
CC_0C4C24D066E9,0.17602970585776354
CC_0C5499989AF4,0.17114820816104898
CC_0C95548CC1BD,0.16003171177415343
CC_0CA2DE660B41,0.22318366520103283
CC_0CA6D8CFCF2B,0.21928451019648554
CC_0CA9DF9C5C15,0.06064672462509767
CC_0CA9F52C92A8,0.18202575248681818
CC_0CAFB6C41CE7,0.12815582118023577
CC_0CB27D5313F1,0.5799831067145677
CC_0CC9DDDB8B44,0.0370535749109798
CC_0CCA18595BA5,0.26620196628687237
CC_0CD90568D3E6,0.24677723339278895
CC_0CE0D56B0584,0.06351540037249782
CC_0CEA028BF961,0.26791400361584533
CC_0CF67D68AF16,0.37224961628787934
CC_0CFAA0FB0691,0.05948466498055845
CC_0CFFD2785D2D,0.08495331130263184
CC_0D28AF91CE97,0.15570767712022987
CC_0D34E55A580B,0.11827207869324713
CC_0D3663B6524E,0.7628715032981073
CC_0D3C2864ACD2,0.33635997357847847
CC_0D5F4BE8132C,0.1528701580305053
CC_0D6D5ACB0889,0.18637103568193453
CC_0D7BFE8CC0D5,0.12046969019504729
CC_0D8852AAB481,0.2199369518675063
CC_0D97EF394C79,0.44028202935620825
CC_0DA8FDDE6DD0,0.05587482746389463
CC_0DABB89E37CE,0.07954973560514988
CC_0DAF0F2FAA86,0.10294312993267235
CC_0DB9E5F8EDAD,0.07613863054010035
CC_0DBC64F88C05,0.15464153203515144
CC_0DBDF018E822,0.13131010407683993
CC_0DC31A5A1096,0.04514802697491193
CC_0DC3870F23D0,0.03162247411531879
CC_0DD39F5D7C0D,0.06715527232557676
CC_0DDC2C18BBDE,0.04339469910095353
CC_0DE09CAA93E5,0.17039687287574123
CC_0DEA4477FDC1,0.1237391715483924
CC_0DED63EF6639,0.1891024196605265
CC_0DED7DBF26F6,0.2765819595893566
CC_0DF01CD21B9D,0.1645438615067189
CC_0DF6A478C01B,0.22499760124299972
CC_0DFE1A3FA5AE,0.16358074749642929
CC_0E07D5FB24B2,0.13543027187843812
CC_0E0CD9F23A5F,0.7065622062126802
CC_0E121FCB1D47,0.06686965140740869
CC_0E1423A4C263,0.1736642232784258
CC_0E16883EE8E6,0.42071308780598715
CC_0E1A2BA1C545,0.2062131771486248
CC_0E2B52BBA69B,0.04422815372003006
CC_0E40BAFC3530,0.15942287473665162
CC_0E48EE235179,0.07484779330819027
CC_0E4FA0FB9797,0.6502946373957758
CC_0E5162F59924,0.7686462387657396
CC_0E5E2FCAC8C2,0.27381422070081207
CC_0E68C2BE2A75,0.13720137073480215
CC_0E6C5A8D8CE4,0.09274622084644754
CC_0E6E9B0E674E,0.09404058735567895
CC_0E746EAD6CE9,0.06535049079443822
CC_0E968E7C22C1,0.2983287186749467
CC_0EA1483F50A9,0.1539427957684432
CC_0EA81362C7D1,0.1920496819729911
CC_0EAE97520873,0.30793319462132435
CC_0EBCF4228FF2,0.5384692528102255
CC_0EBDEFD0BDC2,0.04946899364621956
CC_0EC6AEDA63EC,0.2293510358949185
CC_0ED61DD76795,0.09807473988980914
CC_0EE33B1B71D5,0.1330712641177194
CC_0EE7EFF13EBA,0.057707847145450394
CC_0F0F136B0991,0.13792938695611695
CC_0F0FAF218BCB,0.04381856749151776
CC_0F125B48F175,0.07841184235297079
CC_0F292A238627,0.09763240197787958
CC_0F2949A1746E,0.07336647007882378
CC_0F2B71163121,0.07466384234262528
CC_0F393F1DE2EB,0.07448314048540101
CC_0F41B187053C,0.4038435569080356
CC_0F52EDC9D383,0.10362656399041215
CC_0F62C4F36236,0.09206059292073407
CC_0F6A29CE5D45,0.15756338166721978
CC_0F7C0515A6CF,0.14763401308903884
CC_0F8D6C89202F,0.1641520733931692
CC_0F933684CC08,0.18456950181664372
CC_0F9BA54F2AF6,0.044321085282830394
CC_0FA06CE7FAE8,0.03625380052929708
CC_0FD25AA655DA,0.1474505169549124
CC_0FF5570E06EC,0.6754413269279357
CC_10197FE0E34B,0.6766010192950488
CC_10355B5718CD,0.09920732037336846
CC_103A9D18EC12,0.15275864339754847
CC_1040DB6A21EA,0.10345032312832621
CC_104D2B84FC4F,0.03342577099126623
CC_104EA2802A11,0.08086836799754282
CC_105777B1BF91,0.05988632966425391
CC_1059F1B6C0C3,0.15781182017778994
CC_1061947FDD14,0.04905430154542178
CC_10689257E68C,0.32816561359542573
CC_106BFCFA7D7B,0.03047109727729084
CC_108FA04AC10D,0.09289836615566985
CC_1092915D0093,0.11307622070995203
CC_10A30F88E157,0.1508541243927193
CC_10A657027AC9,0.7357200890959217
CC_10A6EAF27BF3,0.046248349604542355
CC_10B148BED568,0.43201052672707846
CC_10BB7101F191,0.029521318143509293
CC_10BC5BC3A9AD,0.40374786895221243
CC_10F27C70AB99,0.10118659955296028
CC_10FADDF63CDC,0.1718790457690863
CC_1107D9301AA0,0.07272758147812236
CC_111A6DE5D9C7,0.7438650258674756
CC_111DC3B1756E,0.22459336254002096
CC_1131156CC6F6,0.13890529246792357
CC_113B66D5D5D9,0.11001885997232083
CC_1143254EFF36,0.04904868821302179
CC_1145E5277FA7,0.25439270241704387
CC_11521077BBB0,0.15559049889433593
CC_1154861ABCCB,0.5814942315039485
CC_115BCAEAE2A0,0.09553529462364756
CC_115BF13E8BFC,0.2251625424807816
CC_115EBE5044BD,0.3570214530364642
CC_1165AA07FC47,0.7267618328891898
CC_116EE8219753,0.05178185222143089
CC_1176FA3233B3,0.03853039126395025
CC_117C2A1587ED,0.08951163180651264
CC_118C0A1D14B2,0.2849163817047898
CC_118ECB589F3C,0.11196282176797366
CC_1190F13FB1FC,0.113226807821939
CC_1192EEC65A1E,0.26253867513563
CC_119B1FEC4D83,0.2243308690399794
CC_119C413C2580,0.16489448602759052
CC_11AB74142A2E,0.8058580423295463
CC_11C8A291FD11,0.1519353748633218
CC_11D1E9C39E41,0.05884568293017545
CC_11D600EE1BD6,0.18074314541424918
CC_11D7539AC69D,0.16953931547797485
CC_11D78BB50016,0.14265067096049375
CC_11E0C583685C,0.11728136571154114
CC_11E0D2F15AA1,0.03258074749697151
CC_11EDFE67C719,0.6557767977154476
CC_11EE85F284B8,0.22572605681158425
CC_11F700202C6D,0.15325271631596893
CC_11FB668DF543,0.10141494864412465
CC_1209FA26609D,0.029426387296720986
CC_120CA1B916D0,0.11708676958792044
CC_1210186F4D33,0.0725491964453886
CC_121F621374FC,0.2442515809184992
CC_122532C1FBCB,0.13383870108738025
CC_122B19CBC88C,0.6429042799306579
CC_123C7F0111C7,0.6007385947265902
CC_1241EE42F174,0.1453175729451965
CC_125B7100F1DD,0.13493538736563446
CC_1263B255B3B5,0.192747280737275
CC_12878596E940,0.0708388815308674
CC_1298ED71A9E0,0.06367431512585384
CC_12B555C6F086,0.16780085104257414
CC_12D22C629874,0.1576343418340065
CC_12DD89EA0C14,0.19144144749974928
CC_12E24CDE2684,0.16788746237282232
CC_12F3B7309455,0.611787741407516
CC_12F8E7A4BBE5,0.3549649245812169
CC_12FDEAE4873F,0.20552984156006449
CC_130F7B067939,0.3588982636142193
CC_13209EDC85EE,0.6657633097893784
CC_1332B6F0E543,0.2413743053149488
CC_1334E256AEBC,0.5818350594749472
CC_1337726B2AE6,0.08025235013421464
CC_1338237BF402,0.2009956384249872
CC_1341DF38D9C1,0.16979495623996085
CC_1342F868176B,0.7039514636838857
CC_134651CCD2F8,0.1176326562048555
CC_1363E3090578,0.05666658536123962
CC_13736493B695,0.06657146384832156
CC_1392DE633D4C,0.28383961197091795
CC_139ED2E0AD76,0.08494069297363135
CC_13A5383EA098,0.6327361994063243
CC_13AA272C6861,0.05507916292758091
CC_13B74E4EE3EF,0.18843043105764795
CC_13C437E86B81,0.4866095228658142
CC_13D61B077E7C,0.06874411561544858
CC_13D7115A8FCC,0.15937171265199673
CC_13DFE319B21E,0.7870499940615019
CC_13E0F0B3FAE6,0.20851033866085728
CC_13FD88C2920A,0.69567303587186
CC_1401CB818627,0.18876588701102276
CC_140B86E74F74,0.7815964839049844
CC_1452A0B69085,0.03888058254260879
CC_1458CA7329A7,0.24949910552528506
CC_1459E7125AFB,0.07551245911131671
CC_14633EC7F622,0.39579363799751593
CC_147B1B30DE7F,0.11062255527207464
CC_1484511F54C5,0.29549276086615917
CC_1489A941A69B,0.29566467775105154
CC_14A8B16706E9,0.07680640158627593
CC_14BE52BADB77,0.0965831932859926
CC_14D53413FBCE,0.3166086147988995
CC_14D59B58E51E,0.13901944248048304
CC_14D964327B1D,0.05374725373978713
CC_14F5D06CF093,0.12632570343058816
CC_1501D63D5A80,0.34068625160499777
CC_150E3A0E5084,0.2200835873329402
CC_15152312AC56,0.06979380413808844
CC_1522BA0411C3,0.05449050682972331
CC_1534B0241A1B,0.0454217045648518
CC_153BE2BEB74C,0.1221816170041641
CC_154BBCD4DCEA,0.24853812562871158
CC_1552EC27FC0C,0.7095572354569213
CC_1566BFF4BCDC,0.333326241087559
CC_1579BD86A63D,0.31292565271913647
CC_1583CFD90530,0.2731541922326353
CC_1584385F38C8,0.06476183097969768
CC_159656F13BE8,0.09228157334092496
CC_159B6F6AAF1E,0.08975237847565504
CC_15A4934FD96E,0.12102612766911192
CC_15B2140CE869,0.09499584800637174
CC_15C0972DE384,0.6351963081324843
CC_15C0E30FF2DC,0.1057095211911285
CC_15D617FAB434,0.049209877031529424
CC_15DA0F4FFF0E,0.3122608890942242
CC_15DAE76D15DF,0.04387409542083348
CC_15DC7C139EBC,0.3457841365043844
CC_15EB741857ED,0.07725531390177373
CC_15EC51F4C521,0.2925251862666794
CC_15F6259C7C53,0.07165093099504123
CC_15F7C012E10D,0.4288904484327351
CC_15F7C1BEC28F,0.1837645924814331
CC_15FF58854AEA,0.250912626933517
CC_16035CDDC2F6,0.15985431954480175
CC_16095572722B,0.04426810582756855
CC_16109F1CE0A6,0.26328648305084995
CC_16150E74E4DA,0.14743768781310662
CC_1629E47AFBA5,0.07554887002245698
CC_162F4582D06D,0.6252933738527868
CC_163194DFEDDA,0.03118064496766607
CC_1640F01B7730,0.098248229250479
CC_16460554039F,0.02645137237652498
CC_164D308CDE41,0.2290070800707715
CC_1661041F819B,0.7608519956157765
CC_166829780A76,0.1229579424511412
CC_16798666E855,0.10560321767299694
CC_1684B5493414,0.21813849985414646
CC_168A8907C8F4,0.06260676699936422
CC_1690EC56D088,0.06226516787488945
CC_169853EEAB4A,0.08961525619885756
CC_169B7FD839BA,0.14413814277148682
CC_16AED1A3008A,0.14525861621665423
CC_16BAC7837C73,0.1791736768241165
CC_16D57E1EEA01,0.13776173884062148
CC_16D833E56D7A,0.18375886370436398
CC_1702487A047B,0.18258170547127806
CC_17029F78E70E,0.05407625430968846
CC_1702F3E986AE,0.06957786465518925
CC_1707181BB559,0.03781210979851763
CC_17117BF03935,0.22677503339556318
CC_1723E40C3D40,0.23764850866347337
CC_174FBBE9ADD9,0.2003323099081028
CC_176E6E58FD1E,0.09792106766900481
CC_1783F37259BE,0.083948402310334
CC_178B135605CA,0.08403280424880286
CC_179AA5165026,0.35560138426149074
CC_179DBA1C4CDB,0.31030094650761963
CC_17A1090B69C9,0.10967053508215996
CC_17AA1A4C904D,0.20122083510116368
CC_17B06C06FDC1,0.14732691050191676
CC_17B89AC1FD03,0.20343588081438657
CC_17DC33AA73F3,0.053227298718769925
CC_17DE4D267831,0.08688798316371574
CC_17E929BE0344,0.36600072609259765
CC_17EB83DECE5E,0.4299007117147869
CC_17EC9982E5A6,0.14211059977401924
CC_17ED5555B4FD,0.24066697000648396
CC_17F4292DAF8D,0.10204591196378572
CC_1807B0980C86,0.06641400694516741
CC_181354A58B53,0.06740856175037775
CC_181E7266E018,0.0993663819973851
CC_182AAE7CC3CA,0.47813421999772654
CC_183EDEDC5DA7,0.07769427550285586
CC_184C47552665,0.25885811384686436
CC_185A7392A475,0.28563092256384404
CC_185FEFD3233A,0.40009584056962755
CC_18676FE5FC07,0.07141311041002188
CC_18776C4FDE28,0.08090077488933464
CC_187A8AECEFBC,0.14386890614287132
CC_187E7D0B4E82,0.7237274028443269
CC_18839D393105,0.15542454744010686
CC_1888476F6CF3,0.1390364049719781
CC_188B1ED2AAA5,0.32564070575690607
CC_18A4257C3172,0.28733001210468156
CC_18A7929D9FC9,0.29659020755326865
CC_18A8695F185E,0.10791427648723728
CC_18ACE64E8F74,0.20448305964678715
CC_18BF4A29BB38,0.13016532330265151
CC_18DE36F7D294,0.14041175864900643
CC_190EB07AC1FC,0.12141124503843799
CC_19219F2C60B7,0.16839353141965824
CC_192262DB0B0F,0.07764603282574993
CC_1929746E06CD,0.6286123246491714
CC_193356E72D61,0.6689157536528603
CC_193938E8EA40,0.1761483201036782
CC_193C60092202,0.529494601810723
CC_193F669537D1,0.1721256262923322
CC_194E13150BE5,0.04859391240120068
CC_19556DDCCDB3,0.033178264974208324
CC_195A6E9B48A2,0.12263188332223507
CC_196DEC616B33,0.08647114608786127
CC_1978B23D64A8,0.11416216102173268
CC_198562A4BD86,0.11779279504104159
CC_19864C9572BC,0.1604186445528622
CC_19868B6887C9,0.12198228770111999
CC_19969E05AB2B,0.15876457798948587
CC_199FC89885C7,0.11943222322362937
CC_19A40411B404,0.2624700847047947
CC_19A6D9B60B29,0.6715973994462742
CC_19AAB010550E,0.061649335779656186
CC_19B4743DFEEC,0.077201069277739
CC_19B95A61D757,0.16366706416081075
CC_19E6A00F6A5B,0.058711812561156415
CC_19E8DEC29F47,0.6056776196358191
CC_19EA54976042,0.14503016408384525
CC_19FBBEA75B7F,0.13579890568236602
CC_1A039E58840A,0.05464833363737148
CC_1A075331756B,0.1116944315509423
CC_1A1E1302C432,0.15185407946555318
CC_1A37690EAEDB,0.16457970326200203
CC_1A3BF9F5BD42,0.14456935818754188
CC_1A4268FEB02E,0.16430747424179093
CC_1A5F8618A912,0.294482661865776
CC_1A659D4D521E,0.4074573445452686
CC_1A879655902A,0.06308727947383785
CC_1A9F6DA46BC2,0.11384898025425225
CC_1AAB15E81743,0.029258391498973496
CC_1AAC389EF8A2,0.22760285019242155
CC_1AAD0CE365D9,0.130063046840658
CC_1AAD9152C90B,0.050671288373964375
CC_1AB15BDA9296,0.06389180399727346
CC_1AB8BDA3041B,0.18257975842359986
CC_1ABB9CB074E2,0.7121701158085845
CC_1AC1B1A3978D,0.0509169990752593
CC_1AD20D1F9C08,0.7174682584283064
CC_1AD881A90D1A,0.3159730914108119
CC_1AE9811724DD,0.7678640700564832
CC_1AF1AAAB9D12,0.7565054978526863
CC_1AFCC4D0ABD4,0.16054067691715695
CC_1B08ADAFD1C4,0.1668109235755985
CC_1B10139C7917,0.11816402455826136
CC_1B127133B948,0.1623825138997334
CC_1B25964EA376,0.15320456686517217
CC_1B27A85C7244,0.18196934085130656
CC_1B29F4378A34,0.13119854417382587
CC_1B2EC0BD0677,0.34618101089020514
CC_1B4AAF37FB97,0.08486248490571921
CC_1B5E792F6E6C,0.3133192244570466
CC_1B7166DAA790,0.17006397340362295
CC_1B89FD901C95,0.09415953769664223
CC_1B91E3A70338,0.0685301230991749
CC_1B9D9B7184F7,0.15652648239870307
CC_1BA3FDD92B1B,0.05560362393952102
CC_1BA9B3D67170,0.15832783458881966
CC_1BAF97E2BCF2,0.09608595782213769
CC_1BB7D8A54021,0.07507417862572191
CC_1BD548A5FEF3,0.11578159514255328
CC_1BDF1893ECEB,0.24150248798883805
CC_1BF117A8AF9A,0.050937130619261244
CC_1BFA7E407428,0.7025654326043721
CC_1C0066F472E4,0.7049345251102506
CC_1C09CC2385AF,0.0592240064280073
CC_1C11467AB472,0.6539715768856934
CC_1C1627B7EE6E,0.03637666659658526
CC_1C3259B85E28,0.15668586799884535
CC_1C334ED885FA,0.03243254696240166
CC_1C376760FE39,0.07351742156353942
CC_1C39A1ADF3F2,0.15605529431574364
CC_1C450FC77478,0.12743036569104044
CC_1C48409023DF,0.40852759486060586
CC_1C4D03324C60,0.3516040840063111
CC_1C5F1E1028DB,0.032686834205347015
CC_1C6681C0AA7A,0.7869003583112315
CC_1C84CFE19CDC,0.20260917795640124
CC_1C8B3F689C6D,0.22072886900770805
CC_1C95674B902D,0.04181997980108776
CC_1C9A4C11F28F,0.16186555032174538
CC_1CA3F50BABEA,0.07290449787367115
CC_1CBF42D35AED,0.632991824110298
CC_1CC11BEADBD5,0.11262393261929636
CC_1CC3CE396A8A,0.23824474276708899
CC_1CD2B13C2E6B,0.08055534376404175
CC_1CE0B37CA670,0.070166895530848
CC_1CF5A99FC068,0.12924074955364073
CC_1CF71AEB6671,0.06322120027296041
CC_1CFE066F5EE4,0.19483222911705905
CC_1D00B360809D,0.05543027847236566
CC_1D1173F82F2F,0.10555519448227281
CC_1D1E06E0B393,0.15873019178053915
CC_1D2789866B1B,0.07415966042769684
CC_1D2DD7DF781A,0.18941707496393972
CC_1D313498A2DF,0.1734312259787295
CC_1D68396533F9,0.33811640819004884
CC_1D7235BA1EAF,0.18121131641016314
CC_1D7ABAF9D080,0.039518682428892504
CC_1D7FA51D0D7D,0.4746467784498676
CC_1D8CFB3589AE,0.0543828683305535
CC_1D9421A6EB19,0.3309594502740817
CC_1DA0AC68719F,0.34477199144911946
CC_1DA366D588B6,0.1045540169420051
CC_1DACBFE0296C,0.09864703954278183
CC_1DBD6A716910,0.6331433342240859
CC_1DCB75B5CBDE,0.332794385856741
CC_1DCDADBC0E90,0.40840883360591096
CC_1DD11FAF43E8,0.12096755678634002
CC_1DD8064E71C7,0.1592862662102319
CC_1DEC926EE25C,0.11029612645011773
CC_1DECBAE4FC5B,0.06294878761813949
CC_1DFF80E6D4DF,0.05873926749477684
CC_1E025C3597E7,0.22757544356165144
CC_1E082052CCBA,0.6316178349882817
CC_1E0E30441DD1,0.19540102800954406
CC_1E20E200611C,0.13961548127789325
CC_1E354C75EB9B,0.024832428616244295
CC_1E3B2C15EBCD,0.17882669872357
CC_1E4DF11FAF55,0.15671560205940654
CC_1E4FE60DFD8D,0.7426376746770703
CC_1E5A648D299F,0.18061945097737403
CC_1E6C0A8B3841,0.6356104308041504
CC_1E7FA6E807A3,0.2193004322423498
CC_1E93F760EC93,0.26314303300237984
CC_1E99F40FA03E,0.05597457024664606
CC_1EAD09DBC23F,0.19539096362412123
CC_1EB3D53252DB,0.24040624947519545
CC_1EC889E04D69,0.0982641725812048
CC_1ECCBF6853F6,0.47841016611567905
CC_1EEC4520436C,0.18720245669443217
CC_1F2827DC99C0,0.15901737925647755
CC_1F2C184C5227,0.0753566323667319
CC_1F3FA8091B02,0.1316323350245826
CC_1F4E07BFDC8C,0.0450362565953161
CC_1F4E0E9B54BF,0.0571357627184365
CC_1F55738A6A27,0.3423697520752255
CC_1F65276D0EF8,0.1103496815914568
CC_1F65C797BD40,0.05210479201115237
CC_1F668C0AE868,0.0880347690895291
CC_1F6B19A04BD8,0.03922746379320483
CC_1F945A60367E,0.4480754156113216
CC_1FAB6F11DFCA,0.6981086010788845
CC_1FACCCE95224,0.26712918415036785
CC_1FD010E5EA82,0.06300115285405898
CC_1FD2B7BCCD20,0.7141540045975102
CC_1FDAEC3D5CBB,0.10623850046318417
CC_1FDC65FE3DBE,0.13372084533236994
CC_1FE696D8A81B,0.053262050135767534
CC_20027685F59C,0.7642286390622415
CC_2009F3D77774,0.12882772953661606
CC_200C552C40F3,0.11096440778275551
CC_201459527065,0.11059347401724742
CC_20275029A688,0.08246735851705642
CC_2028DA597C34,0.2029674680347784
CC_204E557E5046,0.37237844516502566
CC_20542CFCFB39,0.0394206362506086
CC_2060F813C9B2,0.2578110159330101
CC_20813A9A7F71,0.09567622698650999
CC_208429A11E2F,0.1705706027558811
CC_208B0FE7CBAD,0.08588180077436625
CC_209A511030A7,0.031600791811243936
CC_209DD60421B5,0.06371803651914362
CC_20B26D646D62,0.16059811399563922
CC_20C47966B174,0.19596866399743548
CC_20CFE9681E4D,0.07760919541597922
CC_20D4DB0F3E3D,0.03191159313695635
CC_20DD84CE3CA0,0.09636010407731257
CC_20E57CA675DA,0.6122935116833426
CC_20F129FFBE00,0.23182929024581767
CC_20F4E0F62D2C,0.06041146578205983
CC_20FEE0B2130D,0.6088037999951758
CC_2111B298C212,0.10282283464388317
CC_211315AD7633,0.1892125767336787
CC_211504721E27,0.13689390398403112
CC_2119919BCB4F,0.7981195035485269
CC_21375C9ED931,0.19605919259197252
CC_213D2A5355FB,0.20792131013080148
CC_214B50E48E94,0.15536131476593432
CC_215F86D986BA,0.13823926977776413
CC_21600308F496,0.03794294503507668
CC_2166F3F6344B,0.10219902944009426
CC_2168BBB42053,0.12581858018790104
CC_217030CE0127,0.035614667084896495
CC_2179067B405D,0.03484857367760473
CC_219B59B67193,0.20385857057733842
CC_21A9E8DB58FE,0.120919665400116
CC_21AE679C5E95,0.22421487904828993
CC_21B98D13174C,0.1049775813385844
CC_21C81BC15002,0.08574998045084162
CC_21C9B26CFEA3,0.05999982166281026
CC_21D22081A4CA,0.7527143814759357
CC_21D29CD736D3,0.3226866788356204
CC_21D3CEAF838E,0.18476270615842744
CC_21EF792A3811,0.641341146287447
CC_21F04E996723,0.36516940062147724
CC_21FB6C8AB8BF,0.4589047052055223
CC_22067686F6C4,0.7086657358383074
CC_2207A39B7BB8,0.11769436028445714
CC_221053121AAB,0.17880382598801464
CC_222423774191,0.06593407557366644
CC_2230EFBC99AE,0.4333324257720221
CC_223BDED2A465,0.254052371423529
CC_223E3CA7A07F,0.1816556136370151
CC_2250B42E48B2,0.11113783544728907
CC_225935E43583,0.12458468945661103
CC_22781E93CF84,0.17379973275642224
CC_22784AF3CB6B,0.4319878462951885
CC_22831690395E,0.22785821123052283
CC_228E6CBCC935,0.6147107358420653
CC_229338EBBA6C,0.08724426674100283
CC_229A63057E54,0.48861224051358976
CC_22A2D8A4B437,0.08353300766250388
CC_22ADE1EE9BC7,0.12960222591552625
CC_22B69E7C415A,0.031030840847062358
CC_22C590B43FEF,0.30726467798338464
CC_22F06379D8FD,0.025434625640448266
CC_22F282264A1D,0.12138764394322835
CC_22FBF5F0E1C0,0.22825385537362936
CC_2302088175A3,0.242232655796093
CC_230672EAA654,0.027476085427912002
CC_230870B121F6,0.15214800571559095
CC_230A051B2B3E,0.0429046150914366
CC_2316F57AFB7A,0.08256571575278215
CC_231D091FCD1D,0.04483090619788846
CC_231FDED1781F,0.25207016000686006
CC_2320053D1183,0.045276125168435065
CC_2320AF507566,0.182863097265844
CC_23321FF41C3D,0.2233449399836629
CC_233470D6BE72,0.6427080920403961
CC_233C8EBC95FC,0.40434175936603
CC_235F99F13500,0.16318326291493862
CC_235FC02CA52F,0.20757458596176864
CC_236C80CAF53D,0.1961144453357435
CC_236E7222D97C,0.06948966402500319
CC_237B86FDC93C,0.045291281421986296
CC_237E7EB2D7D8,0.08393911289518921
CC_23830081EE1A,0.6319978702170759
CC_23894AAA08DB,0.4807110416048673
CC_238CBFD6E20C,0.377635457178545
CC_2392A4A79C9E,0.029171635061568765
CC_23A474D43C73,0.20695007178609265
CC_23A9CC59BA0D,0.019892344725462682
CC_23B158D8306A,0.1304750986459988
CC_23D147F1870B,0.1701591010584843
CC_23D2E73DCFCF,0.12672289442109863
CC_23D9103D1EAB,0.025652425417343246
CC_23E142182F2F,0.690879453591324
CC_23E43713A108,0.03341361647086469
CC_23EF2911610E,0.4922174691510752
CC_24056B76BD7D,0.041265505586906566
CC_2416ECE66177,0.13289215387982586
CC_241E65816FC2,0.07184151955504468
CC_241F7E97FBDD,0.042690111757416875
CC_24217201D7A1,0.36763413572653536
CC_242301FCCE50,0.03744551864184854
CC_242C69CF0B12,0.10706146069072398
CC_243B23702DC1,0.1848439058321686
CC_2456B9C796E4,0.11967180663694363
CC_2457D89CB88B,0.6124904932402188
CC_24667210E2AF,0.2205086973957874
CC_2468D206CAEA,0.05631796437778818
CC_2469630A4F86,0.3343008687076462
CC_2469D83D9594,0.028925402195206826
CC_248C65EF54A5,0.6382109884042291
CC_24BCCA7941E8,0.09094302232918273
CC_24BDC1CE2A3A,0.19805589664723086
CC_24BFCCDF957C,0.0412487700648035
CC_24CC8A1B1CB7,0.11950542157373972
CC_24D4B1852554,0.20697532548199743
CC_24E65FA5A32E,0.15163075559501663
CC_24EF3EDB6857,0.03139636845549238
CC_24F15A19D648,0.16321655872469631
CC_24F2410B5A19,0.14110758631089962
CC_24F27E7DE1C6,0.4647438618801667
CC_24FFFD0C983B,0.028607190111217082
CC_2504E9D5D5E4,0.13057353929372217
CC_250F6A0DB62D,0.0512302674762711
CC_2520E13DF0A2,0.7196885586734094
CC_2539C315029D,0.28832240050662755
CC_25519ED78507,0.17949945758530347
CC_255D49296DB6,0.12040050678828867
CC_255DC60FF5BD,0.03685748600249364
CC_2563C9EF9D55,0.05233867312474755
CC_25756EB9651F,0.11786953062102724
CC_257CC46D379B,0.42637136127403463
CC_258D5F80A933,0.6904930739373898
CC_259D87270257,0.24231027670685212
CC_25A41AB21C94,0.22733403195270885
CC_25ABCDCC8B71,0.09785332482792257
CC_25AF0D0569B5,0.06610352700977809
CC_25B61D393144,0.15481104204752516
CC_25B95D7288CB,0.40201090863233124
CC_25CE2F2F13BE,0.2150305576548423
CC_25D1A5971976,0.3443917450313426
CC_25D411B46F00,0.7549012804407329
CC_25E7A2DC5E41,0.053756865934021424
CC_25F4C8E51AC2,0.5211721104829397
CC_260323EFB122,0.5610228251277639
CC_260F10484312,0.05626096013489271
CC_2610D0F1D0A7,0.18444262430251152
CC_2615866F35A2,0.09251774049344427
CC_261DA4E8DBEB,0.11338400384907031
CC_2628F00B0745,0.38514910792960433
CC_26338E9AD15F,0.13428240553035697
CC_26346B99BDBE,0.6614996153619306
CC_26351DBC1AF6,0.11528322501430252
CC_2637397AA3F3,0.6099796368137179
CC_26675C32611C,0.6742602570094416
CC_266E49E49071,0.18580577835844975
CC_2696368A4DC6,0.026484473931767887
CC_2698641B68A5,0.15080698774977377
CC_269C5AE6A1A3,0.6776347758741835
CC_26A06AD1206C,0.7605435310642111
CC_26A358B0C10F,0.15166510262729388
CC_26B07CB02EA3,0.5732800884644706
CC_26B638BEA8CE,0.12142234689511425
CC_26C33B649FC9,0.05170692385732434
CC_26D5B969A36F,0.32760333215814474
CC_26E3A1226C2D,0.1553254603806906
CC_26EEA3F0224A,0.2567668053182793
CC_26FA5E5A718C,0.13180194317644817
CC_26FE119D4919,0.04864934160595355
CC_270B462BAEF3,0.02577286926383033
CC_270D929FEA9F,0.07506910002727199
CC_2731AD82BA11,0.2006380941709836
CC_274144AE3E86,0.13402144229918472
CC_274AE6E82879,0.14261334628588065
CC_2757A490C5E1,0.0807828649909518
CC_2766F6011BD0,0.3772965275550449
CC_2768E644C697,0.04343242057328443
CC_2770DF70328D,0.06580151177290261
CC_277503968C44,0.5083767214825807
CC_277CE974AA8F,0.2749061543413798
CC_277D246E39B9,0.19628556915344353
CC_27A1CC725B7A,0.05908376478447045
CC_27A798829CA8,0.7685123757513234
CC_27C938FC8DC6,0.47311528127831604
CC_27CA2D819E7A,0.06085921545918385
CC_27E3712F0E38,0.12440136359475959
CC_27F3B3F43FF9,0.02968313868931625
CC_27F9832EAB8A,0.4626987913452604
CC_2809CC131F3A,0.6669468502863548
CC_2812523510C0,0.15528822241878923
CC_28151C75756D,0.03991278558591807
CC_28203CC976F9,0.10116383829110459
CC_282AFAE06F96,0.08661644741718844
CC_282C2404F4C0,0.07209837034802777
CC_2834BA2F19FC,0.20187924500245766
CC_28432E22F47D,0.5775250572939856
CC_2844882CC439,0.04796179417186666
CC_284F79726032,0.4042796484146368
CC_28544783AB15,0.4771507292234484
CC_2856104729EA,0.6951334638815451
CC_28625CD86761,0.167821313458408
CC_2866BDB46FB1,0.08765953462579724
CC_2872415C6B36,0.06904339725223811
CC_28752737647D,0.63601714998714
CC_2875C281EE88,0.050295142549057814
CC_287E3E9EDAC9,0.07273831130411225
CC_288A2C49D62A,0.04411746901547284
CC_288FA8CD819C,0.18429842237862287
CC_2891894CCED4,0.06675194143801998
CC_2895608A9699,0.1428958263772783
CC_28A2EF7926AE,0.5921881007993188
CC_28A7DBD2B710,0.15894495642895412
CC_28AD81DF2C51,0.11969078899672608
CC_28AEC29CEC25,0.15835338549689323
CC_28C1C3DF7928,0.09365660553225895
CC_28CA76962EC8,0.17517562263833703
CC_28CD47803B6A,0.06857211889879553
CC_28DF569DBBE5,0.07450234279603525
CC_28DFE611C657,0.09460699601877821
CC_28E11E6A6C8D,0.16049197219171357
CC_28F58ADC7CBC,0.12032184826771739
CC_2916479EBC84,0.12204034103696483
CC_2917C6CB0B2C,0.14673517703612157
CC_291C7830D4B5,0.37465218461643496
CC_291FE1744E5F,0.06861018973952177
CC_293124F1ACD1,0.12379701818492532
CC_293C2D704AA9,0.35244596161890723
CC_29432A6B2555,0.1166449317051495
CC_2944B427406C,0.16443613620433345
CC_29468B7035D6,0.12441267613620274
CC_294A9A24E473,0.04091652717493669
CC_294B94EB0E07,0.2636199483365276
CC_2967C29E4C3A,0.12525610873097115
CC_29716D5835F4,0.2067480239088168
CC_297179FF2BCC,0.40563179001722266
CC_29803690C939,0.20926936368571808
CC_29821539DC4D,0.1336822146204171
CC_2983C1D2A273,0.16408437723494168
CC_298CAC5A1868,0.6194004215815428
CC_299EBE0FB429,0.13572002237079214
CC_29A1C0073882,0.4692551426535252
CC_29B6065F187B,0.3631094636043651
CC_29BC66C10F87,0.6444920667038815
CC_29BF3C3D9682,0.16206721429354892
CC_29C4425FB2DA,0.1908617025698542
CC_29C5D0D72D61,0.11058555316065086
CC_29D65E313500,0.13432849613588868
CC_29FD856F47A5,0.7411271799228397
CC_2A097F88615A,0.08302526239549565
CC_2A0CB4CE1A48,0.20903605403875458
CC_2A14C1652D6D,0.22223648899927873
CC_2A1F96F80938,0.119812735811367
CC_2A23F71805A2,0.13470307588833344
CC_2A2BF2FD0498,0.13654845851775887
CC_2A358A1D3DDF,0.6437959668981315
CC_2A3E371F0DAD,0.25473023211119944
CC_2A423FC8A330,0.3107480443992113
CC_2A43368D54F9,0.5074908786380308
CC_2A47A21C0E07,0.6665742477011909
CC_2A4CB02E7A1E,0.12285789918413981
CC_2A510080BA29,0.17970211268422587
CC_2A5316E550F0,0.08002879676483325
CC_2A59695EF90A,0.5710740521921537
CC_2A606D00CC46,0.04541042069709585
CC_2A6C69145AE0,0.08646777658750995
CC_2A6CD71471A6,0.11342246231259642
CC_2A70D6EF64E1,0.08259269066133354
CC_2A844754AE67,0.6223636163617718
CC_2A85A7B242FD,0.16415790972346941
CC_2A9A51067D7F,0.14336003820718624
CC_2AAAD4020436,0.1951391099343382
CC_2AB62BCF3704,0.07689778887009471
CC_2AC1C8DE5649,0.11531169327947818
CC_2AD10D78793D,0.71712525776354
CC_2AD26446A7AE,0.038063387473406256
CC_2AD2D35975D1,0.09400331936411155
CC_2ADA07B0211F,0.2945147878284957
CC_2AED2D284351,0.3213706458576289
CC_2B01FDE2552D,0.23833242097425045
CC_2B06DDFD7F8A,0.06553865564714036
CC_2B08FBC0A948,0.15574081947713744
CC_2B1914218468,0.7288586432003219
CC_2B1D93E12DC9,0.1644457244389652
CC_2B248C488918,0.0746643310307111
CC_2B256891C60A,0.6187693969005128
CC_2B2801591A25,0.4001363137162396
CC_2B2B7CF1E40F,0.1104860814195842
CC_2B2F4204834B,0.18426176151627058
CC_2B5443C7AB87,0.06199344124387522
CC_2B5D780AC244,0.6562935745836904
CC_2B64E67CFF13,0.04946746555864115
CC_2B6B872C8D21,0.06494163495270995
CC_2B85D931F011,0.07987721831885658
CC_2B959EF030DD,0.14698694317261185
CC_2B973D1AC16E,0.12025154501609517
CC_2B98983C2687,0.0421386928001451
CC_2BA581E7B8D2,0.09091370097190402
CC_2BB2C432C369,0.12224168427763912
CC_2BBE19587CD5,0.08411134462943516
CC_2BCB838A9581,0.14495847334464984
CC_2BD0E9336EB4,0.06463597474281979
CC_2BD1633FD528,0.08907288407724734
CC_2BD58FC8C2B9,0.029151124665098872
CC_2BD6083CAB0B,0.7833099103255661
CC_2BDD47B177E5,0.7861729689829853
CC_2BDE889EB05C,0.2803125283225347
CC_2BF8DB192A49,0.6194531763807123
CC_2BFDF46F3AC2,0.11670677328118675
CC_2C00CF2FAE22,0.1416643780958639
CC_2C06DDBA1073,0.3633366752022362
CC_2C16C7838FAB,0.8028868526801701
CC_2C263A1A732C,0.18652897965859766
CC_2C34105831A6,0.18845661195951144
CC_2C43FFA06F31,0.08651015770817644
CC_2C4DEE4CA1CF,0.05441547502150792
CC_2C56DB55E40E,0.08376902570223935
CC_2C59F565C183,0.13507908271819155
CC_2C7F54E56925,0.17065353346356749
CC_2C8CFCC646BE,0.026155324207313868
CC_2C91AB1DB754,0.05163847982305386
CC_2C93356976AE,0.3886256054253313
CC_2C9DADC294C8,0.0650221762659406
CC_2CA94231028A,0.2611921335106041
CC_2CC8CB17283A,0.19019038548039735
CC_2CCD42AA2376,0.1327421380707172
CC_2CCFE560A79E,0.06403636311427968
CC_2CED227E5216,0.11973380828421049
CC_2CF326E90715,0.034799615144421286
CC_2CFEA03CC6A0,0.6581912494305414
CC_2D1D032137DA,0.10354543413059289
CC_2D258781011B,0.17070374861391283
CC_2D30260A1CEC,0.20600095510185662
CC_2D35C002A9F1,0.1461553054028715
CC_2D45DEA4EB25,0.1396199299649368
CC_2D5494C13FFA,0.08377668462800753
CC_2D5EA2953E81,0.2227247048992303
CC_2D6E7894EA16,0.6606095292724958
CC_2D7DA36360AD,0.22120882640295111
CC_2D7DFEACA38C,0.29354127849708955
CC_2D836654A121,0.1505883839035943
CC_2D9CDFC6C57E,0.7284173953636335
CC_2DAC67585B03,0.21003035970853834
CC_2DAE338809DE,0.28582774151820917
CC_2DB062A18C75,0.4975404223201647
CC_2DB2C55CF89E,0.7812740334079076
CC_2DBCBF870292,0.029956403594131896
CC_2DCBC03B4FA3,0.7470959102247172
CC_2DD78131B5A1,0.11014633840156514
CC_2DD7BCA75AB9,0.12336128561877435
CC_2DEB49017220,0.09875106893967872
CC_2DF6C71ED372,0.14186595236304073
CC_2DFBFA1A4FE8,0.1452566813113787
CC_2E12A41F7733,0.0679167955084371
CC_2E1A348EB1E6,0.11808632383618574
CC_2E23CB0F6F7B,0.35933322654570166
CC_2E3634587158,0.052295738546343645
CC_2E3F4B14D8DF,0.36121735764304425
CC_2E3FDDBF4F48,0.18998806314057398
CC_2E61C46BC16A,0.15754090003464125
CC_2E62AEB14351,0.3075421506897554
CC_2E6F1C0ADEB8,0.1800878388815425
CC_2E7415FAB62E,0.0741214552784227
CC_2E77F7444FDF,0.03395854512190374
CC_2E78431BE3DB,0.07681584635221407
CC_2E7D44FB8075,0.14882747689389048
CC_2E7D8539BDA6,0.2988901212787774
CC_2E7F248874AA,0.7173892148660185
CC_2E85BB8F3BB5,0.07833892767208755
CC_2E8897E4D9BB,0.2298570160826181
CC_2E8CCDE89E2D,0.2348506363986479
CC_2E927D910813,0.11025642714699668
CC_2E9891F5A2D5,0.13100405259328152
CC_2EA56A7EAC04,0.27392434427882884
CC_2EB45D13B248,0.12631179881257382
CC_2EC924B0EAAE,0.114952905088826
CC_2ECC248C96B7,0.04205873357049561
CC_2ECF0C98B06D,0.3745978218897805
CC_2ED3F6481454,0.15805775054637913
CC_2EDDF0B40ED8,0.13297755792899643
CC_2EE2A139642B,0.13392129047190887
CC_2EEE072DA301,0.1952684138004409
CC_2EFEBB85DAEB,0.14357037692372066
CC_2F133BEFAA69,0.1337127207405945
CC_2F1AAE3B81F2,0.07921530171237134
CC_2F1BC47CC90E,0.0354332757050088
CC_2F2128FBBDDC,0.15067429639195523
CC_2F3D3342834E,0.06658380808088432
CC_2F42D39F710B,0.6323135909407166
CC_2F4AFE398419,0.6932274251949149
CC_2F4C24B38EE6,0.04936124057856571
CC_2F508C0838A6,0.0815995770207374
CC_2F50EC193942,0.20862221993621893
CC_2F5BD03D4900,0.06089895169447561
CC_2F73AF6728BC,0.03778691756140399
CC_2F7EBEAB9CF2,0.18351239893151827
CC_2F9AD2BC25F5,0.05920402700330599
CC_2FA3172ED3FE,0.6885458578179213
CC_2FBEF8808F48,0.16812249351218722
CC_2FC014F0EA3C,0.08889035674308804
CC_2FC3AD2EC986,0.24700291484352138
CC_2FCC82AC097C,0.28313135101842013
CC_2FE2ED7D464E,0.27104250643901734
CC_2FFCC9802D2A,0.17723451986475036
CC_2FFE32627DF8,0.20221112497783258
CC_300BEA90EF3F,0.15188798756977692
CC_3017B64D0364,0.20405603372437808
CC_3017E5E87C94,0.1393942631290787
CC_3028375CC87E,0.7894118888182605
CC_302A48CFCEDA,0.06891829596237448
CC_3031F96196BD,0.3397718180326728
CC_30328ADA0AE8,0.09117758956764394
CC_30451015D913,0.023808062528294104
CC_305D33AC15A9,0.7475483141923019
CC_306015CFB66A,0.15079581583650636
CC_306413849CEA,0.41479274554508017
CC_306EF0BC7CB3,0.02323252354926397
CC_3075C5B861A8,0.09712010787864364
CC_3083D9B76858,0.04105360360582879
CC_3096994A495B,0.19641218179104342
CC_30B106BC1657,0.17709518894011778
CC_30B967417C42,0.19255017115630513
CC_30CABAFF5453,0.07551633981970202
CC_30D68208FB23,0.34838575511084413
CC_30E2A90BACAD,0.1689533110437266
CC_30FFD856443D,0.6063085208445982
CC_311EF26786A8,0.0830542275084989
CC_3129843EADE6,0.697098626625444
CC_312C34EF683B,0.04551488557427784
CC_31302B64C078,0.10593176760708878
CC_31344A25B569,0.02400541304314421
CC_31397A399AD5,0.06880967499648355
CC_3145B5EAD7AE,0.21611728810483588
CC_3146EE0BF81A,0.13114899718760203
CC_314D02632843,0.3051858062636177
CC_315133406E42,0.23528260082224356
CC_3180D1C6FB7E,0.2444750220432328
CC_31827EE8A968,0.2952086028039631
CC_319BE06CC27F,0.034093083536986896
CC_31A0A97AFFCC,0.4938373936148536
CC_31B22116E36C,0.1618494637599703
CC_31C78D9B6494,0.3788578325639189
CC_31D3FA367B41,0.11174893579381692
CC_31DAAB3E6DA7,0.16128358577100418
CC_31E36F666FB7,0.07706376660416663
CC_31E72EA14FE4,0.103949584746613
CC_31FC6DC9482C,0.230681853394736
CC_32076DA6AE23,0.15055707729564294
CC_3209FA12D938,0.30487083905647705
CC_320E17F947CD,0.4318322944754088
CC_3223C706DD92,0.23557491464542318
CC_322EFB2E377D,0.0993900729400359
CC_3248EB928073,0.07287644274970236
CC_325D5DC52B1F,0.08177123084266084
CC_32662A6DB78D,0.16674464667305955
CC_328DD3BA068A,0.23041976995577712
CC_328DF7798F91,0.15480545665295614
CC_3295CFEB188B,0.08322455847442967
CC_329DC79286ED,0.6854939726429783
CC_32CB77D55C73,0.12531998876926187
CC_32D129B9E651,0.09011686370721608
CC_32DB12551D37,0.6618176294667883
CC_32F00D77D5CD,0.11370268225726067
CC_32FF5F6892D9,0.21019472597036454
CC_3301EF60877F,0.13220276104945777
CC_330F334BD816,0.10996918932471778
CC_331285B3494C,0.20682505380558452
CC_331364283D5C,0.1119014331305481
CC_331718E0F54F,0.16188597062325347
CC_33194D48FF66,0.0776386363335792
CC_331E8B8BCAB8,0.06214227233008825
CC_33254134ABA9,0.7809933568011406
CC_332E42439579,0.09732865663398728
CC_333102AB964C,0.1455385267847529
CC_3338AC0E8112,0.2536156351000656
CC_33656EEDE6F2,0.4094432579232787
CC_336777D934E0,0.4604298876152194
CC_336DBFE464D1,0.5102312503261721
CC_3382BB2F3152,0.14107398375140662
CC_3387207793E4,0.03256466724446423
CC_33992C973839,0.20224218566377156
CC_339C36703675,0.09235121752561412
CC_339CA5814519,0.1007899707119419
CC_33B157F2A921,0.11641010698137239
CC_33BBD10F239D,0.064000304189711
CC_33D3B12EE56E,0.08858972041136062
CC_33DB68EA27CB,0.0934959352043391
CC_33F0B95E70CE,0.2253584796426113
CC_33F40275D630,0.04953283195827494
CC_33FD5DE22692,0.07832566898859163
CC_340961106343,0.11414023049304524
CC_340BB1F4CEF0,0.1361333349957693
CC_3410B11F1FA3,0.1569606537584951
CC_3424972707B6,0.6481212966577952
CC_34452758A645,0.02683683617816857
CC_344D239879D6,0.12985921013655655
CC_34503B6891CE,0.2166460098555213
CC_3451722A3813,0.07072029337054984
CC_34517B513D8E,0.4670917131450602
CC_346ECB4CF2F8,0.09701418796595893
CC_3478E8B6B56A,0.05756917432316523
CC_347AFDE16722,0.08303538655306977
CC_347B1A01467F,0.04087849493905715
CC_348AA62FF484,0.29375403600594446
CC_348D3F098A4D,0.08783067366207173
CC_349290E4D0C9,0.13912422961637844
CC_349347D553D1,0.26343330146287947
CC_3495CE27BB05,0.25186833935259717
CC_34B10A654721,0.14742096520000575
CC_34BD2C5130C8,0.11992677159545445
CC_34C433439160,0.05810930150448056
CC_34CA271F73E3,0.3154164569799961
CC_34CEBEA3B15A,0.06759389009575492
CC_34E58CF793A0,0.15351884606508215
CC_34E6909B6027,0.5014609884823258
CC_34F4292A8B5C,0.17855451086143742
CC_34F6DD223594,0.04047002408598402
CC_3508A7A5E9EB,0.1472041428172637
CC_35094977DD75,0.14549380046074348
CC_350DE157CE6D,0.15899881292634765
CC_351BD5C2EE8B,0.01794673934569614
CC_35486249EDEF,0.19843593649936986
CC_354C9ABE6DDE,0.061184127607576744
CC_35578162927A,0.11505566142209238
CC_357C3E7518D3,0.7323561673282367
CC_3584C15BF11F,0.03200397129810925
CC_3588C5166872,0.08430068574308289
CC_35A68306B19E,0.2484627451681104
CC_35BFB3093D02,0.042658093170989564
CC_35C085ED37BD,0.532141163165374
CC_35C695C13279,0.07077313675650096
CC_35D1668A4C13,0.2172373308447001
CC_35D27495E0CB,0.7808141081253914
CC_35D562E1DBE1,0.6900904684848655
CC_35DCDC74A757,0.46632639290332056
CC_35EC2AB1D1EE,0.13762573839867512
CC_35EEB90317B9,0.6047362587648246
CC_361A9EAF7706,0.28388633726653173
CC_361B968FEB98,0.2957774949299305
CC_361C9FA031A7,0.7645669263734002
CC_3620C5D1B3E2,0.05797780665885105
CC_3622D7221940,0.03389636258859813
CC_363175E92F74,0.3115617979580764
CC_3638C9146BFC,0.14924346225367632
CC_3643A4C7EC5C,0.05482993033953831
CC_36690A9AE112,0.7363390917465449
CC_36719170F638,0.08148579735464671
CC_3673466BA7A7,0.07647609491901576
CC_36847054DF52,0.34846981108633246
CC_3691CE792752,0.7416864027428431
CC_36A27FE53743,0.5094512175694931
CC_36A3FB06D1D8,0.7807120100710949
CC_36B0F2AD5413,0.05586150740107286
CC_36B1B7BF5F75,0.16499958104170537
CC_36B68E66951E,0.44031750646963386
CC_36D3F09AD810,0.4359044825351718
CC_36DBD8424220,0.5686703073043735
CC_36E5645D8018,0.08343740097058082
CC_36E6592E4E23,0.16983230208881173
CC_36F143AEC864,0.08820189934223183
CC_36F2A735DF73,0.18234174785908872
CC_36F81C003E8F,0.030068784915780467
CC_36FCD55EE425,0.5326523736223788
CC_3701D5DB7FA1,0.076941747877718
CC_3706E1EB2587,0.5635646858763759
CC_370E0F8EF86F,0.5654915985704305
CC_371D47444D5B,0.6978865018924705
CC_372CFE308EA4,0.6450717136015336
CC_3731D90357A6,0.249694210790974
CC_37322F66C543,0.030033734638587585
CC_373539DE38C5,0.1307753850448139
CC_375225700242,0.32205720607882227
CC_3762D0B6F3C2,0.11270807663038951
CC_377A277E831A,0.14658454455429978
CC_377B6066B91B,0.2675792090603015
CC_378D71726B5E,0.07115859552791436
CC_37A46BD0DCBF,0.03620874828200313
CC_37B447368F02,0.7214143268641788
CC_37BFDFE369A3,0.21618031271030394
CC_37D09FE492BD,0.06860683571435491
CC_37D3F4C07235,0.289759456576236
CC_37DDACE48E3C,0.12556451145844377
CC_37DEF85C0A37,0.3094393626773041
CC_38020CED9EEF,0.08127371068948754
CC_382207621EC5,0.800022235782472
CC_38374AB27F95,0.07580542710008983
CC_383A5544DD5C,0.1264303479185903
CC_383C129A5B96,0.2354943388533688
CC_3847AAA649C7,0.11529755342491127
CC_3849D992C1E3,0.07772624433255289
CC_384BB17F0F0B,0.6172750453847214
CC_3851177E5E76,0.07193563396701368
CC_3862F88850B8,0.27713866728756836
CC_3867CFCFCC94,0.23766070096170216
CC_3872ED018F85,0.1758900660916906
CC_3881A587C072,0.133170119163066
CC_3882F8EB5EEB,0.6116870417937508
CC_38911341EA6C,0.0849389673981202
CC_389E5B71E254,0.6050933634916655
CC_38A0DBCD3728,0.07021519948512606
CC_38B3E9142747,0.0878032350630833
CC_38C1B8860300,0.04679022920279761
CC_38C8CF250B60,0.027803173028404085
CC_38D32B790B4A,0.1384514491227435
CC_38EB304A9915,0.17937076846779504
CC_38F26461C872,0.7713612903362488
CC_38F942257E28,0.5379464841165844
CC_38FA5D78A8A7,0.048482940987329984
CC_3903D7BCCA95,0.060017279311553304
CC_39043D7ED04D,0.19267280828455063
CC_39098B256732,0.062100214561345936
CC_3909A2E4C679,0.1378249549064084
CC_392344DF8D55,0.3320205594229773
CC_392628C8AD47,0.09506356607486866
CC_39285F4C42BF,0.3897954249251754
CC_392A376EA1A2,0.09374243675187255
CC_3932E086F150,0.1699434613052458
CC_393D1D3640D0,0.061208366472162865
CC_3943B3490B49,0.6729718755532667
CC_394DE164DBCD,0.13522352846794938
CC_395600E84A54,0.1290909934371657
CC_395D181A7E1F,0.09713122132788851
CC_395E8CACC437,0.12925652134723314
CC_39635AC6A70E,0.059648989249541706
CC_3969352E3ABC,0.08865452565362483
CC_3985C0DF9CB5,0.5588330099455189
CC_3989F2C6A9F8,0.20274048390661062
CC_39A82672A1B2,0.07072634375516121
CC_39AA15DAE17D,0.6071658810723537
CC_39AA2A3D98CC,0.027815764122437123
CC_39AC257B00C5,0.09848992336928084
CC_39ACC63CDAEE,0.113220815490154
CC_39CE40784C2C,0.19426703273005286
CC_39E1A306D418,0.13851624505732324
CC_39F2B11C46D7,0.07919793677615936
CC_3A10F5F50A27,0.04764467429883773
CC_3A27CF9D162A,0.589180459876332
CC_3A297424A7F7,0.10878471389438804
CC_3A39F7930BF3,0.08895057109748375
CC_3A57566F9977,0.5926025262098217
CC_3A61121254E6,0.04331768608152707
CC_3A81C568A7F8,0.1860288406200205
CC_3A82E7050A4D,0.03423382541967401
CC_3A860AADE6CE,0.14824597752862684
CC_3A8B3FC29C9E,0.1258936587021893
CC_3A8E9056A5A2,0.08719798114016003
CC_3A9617A5777D,0.4362031643137016
CC_3A99D25777CD,0.13863961456409338
CC_3AA9E8D01340,0.5586139989752889
CC_3AAEFC09C290,0.7164079991731255
CC_3AB5E579843E,0.2610783939594266
CC_3AB77A30AD40,0.18095176488949888
CC_3AB7BA36A414,0.3255803543747805
CC_3ABA830A5BB2,0.11202790901744804
CC_3ADDDA550A57,0.10418300072344386
CC_3AE7B1151DC9,0.12919907506511633
CC_3AE9A209EE00,0.03945117111279252
CC_3B06FCD75C98,0.054719766050021726
CC_3B0722FB5E8E,0.28920723053609626
CC_3B1C51DD7429,0.1678081473709667
CC_3B1F4696D710,0.6212049880932063
CC_3B224413A072,0.2525111390864621
CC_3B35C3783CCD,0.2526334816966677
CC_3B3626F3DF9F,0.229014416384969
CC_3B4405C7E486,0.5649491795342042
CC_3B4C4A9C9D99,0.2633388898567208
CC_3B72F0E9E3F8,0.2196859056887477
CC_3BB02A95C6C1,0.7305801294666627
CC_3BB8B675C2BC,0.37685851375415946
CC_3BC51B069218,0.09913228747025997
CC_3BCA5BD201AC,0.17130801077170094
CC_3BCAC9793441,0.3095488932027401
CC_3BCBC867AC4A,0.03684472313566156
CC_3BE51412ABE7,0.43091224205866757
CC_3BEA98B401CD,0.6834877037738809
CC_3BED6DF1ABF1,0.16905722206988236
CC_3BF0BF7CF827,0.7821936481291273
CC_3BF110035599,0.62464513883586
CC_3BF213810DEE,0.6862964394598294
CC_3BF21CA88D3C,0.45669154051204386
CC_3C0E29764C71,0.056319626678471194
CC_3C19509D4636,0.16118223245878943
CC_3C1B038BB068,0.1625037669540454
CC_3C594CADCA2E,0.19843950172558078
CC_3C5D909498F7,0.6428678768460201
CC_3C68D5179A01,0.11421033642556347
CC_3C83955704BA,0.7735383287938428
CC_3C93218F41B2,0.2901300091155931
CC_3C9CFC8FB4D1,0.7108625108332334
CC_3CA266EB55BE,0.11730551563314917
CC_3CE49C937F7C,0.08767990653577601
CC_3CEEB9C04F0B,0.3913448268588574
CC_3CF504AD4DD9,0.0654883884603975
CC_3D1092DBC5C2,0.21636068801891917
CC_3D185833E7BB,0.038033166641682645
CC_3D2309981121,0.3278691374391339
CC_3D27A0086AA6,0.20200533027352752
CC_3D3BE7D0F4D8,0.12837372673064854
CC_3D412B5EA919,0.08270089079023232
CC_3D47650C6F30,0.06251717385276835
CC_3D55D1FD8457,0.05036985197468345
CC_3D599501BA76,0.07668515903414722
CC_3D6181EE3C87,0.6702212073246859
CC_3D65CC165F44,0.13493920729698022
CC_3D6CF6DB8014,0.37449762230105255
CC_3D7C14801D40,0.16908660809451104
CC_3D836BDBF866,0.6666439088964491
CC_3D8DF3A3DB71,0.7556511921238565
CC_3D9309851089,0.17508281929833927
CC_3D9ECB4274C3,0.11660684335374698
CC_3DC8A9A92802,0.31154652628135404
CC_3DDD3813D1D4,0.08790798057127006
CC_3DF3FFB3CFC7,0.10681212933828457
CC_3DF88701601B,0.14972467165689038
CC_3DF91A482CFD,0.31826433652830377
CC_3DFD6349D046,0.6573709479234858
CC_3E0D54125AE0,0.17001870584360798
CC_3E10CFE1DD57,0.042919722674865726
CC_3E13CB98572B,0.13167330653508355
CC_3E142C8ACA6F,0.08787105678452112
CC_3E1BAC4E5B90,0.07226794173702979
CC_3E2DD0D1E2D8,0.14434836446923235
CC_3E403BF08A45,0.0875268340721421
CC_3E46368104AE,0.09536473185013658
CC_3E48A086B5C7,0.23688003787422085
CC_3E54451B0F6D,0.08652960022175377
CC_3E6335ED3F4F,0.07637428938150717
CC_3E87A65C50A5,0.1489711656582559
CC_3E91109E2090,0.05550127912382508
CC_3E92A1EDA618,0.24757125535963753
CC_3E94684FE270,0.45733386361679307
CC_3E9DB402F352,0.14394896134499072
CC_3EB5A15A6C04,0.799982178885061
CC_3EB8A9A6C49D,0.10896093674460311
CC_3EC96BC884F2,0.12105962093187371
CC_3ECA9E44B90F,0.2837191210401162
CC_3ECE4EF16A44,0.15832135901727432
CC_3EDDB8E70F57,0.20069183581268785
CC_3EDF137D0E1C,0.12873474491529435
CC_3EEEE844410D,0.3572689958953792
CC_3EF4F348C967,0.12303369884207005
CC_3EF91DD11A81,0.13527822153676916
CC_3F08C55E7A40,0.19134864954219338
CC_3F171CED0CFA,0.02179259403368453
CC_3F2544EFA753,0.13456435196322758
CC_3F28F3286CCA,0.07077255950593592
CC_3F379CB37B0D,0.1922629501565114
CC_3F42D798AB1D,0.6480715648379665
CC_3F48724540D5,0.1652196116698111
CC_3F68068E2D5E,0.10590284069390984
CC_3F7FBE71B77F,0.052696815140651054
CC_3F80017B8599,0.04373632183662436
CC_3F8B17953200,0.06144430593420556
CC_3F964BADC4BC,0.7391116776088481
CC_3F9767602FCB,0.19914824637007636
CC_3FA84F0B23CE,0.042882748969609134
CC_3FB4B189143F,0.1408247989567412
CC_3FB7C976EB26,0.4945423242109708
CC_3FBCEB2F36D5,0.13458059319839577
CC_3FC4FE843245,0.11835139197309977
CC_3FD52E32FE8B,0.671296990910068
CC_3FDB44EC6254,0.05321966160387605
CC_3FEFBD6DC62F,0.237883387977857
CC_4005466D00ED,0.3194875553010261
CC_40095FFBC1A2,0.054868637627873196
CC_400F1887A662,0.10649768886835084
CC_40133FF3069C,0.07841517908862847
CC_401C6F0EED5A,0.10975442619769046
CC_4021AD03FA01,0.11672099274200856
CC_402E91F3A56C,0.11865820025620384
CC_403754B6988D,0.11183048027089691
CC_4052DFCB1656,0.21824947008849505
CC_40579C5C13D5,0.8090084835182796
CC_406937FF97E7,0.0819240575995053
CC_406C4233347A,0.18611942677479887
CC_4073E42E11E4,0.24590572536219177
CC_4077BB12A5F4,0.09612286388365399
CC_4077DD5B5C4F,0.11413669038309515
CC_40824D899215,0.07210832634787055
CC_408D79189FBF,0.31522755586552775
CC_40A3F1D5EA0F,0.3537293658053186
CC_40A852A592FB,0.10865950129106108
CC_40AADA91D560,0.19818876816834757
CC_40B39CB2CC58,0.028233086863397056
CC_40CE2030F058,0.057005906172254275
CC_40EA2F8481E8,0.15860786137083394
CC_40EFD7778F98,0.14727134987067608
CC_40F278D49681,0.2719180017893014
CC_40FFCF631F19,0.40825411094562825
CC_4101D1B82788,0.20855812790308592
CC_4109B79A4B06,0.03449035426834349
CC_4119348F051A,0.09733203330351652
CC_41206EE45803,0.06872427886292043
CC_412DF740DA62,0.13498737234206368
CC_413AB4CA7451,0.09997296760106149
CC_414C06C60FF7,0.7211387340210944
CC_414F50748A51,0.05291923964605271
CC_415C65EA66AA,0.04202387292405007
CC_415CED95F7CA,0.13264828235324344
CC_416584250060,0.09679548624926129
CC_416B3A1F0F0B,0.09433424151544352
CC_41735021FC7A,0.16993357936247203
CC_417858CD20F4,0.09772156506502451
CC_41902EFB3974,0.04082033072357774
CC_41A27790EFBF,0.12778588957023918
CC_41A4A223F39D,0.10142937485868339
CC_41B464757ED6,0.125686138418478
CC_41D1A87E1136,0.44094997873740893
CC_420FE297808E,0.0397265198121834
CC_4211096D5588,0.14226995206481935
CC_421F4D78128B,0.47537011429382386
CC_422F2780C85A,0.3177185063782264
CC_423B0296BE24,0.07259070729865921
CC_423E78000AA5,0.149544947982613
CC_4246081DD359,0.09390913418665738
CC_4249EDF2FDCC,0.7972560487709066
CC_42568C67F412,0.36178448149608305
CC_426A25EA9E21,0.735833756995097
CC_427ECDDEECE6,0.2972945481557933
CC_4289EEC8F0A2,0.17812312916836534
CC_429A7158AD07,0.14704895271475182
CC_429C51AE729D,0.034869497423770074
CC_42A0DE1E5E80,0.07536360445800735
CC_42A7D0F5388F,0.084817335674709
CC_42B23C8C9F66,0.1923368892633905
CC_42BD3999AC3E,0.24460939935315149
CC_42C95B199130,0.3989751483694388
CC_42CD6CE97523,0.4362249069927414
CC_42DA114F12A2,0.23658861554733457
CC_42E2736AA331,0.19367415902612417
CC_42EA825C351B,0.44846056058168493
CC_42F1B2B4D258,0.5573199104725062
CC_42F4588EB38D,0.2985545402403625
CC_431F29A12E99,0.23143982947217467
CC_432EB78A198D,0.23966185056346745
CC_43383344BC72,0.17785209065786628
CC_4339187DD10A,0.057438970452165866
CC_4344A2E7EA1F,0.5096358301016088
CC_4347468ABE51,0.5762409172501662
CC_434894BC2577,0.04670525142038291
CC_4362DB93FC92,0.09356529530955693
CC_436850DDC704,0.12927880493542057
CC_43698E2EEA0A,0.09968713987661419
CC_4387F73F131E,0.14372932864245305
CC_43A33C994C70,0.3530215952138767
CC_43ACD82B5514,0.2811088403534677
CC_43B37131B8FA,0.205607508871847
CC_43BFCAF8BD20,0.16275909873551903
CC_43C060E01266,0.19712578569912068
CC_43C41AF27375,0.052503371643280686
CC_43C5AFA48B93,0.0616273809976623
CC_43C767A44C55,0.19041402176088795
CC_43DECAB53552,0.04105503418651178
CC_43E6D931158D,0.3589831482531077
CC_43E9F88019F8,0.05229887821506568
CC_43EBD6EBD675,0.06316020535508865
CC_43F81C577002,0.31749915230170833
CC_443C4E041687,0.07202349103465455
CC_443F63BF238A,0.09718706236220326
CC_4463776F9AA1,0.08281333207658877
CC_446F1EDF03C8,0.05611076657356707
CC_447BAD4F7820,0.8232838479438738
CC_447D02F917B5,0.05360841525895486
CC_447E705746E2,0.15207292038423695
CC_44A017104F93,0.6576201482329047
CC_44A1E58CDBC0,0.04554261519282689
CC_44ABCC04C418,0.06651744377904048
CC_44BF6BCCFC2E,0.04474187977228378
CC_44D0671A3B87,0.12676332641936525
CC_44DBEE3A7D81,0.18864989379218366
CC_44F7DD6A88A1,0.20167345156071387
CC_45080C42280D,0.18805793565747986
CC_4524AD74135F,0.4707035348636838
CC_45262103231F,0.18700140315762986
CC_452D8C5D039C,0.7882315110417742
CC_452DECDBC90F,0.061802968581394474
CC_453C9B3A5992,0.509140102756017
CC_4542AACA1FE4,0.10169019292066457
CC_455209549D3B,0.7931202037817161
CC_4555C804C4D0,0.06254961253049213
CC_4581E4190B2E,0.10052934705665532
CC_458912F91D6F,0.42394419490910595
CC_45913E1BE65C,0.31611999094520116
CC_4594791FB40D,0.10909135029967469
CC_459B49073E2C,0.3484324091417438
CC_459EA8E0E2EF,0.1336094926905056
CC_45A4A38557E9,0.13440394487716795
CC_45ACE2B1DB6F,0.05288393041180922
CC_45C1A92F0E8D,0.09635015988409285
CC_45D0673EDD20,0.15771011956277237
CC_45D70DC84DA0,0.1069828449728313
CC_45D96479EC1E,0.05795224421632631
CC_45E8597BF74E,0.06004283629336332
CC_45E97246F83A,0.3003080133743139
CC_45EC44761309,0.1334370510041194
CC_4603A6F83E2A,0.056470206020232366
CC_46045CEE8330,0.051385412976580766
CC_464E17187A4E,0.3977148586876983
CC_4659FB4B8536,0.1383797092629358
CC_465EF4F9B68F,0.15599340393121722
CC_4663FDE62E3A,0.2724095470137657
CC_466D54BE0809,0.07135732276037621
CC_466ED9BD34B5,0.06733855011613976
CC_466F7908E13D,0.19631159442994764
CC_4695A5525A11,0.17150674053909798
CC_46BBB8A4854A,0.04791904417811826
CC_46BC61EC8F2E,0.19216073483159385
CC_46C0DFA660B0,0.11833641801657546
CC_46C2DCF84CA0,0.09779969862385904
CC_46C38B9F0D8E,0.09689276137163219
CC_46CAB9AE7C87,0.5220608472455602
CC_46D0D1ADEA59,0.1657386214068428
CC_46DFC1AA0821,0.780129403740931
CC_46ECA5976180,0.12495311577570747
CC_46F5F6D27991,0.08564611647713044
CC_46FE9F226120,0.2243658997821357
CC_47130CC63FC5,0.17669247709498032
CC_472330768F5F,0.08222691198927577
CC_47292EBB8BD1,0.12585509820324559
CC_4734AB1281DA,0.05881751125406873
CC_473989E6BA47,0.2771144588303166
CC_473AE07014DC,0.17075931697614324
CC_4741EF45C3DB,0.21104068874352191
CC_474586BE49EB,0.14230493114269607
CC_47490BF44944,0.30835881017445005
CC_477213DAED38,0.07629358022222557
CC_4778086276B7,0.14243187107494729
CC_47910B073CF3,0.16362090907176105
CC_47939776FDF6,0.712061597421717
CC_4796F6A64420,0.06264373698158837
CC_4798549B52ED,0.3221389794557422
CC_47A3714E7D2E,0.3071258468326376
CC_47CE219EBAAD,0.16658803980170614
CC_47CF9074E03E,0.15615552077855793
CC_47E4537A53FD,0.14471209272777136
CC_47E8BC938FA1,0.1321444872534985
CC_47F134D17818,0.12977020296106
CC_4812FBE05C7C,0.35734872167725334
CC_48152725FAB1,0.552357605206755
CC_482256495FAD,0.6784354828563718
CC_4829FF15D21E,0.13570987735315
CC_482D26D81935,0.6505064061883827
CC_4838990A8D02,0.05027274240074689
CC_4862EA9CD1DD,0.047410278724916155
CC_4862F8C1B0AC,0.08271197321148192
CC_486CD67D26CF,0.15727083206122275
CC_486D8F9AE549,0.3369041848188042
CC_4877D1BDB737,0.11851044009619158
CC_4885E34F0B26,0.12330391212777145
CC_48928CA8082E,0.15114185669007907
CC_48A74FF0E6C5,0.08184854823777832
CC_48E0791DDD62,0.07048991752490026
CC_48F620B6A472,0.10333597092152502
CC_48FDBB1D7493,0.13019020216512928
CC_4910EC928152,0.12905999634964194
CC_491C18C17767,0.05601878302144335
CC_492F65EF8D9D,0.786491335516277
CC_493DDD53B97E,0.05124960573093505
CC_495F82AA5B9B,0.15935986267126998
CC_49618412FF86,0.07870175053785536
CC_496A7CFA344D,0.7659926274038547
CC_4983EBABAE3F,0.06587089998755216
CC_4992C1915957,0.5653183607476915
CC_4993B31028A7,0.08223637278454887
CC_49945441A644,0.16899362489037273
CC_49A80692BC68,0.10877529381462304
CC_49AB67613A58,0.1690474357182359
CC_49B05CADDD95,0.5746758338158829
CC_49C6F9AD111E,0.07956124062618977
CC_49CEB94F0B3B,0.04134116870964974
CC_49D3A79B55CD,0.07219556860174511
CC_49D6671DAE8E,0.11424370020241065
CC_49E6C539B1CF,0.05583112862962235
CC_49EEDF0DA684,0.030719844677477487
CC_49FC290E33A7,0.18039058956899312
CC_4A01CF2F67D2,0.7348240021211877
CC_4A16DC668832,0.5166848600754701
CC_4A212461781C,0.06740459427626097
CC_4A237A8E6706,0.15305348672551342
CC_4A3DFA0E27A4,0.12701480126914272
CC_4A513D39DCE3,0.04203100687160573
CC_4A532B0E6165,0.17407413869574118
CC_4A5FA9F1C804,0.10177273516062706
CC_4A7BDEC665FF,0.058792033921650756
CC_4A7FC9B23222,0.3191312032794718
CC_4A8A7080FA25,0.26172174505539664
CC_4A8EFD589879,0.05606784294300078
CC_4A8F7D2B857C,0.15934919462103397
CC_4A91E8D4289D,0.3958946060586038
CC_4A93163A12F4,0.31237615256536144
CC_4A9FEF48EA65,0.11433596858745007
CC_4AA73D751AA5,0.31381555624690516
CC_4AAED0C85F70,0.14344140684438503
CC_4AB1DEF044AA,0.035858158294377177
CC_4AB5AE299217,0.20842587416302566
CC_4ABA0CDC2270,0.17241494057015144
CC_4ACFFC2F295F,0.6105359049143211
CC_4B0490BAB1B9,0.07673303692167907
CC_4B28B03CEFEA,0.09095821706822328
CC_4B420765EB9A,0.10908497668946529
CC_4B47C16D9867,0.11880435168970942
CC_4B494C4D7D03,0.4178419842593972
CC_4B4C84B015C2,0.035217695186496395
CC_4B607295E983,0.04089429515871393
CC_4B6D24E81483,0.05921283897806758
CC_4B77AF6FAF2B,0.667103335151007
CC_4B7EC3F2FFBA,0.05829952624049146
CC_4B85318DFA50,0.11336544844294816
CC_4B9B36B36DA5,0.7455177040997528
CC_4B9E0AD5D692,0.5219105658816003
CC_4BA041C9678C,0.11431890075532986
CC_4BB40F2129A6,0.10763992445540393
CC_4BB8FD274E2A,0.051940929023380114
CC_4BBB8118FBBB,0.14368679441371512
CC_4BC8CB91719F,0.12753615816753297
CC_4BE447D54BB8,0.16756082305447031
CC_4BE85B1BDB62,0.3228438428847643
CC_4BEF3C7F6395,0.24614106373513117
CC_4BF03FF61B97,0.4256958847957534
CC_4BF4C38EAE8D,0.2244569538419266
CC_4BF95B8140C8,0.08822288720860844
CC_4BFE0CB61B5A,0.4131159803059901
CC_4C2A3F254101,0.37679727837328614
CC_4C351DEB6230,0.23186133056450978
CC_4C38031A2A9E,0.09369150715482115
CC_4C3E35875F03,0.09452088706462591
CC_4C4D79F933B2,0.11367031880451017
CC_4C56497F4AB0,0.652079037830155
CC_4C827B493CFD,0.17444378115755643
CC_4C849C6073AF,0.12464998900770197
CC_4C869E6F618A,0.1403873434045825
CC_4CA21C15763D,0.12628196021840749
CC_4CB2F1CAE684,0.1083254385055778
CC_4CC0265E0778,0.04827121296403529
CC_4CC5483903E9,0.5342700241049739
CC_4CD7C76FE235,0.4380002331825328
CC_4CE2BFED4F4C,0.07661665054138535
CC_4CE751CB58FA,0.41032827434566754
CC_4CF3E184C500,0.03786115837836846
CC_4CF668E60D64,0.2516204993754142
CC_4D1A1AF53E18,0.036103775770758656
CC_4D29155FCF33,0.22752734751350076
CC_4D2CC7618AC2,0.5583462426058109
CC_4D350FF7402B,0.3360513157701139
CC_4D38AE84E3CB,0.1796083518190088
CC_4D4140E1056D,0.08215309643966648
CC_4D5545FAB130,0.549276581553849
CC_4D55E218946E,0.08064538006617006
CC_4D5E14BD6AFA,0.09356269324502567
CC_4D78935D66E9,0.060133118942404265
CC_4D883AAAC6C9,0.02553538756115388
CC_4D8D8108C51E,0.6127052216569749
CC_4DB40331777A,0.8005160551408492
CC_4DBC8652D26F,0.09283012700585982
CC_4DC0E154EBB0,0.7098696140383229
CC_4DD5B8780C4C,0.10437128125635156
CC_4DE0070FF683,0.1201117356007327
CC_4DE688CDBC27,0.08649342093830766
CC_4DF37857FCEF,0.05945515696596209
CC_4E20F0249BC6,0.7614058079662472
CC_4E2F01B7B9EE,0.16229186096847267
CC_4E41C247B4E5,0.1428426403639534
CC_4E479F6989A1,0.062151266597168006
CC_4E48AF17BC29,0.07626154046877481
CC_4E6BE67E3C4F,0.03871947579099946
CC_4E70939C5933,0.47087334360849903
CC_4E70FB172717,0.18353521127006708
CC_4E726EE8C026,0.21796682797678257
CC_4E76F48DFDEF,0.09266054042257085
CC_4EA180B2B913,0.03285795561465432
CC_4EA67A160C3E,0.6074008564715628
CC_4EE41FC91AD2,0.2016149425107755
CC_4EFECC6C2E36,0.662319778614841
CC_4F22CB97C34F,0.03379512240015646
CC_4F2444DC6C75,0.7864861098101423
CC_4F2B7F512DD5,0.06872396587353606
CC_4F504A9744FB,0.11344245767824049
CC_4F6FEE589187,0.14410193972665486
CC_4F71AAF96C32,0.08877952585490337
CC_4F76E57C55EF,0.3737088775433385
CC_4F88D3E5AA2E,0.03277395010852968
CC_4F8A4384F6DE,0.13113409017867872
CC_4F8D83DCCF25,0.21972224992707506
CC_4F956AA47816,0.7144205869632452
CC_4F99FCEA10E8,0.10835332697959274
CC_4F9F10A183F6,0.07912052089479445
CC_4FA766935F14,0.12239726994048437
CC_4FB0B9E398F2,0.31219757161088185
CC_4FD0DF6CA3AA,0.04152725354312985
CC_4FD902F7ADEC,0.08447909601093107
CC_4FF1155E3A6B,0.4037281968339369
CC_50103368F241,0.0778598050544603
CC_5012B9991935,0.10783793964853712
CC_50172FF2C2C1,0.12623141529872228
CC_5017C9BA7773,0.05037591627501241
CC_502C3D0EC4CA,0.12112429244530071
CC_504157951119,0.04824215506666209
CC_5042938B5A9A,0.44735793248885014
CC_504A57293FE4,0.7990544940411972
CC_505812CFE43B,0.3531015820240534
CC_505A6EB06E39,0.2960107278337184
CC_5064CCE0EF29,0.22280625413710828
CC_507BDF639FB5,0.17289759271308525
CC_507E53684AB6,0.14004045152937175
CC_5087A0D1765D,0.21573238871757078
CC_509229AEC221,0.2030865470842222
CC_5092D3A72B03,0.24571698201643538
CC_5092DF691F74,0.5102265862492723
CC_5094BB59416F,0.20497018842254272
CC_509926B384D8,0.7599419046225486
CC_50A6C96DA7D3,0.04471270070082936
CC_50AE75A10F3B,0.2922593542729967
CC_50D4BB93EB1A,0.06445862899870847
CC_50DF7B02E356,0.19974912553101187
CC_50EB53CFE7F8,0.05113709936220701
CC_50FC7D563CE4,0.1665400959953282
CC_5100E6EAA3FF,0.18224549104296772
CC_510F2944B2A0,0.13453025161273585
CC_5128881AAD54,0.14704252166227033
CC_5138941DB7A2,0.12243633542400956
CC_5139EF8BEAFB,0.1390972038859902
CC_513E5EEC6B04,0.11236718697738743
CC_51427EF15375,0.2856477727468484
CC_5147B281DA64,0.3917568165189891
CC_515D968ED36E,0.07758693043156147
CC_5176FF858154,0.09951059540452223
CC_517CB40FB016,0.07752450973478056
CC_51884D5F3E4D,0.1055592102473768
CC_51AE98263438,0.13648099192728286
CC_51C9CE782368,0.1791719593699613
CC_51CC80D1570F,0.05091366641718475
CC_51D2E3476902,0.06384012304510164
CC_51E05E706D64,0.12207460235321929
CC_51E5A5E9801C,0.051871871578387296
CC_51F5DA44F9A0,0.38289876109286014
CC_51F6BDD355F4,0.04275676732598517
CC_51FE657FE212,0.07886356722006091
CC_520950C9BAA3,0.05522626894582776
CC_520B1D31AB99,0.11116534842435541
CC_522550E1761D,0.7596262675036832
CC_524CD519E76B,0.085607272767418
CC_524FE9E3DAD3,0.44775688154614357
CC_52629A025048,0.11339450693389994
CC_526765FC100C,0.22484035258787882
CC_526E56249FFA,0.28580829553394693
CC_528B42A34966,0.2552218274823646
CC_5292B36E4882,0.2246964090290347
CC_529A2F110236,0.12557496972066085
CC_529BC4ADAD6A,0.2018963516607238
CC_52C1C5A6F887,0.0896628828981019
CC_52C3B674FDFD,0.2176560671981332
CC_52CCBB8F9964,0.08096830671003533
CC_52D21FFA24DE,0.7394250851062424
CC_52D32EDBAA78,0.19372833079175406
CC_52D7821A8363,0.13357143736333787
CC_52D9087EBCD6,0.7910134176020915
CC_52DD62E1AC2E,0.19791451006511568
CC_52E8B04F0FA0,0.1389189181499
CC_52E965E9E2C3,0.1467711445231178
CC_530BA492842A,0.29594497096752087
CC_530F6E906D6B,0.04182862227076174
CC_531FCFBE3B13,0.08933049976079097
CC_5320DFEAD897,0.1772091755034889
CC_53319AE7B829,0.6503932526362557
CC_53481151859F,0.04220043019032959
CC_534D4FC05F82,0.176844138770146
CC_53687DA8C9E5,0.35476818501574525
CC_53795A7B7751,0.04619376786295898
CC_538328A6B3BA,0.4552351995422569
CC_5385266461B1,0.18036923703271912
CC_53891CB35BF8,0.15464734899941873
CC_53A6E1083B13,0.06489681802820421
CC_53A77DA726A4,0.06867050589686999
CC_53ADBC2F6E34,0.22956178375193742
CC_53B249809561,0.09362850117277152
CC_53B2DF5B019C,0.04951612627748966
CC_53C1F3E031A3,0.16749219889991235
CC_53CBF2E8AD05,0.41600339380939405
CC_53D04793ED9D,0.06946918654769484
CC_53E23A9B6F74,0.056358308007226694
CC_53EB59C99100,0.42546097172864633
CC_53EB9AC04311,0.11266327757399772
CC_53EC732C9B30,0.02711692239247205
CC_540122E71534,0.1262940921769098
CC_5405C89DF8BD,0.6969034789114378
CC_540D69F5BA23,0.13423266118288035
CC_5414446319CC,0.6902252605180265
CC_5418410F95A2,0.07798726069610436
CC_5431A01C30E4,0.08024443921325439
CC_5452437FC605,0.40028384165512826
CC_5452979BF98D,0.057366224604006005
CC_546EE83F84A4,0.5211397918589618
CC_5473268241FC,0.15480856769892748
CC_5474EE64D859,0.2703829037634312
CC_5476E2B2FCA0,0.1352417197696446
CC_54892024F98D,0.19040586874876203
CC_54B33C66DCF7,0.09034729242017518
CC_54CF66B660B4,0.4425654888813111
CC_54D3A35EC69F,0.06555939473256894
CC_54D6AE2665AA,0.10238345340582844
CC_54D93974E62F,0.30571123685995083
CC_54F5F552A0F2,0.11883687000085992
CC_54FC3B361BDA,0.09490728820082771
CC_550135E8FAC6,0.13323053138001417
CC_55020AD0D117,0.14279594399111445
CC_55094AF7EFEF,0.10054622086822071
CC_55126E23462E,0.029854760063208377
CC_554C21CCAF3E,0.12002123557143028
CC_554C912C7DBE,0.060929706213765956
CC_556B02A2B401,0.2561201335929358
CC_557A0B0CD0F4,0.17935896147090846
CC_559A14E729EB,0.31009873470462695
CC_559F0DD4E4A7,0.30256779728531435
CC_55A82B4E57F6,0.13705615615503042
CC_55A98ABE4C75,0.1281895975384818
CC_55A9D45EA466,0.03563051645237708
CC_55CB872FF50B,0.25239782044354275
CC_55D9E3D58435,0.16468930584033406
CC_55DFF3C3BB46,0.07593066172279658
CC_55EDC3996984,0.15361443568941513
CC_56013299D8C5,0.09139393606331983
CC_560B519C1F50,0.07955952973126534
CC_560CABF0F5D0,0.21605660263309628
CC_56178AD87948,0.2363962925959457
CC_5619A7BB54EA,0.11422369169961974
CC_5624319D7B28,0.10234294612568334
CC_5625119D6C37,0.1959819303071017
CC_562BE7245E1B,0.7050254035725985
CC_563684010DF5,0.5871547884308141
CC_563EA9A29338,0.10293128652980368
CC_564590AFB575,0.03227369028671574
CC_565E01191BF6,0.5954971035443992
CC_56612A039382,0.06196855747737
CC_5665FB827721,0.5657939068967225
CC_566932C3CC97,0.09997423813138279
CC_5671D59B2A51,0.11797359786257619
CC_567E7DD24A97,0.08708843626537124
CC_567F47F37683,0.03485593721070313
CC_56847A91065C,0.09502302147443656
CC_5698480F8634,0.054115930272504865
CC_5698B024CECC,0.5836934958958083
CC_569DC051A2EA,0.10140803266491014
CC_56A322152604,0.32629737370790834
CC_56BFD9A8335D,0.3331935503343569
CC_56C9379BADB6,0.029779897979477256
CC_56D410FD8F56,0.37352475722846823
CC_56D4549919EA,0.1656911062790679
CC_56D918CA6353,0.1198296637018835
CC_56DB30CE666D,0.18223820382751302
CC_56E760C3206D,0.2410374005555836
CC_56F73F905615,0.8270904767034053
CC_570683C088DB,0.15126104283468594
CC_571C6AFD00ED,0.3559311054281732
CC_5725663C3B89,0.1165049205169416
CC_57291D7667C8,0.14713355728842803
CC_57313F6E7927,0.18462552474271596
CC_5735F9B859AF,0.6272990388096427
CC_573B34826B2B,0.6353736297481287
CC_5744447CAF7A,0.061978214760608566
CC_574CC0FC7B05,0.10096025759008302
CC_5759E2982909,0.06160300437312638
CC_575CCCCDD7B6,0.6158172105768915
CC_57603A37D19F,0.033993437878261354
CC_57639D4995CF,0.21113719567389758
CC_576E6676FD55,0.06098256986330425
CC_5775C148E05C,0.11111508600255916
CC_5798E560E9F3,0.7696110789061985
CC_57A486F61065,0.5609582329525094
CC_57A726458B99,0.05440591447249296
CC_57B0D41BD7D3,0.3475439224933815
CC_57B501E60C35,0.07383253965896422
CC_57CA90509CB1,0.7247702863021694
CC_57CB7673547B,0.0720395298577486
CC_57DE479CB61A,0.7390495500422788
CC_57E7F1A6B895,0.02924154546751776
CC_57F13C4115FA,0.3333089037593934
CC_57F480CA9A42,0.08149901332469175
CC_57FDFC6DE726,0.2775700472851918
CC_5810468B76BE,0.14048684825457866
CC_5810F212B2EE,0.3270251262268892
CC_5817759E7007,0.13430636676430205
CC_5818B5089B3C,0.10556876977140431
CC_582C78363EB6,0.09170562239330077
CC_58391600720C,0.1229360051951596
CC_583D7B177F85,0.07936440937236378
CC_584C11014F63,0.13648576849087307
CC_584CDC12578D,0.05681641629076796
CC_5852F443C55D,0.07390811598747828
CC_58565AF0F70A,0.5357330418754235
CC_58568DF9AECF,0.18019965463976026
CC_5859EE6309D5,0.4607938642054359
CC_5872B45E1C19,0.7407410864727259
CC_58797A417EEA,0.2058343565946164
CC_587A4844B482,0.205233791541577
CC_587C0CC3DD82,0.6610397657114768
CC_5881A04052CE,0.08898428661164684
CC_589A4E02EF81,0.13347329680223674
CC_58AB46E5655E,0.1433336726674095
CC_58B0CFC9F3D2,0.051085904721298994
CC_58BEFDA6B4C6,0.11636597968615237
CC_58D95C7247D5,0.0446229505470246
CC_58DBF3409D48,0.05953828675392725
CC_58E35A47B880,0.16308580449915405
CC_58E40EFF57CF,0.3944521465567735
CC_58F551219BD6,0.03984786963787658
CC_58FA76C6C45C,0.5759197963564661
CC_59018149723B,0.053004698983482784
CC_5904459ACECB,0.7802414078476227
CC_59088B2886E8,0.033241162007102525
CC_590D2E0AD18E,0.5886056973972912
CC_59146CA05E8C,0.06278930447306288
CC_592592397DC2,0.5311931364299932
CC_5926F5B4E054,0.1627688033272091
CC_592A5A163624,0.31927001044256764
CC_5941C323917F,0.06822613825761346
CC_594E4E86A1C6,0.22244852116346808
CC_595ADAA76A32,0.07663302982792394
CC_596A20270C3D,0.15961435388909798
CC_5970E93E11DF,0.255437238388604
CC_597AD111527C,0.1136175411468355
CC_597FDFFA265C,0.08335544377598667
CC_599C287D2BAA,0.3879949839333932
CC_599E345094D2,0.13574108056063555
CC_59A4741B5A92,0.16950097507409098
CC_59BB3A5BA2A3,0.5722865331142091
CC_59BFD1200F6B,0.16886004973533508
CC_59C07CCAF4E0,0.21955401387644846
CC_59C49474B501,0.1306067354840893
CC_59CFBC2CA471,0.5813164467222812
CC_59D62BE0C0C6,0.09903934226980321
CC_59D86F572716,0.11491543589565931
CC_59DF71FBA4B0,0.04110996699209712
CC_59ECB7465DCD,0.05915888871497463
CC_59ED43A803B3,0.029844237413746606
CC_59F5E81F4EA0,0.1402652205196768
CC_5A10371BE7B1,0.8072704248460503
CC_5A2F9A594A05,0.5825037777268505
CC_5A38E46246FC,0.4129805790571168
CC_5A3F52B0A07B,0.2074489921795744
CC_5A5507A49F6D,0.09143534848590937
CC_5A58A5E6DE82,0.09622003987143693
CC_5A5BB6DC1018,0.18670841273964112
CC_5A5C0DF50E01,0.1208800140631695
CC_5A633C535360,0.0989342862267216
CC_5A67E62D8D5E,0.6314990662124929
CC_5A6BA0007593,0.1228675655330293
CC_5A7513434C72,0.03483487077032742
CC_5A756D8AE60D,0.22956133200432505
CC_5A7C13841B7A,0.634552922088592
CC_5A7CBB6E8716,0.22035816873589908
CC_5A83A1E25A2B,0.33508279718815404
CC_5A86EB53A14D,0.7321026116963126
CC_5A89E13CE597,0.1529605049426534
CC_5A9466D0CF9F,0.10562500180744072
CC_5A95331BD0C5,0.11353313995454797
CC_5A9F63C3E428,0.06579609338116682
CC_5ABC76FF707A,0.05362877112670991
CC_5AD0F1B43457,0.10392073300153923
CC_5AD82250C271,0.034222225778996355
CC_5ADD27165E38,0.7074483297786258
CC_5AF32E5C8018,0.03555053632478564
CC_5AF3690FA0B0,0.18723789249822573
CC_5AFDFAA63B45,0.14283334582249532
CC_5B025DA26FE6,0.04625082873968166
CC_5B07C7DE7E7E,0.2237562481739533
CC_5B08171A6880,0.1628009267798693
CC_5B09FB1A0BE2,0.06894607114634756
CC_5B0D6BA12702,0.45437691293680477
CC_5B0EF2D4C3CC,0.16388238966673466
CC_5B195D88C182,0.37441576240545127
CC_5B1F6FE71A38,0.053303650411534065
CC_5B247961602E,0.05641616712670036
CC_5B276421F4CD,0.03752998799051167
CC_5B289AFA1662,0.23962927666142092
CC_5B3A16421A31,0.048390472816832474
CC_5B3E78897EB7,0.06567091828198035
CC_5B480B44A9B1,0.11419902002944313
CC_5B546C3A21F8,0.17359254114092731
CC_5B5BC4023EE7,0.16058956850339934
CC_5B6D63DD34B7,0.08733736410538641
CC_5B6E868912E6,0.05292786944062165
CC_5B818D2581FB,0.14485679712738217
CC_5B82E8BB921F,0.2857926329268431
CC_5B8E8DA14EE6,0.16409856781331786
CC_5B900A135A69,0.07735082032411136
CC_5BB64BDF3C99,0.10299176811669089
CC_5BCB2C79D1CA,0.2116119878577643
CC_5C072DB8586F,0.052641618950493976
CC_5C0BEC2A0850,0.06408950262196665
CC_5C24010127D1,0.3345934365695881
CC_5C2DAF5E0EB7,0.42530748934857626
CC_5C3E8DB90978,0.11539895175051837
CC_5C4A7CE69975,0.29334213557872485
CC_5C5766F933B0,0.4844528378050371
CC_5C5808240054,0.08791500865221413
CC_5C5D6E15EA27,0.17348085638304106
CC_5C60C4545922,0.11424878149454493
CC_5C626D70F6D6,0.14627046645276703
CC_5C670F0622BF,0.050341831073695394
CC_5C799E57EF53,0.056582771494620696
CC_5C7B44735AF4,0.17175270729349992
CC_5C7D8DF047E9,0.16785002564661727
CC_5C80F394EFC3,0.12827383875933884
CC_5C99E6189441,0.10862042100560096
CC_5CA9AB4A6AB4,0.10910743597792139
CC_5CB78ADD2432,0.1362496733413912
CC_5CDE37CE08CF,0.04575025970563353
CC_5CE258D12432,0.3390602518226369
CC_5CEEF006ABF9,0.05586508025072595
CC_5CFD2850E277,0.2336088960561714
CC_5D01F71B9FAD,0.09903334044629591
CC_5D065A455A45,0.20139110841639773
CC_5D0AA7D4954A,0.22495162568884458
CC_5D242448B812,0.10921639708137142
CC_5D2C5115BDD2,0.18511205376682416
CC_5D3273E039AF,0.6739212372802929
CC_5D398BB3365B,0.06368573593585257
CC_5D3C1CE64952,0.07482382202214845
CC_5D4B0EBB5CD6,0.11563109624450128
CC_5D5E897588D3,0.09233170651048273
CC_5D65F25FFB8D,0.038978932612332706
CC_5D665A86C465,0.10896890799353692
CC_5D80C353E475,0.09754170311907598
CC_5D8895A0AB4C,0.17717027866265295
CC_5D88A673BF50,0.20525507714273716
CC_5D89688B69A9,0.3807252946754927
CC_5D8AC8E18A8E,0.0680887102972514
CC_5D8E7DC2FA6A,0.5525882960370204
CC_5DA29AD9E85E,0.04768183845932361
CC_5DB286EAC626,0.27593676679436807
CC_5DBC1BB95B84,0.8043047491758689
CC_5DC0A465470D,0.04199125481316872
CC_5DF82CB03C3F,0.11156513997540163
CC_5E001C93F359,0.059300649313920054
CC_5E029094A55C,0.6718650533641073
CC_5E0808121A65,0.14056743021965545
CC_5E1117E4E593,0.12078536925647436
CC_5E1541060A97,0.7126711848624939
CC_5E1C11540C0B,0.10206808124520847
CC_5E1DC0E143F2,0.1727140112300169
CC_5E206AC277E4,0.24740654363382664
CC_5E22B4BC8B12,0.08210917972537829
CC_5E22D889B6BF,0.1379294783374539
CC_5E38425EC99F,0.7163935942660624
CC_5E3A70C2077A,0.1535373094410173
CC_5E5607D275CA,0.12264908363909452
CC_5E73C3D2B3EE,0.1612203148622685
CC_5E7F23A07A71,0.0903231336441674
CC_5E80A96974B8,0.21098853405717333
CC_5E8C0453B9B8,0.2782930131365612
CC_5EA599FBA5E0,0.5460430537065218
CC_5EB379BA6C7A,0.11235826135231265
CC_5EBB96F65AFE,0.39709573209692034
CC_5EC41568C2E1,0.09223939561963959
CC_5EDB5C924107,0.2864523893058411
CC_5EEE5D0FF8D3,0.19301003949274834
CC_5EEF07FFC243,0.0616137481332283
CC_5EEFD690759A,0.08133666370965074
CC_5EF2176F01D5,0.10865760989206419
CC_5F17CA33D26B,0.06293899202102132
CC_5F20750D6658,0.17518867982609143
CC_5F2CE32A6EC3,0.11460924812231182
CC_5F328EE757B6,0.04060546741562729
CC_5F35B8D87D06,0.22290095831788254
CC_5F390BA40E83,0.6965514231811175
CC_5F59092CA9B2,0.09851390716548353
CC_5F5916E96E19,0.15503728932324112
CC_5F5E835B9E6E,0.07752888852145438
CC_5F648D39D67F,0.5854969043126578
CC_5F6D4104C808,0.159593160381843
CC_5F72EBE104D4,0.030271470015592845
CC_5F765C41F051,0.05370450958201643
CC_5F8859A6F0DB,0.023654730517948672
CC_5F88ACC7C384,0.10556643118516723
CC_5F89DFA97B7C,0.5558625927543601
CC_5F93A3E31DD6,0.610159162513261
CC_5F9A44423DD4,0.138756084197058
CC_5FAA7965BD71,0.11699298071546257
CC_5FAFA265CA02,0.346384558293415
CC_5FBE1A34704F,0.1664120110663303
CC_5FCAA919577A,0.19566818470034125
CC_5FCD208ADD77,0.18045073634644976
CC_5FECD2BB0094,0.08097505841913172
CC_5FFDE52E6B7A,0.0825284641869394
CC_6002BFD3F26A,0.14976607378814563
CC_600311592F72,0.0490944367362301
CC_600AE12112D6,0.2649487736909856
CC_601C3178E38D,0.17100637539104
CC_6037EEA42F2C,0.3662810816933917
CC_604C08F76272,0.6572337889935532
CC_604C72AC662C,0.15223246751014394
CC_60510AFA8A87,0.170690991645915
CC_605E2E26E52A,0.19861913661802905
CC_605E3904CD8E,0.14421354919321194
CC_60611B935106,0.1385365151538625
CC_6061787228F8,0.13156656867945934
CC_607270A72DFD,0.2411695672420897
CC_60738E418DB3,0.1281212535359521
CC_60961DF8A134,0.11137430221300967
CC_609B7A7FA165,0.07076347542168335
CC_60AC5C892D01,0.08724973253308539
CC_60C09FF84412,0.160625347186172
CC_60C87349D73D,0.3057752822205174
CC_60DA2FBF1FBF,0.11084044964524589
CC_60DA539A39FD,0.17581748905802913
CC_60E974A0B278,0.06173440038791755
CC_60EF7D647EFC,0.05166606089954219
CC_60F525A39898,0.022873040554900838
CC_610009B69EBA,0.6795033568756352
CC_610FDDF5FE54,0.1480970810697741
CC_612C06CB5FF4,0.09983271811795377
CC_61307D82CC26,0.6471562952620822
CC_615030FD33CC,0.7108460248627971
CC_61649241FE59,0.16427511753087354
CC_6170051A606A,0.15872717830329397
CC_6179A630658E,0.07412275289506956
CC_617BD59427E7,0.09842559416029273
CC_617EC8BD5153,0.2098214251782558
CC_6191E14D21BE,0.04857073319164639
CC_61A798B8D222,0.037500058912540546
CC_61B4A983D1A1,0.06856793180079736
CC_61C9732AA682,0.7239958174352945
CC_61DC64E37471,0.04868325011722968
CC_61EAF14033DB,0.11670652934436185
CC_61F18E0C218F,0.07115721985396094
CC_61F1A1263F5B,0.16118054308745364
CC_6209EA426553,0.04282446513874571
CC_622BD8CB3807,0.3028132514796597
CC_6234A9617A7F,0.10194477632422799
CC_623AC074EB25,0.18046757420484127
CC_623FAACE8A80,0.052916499911252204
CC_6244E2935407,0.23710386214225615
CC_624535E11F69,0.0498215729191181
CC_624EA2917CDD,0.6914011819635907
CC_62565D08DDDD,0.7742663478027044
CC_6268ACD3F95B,0.502562243024062
CC_626B61F4789A,0.6245313279257592
CC_629193C2A090,0.2325534920208786
CC_62933641AC43,0.26742271359643294
CC_629480877536,0.3503649129348287
CC_629CB045D9FE,0.08735322531311332
CC_62A84BC400F0,0.29080737277330715
CC_62C36DF81797,0.1620547769270005
CC_62CC835CAE4A,0.6196462823660002
CC_62D4192F126E,0.7368309055464282
CC_62D7A3C9483D,0.060983690375112726
CC_62DF1B99B4DA,0.0819869366818165
CC_62ED7BA3E620,0.032366948159537584
CC_62FC001AFC78,0.07878093230093475
CC_630412B4AFDA,0.15451220454504083
CC_630903AD39C1,0.03855367217952044
CC_630938DCC1B5,0.051691809465227626
CC_630ACED773E9,0.4574302986752167
CC_631E1690D913,0.0711264097294771
CC_633A7C7FC25F,0.24139304369663364
CC_6342051D8FEA,0.22793156019556632
CC_634CE4E8AE49,0.15621437155051737
CC_6359692F5EF6,0.13065262199515773
CC_637278423A6D,0.22442697744419168
CC_6377AB848081,0.10840952022166159
CC_6381A65E0A3D,0.0892955420695691
CC_63871B4814E2,0.11479954495773764
CC_638AD269F05C,0.022395194979379588
CC_6391AE0FB83F,0.15326053068549939
CC_639703EE2ABD,0.03719487643570456
CC_639750C87A7A,0.7480151807425526
CC_639B1DCECD2F,0.15990635127148783
CC_63A869443AC0,0.4345943559536911
CC_63CCEE26BCAE,0.046153756958319955
CC_63D51CECB6D2,0.24043437569563286
CC_63E53402FC02,0.03146440769793511
CC_63FC6895901C,0.1460476547734545
CC_63FC8A97D9C1,0.11231040403473135
CC_64117B93EF73,0.3461986520656802
CC_642D9C325F1D,0.29985072285054054
CC_6436B950E22B,0.17939167300017422
CC_6445BD3DDB6E,0.03026330400641584
CC_645C15569E42,0.11556457547649955
CC_646472AD66EF,0.08611921924615297
CC_646B8254357E,0.13857047800500663
CC_647F4BB4983D,0.6821225493353198
CC_6489ECEEFD0E,0.09680182960675972
CC_64946E57306A,0.03070052366276904
CC_64976830B0B7,0.3400055260342909
CC_64BA10F3FAA1,0.08554555433612981
CC_64BA39A0DFC6,0.08117573163439525
CC_64CF9A79EBFC,0.09810926689573085
CC_64F0E0473D1E,0.08279596490772212
CC_65006C2AB2D4,0.7721435370529477
CC_6500BD19FA06,0.30802141250197845
CC_6504DCAA90E1,0.08852237647501701
CC_6509C7361994,0.15796066764822464
CC_651486189673,0.07874087358683834
CC_65194BAE506A,0.18106665446460654
CC_652539353439,0.18354640650965887
CC_653CE5FA5A76,0.28068057271333857
CC_6560C2F4EDA4,0.18114411643530037
CC_656137F98187,0.6456445076666281
CC_6575B4B39113,0.0389208129942516
CC_657F629D31E2,0.21181071905692322
CC_6580B7583ADE,0.20818296705536304
CC_658477BA75D6,0.04329233397506777
CC_658B7867BE7C,0.098041221858719
CC_6593FE5349F2,0.09040104654083608
CC_659EE0F05A75,0.35424416424265054
CC_65A0D8134410,0.22270013559672133
CC_65ADD5A19F64,0.095885509562153
CC_65C3F0F73BB1,0.0813517995958588
CC_65C47521C285,0.03650214006405866
CC_65C4EE0B737C,0.22604000747383307
CC_65CB68404333,0.18631336268602966
CC_65D6DFF1B766,0.10906002631676998
CC_65F1545C35E1,0.2284895449277572
CC_6602547E2FCF,0.21542929201005678
CC_6615D7044816,0.27113047555631303
CC_66244D4B72EA,0.09997405648283525
CC_662E5AAE07A8,0.03825775909368112
CC_66322B339E84,0.03406757503877063
CC_6634FD4B1CD5,0.7691276236883017
CC_663DCEF4923E,0.18270722593111177
CC_663FE5BF918D,0.42439465364931217
CC_6645798E740D,0.06667647135517964
CC_6649736C8321,0.7829841250629519
CC_664E1026C4D9,0.2481338806835337
CC_665603C4A33B,0.0655383553759306
CC_665BDD9C8039,0.37192069167360664
CC_665F2AD58363,0.1911621533703553
CC_666767444BC3,0.22205571669065427
CC_666C0A2A8674,0.04667363421901631
CC_666F2BCDC7D7,0.16944650123170982
CC_66775178B226,0.046869659277914213
CC_667B6F8C846A,0.6254493347642461
CC_667E909835A4,0.2158030667019743
CC_66809C278FCC,0.1681320026984872
CC_669CCC44CFCD,0.06364694392022754
CC_66B0BD3F6516,0.3124726648213223
CC_66BF02C05DD8,0.14254667451867145
CC_66C491256BE4,0.05854726819559557
CC_66CEFA65F912,0.35534849524242756
CC_66E025DB3282,0.6249199210313211
CC_66E7B423A32F,0.6805719880185319
CC_66ED26E7BAD9,0.07615594155938059
CC_66F7FF7735C3,0.18360988973609416
CC_66FD0CE6D57B,0.05309543854900364
CC_66FFFE05C2E8,0.09037439880811929
CC_6700012A39B8,0.10724596673722481
CC_670FC6A064F0,0.19960207162981164
CC_672932B65802,0.0799532663330906
CC_6742C6478F98,0.1975676336918997
CC_6745321663BF,0.05318867089012904
CC_67579CF57290,0.13062728958071332
CC_675F7483FB90,0.18560645285604205
CC_676ACFAA6131,0.6709425282043346
CC_676B423C495A,0.5981271177650611
CC_6771C0D1CB1F,0.05001942071005482
CC_677EE0369CA7,0.07973956607275702
CC_677FE35855A9,0.17318280313579196
CC_678091614A14,0.1136782161556956
CC_678A43ED0803,0.6289975112851843
CC_67955C210226,0.0911196128698406
CC_6797E0B01112,0.22204426164156138
CC_679D90941842,0.13573296818810554
CC_67C05273700B,0.11397720182922258
CC_67D5172B6450,0.16465491313050368
CC_67E8CF412D93,0.1030144972984733
CC_67F6576A6836,0.24370886564066035
CC_67F985A00A12,0.04947540648066556
CC_6801AD1D4478,0.0727909278598321
CC_6803BFA94B17,0.04795070137364543
CC_680B16E5E240,0.13056048484260438
CC_680F2D0F4F6C,0.09539091978077119
CC_68221E1393E1,0.10699754769467237
CC_6822590B968C,0.15699884289942395
CC_682D8EBCEE94,0.20793199139742585
CC_68429B4AE401,0.41924771409922856
CC_686B26BDD061,0.05226100684697065
CC_687518442359,0.401846022748248
CC_6875DA61F422,0.2554099701630045
CC_68A3D749608C,0.18470902103144426
CC_68A9C3CE2557,0.09688873895378355
CC_68B9F8C6D9D6,0.6341973163948043
CC_68BC65E3C84A,0.3728334393625454
CC_68CC4D1D898F,0.06728334788276767
CC_68D0ACBD2D0F,0.03415520151613757
CC_68DA8D5488B3,0.06768913945926931
CC_68E675A69AF3,0.16055703526749082
CC_68FC9E6FA27E,0.1820730865292916
CC_69322F7C4CE3,0.12180290121487561
CC_693710EAD59A,0.19459566207813286
CC_69387752F41F,0.5294624812264213
CC_693B71DDFE67,0.1576985384756037
CC_693D4AEDA3A2,0.1073297141779772
CC_6952171BCD2D,0.14170467774430356
CC_69547DEB412A,0.2176966189913681
CC_695E80DBA42A,0.06647761385815218
CC_69717E76CFAF,0.4232475946304985
CC_69741BF89A2D,0.11246566516116105
CC_69825C70EEE9,0.19385003704928472
CC_6985C268DC74,0.45634788587888786
CC_698886C4AD90,0.12910496528865734
CC_6999901A6060,0.1512432002891715
CC_699ABD34646F,0.08349505266711707
CC_69A98DC7A907,0.062607072243163
CC_69AA6E0DDE10,0.25855047467461423
CC_69AD5A48A78B,0.19072131395161696
CC_69BA7BFF98E2,0.12183143467108991
CC_69BBE365C097,0.051292270235417936
CC_69CD95A00D9C,0.0298877636899062
CC_69D328691680,0.08568807505454362
CC_69D39C9F36F2,0.24937060239219244
CC_69E09390CD64,0.07958578364983038
CC_69FD49E90AC9,0.3200239835460358
CC_6A099AFE73BC,0.18486241057708178
CC_6A099E6C91BA,0.3519003285517656
CC_6A19EB191A81,0.021085078339650974
CC_6A39017046FE,0.07737962748683144
CC_6A4A401F2920,0.3653013385465236
CC_6A5261180031,0.07572050930346319
CC_6A7432494840,0.17669291033160306
CC_6A7963180D20,0.3675100302878468
CC_6A7D7E5F814F,0.5932083798439225
CC_6A8B8BBA749E,0.14099854860242075
CC_6A8DFDB0621D,0.13604710010132903
CC_6A93C436E2FF,0.10193699595621106
CC_6A97F81D9A0A,0.16400624329714308
CC_6A9D1622B4DE,0.3173561186669157
CC_6AA6589445C1,0.662858727324784
CC_6AA7A87F59FD,0.15499998752913552
CC_6AADD44C0B52,0.06557215906662063
CC_6AB4A5EBA3F6,0.23493497344349068
CC_6ABA7D0ABAC5,0.12806657652372236
CC_6ACF1E52BE8E,0.12375516561182584
CC_6AD3513459CB,0.09046822410122457
CC_6AD4238EE77D,0.19069249152806955
CC_6ADD0FE5DD74,0.6329412477262302
CC_6AE2737BD3A8,0.07125533433818007
CC_6AE48C1F2448,0.1370669484744041
CC_6B00A666A420,0.6879850599848308
CC_6B07C3992304,0.06179932967705576
CC_6B0A72BBD800,0.6724057352414436
CC_6B12B975F2EC,0.27641432536929716
CC_6B12C9507F32,0.2017812230728337
CC_6B34719D93AC,0.5984648631889375
CC_6B34740DD355,0.15264279144824494
CC_6B41081727AD,0.213022879836927
CC_6B4902892E70,0.08162931528069661
CC_6B5BC2D89077,0.7189566746102899
CC_6B65242C2CCC,0.15460635570408712
CC_6B823BACBE75,0.3259723954911859
CC_6B83E1A959C2,0.23160990881115875
CC_6B84FB3DE604,0.03251520677461707
CC_6B8AABAA752E,0.18447591259948537
CC_6B8AC0DEE990,0.36953490315579113
CC_6BA45C072D40,0.17252710248948755
CC_6BA72ECB5027,0.11565761137975325
CC_6BB560F020BD,0.07428014654093223
CC_6BDF0B68C126,0.021815885205120664
CC_6BF0A9437728,0.1360858485366945
CC_6BF3B9097199,0.15415352498023493
CC_6BF7A1EF31B9,0.16400105859007866
CC_6C29DF49246A,0.07311227734087442
CC_6C3C86C2125E,0.07880841732620933
CC_6C42FF6D7218,0.7023543610585976
CC_6C541A482CF2,0.19442550640506512
CC_6C585A6BFE01,0.8065936975892875
CC_6C5CE36700D0,0.167028497856869
CC_6C62C2094733,0.06662386496201557
CC_6C66539A9D02,0.27185895887588574
CC_6C684505E498,0.06931793128258176
CC_6C6E40927C35,0.03347822060538066
CC_6C7736F51C12,0.6660164264489737
CC_6C781CEB6F52,0.09358758580427082
CC_6C7E39BF4744,0.13140571217794206
CC_6C9EE9BAECEE,0.06960102466957975
CC_6CA0F076091A,0.11831608315349795
CC_6CAD299645B0,0.17467989856647653
CC_6CC3C50BA394,0.11465401674607188
CC_6CC593C5385D,0.027668658805822425
CC_6CDA4B24C602,0.2919114453572188
CC_6CE31AFF7813,0.06462178350949613
CC_6CECB68DE9C1,0.3237290438402364
CC_6CECD3DBA212,0.16116666366321025
CC_6CF17D012682,0.16855417566855754
CC_6CFCDF903310,0.12979563432619026
CC_6D08B5E62654,0.08857073192177423
CC_6D0F60667273,0.2665791782235013
CC_6D127EE83945,0.042960257282646866
CC_6D134DB29068,0.3869662930765367
CC_6D141A49D94E,0.6141763548720928
CC_6D148C0A624D,0.15207096008977208
CC_6D1EFDDE2EED,0.062254997158084226
CC_6D22B938D7B9,0.06655180908304098
CC_6D27409F4956,0.07451263152402965
CC_6D2F0EBBCA4D,0.21845827628969455
CC_6D43BE30E8B8,0.2444861605469092
CC_6D4EDEAF67C7,0.18461411692917556
CC_6D72571304DC,0.5274188707477344
CC_6D7C62C7C161,0.04870578492349817
CC_6D8A18C28AF0,0.07428818959699345
CC_6D8B35007242,0.09072228554523745
CC_6D93A9E49E3B,0.16603214066357802
CC_6D9C644A082B,0.10749283673343571
CC_6D9F52BD4D0E,0.12948182883171566
CC_6DA058F9B631,0.2955254298636106
CC_6DA1F8DF9CDC,0.2180317222146851
CC_6DB000AEF16A,0.08701687109086417
CC_6DB5025899E3,0.19900789843985675
CC_6DD6FA2FA0C6,0.10137716226717619
CC_6DE4E4C1A31D,0.18880811677282477
CC_6E09CBC15C94,0.5150778346652061
CC_6E353816938F,0.04535175242709234
CC_6E3AB992A5C9,0.1551926982279096
CC_6E420A2FE490,0.13249620538049556
CC_6E46D01888D5,0.13842877004360202
CC_6E4702162475,0.05410576807087863
CC_6E548AF15091,0.2419413154398277
CC_6E5C9A2DA27E,0.030026632383376106
CC_6E610F3976CB,0.17226692380723851
CC_6E614FF9BE02,0.6291666250787942
CC_6E68D46447E2,0.10261753001481402
CC_6E712C21215D,0.0334030558031021
CC_6E84DED41B8B,0.12432857339671335
CC_6E8557E30DC9,0.617569007143189
CC_6E8963475D35,0.20157715759712785
CC_6E9880CA0BF9,0.3164788682094183
CC_6E9FCD68ED52,0.7073144286884876
CC_6EB194A93F60,0.1466717415268375
CC_6EB370F511F7,0.06108827865921172
CC_6EC722B2BC2F,0.16855721508237942
CC_6ED1B0EE4B6C,0.23149844752478266
CC_6ED65E7CABA2,0.10583470476593684
CC_6EDA84B653B8,0.37558404087507447
CC_6EEE8E7C1D1C,0.18847999534861068
CC_6EF17801ADD6,0.13927045175566033
CC_6EF337CC4BA9,0.28843755817824124
CC_6EF464EC9FCF,0.10275959865732907
CC_6EF6B8AE7DCD,0.03031634921238412
CC_6EF8C59D8395,0.8454395346895335
CC_6F2146FE362E,0.05522308460782205
CC_6F2408B665A6,0.3654685329418963
CC_6F2B8E925D59,0.026356593835571554
CC_6F3034E96848,0.1321657096316368
CC_6F3559ACC2F5,0.03261389625962552
CC_6F46C5897DA8,0.4050399130165606
CC_6F49ECAE902C,0.07057278453146298
CC_6F4B818665D3,0.12785397728785905
CC_6F4E696A1F88,0.2570576813086347
CC_6F54BD66C0EA,0.16171199943974532
CC_6F786C433998,0.08977462311637383
CC_6F78BF56B0C0,0.08709955103176895
CC_6F8346F138C1,0.43168871028818945
CC_6F86CFDB23D6,0.0369430432246631
CC_6F8E30AE9457,0.14509096333344226
CC_6FC25B27AC26,0.07792086004262636
CC_6FC8BE007FE9,0.14223874870206257
CC_6FC8DA40122A,0.1870349072279813
CC_6FD8BAB1DA3E,0.05462866007259667
CC_6FE4FD09A9D8,0.07666076126568243
CC_6FE78CB02174,0.035640276735315085
CC_6FEB8EDBF2A4,0.18851165248502555
CC_6FFCF2DAD0A4,0.07593207596691606
CC_7002034B0979,0.0797960952657034
CC_7006523D45E4,0.06749758585827488
CC_70097151A773,0.049942138634544934
CC_7011BC95A91B,0.04306250946129891
CC_7020F3C11A3F,0.16426214249594348
CC_70306409A3E8,0.3561163646522545
CC_706B18DA7204,0.12075193295403536
CC_70703A59C070,0.17364595960563103
CC_70749DDFF595,0.13078114221830867
CC_7079CE5127A3,0.022372316028525248
CC_7087A46F0AB7,0.09101378268090782
CC_708B73EBD939,0.16648678539244696
CC_709315667BCA,0.06182787642881854
CC_709970475B6D,0.6327089558867106
CC_70A56ADAC199,0.05587214970999964
CC_70ABB244502D,0.034801881239603795
CC_70B0176647CE,0.1349268859932608
CC_70D3353DA1C3,0.06501857527362252
CC_70D652DF4E91,0.13555683766279034
CC_70E3121BFDC4,0.09923234015391727
CC_70E5FB8B072D,0.030807418278084222
CC_70EFECA3FAEB,0.16358451302010968
CC_70F59DA18BCA,0.39439625533498957
CC_7100129A0AFF,0.1260258721416415
CC_7113554E33B9,0.06949520148576321
CC_71260405461D,0.07025514486036256
CC_712677251322,0.1939903689168731
CC_712D31B2785D,0.0607615294989169
CC_713052DB1E2E,0.06545878410798175
CC_7139C2D6F1AC,0.09895529587767336
CC_71427FC8FA49,0.24209152054226535
CC_714912E93A71,0.12190329864287158
CC_717A5C2ED311,0.21399030785451906
CC_717C94F5C8F1,0.0640259470980861
CC_718F067F4DA0,0.029023741862935864
CC_719E714DD38C,0.04509979954058376
CC_71B169C874D0,0.16831612451091343
CC_71BB5070615C,0.1272215495369925
CC_71D37D6D19C6,0.19280056720089614
CC_71DC80205F42,0.16336507981910434
CC_71DEB636B8CD,0.6226055784487882
CC_71E4CBAA1211,0.17122269158444245
CC_71E787049755,0.09978213576792763
CC_71F1EF5575AC,0.08049891996814805
CC_7201DD8EB33B,0.2120923149932079
CC_7202C8CE2317,0.3039181487320343
CC_720B06583C57,0.037144364775119794
CC_721DEC038BAF,0.07542912593059824
CC_72219BCC83E3,0.1434398215015899
CC_7223DABA7E98,0.11373520533537922
CC_7233459FF7B8,0.24465283531463955
CC_7238A8A6767A,0.22343494065872627
CC_724559551664,0.6803973809051584
CC_7248EB4B76CF,0.05611138024912849
CC_7259B5314D92,0.062244391429089566
CC_725CA03102FE,0.04416913714043558
CC_726E05E5A555,0.11678351254602236
CC_7276AEED6D4A,0.06037575985092207
CC_72A18E8D6670,0.032592973399017566
CC_72CDBC38202A,0.3873219600201291
CC_72D8B2ABA2D1,0.7309815227838801
CC_72E4590D362B,0.37404832941845856
CC_72E8542AE4BA,0.03603104453738158
CC_73010B6E55DD,0.6260234524170287
CC_7309A4693D52,0.14254867793769566
CC_730C2A3FF1BF,0.17219066645918146
CC_731C1BCED024,0.635098874915541
CC_732C325832D8,0.17179349830653085
CC_732DFCAA0A75,0.17885624725249777
CC_73322A6A24B1,0.7432310373381521
CC_7336B19A18AB,0.2132366738613638
CC_733AF1D123B8,0.30722701486454645
CC_7344A0E90AFC,0.11112464350153123
CC_7348C2B475B7,0.11566971145196972
CC_735E1A78B058,0.07016905608686969
CC_735ED2A02DC4,0.15164310297820635
CC_736015DE4E3D,0.3791404012173625
CC_736A42761E55,0.10415631751616772
CC_736C0436B98D,0.16840342751452744
CC_7379212919FD,0.08606001128975466
CC_73859CD59E75,0.5880774463434235
CC_738B201B1CF9,0.11542548813523046
CC_738DCB11942F,0.060537039478885654
CC_739198ACE582,0.1137868331462484
CC_739D093D7B69,0.10616574769061923
CC_73A7FC903662,0.1638741322866757
CC_73A8927DCEB9,0.08928153326156582
CC_73B575BBBBE3,0.12885092972176634
CC_73B6B9AD2002,0.04213593662871182
CC_73C28D72A5A3,0.5681660931439017
CC_73C38DBDF9A7,0.11100229101001476
CC_73D44BEF6754,0.395938402520793
CC_73D4C1D7C022,0.07387982673177887
CC_73EF383F3C2E,0.1697872687158504
CC_73F34B1607C1,0.05569158144490936
CC_74137206902D,0.1267879143048903
CC_74198E5EC366,0.07061178666349187
CC_744FB5804A8C,0.630283350168686
CC_7451E64B6D47,0.15754826271076944
CC_745A64878AF1,0.08191789599242391
CC_746B196CECA1,0.1558902854864069
CC_746C06898D5B,0.6358408935150299
CC_746DE1EED0DD,0.24918046165642346
CC_7476938CF6A0,0.5309920363049873
CC_747CFDB7E305,0.0737403481439482
CC_74845374E870,0.7411959491117234
CC_74AD8D3B192C,0.6826449075067593
CC_74B90A15B270,0.09993049055817169
CC_74BA5D46E909,0.6732485313079879
CC_74BE0AD5E21D,0.18650259253250617
CC_74C33B66F002,0.12748793572224915
CC_74C9C3F17421,0.048990634635340154
CC_74E4BD5C07D2,0.06888808404788041
CC_750D90249EFD,0.11711064566100171
CC_750DA21B7EDD,0.32431013079810816
CC_750E6537383A,0.27041040806809324
CC_75137D6F9DCB,0.11011936811323744
CC_75173A8A11D1,0.37460581696950834
CC_751DDC1FC2AD,0.09391536157715896
CC_75357E0206F5,0.08432275253253013
CC_753D160E3A58,0.10197038131034042
CC_754447632F75,0.039050916374993666
CC_7549363C5D36,0.07939510026703223
CC_754F3894627C,0.07522210337105477
CC_7562CD43897F,0.13334559042100033
CC_756A077EC614,0.38515693732717937
CC_756D3492443F,0.2835762793866548
CC_75783B3E6C6E,0.041133404347727325
CC_7598068A716C,0.024304792671009857
CC_75A37D8C1F6C,0.6242650887898111
CC_75ABDDA24C26,0.1290966885130593
CC_75B287424E59,0.3744058045843496
CC_75B2B88876B6,0.08272324402299092
CC_75B324FCDD4A,0.2279864581069
CC_75C1466E61E2,0.24089422661544452
CC_75CCCD9D4568,0.09064582922969008
CC_75D2DAF4491C,0.3134149222909001
CC_75D54090AAD4,0.10794947920046041
CC_75F1927E5941,0.6783645583669462
CC_75F99AD6844A,0.30370464968942745
CC_75FBA505C727,0.26792416159233773
CC_7615CC930B76,0.12765075278192134
CC_76168488EBB0,0.559166588675282
CC_76197A77D666,0.022825839395826088
CC_761F48F8E962,0.24619697177611982
CC_764C6ADC6D1A,0.0762863254970138
CC_7658A6B0910B,0.03974802009183405
CC_766347951B7B,0.5959943035107778
CC_76857712D8F5,0.32222216452088953
CC_76A0DF2549B7,0.10158036861254618
CC_76A636414AEB,0.23299818685031382
CC_76B01540CDD1,0.1754105039518144
CC_76B420FC66EB,0.10311243959024223
CC_76B6BCD2EBAF,0.057018158790242995
CC_76B7A0029620,0.10005408998747356
CC_76BA435EF2AC,0.12712547318948184
CC_76BCC1AFDA4D,0.07253317247912863
CC_76C35913E797,0.15625905133495296
CC_76DE3DF1DEE3,0.17680384109119834
CC_76DFA4CD068B,0.07335514198234305
CC_76DFE3568C72,0.3092357047542292
CC_76E201F1E036,0.3650897004678969
CC_76E83166FE0A,0.14246075757381021
CC_76FD9E9D9ED0,0.1554357364570292
CC_7720BBD06736,0.3027969379837811
CC_77340228F356,0.6783050289157561
CC_773CBBCBAFFE,0.11055408715409382
CC_773E9B092923,0.09831289967988575
CC_773F22C3E42F,0.02997377258260617
CC_774ED295BF96,0.17461472611445944
CC_7751ED6DF76C,0.03624061999699642
CC_77571749B970,0.14606402156977474
CC_776F8B3BAC08,0.10494082245487751
CC_777889F9694E,0.02944651051135678
CC_777D08513AE8,0.07224185546001839
CC_777E3D988EFD,0.2896447706917123
CC_7795BEDE05E8,0.31546394671226036
CC_77A9EA3A6784,0.06797061647079106
CC_77B1AB7960A9,0.19439022872221307
CC_77B6EA810549,0.2594326504806817
CC_77B9889C9BFD,0.17785090677839052
CC_77BC55DC92B6,0.12544988096238738
CC_77D1DFCB0A8B,0.05060005504080768
CC_77D9AC43DFE1,0.1987174061671665
CC_77E6EF1CF2F7,0.3284534465075765
CC_77FFA8E6B36D,0.11807989488279674
CC_7801661A9DC2,0.1508325941012004
CC_78069B1BD931,0.1371833652940635
CC_780828B48716,0.10076455954366328
CC_782130B98F34,0.1000463423010948
CC_78273789B3C5,0.7758415331381345
CC_78296783E4EA,0.18038603073691212
CC_782B06291D87,0.05470114410541286
CC_783A2D4C89F9,0.43508080356674617
CC_784407E16923,0.09084706293534323
CC_78491B6255F2,0.4197663827539997
CC_784F17AC712F,0.06240873471410023
CC_7852FC3BBADB,0.0927945800064011
CC_7866E4CE528E,0.7261832798596188
CC_7867E7C01013,0.17870809032364687
CC_7869F609EC2E,0.15996163758809787
CC_7874F14ABD7F,0.18513006299047613
CC_78774E05FF12,0.16419335494888593
CC_78815A352067,0.08151786992232667
CC_788FF4549766,0.22179620488937427
CC_789977501322,0.12608542111956864
CC_789B2BA880E7,0.03340439389765293
CC_789D87F51AA1,0.05076870891072591
CC_789DC3C358CB,0.2130445003202341
CC_78A036DF6320,0.6835470059752895
CC_78A3EA63B7EF,0.04087267308998761
CC_78BF1B8FC1CA,0.11383033737497722
CC_78C96E7015BA,0.6403310035752563
CC_78CC84FA2CE2,0.18503682137663557
CC_78F0087076CF,0.20486652202280783
CC_78FAA95F5B5F,0.11363664664048004
CC_79033EFDE096,0.116325232447529
CC_79086C18A963,0.1286451652347273
CC_790DA2ED9F5B,0.11678818952760349
CC_7928811F7D86,0.09410357416519659
CC_79345478FCE5,0.18906711651259878
CC_7936C8D65B95,0.14333512768855455
CC_7948C5509411,0.48732371366695126
CC_794ADB0677CD,0.13242935311498938
CC_794FF8E7F876,0.04840707568575289
CC_79500EA652BC,0.5790940384229812
CC_795083A66DB5,0.03082076735080994
CC_7950D4B773CF,0.13547923563051106
CC_7955AEB49759,0.1348840166292824
CC_7964F862DFA3,0.4009269172055112
CC_797A700CF967,0.46189952924655764
CC_798180DDF677,0.34939773331477025
CC_7981ABA9C370,0.09396478319999896
CC_798B2DC03C5A,0.07041586132539698
CC_79BD986C23CA,0.06481046403909549
CC_79C6BA680815,0.524916863689194
CC_79D694E6F5AF,0.24830101224658352
CC_79ED9A0F6E49,0.41436365813724263
CC_79FA2512E5A2,0.15885443903663216
CC_7A0024F6FA60,0.2317957137942056
CC_7A193A453F27,0.023691600682280788
CC_7A1F071DC5D4,0.42202042068332835
CC_7A5D96BC99AA,0.7369344576662227
CC_7A6B51562949,0.30159594441095083
CC_7A6D7F9654DD,0.43416235413514537
CC_7A778E010F33,0.2724923677086914
CC_7A7FB841B669,0.5952413595158268
CC_7A91013D31E1,0.11861904621665412
CC_7A9117596769,0.04285279407092016
CC_7AAF340DCE8F,0.17630045509214362
CC_7AB146267981,0.20758574677727698
CC_7AB2A9CC8424,0.2909722190020389
CC_7AC1DF18CBA4,0.2364373470929506
CC_7AC4240DD225,0.3186238626372896
CC_7ACB325BD924,0.17433369160258766
CC_7ACB88002397,0.52077391802638
CC_7ACD4F370AED,0.16467418578977222
CC_7AD4072A9F82,0.055706852548935926
CC_7ADEECDE4D73,0.21178381045010136
CC_7AEB48D8C5E0,0.07219436548490124
CC_7AFA5CD2B29E,0.10643941217718429
CC_7B092786DDB0,0.04748727667740225
CC_7B1B35D5628E,0.050538332297027415
CC_7B210557F04A,0.09191930800527345
CC_7B369A7C1D3F,0.1440752180500543
CC_7B4002591821,0.6866263387216756
CC_7B42BD80D79A,0.18374427150147815
CC_7B44FDF08B93,0.09484786515215901
CC_7B501C32CAE5,0.05504121777698702
CC_7B88520D4FA2,0.37928397082101606
CC_7B8ABE6E552B,0.18364814309890976
CC_7B8D2E07908E,0.37855204462872327
CC_7BA150468D19,0.6382205932229779
CC_7BB159FCEB53,0.2880550544572441
CC_7BDD72710831,0.06715673427645215
CC_7BE02C65B967,0.13791286729041544
CC_7BE382988C1C,0.6242998666714
CC_7BE6110DBAA1,0.3359330626077889
CC_7C0B14BB0573,0.13748626167356542
CC_7C0CF5558904,0.6786029224000518
CC_7C13E7F561DA,0.6218642346026537
CC_7C46F7F667F3,0.12414144258808227
CC_7C510CE0521B,0.0803345893172116
CC_7C61B5D39E49,0.4761234708385526
CC_7C6770DDA182,0.11046059808952924
CC_7C6DBF78A610,0.09868393927996355
CC_7C7B0438E3AB,0.17768318719582055
CC_7C87DFBC3176,0.09744204776868431
CC_7C9528E94215,0.3000012630065182
CC_7C9ADE65CF81,0.1084096605255648
CC_7CB6CD1B9DD0,0.037810576010033015
CC_7CB7C7E55BE6,0.15311807826224882
CC_7CCC3A690325,0.17272616442308192
CC_7CE5689488DB,0.04157802413737008
CC_7CEB758A9814,0.04493842606908499
CC_7CF7443D923A,0.043384270526765877
CC_7D0D597690BF,0.1711635145096864
CC_7D0EA0307817,0.04276723583250365
CC_7D12E6FF25C3,0.13940452246301394
CC_7D28D39AED1F,0.696315522534545
CC_7D2D19D832FF,0.06263843345220704
CC_7D34A67E1369,0.06203103062983623
CC_7D4388B41EB9,0.1594733716218273
CC_7D46FE573D79,0.07265526871186859
CC_7D7810799F2E,0.03896211852353828
CC_7D79241150C8,0.12483963765925679
CC_7D7B92EF2655,0.1320850898034395
CC_7D8C2495C1F7,0.06699982541074766
CC_7DA4F1BA24A1,0.6184375564404568
CC_7DAF18939084,0.05394742769471729
CC_7DB8BA427410,0.06546690405517536
CC_7DC9456F1161,0.03125092882401443
CC_7DD2CBE0F0BC,0.18821509228963784
CC_7DD495158BFD,0.6110664012235598
CC_7DD5411F7A14,0.29436028076840765
CC_7DF099A7A092,0.23658084637943513
CC_7DF27D2AC111,0.03875039312008067
CC_7E0CA072EF93,0.06822519663672288
CC_7E0DA100F5F2,0.17192563802857372
CC_7E1086EFDED5,0.029317457441822264
CC_7E12E0F3CF6D,0.1146000195067512
CC_7E178CE78FB8,0.07881982690965302
CC_7E1C1A6D0E9A,0.1523135151115484
CC_7E2A76850DF6,0.789834268170098
CC_7E3ACB15C69D,0.129852011749284
CC_7E3F3373A73D,0.729240119812324
CC_7E42A3D0737F,0.105971683940992
CC_7E4679C534D7,0.2706120633391697
CC_7E53FEEB19B1,0.27223871201971095
CC_7E71CE7FC603,0.2103653361955539
CC_7E8333DBAEB4,0.3850829500609499
CC_7E843438DE4A,0.049971329153649144
CC_7E8E4747C0D0,0.6749452509735511
CC_7E952828C1B5,0.09473888658389032
CC_7EA6431FE6F5,0.13736787152423405
CC_7EA7BA7621C3,0.23867128925015518
CC_7EA8F24B3010,0.1004965618275219
CC_7EAB28B0309C,0.05701551242104283
CC_7EB4A5BDA97E,0.08493507189528801
CC_7EB4B0A36534,0.10102875147735293
CC_7EB791F4AB2E,0.10805762343647124
CC_7EB883C9D5F9,0.03155071479671967
CC_7EC59C577F02,0.055124043504245934
CC_7ED2683D26DD,0.060681096305933116
CC_7EDB3440E0AB,0.6092018559621886
CC_7EE12013C7DF,0.1836763836399828
CC_7EF824CC0D3C,0.14251034970552365
CC_7F09C6F6321D,0.712073461360411
CC_7F1AD40DA179,0.2039353164395519
CC_7F1D38A39164,0.08205163459948288
CC_7F22B7D326CC,0.18657496398464873
CC_7F2614F1AAAE,0.2487251911637054
CC_7F2CDC7C1634,0.03893797524914598
CC_7F2D46DF9BC7,0.15135103179541023
CC_7F57A90B69E0,0.22279040023533078
CC_7F633226A676,0.29672705591192644
CC_7F753D809267,0.6585023577791587
CC_7F7EBF25AED7,0.030617975621157128
CC_7F8496CC5779,0.03983947349407248
CC_7F88D9C5D258,0.0833831773962194
CC_7F8AB4DCA794,0.13366030336891496
CC_7F8CC9509418,0.29608622603236495
CC_7F9069571F79,0.28246924391530415
CC_7F9AD27E079E,0.1750927546464966
CC_7FA281AC1C7A,0.0948309159086548
CC_7FA389E90548,0.07874480363621676
CC_7FBF4A48AF55,0.03943660712743826
CC_7FC40175A8E1,0.2561397981314149
CC_7FD58EE7029D,0.06954408216535854
CC_7FD7F635C341,0.043557876534802524
CC_7FDD458DA059,0.24265434614192466
CC_7FE85C259E03,0.10863923697039621
CC_7FE8CD30D7E0,0.09969340588597275
CC_7FFA32DE7B04,0.15625822108320683
CC_8014F1E2C5BF,0.03243079972709244
CC_8015895C1C29,0.2421560676623417
CC_802BA7E39A13,0.05715234442317718
CC_80300D23C3FE,0.3875323941284085
CC_80465303B6E2,0.1944719898132133
CC_805ADFD46B84,0.05585987120636502
CC_8060F40D9522,0.18831873993837733
CC_80621E822131,0.04954841335995208
CC_806654B580B5,0.4430809491052106
CC_806CFD6A52BA,0.030140466128148788
CC_807935BBEB7F,0.04924266437133492
CC_807C57E626E4,0.06602307587318469
CC_807C91C98684,0.028116090421083432
CC_8096B589BB07,0.1588254580624397
CC_809D60155E9D,0.07331555286271395
CC_80A2189E5125,0.49358838602035127
CC_80AF87F62770,0.17328904167625692
CC_80C03DF9CC57,0.1925038870226407
CC_80D9B6563750,0.5680333633547197
CC_80E9638ABD4B,0.04238150180230636
CC_80F7171B71CF,0.11223007584999994
CC_80F9983BC18B,0.058863666398160416
CC_811109A98EFF,0.0931277750013255
CC_8129480B056D,0.3010632226832247
CC_8134E5DA9FEB,0.5939372414021905
CC_8140399AD344,0.1130781223940363
CC_8140E278B6A0,0.21111095299526816
CC_814E0F756757,0.44780278283703473
CC_815FAAABFC91,0.18730842878980403
CC_816B28807CED,0.06897533567330119
CC_81821F9F2307,0.5352450082606257
CC_8186D7991EB8,0.04698030824127963
CC_819E203180C8,0.8175199341755885
CC_81A5E3141BDA,0.5186305555513258
CC_81B5CED8EE79,0.12922177160973927
CC_81B91198E00D,0.7048076164456794
CC_81BADC379C8B,0.223530465051974
CC_81BF8EA390F7,0.05078457949437649
CC_81C5FC962C72,0.057249501925691046
CC_81DDBFAF1CB6,0.04918560443222175
CC_81DE637E6138,0.03164011172009867
CC_81F389DEC9C5,0.07105715700448506
CC_81F647806849,0.11132706267726089
CC_820D491B2903,0.7434819181958671
CC_82172863AA45,0.30019309004759326
CC_82195FBE9366,0.04987358240421459
CC_821F503DA953,0.07984471686841713
CC_8221AF9B0B93,0.7455885306154573
CC_8222D1C47857,0.06847045463488514
CC_824BB6CD2B25,0.049109188525897435
CC_825192411933,0.08616015680986035
CC_8270E213EDF5,0.19807319781164673
CC_82839CC161E8,0.04972749056940842
CC_828A0B6D7291,0.08702706848743197
CC_828EDE22A438,0.03886209594580373
CC_82928B5ABD45,0.30533813255168607
CC_82A7FE954659,0.18329866742259357
CC_82ABE1FFFA1F,0.15139224723201916
CC_82BDFA01C41F,0.11384740144388078
CC_82C20057CB4A,0.09506952195496671
CC_82E52529A567,0.19163964211904513
CC_82EFBFCF68AB,0.1107165267833686
CC_83092F58B321,0.12673470693579678
CC_83098B4BBD4A,0.12328692189269039
CC_831F9E623C5F,0.16467699580066453
CC_8326C8A3D569,0.10303462520092296
CC_832730F42A18,0.13468628068254362
CC_832A44C3F2A0,0.04595491703392777
CC_832EBAE498AE,0.6930460491000114
CC_833B196A70F3,0.7190799509602555
CC_833E14DFF4C6,0.15139872521986586
CC_834092035687,0.3156604864877161
CC_8351244DE3CB,0.06624615443223524
CC_835B90025058,0.04203569666557738
CC_836534CEDFD3,0.12002770089598734
CC_837ADC1EA55A,0.1854642867038335
CC_83884D799788,0.19221718494675272
CC_83947255841B,0.10772971308489483
CC_83A5A3022ADF,0.7683547157488079
CC_83ABA98906DE,0.06621357097065726
CC_83C75D07414A,0.3993077822318257
CC_83CBA767432F,0.727196240045421
CC_83D342F53F36,0.14874013830898863
CC_83D5CA2A23C2,0.033135984321962776
CC_83E002D6D82D,0.17439881612294
CC_83FE1BCC83E6,0.284147512996463
CC_840E5B830DB4,0.03266754982425478
CC_842525788FC1,0.1950379647315837
CC_843076C8EB9E,0.2930279863661373
CC_8442C97EE91A,0.11252227693994758
CC_844C3C30ED67,0.1106607132788257
CC_844E345D2636,0.19385520738292444
CC_844F26E92B12,0.1812314636155954
CC_845032D8A261,0.26061757742243247
CC_845223F606E2,0.24890875092637887
CC_846F5B19B110,0.3544729769451533
CC_84797EA9ABF9,0.2599764985753556
CC_848D59D48081,0.17350022922709166
CC_84AB057BFCCA,0.04873913264727256
CC_84B0BA112537,0.056249558902089936
CC_84B8FCEDADD5,0.07944586112997087
CC_84C61A6BE99D,0.07987707952457507
CC_84CDF830F68F,0.07375249675155435
CC_84D5B88572DC,0.24638415735103802
CC_84FABECED186,0.11198033179166064
CC_8503F43FB29C,0.18216164335257579
CC_850ACB004EE2,0.08190569531455655
CC_850B114489CE,0.09072526717198567
CC_850CC17BB13B,0.14614457890690766
CC_8518C159BDE6,0.12682159962015235
CC_85299261146C,0.08841158735812518
CC_853986C52A17,0.03859093139701088
CC_853ABBECF2E1,0.8016269862409422
CC_853BF4485D85,0.1847000870590635
CC_853EED03843B,0.0674813637051744
CC_853FD1B551B1,0.1646738491927692
CC_854AAA98CC0C,0.7678738986623199
CC_854F8AB5F1FE,0.03885139932453059
CC_855E2A785BAA,0.10582109742611709
CC_85614CA68432,0.055617907488097
CC_856B92B23BB5,0.7750193026341818
CC_856DF4A30E13,0.704129743362087
CC_858704DBD5A6,0.055538143627491036
CC_859EF0AAA74A,0.046088127549550766
CC_859FB710961E,0.14189280601541623
CC_85A0EB3C9884,0.5974180897892497
CC_85C887BB996A,0.08550974404292487
CC_85D9A6C9CA60,0.13967843164814137
CC_85DAF10E61A1,0.6035382442379302
CC_85DEF8ECB524,0.13087109695307575
CC_85E2E0B8B15F,0.7047101660585483
CC_85F018DC47FC,0.27657311681593116
CC_85F376B33951,0.17127536095791587
CC_85F745E1D307,0.12991425509536308
CC_85FAFB430486,0.2962559114483305
CC_860D4B868C17,0.018684670828173745
CC_8614E30C9FCE,0.37952666527832885
CC_861F5DC22035,0.04247204945301445
CC_8624ABB391B1,0.1662004449628366
CC_862BAB422756,0.33414613176450136
CC_8642F98E5504,0.1693120280404578
CC_8655B8862C81,0.17229578967746043
CC_865FCEE75A8E,0.0348020805179728
CC_867372811CCD,0.4454000615769481
CC_867695B5C296,0.5271677608691308
CC_8682B1F914ED,0.1638996913252429
CC_8691DF144B92,0.5065435262030431
CC_86AD259FA5B1,0.13595251754865534
CC_86AEC21936BB,0.7372065782521017
CC_86B1D15F8424,0.03459495440579828
CC_86C2A6EC5712,0.7250859621046651
CC_86CF816B494B,0.05394785772181099
CC_86D4D58B1D0C,0.15105051230892205
CC_86E2C4E17CB6,0.0404583349924656
CC_86E9E191E3CA,0.4081617457143381
CC_87000C16C856,0.10678956065596465
CC_8703DD5FA02C,0.17886527464659718
CC_87065B1F429D,0.11421842979583302
CC_87434BBA1CE7,0.036202366972499504
CC_87450EA8CD55,0.6878856205917208
CC_87480F785786,0.06986713033667236
CC_8777EA6EBFD4,0.036382774540134326
CC_877A35E76904,0.06895009494670498
CC_877B37D01563,0.1350655152410566
CC_879759A5EFB8,0.3627305701550522
CC_8798AF2651BC,0.13068434000708817
CC_879989FB3B92,0.5737262410293359
CC_87A3BECEE5A4,0.13023247994676573
CC_87B7CDF4BDDE,0.041373218679664814
CC_87C13E620006,0.2674045532469042
CC_87E3AFB080F8,0.139784716292211
CC_880044F77ACC,0.09311253404985194
CC_8809BCAC74A9,0.035897478911223045
CC_880E0019DB5D,0.03094231591482941
CC_880F027D886E,0.11948258935779638
CC_8812BC579F7D,0.07316547423647848
CC_88225FE57D82,0.20426733082660192
CC_88315318E9DA,0.3292860287090987
CC_883864E584A8,0.06835818774683705
CC_88469BAD58C4,0.04601880818004351
CC_8854EE679596,0.08152693471384145
CC_886273CC4072,0.07221758185162673
CC_8866B6D4524F,0.24801417487897776
CC_88A943606806,0.33374047364565385
CC_88E916A3F984,0.8152439839561062
CC_88FDC55C31A4,0.11413668627682372
CC_890D5EE59076,0.027054862537920485
CC_890F721517F2,0.09972789622652677
CC_89129D16418A,0.33838476867539863
CC_8917F02F9326,0.1316857743738725
CC_8920B6584A43,0.060346943057121086
CC_8929DF270419,0.7271836674465628
CC_892B119F0E5C,0.1763446457212196
CC_89302456B9D5,0.6821007836844808
CC_893FAA6D1F04,0.7403524261290452
CC_895AF697BFBB,0.28759684231945265
CC_8961FF892F79,0.027395946541029566
CC_897674493060,0.06433368241873104
CC_898AFCD28B03,0.11626902015725418
CC_898CC919D10F,0.18033793776639456
CC_89A711195EEB,0.14913134798762087
CC_89B4DF07DF12,0.06735448605976257
CC_89B941079E10,0.0905240769051738
CC_89B97E9FF67A,0.10804236703774311
CC_89C5162E8055,0.1609876846820338
CC_89CA0F1E2DBF,0.22777426225305664
CC_89DEE29A78AA,0.1038741703001014
CC_89E089707730,0.16055063050831128
CC_89F0B865A6D4,0.09794997063624458
CC_8A04C5D4D02D,0.06519217837161681
CC_8A081AA1FB92,0.33368895880070787
CC_8A0C640E7A89,0.5283050710077508
CC_8A12B68246A6,0.03901609904450368
CC_8A14A46B280C,0.1551715124451491
CC_8A165A18560F,0.3008919365464326
CC_8A19196788FA,0.06595885498252768
CC_8A25FA445037,0.11623030305103133
CC_8A29EA87B295,0.1340440404461195
CC_8A2AC87CB22A,0.04800824085564697
CC_8A34634E7423,0.6099347698056784
CC_8A38BC1AFE57,0.07120387513706923
CC_8A4CAF0CD0F3,0.08775577074576413
CC_8A5A0429CAB0,0.13698192099188264
CC_8A6E60FAE870,0.07906433710057076
CC_8A7DA054E397,0.6937349355919068
CC_8A7F5FF4B421,0.24007283370867122
CC_8A8249A44847,0.11624180254020543
CC_8A8BCE16DF45,0.1294164436838201
CC_8A8EC764734B,0.07252851086844067
CC_8AB553BFA00A,0.09590241268209203
CC_8AB57DC077EE,0.6628227638211228
CC_8ABA5808D313,0.06198040180138149
CC_8ABDD9A05C87,0.3461427306712432
CC_8AC7520DBCCF,0.16264547116689523
CC_8AC7F8BABF28,0.05859183703382419
CC_8AD67FB3A5CC,0.7460832748237857
CC_8ADDCF5EDCC1,0.08787356764244723
CC_8AF1C3A0799E,0.7424990052137976
CC_8B388FAED0B6,0.115288319502974
CC_8B46CA903D09,0.025567063223019902
CC_8B5819403FC8,0.6802226243718575
CC_8B581B8207A9,0.13181781562112196
CC_8B6DBEF19F46,0.1587172346907942
CC_8B8326C4C229,0.11431775996758087
CC_8B850FDCFC83,0.07953953450455864
CC_8B8F41F19B72,0.0697586707918924
CC_8BAF98C60957,0.1343669688298975
CC_8BB0824B181E,0.04914275502670437
CC_8BB963DAD9E2,0.15506607838905373
CC_8BBF5F939D7C,0.1457117935659144
CC_8BCBDCF4DFF1,0.09036955073195413
CC_8BCE343561CB,0.748704056092081
CC_8BDA87361657,0.0931740948415812
CC_8BE68A4DB87C,0.07098025271309316
CC_8BE9BBD879A5,0.041853635355522015
CC_8BED85B91011,0.380196763066644
CC_8BF68E552DA2,0.1882274328109007
CC_8BF832E6464E,0.8119785189490297
CC_8C1561920E84,0.2311328396533558
CC_8C2A7D9A667A,0.1631323746809784
CC_8C3A5DFE70B9,0.18247495636487976
CC_8C534CCBDA4C,0.21270070258040433
CC_8C6472A3EEAB,0.04823900257351704
CC_8C6B4854D16C,0.25140747507889855
CC_8C76DE4F58D4,0.06237915501678945
CC_8C7DA3F4F88F,0.07621398525176787
CC_8C8527DE7DD7,0.07377999958990611
CC_8C9416612FDE,0.3916074807071395
CC_8C9973F02AD6,0.3445619940885941
CC_8CA1DB61A2AC,0.04246823185975352
CC_8CA59CAE22F6,0.14590507704565714
CC_8CAFD04A6EDD,0.10962501543439582
CC_8CCCC389913B,0.6441413256533786
CC_8CCEF12DC7B9,0.18583200689938162
CC_8CDCD714BD1F,0.7975205748717553
CC_8CEC7987D1B1,0.08091786641223184
CC_8CF621ADAC0A,0.28286731294336875
CC_8CF8FE2A4B82,0.40841698500117385
CC_8D048396D9D5,0.09958981466684776
CC_8D1089C58563,0.5464685620914237
CC_8D35A37FC4B1,0.09619797214478536
CC_8D41E12FE5B6,0.1317539544532882
CC_8D4A859839EF,0.14775324320550218
CC_8D4AD431C55F,0.0818676610060314
CC_8D4D882CA579,0.11554091076543803
CC_8D6151025078,0.10379420012126403
CC_8D637233FE54,0.1604513559869682
CC_8D6AEBA2D7EC,0.09033233830855181
CC_8D6E16DED971,0.18364120782936688
CC_8D7329F79BBD,0.4421581933558943
CC_8D7B7307C43F,0.08670883279464645
CC_8D7B9D4936EC,0.718943778410726
CC_8D80B1B44AE1,0.41204870594463794
CC_8D9516D61143,0.4159210704033207
CC_8DBB8445786A,0.08963428525458954
CC_8DC5B86D9DCC,0.7545830160024276
CC_8DC6465998DD,0.18515722904500004
CC_8DDD0EDA9CB2,0.14272837728050575
CC_8DDEF0265CB4,0.051754275113249336
CC_8DE06BEB95A1,0.094648662474703
CC_8DEBB5B14A14,0.14419484385451375
CC_8DF5BE7F759C,0.055160483533063846
CC_8E0ADCC71F85,0.049728277843175836
CC_8E0BD86F6F0E,0.0849324708225072
CC_8E143BFCF3E5,0.10936066918346668
CC_8E170A60D71C,0.3741472343804425
CC_8E1C3A21FAEE,0.094087229778898
CC_8E408E18F060,0.09858281725144424
CC_8E42FB163DA5,0.8036292750716705
CC_8E47536D29BE,0.2811164318320305
CC_8E50AFFC5BBD,0.04798331843033076
CC_8E5FB1035354,0.1639506022900118
CC_8E7B9B8DD1A3,0.08938465762823394
CC_8E85B08196AF,0.028905509508698704
CC_8E96FC75AE5A,0.07443682162878003
CC_8ECAB5A6C7B9,0.07215494249775456
CC_8ECC4C7A6638,0.5114273856439617
CC_8ED6F13C35F5,0.16197669801011952
CC_8EE5E9467038,0.1723361565266195
CC_8F037E5AE692,0.044186816718963275
CC_8F1A418D96B3,0.28112910549375636
CC_8F1C4014F91A,0.1328378980122044
CC_8F30A5FC9D49,0.0863414562882405
CC_8F3456F298F7,0.21274551065242095
CC_8F393D485C29,0.13279960587441986
CC_8F4A41130110,0.040657614305503104
CC_8F7AA6E4D486,0.10703480214578776
CC_8F887BE25314,0.15200299874298415
CC_8F90CD1A5E00,0.1566984172380716
CC_8F9B26042C4A,0.11000047052074033
CC_8FA9423E65C6,0.09854676445524999
CC_8FBA6C32E0A5,0.27379255187693885
CC_8FC1C50C41E7,0.07928771110861321
CC_8FD005425792,0.06014805514243464
CC_8FD6A223135B,0.13921033243394923
CC_9002450E1B5A,0.04619360568679317
CC_901CE62199C7,0.3774674660989075
CC_901D2136E1F9,0.1744438717278214
CC_902648F62345,0.16325957918930423
CC_902BF0612E70,0.15071993115374413
CC_9036F7423277,0.18930147725079324
CC_903AD2767BAE,0.7157192421316081
CC_903E4BA690FA,0.31454076246674195
CC_904386E31210,0.04923269995524831
CC_904EA6C846F8,0.3910170934634881
CC_90549DD3CC39,0.12332969463393537
CC_905739E5494F,0.08503826092975023
CC_906F852C69D6,0.6533118235245725
CC_907911F4930A,0.25453626019735215
CC_90798A7273BD,0.1354879908226326
CC_907F3A8AFCFB,0.06348992767362019
CC_907FA7722881,0.1042659595001526
CC_90812D9F30FE,0.09138981094885569
CC_90870A89F310,0.032845421331497704
CC_90894CA021C3,0.579333992336039
CC_9092C5EBF5F6,0.049428840371215206
CC_90A10D649D9C,0.6889571209040424
CC_90BF8E127519,0.5830132235174349
CC_90DBB385A7F3,0.7091154409946481
CC_90EAD308012B,0.31578742185811054
CC_90F4BF0B868D,0.11509084319534094
CC_90FA39516EAF,0.07722491674549686
CC_9117894F31C2,0.17025886447728875
CC_911ED63BB556,0.36133790449600856
CC_912730AE6E8F,0.2975630883808164
CC_912CA7EE4C26,0.12746902098064997
CC_912DA46AAED2,0.07677530710546637
CC_9132E67EA479,0.14040287172820656
CC_913D95FB31E0,0.15985156946908147
CC_91529F20D461,0.7570711255174378
CC_91586318C780,0.03865936230325658
CC_915F2708219D,0.1520861054230207
CC_916CCF9CBC08,0.03027223454250872
CC_916CF77A29CC,0.0885334099345831
CC_9189E4FF82C5,0.14296490789998537
CC_91A27CB6139A,0.13415062625954385
CC_91B7A4A15A37,0.6216318566700298
CC_91C2077BA6D7,0.07844156050979673
CC_91C4CC43EEE5,0.14357471065673624
CC_91C55BE33AC7,0.054190785491807995
CC_91C81BC58B49,0.05221939423237035
CC_91DE12EE18A7,0.3754026640794741
CC_91DED13CDCD9,0.16015291856792485
CC_91EF639761F8,0.1472078594499598
CC_91F23A7E743A,0.32988541750667144
CC_91F4C5E889C7,0.7393291698581586
CC_920E91EB28A7,0.18427434203901472
CC_921481F5F77E,0.09971675452342985
CC_92221DB27176,0.17198183352027074
CC_9224D5677C66,0.12346856901303112
CC_9230B9656F93,0.19957289101462092
CC_9231D0F8A993,0.7290991765784887
CC_923727159A8F,0.04477913601070247
CC_9248706729D9,0.03401321257990958
CC_924AEB5DD991,0.1845100474524002
CC_9250BA851692,0.3092546606621877
CC_925BACE3417D,0.09874342297725591
CC_9260CD0D7C0A,0.1141161501112132
CC_9285EB21B38A,0.10900519672593748
CC_92A09F03DAB5,0.7973612689327285
CC_92BC35D7F9CD,0.10593256483387428
CC_92C5FE9E5B12,0.6877730987477081
CC_92DC8CF8C902,0.08610834128868042
CC_92E006664648,0.2511621738849651
CC_92E4EFB9F0DD,0.11210687166281086
CC_92E621E0298E,0.1818093630777255
CC_92F412AC7D22,0.06810815715831318
CC_92F42886B7E4,0.2013189405828127
CC_9301E23D376D,0.6060058434834923
CC_931133320380,0.19040228254496497
CC_9314B6D8B7F2,0.06638843686584414
CC_9337E3B43211,0.18253318248272826
CC_933E044F26DB,0.08765644950903706
CC_934BB89938A3,0.09127183455603835
CC_935296A995DA,0.12619539698722318
CC_935326AF26E2,0.1634223161412768
CC_935B72B8E7F0,0.04825016215453518
CC_936FF3C9BE68,0.0386308797460342
CC_937FFE1718BC,0.03657837467302856
CC_939F92AEE460,0.7882859039662375
CC_93A4365B25CF,0.7979039447430082
CC_93AB9D6A7EFA,0.0872015350010573
CC_93C719738590,0.8035934579710093
CC_93CB48930B37,0.19356619534746083
CC_93D24FAFD21D,0.09406719500600756
CC_93DB5F477493,0.12279510770721314
CC_93E1CAFAD44D,0.0642996071694113
CC_93EC9F853123,0.2046518538717172
CC_93FEAF515A8E,0.04246809677658031
CC_94063A67F136,0.29925135033857436
CC_9406E32819F5,0.06348673367020934
CC_940971CBC1A4,0.15144346348101453
CC_940ADC8DEA3F,0.1164378026867636
CC_940C7E8E0C52,0.21968026989204945
CC_941DD2E1DE56,0.15507231998583224
CC_941FC1FD0D55,0.20383123232063685
CC_943B720DB5BB,0.09690740655246072
CC_9440309323A0,0.13314084662675754
CC_944B461BC558,0.06331791159180016
CC_9453654BACE9,0.18332822881556515
CC_945888CEAF10,0.3400155793529488
CC_9458D4A483A8,0.11170465592312614
CC_9464BA7E98B9,0.07814692829900266
CC_94794B478A5C,0.3210784693785862
CC_947E58EFF90A,0.0902493816599851
CC_948537FC17AA,0.7626623715035072
CC_949576D25153,0.08014857703098965
CC_949B8CEAD619,0.08473717756804182
CC_94B4E05906A9,0.13132928648002173
CC_94C3B6F3B0CC,0.12925835499895338
CC_94C3D9D8FBF3,0.6370737717103903
CC_94CD530B2099,0.07315511636087133
CC_94E9D1E527E6,0.030291113378358235
CC_950450C0845E,0.38969130102135174
CC_95169A4360C6,0.04416092543281184
CC_951A69571676,0.04946221506467131
CC_95232636844F,0.2149608141063425
CC_953A5913EDD3,0.16687477049019067
CC_953B678083F9,0.07715460536650859
CC_9541BD0604B6,0.17515799528120762
CC_954404C1BEE6,0.38873351770191383
CC_95444ED71872,0.07932783698048919
CC_9544B86C78A6,0.7193429395218027
CC_954AD7E7C8F1,0.15460336252484166
CC_95525CC6C854,0.1424717013799652
CC_95573B318A91,0.04057040735545575
CC_9569309DC18E,0.08722116166280118
CC_956A2DF28600,0.19801572054157887
CC_957C7A0D7B72,0.34106086005173253
CC_958BECCA0BAB,0.448076882018426
CC_95A6C4DA2F12,0.6145376009358199
CC_95AB75B5BBBB,0.12414246150862901
CC_95C1274DD7DF,0.023346499231770228
CC_95CD8F6A8CBA,0.03589019047911036
CC_95DD4DC604BD,0.1657386351074737
CC_95E1AC08266F,0.13851733887829348
CC_95E3DDCB74EF,0.052937550734434666
CC_9601384AC971,0.4466230000625394
CC_9608A73A8025,0.15681643359063233
CC_961F3BFBDDAC,0.8534836914222027
CC_96206C1277EB,0.2763079550295041
CC_96396AE6347C,0.19077278175429552
CC_96416D2A937F,0.19630499970356807
CC_964C2E0B00C1,0.18077307128374087
CC_9657A2A04BAF,0.2150898396262467
CC_9662D713B7BB,0.21878528468447048
CC_9664F83B7F1D,0.1671594119015344
CC_968AF836D0C4,0.04590133748544812
CC_96A6735A4317,0.06901374738074773
CC_96BC62A4A0AD,0.21743085292319814
CC_96CD75668A6C,0.06270304495928253
CC_96D928252719,0.37259557603769344
CC_96E40BDE9A6C,0.11197981151827602
CC_970116768415,0.22551003421360433
CC_970E94875C2B,0.7541123949808286
CC_9721C8A61D80,0.07336469945073967
CC_972313B0F814,0.16598183374551467
CC_972FD8FFFF63,0.544721576254501
CC_97478A77EC17,0.17415409324533984
CC_974D14774BD8,0.055087271544984794
CC_974D86BD39FD,0.04607583822895326
CC_97508465AB76,0.1203657916665364
CC_975689C0CD6E,0.061701613702448435
CC_975967702106,0.04321509622866555
CC_975F3F07ED23,0.04912002399042139
CC_976E0D9A64ED,0.3667382686700018
CC_977145B2B363,0.38309242455630055
CC_9772CABFE1D2,0.7945309789825178
CC_9773C1E6AC8B,0.6185865289905003
CC_97832657396B,0.46029858922276395
CC_97963C337FD3,0.4711454493126259
CC_97978B581F20,0.16890555946989158
CC_97A9ECF23955,0.23278376112914154
CC_97ACD6D965F3,0.0909777221041217
CC_97C69AF6E34B,0.7248855750672838
CC_97D0E7256861,0.675559850140067
CC_97DEBFBE2BDE,0.27205284007412966
CC_97ED469F2950,0.10944754898110433
CC_97EE84ABA6BF,0.30119585697418105
CC_9801B22BF375,0.10756741902134613
CC_9803B6D4D780,0.2699019643733667
CC_980E90C8A301,0.10520751982523333
CC_9814B3D08A69,0.07825876058853509
CC_9821BD45BB0D,0.16463985764124678
CC_9829FA0350F7,0.03309045802373495
CC_982CAA309A38,0.1777688840727951
CC_98346EBF382E,0.14171952635078175
CC_986698CCC6AA,0.14526541611017693
CC_988FC580CD50,0.11441138430114386
CC_989795BA3DD2,0.0567083527972026
CC_9897A1DFE807,0.07787317545618995
CC_98A2C8F4E956,0.07159414838809808
CC_98A3E6CDC707,0.10939713646193094
CC_98CE15EE1565,0.05201114515400784
CC_98D036D16215,0.05839120729859319
CC_98D09B14EE3D,0.4077664454667776
CC_98DB782DF852,0.04735759062256055
CC_98E2EA67BC97,0.06771363222531171
CC_98E6E7CF74AF,0.07202157989071852
CC_98EEEB2A83DF,0.637141427008546
CC_98F3D3194788,0.11301797508521914
CC_98F8A8CF4F9C,0.32819344130256917
CC_98F91BAB57EE,0.16285378264983025
CC_98FA377070FB,0.18506269804908376
CC_9900D0479959,0.3099799044767004
CC_99061A735C6D,0.2286089827903455
CC_99093EC1A2C2,0.12060107428469913
CC_99376CA4DC26,0.04334128358072124
CC_993A588895DA,0.12991274621627433
CC_993EE6417CED,0.07993210200684223
CC_99559319913F,0.04120892501381324
CC_9970123DCC41,0.3136373471473924
CC_998BB6848FDE,0.07566846953318594
CC_99958287B2A9,0.49574783825729385
CC_999BAB2D16FA,0.40757621746533623
CC_999C7029261D,0.7450786251129627
CC_99AA61D1896E,0.08334191819868952
CC_99C03E7D99CE,0.04701547706585128
CC_99C62022794F,0.08057007466698232
CC_99D46BE6593A,0.16475503139581615
CC_99D5A5371B39,0.15600055435112956
CC_99D79709AD9F,0.7698844471998333
CC_99D7DDAA460A,0.15999628952829187
CC_99FC44B3C58A,0.11489250920926972
CC_9A02B2A17C07,0.09510015553774387
CC_9A05DE55D408,0.20085274850051285
CC_9A0C42AA09BD,0.4121522172225822
CC_9A2B390551F6,0.04379434574695177
CC_9A2D66206BD1,0.5184317297786162
CC_9A366E181FA0,0.1511631723305632
CC_9A39365FA850,0.6325759652982932
CC_9A42833BA860,0.037153893489174326
CC_9A4911A0140F,0.08445239373487817
CC_9A4FE1E8E0C5,0.42593070100889685
CC_9A51017C734F,0.3514786559519266
CC_9A5DCCD62D0A,0.3591005761178245
CC_9A602F492510,0.1815501460600248
CC_9A66BDD34B89,0.035552348388423624
CC_9A6AB0AB1E67,0.04132313384474193
CC_9A7049ED5656,0.5838743662695784
CC_9A7AF31828E5,0.08465638792985365
CC_9AA750377C6F,0.11512119295212092
CC_9AB359C82202,0.046938205419145757
CC_9AB7BF77EE83,0.748656890060697
CC_9ACAC8474B9F,0.022372165589685727
CC_9ACCA4FB9101,0.06789595921488412
CC_9AE1529AF9E0,0.11536946668716498
CC_9AEE181F1156,0.2533405699713493
CC_9AFD130D3725,0.1012626761721918
CC_9B09C3353732,0.0768106516461964
CC_9B0D37817EBB,0.07637158105987452
CC_9B290B59155F,0.3948130596503838
CC_9B2D487C64B0,0.07876794043906415
CC_9B3DEC76ABF7,0.06808199804915004
CC_9B4F778D0A6E,0.1754406558763827
CC_9B581A92C2A3,0.39637060275783687
CC_9B5CA8C38414,0.1648774795453424
CC_9B6E82167593,0.1938941456493593
CC_9B6F6B2BCC05,0.34797243169742365
CC_9B7FC3DA1594,0.34349542195665683
CC_9B957DC280F6,0.16028722571358067
CC_9B997DF20042,0.3780099787345453
CC_9B9BC4B83736,0.07477220534802095
CC_9BBE1A16C04A,0.15394810636111636
CC_9BC63F1A568C,0.25310455166021273
CC_9BCB0166227D,0.22927477358014942
CC_9BD3DC96ACC5,0.11495786007160087
CC_9BDC5A0E43C7,0.4219757434823577
CC_9BF9485A3F9D,0.23266541771698748
CC_9BFE93FF2145,0.2529094528829565
CC_9C0470A0536E,0.22887641247155577
CC_9C205AF09E47,0.526253971951155
CC_9C30DC5C1E46,0.05900999755920917
CC_9C325B6CAD11,0.03659269625154431
CC_9C4A200D0BFB,0.4054987259084042
CC_9C5EAF238007,0.24686568104303153
CC_9C601C6BBD37,0.05608038141747983
CC_9C606C2C92CC,0.05446686066319638
CC_9C6192D3A16B,0.06126950793337101
CC_9C84FB9B1469,0.06572474830234752
CC_9C989433D637,0.26069909116254997
CC_9C9B2FEB4937,0.151889230151213
CC_9CA7FBE1DD54,0.14744174772373275
CC_9CACA50F80F2,0.18269360103480933
CC_9CB40D552388,0.07451308070818534
CC_9CB8127D17F0,0.030515378209686472
CC_9CB9CE2989CF,0.7211832269558824
CC_9CCE51CD83ED,0.7973402868284163
CC_9CDD2F3D0BE7,0.04077736353743926
CC_9CDEC693AA99,0.3938662129701981
CC_9CE9091AA9A9,0.2350811422988963
CC_9D007C60D29F,0.06194350996227788
CC_9D017774D4FC,0.6709116306103249
CC_9D095EC1F232,0.26203703556624003
CC_9D1A1281C8FB,0.32787132852029094
CC_9D23F42B7996,0.4650084228520214
CC_9D2FBC479646,0.6896853273708152
CC_9D363365CAFD,0.07572814280675055
CC_9D44E4543573,0.18907846004844148
CC_9D45F67E3B01,0.07226310590600966
CC_9D535DD207D2,0.08235145282943505
CC_9D53ED53A15A,0.6059698110264417
CC_9D5D97AEE98B,0.5155798677502414
CC_9D5F2A5B6913,0.09045669953625422
CC_9D6BC1C470B0,0.504868678569517
CC_9D71FBDE765A,0.046807588766968805
CC_9D73939E357F,0.11242004408417555
CC_9D82F401BD88,0.6454372881324237
CC_9D8B4454BE84,0.2552738730623353
CC_9D92537645DB,0.061191792102173334
CC_9D95ADE03ED1,0.22031723523238814
CC_9D98FE7A1809,0.044989408587568655
CC_9D9D59757786,0.06401066113801034
CC_9DAEB38616AC,0.14436266169296474
CC_9DD55CC0E928,0.018713993338362437
CC_9DD6B460CDFB,0.23105291133857084
CC_9DD80B5E3729,0.08807616170891407
CC_9DD82B4310AC,0.42056878352046523
CC_9DD9389E8AE0,0.0850012205840501
CC_9DDA8ACEB3D8,0.07366334231488571
CC_9DDCD898D01D,0.12791401562918808
CC_9DDD90B42A27,0.8122269386635423
CC_9DF1807A4316,0.03366722931176662
CC_9DF786FD2620,0.4630524871741962
CC_9DF7B9B3C8F8,0.06640124459470317
CC_9DFF6E2AC586,0.15323320169220583
CC_9E0546BD7BD6,0.13662183107068712
CC_9E0BE8227931,0.09326961425819168
CC_9E1A205BA261,0.41038895418989974
CC_9E2967559B00,0.050204799166553155
CC_9E323A031449,0.7222828170910538
CC_9E377CC03D51,0.04396972979723887
CC_9E3B83584C12,0.15219228349948785
CC_9E3D46FF5709,0.5963900385065154
CC_9E4FA91B86A9,0.0744528400458147
CC_9E53534DCD6B,0.13172044443433917
CC_9E73656FC8C0,0.7248786536550302
CC_9E7430675033,0.17322949265169155
CC_9E84CACDD7B6,0.4001128846560592
CC_9E84E0E4C5BE,0.31811308570412106
CC_9E9C65275B4C,0.09008063981383738
CC_9E9CB6473D59,0.23920855190600393
CC_9EA4F11BE6C2,0.16093104414257145
CC_9EBE3F26F2FB,0.06205447436850567
CC_9EC23AB6C573,0.3402562658226753
CC_9EC34DDD0E53,0.04509352147716587
CC_9ED8EDFE8C55,0.06212840566083901
CC_9EF352F179D2,0.07704910545869435
CC_9EF505400F8B,0.638499406678645
CC_9EF66D83B743,0.29950960453668435
CC_9F051572BFE4,0.20337049536505158
CC_9F151A782BAC,0.2240018250460848
CC_9F1A5DF4619C,0.3840473261815542
CC_9F1BF78ECD7A,0.0827067608927632
CC_9F263092AD72,0.1519327182485239
CC_9F36EC36A9E6,0.08490061831389731
CC_9F3D52242888,0.1779708665606038
CC_9F41F312CDBB,0.33680886604961674
CC_9F425167F9ED,0.1706850829165068
CC_9F6981E0009A,0.2969007858649077
CC_9F706DFE0AE7,0.026988617633601032
CC_9F7B525DD52D,0.35616955495388336
CC_9F8D5A5A9DAC,0.15749825635046377
CC_9F8FAE57E6A8,0.13533194308379
CC_9FD1AB8E65FE,0.040899633519450466
CC_9FD2689202D5,0.1268324688838035
CC_9FDBB5C2CD09,0.035920064679454924
CC_9FE52BD71CA2,0.0983648949972995
CC_9FE8E62EB24D,0.09260642201073131
CC_9FEA59AEA00C,0.2784640979298459
CC_9FEA77B36A29,0.3685828127728621
CC_9FEE9701D16D,0.2591886923517747
CC_9FF35BA60E6E,0.28425498290102946
CC_A0003F08B22E,0.15139697065657348
CC_A00AE2543224,0.0653221932069119
CC_A02A29DECDC6,0.09574555395310572
CC_A0336C21117C,0.6545123226557619
CC_A053B42BBE0B,0.07074042357523176
CC_A0591F16FA37,0.029457836770637538
CC_A05F962C80FF,0.15866363848248433
CC_A07B0549E53F,0.06228408211309393
CC_A09F230CCF5D,0.6637022364575349
CC_A0AED6346ECD,0.19853837655305212
CC_A0C4A796643F,0.09859085594438845
CC_A0D6DDFB430F,0.056855961392684014
CC_A0DF672F9C4E,0.12130416400871416
CC_A0E8C7C5558A,0.27079429770673563
CC_A0E9269DF22C,0.5138964610484406
CC_A0F1DB5CB28C,0.10060781919052164
CC_A0F42B26F8F0,0.053745229626020956
CC_A0F8F80EDFB0,0.06097726303370249
CC_A10AD9550E4D,0.024414660758335177
CC_A10EB26E5EE1,0.18123205720541447
CC_A111B065F623,0.06848749034225905
CC_A113D95B4AB2,0.14284336066789535
CC_A1320C0F0129,0.7298973239186355
CC_A1348D850EFD,0.7733940180052459
CC_A13D08B372E8,0.05512698539697078
CC_A143E64BD9D6,0.3496078039241549
CC_A14B0A24DC3C,0.10910611205370349
CC_A15137F25F7C,0.07270577171031581
CC_A152DBEC5BE7,0.05018987321795844
CC_A1591CFF6D81,0.041977971398506383
CC_A168CCB582C6,0.3639495513588079
CC_A17DC38133CE,0.7746818473458585
CC_A185D5EA3DE8,0.6391377606745283
CC_A19C842508E0,0.1371838836107927
CC_A1B648DA406D,0.023278398239561016
CC_A1BF7028CAA8,0.020399865411002374
CC_A1D035FA36E1,0.07948367885245425
CC_A1DD653D41A7,0.08679507585292623
CC_A1E3AD4B934C,0.28962398977394815
CC_A1E58421CE87,0.04505132242656832
CC_A219144EDEFE,0.05947393597424335
CC_A21FCEEBB3C3,0.456537574163062
CC_A220E4278D79,0.03627372719857634
CC_A2231BDC961C,0.26320875891972584
CC_A234E219EFC7,0.3453718807899885
CC_A239B1BD81FF,0.06204612249231509
CC_A23D8CFFA31F,0.0706974214499199
CC_A23F463F4B4D,0.03271636756180578
CC_A23FFDC4A7A4,0.08528555819090856
CC_A2423E273F84,0.11315323278542
CC_A2493E6036AD,0.3146072718384337
CC_A25C54470CED,0.08344054878220042
CC_A25FA690BBBC,0.12322941230568496
CC_A2636CF7C075,0.0889911927564573
CC_A26C22870E3D,0.45348648909292266
CC_A26F6A272B3F,0.13063819202434732
CC_A27CDC9BCBAA,0.18117536383021465
CC_A27E5269DA60,0.19369038210193304
CC_A28D4A46B6FA,0.10357082376718375
CC_A28EB319030E,0.040797737999631246
CC_A294D3A59462,0.8013733898861304
CC_A29D8034C304,0.0551305994579964
CC_A2A109409963,0.0484463294138998
CC_A2A4FA5F9962,0.11277805122910577
CC_A2A7E30C59D0,0.15034544306058778
CC_A2B5D2D4E269,0.5365672117755201
CC_A2BB24180208,0.27737188348850705
CC_A2CF1DFEFE46,0.48653185489808537
CC_A2D6090EA5B8,0.15603291545016662
CC_A300BC40BC9D,0.04067526870723861
CC_A3212501F639,0.18754948887808526
CC_A3278A566572,0.05803173907948047
CC_A327EBE4F783,0.1685078111513687
CC_A32FB6659B01,0.0724266080739275
CC_A33915EE72B6,0.213190149303909
CC_A33D350BE79E,0.1741923397262849
CC_A3553B8AA8F6,0.09299840158582866
CC_A36EB077BF3C,0.025521520507193498
CC_A3753EB66DEC,0.11748981256028122
CC_A378342AC9BB,0.1551209408242872
CC_A379E9455C60,0.14755121535478122
CC_A387ADBD7249,0.08867793152581321
CC_A39E961FC29F,0.14962543976602616
CC_A39FA1EF0B16,0.26259351445213314
CC_A3A4E39FB04D,0.16319868900645426
CC_A3A751BE68D2,0.034132013054888964
CC_A3ABB3C5E9D5,0.64175670818167
CC_A3AF9C2C68F1,0.17763682807552605
CC_A3BEA14873AD,0.12948627068995602
CC_A3C2FEE13C37,0.15278417701142422
CC_A3D6435D5F17,0.15293724739147824
CC_A3E3E51AD0E7,0.04386793019388568
CC_A40566694D53,0.22664399493092335
CC_A410C0DC7125,0.03787630895933761
CC_A42168D2B94B,0.08274804889530735
CC_A43CED9AFEF5,0.4391241198324252
CC_A4475A788D13,0.12748499765373728
CC_A44D677C0C07,0.04193495395947794
CC_A44E2673E71E,0.03924254164953222
CC_A44E79A96425,0.36159226089130503
CC_A462CA147DB9,0.1098228961726826
CC_A4660E424386,0.20580314969349167
CC_A476C9F116F6,0.14162677143028074
CC_A47C83B6EE2B,0.14489749172445252
CC_A47F8594678C,0.2738587011095824
CC_A48A7592F96A,0.057166603401420796
CC_A49195E659EE,0.05899781178392447
CC_A498A936AD21,0.10758744671369778
CC_A4BE6692361C,0.6117582365632571
CC_A4BF2115580C,0.07403137337130139
CC_A4CACCD14A0E,0.10967949947845562
CC_A4CE57A1AB74,0.05894335062347803
CC_A4DE4F1B5F93,0.20724017770145547
CC_A4E300558DAB,0.058240523519413
CC_A4E972915D89,0.7584376908946799
CC_A4EEA04CF3D0,0.19265546334103262
CC_A4F400E9A0ED,0.046793399008035634
CC_A4F550D7F95B,0.19705213561271318
CC_A4FB91B1BF31,0.20414443764970602
CC_A500C1ED0A33,0.19419397315713238
CC_A50471962A96,0.6888462436521731
CC_A5161D8AA57D,0.1166704068738338
CC_A519C84307D2,0.07505475303511572
CC_A5277A9BE02B,0.7106303960579222
CC_A53578FCEA71,0.12161986723952939
CC_A54EAD1CCE27,0.14511165208757426
CC_A5512DA239BF,0.1430253509684199
CC_A5545DF298BE,0.07013302322162224
CC_A556EEF3010C,0.4382717286844612
CC_A56756C65136,0.3143146897737693
CC_A5852E06D2D5,0.23861828318305434
CC_A5886994671C,0.14940100425041317
CC_A594D8B41A99,0.04557109224098907
CC_A59C6A6B71C3,0.07199069143807567
CC_A5A06987AF5C,0.20124666140123407
CC_A5A1512FEEFD,0.1631646271225266
CC_A5ACE4284283,0.1459810917423663
CC_A5B10F07BCD5,0.09661666438187709
CC_A5BC9ACDB4CD,0.0675080976665734
CC_A5BF8B260922,0.4456536200290939
CC_A5C52379AE06,0.26806958916375956
CC_A5DD4441568D,0.02584293869240179
CC_A5FE3BE2949D,0.03535299695729871
CC_A60EF94F09C4,0.3307520563875997
CC_A628BE74CB45,0.1277930252981642
CC_A6292E9B43AD,0.05908424324909941
CC_A638610BF8F8,0.10435140460375376
CC_A63BBA86CE9A,0.30147888907688963
CC_A63BDDAC43CB,0.06404188409621711
CC_A6409E37A735,0.12960909785438773
CC_A655EC341406,0.12563181078558291
CC_A6562E47BFC7,0.19665340761458805
CC_A6563A22D668,0.7204036408171176
CC_A6601278C1BD,0.10538331507755488
CC_A683678AC9FC,0.3413090015530751
CC_A6864FE80A94,0.08931057435164796
CC_A69117CC3C24,0.17068124716157473
CC_A69928C7D217,0.16014134568927202
CC_A6A8BAF7124A,0.28973888894491184
CC_A6B7DFC69AAE,0.5720242153671568
CC_A6BB595B55AA,0.05854676010004068
CC_A6C5284C4586,0.08454116733034564
CC_A6CB0D0191D3,0.08277194049177812
CC_A6FA3FA9F0FB,0.1035028621417465
CC_A6FDADD23BD7,0.04119390809408359
CC_A6FE3938F001,0.18214012740416846
CC_A71DB65F0BBA,0.6529941574051582
CC_A730F4964FD4,0.11527869378176522
CC_A73C02C58DDA,0.10882613792766324
CC_A746BC2289C7,0.2904037053742058
CC_A766C3608214,0.12122354289044215
CC_A76F48111A8D,0.1334668295248791
CC_A77AEC8AD2D1,0.020965512048248827
CC_A781174166B3,0.17942776088964849
CC_A79024286DFF,0.05882390218986909
CC_A792720B875E,0.0956184685383604
CC_A7952C2BC5B6,0.07663322431524697
CC_A7954EE1A1C4,0.03925404776924994
CC_A7991E6B3CAD,0.2190003396198164
CC_A7B141DF4AAF,0.058788781534457775
CC_A7BE2CED0B93,0.05092323501812067
CC_A7CF446093DD,0.250840222776192
CC_A7D1C6692090,0.07908558491381394
CC_A7D6CAB54328,0.45599821251534756
CC_A7D8D1DA4EA6,0.12465658891344474
CC_A8102BA6933F,0.04662972699467231
CC_A81C1EDC5FE0,0.09120997560770215
CC_A82C0FDDC303,0.2171928309485981
CC_A83F92C0CABC,0.14502175274064857
CC_A849B0F60EEC,0.054647342710438265
CC_A852AAB180D7,0.04021697400853681
CC_A8536626873D,0.2096284109795109
CC_A85F953FFD40,0.34951630620269175
CC_A865A3F1E28A,0.6824359816080786
CC_A867253FC73C,0.744477239227252
CC_A877592FE1AF,0.05579714319144229
CC_A8AE26057851,0.17144280642209153
CC_A8D50530622B,0.12341199954869009
CC_A8D5C834B061,0.7258154086004345
CC_A8DF49EED27D,0.8013329566664569
CC_A8FB53A944AA,0.08721386475379256
CC_A8FF19BCFB18,0.14418829646503728
CC_A9042AA97760,0.055317086370730725
CC_A917D68B7F33,0.04662587307897849
CC_A925B3023F01,0.15064066301203666
CC_A93A49678A0E,0.6978056458395671
CC_A944C14551E0,0.11381766584457916
CC_A949A4D6CFDF,0.025984204861302047
CC_A96085AAACBB,0.3982102236627272
CC_A968E7B519AC,0.5789624916647563
CC_A96F61DA3920,0.26545954979208114
CC_A98AA461487F,0.04457504483936141
CC_A98DE37F48B1,0.027523469420922424
CC_A99526CAE7B8,0.08276763183692835
CC_A9997F50D935,0.11615695462206785
CC_A99C3B09B728,0.05307638323312509
CC_A9A0DADE60F5,0.2445619400593319
CC_A9E27E0F8BF7,0.10685411013999685
CC_AA06B8C44B08,0.572324793495476
CC_AA078692F54D,0.03917957644912677
CC_AA3181148667,0.11213323855062676
CC_AA36C8AD0AD4,0.08917603262276777
CC_AA36F0397FF6,0.09026035827345931
CC_AA3A8989A632,0.6486328554766907
CC_AA4A1B7522D9,0.09297425590107655
CC_AA4AE0378324,0.2208819200095939
CC_AA5E4D5A692F,0.16553954095753537
CC_AA68EABEE4B1,0.08234979911501308
CC_AA6B5A7A5B67,0.07823506864560789
CC_AA6BD423C239,0.401263526667185
CC_AA7074B42A4C,0.48944858648101053
CC_AA7A7F3159DC,0.09128125828870101
CC_AA7BDEB972E4,0.11068481341132114
CC_AA83426311A1,0.07134162419086568
CC_AA8F7D307212,0.14509283270060158
CC_AA994120654B,0.07361710679798622
CC_AA99CC1D0A77,0.09998726645594486
CC_AA9DF917E958,0.13219398724758016
CC_AA9FC6678135,0.3245018000023104
CC_AAA47EC0D4CE,0.08653628711520583
CC_AAD9F600283C,0.1023647658068885
CC_AADF003A3927,0.07065908197262197
CC_AAECFE806C8D,0.22998505256357674
CC_AAF2022B9CD1,0.17047582954890028
CC_AAF445E4CCF4,0.06977849217317048
CC_AAFDCAA5CA06,0.6684375849655246
CC_AB0384E131D8,0.17547282735543443
CC_AB0A4F4A2968,0.21596798968995817
CC_AB108580856A,0.08504314089421268
CC_AB10FED15FC0,0.8134385275210956
CC_AB176233A184,0.0485699693553865
CC_AB250982887C,0.11034827938042083
CC_AB25C565EA6F,0.07051276680404267
CC_AB31BDAE74E0,0.22874288153087985
CC_AB38A76F5698,0.3948829453613099
CC_AB38F588BDD4,0.1608832231794226
CC_AB3DB55C9A2E,0.17407933675910853
CC_AB42A7DA8FAE,0.18055050870802197
CC_AB486E8855F7,0.10888902314114268
CC_AB4A79BF0F21,0.04003005920473013
CC_AB7472FE1C8B,0.04744705808787674
CC_AB78F64D1DA0,0.11545927912662599
CC_AB821E2FB031,0.05833908281700897
CC_AB873276D910,0.048101463027907104
CC_AB8CF3C05B61,0.09657859528483043
CC_AB8DD8448ABE,0.3226443089756896
CC_AB953366A38C,0.09503322428556293
CC_ABB193697B23,0.6126594863013126
CC_ABB3F0A040BD,0.12265988593609484
CC_ABB618AD3E52,0.21762738491592803
CC_ABC0DA7DAFA5,0.03683218885717323
CC_ABC49E43DF40,0.6304622765780936
CC_ABD89F61734F,0.11217456518136082
CC_ABE04CDC2866,0.5816377947245772
CC_ABE98746DB91,0.5472179916474265
CC_ABFDF22BBD97,0.06159298908659472
CC_AC0498A54CAD,0.21200014383475974
CC_AC1C23EA2767,0.31500379022542446
CC_AC1E028B2A1A,0.09882594437860352
CC_AC255B902EEB,0.16439091857544502
CC_AC44A88F7869,0.05846876826708087
CC_AC51CBCACA63,0.10814814331466038
CC_AC723E5F5EFA,0.03929495443960546
CC_AC7994A5FDC4,0.10178174371697388
CC_AC7EFDBCF2E8,0.7248677710134684
CC_AC8A45716CD8,0.12648257981302316
CC_AC8FB78319A0,0.02897533325698588
CC_AC95C517E726,0.0934819918610964
CC_ACA4C6C9316D,0.05559267638568939
CC_ACAD97A186F4,0.07954516004907236
CC_ACC12168D6A9,0.15061621096401134
CC_ACC53294D3A0,0.08087358197850467
CC_ACC6A74A8BEC,0.06200793171684574
CC_ACD94D2B1200,0.06123465600824699
CC_ACD988315902,0.03407780255028389
CC_ACDA59536C9B,0.12307739551760073
CC_ACE5A4081F6E,0.17921888396045316
CC_ACF4F9A2CCFC,0.1778252400180874
CC_AD0D7D212968,0.29949066152948217
CC_AD131D09EB0F,0.121626090543363
CC_AD13C87CF26E,0.18679761659606797
CC_AD2050A0C79D,0.1563923327927864
CC_AD276D71D3A7,0.2982358571250114
CC_AD2C54521FE4,0.19657416757888263
CC_AD2E59624FEC,0.37933346992976247
CC_AD3A36AF2840,0.252172841114265
CC_AD3D286D0B68,0.16989755363364886
CC_AD46818E459F,0.6338180545078446
CC_AD4BB2E22EA9,0.197422037498163
CC_AD4F7F88242F,0.2951837978770988
CC_AD58ADCD54CE,0.6992532954673378
CC_AD71619FA389,0.11476791025298652
CC_AD84592B950B,0.06688408453674674
CC_AD9898C0E8D2,0.12243672520776978
CC_ADC70A21D661,0.32612624906351967
CC_ADCF16189AF2,0.21641125078733098
CC_ADD894E6E4F4,0.3439861192010423
CC_ADE899835555,0.13695654802586305
CC_AE0D73A1EE19,0.3739108432217336
CC_AE0F08EA3935,0.17785345109454298
CC_AE23B59E6FC8,0.28882114593102426
CC_AE289E013D60,0.0739355439039655
CC_AE34D3F7F224,0.7400790236214176
CC_AE4069D8B4F6,0.2033842586149276
CC_AE4896E2BE76,0.7247457209609768
CC_AE51DCFE0671,0.07280393886554934
CC_AE69FEA8DA68,0.15167395048505505
CC_AE7C129CC90F,0.21267419662357012
CC_AE7CD49F20AB,0.17036117810007342
CC_AE89526E0335,0.17532022458524857
CC_AE8D62CF30C0,0.09364898153297918
CC_AE8D9CE8D6FE,0.03386069806788459
CC_AEB019CB9065,0.16568094998196004
CC_AED1D50AF584,0.10968977191845698
CC_AEE546316FB0,0.2267743063873046
CC_AEE5FA00FA6C,0.4129187964490414
CC_AEEC765D157B,0.03941957147126753
CC_AEEE44D6C8A4,0.02229552736013025
CC_AF14FF3EF570,0.32591594049037426
CC_AF1C3ACBA6B2,0.11201245645549854
CC_AF1E911C98B6,0.3035944981260791
CC_AF337F410520,0.07782644967279014
CC_AF3C7BC3BA40,0.10156477589430515
CC_AF41E4075C87,0.17378039634688755
CC_AF6B4405276D,0.7087950555871827
CC_AF78FE0BDBEE,0.10235986676421874
CC_AF8238D9082F,0.05237352881752354
CC_AF8CA6EE53C3,0.06111493227952876
CC_AF9AFA7C49A8,0.10311899080034861
CC_AFA1E3D3C685,0.17674120766738033
CC_AFA680030CB4,0.6254960504481578
CC_AFB351270B8B,0.03583396342379533
CC_AFC405AE0029,0.07790572263761912
CC_AFF90422E4FC,0.37945901314420394
CC_AFFBE2744B87,0.7712822636952843
CC_B0043CA53FCE,0.07708365100951081
CC_B01B2BD4EFD7,0.2455328500360523
CC_B01E87EB9940,0.144094076084831
CC_B0273E66E2A5,0.16135506611608544
CC_B03E98085A9F,0.06682074700004104
CC_B0420D8C42DC,0.502481484186986
CC_B0497BEB9F6B,0.13839036589384107
CC_B04A5E60B69D,0.08439486726849663
CC_B04D5517A193,0.11600802231991272
CC_B05FF3A960A0,0.211571607236133
CC_B06A532EC131,0.2853673261129006
CC_B06D33A6761F,0.13158527556056795
CC_B074D4472CE4,0.03990671421778471
CC_B07CE95BCD88,0.2899580029791526
CC_B07D79368225,0.11973536163019127
CC_B07DD1ABABCE,0.7381545339803705
CC_B086C2D77820,0.1685025644878828
CC_B088DE9C9E3B,0.23273651099108697
CC_B0CD7932067B,0.10050607008897638
CC_B0CF90073A5E,0.6613172904919074
CC_B0D397D86639,0.6560951423937518
CC_B0EF4FD19FEA,0.0928480566105318
CC_B0F2F9514AA3,0.07818608166255428
CC_B0F3B79F51C8,0.15334294301478996
CC_B0F4041B1C76,0.023320959010987675
CC_B10FE31C61D5,0.09688613034896355
CC_B114E8F19D65,0.1672358547556287
CC_B117F0E3CAAE,0.13788982819135623
CC_B11D58F331A9,0.03164833483713246
CC_B1262188BC41,0.11831281919075008
CC_B12FFB2FF21F,0.08324470766662272
CC_B13253F34A9F,0.029863601562580812
CC_B137E2BBB53B,0.07065058010807589
CC_B13FEA7CDB99,0.0748184771814081
CC_B1481ED21111,0.03236076859694755
CC_B15BE5C9976A,0.2286558121008867
CC_B15EB6933578,0.08390437294836178
CC_B163CCB3BE4D,0.10627833835711714
CC_B16DC354FD71,0.37870499762628795
CC_B1777349EB15,0.1577076921183186
CC_B17C6CE0231F,0.26175737179769565
CC_B17CA8C22E5C,0.12054675089005953
CC_B18F3C9C30E4,0.13463666165324076
CC_B19CD93DDC96,0.05431735261262881
CC_B1A647674B84,0.10279504874599213
CC_B1AEC2E5E33B,0.2384304972107129
CC_B1B5C81AC0A6,0.05422279170663723
CC_B1B932EFD646,0.15177794575984457
CC_B1C3C0B52B88,0.27109506487019003
CC_B1C7216344F3,0.08534923470448308
CC_B1C982DBBD12,0.31260127476582916
CC_B1D81F8197B3,0.3345818201291534
CC_B1DF1DCBDC7E,0.5489496239204097
CC_B1E2C36607CB,0.06602639264864248
CC_B21351C93D8C,0.12147071878465324
CC_B2174860AB11,0.7269212245512301
CC_B235818E6A04,0.20178736743657968
CC_B23CDE30F00B,0.08068227470632741
CC_B23DE4971DF0,0.41852799926479817
CC_B23ECF574D8E,0.04930713433540053
CC_B24C41DDFBDA,0.22793810654758123
CC_B25EC73B9510,0.1359785192549648
CC_B25F69904D0F,0.0694788508134008
CC_B25FB6C11D05,0.6795850738864418
CC_B264F2B92259,0.5790030680298369
CC_B26B8FC23F1B,0.05588619190733922
CC_B272E29922B5,0.11746799039695834
CC_B27AA8E27BE7,0.11394555657602173
CC_B2A68FD3C236,0.08500649260127643
CC_B2AC50C00979,0.08939219995730638
CC_B2B16D7B821C,0.18955029317203093
CC_B2B32F1511E4,0.14057374753729865
CC_B2C241A93527,0.07201352819558982
CC_B2CB104FED6B,0.6498577086710114
CC_B2D352013F92,0.10151394213334053
CC_B2DF694BAB08,0.09829676476667568
CC_B2E993A9343F,0.19342414119069828
CC_B2EF61C93AB6,0.13593216938966313
CC_B2F94405EA89,0.11076070847915183
CC_B2FC07BF6251,0.041104145236257696
CC_B301A65B4164,0.10626808142355326
CC_B313E3A208A2,0.20017817449146602
CC_B318FF5D976D,0.12912019681466919
CC_B32AEF0A2299,0.05735550517671556
CC_B33BD3C618EA,0.07663247724533183
CC_B348627365A2,0.1268705055893164
CC_B35109450BDD,0.032989632652506165
CC_B3528B870544,0.08828489445031357
CC_B3530E7CF8F5,0.12740588650665666
CC_B35C5B1DB9C1,0.0684487061583644
CC_B35FF59389D4,0.18465049002897266
CC_B3812C6700F2,0.6515782448371812
CC_B38280B483B8,0.12205073445405618
CC_B38B694A18EF,0.4806299074931704
CC_B392BDECD913,0.3365353291170687
CC_B398DF1ABAD4,0.041065021561018
CC_B39E75E151A1,0.11692658998350622
CC_B39FD0E249E8,0.04328805245301438
CC_B3AA0891CA5E,0.3832175139140951
CC_B3B1C8EBE5C1,0.12748461458045512
CC_B3BBA28E2D39,0.44039103102425237
CC_B3C4DB0303A7,0.09134422445800405
CC_B3D32FE823B2,0.02376495069665327
CC_B3DA429C6C8F,0.07384683896228982
CC_B3DC5786AB0F,0.17699369264786402
CC_B3EA537531A3,0.14980238857800127
CC_B4096D3A38CE,0.03634725015637015
CC_B41EADCCC95F,0.05540881106362827
CC_B421940B9A48,0.6443172568559122
CC_B42B3B83935C,0.8188180347671711
CC_B436B1CA6B2F,0.04994418282904722
CC_B439B06AF274,0.2632426959057452
CC_B4482E7879F4,0.07018389437331037
CC_B4660022C612,0.10726022421869574
CC_B46B899B4A63,0.13262605003996494
CC_B470280A580D,0.13749290299250194
CC_B471D3BF0C72,0.5396079805067375
CC_B4751DEE43CD,0.16492686791687555
CC_B482C254BAA5,0.04909746567053604
CC_B4889D036D3C,0.7260966944171235
CC_B4950F811C90,0.12941513315318703
CC_B49A6DE7A340,0.32602823964471084
CC_B49CD4C13DE8,0.34574159639647983
CC_B4A90370CA96,0.4868609380667763
CC_B4ADE6BC8A10,0.6752269098846583
CC_B4B6F805888C,0.03365152696937047
CC_B4B8F66BF4ED,0.6755973096093615
CC_B4C6F80DEE44,0.025106684751216808
CC_B4CCE78C09EE,0.15882838876306213
CC_B4D68D1C1C55,0.15949315200660308
CC_B4DAED63089A,0.1545991409699555
CC_B4DD9841E6FD,0.24243928704336817
CC_B4EF6743DDCF,0.07038776194579294
CC_B4F67F73D097,0.08709503914721616
CC_B50EB15EBA18,0.10822539468750525
CC_B51DCAAF4549,0.1569847066890841
CC_B51DFF8702D0,0.5397100045213582
CC_B520A001BF69,0.0871166707643869
CC_B529919BF24E,0.6588194025593649
CC_B542342650A1,0.08395980679524852
CC_B54A106E91E4,0.04719828677890009
CC_B54CFFC21F2B,0.11550805278321007
CC_B55C134C04A5,0.19891032386368096
CC_B55C2DBF6D3C,0.19894440157123627
CC_B569705352B4,0.1061347495784795
CC_B56E74A967C3,0.05402707440788729
CC_B57519F33EEF,0.04501825023484998
CC_B582E4405D85,0.08156139774707843
CC_B585A11F7BA7,0.11968984943985803
CC_B59726D36AEF,0.18852467761863373
CC_B5995E4F1A21,0.127499953146919
CC_B5AC2AAF871B,0.7403010562123525
CC_B5AD19125E1B,0.19981697464771092
CC_B5B1E42858AC,0.05319507656043482
CC_B5B7599E8BC6,0.0625857622831221
CC_B5CAE0595637,0.2175349397152209
CC_B5D49843A799,0.3380696169134788
CC_B5DDFC7AEE78,0.09749695393486252
CC_B5E29344F63C,0.19254287964119457
CC_B5EE5AE6378A,0.4930899636795478
CC_B5F2A93AD996,0.09951887343952093
CC_B5F611613A78,0.06372938059463883
CC_B6055039255A,0.7598071390199826
CC_B607B2B0AFB7,0.05218266992401848
CC_B60CFD0F39F9,0.07046201073304821
CC_B620087B1C52,0.4230345555063436
CC_B6203BBBD151,0.10018009309052728
CC_B622662E664A,0.16431795810871372
CC_B62C9A2BC846,0.1563801037737842
CC_B636210548E5,0.3534286835829383
CC_B642C6714501,0.05989135142842083
CC_B64F81B8A263,0.11678840125538209
CC_B65CA581B9BD,0.13854859365080013
CC_B65D1B9B6F67,0.12093761105569366
CC_B661A8FCA431,0.043146927850973016
CC_B66AC40957D6,0.13038891656346266
CC_B672B35D1162,0.7310000524069828
CC_B68379D197F6,0.0914632062078915
CC_B6923D10FDA2,0.13474843056911556
CC_B69CC776BBE6,0.24076375207973905
CC_B69E50D76B29,0.10295994130455809
CC_B69EAA8C296F,0.20703352910225428
CC_B69F7CB8CDA0,0.09702634270204816
CC_B6B4AD157354,0.15832336420601187
CC_B6BD764CB8B9,0.20160339834085134
CC_B6BEC3F4BE91,0.1339290730953254
CC_B6C13F4A610D,0.28279396816517843
CC_B6C1C3B5766B,0.10513810492500983
CC_B6C72241926C,0.14760036788667447
CC_B6CB40E245D7,0.6049482147809305
CC_B6EE58A108C5,0.061982840000797165
CC_B706F631F5BA,0.033280321068465304
CC_B71DC1206985,0.1395472066830441
CC_B72284CED807,0.18445144448201672
CC_B727865A5B5F,0.6035494729709464
CC_B72FD7EFA6BD,0.19111851144646286
CC_B7365B5A3392,0.7729611922281703
CC_B73820D308C9,0.11103172711003795
CC_B743560D847F,0.08932390812280674
CC_B76EF26F7C9A,0.3255449408387204
CC_B7764FC130E8,0.46138819967474914
CC_B77B73B95532,0.114721201108405
CC_B77D6653C7D4,0.03053522374383565
CC_B77DA6B77DEB,0.2592543585344866
CC_B783AE19622D,0.14622226638544333
CC_B78761738CAF,0.014886544310942506
CC_B787BA135B5D,0.3862111693323985
CC_B78B4449EA19,0.12132047414677202
CC_B78B4B7F80B5,0.23710056451141623
CC_B78BEE888CA6,0.07571328040226091
CC_B791FEE1CF37,0.036083211089170404
CC_B79A58AA4441,0.08647756971471803
CC_B79BEC538198,0.1095283859546623
CC_B79DD53178D3,0.0684716016073007
CC_B7A7EFD85149,0.18087663941762
CC_B7B5F2A15C41,0.12783312078468476
CC_B7BC46A7D4DF,0.09516458988422088
CC_B7CBC65D9AF9,0.5142261404803792
CC_B7D40C5C891F,0.0769967515373316
CC_B7D4337C4797,0.32927687894310637
CC_B7DA04826165,0.32629775127719907
CC_B7DC19DA1440,0.14395657553133137
CC_B829EC622F0D,0.5844657105184494
CC_B82B9C0C7B85,0.6285932483556387
CC_B82C55DEE5E6,0.2860011722756657
CC_B8475B977AD2,0.6960512650000396
CC_B84BD2F4EB01,0.19569030766939904
CC_B86DA7D69F20,0.03954902714367685
CC_B87989F406EB,0.16799929829990684
CC_B88B702183E7,0.030298737096961317
CC_B89B80945ADE,0.19532232238155767
CC_B8A3A44BFE8A,0.46135285481122185
CC_B8A7A6548AE6,0.16905412772029904
CC_B8A8FB83065B,0.15659743831696002
CC_B8AAC20D626E,0.17415373452694377
CC_B8AC99873641,0.06229441225339029
CC_B8C9673B7834,0.08113756495611235
CC_B8D5FEB15CC8,0.07242772298028097
CC_B8DA64A33076,0.5558446648326257
CC_B8E912A01706,0.6027439300262848
CC_B90869280808,0.1249441233638516
CC_B908EC99951B,0.23961421520260667
CC_B90CBF2A6775,0.048070733800031996
CC_B91080C1ADA5,0.3258462746639992
CC_B918FB42AFD2,0.1705559807638363
CC_B92CA425080F,0.12350326062405978
CC_B937F632B71D,0.1672257926857436
CC_B94477C20476,0.35307935040251204
CC_B9483A5C922C,0.1255763591475677
CC_B954EC1C63B5,0.38655489145491995
CC_B95580F93537,0.04187183475503096
CC_B96086044329,0.06146188973071621
CC_B96EB0A91589,0.22586204765310836
CC_B98357C70A41,0.6417367748748737
CC_B9929A66C2FD,0.6813157515207072
CC_B9BB52E4C529,0.11708938967379266
CC_B9BD45744855,0.7719191659759249
CC_B9BFDE4662AE,0.10954380380121032
CC_B9CEAF324145,0.028950314887063622
CC_B9E89F42B509,0.2199061976007355
CC_B9E8A3887223,0.2049130484395459
CC_B9FC67268C45,0.2562130838383099
CC_B9FE9DFEB3DC,0.09432305116163087
CC_BA041E14DD98,0.07353792053874374
CC_BA0619F54427,0.09761947731780607
CC_BA15072C4EC2,0.23771349779809742
CC_BA183CDC5429,0.8300976410564832
CC_BA43646012D2,0.4017975979773988
CC_BA4F7E494E71,0.45295057184824383
CC_BA557F75E2DD,0.18234314870867918
CC_BA740903CBDF,0.11534534402296957
CC_BA77722A827A,0.5367420057847879
CC_BA78E47BB021,0.2264573075531371
CC_BA8C427054F4,0.02820579156451097
CC_BAA19F8D2563,0.08817299269643405
CC_BAA1BBFF8C6C,0.28295237388003597
CC_BABA44B5FB12,0.07778541161400841
CC_BAC25BCCEAD2,0.07573773053954726
CC_BAC74D0014D3,0.465184528586636
CC_BAD99E36CC71,0.2440961017258465
CC_BADE7EB1D16D,0.7676442630491
CC_BAE7410803AC,0.1401417932026875
CC_BAEBBF8054FB,0.12120254017119056
CC_BB054686B6F2,0.04221940086336735
CC_BB05D9DF72BD,0.05968892479698509
CC_BB0D54068D07,0.8003506751308436
CC_BB15DE5E0DA0,0.7307348100232193
CC_BB1A57AA813F,0.14324890821310018
CC_BB1CABE261EB,0.16193949424970647
CC_BB2BC46FCF61,0.2056579612390961
CC_BB2E5437EE04,0.04588036249432375
CC_BB2EF1FF6131,0.08239816776697988
CC_BB2F56C6BF57,0.10219126240139961
CC_BB35CEC5314E,0.10159566138262353
CC_BB39E3597B61,0.03478693544765996
CC_BB3A9EECD51E,0.08136119679621343
CC_BB44CDEE5103,0.18502146212572282
CC_BB458116ABA4,0.3533295282869904
CC_BB5F6936F6FE,0.21134854935526914
CC_BB666F8A551E,0.07572222984245176
CC_BB7355E735D2,0.11386723158238912
CC_BB8A2F186D6A,0.035649592816077276
CC_BB9FDED12C65,0.6738678710484459
CC_BBA8C316C8F8,0.06814240530350738
CC_BBADC7DC73EA,0.19916701287330946
CC_BBAEA7980B09,0.4623853422271446
CC_BBBA078A6429,0.7578114513964477
CC_BBBFC3EC2C72,0.41774010146432894
CC_BBD34B3225EE,0.027126348725092606
CC_BBE6C58C59A4,0.41822220222715345
CC_BBEBBE1E226D,0.10192949143245528
CC_BBED56D34D38,0.12032195357023247
CC_BC0244FBDAF6,0.17308509054153606
CC_BC099E880236,0.17464462614682405
CC_BC0F05C89E25,0.10859743655727347
CC_BC1BD06C1085,0.11142267094030708
CC_BC21E8824A34,0.4438159456512172
CC_BC23655B2BF4,0.05370584270850739
CC_BC24F9024F49,0.04853394913692504
CC_BC2A58939715,0.09429612806888664
CC_BC2B90F226E0,0.20496810203549526
CC_BC31382964E4,0.03718980345038019
CC_BC31DA3EAFFF,0.12544830186200062
CC_BC3A6CF6FD16,0.12250707607749764
CC_BC410BDD9ED8,0.2526213179731446
CC_BC458960887E,0.14379589256793293
CC_BC484C329704,0.14931462396894563
CC_BC4D6D6D4553,0.343766191731464
CC_BC5A59D88AFC,0.08082867628038215
CC_BC736DA19A00,0.16699909740519348
CC_BC7B9D13978F,0.18793667755731727
CC_BC84BF34D69E,0.27827210266506397
CC_BC95D473C9CE,0.17653325710627965
CC_BC96FC9DCFE7,0.10647405633816934
CC_BCA0D6159C23,0.17584932679010656
CC_BCAE73132BA2,0.06976350223323485
CC_BCBBF055366F,0.0464041207567591
CC_BCC94F494979,0.09301468160925061
CC_BCF75F8B9A5D,0.11839430205052894
CC_BD10F4F15094,0.0888886413187686
CC_BD1A2052ACD5,0.8078941645730973
CC_BD217C39702F,0.3811853178981125
CC_BD2A9D4B9FAA,0.23029983476707877
CC_BD3EDD1630E8,0.0434645700759503
CC_BD4AAFE9EFEE,0.05357295004125461
CC_BD59D1252975,0.07844372382158056
CC_BD607BE97C17,0.09056036904380169
CC_BD889F165227,0.0981610018221516
CC_BD900B6BCF65,0.148748370511265
CC_BD9967660461,0.4615904040132607
CC_BDABB99ADE2A,0.1654655209284197
CC_BDB07C66EDBD,0.480487540581897
CC_BDB71DAAE50B,0.09470573008733775
CC_BDCB91FACECF,0.11896487066774544
CC_BDE1E398B4E4,0.05943245653461803
CC_BDE8D325637B,0.6664994280143436
CC_BDE9E7F390AE,0.09549517325979309
CC_BDECF392D7F9,0.14186178952108183
CC_BDF401C3BBCA,0.13334801938283586
CC_BDF53C42C5BC,0.21565210204106972
CC_BDFE5778530F,0.3459123062638385
CC_BE05EB5976EC,0.7454676780885336
CC_BE08A6D5E76D,0.03830695404400484
CC_BE146CE5BEE6,0.17764069301627083
CC_BE24C1EE877A,0.1253434973785595
CC_BE27E98C4BED,0.06992696787633543
CC_BE32DACBF6C2,0.1017929420058088
CC_BE3F52F9C9EA,0.13397083532186235
CC_BE3FC1024389,0.14397341829339738
CC_BE4595898BF9,0.09148577427160061
CC_BE4F1F53F4B6,0.08248126397849473
CC_BE648663620C,0.16746818457372986
CC_BE6627F3B9EE,0.6992727799063163
CC_BE673F70B591,0.345032183566366
CC_BE704640727F,0.02751744234618296
CC_BE7295B354DA,0.3599057783332512
CC_BE760A430ACD,0.1962767501217217
CC_BE8A340F3876,0.043700281422550655
CC_BE9CB8845101,0.17898316905827477
CC_BEA12286E57C,0.1339824265034773
CC_BEB24EB997CA,0.10717137575208154
CC_BEB80CCF2ED0,0.04307175085631631
CC_BEB86014B5BF,0.19220106004531096
CC_BEC035C8801A,0.1285330673602727
CC_BEE1B858F0C3,0.3293145422503255
CC_BEE664893442,0.1942848837659808
CC_BEE75A33F038,0.04154414200081786
CC_BEF22728402F,0.6430252913762502
CC_BEF8AB2DF19D,0.3890064901766558
CC_BF03683CC755,0.12236476031817645
CC_BF066CB8F7A0,0.17254346244440272
CC_BF154A9FEE8D,0.13393781518137957
CC_BF17E635C67F,0.09569655721110767
CC_BF196AFA6AE6,0.1667006869178154
CC_BF2012FCFE14,0.18871962633808154
CC_BF3733356D4B,0.43487154011861073
CC_BF376C8D14ED,0.5371768933749328
CC_BF3BF8B9F646,0.10114952099099206
CC_BF588A5FF18D,0.6713788357481393
CC_BF7C643B8874,0.033375399602097566
CC_BF8919F14394,0.1400810742507173
CC_BF8B759EE1EF,0.057991072249672246
CC_BF971FA7A950,0.13934017553672728
CC_BFACE960372A,0.10869909407226744
CC_BFBF917EFEB7,0.6311599224276759
CC_BFCAE2959708,0.04061490717566131
CC_BFD80ECB739A,0.21278799208515978
CC_BFDEC7E68821,0.06080100044595635
CC_BFE3AD881F4C,0.04521027994749342
CC_BFE511C0F9F3,0.558592482585454
CC_BFEE9CF8A6E9,0.08327774480833838
CC_BFF8E82FE4BE,0.14347011807533416
CC_BFF9E8C0FE28,0.5636772272107917
CC_BFFCB2882E26,0.04097982075214568
CC_BFFDCACC1E4F,0.09879128632117554
CC_C003A15648F3,0.0909122562682825
CC_C004160ABB18,0.13403279918888467
CC_C012746F45D6,0.10543512334283173
CC_C033B4EC89DA,0.1279159562947792
CC_C03578357D0D,0.425932059562577
CC_C040C14F27A0,0.04784051117824901
CC_C0474C48C443,0.13231535874984757
CC_C04A1EF46A13,0.2420848860836063
CC_C067DA2C5F99,0.41781240104367157
CC_C0731DB0CD7F,0.6396299861396414
CC_C07C70AA1AF0,0.1340764500571697
CC_C0877F4DBC62,0.09492789822851305
CC_C0896CE6B4E2,0.07077887544648571
CC_C089B0517E81,0.06972514418462106
CC_C08B9066A5BB,0.1890888854991003
CC_C08DFB22BC71,0.08582566153405619
CC_C0A2108BEC82,0.19352770996170182
CC_C0A6B0787F91,0.09946636782597207
CC_C0B29B279C90,0.11146803990994497
CC_C0B7151247C2,0.10125898646515913
CC_C0BEDCC974E6,0.08735903375347934
CC_C0C6F913C2CB,0.6897055759587147
CC_C0C7EAB055B1,0.18246517915399452
CC_C0CCCF588BEB,0.24498347587063668
CC_C0D65A1BC1DF,0.5859970189859884
CC_C0D6ADDF1E0F,0.06966220253125553
CC_C0E49708EB44,0.2077759395201218
CC_C0F32BA57D17,0.03587222775452529
CC_C1094828B26C,0.3128485887696987
CC_C124E4C094F3,0.24119143220030187
CC_C12ECF48FA03,0.17846472398151783
CC_C12F5F7E5C54,0.1076777389131447
CC_C131509731A1,0.19946741518577754
CC_C14173B64C58,0.18477534310172838
CC_C14A4D39F494,0.38379013094694037
CC_C14DC9106B7E,0.2825482181764519
CC_C1624A910E58,0.03312965892396577
CC_C1645FA6EE7C,0.08434061339601928
CC_C165A26E7C1D,0.7284136128869789
CC_C16824A69631,0.05468494105523458
CC_C177831DEDC2,0.07677518713528168
CC_C1815DD481ED,0.6885568739436552
CC_C18313F97FC1,0.3130637560161266
CC_C18A7BC23071,0.27841250548687796
CC_C1941883C762,0.11605771100196585
CC_C1A0989CDF23,0.01898154437604708
CC_C1A8C99D910A,0.1053655204221694
CC_C1B057BAE0BB,0.2673512337933428
CC_C1B5D9A95708,0.0867157660479731
CC_C1C28181E30E,0.10084481229514472
CC_C1E8CA45E983,0.09085546262989644
CC_C1F4DD05F5FB,0.1802327216395626
CC_C205BAC0D181,0.06733706447867968
CC_C208790016F7,0.07000506605871037
CC_C219E603FD0B,0.05557561525042274
CC_C2323893E922,0.12245128392226948
CC_C236A614F73D,0.10779009279302579
CC_C241491551A8,0.11274215109591693
CC_C247E0377048,0.11492997108997416
CC_C24FBA584039,0.2616894079082578
CC_C25078D044CC,0.1808425611971447
CC_C255BE787955,0.1980952234873944
CC_C25ECB5C5FD8,0.06546518106979998
CC_C276E722FB1B,0.29773836336727544
CC_C279090E1F74,0.7856427781969701
CC_C279CA96D14A,0.12874444670616939
CC_C283330B9999,0.04445792172660273
CC_C289AF57EB24,0.26148188862618843
CC_C29558864857,0.11233709690571772
CC_C29846DE78AC,0.6244781025947967
CC_C2AEE09D92AD,0.0997518181748905
CC_C2BBFB603032,0.35459048456074477
CC_C2C2B2EEBA69,0.04118269230270068
CC_C2D1CBB42952,0.16254936946183587
CC_C2D4587A871F,0.7206885494218456
CC_C2D583F20739,0.35666148687260124
CC_C2D9086A8C67,0.08609788773524746
CC_C2E8FA308586,0.16344929616507742
CC_C2EA104630E3,0.10089726975350588
CC_C30ED2C6265A,0.04600595479571441
CC_C31BA9FD4FFF,0.27212781451015383
CC_C31DC3117984,0.17265353035946285
CC_C33142B2E26E,0.4113389557157432
CC_C340668CE604,0.06935814644796312
CC_C36580241000,0.13506431335641184
CC_C3664AFC710F,0.09941847618970076
CC_C3676D2ADC91,0.20749966066737557
CC_C368AC6AE19C,0.03299823225739389
CC_C38B446B7432,0.16740723939927427
CC_C38BE6D69E61,0.05493966896644929
CC_C38FB634E7B9,0.07066128611873929
CC_C3913A125FC9,0.16268633623075668
CC_C392AC1AABDB,0.13180173114820443
CC_C3A37C3EDCC5,0.34253782892002677
CC_C3A42A96D260,0.2283059036341458
CC_C3CA355F78BC,0.0990478405556026
CC_C3CD972B25E9,0.14415194345810864
CC_C3CE9FCB05EA,0.047454885591308005
CC_C3DA12B31CD5,0.08354049116896652
CC_C3EF46D2CF29,0.1706084997185597
CC_C3F301EAE202,0.17566579255624798
CC_C404C200B723,0.10172853554375437
CC_C40BEE2EAD73,0.2490125112712368
CC_C40CA3E960D9,0.13286348900227873
CC_C40E0EEBA53A,0.1523644620744293
CC_C42183D7A586,0.09135313546363605
CC_C427199DAC5F,0.45314241310941394
CC_C445AEF194CA,0.06710176321576486
CC_C45051D20EC8,0.12633270958523413
CC_C47FCA703A69,0.2909749028434338
CC_C4965C6C6935,0.3317353856538853
CC_C498BD798847,0.04101356566992095
CC_C49A42D1C3CA,0.08287871113262969
CC_C4A2F5B06976,0.051544829391688335
CC_C4B632AEB96F,0.14615502819106918
CC_C4D194378554,0.026817017679855566
CC_C4D90E9CA5E9,0.11915197834298474
CC_C4D941D5A5F9,0.1425964853719015
CC_C4EB2486A9B1,0.19649361192632014
CC_C4EC2923D96F,0.2983795418462778
CC_C4EC9ACAE8C4,0.7032369321115755
CC_C4FB2ECB13DD,0.27382788282595033
CC_C50467EBCC58,0.07283070842316522
CC_C50C5E2A77CA,0.13678097056829588
CC_C50D7FAA75C1,0.03620325024155045
CC_C51FE3F4D2F3,0.16305405272607135
CC_C5234F4713B7,0.07084306096129334
CC_C55110310E14,0.09836762031961796
CC_C563D509181A,0.07956716011997331
CC_C5736F4887D6,0.7559877616680604
CC_C57C4F09442B,0.09023157563512299
CC_C59D2CA55CAD,0.809558052405971
CC_C5AD04ABF022,0.08329235567641138
CC_C5AF7BF4B951,0.029474831647784694
CC_C5C5FD9FCFE4,0.6616130154445476
CC_C5D9A89022EF,0.2037055840451326
CC_C5E1FA10BD6B,0.16526232901660187
CC_C6039EF0459B,0.14941058080352407
CC_C6133F44EB0E,0.09376937841321678
CC_C637C1142503,0.7796964054010391
CC_C65496C86EAE,0.11879160341521061
CC_C67C2B86A807,0.1319653941704659
CC_C690CF8AF3B4,0.10682081066330794
CC_C69204FFED48,0.3030745947875025
CC_C69DD80E5055,0.10367315924868044
CC_C6AE389CA79C,0.06133001510374539
CC_C6AFA8AF33BB,0.09366360899429216
CC_C6B56B2869A6,0.36816220466662125
CC_C6B61E03B42D,0.21948661369944236
CC_C6C2B357FDF2,0.1027447799151533
CC_C6C4A4A318E4,0.11302859088673517
CC_C6DECDCC7956,0.1833880887090573
CC_C6F134ABD932,0.6142952494791064
CC_C6F24128D8D3,0.1642557369373392
CC_C6F8C5E3D746,0.10542928861878614
CC_C6FB2BDCC78F,0.38061997712229
CC_C70DBEB08378,0.8206140808714937
CC_C71AAC6F9607,0.0996692413515049
CC_C73D1C53BEC0,0.34479112502578446
CC_C7423B380FD2,0.05465363456399349
CC_C747ABF2B4BC,0.07639318062175424
CC_C74F0C45C093,0.1442526402867343
CC_C75307665BCF,0.22119372417197664
CC_C76473DBFF83,0.3212145249676105
CC_C7652C2D1CC7,0.2098415468403591
CC_C77B38900325,0.23105271633722801
CC_C782A94E6754,0.03731500914600723
CC_C786E0FDA098,0.7588680914350625
CC_C794632B3AAC,0.38776704853248406
CC_C795250A7B3F,0.09839663215747835
CC_C79BF5794AD9,0.04005858786842634
CC_C7A2A7BF85C5,0.05581732636475725
CC_C7A2CEDA36CD,0.478452628313929
CC_C7AAAC514CD0,0.08036967442772075
CC_C7B39AE8206F,0.11742330557619965
CC_C7BA884F8DCA,0.14225659445769295
CC_C7BC592C11DB,0.04198128671233193
CC_C7CB29EBCEE1,0.03767692643032405
CC_C7D2BE35C77A,0.08224123638416805
CC_C7E56C7FFA19,0.16083277368655394
CC_C7ED63E403A8,0.07875988294608387
CC_C7EFF4BBEE1E,0.05801303652638834
CC_C7F1C90A261F,0.1440159025886134
CC_C7F38C2DEDFF,0.1679851687840191
CC_C807F881A35F,0.24076014740591156
CC_C808346EF2A7,0.03612758318076714
CC_C822401D05A0,0.13059314764963234
CC_C82D0EB32984,0.08491566422385474
CC_C82DE4520088,0.17883177131735223
CC_C84080607284,0.06383354702734884
CC_C85DEB66D6EC,0.27897866298838725
CC_C8601860B3AB,0.2915977651021476
CC_C86B56E5B000,0.1111710756422303
CC_C874E7D8B96A,0.058929735675656875
CC_C88F02C38654,0.17411175636498144
CC_C895990DF270,0.16241617727470248
CC_C896D6E93110,0.3734551414545859
CC_C8A57920FB6B,0.07441777902995635
CC_C8C2CEAC6750,0.4613069783812216
CC_C8CBB38CF4B6,0.423978666705
CC_C8DF2AEC8023,0.14190946804886762
CC_C8E24B1925A2,0.19822154624772664
CC_C8E2F0CA5050,0.6676637326079928
CC_C8E875AAFD58,0.25387089560868425
CC_C8EF7366016A,0.06557360379568597
CC_C8F1FB9C56E5,0.10043465791703603
CC_C8F2FF7E6DAF,0.10464525171081995
CC_C916DC82A00B,0.3175409526920781
CC_C91FF308D57A,0.05357072781198105
CC_C9297D88CD26,0.3527963052253686
CC_C932D885E1AA,0.17870323129604954
CC_C947A66A6A34,0.12880217247113673
CC_C953D19C82A6,0.2856520330575315
CC_C960365C1125,0.23109956268559623
CC_C96221203852,0.25261555798140695
CC_C967937FC81A,0.6831471254915651
CC_C97434767545,0.19986545036693826
CC_C974620D4D4F,0.2817307017016919
CC_C9749B07E3CC,0.12732435457052954
CC_C979F86EC4EB,0.05140800369801924
CC_C9882357496D,0.064008026169172
CC_C98B5F2B994A,0.09122992221987089
CC_C98CA453DC7F,0.12459565637189852
CC_C996515164AF,0.7132003114449199
CC_C9A1B8F512F3,0.4488433819315114
CC_C9E008678B77,0.07808074146530404
CC_C9E89E3728DA,0.20563309575034655
CC_C9EE0357CF4D,0.17499471796526228
CC_C9F15C15BA6A,0.13582712630293337
CC_C9F3BB887EB9,0.1755249615999953
CC_CA0906B9B58E,0.07018089689523924
CC_CA16B9133E4F,0.3011107313143184
CC_CA2524A5C7AF,0.29670491886308964
CC_CA2A17C9CD44,0.460922920001551
CC_CA32C61E255B,0.10033625221805721
CC_CA37F92A8BC6,0.12653478813082994
CC_CA3C9D0F42A2,0.5821391038288926
CC_CA4669FF2379,0.10133249632417188
CC_CA486E08F176,0.05192831798958002
CC_CA5CF069C36C,0.06963269970686481
CC_CA6AB58D2C8D,0.24568420259272195
CC_CA6EDCBFA9E3,0.17635202785995055
CC_CA6FB58C11F4,0.0682819318395928
CC_CA7902338F91,0.14426909461130102
CC_CA7BE11DCB92,0.12145506245173303
CC_CA87A148C386,0.06535517713756228
CC_CA8E7E45347C,0.15593603536477094
CC_CA9214D0E170,0.14568487840891695
CC_CAA07EABEF71,0.06500992049023825
CC_CABC0190A9BF,0.5052756023658371
CC_CABF171B8582,0.5959649171617156
CC_CAC2F989A2D6,0.20547038524934116
CC_CAC50FF13A43,0.4794412063188054
CC_CAC9C52B6FB8,0.23786153574153884
CC_CAE19DE8446F,0.060012563067343
CC_CAE5F6D8328C,0.4865132100261887
CC_CAFA0C6DBCEB,0.0562483667572888
CC_CAFE5D6E3E1D,0.11181238487872719
CC_CB02A97FAC1F,0.20581743774964711
CC_CB1155AAC7EB,0.1308192636579541
CC_CB1B2FC5769C,0.17145237236947736
CC_CB1BD3C19303,0.15276025887119019
CC_CB2423DD4809,0.7855319999980197
CC_CB33381406F3,0.6545398808461897
CC_CB3CBA971E97,0.09053432193237201
CC_CB45CB5C940D,0.18798830097809915
CC_CB4A2667F8CE,0.20607753311322763
CC_CB4EA92BE238,0.05408185474038286
CC_CB4EE5CC0B09,0.17062120683753776
CC_CB50BDD92A4D,0.2102762531370808
CC_CB6A55831080,0.06944568057290772
CC_CB6CE149111A,0.1279169570779517
CC_CB6F9DA78019,0.029522180455450464
CC_CB722FAA608D,0.2025605923602942
CC_CBA786C05C1C,0.7520834240897246
CC_CBA9A6206DCB,0.15101325863856507
CC_CBB7AE2847B6,0.17871191643149445
CC_CBB9DDEAC819,0.02927141534758971
CC_CBC30D127BA4,0.0793053802928332
CC_CBE67EF0D3C5,0.47298792101961634
CC_CBEC318365B3,0.3843410582498379
CC_CBED6669EDA7,0.0719960727356246
CC_CBF1B052FA7E,0.07181034529214075
CC_CBFC7EFF2F94,0.13235411395566127
CC_CC27394B5E35,0.07565808340718697
CC_CC2A7B3D7A55,0.1414248659616657
CC_CC34B2523794,0.14576620716552988
CC_CC34E9023873,0.6984357531104345
CC_CC37D81F02A7,0.6370372307917784
CC_CC4822AEDB83,0.6980627564895127
CC_CC5D6CAE5ADB,0.23455021366833742
CC_CC6D27804EF0,0.06497197818459141
CC_CC71D4876B90,0.10056159153383395
CC_CC75EA7F2C8F,0.09057682827201899
CC_CC9214A5C0CF,0.08522880966804688
CC_CCA2B8D2446C,0.4027094492980071
CC_CCAB3E56FD92,0.16966661521115714
CC_CCAF321D46D7,0.025821322978658585
CC_CCB46EA56584,0.20927775530396797
CC_CCB60CB8754C,0.13378185271837126
CC_CCD759553325,0.060751917854808865
CC_CCDC28D49832,0.13929889347318186
CC_CCE55029E621,0.6567949733517768
CC_CCEA133D7268,0.4865922233014034
CC_CCED6CEBC3D6,0.3799684743304298
CC_CCEE76415B51,0.3121020206498627
CC_CD1326D52AE1,0.6695148132821274
CC_CD35EEA81CE8,0.2984257055212008
CC_CD373485942B,0.08348886057152242
CC_CD379DD39658,0.2937553292713635
CC_CD37D5CF0EB0,0.17094356282464118
CC_CD380545A7A4,0.07530237722773885
CC_CD3A378249BA,0.221223920436397
CC_CD415B1C7741,0.03543475793988093
CC_CD4976814F28,0.03405005412126784
CC_CD4F5F1C357B,0.25440677512483384
CC_CD54829713AF,0.07518330747124045
CC_CD5E3556D5AB,0.16812740677658236
CC_CD6C797F3C4F,0.06647356280428152
CC_CD7BA8F6C4BD,0.11356045654947933
CC_CD8352F0478D,0.18625181044989497
CC_CD972E578564,0.7835717555175015
CC_CDA1B20179B6,0.1144567770108603
CC_CDA2A36B81B4,0.24483167450767726
CC_CDF6354EC332,0.06578874681139708
CC_CE01E17132E0,0.029566111844700038
CC_CE1280B30475,0.13519212698282507
CC_CE134F878294,0.05096769073710704
CC_CE229894AC00,0.10530940611977732
CC_CE26907B9D30,0.4429703000510906
CC_CE2755B42DAC,0.06335941758758566
CC_CE2BD7F74421,0.26857726917680746
CC_CE3784121355,0.14097407183333277
CC_CE41F9FF509E,0.19796295488036908
CC_CE5AF0E9A157,0.06750920295995122
CC_CE5EA019DCAA,0.06979195889986345
CC_CE6460FE39F6,0.12054687208433187
CC_CE72D1734761,0.6436926704161413
CC_CE7FC560768D,0.3469491383635943
CC_CE871DB3950F,0.3160300716101281
CC_CE8D1564C4F1,0.13781618960880865
CC_CE93240526A9,0.2869572470090468
CC_CE980FCAB154,0.2837626451970392
CC_CEA0FAD348F8,0.08229295020946817
CC_CEA369A3451F,0.0553416424831268
CC_CEBA67081418,0.23044220265035165
CC_CEC0C00FE770,0.5438238023299142
CC_CEC3B21D2982,0.3925718715226488
CC_CECEC680F701,0.1697908353700367
CC_CEDB263DB07B,0.03392505750862569
CC_CEDF9C14DC79,0.2533958341558901
CC_CEF23255BE06,0.05232754907572777
CC_CEF8C71C4E8B,0.4017004078311964
CC_CEF91FDD41AE,0.3945447510831866
CC_CF0B68684C3D,0.09259034045311829
CC_CF149865368F,0.10029049195430315
CC_CF2A7A5582C2,0.1772356381805652
CC_CF2B3E37CF2E,0.38180111552835394
CC_CF2F163CE005,0.15646059809556323
CC_CF3C063DF626,0.1762739912882922
CC_CF3E91DB8220,0.2785751742655873
CC_CF3FB5744443,0.7210505647798995
CC_CF4991B8EFE9,0.09604630007424717
CC_CF53FD3AC9AD,0.03184043122401263
CC_CF5A140B279D,0.19940627452093831
CC_CF613A7162B6,0.11038022474189713
CC_CF6A8A460B19,0.09900886789015609
CC_CF792E77A16D,0.046955985891728384
CC_CF7BAF373E0A,0.031815868787483055
CC_CF8B1D0015C4,0.14467255833407258
CC_CF8D0517B79F,0.07482623894967558
CC_CF92037ACA93,0.20222447856508474
CC_CF960A300F40,0.26509459641966854
CC_CF96B6335E6C,0.16709292476501414
CC_CF9880D67A7D,0.16877101497366578
CC_CF9B249283A7,0.6982720245511552
CC_CFABF7407978,0.19980870513697652
CC_CFB2AE99EABF,0.12830119097202727
CC_CFC0BC440771,0.12711096663802662
CC_CFC235739F25,0.5516532210021763
CC_CFC6E8954325,0.0521872912525579
CC_CFD37EDB214D,0.23589442510959013
CC_CFD93C04478A,0.5849888171591533
CC_CFE0AA5381FD,0.6028276605595422
CC_CFEB021AA137,0.04540959810176795
CC_CFF6E2A6A3F9,0.29276337711027806
CC_CFFDC4947256,0.1630877022230352
CC_D009368CE434,0.047666973462271126
CC_D02E59E08B02,0.040510557817658485
CC_D03848B7353E,0.04747950102448502
CC_D03A69B1563D,0.13718881575026692
CC_D0576802096E,0.08753205754435316
CC_D0582E0F3440,0.04832458014326673
CC_D059D0BEC5D5,0.3653353291138227
CC_D05C4A8F2A25,0.13282845389964443
CC_D05FBA9B9040,0.7099778101778752
CC_D0653EA71CAD,0.15705665362712704
CC_D076A984B786,0.1386315377073976
CC_D08FC2D99CF5,0.20006720726740174
CC_D09942A02904,0.1081546046298198
CC_D0A8EA2D37F2,0.14570280668592073
CC_D0AAD35C800F,0.11366564276794489
CC_D0D666EC0244,0.08816359984020966
CC_D0F3F68F4452,0.4828753302950755
CC_D0FBDE8ABAA7,0.09399755767679716
CC_D103D50237D9,0.22985702843705108
CC_D11E5A30CF3B,0.2638976035963106
CC_D122B30AE7CB,0.5420892349930125
CC_D1679B40D83A,0.0884301773895233
CC_D1760785D631,0.26038833883535545
CC_D18088587757,0.24423470630489122
CC_D184160042B7,0.3134049076271151
CC_D1886485E8B4,0.14307321627013334
CC_D1893DD5B4D4,0.09431382331714216
CC_D18B60E035CE,0.7452716974369372
CC_D191D099789D,0.07525842066753169
CC_D1BDB41E7FF6,0.0720055706223099
CC_D1BE2E6E9C9F,0.17815541611548563
CC_D1BFB29BF61C,0.07747272914279449
CC_D1C259F80E13,0.08566748676999655
CC_D1C63DA9CA93,0.10544724790536049
CC_D1C931E4F305,0.05534022886484482
CC_D1CE25F271BE,0.1430648287063609
CC_D1D2127A0C67,0.0517882261677443
CC_D1D31EA359F4,0.13528000501582615
CC_D1DB888BD9B0,0.11122669497670659
CC_D1E82B9DD102,0.15693688514464985
CC_D1EF68A649AA,0.12483795456853608
CC_D1F05E69F80F,0.05214064360267371
CC_D1F6FE158DCF,0.2547420582651968
CC_D205612FD566,0.6315366977900936
CC_D21474C31E3C,0.6873217197123221
CC_D2195A061A0E,0.6231186302954246
CC_D2199CC1CB08,0.027350935649955863
CC_D21FCD9DFE53,0.5501019048327991
CC_D233B2C8062B,0.4123766441040645
CC_D234CF2C21AE,0.6680709904916687
CC_D2373015DF41,0.04314002790245229
CC_D239CBE1012A,0.10631158459626303
CC_D2591377E980,0.7340180552797236
CC_D25E25C831B5,0.0727713800466945
CC_D262BB13DAAF,0.27592336862070904
CC_D272BC699F38,0.05618632328697529
CC_D2813C835750,0.7719324869301916
CC_D285B0D67016,0.020761810589197363
CC_D28FB525E310,0.2562898149453777
CC_D2AFEE04E96F,0.03423075510051457
CC_D2BBAA423304,0.1972661092739294
CC_D2BE8B4011D7,0.052357281177187354
CC_D2C49D2FEBF8,0.17676093374683527
CC_D2D09498D333,0.15143653829242662
CC_D2D187DA334A,0.12299638072309868
CC_D2D47A5386CE,0.26430924253528415
CC_D2E98F50621A,0.034270229710459954
CC_D2F265035F0A,0.04207973426716903
CC_D2F91355C6D0,0.15635268836301647
CC_D2FC934F8324,0.13808708614088025
CC_D3044C67CFFB,0.04612082462546971
CC_D313F2C49E46,0.33354968128312035
CC_D31FFB053D60,0.11212626038384356
CC_D336DB6323BB,0.3121443280924129
CC_D343A7CBA377,0.058362962149465604
CC_D345AF4C4B61,0.18205562027021932
CC_D34FA9410740,0.07853011783089184
CC_D354C5D1665A,0.158364155235229
CC_D35E96480AF8,0.30234392835643464
CC_D3616386D6D2,0.12652521095043673
CC_D365173E852D,0.7738330941518621
CC_D3683C6CFC5C,0.6528934756549463
CC_D373463038E0,0.04840530832138173
CC_D379CF8E3FAB,0.7276530688281875
CC_D37B4CA7F3D8,0.043121128585523506
CC_D37B5B3CA4BE,0.6811227814855457
CC_D39265D7B6C9,0.04822070672440133
CC_D39E3F732408,0.06105785111610022
CC_D3A7B21165B3,0.2955660168263003
CC_D3A9028A4660,0.04185603802448357
CC_D3A948322BD5,0.7042834265188699
CC_D3B95DB5E6C1,0.2775487240683904
CC_D3C8C5014D5C,0.18262300640648865
CC_D3D80929AF52,0.09160871498561196
CC_D3F25136073A,0.18648387126626403
CC_D4102AD032BE,0.22560504258206457
CC_D416EFCEAD89,0.04041327554268912
CC_D41C5030494A,0.688771375713233
CC_D42E477596A3,0.04680321310403253
CC_D432C89BADA8,0.13315677454559097
CC_D434638E9569,0.10998235087027824
CC_D4518F98BB77,0.08628042175541906
CC_D452847F2A4C,0.0824586283952355
CC_D454056F92E6,0.23978186462553858
CC_D461FB973AB2,0.8204763410182866
CC_D462250B13D3,0.41304431116546225
CC_D48E686A834A,0.6875730124630838
CC_D48FFD985E51,0.06973331648059032
CC_D49263A1BDF7,0.11507657027733471
CC_D49668C65C33,0.02732111098849592
CC_D49D9C57A849,0.09241325434679717
CC_D4A029A150E4,0.1806212053533438
CC_D4AC998C0BC8,0.7110952444192408
CC_D4B02AAFC697,0.12536670725725851
CC_D4BDF0F4FE9E,0.10693928168396308
CC_D4BF2778371B,0.1704385906259706
CC_D4C0F4DB3501,0.16485075695865936
CC_D4C6DD8A364F,0.1386490127226975
CC_D4CDE2A1E174,0.15881206196252023
CC_D4E7EE35695B,0.14454442909182752
CC_D4ED652E86DF,0.2973877966226047
CC_D4F844B54B84,0.03400940762695004
CC_D4FA0055DB4A,0.03310309686244078
CC_D4FDCBAFEC74,0.7166354910420601
CC_D517D90E105F,0.08922630988069524
CC_D52B87A01028,0.22688805699042003
CC_D530C3D1DBF8,0.6553174705490099
CC_D5327E41EBA2,0.10239583696081239
CC_D53C8BCA531F,0.0787927858910028
CC_D540C7ABF683,0.6945127978050346
CC_D54105FC1349,0.3516345595405653
CC_D550CE8B9313,0.7425919214041816
CC_D55C5B432387,0.1698892251400227
CC_D5646FCC5E14,0.5761573406765511
CC_D56F34613338,0.12555325288240432
CC_D573AF0F1674,0.10439162677293849
CC_D586E2C2B3EF,0.18414594980791338
CC_D589E388CA02,0.058758792783723486
CC_D58EBD954E68,0.3157489936019029
CC_D59AFE884BDD,0.47455927961346844
CC_D5AC596A85E1,0.16031171911353245
CC_D5B99B578573,0.042421058288391586
CC_D5CBF4A4D3B3,0.09243579228811968
CC_D5CE05EAA837,0.20151123114172886
CC_D5D36A6C8DB3,0.07491089621899454
CC_D5D8D545736F,0.07660402506737385
CC_D5ECFAF8C1A3,0.05678947113847719
CC_D605715F737A,0.13707932658273247
CC_D617428B4B0E,0.3942494606159471
CC_D61E8E5C4414,0.1357201381124843
CC_D652B5F05769,0.17140426764020172
CC_D6564D0CB9A8,0.1913046770361109
CC_D66183657419,0.06347794924114301
CC_D66BDD3E1AA7,0.1065904117670099
CC_D66DA331534A,0.09412857931311623
CC_D687A780C0E6,0.04059755476712822
CC_D6AE871A4C9C,0.09569210221877336
CC_D6B7AF1FBDD4,0.4887705429716981
CC_D6B874308353,0.6078292630016922
CC_D6B8F47FE484,0.4894363494872444
CC_D6CB1BFDCEEA,0.127095545594745
CC_D6D47D7E1C51,0.03300467654191339
CC_D6DE060699C6,0.13635427586677437
CC_D6E06014457F,0.8035216543204321
CC_D6E8E17EA449,0.3192874967137421
CC_D6F216AB1C4A,0.1513762972021142
CC_D6F5E3A51C8A,0.0972567841015427
CC_D6FB3B76D7A0,0.5980698775838001
CC_D6FBCD4BA3DA,0.2802296241592698
CC_D70918916097,0.531767337976454
CC_D73B1B9B81A5,0.0410731714460935
CC_D73E9E24BB48,0.11811679626082319
CC_D74AA0F20466,0.12455162471462922
CC_D750070C44BB,0.7319820036775232
CC_D7529675CB7D,0.16368600842055495
CC_D75C8CDB510B,0.6596335319305522
CC_D76009C47709,0.29094233634647243
CC_D771775A58F5,0.18224517863141382
CC_D77F9D613EF7,0.18288126882419875
CC_D7999C3EDE22,0.18390544314247936
CC_D79BF1D26499,0.18794866194624155
CC_D79C05885899,0.11843475601787212
CC_D79D4F15D10C,0.02793958576873783
CC_D7A11E3512D2,0.05098692871737612
CC_D7AD7A7279C4,0.15206722415698856
CC_D7B35055AF0D,0.1799779834811121
CC_D7D99409D57E,0.3120771504146319
CC_D7E403181D8F,0.12693593743806755
CC_D808C7BA9399,0.1253589955517303
CC_D80DE8B544F3,0.03815192089653553
CC_D81D19AEFB77,0.031457421892545946
CC_D81F317F6384,0.13933398492859117
CC_D844D9DF962C,0.06533840550481185
CC_D847D978387D,0.038848857704508175
CC_D85C7B85C440,0.24163514572194916
CC_D885591596E7,0.08483682142479669
CC_D887D07BDE23,0.41068295840150826
CC_D88ACC0CFDA5,0.10133680490064884
CC_D88BDD0F510C,0.05243813623530182
CC_D8956424CB37,0.39248742338774434
CC_D8959BB99A7F,0.27400112485705225
CC_D89A9A14B5E8,0.05145469545520267
CC_D8AD01F3CCE7,0.04927899448250147
CC_D8B4122DC296,0.11203769230718799
CC_D8C38B187875,0.7176686834509166
CC_D8E55509595E,0.04648366331672232
CC_D8E6B90C37A3,0.1091467596277226
CC_D8F1AECFCC2F,0.05749149045892153
CC_D8F7672C70D7,0.0288594518336344
CC_D8F7E904E7DF,0.15791259761847512
CC_D8FEF1C99F88,0.6718343672380959
CC_D90761F9E9C9,0.41142334523825996
CC_D90D9D5C8FEB,0.08230329396290484
CC_D912917A4F4E,0.7443408044796919
CC_D91ECE64FD0C,0.10094009762299433
CC_D9325E5695D5,0.03843778641842991
CC_D9563654A397,0.19481913891830377
CC_D95766A6C24F,0.10359605072842148
CC_D95939B1BBFA,0.05022742448552382
CC_D96729C38BC9,0.07096977632743104
CC_D9791EFF766C,0.22596687362419093
CC_D97AA7C54F6D,0.10505722493375305
CC_D98BA5CE8EE6,0.4792496835649944
CC_D991DAD5413D,0.1500350808953555
CC_D995C89AA359,0.2006672713663608
CC_D9A54F55AD6A,0.11162812851285761
CC_D9B87A96C353,0.22676041671378705
CC_D9C42B0B6A0C,0.17456436667034003
CC_D9D487E78FAF,0.674391686601613
CC_D9D744A66B09,0.10925965907002072
CC_D9DA3F6E2E7E,0.1495161693000917
CC_D9E5792258E4,0.07188971848660992
CC_D9E6B9CBEB77,0.04758557090078909
CC_D9F0CDB02AC6,0.13426992807081656
CC_DA0201D1BCF2,0.10259007685244659
CC_DA0500AFE692,0.05440145306756666
CC_DA0E0BD3880D,0.3191600294973182
CC_DA10F53AE655,0.6527844642836892
CC_DA1643A835A2,0.08973377308734183
CC_DA1C5BAB7E35,0.5450300589694279
CC_DA1DC6A6371D,0.21571530651868398
CC_DA1E6B31DD2A,0.6574806334699581
CC_DA1F282809D0,0.030038448971131716
CC_DA226442D919,0.7312329142077448
CC_DA31EC318B1F,0.052663657395748464
CC_DA33597C6459,0.1568860264558593
CC_DA43CFB5CC2F,0.19372438767888983
CC_DA481C72B8A4,0.2508388068341914
CC_DA55447636EB,0.043477966469639154
CC_DA5AE34842E3,0.07350184643003525
CC_DA6880B018AC,0.1537267238094958
CC_DA700A961616,0.15114584481895954
CC_DA7E65F1E6AA,0.06696608941654587
CC_DA80FAA7FE30,0.09888569601666033
CC_DA8DCCC1199D,0.3147260302502308
CC_DA8EA724C1D3,0.44019145826103767
CC_DA8FA65D1924,0.03219999088770955
CC_DA99D1E41C3E,0.049172223827076075
CC_DA9C3BEFD0B3,0.17292441255224555
CC_DAA3B7FE1C62,0.0672918810191836
CC_DAACE4211B34,0.15324227708189042
CC_DAD239E56638,0.7648811475050101
CC_DAD4BC090253,0.07570711053926836
CC_DAEDBA26BA12,0.3071047227146372
CC_DB1EB08EB40E,0.13478078260257362
CC_DB2314ED6960,0.06865338589911496
CC_DB25E05EC5CD,0.4418356595220946
CC_DB3BE0C87882,0.0515441714874446
CC_DB44628BC147,0.17894246988102228
CC_DB562E602BA8,0.1054734877002611
CC_DB61D7F5F8F2,0.6984623923939095
CC_DB6498598C32,0.17160594616479163
CC_DB6B59FB6E30,0.039069931246761516
CC_DB801B947698,0.26492221941782473
CC_DBB8C467FF1D,0.11609128303920324
CC_DBCD21C2C322,0.0734566077340536
CC_DBDB148E45DD,0.09065881594336166
CC_DBDF9BFA7E87,0.08449658114750125
CC_DBF5CD2D854F,0.21321287913269765
CC_DC0077DE6E39,0.18346759485102712
CC_DC23159A1F99,0.05936219000404366
CC_DC2458827FD8,0.2233353141047095
CC_DC2BE35D58AC,0.23461671825300695
CC_DC49C8D3F7EC,0.5571496290047602
CC_DC5DE66826E9,0.10614395090677636
CC_DC6063FC6464,0.06743905812560465
CC_DC771AE1B4BA,0.6699153399984619
CC_DC7DEBC30E17,0.42044462024083173
CC_DC978F3A711F,0.656743757055906
CC_DCA2140C7BC4,0.19550015210443866
CC_DCA5CE7C9DC3,0.15374560881167793
CC_DCB5798049B2,0.13674990926580985
CC_DCD10C95C942,0.5332832501192665
CC_DCD145E8E729,0.27635440472653666
CC_DCE0BFC03B86,0.03878105481575813
CC_DCE75AE2FB52,0.05719155253911072
CC_DCFCEEF21BA7,0.3604376975608339
CC_DD12A8C462FA,0.05356396235403021
CC_DD14867350AC,0.17924995423061982
CC_DD232BC8881D,0.1880934958016996
CC_DD2473D34D68,0.20833985701219238
CC_DD2B5C4CD318,0.05229006350095819
CC_DD4EC06C3A92,0.26066173510700374
CC_DD5299DA8C1C,0.08052661386476131
CC_DD59BFF18ABC,0.15777154002514168
CC_DD6777E1B05C,0.05040238045735334
CC_DD6EE1501B89,0.0902105603877767
CC_DD78B52AE022,0.1228032441842449
CC_DD7983A07B43,0.633502915691511
CC_DD80B5CC495F,0.09886193284526962
CC_DD8956B71825,0.6515764447104088
CC_DD8D40E7E2A9,0.08416777352501766
CC_DD9972D0B63E,0.11186808950594929
CC_DDAE70634ED3,0.09254865110719576
CC_DDB4A9FF2B03,0.09153211003194842
CC_DDB68302DA2A,0.16713669535016745
CC_DDB9DEC9C037,0.08131524601677804
CC_DDC610D2B2F0,0.049241406837881585
CC_DDCAEC6BD9F0,0.17687209713830726
CC_DDDF665EBD93,0.2782775104225746
CC_DDE66EBF2157,0.067397719490961
CC_DDE8B7E9C7F4,0.3078282286903979
CC_DE019FC36D28,0.3547509438264681
CC_DE07076B04D5,0.14178529211674654
CC_DE07AECD2361,0.03039203424926037
CC_DE08A4514010,0.5822642836856459
CC_DE093FAC5293,0.4745766466986847
CC_DE17BC1C2324,0.07622230083130745
CC_DE1B13B3E504,0.02976989196790583
CC_DE4264861B73,0.08938342718436329
CC_DE4810B88C51,0.276685162754325
CC_DE4EE8A16896,0.13710850606978248
CC_DE523A2403BB,0.09793837381607601
CC_DE52860CFBBE,0.21424262835467178
CC_DE593193FB9C,0.17500151613117115
CC_DE5A9B499ED4,0.08442556774901283
CC_DE6AFFA63ABD,0.06969857969026581
CC_DE7CEC14CCD5,0.7167396854350161
CC_DE7D7B5BBB14,0.6635054361347333
CC_DE81AAB7BF48,0.0638132196360883
CC_DE8956D433E2,0.6374536330871992
CC_DE8FB8D1CB71,0.35294505458658687
CC_DE90D07B269D,0.20436345375093215
CC_DE9A62529780,0.14053998504676724
CC_DEA425EA8441,0.1205648272976812
CC_DEBE01582EFF,0.18698121079112223
CC_DEBFD4E79A38,0.05557955094975272
CC_DEC97F13CB8C,0.1864837275821118
CC_DECF1507C86D,0.15002355150195823
CC_DED24C8D047A,0.09930374595005048
CC_DEF4AEBD31C8,0.19035750039068033
CC_DF062F698349,0.09705660437350122
CC_DF13D5CB626A,0.10180443592239952
CC_DF15C526CDC5,0.03997740247930009
CC_DF1F6C68F7D2,0.14890376270408265
CC_DF3EB88F509B,0.08494617316017344
CC_DF4E332C886F,0.020497864204610944
CC_DF514171DC30,0.15758822852693594
CC_DF536CEAE5C0,0.04641366951941269
CC_DF5806CC2CFF,0.1175431277323217
CC_DF715690EF20,0.19631713256665828
CC_DF718A37AF15,0.08869941825209221
CC_DF7276DD74AA,0.11166094027457203
CC_DF750B2D6872,0.28093245715052084
CC_DF9FB6670627,0.06104990447913511
CC_DFA65A0125D9,0.03889430617738305
CC_DFAE355359B8,0.17610486137236958
CC_DFEA562F7BCF,0.3082610901141945
CC_DFEDAF0F0D6E,0.03570219495761964
CC_DFF6F74C64B5,0.6513231673446856
CC_DFF87DF16763,0.10928326006595047
CC_E00D8ECE9FA9,0.12969095677039505
CC_E027E36615C0,0.516556653929371
CC_E02E23CE49A8,0.07817519000889207
CC_E030B3AEBF19,0.14277789921823647
CC_E031A4C862C1,0.17006925824586216
CC_E0339B331F4F,0.0969199653906545
CC_E038981B2FEE,0.1279559941487227
CC_E0463868968B,0.149420470083481
CC_E05A8621B581,0.31237166615470924
CC_E07FB0312232,0.14078097698879324
CC_E088594E0624,0.23472323029791417
CC_E09AC3B1E534,0.09357952980374493
CC_E0AC29AFCF97,0.1685870238174957
CC_E0BAC6E0D0DA,0.08292062316556757
CC_E0DDDA07F0A1,0.16050173344639485
CC_E0DF45AB72B6,0.1928932811032097
CC_E0E1F8E7379E,0.11346190036158393
CC_E0EF095444A5,0.15399827052517798
CC_E102E4F7F8B4,0.2215880021743561
CC_E109B4CA6A8D,0.13421301403536393
CC_E11470A2D92C,0.40102745093303743
CC_E117B8A6ADC6,0.02665033287453773
CC_E128015073F3,0.06107223054270754
CC_E131D5EB9237,0.18991090698242769
CC_E14A24095E9F,0.1043659371708506
CC_E14CADF89123,0.5248073440716705
CC_E16876025011,0.04943079725255249
CC_E16C71C15D04,0.6861154533216746
CC_E16F1BB83653,0.052038040292475184
CC_E17448FB08EF,0.5399329521258114
CC_E17AAACEB07D,0.0785561048709264
CC_E1875522DC57,0.18774148293226667
CC_E18A0734641A,0.0990412176958002
CC_E18A22453843,0.05937154281401648
CC_E1B4E3360C0F,0.17548395934423927
CC_E1B5AE645169,0.04952489815024523
CC_E1B71F6B7DD2,0.3027858933213856
CC_E1D073F693A2,0.29722977000013323
CC_E1EA83C31C66,0.09888269132815763
CC_E1ECAE226485,0.26207581596442614
CC_E1F0C5076481,0.06523184317258442
CC_E1F78CE289D8,0.03552044677304474
CC_E1FBCECE0A54,0.23607551443588637
CC_E1FD46CA26D5,0.09105625614628243
CC_E20E7C7164A6,0.7114921724986157
CC_E211E2698C14,0.02862246657614287
CC_E21B4F587C45,0.13354422416015654
CC_E22A278A1386,0.05175456858499754
CC_E24078C03B7C,0.14909046635292608
CC_E2452737F950,0.13489569811655103
CC_E246119AA09C,0.5868781051269206
CC_E246942C7310,0.07660744333434337
CC_E2474A334F3D,0.08701270464276269
CC_E2489637D0E8,0.11367215546540149
CC_E2521AF9C2A2,0.06777140117931338
CC_E253F4AC4762,0.5957354703005276
CC_E257805D0F0A,0.1826082050577988
CC_E25A924EDB70,0.09059172638161508
CC_E25B5D5502AD,0.10374474552229698
CC_E2619E24BEDD,0.6843111614273271
CC_E274DAF3C064,0.07049762215672359
CC_E2787CBDFBF1,0.1402789868072047
CC_E28AE2E68BB7,0.6663452084341422
CC_E2C3E272D059,0.23139994084819498
CC_E2D653061523,0.4229285436151444
CC_E2ECDC7D23EE,0.12900219884829858
CC_E2F0E725C3AB,0.06157137852427015
CC_E2F7712CD056,0.18696856985918067
CC_E2FD7FCF0AD5,0.7941667667652786
CC_E308C7DFB2F2,0.12489619239839411
CC_E30B791D5F11,0.2112431823297892
CC_E315F7A94400,0.3412330690385596
CC_E31DAB1E73F5,0.04783279491432206
CC_E32034C97E83,0.22338174754585255
CC_E32DBED5EAC1,0.2464073416447199
CC_E32DDDDEE3CB,0.2093636560353228
CC_E343EC3EB052,0.6787327086529569
CC_E34A04E78D60,0.12416219115571553
CC_E3503B565AD0,0.27005864334313134
CC_E356B05ADD56,0.19879849690435136
CC_E35D02BE6780,0.016552139582532363
CC_E369AAECB2B1,0.49775298345221597
CC_E36ACDB4F96F,0.4449254846983501
CC_E36C7F0E1657,0.8239330384015764
CC_E381FD4674D5,0.03204209643310761
CC_E38E3835121E,0.03882134294264954
CC_E3A70438A0C1,0.26396068583651566
CC_E3B5C76189F3,0.23111724675719775
CC_E3B7B7E57889,0.18142536229901446
CC_E3CCC0D886D9,0.21034510505165643
CC_E3DD8AD10171,0.33009663591953925
CC_E3E230CF20A1,0.2052054094418324
CC_E3E4B2543CCB,0.06957363750065151
CC_E3E5DF01E014,0.17535731924755965
CC_E3EB157288A2,0.07742660322217328
CC_E3FBDA203EDF,0.1673170510451899
CC_E404FCA6CB2B,0.6911327489674134
CC_E4054F9C8442,0.2667589830167123
CC_E405D808772F,0.03773242852078072
CC_E4137B250609,0.41215867301785125
CC_E41482A7E968,0.051302119758349946
CC_E421FA1874F4,0.11094618363941043
CC_E42C38BBBD04,0.1658346245335718
CC_E42D90BFB285,0.03682916538103245
CC_E42EFC05C891,0.07916882245439472
CC_E430F3C75969,0.10180384788126073
CC_E4576D6B6478,0.10584530826051829
CC_E46B27A13728,0.3975454458022747
CC_E4783FB590D4,0.17599625236492467
CC_E489009C6500,0.14785422532758907
CC_E493CB46177D,0.08466820152512258
CC_E496AFA9B40A,0.33147059643786203
CC_E4A2FFE0EE1F,0.11086029142271495
CC_E4C553538385,0.3176718631673834
CC_E4C7B5501ED1,0.11920388817939984
CC_E4C8A5A60F51,0.17344837722570983
CC_E4C94AB69214,0.3919862139180078
CC_E4D75244E8B8,0.18499758143017897
CC_E4D9A8EEDBAE,0.20579134115340494
CC_E4DF787730AA,0.13892861196819867
CC_E4E0DC070132,0.15921332609577205
CC_E4E3C08B7F86,0.04694650143151875
CC_E4FEEB4389C9,0.32942316188622733
CC_E50598344DD9,0.41198490001714677
CC_E50C634A9A18,0.02738103037327795
CC_E5107337FDD7,0.038449374901130914
CC_E511BFCFEC9E,0.6913600505117725
CC_E51318749E09,0.11786560534431581
CC_E53FE6708AD9,0.6886554109613603
CC_E54290FEA34D,0.09758284281484189
CC_E54B723C018B,0.03729992518006633
CC_E554618F383B,0.10638698189024472
CC_E557336955A2,0.11965393920941866
CC_E55B48E73651,0.21570413742508282
CC_E55D8DC645B9,0.056346596059736416
CC_E575DA02C575,0.24217365945644526
CC_E576BD98A727,0.20552453852711605
CC_E578DC77656B,0.13061327159224637
CC_E57F3EAFD9A3,0.1357416624081781
CC_E59A01603B7D,0.2881520316635623
CC_E59B2D974CB3,0.1657353583206383
CC_E5A1C44F0F07,0.6095553229656471
CC_E5A8BDF6BFC1,0.16629376935747683
CC_E5B284DA0E5D,0.07885764004941541
CC_E5B8363BB378,0.6102065694229961
CC_E5D8BFFA5F88,0.05535927552782322
CC_E5DA04902EFD,0.32046302618524747
CC_E5F53CFC20EC,0.08477266201416195
CC_E5FAECE63C59,0.5212349162140724
CC_E5FB6E872C58,0.07481543026372939
CC_E6045565E7ED,0.08609795976922589
CC_E60845ADC7F1,0.035639577880001216
CC_E61567D6B392,0.11410538016176505
CC_E62174AFA94C,0.1302077591192194
CC_E6247DD14641,0.08818996349062694
CC_E6289A61F0ED,0.06831573454168803
CC_E62E32FB6FBB,0.026179665080751577
CC_E62F6BE942DC,0.2517905440767332
CC_E63E49B128AE,0.07319820744651301
CC_E63F89885A3E,0.7783821006086236
CC_E6466E6A92CB,0.22027348638598676
CC_E64BC95F8B2A,0.8451850224499069
CC_E64C652BBAB2,0.08182407121786563
CC_E659DB355476,0.15972501974077224
CC_E65C8BA5A7CE,0.059424824565478124
CC_E65F39446752,0.3573284928331382
CC_E67395791589,0.18098864365757017
CC_E67622A69EEF,0.07884464893153595
CC_E680830CAEF3,0.053748145471712035
CC_E6823643AC4C,0.6649566625543517
CC_E683F33931BB,0.11882195997371983
CC_E68841DEB163,0.06770556775500347
CC_E68B2C33D180,0.15083813837782997
CC_E68EE6EC2618,0.03624229704443289
CC_E69508D3D3F1,0.23506861075328378
CC_E698F1348426,0.19902448901130396
CC_E6A178F3709D,0.12279629533437711
CC_E6A4B6E8619C,0.6708635816613521
CC_E6B3887C66BB,0.2893720121561135
CC_E6B6BBBDBEDB,0.31601693097955313
CC_E6DBD0F9DC3B,0.06066895483909909
CC_E6F090F70DDD,0.33931557643324906
CC_E6F2D8CB45C6,0.10331434959542352
CC_E6F8FBEDA2A7,0.06696050260837307
CC_E70854CDFE9C,0.04759728086120804
CC_E71C05F07F85,0.05781484267065412
CC_E72797CABC60,0.08030966198331921
CC_E727C1153226,0.0891278803565464
CC_E73489D828C7,0.12158402030823293
CC_E7355465CE6A,0.06516637717523457
CC_E73CDBC743FF,0.20862653991120977
CC_E74F00E75A4F,0.055152648129217066
CC_E751F7E19192,0.14813922548460776
CC_E7522AD6431A,0.5620495155378887
CC_E7523630D2D9,0.26737424276167565
CC_E767372DD95A,0.6069243329862768
CC_E76C5DFD3BA6,0.1968509803664677
CC_E77326438575,0.2013029976817799
CC_E77E29E11EB1,0.16031914776641737
CC_E78F20B3223F,0.6957171980554828
CC_E79A23E64518,0.09595337555298575
CC_E7AC69AEA182,0.7398880005190492
CC_E7B754CA9668,0.04015471485280975
CC_E7BA60365AE8,0.16064032417882512
CC_E7C95D4A741C,0.06242664193783477
CC_E7D3D728EC5B,0.18081701104424153
CC_E7E4D5F851D3,0.06527323038710942
CC_E7EA49D37B64,0.3517647148985632
CC_E7EF11A24F73,0.7830008231380912
CC_E7F6F9A7EC65,0.07578589129235898
CC_E7FBC7F69DBB,0.20603181453483616
CC_E80B1A55A74D,0.17989830937279275
CC_E824AB0AFDBB,0.19412251838121553
CC_E826DAC92D9D,0.2398614346421073
CC_E83AB7100D06,0.13511106182477672
CC_E83E6D31EC76,0.23645283388137137
CC_E86650461FBE,0.16624606769835226
CC_E868A3754B11,0.8288354720609477
CC_E86A993F7D05,0.08393175671264488
CC_E87992FBEE80,0.6279945773200415
CC_E87B909C4DDD,0.2079109987565888
CC_E8828BA7EE08,0.12043373728171222
CC_E886157F6FBD,0.33294464874154467
CC_E88711C5C98E,0.11323244741190158
CC_E887680BB6CC,0.18272291066336177
CC_E8909BF77D8D,0.09927664994623142
CC_E8A82DA3A246,0.16293495503582064
CC_E8AC7545DBD3,0.07760932101705843
CC_E8BA6B224C3E,0.10739241445621227
CC_E8C6CA45BF72,0.183162498794688
CC_E8D2E3126A8F,0.6847922149579618
CC_E8E55DAC4FF9,0.04341176333434198
CC_E8EB77AF3F78,0.8303251940810725
CC_E8F2C6905503,0.38693288926035097
CC_E90831F897A9,0.17345880946144906
CC_E90B14D51185,0.5499491628332203
CC_E9188329C9E7,0.07720554222789038
CC_E91E1C0C0C61,0.6242074708131181
CC_E91E9D34C5F3,0.11009135543169474
CC_E91F555DBA96,0.13770314040577536
CC_E932CFF4B4A4,0.2389602980335395
CC_E93643CB34CA,0.15609639415692694
CC_E937CA493910,0.13936623605361978
CC_E9409A50B4BF,0.5395130523139526
CC_E96711AD5512,0.05111423417673604
CC_E96A3E6912B4,0.49586756644597973
CC_E98AEE74B9BC,0.19974614248439188
CC_E992FB78BC2D,0.25561571370064623
CC_E9A3AECEE3A9,0.06933853246705408
CC_E9BDA7766728,0.2977345607981281
CC_E9BF1AFE86C3,0.19971645742075161
CC_E9CA055AD1A3,0.09575942737567206
CC_E9CA0A56E917,0.21416871200881515
CC_E9D3453F53AC,0.6301181628674887
CC_E9D46EFFA839,0.19146371160695042
CC_E9ED872B6037,0.030916150656826735
CC_E9F40C1B559E,0.10256987686361968
CC_EA06928C0AA9,0.2457186572308302
CC_EA0A46F64C80,0.09483018843274582
CC_EA114B15FC04,0.5120209322498598
CC_EA1F3F67BA2E,0.08818101963182838
CC_EA21618614D1,0.6722220700361231
CC_EA26B5A89181,0.2013560085471091
CC_EA26C6C27662,0.16804184029199357
CC_EA3B5AC76649,0.19766301742335757
CC_EA4E669C8528,0.07785839057822082
CC_EA6917E7A5C2,0.6774165486491164
CC_EA8A25862433,0.14724358744125315
CC_EA901D7CA670,0.16428700164847815
CC_EAA2BCE323EE,0.7345836990036577
CC_EAA6D5189190,0.10255773704480345
CC_EAAA8DD7FAAF,0.14979715275877767
CC_EAB7408CCE0E,0.28177868089012004
CC_EABEDB3C4827,0.13416698186371928
CC_EAC6D83D1BFC,0.027880974673541132
CC_EAD7F3E9DAD1,0.06021732441654025
CC_EADC7D8196C2,0.3100834490202846
CC_EAE608E24E29,0.03417303010556957
CC_EB05AD2C7C27,0.02497604489959956
CC_EB1DA337E2D1,0.13114026288489947
CC_EB1F425EC937,0.11258931858321655
CC_EB2FE764BF6D,0.12257657462242925
CC_EB55483587DE,0.10893244621264947
CC_EB569B3E2E12,0.6357839211442303
CC_EB57E6E6C96C,0.21274040169860214
CC_EB5A0FE0605C,0.14005383833227877
CC_EB64EC97D01D,0.11547101293821407
CC_EB691249B91A,0.18262922272980622
CC_EB7C50A7D4C1,0.48639311636505633
CC_EB7C52FDBEC3,0.1260649934432255
CC_EB86FED24535,0.26082560146438694
CC_EB89DECC2021,0.09665366499893874
CC_EB999F9D6095,0.19048834870339312
CC_EBA2F85924CE,0.059986778306389786
CC_EBAC5A53FD11,0.09182705014407364
CC_EBB109EF7619,0.16782723032376662
CC_EBBD00C18763,0.035021515956913954
CC_EBCA68C7854D,0.06896057071361562
CC_EBCBDE122879,0.14770090066803865
CC_EBDF6C88BBA5,0.06068112959282958
CC_EBEDAC91ED43,0.09847906590135533
CC_EBEEC4183FDE,0.04487014588526536
CC_EBFD9D007253,0.46834614311294587
CC_EC1ABC58E09A,0.15131757001940896
CC_EC26EABA68DC,0.8044205178321943
CC_EC2A485A3E71,0.17710179409918353
CC_EC3B9E2FE47B,0.08837422208489104
CC_EC505F03EE5F,0.029056736681353914
CC_EC5317EC6706,0.17736727244209122
CC_EC5B7FBD1EA7,0.13921496727692087
CC_EC5C7471FFC5,0.05023251212412426
CC_EC5D92B3617B,0.1979039144586897
CC_EC5E214BFED0,0.6675096772485654
CC_EC6406527201,0.10262967891921745
CC_EC79022358C6,0.33937389623058867
CC_EC831A90189F,0.09500754693676783
CC_EC87C131FADC,0.055356159698837504
CC_EC88785D6F39,0.19633092514122766
CC_EC9173F5284E,0.034028826528036814
CC_ECB7B3B6272E,0.054064692105296935
CC_ECBF4CED56D1,0.11737340463556936
CC_ECBF80B94EAE,0.7847715530802133
CC_ECC78B7AE3F1,0.6088584254099872
CC_ECC7E9E691F5,0.15986247678849327
CC_ECC9235F612E,0.250751861633843
CC_ECCB0BD557DC,0.16386792048386592
CC_ECCCB1B4EA8F,0.08605991639084838
CC_ECDDF4983DD9,0.04284046042411964
CC_ECEE93C4F564,0.6075825875365907
CC_ED07BD8B2CB3,0.04965527897595734
CC_ED0F4A02A01C,0.24248798286664702
CC_ED11D72A1D3B,0.06335398924988656
CC_ED165FC5A06F,0.046402156695023664
CC_ED2B6A40ABC7,0.27397919984688685
CC_ED390F22A931,0.09055590838070354
CC_ED40E7CE5177,0.19241845217027237
CC_ED4E4B13DB1A,0.039367413628060406
CC_ED4F22572419,0.1534885734290472
CC_ED5AE5CB1DC5,0.06079485198039218
CC_ED6090A4E6E4,0.22660257768004113
CC_ED645D91E6A5,0.10462191087477518
CC_ED6B045B6075,0.17150709256820523
CC_ED9313C71C57,0.1591647071339245
CC_ED9BCE7C776F,0.7377990396028011
CC_ED9D4644716C,0.16204738419712011
CC_EDA794402358,0.2369736226805308
CC_EDAADACD4DED,0.12827759188543766
CC_EDBAD2E989FB,0.13333453780150112
CC_EDC98B474E76,0.2588903648128947
CC_EDD1FD49A66A,0.7700055229191454
CC_EDD448008C0C,0.6890476449280414
CC_EDDA3B790095,0.0621929353632934
CC_EDF95BF0E3D6,0.16423673266317623
CC_EE03D7C2BC69,0.07019799657636233
CC_EE0D95184E81,0.0391504482104141
CC_EE0FF690C214,0.4308135368250665
CC_EE2412C352D5,0.08217302671893856
CC_EE2A010019CF,0.055514942568094104
CC_EE2AC730827E,0.05571449151492603
CC_EE3236E6A9FD,0.11058409149479527
CC_EE3759EA49FF,0.16698259664948495
CC_EE38C78AD88B,0.40391203453749674
CC_EE3CE0FD6B77,0.5803883564800018
CC_EE6B7E58FC63,0.0367559087728655
CC_EE6E02464067,0.29786793594878647
CC_EE6E1FA7A753,0.13389078790397646
CC_EE6FCE6C233A,0.2003044490942763
CC_EE88C07B9333,0.08966224859983958
CC_EE9004165810,0.06650341628311549
CC_EE9BD17AD343,0.047910937857133004
CC_EEA608D5A455,0.15261881542657874
CC_EEAFDB1BB486,0.531640008692644
CC_EEB482736C41,0.2225094624383231
CC_EEBD9DA093E1,0.041652310892710986
CC_EEF23DDD2262,0.11772504723992896
CC_EEFBDC9AD94A,0.0740636656588119
CC_EF05000895F4,0.4856689195949151
CC_EF16B2CE0988,0.3687852220395278
CC_EF1DD3F0CBDF,0.05376928167707953
CC_EF2D82085BB9,0.09210901004196162
CC_EF2DBE79D656,0.23767379964482532
CC_EF3000C48A4C,0.0683170665065225
CC_EF359AF608EA,0.033480777244376154
CC_EF362432D758,0.34117337934549385
CC_EF548B30F1B6,0.2103752859514118
CC_EF5B403DFD7E,0.09375971227044093
CC_EF66DA0DDF9C,0.25973236336964173
CC_EF70BA4AEEC4,0.15421523632031928
CC_EF83DD56FCC5,0.07052596364071254
CC_EF8B642A6F8D,0.0668623822207394
CC_EFA1EB27DA19,0.03471135398242104
CC_EFAE84EA9BDE,0.0722416840246304
CC_EFB26BEA106E,0.3411306000293733
CC_EFBB51CD8502,0.23306499709409462
CC_EFC18E9B3B55,0.11769394402444408
CC_EFC4B0020E2D,0.1264770017752517
CC_EFC9FA5108D9,0.13091565504029065
CC_EFE45D9B9D9C,0.048983822080001696
CC_EFF27FA98DF1,0.06627316715153014
CC_F000DA497736,0.2447539857475855
CC_F00107DE219E,0.6851576824177678
CC_F009FC54A64B,0.7662461556759415
CC_F01DF28C6BFF,0.0823266010729516
CC_F037C91F63BF,0.11435246832482411
CC_F03FADA95A03,0.7422742261187999
CC_F05235F3C894,0.09725074553798949
CC_F0649FEBFEB8,0.4783408637544074
CC_F066C78B5C0D,0.1373260755795412
CC_F07313626618,0.6270126839436585
CC_F0783F6A56F5,0.7723807098320847
CC_F0791523691A,0.14863655686604854
CC_F080750455CE,0.05775159648547163
CC_F0809EBB0B51,0.02368368247435174
CC_F08259F86E23,0.1633700986434266
CC_F0929F859702,0.1772810965285792
CC_F0A7203CCA39,0.1574443239412995
CC_F0CD4DD9C63C,0.13198568353141032
CC_F0D29AD328E5,0.1524746437412559
CC_F0D339E5B80C,0.04926184476757854
CC_F0D3BC14FA77,0.07826506452176674
CC_F0E16D28D49D,0.1715215259900733
CC_F0EBE2C00A7B,0.05252735334865728
CC_F0F137758DC2,0.05225581678280217
CC_F0F6BD40CA43,0.31645898400156114
CC_F0F6FCF6010F,0.16511610435332316
CC_F0FBC9D4ECA1,0.02683480187423988
CC_F0FEE924096C,0.25824590654040325
CC_F1074E035DE6,0.04605498785518433
CC_F108D26930FF,0.3861094874389752
CC_F10DB853B9DF,0.4039677706505419
CC_F10E06D52D76,0.13820095363894264
CC_F11F5F477B91,0.6360414005571005
CC_F14913B5BE1B,0.7535136067892008
CC_F156C1647E3D,0.0692960575671781
CC_F1598097E314,0.6885758568003668
CC_F1641E3AAB3C,0.047115353645753956
CC_F166878FB959,0.049924637413476476
CC_F17540FE7C9F,0.11850787400067359
CC_F175BB08B29E,0.04793023138164254
CC_F1782AF286D0,0.36971198608940514
CC_F1796AD4B774,0.58175879420078
CC_F17B3A3A5E56,0.626886547054584
CC_F1858D6F0080,0.14973776080348492
CC_F18689FA8E29,0.07129693010252965
CC_F18A82B0F153,0.1355109153366437
CC_F1AE7142A128,0.11170485505408426
CC_F1B43DD57C9C,0.11924211934009357
CC_F1BCB7676492,0.07622836293682303
CC_F1C8B8BB90AE,0.12581911877243412
CC_F1E044CD2D75,0.24661274347764717
CC_F1FCB96B5E14,0.24818768678549202
CC_F2067E92A939,0.1469526220890174
CC_F21512554CC9,0.06633917564781866
CC_F243956B7575,0.07995567649090314
CC_F24FBC9FD3F7,0.31919861914132114
CC_F252EB3F208B,0.09953112848380227
CC_F25D793346CA,0.3959444654726836
CC_F25EB1ED5AD9,0.05084667168040263
CC_F265A0AE845F,0.7082112453260276
CC_F274BB4AEBE0,0.055535145691983534
CC_F28BF2185131,0.10346383669680975
CC_F29077E45AF0,0.22907029110252233
CC_F2988560CAB8,0.3469518085028831
CC_F2993AB36C56,0.07434792716003404
CC_F29D6C65779E,0.05630915930820156
CC_F2D2BADD0000,0.058083648186574646
CC_F2E4AEB73D57,0.10688456375097469
CC_F2E630BAF431,0.04690263961780551
CC_F2EFCB40AE74,0.15938709608625584
CC_F2F085891915,0.7214791183485882
CC_F3030E2C80A0,0.19935490256810062
CC_F3044C7C16BB,0.05530004869208548
CC_F30B21CB4603,0.10125023303140918
CC_F3140FCE870A,0.07924036102206897
CC_F32A84B321FC,0.19141963715818727
CC_F339FF584607,0.3112145268846167
CC_F33CEE0F6DBE,0.4106707760298981
CC_F33DAF3E9CF0,0.10556873146119594
CC_F34EC3FF202F,0.07672949457426562
CC_F35A6C383B39,0.17012919642029417
CC_F360E0FF27CA,0.06531108328027292
CC_F36B7AEC0086,0.10817712894373796
CC_F370665BECB8,0.5730890229124652
CC_F373A60E53E8,0.0259102268507698
CC_F373BDAE18B2,0.06951731126866445
CC_F3745BC63340,0.06434627807797001
CC_F37DC9169301,0.14355598165884798
CC_F394E57C5243,0.22964098903959862
CC_F39E98FD418D,0.07341294131219452
CC_F39F51452381,0.03451776476536655
CC_F3A52465664E,0.05065732802792577
CC_F3A8CF761A0F,0.2110084353944625
CC_F3BF1709E29A,0.4257804405265754
CC_F3BF72C29211,0.08491951198502412
CC_F3CF35465CF1,0.03681694191500212
CC_F3E2186DBD4F,0.2797315548193
CC_F3F0F9B9B56E,0.15569592128126292
CC_F3F185395BE1,0.13992301994020576
CC_F3F68E6599E7,0.06608442815645438
CC_F3F7763C9DFE,0.18399590076580327
CC_F3FFF13592CE,0.06175288440451404
CC_F410C3CE89E1,0.1698265047168867
CC_F410C8B811FE,0.06217194712219118
CC_F4132072D78E,0.11564704235805795
CC_F4157B8E5B32,0.5364594304953433
CC_F41CF067E828,0.11298086408982291
CC_F41DC456E539,0.030268772630303337
CC_F41EEF55A0EC,0.03948989666715791
CC_F426B5C1F07D,0.33674680320648737
CC_F437875F9000,0.20267699642325543
CC_F43C961F8A30,0.13642605576523514
CC_F43D9BF23472,0.05031316205123334
CC_F444BE033109,0.13321371623464048
CC_F4481124F17A,0.15089073536046624
CC_F44EAAF80F70,0.14018315536605408
CC_F4521F6D3492,0.5271063742541613
CC_F46BD9AB1B68,0.13565348413051007
CC_F4763AA0B824,0.5480119934386444
CC_F47976F33E20,0.20137194135508657
CC_F47E588D4470,0.17103774986722253
CC_F4A2777912C2,0.12276859564601464
CC_F4A6C2B23685,0.04838729067222891
CC_F4B3EAEEEA8B,0.03421210434438054
CC_F4C6CD1E720C,0.07207413628744097
CC_F4D05DA98C83,0.04780146590609047
CC_F4D15889CDE0,0.145261084255209
CC_F4DEC1E6173D,0.028359900283666372
CC_F4EFAD6AF8BD,0.2932885549911022
CC_F4F7835A1FA2,0.2205704515344314
CC_F500597795FB,0.1429734633723643
CC_F5197FA9580F,0.6829279309563605
CC_F5240F59146F,0.07195219236835179
CC_F534A0B87C3B,0.14853651330487935
CC_F536972BFE98,0.13215828948122593
CC_F54FDFE5A5C8,0.0854203729293876
CC_F55727F65F86,0.1921501323314435
CC_F558EBDCDD6D,0.1189758788604864
CC_F56D569AC51F,0.08883561517950511
CC_F5714D180EE1,0.1207124322978105
CC_F576ED9554AD,0.34015550246466497
CC_F57C2559358E,0.19966605171007318
CC_F5AA72FC0972,0.08776932387290862
CC_F5AE7DEA2B48,0.06754984584619954
CC_F5C6A5E9D495,0.15692800659464012
CC_F5E0731F2181,0.24167760438246594
CC_F5F4F3B03FE8,0.727330862404938
CC_F604D7B9CBD9,0.1665276600198583
CC_F60F13391D61,0.15902896739541877
CC_F618D72DF162,0.0661374690373567
CC_F620B15ACC5D,0.07063192398407475
CC_F62D426D6614,0.13134808772510173
CC_F634999D5C1D,0.0226039848990532
CC_F636E5BAEE47,0.1683959813857027
CC_F6461B692240,0.7199982489502608
CC_F65BAD63AED0,0.1721595687221928
CC_F65DD2AC57E8,0.27070847873195314
CC_F66C6577674C,0.04833795128172082
CC_F670896FE959,0.17481124819955685
CC_F67376F272EA,0.6967086415832664
CC_F67FFE9E884E,0.2800148568273858
CC_F683C99F06C1,0.16154809562638972
CC_F68523E2CE7A,0.753548541946118
CC_F68E62F9AA0F,0.021844476194336045
CC_F69604E05962,0.07843834029644568
CC_F6B8913740B3,0.10038639711973063
CC_F6BB4952DD35,0.31678033357140195
CC_F6C0B7AC57B5,0.6203617876335955
CC_F6D2B06E6E8B,0.5972690788684311
CC_F6EB30A84C9F,0.27400203732262873
CC_F70345A4792A,0.11878585164245106
CC_F7068C1F77B3,0.33506534434151947
CC_F70B0EA8C0E7,0.050362671656515805
CC_F71CC97FCE83,0.09764128684045893
CC_F722224A84F4,0.6463417523762248
CC_F72D1046063A,0.22874311623077206
CC_F72DAB32A281,0.04534522400042268
CC_F733AA5C0ED9,0.058835824862348896
CC_F74043C1BBEB,0.05716790251319739
CC_F74A31E36137,0.05718065938364714
CC_F756B167634F,0.1671213513365048
CC_F75CBE8E1B92,0.4964616013784356
CC_F761F7EEAD39,0.1349414615898093
CC_F79303D62FCD,0.07643406569431102
CC_F795134B52E6,0.6456107580628893
CC_F79533E83ECA,0.08667584788608919
CC_F79F9A7ED432,0.7577543918389194
CC_F7B2FC73E020,0.0367670934012971
CC_F7CF24594B20,0.053713306309182196
CC_F7D31937AA89,0.04026902906058323
CC_F7EFD378035D,0.40675990568044357
CC_F8014B1E00D6,0.03414130551481581
CC_F80ADE95A7C8,0.047676555318279384
CC_F82E58E476A9,0.0935530972850516
CC_F82EB123CC19,0.16116043083806653
CC_F83088660331,0.10188729581279422
CC_F83C6DF6A815,0.5730410801150456
CC_F8620C4F7581,0.15855616784612298
CC_F869F4DA5077,0.773692246220763
CC_F86B1C53EAF4,0.17381799310987917
CC_F87B7F26FF51,0.23065102857350875
CC_F8803D1C899B,0.04516432890925039
CC_F892E51AC9DD,0.038700097311670525
CC_F89C185743F0,0.10233771497166379
CC_F8A4D45C3769,0.08904499271086662
CC_F8AD68EA5A16,0.20644182086524715
CC_F8B4DBD0CE8A,0.35007595564578675
CC_F8F3E551F166,0.2603621242528062
CC_F8F9FE2C9B65,0.24845801841238113
CC_F912A50D0DD1,0.1644302254268255
CC_F91B7C2B1AFD,0.11081401856615186
CC_F925251D4BF0,0.371794749439097
CC_F925ADD60E7B,0.03273346849055968
CC_F9282C144479,0.05543763146748566
CC_F92EE3287CC8,0.07771980638133907
CC_F93332608FE1,0.16765909297655213
CC_F94070DE3B81,0.05648988031429804
CC_F94C81428D20,0.20635864065995263
CC_F95DFFDA9B12,0.392215027160982
CC_F96A53B02447,0.600199028707341
CC_F96A965CDCB0,0.6599618348806159
CC_F9721FEDBE9E,0.19103232041848026
CC_F97C3E145882,0.24061026158771986
CC_F97C64C64052,0.07572946641066226
CC_F98660A07E6A,0.7963249376020173
CC_F98BA4B13724,0.07290546324744289
CC_F9A3F3A76B1A,0.1412689139795521
CC_F9A8E2B3A703,0.12380550579150804
CC_F9B3E7E7F2A9,0.4362175126447416
CC_F9D7D0B1E4A8,0.6838111793708246
CC_F9EDA4EDDD44,0.04953796175547485
CC_F9F2176B12FE,0.0466055969211293
CC_F9F90E76CA5B,0.09156715468049582
CC_FA0157249C01,0.10704729137531503
CC_FA169BCA835F,0.05975924892636726
CC_FA19B61BCABB,0.12316054865014378
CC_FA1DD203C293,0.24799692256443856
CC_FA2E30269BC1,0.18548067920786743
CC_FA304CE8E045,0.19184090388761543
CC_FA310759A257,0.6623284265540605
CC_FA32397E7B8C,0.08497949347548367
CC_FA33D97B84D4,0.09899197894435818
CC_FA38991B9434,0.023268018634436623
CC_FA4079FFF1E5,0.20436716877519434
CC_FA716665CD8F,0.06839319775515383
CC_FA770268B207,0.17724096806714854
CC_FA7A2F59245B,0.4797825331369756
CC_FA8205104EBF,0.11932605379911135
CC_FA8370AF8740,0.048796509037462424
CC_FA858F1025FF,0.11243606698139556
CC_FA86320CF6B0,0.04792095378347305
CC_FA8B341CD3EA,0.20177420774509747
CC_FA9057AAF95B,0.08478169205728034
CC_FA97314C666C,0.05219990026550149
CC_FA974C1D91AD,0.35371738615684833
CC_FAA0E5BC9F44,0.7042418224853418
CC_FAA2694D8578,0.2709918053699692
CC_FAAFFC74BC35,0.6879195985422712
CC_FABA6DCF8E45,0.03460655901052066
CC_FABC53294AC1,0.16153610473824015
CC_FAC52B8E66DA,0.1095836426383183
CC_FAD284D8DAC8,0.8322318295761093
CC_FAE70CA5999C,0.13050458262662162
CC_FAF1CCB40132,0.09756001209864087
CC_FAF93D8B3B59,0.06487080820661068
CC_FB09E5481B64,0.0816930853506203
CC_FB150A1F7C3B,0.11985328476600526
CC_FB1808471515,0.374686661519823
CC_FB296D823CF6,0.0699727543196019
CC_FB301E1FA7FF,0.024365963958189733
CC_FB33C958A19E,0.41858441392825274
CC_FB40D63FC3D3,0.1880968698525124
CC_FB45A1837AD7,0.09974097902639463
CC_FB45B79CED15,0.10315186454868128
CC_FB52260232E3,0.05940265497016281
CC_FB6A0A7B8813,0.2522209228880707
CC_FB6ED10D82D2,0.09630528746926473
CC_FB78DE84AF05,0.033854554997637606
CC_FB8DF8F93E7F,0.17412456926111503
CC_FB8F89048B89,0.08413882193861566
CC_FB9C3E77A49E,0.11827736016611197
CC_FBA40CEAEA18,0.07487135376236348
CC_FBA998938FE5,0.16902721428570663
CC_FBADBAFCD1B3,0.2720085431090905
CC_FBCB85E21ADD,0.1670139940432961
CC_FBCD00EE4402,0.16295227078534247
CC_FBD40DFBA5D5,0.30575695152364746
CC_FBDECF3DACAE,0.2338864375778337
CC_FBE4E2F652EB,0.20951234914615777
CC_FBEA9510C687,0.2550515369937531
CC_FBED1E2E1CC0,0.15038609290826013
CC_FBF54E48EB13,0.06641566855853702
CC_FC1E279EF320,0.04992875052275306
CC_FC2E1D460089,0.09439863265543602
CC_FC31CBD20CDF,0.16928010525001264
CC_FC41D8134A1C,0.06536832248601233
CC_FC44D7EF257E,0.04600346571690494
CC_FC4A649BDD07,0.21480734332390897
CC_FC51BCDBB6B2,0.13067105773707874
CC_FC57B6E79AAC,0.19402447347256183
CC_FC6AA879D9CF,0.10405951817678288
CC_FC7A926F3A64,0.6461769406627249
CC_FC83CB9C71CD,0.02789239864556139
CC_FC9E6D511294,0.1357534814540861
CC_FCA657E69930,0.40472403910643723
CC_FCB451237214,0.787569974586403
CC_FCC7E51DF812,0.5597600722058769
CC_FCD42ECC012B,0.0408569407225475
CC_FCE8FAEAAEF1,0.10677738509637881
CC_FCFAE9BE2522,0.41905649536559486
CC_FCFDB5DFE5D4,0.10116818626524343
CC_FD24FC7961A5,0.08790210955994515
CC_FD2793DCB5EF,0.11203587443346101
CC_FD2EEF724088,0.12281724913864546
CC_FD3205367675,0.07912603800211915
CC_FD3A21CDCA7C,0.11982764392224687
CC_FD3C4C2FB68C,0.14167875028952243
CC_FD41687DC1A0,0.16508992073964182
CC_FD44B4E31EFE,0.09066819867475412
CC_FD5721556AB7,0.05741162672581134
CC_FD643C174587,0.3417012243353127
CC_FD6BFA30DD9E,0.2522793263619824
CC_FD7C9DD7F11B,0.1336122305840954
CC_FD7F2D90CF8C,0.05205045383067243
CC_FD8C4F601909,0.04676954222037186
CC_FD90B45AA24E,0.07111409075111201
CC_FD95457772AB,0.05466570115837292
CC_FD9D9B58DB1A,0.20441695356198986
CC_FDA918AEB5D6,0.624037294415286
CC_FDD4C2065540,0.32421098058135756
CC_FDE57A2C5156,0.17796714583806977
CC_FDE9920975F6,0.2335096969667207
CC_FDEC856F9C6D,0.053592077125994605
CC_FDEED2AA92A3,0.44336446641712973
CC_FDF5607ECC1B,0.03915224096948544
CC_FDFED3D7E70E,0.16638043005268344
CC_FE0324F99784,0.11647436183352577
CC_FE0A18D6570D,0.0394188227906076
CC_FE0DACAC84BC,0.24205735737201234
CC_FE16586C9FAB,0.25398561488064614
CC_FE16FBC86237,0.15330695300755925
CC_FE1C808C4515,0.054492127415697866
CC_FE1E64201B9F,0.11060760665564265
CC_FE33D60E29EB,0.02692392920247139
CC_FE3ACE674BEA,0.1558469482077818
CC_FE468E9AA9D9,0.020786617010203914
CC_FE5AA923C220,0.1642009309692987
CC_FE6C777DDC19,0.051282120040509485
CC_FE6DD8C8EC90,0.2315154261747402
CC_FE7A84AAA8F7,0.11448807455469143
CC_FE7DB6B410A4,0.11681102970691823
CC_FE8691B1F3D9,0.06631977947016793
CC_FE874279A94B,0.07372695347635164
CC_FEA61499305D,0.17884519761624634
CC_FEC22B334AC5,0.14905877953427232
CC_FF045F9508F2,0.18455978095221018
CC_FF0EFF711598,0.24201579557880998
CC_FF12F53D5676,0.03983631770815811
CC_FF13D426EC1C,0.16401671239364085
CC_FF16A7C8600F,0.1943190305826581
CC_FF2236DC115C,0.42837154123679955
CC_FF2725428B6F,0.07652088419802446
CC_FF3176D91690,0.10978025348612111
CC_FF393D295D66,0.04290622519570048
CC_FF4598202C5F,0.651368837806911
CC_FF463A4B3D04,0.3137182240196336
CC_FF4703F7664E,0.04520942505207184
CC_FF86EC3C0851,0.48003852908361566
CC_FF8A580DD831,0.1537806323517147
CC_FF8BD8697ADE,0.13169175498851043
CC_FFA681A2054A,0.03641479658458894
CC_FFB6B2D2BB2A,0.3571277328494864
CC_FFBFA27643F8,0.1336281111052288
CC_FFC81CC80F9D,0.1451817123465052
CC_FFCC9C0763D4,0.1001464684986397
CC_FFD4E33DC920,0.5679000192722703
CC_FFDE11143038,0.05730615956031807
CC_FFEF28047C4F,0.36781896196518715
