client_id,prob_default
CC_0012A082B7B7,0.1366101625772599
CC_0012BC27DFB6,0.14942295566895744
CC_001563B2143D,0.11031279658318481
CC_001B46930B6F,0.09734892182072391
CC_001D771E1C9F,0.039270919960790254
CC_0028BD91E759,0.08925720853820937
CC_0029971D7EF4,0.2304894533174581
CC_002B8C00B239,0.030548957401544972
CC_0035DFA86185,0.7520780550957507
CC_0042D11A6D0F,0.059414805271440815
CC_004D21A4ABB6,0.12633561887967826
CC_004EE05FC2EF,0.45423953748668705
CC_0050E546EDCE,0.7203730608721561
CC_005D7F31F785,0.04995864229512704
CC_0079996ED779,0.19897495858265757
CC_0082B4E1D9CE,0.0356497667035013
CC_00B01C73CEB8,0.16806242973729024
CC_00B74FFEEA53,0.20270479097678198
CC_00BF6791C18C,0.11728812860880541
CC_00C5E30B288C,0.3169966484365786
CC_00C68CE1CC12,0.38830187514685827
CC_00CC4148959F,0.17618281440506628
CC_00D428772D30,0.392223413233129
CC_00D5806C7783,0.09832600143716243
CC_00D5C677C2AE,0.49423898924844833
CC_00DA781C4D66,0.07315993708128414
CC_00E7E2D6B548,0.20527613800875566
CC_012BC0A68DC1,0.08658623463313109
CC_014911033882,0.1668613497685536
CC_014F7EF4E595,0.6739762854229352
CC_016501B25F2B,0.03908907081030308
CC_016767D9B049,0.03965661859454049
CC_017598512EA2,0.10979019577937571
CC_01941532C804,0.21514439571106203
CC_01A66C6E22FF,0.7788621349987437
CC_01A684355200,0.1649716020433016
CC_01AC62740827,0.10358051654390835
CC_01B0EFE5DB79,0.2793022413954854
CC_01B876B2988F,0.20998589046338148
CC_01CBB64C1DB1,0.35575096431614406
CC_01DBD993A1FC,0.06279820640907591
CC_01DC49D55C2D,0.028787348578939144
CC_01EF18A3ADBC,0.5394288310967785
CC_020252D37557,0.16219962927490011
CC_020BCDBCA8CA,0.33126279306128037
CC_021A6DD97ED4,0.174538146676945
CC_022054506F33,0.06357721479195774
CC_0225D6231EAA,0.06353276111103023
CC_024B524B0176,0.03009124389852716
CC_0256303A6DC0,0.2224872895591549
CC_02589E6E4714,0.04990841384513248
CC_025927626E10,0.7259154947179118
CC_0283023DB294,0.026028495829673627
CC_02903C6FC0C0,0.19318360767751958
CC_0296E572CF21,0.03501473305781672
CC_02999E509460,0.6143695619166265
CC_029E835D91BB,0.0682948630351298
CC_02A32EC3526B,0.06476623478285912
CC_02A393632CD3,0.2867282998633428
CC_02A3E21B28BC,0.7611322012080686
CC_02A4B4644529,0.07610711053481879
CC_02B43865B30E,0.055106375239704165
CC_02B5A1A178A2,0.16759664041388048
CC_02BC4785773C,0.226438263735866
CC_02BEDD9627DD,0.6928790173762384
CC_02CD2C1EFBB0,0.11153765350093413
CC_02D4430492D3,0.34722728918572837
CC_02F79A06858B,0.09918439804314513
CC_02FA254C9D43,0.032508984158262345
CC_03062402B4EE,0.0491275871990737
CC_03072CF2EC63,0.35455860140278306
CC_0315369B079D,0.08911047520363442
CC_03199242A810,0.14007767169557353
CC_03214BA76DB4,0.20164354671221718
CC_032735A44CC6,0.06421466239779838
CC_0330340F2FE5,0.188269384170669
CC_033236FAAFDB,0.1702753651167095
CC_0337298F948C,0.03499515107599496
CC_0341CAE5E2E8,0.2211400793739222
CC_03434E2371CD,0.34282163726342524
CC_03547AAB948A,0.21638139037630338
CC_0354D0453D8E,0.107954383709095
CC_03592E51F427,0.7959286803339046
CC_0365DEB525A3,0.09490473907474947
CC_036782052BC9,0.3413605349296488
CC_036977A50F1A,0.1387935870908221
CC_03720D08B8C2,0.27618713567709136
CC_038AE599BCA8,0.33664084304369707
CC_039E67CDFE1E,0.2759845408529318
CC_03AC962FC717,0.17518663007054464
CC_03B00DFA3A85,0.7403409077311289
CC_03BC6380E968,0.4810324243978882
CC_03BC730E0B02,0.023547601172198132
CC_03BD4F22DA3D,0.14255050833084396
CC_03C7E1EF6F69,0.7974635506232801
CC_03C9FA383477,0.09448129173144144
CC_03D1AAE90CA6,0.06040499258666906
CC_03DBB9598F39,0.14532091231098132
CC_03F18B43797C,0.08774255563836074
CC_03F80118E46D,0.060443508700215184
CC_0405E0151A6D,0.1857244316624903
CC_041FEE6C805E,0.34860169652048645
CC_042F88EE269B,0.18560603407721385
CC_043D98ED7F98,0.1719278058837778
CC_044C3537B769,0.14847545113158162
CC_045932C46685,0.11600894728376673
CC_04629624AA8D,0.19218722889554293
CC_04690B4A6AF1,0.24585720106239206
CC_046CF40369FB,0.1183663993382239
CC_046D6EC816AB,0.39556900342388823
CC_0475CD95EDC9,0.11506678069918194
CC_04796F06B82B,0.12747243659668783
CC_04AC7C1CE736,0.3058173197158185
CC_04AEDD051B96,0.3191459277975995
CC_04B42AD0E01A,0.3667542564434312
CC_04BBD1DB360C,0.2983178499781569
CC_04C767FFDA0F,0.4918723740978445
CC_04C7B819B9B9,0.08047881032617404
CC_04D127A775DE,0.07871835737314348
CC_04D9ED00053F,0.056860044589361544
CC_04E0EFC4F548,0.2916922491021485
CC_04E6848903E8,0.030967218571795248
CC_04F69D03ECE1,0.24372558478197298
CC_04FA1CFA1DEB,0.20608798118364718
CC_04FA6842AC62,0.02560158305646988
CC_0502F3791166,0.27050571019567937
CC_050B514E15FD,0.14342555325687312
CC_051ADBD6D835,0.10825019138447438
CC_051B4644216C,0.06298193025983978
CC_051C0A644DD3,0.02265172244681053
CC_051CBF566856,0.03911221338677598
CC_051EEA9AE819,0.15394522187647008
CC_0520E27BE904,0.13926711678994697
CC_05224448D290,0.108148259094208
CC_0525DE4744C0,0.043326883811112125
CC_052F5CD81EFE,0.17867566625824097
CC_05368FAD2E6D,0.06337994228397031
CC_053788B82006,0.09520619154197342
CC_05471A48C6F5,0.16904253342437048
CC_056DBA1A87BA,0.0614024309502366
CC_05901F3E7A0D,0.171129769157764
CC_05906BC8ED3F,0.13245421033763158
CC_059D55E32C78,0.0807841567866089
CC_05A12EF84A86,0.5010291207638129
CC_05A42D035609,0.1570790093288132
CC_05AD75A5CE38,0.03941553701972781
CC_05BBD4B92613,0.5470122740060774
CC_05C8EF6500D7,0.7707550336885861
CC_05DDB7B07497,0.06599403136638395
CC_05ECAE6E0774,0.22242225736042515
CC_05F11F14DF9E,0.3283094483331626
CC_05FA9192590F,0.12788499765176142
CC_05FD764FB154,0.7340265875050112
CC_0608DBB4DF03,0.27187367257627404
CC_06198383F6D4,0.10194156194432406
CC_06199EBE2B05,0.17466906073652833
CC_062A8881A331,0.06635039399623105
CC_062F74350907,0.041532569509879345
CC_0635AD30F004,0.7724023871119617
CC_0639F539946C,0.27423208680072364
CC_063DDB42CF5C,0.06927122477091412
CC_06405C00E240,0.27113036435120547
CC_064920FC9DAC,0.06900236461035651
CC_0650AB329174,0.7834478067811091
CC_066941B109B9,0.18040786947926551
CC_066AA16F5874,0.2724176643221215
CC_06732311FB8B,0.15806655265571468
CC_06780061F889,0.12271150091357015
CC_068A81B06B74,0.4420050896575963
CC_06A1C5FE269B,0.3109639853956291
CC_06AA7138DAF8,0.029210892749374974
CC_06C0DD0D066E,0.7429980864012264
CC_06C97CFBD476,0.12276940104723773
CC_06D15F523C05,0.19031568105375818
CC_06D35787AD65,0.03275952601869385
CC_06DA375201A2,0.0795422759501337
CC_06DB455FF19B,0.6769793966293655
CC_06F3674E7313,0.47816712769775316
CC_070232DF9996,0.11806726603985483
CC_07141FA77DBF,0.09507118824540625
CC_0715F11CC8CA,0.20820793867976553
CC_07168A9C843C,0.19077204627321642
CC_072AB9F855DD,0.036067556120114475
CC_07337AF6AC2A,0.12337075252526221
CC_07434E4E5C28,0.05834829036532206
CC_074381358A2C,0.0257937687844826
CC_074E7CA75E8A,0.2763983886193805
CC_075D0C618BAB,0.1922846389117434
CC_075D804F7851,0.08384191286873656
CC_0765961D818F,0.4340328569437287
CC_07698F10563E,0.051741737589240534
CC_0773B9BA9E18,0.3213798324126732
CC_0784ABDA7F8C,0.17879080223223348
CC_0790C9F9EC9C,0.07931271097784162
CC_07A996E6CA6C,0.2563146621677158
CC_07B588ED677A,0.1526578623544529
CC_07B730FD7F82,0.16921076288893772
CC_07BE6961D039,0.06662517830087936
CC_07D23A6BAF5C,0.1298805887969724
CC_07E08196A3DB,0.050957672237444185
CC_07E4850039B3,0.11370403179329956
CC_07FAAF8B2D23,0.0367725684112169
CC_07FB3FD9BE0B,0.09949294850291565
CC_080CB94A724F,0.2670257117372753
CC_0837C56711FE,0.0776214853883596
CC_084100A049EE,0.04355771481509574
CC_084113D0951B,0.289390950498059
CC_0843DDCDD601,0.6664816611520212
CC_0846C14EAAFE,0.05818720533290739
CC_085091ADED2C,0.22627338735722838
CC_087943B4A5D2,0.16701095599867813
CC_08A97B98C405,0.14150911614851538
CC_08AA321BC4AD,0.16688286030766336
CC_08AA44ECBDD5,0.0545258992721707
CC_08AE2EE9D798,0.1890789690999598
CC_08B149462891,0.1797752801853898
CC_08C71A8D2D58,0.047645324300627505
CC_08D645F7B257,0.03650761424901154
CC_08D80BF0B273,0.048941230844366516
CC_08F52B1BE431,0.2598913595297866
CC_0903571AC7E7,0.15205660789530923
CC_090D528C09D0,0.4516891451547335
CC_09106BA6CFC9,0.0860209517874066
CC_0915905A5D48,0.13503222718205735
CC_0918F67CDF01,0.1548107900173701
CC_0925D0B6276C,0.1524116192044254
CC_092A2830E36A,0.7878524215096191
CC_0951489C8F79,0.025137236064627047
CC_0951FA4D5513,0.0877540113093821
CC_095C712064EA,0.09549376606951111
CC_0969AA7BEC71,0.07018727027501827
CC_0974840BED49,0.7746441028473401
CC_097BD371F652,0.07959227870178828
CC_097C8139DBD1,0.0511250150696485
CC_0981CA4DBCE0,0.022901283665150585
CC_09A5D2F129A4,0.24479301845021878
CC_09A9BE38080D,0.08940542712677808
CC_09CDC42E000B,0.15778987167431208
CC_09D8DBAB2A42,0.09716870869263468
CC_09EBB1960580,0.034114025800416684
CC_09EBF206FEE6,0.20492633916121697
CC_09F2AE996181,0.08306695509771778
CC_09F45833F53F,0.15947817594508085
CC_09F4F5C5B4EA,0.7664582430619633
CC_0A04BF4005F8,0.19758126671610826
CC_0A0E563D1060,0.07652972647106714
CC_0A0F781A999D,0.1803483504062726
CC_0A1138C37BC0,0.1820296258263177
CC_0A334A16524B,0.0634151872157237
CC_0A359CD5D73A,0.06203743267707906
CC_0A3E2C273DB5,0.05725466901325442
CC_0A4705B1E08B,0.035787086960166054
CC_0A67EB7C5282,0.15408796911664752
CC_0A6CD64871E5,0.33939386872474764
CC_0A75643FDC7B,0.05940479675926674
CC_0A8066F501AC,0.04062782621781199
CC_0A83017D027D,0.17859415423004052
CC_0A9AB7441D5B,0.31957430949340043
CC_0AAA72FA148E,0.34562329247979245
CC_0AAC488C8AE4,0.45252854991278263
CC_0AC2DB82398C,0.32072323674399567
CC_0ACA2C49A497,0.13780906715169688
CC_0AD4BBEA75ED,0.02707452982010653
CC_0ADCD6553B8C,0.06485582426682959
CC_0ADE56B56C41,0.028519985551814737
CC_0AF4B5B4162F,0.7336597369546586
CC_0AF9BD814AC7,0.10604116759067214
CC_0B083BE0FEA3,0.10705673523443612
CC_0B1384331163,0.05856443596976009
CC_0B216C6AF0F2,0.01954521899590347
CC_0B3465DB0684,0.6075306026966408
CC_0B442B91679E,0.15117475433697378
CC_0B455175F494,0.09162926870122198
CC_0B4C01B4002C,0.2122722008319864
CC_0B544A526D6C,0.06445069816691491
CC_0B5B19AFCD18,0.06224036068020451
CC_0B5BD2D224BF,0.06349969370745918
CC_0B6407C2C9BD,0.1479130601651252
CC_0B73F59991EE,0.08887071166314425
CC_0B7579216681,0.0704309015832103
CC_0B7F3B4B32C1,0.2919091717130352
CC_0B830A67900A,0.13624730549804798
CC_0B84250F96B8,0.20679724760847437
CC_0B92212B8E27,0.2920791534552706
CC_0BB43BC4B3BC,0.11196038037978079
CC_0BB992973640,0.059911098273130396
CC_0BBC41297846,0.11687260594166812
CC_0BDDB468A1E0,0.3004643270738092
CC_0C00A631C2B4,0.06744353531811857
CC_0C011AF6C857,0.3496150140929256
CC_0C0459AB67DE,0.13430862125131904
CC_0C18B07E451D,0.1404114371279964
CC_0C19EB845CA2,0.2786410514843638
CC_0C1A736F37CC,0.0778282571421983
CC_0C335C9D86F7,0.7815789050339026
CC_0C4C24D066E9,0.17634063488702756
CC_0C5499989AF4,0.17218070421838866
CC_0C95548CC1BD,0.1618938441777362
CC_0CA2DE660B41,0.22570755790249009
CC_0CA6D8CFCF2B,0.22178964717204575
CC_0CA9DF9C5C15,0.062289618868396915
CC_0CA9F52C92A8,0.18260535441434084
CC_0CAFB6C41CE7,0.1275945097479366
CC_0CB27D5313F1,0.5819626977360771
CC_0CC9DDDB8B44,0.03847631974653809
CC_0CCA18595BA5,0.265712887545559
CC_0CD90568D3E6,0.24871911010042344
CC_0CE0D56B0584,0.06562187713111035
CC_0CEA028BF961,0.26732940158702784
CC_0CF67D68AF16,0.3665547857455522
CC_0CFAA0FB0691,0.060464303027648346
CC_0CFFD2785D2D,0.0844695672041558
CC_0D28AF91CE97,0.15606198233015856
CC_0D34E55A580B,0.11941681770547936
CC_0D3663B6524E,0.7604076671377152
CC_0D3C2864ACD2,0.3381682690441218
CC_0D5F4BE8132C,0.15275071305232432
CC_0D6D5ACB0889,0.18843040543512848
CC_0D7BFE8CC0D5,0.12359597344704411
CC_0D8852AAB481,0.22096239869595757
CC_0D97EF394C79,0.4320685446518283
CC_0DA8FDDE6DD0,0.05674592802660194
CC_0DABB89E37CE,0.08030545598179013
CC_0DAF0F2FAA86,0.1037634570056059
CC_0DB9E5F8EDAD,0.07733346230252333
CC_0DBC64F88C05,0.15460024624818774
CC_0DBDF018E822,0.1324424747230521
CC_0DC31A5A1096,0.04558988456772384
CC_0DC3870F23D0,0.03285983580580006
CC_0DD39F5D7C0D,0.067658113248556
CC_0DDC2C18BBDE,0.04491067192540983
CC_0DE09CAA93E5,0.1700080374312634
CC_0DEA4477FDC1,0.12456878122889231
CC_0DED63EF6639,0.1896996215752711
CC_0DED7DBF26F6,0.2788864078439669
CC_0DF01CD21B9D,0.16679143772251256
CC_0DF6A478C01B,0.223687087036833
CC_0DFE1A3FA5AE,0.1639281980376167
CC_0E07D5FB24B2,0.1381039451723738
CC_0E0CD9F23A5F,0.708253542718806
CC_0E121FCB1D47,0.06738429786355847
CC_0E1423A4C263,0.17845815084805575
CC_0E16883EE8E6,0.4225331001464617
CC_0E1A2BA1C545,0.2081436253877403
CC_0E2B52BBA69B,0.04606649294566463
CC_0E40BAFC3530,0.16099679069191872
CC_0E48EE235179,0.07468867033883513
CC_0E4FA0FB9797,0.6465430850458114
CC_0E5162F59924,0.765910332852317
CC_0E5E2FCAC8C2,0.2758583969144808
CC_0E68C2BE2A75,0.13845848162822705
CC_0E6C5A8D8CE4,0.09488586072498534
CC_0E6E9B0E674E,0.09440373704206619
CC_0E746EAD6CE9,0.0662708092017594
CC_0E968E7C22C1,0.30080317053852823
CC_0EA1483F50A9,0.1559002387897527
CC_0EA81362C7D1,0.19431831530656135
CC_0EAE97520873,0.3077387728777225
CC_0EBCF4228FF2,0.5292603059391063
CC_0EBDEFD0BDC2,0.05072981331637643
CC_0EC6AEDA63EC,0.2258538297875259
CC_0ED61DD76795,0.09961468174081838
CC_0EE33B1B71D5,0.13540695592314345
CC_0EE7EFF13EBA,0.05801866300052275
CC_0F0F136B0991,0.13917879474436018
CC_0F0FAF218BCB,0.04478991289091454
CC_0F125B48F175,0.07792632873625836
CC_0F292A238627,0.09749081758925678
CC_0F2949A1746E,0.0750617225872568
CC_0F2B71163121,0.07589102525322895
CC_0F393F1DE2EB,0.07484094366058926
CC_0F41B187053C,0.4029760642954634
CC_0F52EDC9D383,0.10531902597432528
CC_0F62C4F36236,0.09418337301788901
CC_0F6A29CE5D45,0.16095291447977714
CC_0F7C0515A6CF,0.14720267110087903
CC_0F8D6C89202F,0.16398435098830597
CC_0F933684CC08,0.18524710153294144
CC_0F9BA54F2AF6,0.044831618805340506
CC_0FA06CE7FAE8,0.03691119743120792
CC_0FD25AA655DA,0.14987796908752637
CC_0FF5570E06EC,0.6723939669596155
CC_10197FE0E34B,0.6755384954966656
CC_10355B5718CD,0.09962290679781442
CC_103A9D18EC12,0.1548435009695944
CC_1040DB6A21EA,0.10489861716808481
CC_104D2B84FC4F,0.03386658435673166
CC_104EA2802A11,0.08209952999387285
CC_105777B1BF91,0.06062296736647718
CC_1059F1B6C0C3,0.16070835474098327
CC_1061947FDD14,0.04980533922993896
CC_10689257E68C,0.33318931780306066
CC_106BFCFA7D7B,0.03156528702165299
CC_108FA04AC10D,0.09256583106789693
CC_1092915D0093,0.11380957534052225
CC_10A30F88E157,0.1510147333871949
CC_10A657027AC9,0.7345965993117722
CC_10A6EAF27BF3,0.04752337348687423
CC_10B148BED568,0.4296938695079584
CC_10BB7101F191,0.029704042956718763
CC_10BC5BC3A9AD,0.403905848568783
CC_10F27C70AB99,0.10110854542152248
CC_10FADDF63CDC,0.1716267392258323
CC_1107D9301AA0,0.0745761166786926
CC_111A6DE5D9C7,0.741789513435474
CC_111DC3B1756E,0.22520599818072168
CC_1131156CC6F6,0.14327789372888625
CC_113B66D5D5D9,0.11217347181856722
CC_1143254EFF36,0.050310535625549255
CC_1145E5277FA7,0.25377116425913954
CC_11521077BBB0,0.1579772515538037
CC_1154861ABCCB,0.5835127391443982
CC_115BCAEAE2A0,0.09574753674317381
CC_115BF13E8BFC,0.22613025506509976
CC_115EBE5044BD,0.35858150229957825
CC_1165AA07FC47,0.727844433364895
CC_116EE8219753,0.05251712962243878
CC_1176FA3233B3,0.0398992372002816
CC_117C2A1587ED,0.09052833779163717
CC_118C0A1D14B2,0.2846295660152682
CC_118ECB589F3C,0.11235007674098889
CC_1190F13FB1FC,0.11457155581578718
CC_1192EEC65A1E,0.2638395983357653
CC_119B1FEC4D83,0.22576337429280144
CC_119C413C2580,0.16360922195320798
CC_11AB74142A2E,0.8044093225083999
CC_11C8A291FD11,0.15525278703127668
CC_11D1E9C39E41,0.058462482205492244
CC_11D600EE1BD6,0.18010645958041946
CC_11D7539AC69D,0.17355741846559583
CC_11D78BB50016,0.1434371964401999
CC_11E0C583685C,0.11700622089104597
CC_11E0D2F15AA1,0.03333945946901521
CC_11EDFE67C719,0.6570782918479022
CC_11EE85F284B8,0.22745281225414235
CC_11F700202C6D,0.15386861702918853
CC_11FB668DF543,0.10228170611392057
CC_1209FA26609D,0.030202218453576794
CC_120CA1B916D0,0.11959429176851685
CC_1210186F4D33,0.07384985285921682
CC_121F621374FC,0.24309887750003167
CC_122532C1FBCB,0.13315880212937167
CC_122B19CBC88C,0.6438677353734268
CC_123C7F0111C7,0.6015079667754738
CC_1241EE42F174,0.14670248319371304
CC_125B7100F1DD,0.1374906804787051
CC_1263B255B3B5,0.19342156820788953
CC_12878596E940,0.07089140543822015
CC_1298ED71A9E0,0.06307012765855641
CC_12B555C6F086,0.16987861924864855
CC_12D22C629874,0.1610727742242659
CC_12DD89EA0C14,0.1936985962721064
CC_12E24CDE2684,0.17178661362195655
CC_12F3B7309455,0.6129689166462012
CC_12F8E7A4BBE5,0.3556685741048961
CC_12FDEAE4873F,0.20762252609776813
CC_130F7B067939,0.35958561203617356
CC_13209EDC85EE,0.6622342797945918
CC_1332B6F0E543,0.24497738468407032
CC_1334E256AEBC,0.578874318395098
CC_1337726B2AE6,0.07965609159481454
CC_1338237BF402,0.20187327095164115
CC_1341DF38D9C1,0.17039897713212168
CC_1342F868176B,0.7008863288737472
CC_134651CCD2F8,0.11875568280881682
CC_1363E3090578,0.05755242502912271
CC_13736493B695,0.06793715932728565
CC_1392DE633D4C,0.28574795658400665
CC_139ED2E0AD76,0.0864304795995636
CC_13A5383EA098,0.631179006462528
CC_13AA272C6861,0.056276625086809674
CC_13B74E4EE3EF,0.18907493046847856
CC_13C437E86B81,0.4896455581741915
CC_13D61B077E7C,0.06884302133634002
CC_13D7115A8FCC,0.15957032978970231
CC_13DFE319B21E,0.7846128772714343
CC_13E0F0B3FAE6,0.20872597706653348
CC_13FD88C2920A,0.69406231640959
CC_1401CB818627,0.1897942737262991
CC_140B86E74F74,0.7801321577126828
CC_1452A0B69085,0.03929652035802158
CC_1458CA7329A7,0.2488989206670867
CC_1459E7125AFB,0.07567630682862171
CC_14633EC7F622,0.39662090203729816
CC_147B1B30DE7F,0.1114839000284007
CC_1484511F54C5,0.29559882923233793
CC_1489A941A69B,0.2964734081730312
CC_14A8B16706E9,0.07739999328403568
CC_14BE52BADB77,0.0961280437882485
CC_14D53413FBCE,0.3184277139845032
CC_14D59B58E51E,0.13822196400933326
CC_14D964327B1D,0.054133513912209164
CC_14F5D06CF093,0.1267992930051395
CC_1501D63D5A80,0.34281916031362825
CC_150E3A0E5084,0.21953646756723832
CC_15152312AC56,0.06982189228040821
CC_1522BA0411C3,0.05500528978305166
CC_1534B0241A1B,0.04635462805589646
CC_153BE2BEB74C,0.12379491678575734
CC_154BBCD4DCEA,0.2499316133557342
CC_1552EC27FC0C,0.7127965105639689
CC_1566BFF4BCDC,0.33252839241168497
CC_1579BD86A63D,0.31564512318987004
CC_1583CFD90530,0.27346014208534575
CC_1584385F38C8,0.06494185137206901
CC_159656F13BE8,0.09328006053374412
CC_159B6F6AAF1E,0.08949798729184102
CC_15A4934FD96E,0.11986573204349167
CC_15B2140CE869,0.09502305259117169
CC_15C0972DE384,0.6373314193667117
CC_15C0E30FF2DC,0.10761834737992637
CC_15D617FAB434,0.0494003003732296
CC_15DA0F4FFF0E,0.3140110729610382
CC_15DAE76D15DF,0.04432987723864969
CC_15DC7C139EBC,0.34503691954808063
CC_15EB741857ED,0.07793639330897259
CC_15EC51F4C521,0.2942556091789147
CC_15F6259C7C53,0.07287047703448846
CC_15F7C012E10D,0.43219738963794063
CC_15F7C1BEC28F,0.1878540709574067
CC_15FF58854AEA,0.2484406149733771
CC_16035CDDC2F6,0.15829391852454724
CC_16095572722B,0.04535582306116352
CC_16109F1CE0A6,0.26351071592258885
CC_16150E74E4DA,0.14880119977820322
CC_1629E47AFBA5,0.07637837559530164
CC_162F4582D06D,0.623151446242046
CC_163194DFEDDA,0.03266246311907411
CC_1640F01B7730,0.10035220122584865
CC_16460554039F,0.02680543339083883
CC_164D308CDE41,0.23105344749577522
CC_1661041F819B,0.7591750795865265
CC_166829780A76,0.12375196943139799
CC_16798666E855,0.10682999901968701
CC_1684B5493414,0.21939947350560166
CC_168A8907C8F4,0.06278505208415354
CC_1690EC56D088,0.06217858605606793
CC_169853EEAB4A,0.0912959712127093
CC_169B7FD839BA,0.14517957063791875
CC_16AED1A3008A,0.1485213901890274
CC_16BAC7837C73,0.1793038558179082
CC_16D57E1EEA01,0.13835092838997493
CC_16D833E56D7A,0.18576581346029278
CC_1702487A047B,0.18202742143755146
CC_17029F78E70E,0.05435899882196837
CC_1702F3E986AE,0.07045000629138723
CC_1707181BB559,0.03906260105405027
CC_17117BF03935,0.22486245715848419
CC_1723E40C3D40,0.23820206844837477
CC_174FBBE9ADD9,0.20171999751633868
CC_176E6E58FD1E,0.09905266492964614
CC_1783F37259BE,0.08473766599053192
CC_178B135605CA,0.0845213284607105
CC_179AA5165026,0.35474361441652597
CC_179DBA1C4CDB,0.31176484037955693
CC_17A1090B69C9,0.10866073261039634
CC_17AA1A4C904D,0.2005362327620146
CC_17B06C06FDC1,0.148100781177559
CC_17B89AC1FD03,0.20498587227536266
CC_17DC33AA73F3,0.054038798008366876
CC_17DE4D267831,0.08836006565764745
CC_17E929BE0344,0.3661330694229137
CC_17EB83DECE5E,0.4298368743923838
CC_17EC9982E5A6,0.14118760690664967
CC_17ED5555B4FD,0.24198776612892892
CC_17F4292DAF8D,0.10189543698344038
CC_1807B0980C86,0.06708232824608137
CC_181354A58B53,0.06874448764448855
CC_181E7266E018,0.09986111974737844
CC_182AAE7CC3CA,0.47276152519398074
CC_183EDEDC5DA7,0.07923163845098524
CC_184C47552665,0.25829065246158983
CC_185A7392A475,0.2891553715254332
CC_185FEFD3233A,0.4014355397433147
CC_18676FE5FC07,0.07232643857192306
CC_18776C4FDE28,0.08173876277727292
CC_187A8AECEFBC,0.1475399460290858
CC_187E7D0B4E82,0.7235349053919008
CC_18839D393105,0.1550953519924103
CC_1888476F6CF3,0.13994884031367066
CC_188B1ED2AAA5,0.32730214781729877
CC_18A4257C3172,0.28679738449318004
CC_18A7929D9FC9,0.2970112206654005
CC_18A8695F185E,0.10910522091317194
CC_18ACE64E8F74,0.20673042368990216
CC_18BF4A29BB38,0.13031890159683793
CC_18DE36F7D294,0.14021712309268972
CC_190EB07AC1FC,0.1230138482439884
CC_19219F2C60B7,0.1698100466657277
CC_192262DB0B0F,0.07775712920834346
CC_1929746E06CD,0.6263790627089654
CC_193356E72D61,0.6640717599950283
CC_193938E8EA40,0.1779171600861882
CC_193C60092202,0.5279668295511764
CC_193F669537D1,0.17314807101155022
CC_194E13150BE5,0.04930710229027532
CC_19556DDCCDB3,0.03357307616155518
CC_195A6E9B48A2,0.12217833843661355
CC_196DEC616B33,0.0884342480276252
CC_1978B23D64A8,0.11573242312110388
CC_198562A4BD86,0.11963601963994369
CC_19864C9572BC,0.15966339063583398
CC_19868B6887C9,0.12306562699250084
CC_19969E05AB2B,0.1604490124301864
CC_199FC89885C7,0.12101097765108568
CC_19A40411B404,0.26251460541271066
CC_19A6D9B60B29,0.6684503303919391
CC_19AAB010550E,0.06224599613698044
CC_19B4743DFEEC,0.07655100061393119
CC_19B95A61D757,0.1657216451950283
CC_19E6A00F6A5B,0.05991549175773949
CC_19E8DEC29F47,0.6013464662207525
CC_19EA54976042,0.14788111086815264
CC_19FBBEA75B7F,0.1367880199698526
CC_1A039E58840A,0.05471091612343243
CC_1A075331756B,0.11265626618350384
CC_1A1E1302C432,0.15374322464663384
CC_1A37690EAEDB,0.1645928998120577
CC_1A3BF9F5BD42,0.1428478153821397
CC_1A4268FEB02E,0.16619573188346876
CC_1A5F8618A912,0.2976833011424775
CC_1A659D4D521E,0.40388925630623385
CC_1A879655902A,0.06407470466753279
CC_1A9F6DA46BC2,0.11497492160155623
CC_1AAB15E81743,0.03007608308025115
CC_1AAC389EF8A2,0.2270629257572551
CC_1AAD0CE365D9,0.12983267573354978
CC_1AAD9152C90B,0.04999069793925596
CC_1AB15BDA9296,0.06440569325724864
CC_1AB8BDA3041B,0.18486239681652697
CC_1ABB9CB074E2,0.7132453244661713
CC_1AC1B1A3978D,0.05208273754250154
CC_1AD20D1F9C08,0.7177559974079881
CC_1AD881A90D1A,0.31414110877355966
CC_1AE9811724DD,0.7673793826785271
CC_1AF1AAAB9D12,0.7561571840795703
CC_1AFCC4D0ABD4,0.16193092333609269
CC_1B08ADAFD1C4,0.1675663278509943
CC_1B10139C7917,0.11824342825701548
CC_1B127133B948,0.16286793452852366
CC_1B25964EA376,0.15367755771343228
CC_1B27A85C7244,0.18350083035049247
CC_1B29F4378A34,0.13119916863199935
CC_1B2EC0BD0677,0.34544341234002646
CC_1B4AAF37FB97,0.0860482532084396
CC_1B5E792F6E6C,0.3167293966187988
CC_1B7166DAA790,0.17032382901884055
CC_1B89FD901C95,0.09371534565704451
CC_1B91E3A70338,0.06892714004496303
CC_1B9D9B7184F7,0.159257808977104
CC_1BA3FDD92B1B,0.055093709406423656
CC_1BA9B3D67170,0.15882878779581852
CC_1BAF97E2BCF2,0.09490225588046966
CC_1BB7D8A54021,0.07492846765388264
CC_1BD548A5FEF3,0.11576194090829588
CC_1BDF1893ECEB,0.24231313625860035
CC_1BF117A8AF9A,0.051679453526576935
CC_1BFA7E407428,0.7038481431782635
CC_1C0066F472E4,0.7020088442768946
CC_1C09CC2385AF,0.05992777392646793
CC_1C11467AB472,0.6552751348903927
CC_1C1627B7EE6E,0.03697155662953396
CC_1C3259B85E28,0.15759836478984443
CC_1C334ED885FA,0.0328403126253072
CC_1C376760FE39,0.07520119172996867
CC_1C39A1ADF3F2,0.1563561250636829
CC_1C450FC77478,0.1277550060927012
CC_1C48409023DF,0.40713064259483167
CC_1C4D03324C60,0.35226959555801596
CC_1C5F1E1028DB,0.03381574064895514
CC_1C6681C0AA7A,0.7851999970922404
CC_1C84CFE19CDC,0.20570479165657563
CC_1C8B3F689C6D,0.22339336729910483
CC_1C95674B902D,0.042446029648447375
CC_1C9A4C11F28F,0.16254505739610406
CC_1CA3F50BABEA,0.07386023566843922
CC_1CBF42D35AED,0.6285833107654507
CC_1CC11BEADBD5,0.11277982085866531
CC_1CC3CE396A8A,0.23687310283255444
CC_1CD2B13C2E6B,0.08068114729400179
CC_1CE0B37CA670,0.07223998790997255
CC_1CF5A99FC068,0.13124846136318094
CC_1CF71AEB6671,0.06600925309240281
CC_1CFE066F5EE4,0.19468189577702633
CC_1D00B360809D,0.056744271262007755
CC_1D1173F82F2F,0.10745601735395519
CC_1D1E06E0B393,0.16078494564707016
CC_1D2789866B1B,0.07495078733943991
CC_1D2DD7DF781A,0.18997098346728505
CC_1D313498A2DF,0.17472351221078716
CC_1D68396533F9,0.33904820156354726
CC_1D7235BA1EAF,0.18261194075050524
CC_1D7ABAF9D080,0.04069364745033497
CC_1D7FA51D0D7D,0.4765725572952946
CC_1D8CFB3589AE,0.055248470752985425
CC_1D9421A6EB19,0.33186635145537735
CC_1DA0AC68719F,0.3411711203731854
CC_1DA366D588B6,0.1035141438766646
CC_1DACBFE0296C,0.10147429145752085
CC_1DBD6A716910,0.6375518937938864
CC_1DCB75B5CBDE,0.3348919813145075
CC_1DCDADBC0E90,0.413401773507912
CC_1DD11FAF43E8,0.12380243700543608
CC_1DD8064E71C7,0.1593401031241767
CC_1DEC926EE25C,0.11293151543084046
CC_1DECBAE4FC5B,0.06394298623687293
CC_1DFF80E6D4DF,0.05959470305367073
CC_1E025C3597E7,0.2274864376858877
CC_1E082052CCBA,0.6327282552439188
CC_1E0E30441DD1,0.19732964284311144
CC_1E20E200611C,0.13901057509326473
CC_1E354C75EB9B,0.02591232785582188
CC_1E3B2C15EBCD,0.1792994035141124
CC_1E4DF11FAF55,0.15926043671286802
CC_1E4FE60DFD8D,0.7419489819053312
CC_1E5A648D299F,0.18117124079029354
CC_1E6C0A8B3841,0.6335111875850958
CC_1E7FA6E807A3,0.22028845870894698
CC_1E93F760EC93,0.2660706774145287
CC_1E99F40FA03E,0.056947739191139754
CC_1EAD09DBC23F,0.19441657263398232
CC_1EB3D53252DB,0.24462063407667234
CC_1EC889E04D69,0.09916899333501664
CC_1ECCBF6853F6,0.47587248996799625
CC_1EEC4520436C,0.18866281236914928
CC_1F2827DC99C0,0.16062047318677
CC_1F2C184C5227,0.07728698894674078
CC_1F3FA8091B02,0.1337147199537004
CC_1F4E07BFDC8C,0.04536086068245078
CC_1F4E0E9B54BF,0.05790613917679509
CC_1F55738A6A27,0.3425837065869895
CC_1F65276D0EF8,0.10714055174514012
CC_1F65C797BD40,0.0518410913553979
CC_1F668C0AE868,0.08906945140280534
CC_1F6B19A04BD8,0.04056827036538455
CC_1F945A60367E,0.4468301121668668
CC_1FAB6F11DFCA,0.6914853551709919
CC_1FACCCE95224,0.26979231381956786
CC_1FD010E5EA82,0.06296214806256606
CC_1FD2B7BCCD20,0.7088530382901378
CC_1FDAEC3D5CBB,0.10710102891781184
CC_1FDC65FE3DBE,0.1342834841310598
CC_1FE696D8A81B,0.05442888696507472
CC_20027685F59C,0.7621033383659902
CC_2009F3D77774,0.12938641787612037
CC_200C552C40F3,0.11439056726361879
CC_201459527065,0.11168960842287204
CC_20275029A688,0.08125893546129664
CC_2028DA597C34,0.2006879325940063
CC_204E557E5046,0.370438504359818
CC_20542CFCFB39,0.040090688921870385
CC_2060F813C9B2,0.2575440853635763
CC_20813A9A7F71,0.09590161396591071
CC_208429A11E2F,0.1711102210659215
CC_208B0FE7CBAD,0.08650683626312415
CC_209A511030A7,0.0329990489248215
CC_209DD60421B5,0.06394648297688058
CC_20B26D646D62,0.15918819602211537
CC_20C47966B174,0.19524739991719525
CC_20CFE9681E4D,0.07999219297357134
CC_20D4DB0F3E3D,0.0324885530560806
CC_20DD84CE3CA0,0.09739863712100358
CC_20E57CA675DA,0.6110640319809189
CC_20F129FFBE00,0.23603241187020482
CC_20F4E0F62D2C,0.06211433431482745
CC_20FEE0B2130D,0.6090187372147738
CC_2111B298C212,0.10375335409351108
CC_211315AD7633,0.19176343963624817
CC_211504721E27,0.14010806108758367
CC_2119919BCB4F,0.7986689724456724
CC_21375C9ED931,0.19881351841068762
CC_213D2A5355FB,0.20913890216894493
CC_214B50E48E94,0.15462763758667275
CC_215F86D986BA,0.13867957976075462
CC_21600308F496,0.03915641161516605
CC_2166F3F6344B,0.10207963864329272
CC_2168BBB42053,0.1266410744677708
CC_217030CE0127,0.035259887517102136
CC_2179067B405D,0.0353107787756977
CC_219B59B67193,0.20596631763916265
CC_21A9E8DB58FE,0.12144250784619323
CC_21AE679C5E95,0.22615612917165812
CC_21B98D13174C,0.10618265253075189
CC_21C81BC15002,0.08644780553188669
CC_21C9B26CFEA3,0.06180206208570095
CC_21D22081A4CA,0.7519643960670703
CC_21D29CD736D3,0.32303891512794136
CC_21D3CEAF838E,0.18618199579932615
CC_21EF792A3811,0.6421095102983363
CC_21F04E996723,0.36203662006149967
CC_21FB6C8AB8BF,0.46335131954356173
CC_22067686F6C4,0.705084679671901
CC_2207A39B7BB8,0.11865636598225286
CC_221053121AAB,0.18078795910358836
CC_222423774191,0.0664000056472891
CC_2230EFBC99AE,0.4336130841433853
CC_223BDED2A465,0.255618569591911
CC_223E3CA7A07F,0.18059119120739284
CC_2250B42E48B2,0.11044480198000509
CC_225935E43583,0.1277679177422375
CC_22781E93CF84,0.17394967021210364
CC_22784AF3CB6B,0.4322347397482202
CC_22831690395E,0.22888904718990166
CC_228E6CBCC935,0.6080665180515926
CC_229338EBBA6C,0.08767306897526855
CC_229A63057E54,0.4914828658197474
CC_22A2D8A4B437,0.08432868494130842
CC_22ADE1EE9BC7,0.1319819830021042
CC_22B69E7C415A,0.03200495662431577
CC_22C590B43FEF,0.31137609404449873
CC_22F06379D8FD,0.026409703711116565
CC_22F282264A1D,0.1218309960074925
CC_22FBF5F0E1C0,0.22976581688094677
CC_2302088175A3,0.24728506855898028
CC_230672EAA654,0.0275873980451716
CC_230870B121F6,0.1514764909684462
CC_230A051B2B3E,0.043149003979375065
CC_2316F57AFB7A,0.08435959800302555
CC_231D091FCD1D,0.046140408084701864
CC_231FDED1781F,0.25237494068814004
CC_2320053D1183,0.04666514646468888
CC_2320AF507566,0.18378131892165195
CC_23321FF41C3D,0.22325124331514942
CC_233470D6BE72,0.6416719182130725
CC_233C8EBC95FC,0.4051284898827113
CC_235F99F13500,0.16305493259711423
CC_235FC02CA52F,0.20633966532226364
CC_236C80CAF53D,0.19824446417790942
CC_236E7222D97C,0.07050256041044588
CC_237B86FDC93C,0.04640699003497812
CC_237E7EB2D7D8,0.08441371940832133
CC_23830081EE1A,0.6288975335331617
CC_23894AAA08DB,0.47926834705130517
CC_238CBFD6E20C,0.3783217261032769
CC_2392A4A79C9E,0.030006560475757203
CC_23A474D43C73,0.21211929989639006
CC_23A9CC59BA0D,0.02030105285708569
CC_23B158D8306A,0.1309615551651064
CC_23D147F1870B,0.17265153454156154
CC_23D2E73DCFCF,0.12812795325540147
CC_23D9103D1EAB,0.02652096332056672
CC_23E142182F2F,0.6871713197668721
CC_23E43713A108,0.03344660554147838
CC_23EF2911610E,0.4946422573214596
CC_24056B76BD7D,0.04196985304271064
CC_2416ECE66177,0.13295053310643198
CC_241E65816FC2,0.07100476306896733
CC_241F7E97FBDD,0.0445890759507739
CC_24217201D7A1,0.37427937474404327
CC_242301FCCE50,0.03882491009961434
CC_242C69CF0B12,0.1074861349317812
CC_243B23702DC1,0.18570810923677966
CC_2456B9C796E4,0.12205388599221767
CC_2457D89CB88B,0.6187957504318324
CC_24667210E2AF,0.21999480295304602
CC_2468D206CAEA,0.05699794362619759
CC_2469630A4F86,0.340270876620904
CC_2469D83D9594,0.030104505697259757
CC_248C65EF54A5,0.6378207601513711
CC_24BCCA7941E8,0.09023686763590866
CC_24BDC1CE2A3A,0.1993008737429207
CC_24BFCCDF957C,0.04194122057163749
CC_24CC8A1B1CB7,0.1208473125308144
CC_24D4B1852554,0.20794335681883885
CC_24E65FA5A32E,0.1536930587314717
CC_24EF3EDB6857,0.03237298917204143
CC_24F15A19D648,0.16447827368266082
CC_24F2410B5A19,0.14262453682127232
CC_24F27E7DE1C6,0.4611085983102047
CC_24FFFD0C983B,0.029115542523466084
CC_2504E9D5D5E4,0.13265651785335444
CC_250F6A0DB62D,0.05124468810276966
CC_2520E13DF0A2,0.7159066772315213
CC_2539C315029D,0.2918936946604399
CC_25519ED78507,0.17984113369308247
CC_255D49296DB6,0.12096805376544642
CC_255DC60FF5BD,0.03751213454502039
CC_2563C9EF9D55,0.05307078706665195
CC_25756EB9651F,0.11890322260013589
CC_257CC46D379B,0.42414563993301957
CC_258D5F80A933,0.6864179389255327
CC_259D87270257,0.24705142232205007
CC_25A41AB21C94,0.22901748780981315
CC_25ABCDCC8B71,0.09946387695515095
CC_25AF0D0569B5,0.06608762796048206
CC_25B61D393144,0.15592828373160872
CC_25B95D7288CB,0.4011056331635936
CC_25CE2F2F13BE,0.2174608820582223
CC_25D1A5971976,0.3422278177567414
CC_25D411B46F00,0.7531669931891044
CC_25E7A2DC5E41,0.05418239699390051
CC_25F4C8E51AC2,0.5258864180059495
CC_260323EFB122,0.5539690681340672
CC_260F10484312,0.0569714276361755
CC_2610D0F1D0A7,0.1868820644178329
CC_2615866F35A2,0.0935800510700619
CC_261DA4E8DBEB,0.11429350050684818
CC_2628F00B0745,0.3865269658314128
CC_26338E9AD15F,0.13442924455961852
CC_26346B99BDBE,0.6594549650264467
CC_26351DBC1AF6,0.11678473369185124
CC_2637397AA3F3,0.6074472988647502
CC_26675C32611C,0.6767243664849101
CC_266E49E49071,0.1888000710453078
CC_2696368A4DC6,0.02718097748657798
CC_2698641B68A5,0.15426906472998178
CC_269C5AE6A1A3,0.6777117864194916
CC_26A06AD1206C,0.7592832543383111
CC_26A358B0C10F,0.15378411161233693
CC_26B07CB02EA3,0.5664153286198692
CC_26B638BEA8CE,0.12273596476312902
CC_26C33B649FC9,0.05361805248165624
CC_26D5B969A36F,0.3281309487485318
CC_26E3A1226C2D,0.1555896499232906
CC_26EEA3F0224A,0.25731831688845436
CC_26FA5E5A718C,0.1336605198916372
CC_26FE119D4919,0.05033315614405959
CC_270B462BAEF3,0.027106016758233663
CC_270D929FEA9F,0.0754269059431612
CC_2731AD82BA11,0.20181041695271792
CC_274144AE3E86,0.13555822243221968
CC_274AE6E82879,0.14480481792716193
CC_2757A490C5E1,0.08116017063994177
CC_2766F6011BD0,0.37691003604773454
CC_2768E644C697,0.044473569012334145
CC_2770DF70328D,0.06717436127593605
CC_277503968C44,0.5031731184417757
CC_277CE974AA8F,0.27655352800058897
CC_277D246E39B9,0.19660077774206136
CC_27A1CC725B7A,0.05979145993255004
CC_27A798829CA8,0.7663414976386761
CC_27C938FC8DC6,0.4719832657391952
CC_27CA2D819E7A,0.06182246118063788
CC_27E3712F0E38,0.12476464802516918
CC_27F3B3F43FF9,0.030943812816572446
CC_27F9832EAB8A,0.46537264712947035
CC_2809CC131F3A,0.6609888092433884
CC_2812523510C0,0.15503309035173768
CC_28151C75756D,0.04082832617787794
CC_28203CC976F9,0.10197991761977233
CC_282AFAE06F96,0.08766939743445333
CC_282C2404F4C0,0.07296324854008154
CC_2834BA2F19FC,0.2062781943788874
CC_28432E22F47D,0.5742671166813608
CC_2844882CC439,0.04826982033022491
CC_284F79726032,0.4059629909123096
CC_28544783AB15,0.4769192868370931
CC_2856104729EA,0.6918369799299872
CC_28625CD86761,0.16886534728837485
CC_2866BDB46FB1,0.08875425282807654
CC_2872415C6B36,0.06982199389651754
CC_28752737647D,0.6313169493236199
CC_2875C281EE88,0.05062917908336356
CC_287E3E9EDAC9,0.07303820847185799
CC_288A2C49D62A,0.04538660045493271
CC_288FA8CD819C,0.1852044877132038
CC_2891894CCED4,0.0677181678050102
CC_2895608A9699,0.1412197373374894
CC_28A2EF7926AE,0.5932153547501982
CC_28A7DBD2B710,0.1611080046485108
CC_28AD81DF2C51,0.11925745441685048
CC_28AEC29CEC25,0.15835168779013706
CC_28C1C3DF7928,0.0964117263499841
CC_28CA76962EC8,0.17527210594319034
CC_28CD47803B6A,0.06897350684115544
CC_28DF569DBBE5,0.07528355377968211
CC_28DFE611C657,0.09614752810941998
CC_28E11E6A6C8D,0.16095214429407206
CC_28F58ADC7CBC,0.12135106030822382
CC_2916479EBC84,0.121469028972581
CC_2917C6CB0B2C,0.14770041245706184
CC_291C7830D4B5,0.3732942485224772
CC_291FE1744E5F,0.06972095673017145
CC_293124F1ACD1,0.12624000159339863
CC_293C2D704AA9,0.3520848763849167
CC_29432A6B2555,0.1179821740451788
CC_2944B427406C,0.1632468679711491
CC_29468B7035D6,0.12458319893606898
CC_294A9A24E473,0.04234194414766089
CC_294B94EB0E07,0.2696955648480075
CC_2967C29E4C3A,0.12756318935749097
CC_29716D5835F4,0.21072389531110836
CC_297179FF2BCC,0.407017766770806
CC_29803690C939,0.20903493758197594
CC_29821539DC4D,0.13333460052873955
CC_2983C1D2A273,0.16505247521074526
CC_298CAC5A1868,0.6211677706389944
CC_299EBE0FB429,0.13667302696168593
CC_29A1C0073882,0.46910621585342654
CC_29B6065F187B,0.36362429904631194
CC_29BC66C10F87,0.6403377246227068
CC_29BF3C3D9682,0.1627846207824423
CC_29C4425FB2DA,0.19329785903298838
CC_29C5D0D72D61,0.1101213034947519
CC_29D65E313500,0.13374098227039322
CC_29FD856F47A5,0.7389681174511153
CC_2A097F88615A,0.0844787713844814
CC_2A0CB4CE1A48,0.21174728216043043
CC_2A14C1652D6D,0.22341582217480516
CC_2A1F96F80938,0.12032464169081827
CC_2A23F71805A2,0.13377112928810225
CC_2A2BF2FD0498,0.13572055489328977
CC_2A358A1D3DDF,0.6416722813062817
CC_2A3E371F0DAD,0.25696047188962257
CC_2A423FC8A330,0.31163267399354333
CC_2A43368D54F9,0.5113221229542065
CC_2A47A21C0E07,0.6630826660489917
CC_2A4CB02E7A1E,0.1231838049971513
CC_2A510080BA29,0.18195413395189597
CC_2A5316E550F0,0.08120450342315001
CC_2A59695EF90A,0.5737396318955702
CC_2A606D00CC46,0.046185416716552755
CC_2A6C69145AE0,0.08554618205896235
CC_2A6CD71471A6,0.11276519389083045
CC_2A70D6EF64E1,0.08295676340422029
CC_2A844754AE67,0.6169533588636616
CC_2A85A7B242FD,0.1630590098166648
CC_2A9A51067D7F,0.14534438858408255
CC_2AAAD4020436,0.19688247105055778
CC_2AB62BCF3704,0.07737751452592322
CC_2AC1C8DE5649,0.11429247432368751
CC_2AD10D78793D,0.7144767809555695
CC_2AD26446A7AE,0.038321298947543186
CC_2AD2D35975D1,0.09428119866738241
CC_2ADA07B0211F,0.29557770221190627
CC_2AED2D284351,0.32194692337275327
CC_2B01FDE2552D,0.24040516437080747
CC_2B06DDFD7F8A,0.06589691250624434
CC_2B08FBC0A948,0.15905231193440011
CC_2B1914218468,0.7299908598813319
CC_2B1D93E12DC9,0.16593744308691205
CC_2B248C488918,0.0763611065821081
CC_2B256891C60A,0.6185087597135626
CC_2B2801591A25,0.39827012245678994
CC_2B2B7CF1E40F,0.11074692631510485
CC_2B2F4204834B,0.18486500486957466
CC_2B5443C7AB87,0.06251503841903092
CC_2B5D780AC244,0.6594609473384109
CC_2B64E67CFF13,0.04999554071725647
CC_2B6B872C8D21,0.06508410955641102
CC_2B85D931F011,0.08009764977774558
CC_2B959EF030DD,0.14653079043598546
CC_2B973D1AC16E,0.12094954459658941
CC_2B98983C2687,0.043304637237856554
CC_2BA581E7B8D2,0.09117485757568597
CC_2BB2C432C369,0.12220882799344898
CC_2BBE19587CD5,0.08413929265380768
CC_2BCB838A9581,0.14629386103533745
CC_2BD0E9336EB4,0.06491762803340177
CC_2BD1633FD528,0.08938295634312776
CC_2BD58FC8C2B9,0.02955380141439993
CC_2BD6083CAB0B,0.7819315619717556
CC_2BDD47B177E5,0.7844271068541809
CC_2BDE889EB05C,0.2790214371975771
CC_2BF8DB192A49,0.6177005275614351
CC_2BFDF46F3AC2,0.11529238462406308
CC_2C00CF2FAE22,0.14293106638584915
CC_2C06DDBA1073,0.3639661853223622
CC_2C16C7838FAB,0.8013445973861189
CC_2C263A1A732C,0.18688620152144028
CC_2C34105831A6,0.1886258998545725
CC_2C43FFA06F31,0.08616661058888747
CC_2C4DEE4CA1CF,0.05548855681924523
CC_2C56DB55E40E,0.08410147575490834
CC_2C59F565C183,0.13767150937141373
CC_2C7F54E56925,0.17033698057034413
CC_2C8CFCC646BE,0.027366331775953153
CC_2C91AB1DB754,0.05231709895569423
CC_2C93356976AE,0.3879471554718389
CC_2C9DADC294C8,0.06561636046295295
CC_2CA94231028A,0.2619760070172062
CC_2CC8CB17283A,0.19078748852304023
CC_2CCD42AA2376,0.13448621688613638
CC_2CCFE560A79E,0.06279416381326143
CC_2CED227E5216,0.11959580857525784
CC_2CF326E90715,0.036327002418471845
CC_2CFEA03CC6A0,0.6538797165364322
CC_2D1D032137DA,0.10496557128121398
CC_2D258781011B,0.1755538598120422
CC_2D30260A1CEC,0.20946241536869423
CC_2D35C002A9F1,0.14640986713373186
CC_2D45DEA4EB25,0.14145842513870552
CC_2D5494C13FFA,0.08385685967649417
CC_2D5EA2953E81,0.22404439514527333
CC_2D6E7894EA16,0.6565518751847361
CC_2D7DA36360AD,0.22299631711075296
CC_2D7DFEACA38C,0.2956829681814099
CC_2D836654A121,0.1497315309721046
CC_2D9CDFC6C57E,0.7275666978790496
CC_2DAC67585B03,0.20878458498441307
CC_2DAE338809DE,0.28794138792507706
CC_2DB062A18C75,0.49577832441832237
CC_2DB2C55CF89E,0.7797522897420697
CC_2DBCBF870292,0.0311727301390003
CC_2DCBC03B4FA3,0.743912800481779
CC_2DD78131B5A1,0.11287250184269601
CC_2DD7BCA75AB9,0.12226334058314897
CC_2DEB49017220,0.10080277851513342
CC_2DF6C71ED372,0.14208195995245898
CC_2DFBFA1A4FE8,0.14775967930207284
CC_2E12A41F7733,0.06869193062360401
CC_2E1A348EB1E6,0.11696737851599154
CC_2E23CB0F6F7B,0.35793166965270723
CC_2E3634587158,0.05329153971716492
CC_2E3F4B14D8DF,0.35758240761401194
CC_2E3FDDBF4F48,0.18986934749387524
CC_2E61C46BC16A,0.1589722966189831
CC_2E62AEB14351,0.3095323505750607
CC_2E6F1C0ADEB8,0.17845159099697094
CC_2E7415FAB62E,0.0752693055102853
CC_2E77F7444FDF,0.03486044449055966
CC_2E78431BE3DB,0.07845328753039821
CC_2E7D44FB8075,0.14795704660269882
CC_2E7D8539BDA6,0.2980915263650428
CC_2E7F248874AA,0.7183351234746751
CC_2E85BB8F3BB5,0.08029302757180362
CC_2E8897E4D9BB,0.23021123845854327
CC_2E8CCDE89E2D,0.23552723081587915
CC_2E927D910813,0.11145734640194888
CC_2E9891F5A2D5,0.13142995802086935
CC_2EA56A7EAC04,0.27157257041889105
CC_2EB45D13B248,0.12683543109068185
CC_2EC924B0EAAE,0.11478974123969148
CC_2ECC248C96B7,0.04240153945782442
CC_2ECF0C98B06D,0.37277553728055735
CC_2ED3F6481454,0.1573516321814191
CC_2EDDF0B40ED8,0.13480584453131308
CC_2EE2A139642B,0.1336174931187907
CC_2EEE072DA301,0.19616231156323954
CC_2EFEBB85DAEB,0.1467124352093924
CC_2F133BEFAA69,0.13595926255577148
CC_2F1AAE3B81F2,0.08000089991414965
CC_2F1BC47CC90E,0.036612174618423754
CC_2F2128FBBDDC,0.15158032124551854
CC_2F3D3342834E,0.06754155895030223
CC_2F42D39F710B,0.6263290774068639
CC_2F4AFE398419,0.6867583499348116
CC_2F4C24B38EE6,0.05005752163065814
CC_2F508C0838A6,0.08291830633815464
CC_2F50EC193942,0.21148488495834672
CC_2F5BD03D4900,0.06157581481732234
CC_2F73AF6728BC,0.0388005593677784
CC_2F7EBEAB9CF2,0.18391883943149104
CC_2F9AD2BC25F5,0.05982108567325893
CC_2FA3172ED3FE,0.6876550944610598
CC_2FBEF8808F48,0.16794429529738103
CC_2FC014F0EA3C,0.08988977050566171
CC_2FC3AD2EC986,0.24831357501152213
CC_2FCC82AC097C,0.28621716813945175
CC_2FE2ED7D464E,0.2694720657630174
CC_2FFCC9802D2A,0.17913932327100002
CC_2FFE32627DF8,0.20372051933784444
CC_300BEA90EF3F,0.1534152953749539
CC_3017B64D0364,0.20719401851533836
CC_3017E5E87C94,0.13966524814589562
CC_3028375CC87E,0.789430531532922
CC_302A48CFCEDA,0.07012714030523713
CC_3031F96196BD,0.34187612395495404
CC_30328ADA0AE8,0.09048737737770982
CC_30451015D913,0.024686587294932956
CC_305D33AC15A9,0.7454229308488545
CC_306015CFB66A,0.15270346125540837
CC_306413849CEA,0.4170759213439419
CC_306EF0BC7CB3,0.024115371552959196
CC_3075C5B861A8,0.09652010095765358
CC_3083D9B76858,0.04172536250827506
CC_3096994A495B,0.19846731263511355
CC_30B106BC1657,0.17989171436910123
CC_30B967417C42,0.1962981321927918
CC_30CABAFF5453,0.07693799604212082
CC_30D68208FB23,0.3486093058647537
CC_30E2A90BACAD,0.1683964591418293
CC_30FFD856443D,0.6063627068557889
CC_311EF26786A8,0.08316474884820801
CC_3129843EADE6,0.6930084826302603
CC_312C34EF683B,0.04606085427671801
CC_31302B64C078,0.10786260017240251
CC_31344A25B569,0.02495697825699074
CC_31397A399AD5,0.07081479166214916
CC_3145B5EAD7AE,0.2197159651027837
CC_3146EE0BF81A,0.13219678002000806
CC_314D02632843,0.3075732387869128
CC_315133406E42,0.23762188830538622
CC_3180D1C6FB7E,0.24454259936906397
CC_31827EE8A968,0.2955538128828308
CC_319BE06CC27F,0.03455003778336163
CC_31A0A97AFFCC,0.4932618702096129
CC_31B22116E36C,0.16427534872309243
CC_31C78D9B6494,0.3808211321232312
CC_31D3FA367B41,0.11449824098601045
CC_31DAAB3E6DA7,0.16286718680460574
CC_31E36F666FB7,0.07730984787604737
CC_31E72EA14FE4,0.10318150000743291
CC_31FC6DC9482C,0.23090836692098468
CC_32076DA6AE23,0.15304318760913138
CC_3209FA12D938,0.3058111184222697
CC_320E17F947CD,0.4312392178944939
CC_3223C706DD92,0.23620692474653324
CC_322EFB2E377D,0.09992621634595533
CC_3248EB928073,0.0734165974491788
CC_325D5DC52B1F,0.08268972646322667
CC_32662A6DB78D,0.1668632682422864
CC_328DD3BA068A,0.23027456817848557
CC_328DF7798F91,0.15502570264456436
CC_3295CFEB188B,0.08466471132750289
CC_329DC79286ED,0.6890955699068884
CC_32CB77D55C73,0.12585054202783102
CC_32D129B9E651,0.09209392461148541
CC_32DB12551D37,0.6578449770617044
CC_32F00D77D5CD,0.11332807813852924
CC_32FF5F6892D9,0.21190041186686337
CC_3301EF60877F,0.13134180784356722
CC_330F334BD816,0.11153973741225207
CC_331285B3494C,0.20810094751286368
CC_331364283D5C,0.11233680281309126
CC_331718E0F54F,0.16554446848829596
CC_33194D48FF66,0.07808979817443243
CC_331E8B8BCAB8,0.06290657975946469
CC_33254134ABA9,0.778532805250895
CC_332E42439579,0.09730805138057169
CC_333102AB964C,0.14616464421037528
CC_3338AC0E8112,0.25504838795402485
CC_33656EEDE6F2,0.4054839573459531
CC_336777D934E0,0.46435784474941977
CC_336DBFE464D1,0.5135865998785784
CC_3382BB2F3152,0.1392615851790895
CC_3387207793E4,0.033649969606736975
CC_33992C973839,0.20473296746170738
CC_339C36703675,0.09293546187453247
CC_339CA5814519,0.10202851083759278
CC_33B157F2A921,0.11759681300385742
CC_33BBD10F239D,0.0644481098240838
CC_33D3B12EE56E,0.08760515468646579
CC_33DB68EA27CB,0.09575945746821599
CC_33F0B95E70CE,0.22372344329973817
CC_33F40275D630,0.05009426724354647
CC_33FD5DE22692,0.07959095732388409
CC_340961106343,0.11515515967392681
CC_340BB1F4CEF0,0.13701982535770874
CC_3410B11F1FA3,0.15837074941865376
CC_3424972707B6,0.6478193546920457
CC_34452758A645,0.027106457869190796
CC_344D239879D6,0.13135749192433746
CC_34503B6891CE,0.22003584088385306
CC_3451722A3813,0.07075683477840107
CC_34517B513D8E,0.46760452212911896
CC_346ECB4CF2F8,0.09781726080091006
CC_3478E8B6B56A,0.058891918149981806
CC_347AFDE16722,0.0824416592749257
CC_347B1A01467F,0.041195785190490226
CC_348AA62FF484,0.2929535902004477
CC_348D3F098A4D,0.0883679080828563
CC_349290E4D0C9,0.14080067336838434
CC_349347D553D1,0.26626438802480085
CC_3495CE27BB05,0.253006914131818
CC_34B10A654721,0.1465214695083052
CC_34BD2C5130C8,0.12248687759367455
CC_34C433439160,0.057899859389199046
CC_34CA271F73E3,0.31341155064661524
CC_34CEBEA3B15A,0.0675283159391413
CC_34E58CF793A0,0.154270257426461
CC_34E6909B6027,0.501708750252514
CC_34F4292A8B5C,0.18206170951065412
CC_34F6DD223594,0.04097218537001655
CC_3508A7A5E9EB,0.14680049004081352
CC_35094977DD75,0.14445909719141792
CC_350DE157CE6D,0.15818966943162321
CC_351BD5C2EE8B,0.018773473683296335
CC_35486249EDEF,0.2016881889423501
CC_354C9ABE6DDE,0.0617363260643603
CC_35578162927A,0.11308990821256187
CC_357C3E7518D3,0.7358987517198756
CC_3584C15BF11F,0.03260740069033847
CC_3588C5166872,0.08465984011144337
CC_35A68306B19E,0.24917102114385825
CC_35BFB3093D02,0.04341079148484824
CC_35C085ED37BD,0.5345504273636372
CC_35C695C13279,0.07030597685616546
CC_35D1668A4C13,0.21824594403495984
CC_35D27495E0CB,0.7789887558523887
CC_35D562E1DBE1,0.6892538164001932
CC_35DCDC74A757,0.4685202259716289
CC_35EC2AB1D1EE,0.13924305793031455
CC_35EEB90317B9,0.6045223999652894
CC_361A9EAF7706,0.2836439689526851
CC_361B968FEB98,0.29811638858760636
CC_361C9FA031A7,0.76837742759044
CC_3620C5D1B3E2,0.05839855124095826
CC_3622D7221940,0.034435891745099326
CC_363175E92F74,0.3121870455042091
CC_3638C9146BFC,0.15095522958600333
CC_3643A4C7EC5C,0.055960797849214816
CC_36690A9AE112,0.7352811840331166
CC_36719170F638,0.08245485138916178
CC_3673466BA7A7,0.07764151621696319
CC_36847054DF52,0.3483137475899928
CC_3691CE792752,0.7422735118639333
CC_36A27FE53743,0.5085527851242038
CC_36A3FB06D1D8,0.7800334022690271
CC_36B0F2AD5413,0.05639586157204143
CC_36B1B7BF5F75,0.16567469555343295
CC_36B68E66951E,0.44473783421520197
CC_36D3F09AD810,0.4329700847359079
CC_36DBD8424220,0.5639190943429334
CC_36E5645D8018,0.0842808057133699
CC_36E6592E4E23,0.1710868544535967
CC_36F143AEC864,0.0895599128251506
CC_36F2A735DF73,0.18278980927464608
CC_36F81C003E8F,0.030932084684209483
CC_36FCD55EE425,0.5337231131968736
CC_3701D5DB7FA1,0.07710424720215926
CC_3706E1EB2587,0.5644751249759634
CC_370E0F8EF86F,0.5697674400969304
CC_371D47444D5B,0.6976765361557619
CC_372CFE308EA4,0.6475725995204061
CC_3731D90357A6,0.2511671723358808
CC_37322F66C543,0.031053000662425972
CC_373539DE38C5,0.13123439101891207
CC_375225700242,0.3240259814340451
CC_3762D0B6F3C2,0.11559924117029743
CC_377A277E831A,0.14629513409092776
CC_377B6066B91B,0.27047154634713455
CC_378D71726B5E,0.07252880892478576
CC_37A46BD0DCBF,0.03745772636603528
CC_37B447368F02,0.7180889787249429
CC_37BFDFE369A3,0.2174225972796709
CC_37D09FE492BD,0.06996012221858817
CC_37D3F4C07235,0.2930534311904379
CC_37DDACE48E3C,0.12499053302317582
CC_37DEF85C0A37,0.3079643302129126
CC_38020CED9EEF,0.08199833853811583
CC_382207621EC5,0.7988542903702391
CC_38374AB27F95,0.0768344293661708
CC_383A5544DD5C,0.1275185391154236
CC_383C129A5B96,0.2362870895700532
CC_3847AAA649C7,0.11601656781245819
CC_3849D992C1E3,0.07918669228072589
CC_384BB17F0F0B,0.6164366966460868
CC_3851177E5E76,0.07299126271675224
CC_3862F88850B8,0.2810399191207333
CC_3867CFCFCC94,0.23836205827471868
CC_3872ED018F85,0.1759845555844276
CC_3881A587C072,0.13376633668953278
CC_3882F8EB5EEB,0.6089502323460623
CC_38911341EA6C,0.08601931712012906
CC_389E5B71E254,0.605326328225678
CC_38A0DBCD3728,0.07332008154783631
CC_38B3E9142747,0.09005795381305332
CC_38C1B8860300,0.04742736354591128
CC_38C8CF250B60,0.02781690258541489
CC_38D32B790B4A,0.13751401596812354
CC_38EB304A9915,0.18140685072707263
CC_38F26461C872,0.7691993740347289
CC_38F942257E28,0.5395607910737068
CC_38FA5D78A8A7,0.049057948056347854
CC_3903D7BCCA95,0.06103273330159818
CC_39043D7ED04D,0.1925897576194574
CC_39098B256732,0.062446698443236866
CC_3909A2E4C679,0.1381597859059173
CC_392344DF8D55,0.3351557136051026
CC_392628C8AD47,0.09455281360558544
CC_39285F4C42BF,0.3944360872223692
CC_392A376EA1A2,0.09422422142340829
CC_3932E086F150,0.17060206893885096
CC_393D1D3640D0,0.06260850330472521
CC_3943B3490B49,0.6771291932800118
CC_394DE164DBCD,0.13486161473803937
CC_395600E84A54,0.12817507225380523
CC_395D181A7E1F,0.09752397340588347
CC_395E8CACC437,0.1296733184293565
CC_39635AC6A70E,0.06062241240506079
CC_3969352E3ABC,0.08974419576124618
CC_3985C0DF9CB5,0.5591783598560132
CC_3989F2C6A9F8,0.20591706490256848
CC_39A82672A1B2,0.07277969075827892
CC_39AA15DAE17D,0.6074635142170164
CC_39AA2A3D98CC,0.02814740139217177
CC_39AC257B00C5,0.09921774884481689
CC_39ACC63CDAEE,0.11481564873646108
CC_39CE40784C2C,0.1968937874458727
CC_39E1A306D418,0.14140793837391535
CC_39F2B11C46D7,0.08133765727532966
CC_3A10F5F50A27,0.047581551535699804
CC_3A27CF9D162A,0.5913404832338206
CC_3A297424A7F7,0.10948136319215239
CC_3A39F7930BF3,0.0889590764925532
CC_3A57566F9977,0.5918865752660377
CC_3A61121254E6,0.04435581216395967
CC_3A81C568A7F8,0.18722526450635876
CC_3A82E7050A4D,0.03541439824704582
CC_3A860AADE6CE,0.1494372643259388
CC_3A8B3FC29C9E,0.12773838531049714
CC_3A8E9056A5A2,0.0890845097390798
CC_3A9617A5777D,0.4407486266130744
CC_3A99D25777CD,0.139638109145667
CC_3AA9E8D01340,0.5617328824298568
CC_3AAEFC09C290,0.7182521593475946
CC_3AB5E579843E,0.2622028214767579
CC_3AB77A30AD40,0.17858326871714578
CC_3AB7BA36A414,0.3307741919926349
CC_3ABA830A5BB2,0.11272618230912881
CC_3ADDDA550A57,0.10379103816556376
CC_3AE7B1151DC9,0.12902386461969872
CC_3AE9A209EE00,0.04033393589777311
CC_3B06FCD75C98,0.056112734924016056
CC_3B0722FB5E8E,0.28906281700649245
CC_3B1C51DD7429,0.17121384795092884
CC_3B1F4696D710,0.6199723120280518
CC_3B224413A072,0.2528514857904034
CC_3B35C3783CCD,0.2550214666612711
CC_3B3626F3DF9F,0.22913069270265815
CC_3B4405C7E486,0.56086154629436
CC_3B4C4A9C9D99,0.2596715484169059
CC_3B72F0E9E3F8,0.22422786847528167
CC_3BB02A95C6C1,0.7287442131011339
CC_3BB8B675C2BC,0.3771879427014128
CC_3BC51B069218,0.10099881241038214
CC_3BCA5BD201AC,0.17158825074238993
CC_3BCAC9793441,0.3079589797064262
CC_3BCBC867AC4A,0.03744653726131551
CC_3BE51412ABE7,0.431100670620285
CC_3BEA98B401CD,0.68162082914029
CC_3BED6DF1ABF1,0.17024633518472007
CC_3BF0BF7CF827,0.7839413959386896
CC_3BF110035599,0.6229289920717059
CC_3BF213810DEE,0.6817230537226454
CC_3BF21CA88D3C,0.46095788145621186
CC_3C0E29764C71,0.05671305768169834
CC_3C19509D4636,0.16076296358803138
CC_3C1B038BB068,0.1640603802178341
CC_3C594CADCA2E,0.19803153715934735
CC_3C5D909498F7,0.6381511206525512
CC_3C68D5179A01,0.11536179760696123
CC_3C83955704BA,0.7732574138795673
CC_3C93218F41B2,0.28883513553809326
CC_3C9CFC8FB4D1,0.7047902991687836
CC_3CA266EB55BE,0.11740652229275825
CC_3CE49C937F7C,0.08832328936599135
CC_3CEEB9C04F0B,0.387329957806266
CC_3CF504AD4DD9,0.06647394572545404
CC_3D1092DBC5C2,0.21764219546912206
CC_3D185833E7BB,0.03820244559270411
CC_3D2309981121,0.33120129116417873
CC_3D27A0086AA6,0.2020664088149864
CC_3D3BE7D0F4D8,0.12759444429184114
CC_3D412B5EA919,0.08376525219461713
CC_3D47650C6F30,0.06292363961055499
CC_3D55D1FD8457,0.05105895263914174
CC_3D599501BA76,0.07699048377032708
CC_3D6181EE3C87,0.6691691315940276
CC_3D65CC165F44,0.1370358691243441
CC_3D6CF6DB8014,0.37333002056765596
CC_3D7C14801D40,0.17172775487285982
CC_3D836BDBF866,0.6629764558392609
CC_3D8DF3A3DB71,0.7543742061425456
CC_3D9309851089,0.17853000047205192
CC_3D9ECB4274C3,0.1173563881192921
CC_3DC8A9A92802,0.31149573419199633
CC_3DDD3813D1D4,0.08863555556447977
CC_3DF3FFB3CFC7,0.10670913665323994
CC_3DF88701601B,0.15129451605108007
CC_3DF91A482CFD,0.3194761050515039
CC_3DFD6349D046,0.6528112940999604
CC_3E0D54125AE0,0.17388981918087498
CC_3E10CFE1DD57,0.043380097657565085
CC_3E13CB98572B,0.1323599528503493
CC_3E142C8ACA6F,0.08924020132567537
CC_3E1BAC4E5B90,0.07327624045245178
CC_3E2DD0D1E2D8,0.14664594841440398
CC_3E403BF08A45,0.08691971001998335
CC_3E46368104AE,0.0950467761271339
CC_3E48A086B5C7,0.23760330501698576
CC_3E54451B0F6D,0.0863147727340594
CC_3E6335ED3F4F,0.0770084994085323
CC_3E87A65C50A5,0.15010001077781263
CC_3E91109E2090,0.05666907982987955
CC_3E92A1EDA618,0.2495169145654804
CC_3E94684FE270,0.45580870025440706
CC_3E9DB402F352,0.14378886424267698
CC_3EB5A15A6C04,0.798829499959159
CC_3EB8A9A6C49D,0.10771313273667282
CC_3EC96BC884F2,0.12080412043428117
CC_3ECA9E44B90F,0.2885969150681216
CC_3ECE4EF16A44,0.1596402859172908
CC_3EDDB8E70F57,0.20150705449365797
CC_3EDF137D0E1C,0.13044397581804376
CC_3EEEE844410D,0.3585736258228133
CC_3EF4F348C967,0.12154719019440725
CC_3EF91DD11A81,0.13582279767924307
CC_3F08C55E7A40,0.19207648364309274
CC_3F171CED0CFA,0.022815295795264548
CC_3F2544EFA753,0.136436178320371
CC_3F28F3286CCA,0.0717421629960128
CC_3F379CB37B0D,0.19085528838711963
CC_3F42D798AB1D,0.6456235977618257
CC_3F48724540D5,0.16358466697589255
CC_3F68068E2D5E,0.1063959502954814
CC_3F7FBE71B77F,0.053978474625898255
CC_3F80017B8599,0.04416773233218501
CC_3F8B17953200,0.06233917473639637
CC_3F964BADC4BC,0.7397532137322183
CC_3F9767602FCB,0.19984085586982123
CC_3FA84F0B23CE,0.043934560106213244
CC_3FB4B189143F,0.1432084243178648
CC_3FB7C976EB26,0.4912268905082791
CC_3FBCEB2F36D5,0.13592900207124314
CC_3FC4FE843245,0.11962221495678867
CC_3FD52E32FE8B,0.6700669270906368
CC_3FDB44EC6254,0.053685139102572714
CC_3FEFBD6DC62F,0.23900461406487747
CC_4005466D00ED,0.32062358009005454
CC_40095FFBC1A2,0.05476869875039114
CC_400F1887A662,0.10709443247900347
CC_40133FF3069C,0.07890894436568938
CC_401C6F0EED5A,0.10945125850113527
CC_4021AD03FA01,0.11744962971999334
CC_402E91F3A56C,0.1189045217641951
CC_403754B6988D,0.1124019359062466
CC_4052DFCB1656,0.22034706511461447
CC_40579C5C13D5,0.8076119195741203
CC_406937FF97E7,0.08228167691879093
CC_406C4233347A,0.1863321817352043
CC_4073E42E11E4,0.24883738026508528
CC_4077BB12A5F4,0.09763903330281438
CC_4077DD5B5C4F,0.11540789205699212
CC_40824D899215,0.07395718730766848
CC_408D79189FBF,0.31544933480726833
CC_40A3F1D5EA0F,0.35771685774507006
CC_40A852A592FB,0.11172177966778583
CC_40AADA91D560,0.20329488142874164
CC_40B39CB2CC58,0.028916875354394012
CC_40CE2030F058,0.05608495675177461
CC_40EA2F8481E8,0.1602306626656231
CC_40EFD7778F98,0.14911551947358212
CC_40F278D49681,0.27359780801957345
CC_40FFCF631F19,0.403965012457281
CC_4101D1B82788,0.20674809133083952
CC_4109B79A4B06,0.034657386988447156
CC_4119348F051A,0.09996190359215415
CC_41206EE45803,0.06948921717863149
CC_412DF740DA62,0.1346334401704729
CC_413AB4CA7451,0.1021970704049135
CC_414C06C60FF7,0.7188902079695431
CC_414F50748A51,0.05314972867747368
CC_415C65EA66AA,0.04317883454642982
CC_415CED95F7CA,0.13407741810893756
CC_416584250060,0.09766088477337356
CC_416B3A1F0F0B,0.0956594773448358
CC_41735021FC7A,0.17205689220289233
CC_417858CD20F4,0.09625563463004497
CC_41902EFB3974,0.04054820930573505
CC_41A27790EFBF,0.1280411180809075
CC_41A4A223F39D,0.10394160563977198
CC_41B464757ED6,0.12675389508377663
CC_41D1A87E1136,0.4387302232050096
CC_420FE297808E,0.04042813917024664
CC_4211096D5588,0.14332910335336843
CC_421F4D78128B,0.4719656999449959
CC_422F2780C85A,0.3171829270738203
CC_423B0296BE24,0.0733834888372156
CC_423E78000AA5,0.15031535214766345
CC_4246081DD359,0.09537329620277327
CC_4249EDF2FDCC,0.7953288091655057
CC_42568C67F412,0.36283655560911576
CC_426A25EA9E21,0.735672877016672
CC_427ECDDEECE6,0.29811929061238696
CC_4289EEC8F0A2,0.17965153315403676
CC_429A7158AD07,0.14699034924519547
CC_429C51AE729D,0.036378473675056006
CC_42A0DE1E5E80,0.07446858131157193
CC_42A7D0F5388F,0.08489609897123217
CC_42B23C8C9F66,0.19363248643171346
CC_42BD3999AC3E,0.2432755735983475
CC_42C95B199130,0.40449680943235733
CC_42CD6CE97523,0.43654093171533664
CC_42DA114F12A2,0.23815575367233482
CC_42E2736AA331,0.1965308977543238
CC_42EA825C351B,0.4479916231833925
CC_42F1B2B4D258,0.5578373148349377
CC_42F4588EB38D,0.2971778776230634
CC_431F29A12E99,0.23304401055723614
CC_432EB78A198D,0.24068123031470506
CC_43383344BC72,0.178604565271917
CC_4339187DD10A,0.05853945773507851
CC_4344A2E7EA1F,0.5096633568810254
CC_4347468ABE51,0.5779629767126058
CC_434894BC2577,0.046953202293290565
CC_4362DB93FC92,0.09475258594259289
CC_436850DDC704,0.13029694304758702
CC_43698E2EEA0A,0.1021323527684721
CC_4387F73F131E,0.14374209164761367
CC_43A33C994C70,0.35108166772933014
CC_43ACD82B5514,0.2862256800573808
CC_43B37131B8FA,0.20739327122712475
CC_43BFCAF8BD20,0.16601975620995615
CC_43C060E01266,0.19918644111048012
CC_43C41AF27375,0.052720544700859864
CC_43C5AFA48B93,0.06117983882730127
CC_43C767A44C55,0.19341740575692673
CC_43DECAB53552,0.041886306740677955
CC_43E6D931158D,0.3591251231586967
CC_43E9F88019F8,0.05434483472182026
CC_43EBD6EBD675,0.06421411293397085
CC_43F81C577002,0.3171445708064932
CC_443C4E041687,0.07209034610619626
CC_443F63BF238A,0.09838534802741047
CC_4463776F9AA1,0.08567555808659116
CC_446F1EDF03C8,0.05685231898761523
CC_447BAD4F7820,0.8211234938285972
CC_447D02F917B5,0.0541850099608738
CC_447E705746E2,0.15218757510043202
CC_44A017104F93,0.6550271019769
CC_44A1E58CDBC0,0.0460410671940039
CC_44ABCC04C418,0.06878681089053153
CC_44BF6BCCFC2E,0.045370168927933496
CC_44D0671A3B87,0.12723063313352992
CC_44DBEE3A7D81,0.18863898517028488
CC_44F7DD6A88A1,0.2065013492863978
CC_45080C42280D,0.18815838313303168
CC_4524AD74135F,0.4647765720654067
CC_45262103231F,0.1887690320159907
CC_452D8C5D039C,0.7870731841672117
CC_452DECDBC90F,0.06367902205884905
CC_453C9B3A5992,0.501715505386799
CC_4542AACA1FE4,0.10443858230947262
CC_455209549D3B,0.7904427146175168
CC_4555C804C4D0,0.06340497599166002
CC_4581E4190B2E,0.10276722158442936
CC_458912F91D6F,0.42360497323839086
CC_45913E1BE65C,0.31810676022664414
CC_4594791FB40D,0.11093116338916657
CC_459B49073E2C,0.3520487038024859
CC_459EA8E0E2EF,0.13420981397881343
CC_45A4A38557E9,0.13449715421097172
CC_45ACE2B1DB6F,0.054417382234008445
CC_45C1A92F0E8D,0.09672070047405495
CC_45D0673EDD20,0.15844377287763306
CC_45D70DC84DA0,0.10833446207012579
CC_45D96479EC1E,0.059813749361784505
CC_45E8597BF74E,0.06062466120598381
CC_45E97246F83A,0.2977682737554446
CC_45EC44761309,0.13295340128110433
CC_4603A6F83E2A,0.056957205567749615
CC_46045CEE8330,0.05353383215857151
CC_464E17187A4E,0.40120531814416704
CC_4659FB4B8536,0.14080829965110364
CC_465EF4F9B68F,0.15544189680401233
CC_4663FDE62E3A,0.27387524197429053
CC_466D54BE0809,0.07244712132822986
CC_466ED9BD34B5,0.06802843668349406
CC_466F7908E13D,0.1960630044243404
CC_4695A5525A11,0.1736937251857749
CC_46BBB8A4854A,0.04901564256238884
CC_46BC61EC8F2E,0.1932142766084609
CC_46C0DFA660B0,0.11981841778763642
CC_46C2DCF84CA0,0.0997906710611374
CC_46C38B9F0D8E,0.09710980552036325
CC_46CAB9AE7C87,0.5266293226228336
CC_46D0D1ADEA59,0.16957492134928737
CC_46DFC1AA0821,0.7793463967883542
CC_46ECA5976180,0.12454011007599257
CC_46F5F6D27991,0.08620423729943628
CC_46FE9F226120,0.2250636130472765
CC_47130CC63FC5,0.17670199121954427
CC_472330768F5F,0.0837326362418657
CC_47292EBB8BD1,0.12584943479717559
CC_4734AB1281DA,0.059592211953768445
CC_473989E6BA47,0.276794124748415
CC_473AE07014DC,0.16922402514606116
CC_4741EF45C3DB,0.21459043927477567
CC_474586BE49EB,0.14151715380105023
CC_47490BF44944,0.3133401128645146
CC_477213DAED38,0.07717649763552505
CC_4778086276B7,0.1458446364167449
CC_47910B073CF3,0.16476922989984702
CC_47939776FDF6,0.7123634268022122
CC_4796F6A64420,0.06259120301712741
CC_4798549B52ED,0.3189077081279645
CC_47A3714E7D2E,0.30810122559454595
CC_47CE219EBAAD,0.1667769910151512
CC_47CF9074E03E,0.15875556500913285
CC_47E4537A53FD,0.14634575924079335
CC_47E8BC938FA1,0.1352469883840958
CC_47F134D17818,0.13109079940070842
CC_4812FBE05C7C,0.35754234559619524
CC_48152725FAB1,0.5483461538510532
CC_482256495FAD,0.6788740520919377
CC_4829FF15D21E,0.13672562134347396
CC_482D26D81935,0.6450406669335327
CC_4838990A8D02,0.05139900990677815
CC_4862EA9CD1DD,0.04792883326758929
CC_4862F8C1B0AC,0.08391424144364504
CC_486CD67D26CF,0.16042098188340378
CC_486D8F9AE549,0.3371142894481836
CC_4877D1BDB737,0.11924436842420189
CC_4885E34F0B26,0.12536573037476334
CC_48928CA8082E,0.15180218551491811
CC_48A74FF0E6C5,0.08349092652063024
CC_48E0791DDD62,0.07012503631728181
CC_48F620B6A472,0.10310871822251341
CC_48FDBB1D7493,0.13223664097671828
CC_4910EC928152,0.13046422991541823
CC_491C18C17767,0.056624233784307795
CC_492F65EF8D9D,0.7860562782345994
CC_493DDD53B97E,0.05226954436246829
CC_495F82AA5B9B,0.16046319327482894
CC_49618412FF86,0.0792756613198213
CC_496A7CFA344D,0.7643821315960622
CC_4983EBABAE3F,0.06620179767801203
CC_4992C1915957,0.5620532088291277
CC_4993B31028A7,0.08230940055025841
CC_49945441A644,0.17083609674763411
CC_49A80692BC68,0.10943615719807881
CC_49AB67613A58,0.16921651927889728
CC_49B05CADDD95,0.574042766687602
CC_49C6F9AD111E,0.08117881471939141
CC_49CEB94F0B3B,0.041850233249098326
CC_49D3A79B55CD,0.07285664984406508
CC_49D6671DAE8E,0.11556985604360294
CC_49E6C539B1CF,0.05649632853856757
CC_49EEDF0DA684,0.030669935598536913
CC_49FC290E33A7,0.1824443509753675
CC_4A01CF2F67D2,0.7337730822816532
CC_4A16DC668832,0.5202731758284901
CC_4A212461781C,0.06869653145383338
CC_4A237A8E6706,0.1502138001824497
CC_4A3DFA0E27A4,0.12850496626864116
CC_4A513D39DCE3,0.04320449672424271
CC_4A532B0E6165,0.17377491980864215
CC_4A5FA9F1C804,0.10177618854035327
CC_4A7BDEC665FF,0.05817047257936796
CC_4A7FC9B23222,0.3250387381434905
CC_4A8A7080FA25,0.2626963873458453
CC_4A8EFD589879,0.05735085436542745
CC_4A8F7D2B857C,0.16084086337231046
CC_4A91E8D4289D,0.3942522885263656
CC_4A93163A12F4,0.31311410061149286
CC_4A9FEF48EA65,0.11496050596604704
CC_4AA73D751AA5,0.31450057188540653
CC_4AAED0C85F70,0.14327929248525356
CC_4AB1DEF044AA,0.03727904079830006
CC_4AB5AE299217,0.2101877847163593
CC_4ABA0CDC2270,0.174165341031837
CC_4ACFFC2F295F,0.6075655429988207
CC_4B0490BAB1B9,0.07658645333854744
CC_4B28B03CEFEA,0.08982392021648587
CC_4B420765EB9A,0.10998937097188598
CC_4B47C16D9867,0.11798162857718204
CC_4B494C4D7D03,0.4206208392330595
CC_4B4C84B015C2,0.036553721691702935
CC_4B607295E983,0.04166242999165938
CC_4B6D24E81483,0.059990106549567185
CC_4B77AF6FAF2B,0.6649142147924291
CC_4B7EC3F2FFBA,0.05949501469437503
CC_4B85318DFA50,0.11602067718698501
CC_4B9B36B36DA5,0.7445731750165432
CC_4B9E0AD5D692,0.5280326719391488
CC_4BA041C9678C,0.11465215935864936
CC_4BB40F2129A6,0.10910859937815062
CC_4BB8FD274E2A,0.052391013829132894
CC_4BBB8118FBBB,0.14591947030637775
CC_4BC8CB91719F,0.12873247663168066
CC_4BE447D54BB8,0.1707853339075144
CC_4BE85B1BDB62,0.3263222277507303
CC_4BEF3C7F6395,0.24801917673710522
CC_4BF03FF61B97,0.4267619094001761
CC_4BF4C38EAE8D,0.22765419347324417
CC_4BF95B8140C8,0.08981911585926104
CC_4BFE0CB61B5A,0.414504705558119
CC_4C2A3F254101,0.37598743259637
CC_4C351DEB6230,0.23315723559653972
CC_4C38031A2A9E,0.09517916429639944
CC_4C3E35875F03,0.09609776670345463
CC_4C4D79F933B2,0.11264221851630267
CC_4C56497F4AB0,0.6512297343120348
CC_4C827B493CFD,0.17471740244520045
CC_4C849C6073AF,0.12606723119578206
CC_4C869E6F618A,0.1405431621989321
CC_4CA21C15763D,0.12785038377082886
CC_4CB2F1CAE684,0.10883369357488526
CC_4CC0265E0778,0.04860892660776031
CC_4CC5483903E9,0.5360062564707657
CC_4CD7C76FE235,0.4391914978324209
CC_4CE2BFED4F4C,0.07763151184641129
CC_4CE751CB58FA,0.40934389804509524
CC_4CF3E184C500,0.03864360695677821
CC_4CF668E60D64,0.24797488439701199
CC_4D1A1AF53E18,0.03712735151356918
CC_4D29155FCF33,0.22650109624887574
CC_4D2CC7618AC2,0.5610963640790018
CC_4D350FF7402B,0.337429636738291
CC_4D38AE84E3CB,0.17957037586113564
CC_4D4140E1056D,0.08260888112330618
CC_4D5545FAB130,0.5492305529892284
CC_4D55E218946E,0.08055159986855144
CC_4D5E14BD6AFA,0.09436195198212141
CC_4D78935D66E9,0.06049823585935957
CC_4D883AAAC6C9,0.026709618263072044
CC_4D8D8108C51E,0.6138051698799603
CC_4DB40331777A,0.8003910224530018
CC_4DBC8652D26F,0.09214106836167224
CC_4DC0E154EBB0,0.7069123008311052
CC_4DD5B8780C4C,0.10373007212316612
CC_4DE0070FF683,0.11988400975606273
CC_4DE688CDBC27,0.0876994321764196
CC_4DF37857FCEF,0.05981849947125594
CC_4E20F0249BC6,0.7591293907102115
CC_4E2F01B7B9EE,0.16374434583776915
CC_4E41C247B4E5,0.14342641415034868
CC_4E479F6989A1,0.06296758797748966
CC_4E48AF17BC29,0.07689576214252955
CC_4E6BE67E3C4F,0.03924435361291241
CC_4E70939C5933,0.47418258135224434
CC_4E70FB172717,0.1846940724261645
CC_4E726EE8C026,0.21758596459743543
CC_4E76F48DFDEF,0.0941774388043437
CC_4EA180B2B913,0.03334401352470512
CC_4EA67A160C3E,0.6077726533553026
CC_4EE41FC91AD2,0.2025451150098559
CC_4EFECC6C2E36,0.6593620457103637
CC_4F22CB97C34F,0.035057688256352575
CC_4F2444DC6C75,0.7863283758214225
CC_4F2B7F512DD5,0.06952175378977488
CC_4F504A9744FB,0.1143574637473165
CC_4F6FEE589187,0.14650517155497694
CC_4F71AAF96C32,0.0891906979390178
CC_4F76E57C55EF,0.3807534101822744
CC_4F88D3E5AA2E,0.03391774255574484
CC_4F8A4384F6DE,0.13232839775042501
CC_4F8D83DCCF25,0.2217016697241215
CC_4F956AA47816,0.7098337035797593
CC_4F99FCEA10E8,0.10823270982012238
CC_4F9F10A183F6,0.0783720551752296
CC_4FA766935F14,0.12287837690423198
CC_4FB0B9E398F2,0.3140463010419252
CC_4FD0DF6CA3AA,0.042039879981523545
CC_4FD902F7ADEC,0.08274521437175261
CC_4FF1155E3A6B,0.409164098334553
CC_50103368F241,0.08064563929218889
CC_5012B9991935,0.1074222076408691
CC_50172FF2C2C1,0.12870525697124766
CC_5017C9BA7773,0.05143335075061702
CC_502C3D0EC4CA,0.12203725885417632
CC_504157951119,0.04856665334190121
CC_5042938B5A9A,0.4459737104973722
CC_504A57293FE4,0.8000509532630983
CC_505812CFE43B,0.35719840364224664
CC_505A6EB06E39,0.3003247224417871
CC_5064CCE0EF29,0.2225478326075619
CC_507BDF639FB5,0.17456438456036696
CC_507E53684AB6,0.14016726211786346
CC_5087A0D1765D,0.22068034110543625
CC_509229AEC221,0.20397575956835218
CC_5092D3A72B03,0.24722395135320263
CC_5092DF691F74,0.5056637109749711
CC_5094BB59416F,0.20483691779916768
CC_509926B384D8,0.7577385831970405
CC_50A6C96DA7D3,0.045593759385509545
CC_50AE75A10F3B,0.2983837762207514
CC_50D4BB93EB1A,0.06523742351809055
CC_50DF7B02E356,0.20073296724658113
CC_50EB53CFE7F8,0.05170297082687718
CC_50FC7D563CE4,0.1669385925252599
CC_5100E6EAA3FF,0.18259303458177462
CC_510F2944B2A0,0.13413648269568723
CC_5128881AAD54,0.1497973252439206
CC_5138941DB7A2,0.12282511509274736
CC_5139EF8BEAFB,0.13866063029573147
CC_513E5EEC6B04,0.11387565902004744
CC_51427EF15375,0.2879506021829772
CC_5147B281DA64,0.39346901108811677
CC_515D968ED36E,0.07853426441836993
CC_5176FF858154,0.10174012382512468
CC_517CB40FB016,0.07687273002971873
CC_51884D5F3E4D,0.10435639515320497
CC_51AE98263438,0.13793542486759572
CC_51C9CE782368,0.18060753388801812
CC_51CC80D1570F,0.05121699689302464
CC_51D2E3476902,0.06345187781264218
CC_51E05E706D64,0.1227759915832253
CC_51E5A5E9801C,0.052523405298396095
CC_51F5DA44F9A0,0.3807235943050671
CC_51F6BDD355F4,0.04422340246156097
CC_51FE657FE212,0.07971261809946975
CC_520950C9BAA3,0.0554912409749828
CC_520B1D31AB99,0.11361686769809565
CC_522550E1761D,0.7586795651847671
CC_524CD519E76B,0.08627806584397636
CC_524FE9E3DAD3,0.44287627153218434
CC_52629A025048,0.11459600243436624
CC_526765FC100C,0.2266563712803048
CC_526E56249FFA,0.28759893956563254
CC_528B42A34966,0.2565957863335524
CC_5292B36E4882,0.22902612897181815
CC_529A2F110236,0.12745750299465497
CC_529BC4ADAD6A,0.20340366245545552
CC_52C1C5A6F887,0.08927637720219929
CC_52C3B674FDFD,0.22034264380072463
CC_52CCBB8F9964,0.08118062825950434
CC_52D21FFA24DE,0.7386913068032016
CC_52D32EDBAA78,0.19459091908854725
CC_52D7821A8363,0.13162507208607435
CC_52D9087EBCD6,0.7908698069728947
CC_52DD62E1AC2E,0.1982222941454538
CC_52E8B04F0FA0,0.13930078718617803
CC_52E965E9E2C3,0.1476141421207202
CC_530BA492842A,0.29741949390508016
CC_530F6E906D6B,0.04194412395068735
CC_531FCFBE3B13,0.09038625504111612
CC_5320DFEAD897,0.17758264703148594
CC_53319AE7B829,0.6498291523640211
CC_53481151859F,0.04233100890970263
CC_534D4FC05F82,0.17802180846779572
CC_53687DA8C9E5,0.3533482079928128
CC_53795A7B7751,0.04724865774812893
CC_538328A6B3BA,0.4559815622172907
CC_5385266461B1,0.1828929374634756
CC_53891CB35BF8,0.15534491357473806
CC_53A6E1083B13,0.06536611099888502
CC_53A77DA726A4,0.06842877520958604
CC_53ADBC2F6E34,0.22934259948631008
CC_53B249809561,0.09417925989867817
CC_53B2DF5B019C,0.05062592029220329
CC_53C1F3E031A3,0.1680544602313443
CC_53CBF2E8AD05,0.41409624278929713
CC_53D04793ED9D,0.07121573472740193
CC_53E23A9B6F74,0.05737986586549698
CC_53EB59C99100,0.42712718148739504
CC_53EB9AC04311,0.11316204418201631
CC_53EC732C9B30,0.027716009890175593
CC_540122E71534,0.1269352267707354
CC_5405C89DF8BD,0.6959677098404956
CC_540D69F5BA23,0.13309884353476675
CC_5414446319CC,0.686230415723598
CC_5418410F95A2,0.07945655986857973
CC_5431A01C30E4,0.07924072181257201
CC_5452437FC605,0.39829024825620735
CC_5452979BF98D,0.05814358971817583
CC_546EE83F84A4,0.5201701275741702
CC_5473268241FC,0.15629841986875345
CC_5474EE64D859,0.2705831102778391
CC_5476E2B2FCA0,0.1343614494251269
CC_54892024F98D,0.19547466513012676
CC_54B33C66DCF7,0.09063490720855152
CC_54CF66B660B4,0.44405933610357207
CC_54D3A35EC69F,0.06672323828390109
CC_54D6AE2665AA,0.10499456860631419
CC_54D93974E62F,0.3103208654245047
CC_54F5F552A0F2,0.12098088121441268
CC_54FC3B361BDA,0.09382873303747856
CC_550135E8FAC6,0.13573483130561204
CC_55020AD0D117,0.14381957954016572
CC_55094AF7EFEF,0.10046701972454339
CC_55126E23462E,0.030958315048499538
CC_554C21CCAF3E,0.11995755502651573
CC_554C912C7DBE,0.06187683198365275
CC_556B02A2B401,0.25670109317904705
CC_557A0B0CD0F4,0.17974993654987925
CC_559A14E729EB,0.3107043827877052
CC_559F0DD4E4A7,0.3068925975687861
CC_55A82B4E57F6,0.13824825583014813
CC_55A98ABE4C75,0.12972880634063533
CC_55A9D45EA466,0.03675152464058018
CC_55CB872FF50B,0.25223725372645905
CC_55D9E3D58435,0.16855539432634356
CC_55DFF3C3BB46,0.07843783523904868
CC_55EDC3996984,0.15411691420809448
CC_56013299D8C5,0.09088718380072094
CC_560B519C1F50,0.07981318979606196
CC_560CABF0F5D0,0.2179287667234935
CC_56178AD87948,0.239160058604769
CC_5619A7BB54EA,0.11364048308479532
CC_5624319D7B28,0.10423501769105978
CC_5625119D6C37,0.19939012760515146
CC_562BE7245E1B,0.7019547506891377
CC_563684010DF5,0.5856770947226702
CC_563EA9A29338,0.10349632656323624
CC_564590AFB575,0.03285535235882517
CC_565E01191BF6,0.5939834738269036
CC_56612A039382,0.06251536979607783
CC_5665FB827721,0.5689550658448631
CC_566932C3CC97,0.10029924232139026
CC_5671D59B2A51,0.11864679637525961
CC_567E7DD24A97,0.08817609848876275
CC_567F47F37683,0.035738146732100344
CC_56847A91065C,0.09627783809550798
CC_5698480F8634,0.05455230504090686
CC_5698B024CECC,0.5860936094969011
CC_569DC051A2EA,0.10396134983279012
CC_56A322152604,0.3237327379462094
CC_56BFD9A8335D,0.33326849195335084
CC_56C9379BADB6,0.030794776596443273
CC_56D410FD8F56,0.373573517505134
CC_56D4549919EA,0.16822405204239171
CC_56D918CA6353,0.12149857750489555
CC_56DB30CE666D,0.18083811789491072
CC_56E760C3206D,0.24312807895387623
CC_56F73F905615,0.822983995575193
CC_570683C088DB,0.15071823880330745
CC_571C6AFD00ED,0.35457026167698513
CC_5725663C3B89,0.11624356645161844
CC_57291D7667C8,0.1481185600227368
CC_57313F6E7927,0.185887323513434
CC_5735F9B859AF,0.6257029044777285
CC_573B34826B2B,0.6363875036823836
CC_5744447CAF7A,0.06304789854565189
CC_574CC0FC7B05,0.10169242384035537
CC_5759E2982909,0.06294697690669053
CC_575CCCCDD7B6,0.6192837524633168
CC_57603A37D19F,0.03513045239090639
CC_57639D4995CF,0.21229515527175657
CC_576E6676FD55,0.06182725043655035
CC_5775C148E05C,0.11330593962745406
CC_5798E560E9F3,0.7687709852021908
CC_57A486F61065,0.5613082115688406
CC_57A726458B99,0.05542752485616053
CC_57B0D41BD7D3,0.34562092960569807
CC_57B501E60C35,0.074195070817853
CC_57CA90509CB1,0.7268678907590541
CC_57CB7673547B,0.07118935150553415
CC_57DE479CB61A,0.73587811761409
CC_57E7F1A6B895,0.029938339158652908
CC_57F13C4115FA,0.334114407401249
CC_57F480CA9A42,0.08184881868175757
CC_57FDFC6DE726,0.2773586967912327
CC_5810468B76BE,0.14134695180407986
CC_5810F212B2EE,0.32649102904180916
CC_5817759E7007,0.13525713936115527
CC_5818B5089B3C,0.10554441256477987
CC_582C78363EB6,0.09078599263572497
CC_58391600720C,0.12537984236333585
CC_583D7B177F85,0.08129931728699227
CC_584C11014F63,0.13786993173778295
CC_584CDC12578D,0.05710132458280099
CC_5852F443C55D,0.07489941950792213
CC_58565AF0F70A,0.5360444965284789
CC_58568DF9AECF,0.17899314694533822
CC_5859EE6309D5,0.4619297231844554
CC_5872B45E1C19,0.7427980249809374
CC_58797A417EEA,0.20679830015535555
CC_587A4844B482,0.20748350128483714
CC_587C0CC3DD82,0.6583546244012335
CC_5881A04052CE,0.09020608690720308
CC_589A4E02EF81,0.1345447026241411
CC_58AB46E5655E,0.14402023629734056
CC_58B0CFC9F3D2,0.05267795144080398
CC_58BEFDA6B4C6,0.11733601267631288
CC_58D95C7247D5,0.0462676361831826
CC_58DBF3409D48,0.05992674959711602
CC_58E35A47B880,0.16149470241008645
CC_58E40EFF57CF,0.3961345499752248
CC_58F551219BD6,0.04081151553961164
CC_58FA76C6C45C,0.5745759338515608
CC_59018149723B,0.054200224137605155
CC_5904459ACECB,0.7784598686138731
CC_59088B2886E8,0.0339834385062356
CC_590D2E0AD18E,0.5918571354473728
CC_59146CA05E8C,0.06302375793770328
CC_592592397DC2,0.5297513961860514
CC_5926F5B4E054,0.16251512159313208
CC_592A5A163624,0.31898291356160685
CC_5941C323917F,0.06969147699227304
CC_594E4E86A1C6,0.21901457598773333
CC_595ADAA76A32,0.0782294833182049
CC_596A20270C3D,0.1618143021425533
CC_5970E93E11DF,0.2534247587097628
CC_597AD111527C,0.11445690538516703
CC_597FDFFA265C,0.0859810524179172
CC_599C287D2BAA,0.39035661227237156
CC_599E345094D2,0.13601249144422436
CC_59A4741B5A92,0.1722600278116897
CC_59BB3A5BA2A3,0.5648366581174517
CC_59BFD1200F6B,0.17123012186440628
CC_59C07CCAF4E0,0.21843685479508101
CC_59C49474B501,0.12969602465364055
CC_59CFBC2CA471,0.5788355523433546
CC_59D62BE0C0C6,0.09889761713951858
CC_59D86F572716,0.11513361731840123
CC_59DF71FBA4B0,0.041810239693766696
CC_59ECB7465DCD,0.05941063192773779
CC_59ED43A803B3,0.030829687459402764
CC_59F5E81F4EA0,0.1423251610215624
CC_5A10371BE7B1,0.8038470018814969
CC_5A2F9A594A05,0.5768432925282657
CC_5A38E46246FC,0.40964650568615935
CC_5A3F52B0A07B,0.2092994938292623
CC_5A5507A49F6D,0.09219921318848925
CC_5A58A5E6DE82,0.09641857258882056
CC_5A5BB6DC1018,0.18590521960120296
CC_5A5C0DF50E01,0.12011929985732955
CC_5A633C535360,0.09881349743114227
CC_5A67E62D8D5E,0.6290511747336314
CC_5A6BA0007593,0.12232683549447493
CC_5A7513434C72,0.034841066434464975
CC_5A756D8AE60D,0.23003154739266007
CC_5A7C13841B7A,0.6349506978855518
CC_5A7CBB6E8716,0.22113209406176176
CC_5A83A1E25A2B,0.33489837177080267
CC_5A86EB53A14D,0.7326213290622173
CC_5A89E13CE597,0.15215942456696588
CC_5A9466D0CF9F,0.1068748663491049
CC_5A95331BD0C5,0.11384377512265267
CC_5A9F63C3E428,0.06597886163632659
CC_5ABC76FF707A,0.0538554979942954
CC_5AD0F1B43457,0.10549228512904087
CC_5AD82250C271,0.034641699095403454
CC_5ADD27165E38,0.7073489487530821
CC_5AF32E5C8018,0.03600789483144164
CC_5AF3690FA0B0,0.18816021215477008
CC_5AFDFAA63B45,0.14416329379429565
CC_5B025DA26FE6,0.04694958457188516
CC_5B07C7DE7E7E,0.22271855109986669
CC_5B08171A6880,0.16516265205166594
CC_5B09FB1A0BE2,0.06916244970198077
CC_5B0D6BA12702,0.4514518891683717
CC_5B0EF2D4C3CC,0.16620764774825364
CC_5B195D88C182,0.37387680282138996
CC_5B1F6FE71A38,0.05439215261284281
CC_5B247961602E,0.057392564429797635
CC_5B276421F4CD,0.03882784726599132
CC_5B289AFA1662,0.23996163380278968
CC_5B3A16421A31,0.04913189526948651
CC_5B3E78897EB7,0.06655444125952564
CC_5B480B44A9B1,0.11612528772719596
CC_5B546C3A21F8,0.17479814496856735
CC_5B5BC4023EE7,0.16019275684365014
CC_5B6D63DD34B7,0.08849009729753118
CC_5B6E868912E6,0.052866529510450996
CC_5B818D2581FB,0.14311285115038902
CC_5B82E8BB921F,0.2869707585062842
CC_5B8E8DA14EE6,0.16578882001822567
CC_5B900A135A69,0.07908954937646903
CC_5BB64BDF3C99,0.10389050467305944
CC_5BCB2C79D1CA,0.21721425731553767
CC_5C072DB8586F,0.053847672607886296
CC_5C0BEC2A0850,0.06442731831447598
CC_5C24010127D1,0.3380950588241766
CC_5C2DAF5E0EB7,0.42181143352154005
CC_5C3E8DB90978,0.1154596074655441
CC_5C4A7CE69975,0.2943786040736004
CC_5C5766F933B0,0.4820281472553879
CC_5C5808240054,0.08955058139239665
CC_5C5D6E15EA27,0.17409495452295634
CC_5C60C4545922,0.11449246620388662
CC_5C626D70F6D6,0.14723422610881312
CC_5C670F0622BF,0.05232378243397887
CC_5C799E57EF53,0.0577167186971442
CC_5C7B44735AF4,0.17454166039696245
CC_5C7D8DF047E9,0.16877139104180514
CC_5C80F394EFC3,0.12753620265575275
CC_5C99E6189441,0.10716768605519644
CC_5CA9AB4A6AB4,0.11184112534440127
CC_5CB78ADD2432,0.13690770135260039
CC_5CDE37CE08CF,0.04594541798194149
CC_5CE258D12432,0.3379848699199889
CC_5CEEF006ABF9,0.05669153708108505
CC_5CFD2850E277,0.23320261215776092
CC_5D01F71B9FAD,0.10278422517306818
CC_5D065A455A45,0.20211455163594244
CC_5D0AA7D4954A,0.22556007274170947
CC_5D242448B812,0.11127558686490845
CC_5D2C5115BDD2,0.18640295048992028
CC_5D3273E039AF,0.6711042235990142
CC_5D398BB3365B,0.06540001191491254
CC_5D3C1CE64952,0.07435589005099666
CC_5D4B0EBB5CD6,0.11998801231274625
CC_5D5E897588D3,0.09367289917398494
CC_5D65F25FFB8D,0.04039800339042607
CC_5D665A86C465,0.11078625194510394
CC_5D80C353E475,0.10014550341084899
CC_5D8895A0AB4C,0.17745513639478816
CC_5D88A673BF50,0.20544209692640467
CC_5D89688B69A9,0.382442738658077
CC_5D8AC8E18A8E,0.06896266584236439
CC_5D8E7DC2FA6A,0.5571902140124829
CC_5DA29AD9E85E,0.04848265881406323
CC_5DB286EAC626,0.2783265267403821
CC_5DBC1BB95B84,0.801191180995624
CC_5DC0A465470D,0.04328442283454927
CC_5DF82CB03C3F,0.11041652657130739
CC_5E001C93F359,0.059046492584580425
CC_5E029094A55C,0.6706491345576258
CC_5E0808121A65,0.1404707855894055
CC_5E1117E4E593,0.12311701199973502
CC_5E1541060A97,0.7135904804379114
CC_5E1C11540C0B,0.1035034365938799
CC_5E1DC0E143F2,0.17480390267903229
CC_5E206AC277E4,0.24766904944018653
CC_5E22B4BC8B12,0.0834729681338031
CC_5E22D889B6BF,0.13695546885766866
CC_5E38425EC99F,0.7139732599663627
CC_5E3A70C2077A,0.15447097965871895
CC_5E5607D275CA,0.12518274966388826
CC_5E73C3D2B3EE,0.1622108550054813
CC_5E7F23A07A71,0.09125991090587243
CC_5E80A96974B8,0.21600389930705274
CC_5E8C0453B9B8,0.2775860349671834
CC_5EA599FBA5E0,0.5431703652494491
CC_5EB379BA6C7A,0.11395499393592372
CC_5EBB96F65AFE,0.400945938682533
CC_5EC41568C2E1,0.09236342172608135
CC_5EDB5C924107,0.2875216566529765
CC_5EEE5D0FF8D3,0.19368663324431787
CC_5EEF07FFC243,0.06157060497755926
CC_5EEFD690759A,0.08227642419853429
CC_5EF2176F01D5,0.10843963301881367
CC_5F17CA33D26B,0.0645670422791973
CC_5F20750D6658,0.176415429758743
CC_5F2CE32A6EC3,0.11520674770115322
CC_5F328EE757B6,0.04157369297314056
CC_5F35B8D87D06,0.22249098947371684
CC_5F390BA40E83,0.6955255702409987
CC_5F59092CA9B2,0.09907491847004322
CC_5F5916E96E19,0.1550750197881679
CC_5F5E835B9E6E,0.078297160035323
CC_5F648D39D67F,0.581847942865533
CC_5F6D4104C808,0.16237650158622313
CC_5F72EBE104D4,0.030387606886927817
CC_5F765C41F051,0.05410810457097358
CC_5F8859A6F0DB,0.0244838736631132
CC_5F88ACC7C384,0.10956760291061306
CC_5F89DFA97B7C,0.5532241696413563
CC_5F93A3E31DD6,0.6086016380607628
CC_5F9A44423DD4,0.14203280654584174
CC_5FAA7965BD71,0.11844774826089476
CC_5FAFA265CA02,0.3474108933670661
CC_5FBE1A34704F,0.16837053186162604
CC_5FCAA919577A,0.19656815212204515
CC_5FCD208ADD77,0.18056428838000485
CC_5FECD2BB0094,0.08229574298569811
CC_5FFDE52E6B7A,0.0830133283223354
CC_6002BFD3F26A,0.14736166795558098
CC_600311592F72,0.050701165895627544
CC_600AE12112D6,0.2670792791774052
CC_601C3178E38D,0.17074489996549053
CC_6037EEA42F2C,0.36912136653467226
CC_604C08F76272,0.6595423473623364
CC_604C72AC662C,0.15398120703057974
CC_60510AFA8A87,0.16881683540666692
CC_605E2E26E52A,0.198033129552351
CC_605E3904CD8E,0.1467748406579052
CC_60611B935106,0.13989606946694427
CC_6061787228F8,0.13225654954413205
CC_607270A72DFD,0.24086518465715884
CC_60738E418DB3,0.1307441439521793
CC_60961DF8A134,0.11212180497136354
CC_609B7A7FA165,0.07152182439618429
CC_60AC5C892D01,0.08754739762823227
CC_60C09FF84412,0.1626033732025999
CC_60C87349D73D,0.3082613928935005
CC_60DA2FBF1FBF,0.11079465897029883
CC_60DA539A39FD,0.1756391134194753
CC_60E974A0B278,0.06313175312095312
CC_60EF7D647EFC,0.05178142410718927
CC_60F525A39898,0.024129913594622132
CC_610009B69EBA,0.680327713223865
CC_610FDDF5FE54,0.14923435291928355
CC_612C06CB5FF4,0.10028583914161766
CC_61307D82CC26,0.651428936047056
CC_615030FD33CC,0.709808726571841
CC_61649241FE59,0.16584196989402747
CC_6170051A606A,0.1575596512792356
CC_6179A630658E,0.07388848680972152
CC_617BD59427E7,0.09928781391928616
CC_617EC8BD5153,0.2100455366523159
CC_6191E14D21BE,0.05055979110748106
CC_61A798B8D222,0.03883015934320444
CC_61B4A983D1A1,0.06868981015060902
CC_61C9732AA682,0.7205611512544503
CC_61DC64E37471,0.04971564451736751
CC_61EAF14033DB,0.11696617961277785
CC_61F18E0C218F,0.07180932432711748
CC_61F1A1263F5B,0.16010167218117594
CC_6209EA426553,0.04380649251807867
CC_622BD8CB3807,0.3037823725713112
CC_6234A9617A7F,0.10040415581137106
CC_623AC074EB25,0.18279699139258113
CC_623FAACE8A80,0.05322391117332545
CC_6244E2935407,0.23611666221114255
CC_624535E11F69,0.050640620718271384
CC_624EA2917CDD,0.6895335225671341
CC_62565D08DDDD,0.7748727537577706
CC_6268ACD3F95B,0.5067153475927061
CC_626B61F4789A,0.6221378836013964
CC_629193C2A090,0.23394808228031178
CC_62933641AC43,0.2709331273235158
CC_629480877536,0.3503529381242313
CC_629CB045D9FE,0.08852087922745233
CC_62A84BC400F0,0.28897956536630975
CC_62C36DF81797,0.164393749288747
CC_62CC835CAE4A,0.619192102598014
CC_62D4192F126E,0.7350590190718194
CC_62D7A3C9483D,0.06125561444476847
CC_62DF1B99B4DA,0.08314751737734889
CC_62ED7BA3E620,0.034105384431106146
CC_62FC001AFC78,0.08034738520306606
CC_630412B4AFDA,0.15806963233886778
CC_630903AD39C1,0.038379097818492795
CC_630938DCC1B5,0.05232349434158426
CC_630ACED773E9,0.45950939128707463
CC_631E1690D913,0.07164083838223541
CC_633A7C7FC25F,0.24179146442625474
CC_6342051D8FEA,0.2295793921799794
CC_634CE4E8AE49,0.15775019036299784
CC_6359692F5EF6,0.13281525500599986
CC_637278423A6D,0.2270144241326315
CC_6377AB848081,0.10671284965636238
CC_6381A65E0A3D,0.09058901136479534
CC_63871B4814E2,0.11533189525534526
CC_638AD269F05C,0.023305508582637097
CC_6391AE0FB83F,0.15160224300196715
CC_639703EE2ABD,0.03809605570821754
CC_639750C87A7A,0.7487704905476402
CC_639B1DCECD2F,0.1637599471206203
CC_63A869443AC0,0.4329367768161171
CC_63CCEE26BCAE,0.04716532211017113
CC_63D51CECB6D2,0.24381458000070946
CC_63E53402FC02,0.03148748534129719
CC_63FC6895901C,0.1483987043704153
CC_63FC8A97D9C1,0.11330794172706667
CC_64117B93EF73,0.3469269564016668
CC_642D9C325F1D,0.29660372439087146
CC_6436B950E22B,0.1825804205140447
CC_6445BD3DDB6E,0.0306947534226151
CC_645C15569E42,0.11718459252851814
CC_646472AD66EF,0.08796231254444531
CC_646B8254357E,0.13989729703302878
CC_647F4BB4983D,0.6837183481727378
CC_6489ECEEFD0E,0.09759751667029211
CC_64946E57306A,0.03150988810863338
CC_64976830B0B7,0.3417820269698681
CC_64BA10F3FAA1,0.08626217946827168
CC_64BA39A0DFC6,0.08190821869013605
CC_64CF9A79EBFC,0.09723189385108533
CC_64F0E0473D1E,0.08362582625261603
CC_65006C2AB2D4,0.7699814214397466
CC_6500BD19FA06,0.3104375349205667
CC_6504DCAA90E1,0.08976543890749462
CC_6509C7361994,0.16129733364853183
CC_651486189673,0.07916919822864542
CC_65194BAE506A,0.1804720518147851
CC_652539353439,0.18372517824556014
CC_653CE5FA5A76,0.28246700019519755
CC_6560C2F4EDA4,0.18564411838466024
CC_656137F98187,0.6442116617574845
CC_6575B4B39113,0.039770975329636374
CC_657F629D31E2,0.21393732183347175
CC_6580B7583ADE,0.2098740121497229
CC_658477BA75D6,0.04394773307571389
CC_658B7867BE7C,0.10051342853224124
CC_6593FE5349F2,0.0896982847449874
CC_659EE0F05A75,0.35682716156421657
CC_65A0D8134410,0.22368002274763965
CC_65ADD5A19F64,0.09742584792428015
CC_65C3F0F73BB1,0.08249574217397787
CC_65C47521C285,0.036587147808496194
CC_65C4EE0B737C,0.2259692352071634
CC_65CB68404333,0.18629829543559503
CC_65D6DFF1B766,0.11094975498244332
CC_65F1545C35E1,0.22816501945170262
CC_6602547E2FCF,0.21581868406595459
CC_6615D7044816,0.27425467883606436
CC_66244D4B72EA,0.10029140211499095
CC_662E5AAE07A8,0.03994862249863561
CC_66322B339E84,0.0356035968120419
CC_6634FD4B1CD5,0.7674172504886392
CC_663DCEF4923E,0.18597530232076487
CC_663FE5BF918D,0.41995481484751807
CC_6645798E740D,0.06750897162857192
CC_6649736C8321,0.7822456644259579
CC_664E1026C4D9,0.25044279328245866
CC_665603C4A33B,0.06694340388190279
CC_665BDD9C8039,0.3714430461065534
CC_665F2AD58363,0.1938705302674303
CC_666767444BC3,0.22307220623639656
CC_666C0A2A8674,0.04800995772341113
CC_666F2BCDC7D7,0.172228827553353
CC_66775178B226,0.04758317383025411
CC_667B6F8C846A,0.6219933658016621
CC_667E909835A4,0.21700060817697245
CC_66809C278FCC,0.16811124281271833
CC_669CCC44CFCD,0.06421333028513816
CC_66B0BD3F6516,0.3184502411230284
CC_66BF02C05DD8,0.14123584655850827
CC_66C491256BE4,0.05915194830116011
CC_66CEFA65F912,0.3547793003812064
CC_66E025DB3282,0.6184782249758399
CC_66E7B423A32F,0.6788568689535213
CC_66ED26E7BAD9,0.07677694999515905
CC_66F7FF7735C3,0.18468496208190802
CC_66FD0CE6D57B,0.05373656683976513
CC_66FFFE05C2E8,0.0914987811709505
CC_6700012A39B8,0.10739905893244091
CC_670FC6A064F0,0.20154929342780326
CC_672932B65802,0.07946788728059348
CC_6742C6478F98,0.19998063278095202
CC_6745321663BF,0.05428603318793117
CC_67579CF57290,0.13231629864455904
CC_675F7483FB90,0.18564466038066027
CC_676ACFAA6131,0.6658028011710007
CC_676B423C495A,0.6018042354667762
CC_6771C0D1CB1F,0.051261148592276234
CC_677EE0369CA7,0.08093112948725016
CC_677FE35855A9,0.17361556011157234
CC_678091614A14,0.11399968653667186
CC_678A43ED0803,0.6301833175886571
CC_67955C210226,0.08974742374270278
CC_6797E0B01112,0.2229045454451435
CC_679D90941842,0.13643753203554898
CC_67C05273700B,0.11464034663606495
CC_67D5172B6450,0.1645668219690843
CC_67E8CF412D93,0.10430006801556851
CC_67F6576A6836,0.24662713892160146
CC_67F985A00A12,0.04994937583036502
CC_6801AD1D4478,0.07339668019227791
CC_6803BFA94B17,0.04872372166882772
CC_680B16E5E240,0.1321469073905324
CC_680F2D0F4F6C,0.09538998228155587
CC_68221E1393E1,0.1085952117080821
CC_6822590B968C,0.15886506249866028
CC_682D8EBCEE94,0.20711318487860195
CC_68429B4AE401,0.41717634963025463
CC_686B26BDD061,0.052741592147186045
CC_687518442359,0.40161367185682817
CC_6875DA61F422,0.25775437997523176
CC_68A3D749608C,0.18526656933859129
CC_68A9C3CE2557,0.09587385301799815
CC_68B9F8C6D9D6,0.63355485738246
CC_68BC65E3C84A,0.37347176468978527
CC_68CC4D1D898F,0.06785272617675701
CC_68D0ACBD2D0F,0.03520801443853364
CC_68DA8D5488B3,0.06877403947536234
CC_68E675A69AF3,0.1626728030300885
CC_68FC9E6FA27E,0.18313215236155875
CC_69322F7C4CE3,0.12512111787740773
CC_693710EAD59A,0.19585152760595548
CC_69387752F41F,0.5311399243762959
CC_693B71DDFE67,0.1562561140986743
CC_693D4AEDA3A2,0.1072673845440381
CC_6952171BCD2D,0.14313352262821227
CC_69547DEB412A,0.21710843293764592
CC_695E80DBA42A,0.06699106690664777
CC_69717E76CFAF,0.4210533186181904
CC_69741BF89A2D,0.11341745771514854
CC_69825C70EEE9,0.19426819455436486
CC_6985C268DC74,0.46037277228601575
CC_698886C4AD90,0.13104589657379379
CC_6999901A6060,0.1511717509412024
CC_699ABD34646F,0.08405633512834329
CC_69A98DC7A907,0.06339644723101506
CC_69AA6E0DDE10,0.2618324716123349
CC_69AD5A48A78B,0.19193859035145167
CC_69BA7BFF98E2,0.123252019080383
CC_69BBE365C097,0.052126157257580276
CC_69CD95A00D9C,0.031299281425479414
CC_69D328691680,0.08520118072925402
CC_69D39C9F36F2,0.24895468409413418
CC_69E09390CD64,0.08011594156723081
CC_69FD49E90AC9,0.3209127817867856
CC_6A099AFE73BC,0.18644255871788568
CC_6A099E6C91BA,0.35650497761968636
CC_6A19EB191A81,0.022297250159352116
CC_6A39017046FE,0.07893949734864647
CC_6A4A401F2920,0.3670651174945506
CC_6A5261180031,0.07659372237891611
CC_6A7432494840,0.17815374771871542
CC_6A7963180D20,0.3670906256672904
CC_6A7D7E5F814F,0.5935573701715182
CC_6A8B8BBA749E,0.1418048963011148
CC_6A8DFDB0621D,0.1362863507958301
CC_6A93C436E2FF,0.10281024690501722
CC_6A97F81D9A0A,0.16688839445926684
CC_6A9D1622B4DE,0.3214792289272877
CC_6AA6589445C1,0.6671014025957761
CC_6AA7A87F59FD,0.15546093316335977
CC_6AADD44C0B52,0.06622900472927928
CC_6AB4A5EBA3F6,0.23655909745499207
CC_6ABA7D0ABAC5,0.12801804140166662
CC_6ACF1E52BE8E,0.12499762028264445
CC_6AD3513459CB,0.09124930053078402
CC_6AD4238EE77D,0.19137945585523675
CC_6ADD0FE5DD74,0.6328974888656372
CC_6AE2737BD3A8,0.07335776876616919
CC_6AE48C1F2448,0.13780744365748449
CC_6B00A666A420,0.6862953151075497
CC_6B07C3992304,0.06367683658807766
CC_6B0A72BBD800,0.6727644710568286
CC_6B12B975F2EC,0.2785888220369905
CC_6B12C9507F32,0.20550918801770476
CC_6B34719D93AC,0.6007196020753022
CC_6B34740DD355,0.1528162323362997
CC_6B41081727AD,0.21765679463972837
CC_6B4902892E70,0.0818876618447869
CC_6B5BC2D89077,0.7156740233411052
CC_6B65242C2CCC,0.15526416518202807
CC_6B823BACBE75,0.32783113097304306
CC_6B83E1A959C2,0.23361505608215852
CC_6B84FB3DE604,0.03238585484528654
CC_6B8AABAA752E,0.18535771059384415
CC_6B8AC0DEE990,0.36953058923301035
CC_6BA45C072D40,0.17419704479423795
CC_6BA72ECB5027,0.1160627301871667
CC_6BB560F020BD,0.07457849716344474
CC_6BDF0B68C126,0.022097833453493858
CC_6BF0A9437728,0.1341325037190464
CC_6BF3B9097199,0.15486461487488204
CC_6BF7A1EF31B9,0.16534573089060212
CC_6C29DF49246A,0.07356637676651007
CC_6C3C86C2125E,0.0801529468604619
CC_6C42FF6D7218,0.701870766552334
CC_6C541A482CF2,0.1942438823262781
CC_6C585A6BFE01,0.8055521266523811
CC_6C5CE36700D0,0.1687879764058442
CC_6C62C2094733,0.06782989569416831
CC_6C66539A9D02,0.2738938512465653
CC_6C684505E498,0.07070081289341881
CC_6C6E40927C35,0.034051545105736006
CC_6C7736F51C12,0.658638639599895
CC_6C781CEB6F52,0.09421078408752984
CC_6C7E39BF4744,0.13255221158905706
CC_6C9EE9BAECEE,0.07000154596871366
CC_6CA0F076091A,0.116145315577183
CC_6CAD299645B0,0.17587776067126387
CC_6CC3C50BA394,0.11553762701822887
CC_6CC593C5385D,0.028758779675271882
CC_6CDA4B24C602,0.29403408381941665
CC_6CE31AFF7813,0.06548089701520071
CC_6CECB68DE9C1,0.3225619328684705
CC_6CECD3DBA212,0.16330084942039869
CC_6CF17D012682,0.17388633094493702
CC_6CFCDF903310,0.1331686505257675
CC_6D08B5E62654,0.0909560081655518
CC_6D0F60667273,0.2678208767984873
CC_6D127EE83945,0.044043004779368684
CC_6D134DB29068,0.3913827644759572
CC_6D141A49D94E,0.6129989031798333
CC_6D148C0A624D,0.1525480911596529
CC_6D1EFDDE2EED,0.06339939250893263
CC_6D22B938D7B9,0.0663893020568058
CC_6D27409F4956,0.07703618466869773
CC_6D2F0EBBCA4D,0.22072276433037807
CC_6D43BE30E8B8,0.24759270320674415
CC_6D4EDEAF67C7,0.18486110112816845
CC_6D72571304DC,0.5230154775664548
CC_6D7C62C7C161,0.04936384287727402
CC_6D8A18C28AF0,0.07512518612105484
CC_6D8B35007242,0.09185333340885853
CC_6D93A9E49E3B,0.16759639647432015
CC_6D9C644A082B,0.1082751675352076
CC_6D9F52BD4D0E,0.1317340130019684
CC_6DA058F9B631,0.2956889504910988
CC_6DA1F8DF9CDC,0.22055949171969594
CC_6DB000AEF16A,0.08862889128533671
CC_6DB5025899E3,0.1983752941731814
CC_6DD6FA2FA0C6,0.10276677745441153
CC_6DE4E4C1A31D,0.18999208347357902
CC_6E09CBC15C94,0.5190296231695438
CC_6E353816938F,0.04601916513461367
CC_6E3AB992A5C9,0.15580273554514704
CC_6E420A2FE490,0.13416320726671974
CC_6E46D01888D5,0.13889281299593215
CC_6E4702162475,0.05498832394110497
CC_6E548AF15091,0.24339077470430373
CC_6E5C9A2DA27E,0.031353258611647936
CC_6E610F3976CB,0.1749336489565808
CC_6E614FF9BE02,0.6275789721695898
CC_6E68D46447E2,0.10334820450967194
CC_6E712C21215D,0.034167760172892546
CC_6E84DED41B8B,0.12659407793051913
CC_6E8557E30DC9,0.6159331907384167
CC_6E8963475D35,0.2046417179472957
CC_6E9880CA0BF9,0.31619525398956755
CC_6E9FCD68ED52,0.7065935626602676
CC_6EB194A93F60,0.14545667974068321
CC_6EB370F511F7,0.06142396138285703
CC_6EC722B2BC2F,0.16992279475313135
CC_6ED1B0EE4B6C,0.23366158940964216
CC_6ED65E7CABA2,0.10722484611039827
CC_6EDA84B653B8,0.37626222380281005
CC_6EEE8E7C1D1C,0.18900768163763115
CC_6EF17801ADD6,0.1402275067775968
CC_6EF337CC4BA9,0.28811146331941795
CC_6EF464EC9FCF,0.10383124610417262
CC_6EF6B8AE7DCD,0.03142885766801973
CC_6EF8C59D8395,0.8438222569535082
CC_6F2146FE362E,0.05525647273942639
CC_6F2408B665A6,0.3653581490468656
CC_6F2B8E925D59,0.026832806864796395
CC_6F3034E96848,0.13340890849565679
CC_6F3559ACC2F5,0.0339977325132051
CC_6F46C5897DA8,0.4050408645522192
CC_6F49ECAE902C,0.07075264117859335
CC_6F4B818665D3,0.12668206067073662
CC_6F4E696A1F88,0.2608189306406037
CC_6F54BD66C0EA,0.160988626451122
CC_6F786C433998,0.09178645800645235
CC_6F78BF56B0C0,0.08884451556326192
CC_6F8346F138C1,0.4318365065413766
CC_6F86CFDB23D6,0.038217854354043554
CC_6F8E30AE9457,0.14659992254223253
CC_6FC25B27AC26,0.07865257933248154
CC_6FC8BE007FE9,0.14404512287209928
CC_6FC8DA40122A,0.1857426622134384
CC_6FD8BAB1DA3E,0.05640582672628579
CC_6FE4FD09A9D8,0.07708011769397148
CC_6FE78CB02174,0.0362908071829764
CC_6FEB8EDBF2A4,0.1879261700518874
CC_6FFCF2DAD0A4,0.07561973689419349
CC_7002034B0979,0.0788671076204813
CC_7006523D45E4,0.06790428688584561
CC_70097151A773,0.05120421294782133
CC_7011BC95A91B,0.04368018738665155
CC_7020F3C11A3F,0.16419593968240312
CC_70306409A3E8,0.3600876895476297
CC_706B18DA7204,0.12127135361276166
CC_70703A59C070,0.1747811629165203
CC_70749DDFF595,0.13222059756256396
CC_7079CE5127A3,0.023542869811275822
CC_7087A46F0AB7,0.09149174023374353
CC_708B73EBD939,0.166032177756807
CC_709315667BCA,0.06316389432049989
CC_709970475B6D,0.6275429632565754
CC_70A56ADAC199,0.056116539111367866
CC_70ABB244502D,0.035159399894053034
CC_70B0176647CE,0.13340586837689644
CC_70D3353DA1C3,0.0664786656431383
CC_70D652DF4E91,0.13738221521738078
CC_70E3121BFDC4,0.10316681987122472
CC_70E5FB8B072D,0.031871560386321086
CC_70EFECA3FAEB,0.16685446062854986
CC_70F59DA18BCA,0.3932532617896396
CC_7100129A0AFF,0.12440832509102445
CC_7113554E33B9,0.07149124131989952
CC_71260405461D,0.0723021687327935
CC_712677251322,0.1941384123507486
CC_712D31B2785D,0.06241664845510317
CC_713052DB1E2E,0.06631933102787296
CC_7139C2D6F1AC,0.09887997477699816
CC_71427FC8FA49,0.2435235149040668
CC_714912E93A71,0.12327117693834383
CC_717A5C2ED311,0.21564083393537214
CC_717C94F5C8F1,0.06522489553434321
CC_718F067F4DA0,0.0296485068205251
CC_719E714DD38C,0.04537169859185021
CC_71B169C874D0,0.16873920329156672
CC_71BB5070615C,0.1283270158796097
CC_71D37D6D19C6,0.1970378931836456
CC_71DC80205F42,0.16626725455383423
CC_71DEB636B8CD,0.6187408132206202
CC_71E4CBAA1211,0.17241248576501506
CC_71E787049755,0.10029085643250756
CC_71F1EF5575AC,0.0801545740938596
CC_7201DD8EB33B,0.211686454674865
CC_7202C8CE2317,0.305601536586687
CC_720B06583C57,0.038212951201621256
CC_721DEC038BAF,0.076031877629261
CC_72219BCC83E3,0.14683543559633513
CC_7223DABA7E98,0.11409495666470765
CC_7233459FF7B8,0.2451365941327145
CC_7238A8A6767A,0.22742727893551604
CC_724559551664,0.6750969834229158
CC_7248EB4B76CF,0.0570352373073116
CC_7259B5314D92,0.06395623782054301
CC_725CA03102FE,0.04472769029552254
CC_726E05E5A555,0.11875876582594269
CC_7276AEED6D4A,0.060626052334454575
CC_72A18E8D6670,0.033133563873842406
CC_72CDBC38202A,0.38634664371016586
CC_72D8B2ABA2D1,0.7280591801616165
CC_72E4590D362B,0.37133037797969926
CC_72E8542AE4BA,0.036608768682957184
CC_73010B6E55DD,0.6269435015701457
CC_7309A4693D52,0.1441123879771239
CC_730C2A3FF1BF,0.1734945346895265
CC_731C1BCED024,0.6337974214521866
CC_732C325832D8,0.17326131573049908
CC_732DFCAA0A75,0.18213301201558404
CC_73322A6A24B1,0.7419049551605759
CC_7336B19A18AB,0.2145787415786376
CC_733AF1D123B8,0.30815255092481075
CC_7344A0E90AFC,0.1107374316340068
CC_7348C2B475B7,0.11568717416866542
CC_735E1A78B058,0.07101016256749218
CC_735ED2A02DC4,0.15202179749815944
CC_736015DE4E3D,0.38026811851910064
CC_736A42761E55,0.10496952860104758
CC_736C0436B98D,0.16708799906849858
CC_7379212919FD,0.08647615775191407
CC_73859CD59E75,0.586283312691427
CC_738B201B1CF9,0.1170834789625048
CC_738DCB11942F,0.06139649322569468
CC_739198ACE582,0.11554347625782783
CC_739D093D7B69,0.10628983957811908
CC_73A7FC903662,0.1636571338550032
CC_73A8927DCEB9,0.09066017855418908
CC_73B575BBBBE3,0.12922119977377738
CC_73B6B9AD2002,0.043729136749709664
CC_73C28D72A5A3,0.5667640360936697
CC_73C38DBDF9A7,0.11243408689633379
CC_73D44BEF6754,0.3925319379680091
CC_73D4C1D7C022,0.07454544650122649
CC_73EF383F3C2E,0.17199422469465872
CC_73F34B1607C1,0.056802421716234244
CC_74137206902D,0.1239035611053966
CC_74198E5EC366,0.07105179338814964
CC_744FB5804A8C,0.6309076540541583
CC_7451E64B6D47,0.15790555376620838
CC_745A64878AF1,0.08150269632983517
CC_746B196CECA1,0.15826493163204314
CC_746C06898D5B,0.6319949154707065
CC_746DE1EED0DD,0.24970241590416495
CC_7476938CF6A0,0.5363264010407768
CC_747CFDB7E305,0.07438530202186325
CC_74845374E870,0.7417756483922537
CC_74AD8D3B192C,0.6836719982772228
CC_74B90A15B270,0.10026752682831763
CC_74BA5D46E909,0.673080293225704
CC_74BE0AD5E21D,0.1889404075165455
CC_74C33B66F002,0.1281828202835259
CC_74C9C3F17421,0.05076538141794434
CC_74E4BD5C07D2,0.0681928831447849
CC_750D90249EFD,0.11658195381070814
CC_750DA21B7EDD,0.32863070221808144
CC_750E6537383A,0.2697450970229628
CC_75137D6F9DCB,0.1088243823448468
CC_75173A8A11D1,0.36799619252312316
CC_751DDC1FC2AD,0.0954151034837738
CC_75357E0206F5,0.0838453658571022
CC_753D160E3A58,0.10314989240718792
CC_754447632F75,0.04012498318545694
CC_7549363C5D36,0.0783254755090571
CC_754F3894627C,0.07632828137575715
CC_7562CD43897F,0.13245536791257906
CC_756A077EC614,0.3841967095666868
CC_756D3492443F,0.286635802216554
CC_75783B3E6C6E,0.04179267963524083
CC_7598068A716C,0.025377253058549442
CC_75A37D8C1F6C,0.6264224299441233
CC_75ABDDA24C26,0.13010773718686636
CC_75B287424E59,0.37582952698572347
CC_75B2B88876B6,0.0838749037849286
CC_75B324FCDD4A,0.22909827568930716
CC_75C1466E61E2,0.2434250894257558
CC_75CCCD9D4568,0.09100528115385803
CC_75D2DAF4491C,0.3121196145528869
CC_75D54090AAD4,0.10837164348355721
CC_75F1927E5941,0.6749024105145796
CC_75F99AD6844A,0.3046673209831294
CC_75FBA505C727,0.27117656800671114
CC_7615CC930B76,0.12704425873041053
CC_76168488EBB0,0.5638569764045844
CC_76197A77D666,0.023835316813608187
CC_761F48F8E962,0.2520409573523198
CC_764C6ADC6D1A,0.07613436343505622
CC_7658A6B0910B,0.041172197141678954
CC_766347951B7B,0.5978210853208603
CC_76857712D8F5,0.32746346383770825
CC_76A0DF2549B7,0.1019094174448752
CC_76A636414AEB,0.2339511114067592
CC_76B01540CDD1,0.1778060847891214
CC_76B420FC66EB,0.10331427021097392
CC_76B6BCD2EBAF,0.05800499948698267
CC_76B7A0029620,0.10182790443983267
CC_76BA435EF2AC,0.127452123575779
CC_76BCC1AFDA4D,0.0732241183814081
CC_76C35913E797,0.1572992408202154
CC_76DE3DF1DEE3,0.17603168757991397
CC_76DFA4CD068B,0.07694033827374935
CC_76DFE3568C72,0.3116004715990343
CC_76E201F1E036,0.3673131150163899
CC_76E83166FE0A,0.14419673137189543
CC_76FD9E9D9ED0,0.15535579712954486
CC_7720BBD06736,0.3060966098258841
CC_77340228F356,0.678461630804233
CC_773CBBCBAFFE,0.11093659223043534
CC_773E9B092923,0.0996497785637073
CC_773F22C3E42F,0.0313017445120941
CC_774ED295BF96,0.174529708878991
CC_7751ED6DF76C,0.036994271388406955
CC_77571749B970,0.1474987643982804
CC_776F8B3BAC08,0.10615034065404425
CC_777889F9694E,0.030911182145372442
CC_777D08513AE8,0.07328260526265123
CC_777E3D988EFD,0.2930940431014489
CC_7795BEDE05E8,0.3183770964332817
CC_77A9EA3A6784,0.06861514498250237
CC_77B1AB7960A9,0.19577171041490898
CC_77B6EA810549,0.2588285339431285
CC_77B9889C9BFD,0.17485582957183476
CC_77BC55DC92B6,0.12605333316619682
CC_77D1DFCB0A8B,0.05097013477113317
CC_77D9AC43DFE1,0.19906510834024102
CC_77E6EF1CF2F7,0.32793715607539176
CC_77FFA8E6B36D,0.11955002448032735
CC_7801661A9DC2,0.15146435312454595
CC_78069B1BD931,0.13893648234163003
CC_780828B48716,0.10534976016843342
CC_782130B98F34,0.10110026644934061
CC_78273789B3C5,0.7736590657478375
CC_78296783E4EA,0.1851268541931998
CC_782B06291D87,0.05642451936978134
CC_783A2D4C89F9,0.43728083292477016
CC_784407E16923,0.0905436696998731
CC_78491B6255F2,0.4223784564602724
CC_784F17AC712F,0.06268533971368914
CC_7852FC3BBADB,0.09266774310052556
CC_7866E4CE528E,0.7273535170771075
CC_7867E7C01013,0.18196150405259426
CC_7869F609EC2E,0.16387715035602832
CC_7874F14ABD7F,0.1886540583058092
CC_78774E05FF12,0.16534112680166205
CC_78815A352067,0.08288050842393167
CC_788FF4549766,0.2214645376485301
CC_789977501322,0.12524955511511848
CC_789B2BA880E7,0.03429286604930597
CC_789D87F51AA1,0.05126379476047498
CC_789DC3C358CB,0.21292596580540007
CC_78A036DF6320,0.6789328902552589
CC_78A3EA63B7EF,0.041423278991238675
CC_78BF1B8FC1CA,0.11494960419579452
CC_78C96E7015BA,0.6375476651723043
CC_78CC84FA2CE2,0.1855701067733122
CC_78F0087076CF,0.21003563476732195
CC_78FAA95F5B5F,0.11519072502313907
CC_79033EFDE096,0.11643085440620393
CC_79086C18A963,0.13058609536652865
CC_790DA2ED9F5B,0.11691775111801216
CC_7928811F7D86,0.09347048134788247
CC_79345478FCE5,0.18841635678303256
CC_7936C8D65B95,0.14326184281001225
CC_7948C5509411,0.49092098467771794
CC_794ADB0677CD,0.13296142367777133
CC_794FF8E7F876,0.04825440175886109
CC_79500EA652BC,0.5792575633852515
CC_795083A66DB5,0.03240910745690137
CC_7950D4B773CF,0.13713840933312843
CC_7955AEB49759,0.13631182793007546
CC_7964F862DFA3,0.399305176492721
CC_797A700CF967,0.4634749884553566
CC_798180DDF677,0.352643160343731
CC_7981ABA9C370,0.09520938079279687
CC_798B2DC03C5A,0.07128014641794564
CC_79BD986C23CA,0.06620246770478014
CC_79C6BA680815,0.5279423630185782
CC_79D694E6F5AF,0.24527621906542316
CC_79ED9A0F6E49,0.41396071595382494
CC_79FA2512E5A2,0.1593917927140165
CC_7A0024F6FA60,0.23555459091739658
CC_7A193A453F27,0.024718206295188935
CC_7A1F071DC5D4,0.423751794519435
CC_7A5D96BC99AA,0.7354346168284209
CC_7A6B51562949,0.30644926218309954
CC_7A6D7F9654DD,0.43455973555743166
CC_7A778E010F33,0.2778476247243004
CC_7A7FB841B669,0.5973393235671371
CC_7A91013D31E1,0.12209501382040894
CC_7A9117596769,0.043999234347319595
CC_7AAF340DCE8F,0.17826142419121163
CC_7AB146267981,0.20805274248553698
CC_7AB2A9CC8424,0.29165995657633026
CC_7AC1DF18CBA4,0.23484028243038685
CC_7AC4240DD225,0.32176599764752906
CC_7ACB325BD924,0.17486149651659752
CC_7ACB88002397,0.51951457970959
CC_7ACD4F370AED,0.16594639978332745
CC_7AD4072A9F82,0.05735874788761891
CC_7ADEECDE4D73,0.21324530408871578
CC_7AEB48D8C5E0,0.07230849318568415
CC_7AFA5CD2B29E,0.10765181885902116
CC_7B092786DDB0,0.04790649777405617
CC_7B1B35D5628E,0.05094320000570205
CC_7B210557F04A,0.09383546713308911
CC_7B369A7C1D3F,0.14623916812876242
CC_7B4002591821,0.6812809314040196
CC_7B42BD80D79A,0.18594441824144925
CC_7B44FDF08B93,0.09711284247238423
CC_7B501C32CAE5,0.05647624067458948
CC_7B88520D4FA2,0.3840128362982798
CC_7B8ABE6E552B,0.18522059006912567
CC_7B8D2E07908E,0.3816434846878722
CC_7BA150468D19,0.6379379833069033
CC_7BB159FCEB53,0.29057363195431796
CC_7BDD72710831,0.06831080349101407
CC_7BE02C65B967,0.1371235596749912
CC_7BE382988C1C,0.6244358383936144
CC_7BE6110DBAA1,0.33542021911334496
CC_7C0B14BB0573,0.13744045904178165
CC_7C0CF5558904,0.6755595275209306
CC_7C13E7F561DA,0.6213871678623241
CC_7C46F7F667F3,0.12331612025648224
CC_7C510CE0521B,0.08181014888735949
CC_7C61B5D39E49,0.48009195164249413
CC_7C6770DDA182,0.11123438455070736
CC_7C6DBF78A610,0.09856651222065382
CC_7C7B0438E3AB,0.17833711457337748
CC_7C87DFBC3176,0.09776217914975943
CC_7C9528E94215,0.30387772976451616
CC_7C9ADE65CF81,0.10841478166927454
CC_7CB6CD1B9DD0,0.03916488211109186
CC_7CB7C7E55BE6,0.15217734857131915
CC_7CCC3A690325,0.17407890258878356
CC_7CE5689488DB,0.04185951985692614
CC_7CEB758A9814,0.04620160880023133
CC_7CF7443D923A,0.0445884511917218
CC_7D0D597690BF,0.1725185878387354
CC_7D0EA0307817,0.04339237286063728
CC_7D12E6FF25C3,0.1378189168005463
CC_7D28D39AED1F,0.6944640351544811
CC_7D2D19D832FF,0.06306021923759425
CC_7D34A67E1369,0.06295431454616054
CC_7D4388B41EB9,0.1610628942974798
CC_7D46FE573D79,0.07334641624124169
CC_7D7810799F2E,0.04027691429160063
CC_7D79241150C8,0.12698106429979356
CC_7D7B92EF2655,0.13497414275770897
CC_7D8C2495C1F7,0.06654168843055533
CC_7DA4F1BA24A1,0.6153247400329024
CC_7DAF18939084,0.05558018523271906
CC_7DB8BA427410,0.06534384235367124
CC_7DC9456F1161,0.03240794930510475
CC_7DD2CBE0F0BC,0.18919666772905333
CC_7DD495158BFD,0.6132220208449816
CC_7DD5411F7A14,0.29608457565881635
CC_7DF099A7A092,0.23599660305375486
CC_7DF27D2AC111,0.040016688930113876
CC_7E0CA072EF93,0.06834323598314958
CC_7E0DA100F5F2,0.172926787957784
CC_7E1086EFDED5,0.030642586170942704
CC_7E12E0F3CF6D,0.11413550104058773
CC_7E178CE78FB8,0.07994782979744758
CC_7E1C1A6D0E9A,0.15372834027231363
CC_7E2A76850DF6,0.7873719818348542
CC_7E3ACB15C69D,0.1316606842192854
CC_7E3F3373A73D,0.7305855541166779
CC_7E42A3D0737F,0.10637267640797889
CC_7E4679C534D7,0.2745412846974963
CC_7E53FEEB19B1,0.2716572273903735
CC_7E71CE7FC603,0.2107381171519581
CC_7E8333DBAEB4,0.3886473508135159
CC_7E843438DE4A,0.05134734866557267
CC_7E8E4747C0D0,0.6738271713714514
CC_7E952828C1B5,0.0961217442594707
CC_7EA6431FE6F5,0.139059002051095
CC_7EA7BA7621C3,0.24127725410277046
CC_7EA8F24B3010,0.10065595797519161
CC_7EAB28B0309C,0.05778649480738503
CC_7EB4A5BDA97E,0.08600193221514496
CC_7EB4B0A36534,0.10174261879284363
CC_7EB791F4AB2E,0.10836618101764395
CC_7EB883C9D5F9,0.03252703451657159
CC_7EC59C577F02,0.05615400794040245
CC_7ED2683D26DD,0.06107688991761253
CC_7EDB3440E0AB,0.6066012046338946
CC_7EE12013C7DF,0.18491995601863742
CC_7EF824CC0D3C,0.14146874788029618
CC_7F09C6F6321D,0.7095643885077922
CC_7F1AD40DA179,0.20501192795728088
CC_7F1D38A39164,0.08194197357515703
CC_7F22B7D326CC,0.18676721000589747
CC_7F2614F1AAAE,0.2506428089495911
CC_7F2CDC7C1634,0.0401789190964843
CC_7F2D46DF9BC7,0.15295715589752606
CC_7F57A90B69E0,0.22254220949602221
CC_7F633226A676,0.300339089338561
CC_7F753D809267,0.6544822100421562
CC_7F7EBF25AED7,0.03128606067126421
CC_7F8496CC5779,0.04041896874721153
CC_7F88D9C5D258,0.08384200726130092
CC_7F8AB4DCA794,0.13604477770547085
CC_7F8CC9509418,0.3021868228311059
CC_7F9069571F79,0.28262085727495617
CC_7F9AD27E079E,0.17848550007704567
CC_7FA281AC1C7A,0.09601076748720722
CC_7FA389E90548,0.0813340667789596
CC_7FBF4A48AF55,0.041071616574049334
CC_7FC40175A8E1,0.2609745984796044
CC_7FD58EE7029D,0.06999141143684762
CC_7FD7F635C341,0.04448020013984484
CC_7FDD458DA059,0.24432726132329813
CC_7FE85C259E03,0.1071667013900706
CC_7FE8CD30D7E0,0.10048948209787277
CC_7FFA32DE7B04,0.156338149809359
CC_8014F1E2C5BF,0.03358407912836999
CC_8015895C1C29,0.24539776446381084
CC_802BA7E39A13,0.05754097717300601
CC_80300D23C3FE,0.3850123160627611
CC_80465303B6E2,0.1943576971879478
CC_805ADFD46B84,0.05619730989260777
CC_8060F40D9522,0.18979823679851052
CC_80621E822131,0.04989921784492357
CC_806654B580B5,0.4330278159436149
CC_806CFD6A52BA,0.031160503980823578
CC_807935BBEB7F,0.049785573989350275
CC_807C57E626E4,0.06726760222706682
CC_807C91C98684,0.02876477388278509
CC_8096B589BB07,0.16175381061695981
CC_809D60155E9D,0.07427916306165167
CC_80A2189E5125,0.5016555044445189
CC_80AF87F62770,0.17391088451897946
CC_80C03DF9CC57,0.1944183226164173
CC_80D9B6563750,0.5680061986994325
CC_80E9638ABD4B,0.04296586697334771
CC_80F7171B71CF,0.11127578682650324
CC_80F9983BC18B,0.06008759331653468
CC_811109A98EFF,0.09247067301862393
CC_8129480B056D,0.30387441172699536
CC_8134E5DA9FEB,0.594086764063134
CC_8140399AD344,0.11304136397452126
CC_8140E278B6A0,0.21061737258558214
CC_814E0F756757,0.4479722624574411
CC_815FAAABFC91,0.18917427183118626
CC_816B28807CED,0.06954139800847708
CC_81821F9F2307,0.5323655159850702
CC_8186D7991EB8,0.04808724682834266
CC_819E203180C8,0.8163868578415325
CC_81A5E3141BDA,0.5201959943746153
CC_81B5CED8EE79,0.12927253934904298
CC_81B91198E00D,0.7051783855217779
CC_81BADC379C8B,0.2238488749964161
CC_81BF8EA390F7,0.05190698965600309
CC_81C5FC962C72,0.057717277800032336
CC_81DDBFAF1CB6,0.050239015235293345
CC_81DE637E6138,0.03140401133344634
CC_81F389DEC9C5,0.07220594100906377
CC_81F647806849,0.11151954806405322
CC_820D491B2903,0.7446760542143851
CC_82172863AA45,0.3012634673769214
CC_82195FBE9366,0.05051731493258402
CC_821F503DA953,0.0799097693313718
CC_8221AF9B0B93,0.7441091742227072
CC_8222D1C47857,0.06989157058245771
CC_824BB6CD2B25,0.0501294834290173
CC_825192411933,0.08598875582126511
CC_8270E213EDF5,0.20402412210052046
CC_82839CC161E8,0.051169344054976786
CC_828A0B6D7291,0.0873010348535796
CC_828EDE22A438,0.03972139374600148
CC_82928B5ABD45,0.30706731378351876
CC_82A7FE954659,0.18293353874286014
CC_82ABE1FFFA1F,0.1505487857853991
CC_82BDFA01C41F,0.11609125391303383
CC_82C20057CB4A,0.09615473367815423
CC_82E52529A567,0.19309475353859287
CC_82EFBFCF68AB,0.10983691025645662
CC_83092F58B321,0.12904930785392554
CC_83098B4BBD4A,0.12505954312263745
CC_831F9E623C5F,0.16434732651619538
CC_8326C8A3D569,0.10391851691072072
CC_832730F42A18,0.13622793412493164
CC_832A44C3F2A0,0.045672947790651716
CC_832EBAE498AE,0.6936452740095969
CC_833B196A70F3,0.7185601274957831
CC_833E14DFF4C6,0.1530764918671958
CC_834092035687,0.31727690315758567
CC_8351244DE3CB,0.06739095806172397
CC_835B90025058,0.04266340931679747
CC_836534CEDFD3,0.12231832168985612
CC_837ADC1EA55A,0.18605564722000534
CC_83884D799788,0.19339419033248662
CC_83947255841B,0.10973535854546267
CC_83A5A3022ADF,0.7678909982887061
CC_83ABA98906DE,0.06669602682362193
CC_83C75D07414A,0.4006578638215708
CC_83CBA767432F,0.7276255269157826
CC_83D342F53F36,0.14856942406257223
CC_83D5CA2A23C2,0.03382528656119607
CC_83E002D6D82D,0.17334861692937426
CC_83FE1BCC83E6,0.28432655835499454
CC_840E5B830DB4,0.03350105079985542
CC_842525788FC1,0.19712068182042525
CC_843076C8EB9E,0.29353664657173306
CC_8442C97EE91A,0.11084843284781089
CC_844C3C30ED67,0.11131594819911583
CC_844E345D2636,0.19500663237483457
CC_844F26E92B12,0.1842883026984562
CC_845032D8A261,0.2605615095473659
CC_845223F606E2,0.25082624280269233
CC_846F5B19B110,0.35678928672444576
CC_84797EA9ABF9,0.26139789337363273
CC_848D59D48081,0.17515260905463612
CC_84AB057BFCCA,0.04893006715011733
CC_84B0BA112537,0.05784392757329027
CC_84B8FCEDADD5,0.08055249631809941
CC_84C61A6BE99D,0.08110484864169296
CC_84CDF830F68F,0.07394800587564299
CC_84D5B88572DC,0.24804506384023212
CC_84FABECED186,0.11360987944849547
CC_8503F43FB29C,0.18364527843657905
CC_850ACB004EE2,0.08281610662403097
CC_850B114489CE,0.09113160039321931
CC_850CC17BB13B,0.1457684655859057
CC_8518C159BDE6,0.1296137357981023
CC_85299261146C,0.0884983591769239
CC_853986C52A17,0.039903126748402615
CC_853ABBECF2E1,0.799958657371369
CC_853BF4485D85,0.18667497668862357
CC_853EED03843B,0.06874361527623335
CC_853FD1B551B1,0.16557129763063655
CC_854AAA98CC0C,0.7681143342353511
CC_854F8AB5F1FE,0.03942533978431838
CC_855E2A785BAA,0.10597435435875285
CC_85614CA68432,0.0560274258018808
CC_856B92B23BB5,0.7734779791990651
CC_856DF4A30E13,0.7033016786020759
CC_858704DBD5A6,0.055705418181686436
CC_859EF0AAA74A,0.04689815180159761
CC_859FB710961E,0.14420370549458564
CC_85A0EB3C9884,0.5999203658090022
CC_85C887BB996A,0.08689248808965351
CC_85D9A6C9CA60,0.1393808835484446
CC_85DAF10E61A1,0.6056248918724585
CC_85DEF8ECB524,0.13071054622675954
CC_85E2E0B8B15F,0.7001790940580978
CC_85F018DC47FC,0.27689022862590745
CC_85F376B33951,0.17263843926011763
CC_85F745E1D307,0.128000121462789
CC_85FAFB430486,0.296246735341524
CC_860D4B868C17,0.01961980258820814
CC_8614E30C9FCE,0.3797800111171379
CC_861F5DC22035,0.04384539607088774
CC_8624ABB391B1,0.1665608471889492
CC_862BAB422756,0.3346824422565186
CC_8642F98E5504,0.1706906697404212
CC_8655B8862C81,0.17315366790460138
CC_865FCEE75A8E,0.034473994083143625
CC_867372811CCD,0.4427545209892245
CC_867695B5C296,0.5293686671256153
CC_8682B1F914ED,0.16390714514843113
CC_8691DF144B92,0.5105635170288252
CC_86AD259FA5B1,0.1383233145779208
CC_86AEC21936BB,0.7353708266329335
CC_86B1D15F8424,0.035897469705616435
CC_86C2A6EC5712,0.7249930765229464
CC_86CF816B494B,0.05582783437608918
CC_86D4D58B1D0C,0.15295926256567488
CC_86E2C4E17CB6,0.04218174259168696
CC_86E9E191E3CA,0.40996353344561076
CC_87000C16C856,0.10778431936447264
CC_8703DD5FA02C,0.1795637326378926
CC_87065B1F429D,0.11309708949115717
CC_87434BBA1CE7,0.03635256322231426
CC_87450EA8CD55,0.6859546245308864
CC_87480F785786,0.06950613655631827
CC_8777EA6EBFD4,0.03756711642412919
CC_877A35E76904,0.06967308529411878
CC_877B37D01563,0.13325343776286727
CC_879759A5EFB8,0.3623148165087999
CC_8798AF2651BC,0.1306630563242589
CC_879989FB3B92,0.5715826232705501
CC_87A3BECEE5A4,0.1314331699025829
CC_87B7CDF4BDDE,0.041124671578382496
CC_87C13E620006,0.2679071021756375
CC_87E3AFB080F8,0.1394750610209134
CC_880044F77ACC,0.09341203593404511
CC_8809BCAC74A9,0.03650967077152977
CC_880E0019DB5D,0.03215218885609457
CC_880F027D886E,0.12059196112823183
CC_8812BC579F7D,0.07303499772375233
CC_88225FE57D82,0.20637075332057245
CC_88315318E9DA,0.33028712433822244
CC_883864E584A8,0.06872195024761037
CC_88469BAD58C4,0.046799649421671294
CC_8854EE679596,0.08224708072885176
CC_886273CC4072,0.07314066486114687
CC_8866B6D4524F,0.24594146343546563
CC_88A943606806,0.33747497441160007
CC_88E916A3F984,0.8145823061213272
CC_88FDC55C31A4,0.11541760383575325
CC_890D5EE59076,0.027850916008845844
CC_890F721517F2,0.10069117314494327
CC_89129D16418A,0.33841430606174655
CC_8917F02F9326,0.1323601283344433
CC_8920B6584A43,0.0602315097546436
CC_8929DF270419,0.726368408613509
CC_892B119F0E5C,0.17712255317468
CC_89302456B9D5,0.6808466992174936
CC_893FAA6D1F04,0.7399813590153496
CC_895AF697BFBB,0.2892172325479896
CC_8961FF892F79,0.02806184448857968
CC_897674493060,0.0653730459389238
CC_898AFCD28B03,0.11799262371098453
CC_898CC919D10F,0.17987745053681312
CC_89A711195EEB,0.15100419132090098
CC_89B4DF07DF12,0.06878549442390619
CC_89B941079E10,0.0931092493286668
CC_89B97E9FF67A,0.10813106325242489
CC_89C5162E8055,0.16224858144430013
CC_89CA0F1E2DBF,0.2312451032365221
CC_89DEE29A78AA,0.10558976659989631
CC_89E089707730,0.16066516606929473
CC_89F0B865A6D4,0.10037675923682875
CC_8A04C5D4D02D,0.06652817960708061
CC_8A081AA1FB92,0.3310767177751939
CC_8A0C640E7A89,0.5344730653746383
CC_8A12B68246A6,0.03955974233270846
CC_8A14A46B280C,0.15785423186970415
CC_8A165A18560F,0.30324123054019364
CC_8A19196788FA,0.0655893753839742
CC_8A25FA445037,0.11668258486208208
CC_8A29EA87B295,0.13554755076631092
CC_8A2AC87CB22A,0.049571239716103645
CC_8A34634E7423,0.6118966384231208
CC_8A38BC1AFE57,0.07162917098361711
CC_8A4CAF0CD0F3,0.08814617721918956
CC_8A5A0429CAB0,0.13596468336560502
CC_8A6E60FAE870,0.07880328918868545
CC_8A7DA054E397,0.6896772744767643
CC_8A7F5FF4B421,0.24044712866741574
CC_8A8249A44847,0.11850967763542095
CC_8A8BCE16DF45,0.1286077869791856
CC_8A8EC764734B,0.07280021286748252
CC_8AB553BFA00A,0.09651722932197696
CC_8AB57DC077EE,0.660351777069233
CC_8ABA5808D313,0.06291318431609749
CC_8ABDD9A05C87,0.34643964593185567
CC_8AC7520DBCCF,0.16292128688444332
CC_8AC7F8BABF28,0.05917483522054495
CC_8AD67FB3A5CC,0.7446560106966488
CC_8ADDCF5EDCC1,0.08776684609303993
CC_8AF1C3A0799E,0.7418645591076138
CC_8B388FAED0B6,0.11663621303607874
CC_8B46CA903D09,0.026335169504125917
CC_8B5819403FC8,0.6760325956071471
CC_8B581B8207A9,0.13311394215603534
CC_8B6DBEF19F46,0.15855640276076943
CC_8B8326C4C229,0.11411626710814834
CC_8B850FDCFC83,0.0801810610167625
CC_8B8F41F19B72,0.07088759110560984
CC_8BAF98C60957,0.13613316281848978
CC_8BB0824B181E,0.05017969082264137
CC_8BB963DAD9E2,0.15426250835297478
CC_8BBF5F939D7C,0.14726923641369874
CC_8BCBDCF4DFF1,0.08958072308592081
CC_8BCE343561CB,0.7476063171060231
CC_8BDA87361657,0.0946170543335659
CC_8BE68A4DB87C,0.07278485786345694
CC_8BE9BBD879A5,0.04265383269910789
CC_8BED85B91011,0.3851089737180923
CC_8BF68E552DA2,0.18971390662846932
CC_8BF832E6464E,0.8111375467232426
CC_8C1561920E84,0.23067272767858554
CC_8C2A7D9A667A,0.16556754415566896
CC_8C3A5DFE70B9,0.1805340871030376
CC_8C534CCBDA4C,0.2144646864964056
CC_8C6472A3EEAB,0.049342046111732374
CC_8C6B4854D16C,0.2547257984442027
CC_8C76DE4F58D4,0.06308561450354885
CC_8C7DA3F4F88F,0.07620757920112471
CC_8C8527DE7DD7,0.07452903017532085
CC_8C9416612FDE,0.3918802743560622
CC_8C9973F02AD6,0.3437503060371401
CC_8CA1DB61A2AC,0.04265824882605272
CC_8CA59CAE22F6,0.14766217732173592
CC_8CAFD04A6EDD,0.10883342526322107
CC_8CCCC389913B,0.6391611137707683
CC_8CCEF12DC7B9,0.1858738404583265
CC_8CDCD714BD1F,0.7924935136795739
CC_8CEC7987D1B1,0.08149051748918072
CC_8CF621ADAC0A,0.2841377998447838
CC_8CF8FE2A4B82,0.4067890666557073
CC_8D048396D9D5,0.10003886142482057
CC_8D1089C58563,0.5456025305501108
CC_8D35A37FC4B1,0.09827472700692737
CC_8D41E12FE5B6,0.13275364448343466
CC_8D4A859839EF,0.14860305098294593
CC_8D4AD431C55F,0.08266991350335286
CC_8D4D882CA579,0.11498083056425695
CC_8D6151025078,0.10451985642486854
CC_8D637233FE54,0.16102592543346553
CC_8D6AEBA2D7EC,0.0912270686841901
CC_8D6E16DED971,0.1836742926266277
CC_8D7329F79BBD,0.4421912134707829
CC_8D7B7307C43F,0.0868911265741177
CC_8D7B9D4936EC,0.7155050158388755
CC_8D80B1B44AE1,0.4159262630076564
CC_8D9516D61143,0.41269387340860647
CC_8DBB8445786A,0.09170940504410592
CC_8DC5B86D9DCC,0.7539053258764121
CC_8DC6465998DD,0.1840468812323218
CC_8DDD0EDA9CB2,0.14161681473608845
CC_8DDEF0265CB4,0.05381766278924838
CC_8DE06BEB95A1,0.09574825020396818
CC_8DEBB5B14A14,0.1451656181186006
CC_8DF5BE7F759C,0.05720044420784515
CC_8E0ADCC71F85,0.050071358144332875
CC_8E0BD86F6F0E,0.08712529387312569
CC_8E143BFCF3E5,0.11036754997212088
CC_8E170A60D71C,0.37540536208940967
CC_8E1C3A21FAEE,0.09627729786743727
CC_8E408E18F060,0.1002114993613854
CC_8E42FB163DA5,0.8023483625279463
CC_8E47536D29BE,0.2825524761831192
CC_8E50AFFC5BBD,0.04842456474667731
CC_8E5FB1035354,0.1664866770879866
CC_8E7B9B8DD1A3,0.0899505484541805
CC_8E85B08196AF,0.02998761585247036
CC_8E96FC75AE5A,0.07454064519973617
CC_8ECAB5A6C7B9,0.07391871162094989
CC_8ECC4C7A6638,0.5108470634219948
CC_8ED6F13C35F5,0.16299495245686565
CC_8EE5E9467038,0.17473525070499102
CC_8F037E5AE692,0.0451778212108134
CC_8F1A418D96B3,0.2892710230447552
CC_8F1C4014F91A,0.13484646623819685
CC_8F30A5FC9D49,0.08659390836065002
CC_8F3456F298F7,0.21460074908629567
CC_8F393D485C29,0.13336047138432114
CC_8F4A41130110,0.04207827079805561
CC_8F7AA6E4D486,0.10863556608641496
CC_8F887BE25314,0.1521008722455127
CC_8F90CD1A5E00,0.15712703589297733
CC_8F9B26042C4A,0.1123712582426228
CC_8FA9423E65C6,0.09865313033338273
CC_8FBA6C32E0A5,0.27362207138531525
CC_8FC1C50C41E7,0.08099615194125014
CC_8FD005425792,0.059992636923985154
CC_8FD6A223135B,0.13900479720946818
CC_9002450E1B5A,0.04601301477273779
CC_901CE62199C7,0.37904671080405217
CC_901D2136E1F9,0.17516681487836616
CC_902648F62345,0.16318183780383524
CC_902BF0612E70,0.15346296459871744
CC_9036F7423277,0.19155316723734267
CC_903AD2767BAE,0.7153008800085743
CC_903E4BA690FA,0.3136837323916872
CC_904386E31210,0.050576436460609206
CC_904EA6C846F8,0.3923093885280753
CC_90549DD3CC39,0.12188227424913371
CC_905739E5494F,0.08583095560981939
CC_906F852C69D6,0.64945923455607
CC_907911F4930A,0.2548052036646531
CC_90798A7273BD,0.13591670378879778
CC_907F3A8AFCFB,0.06458001564044497
CC_907FA7722881,0.10547072847382606
CC_90812D9F30FE,0.09072863554736132
CC_90870A89F310,0.03386053490683641
CC_90894CA021C3,0.5797955457236003
CC_9092C5EBF5F6,0.049927855331321054
CC_90A10D649D9C,0.6871092882445029
CC_90BF8E127519,0.5817928436633719
CC_90DBB385A7F3,0.709518872566374
CC_90EAD308012B,0.31636617173757414
CC_90F4BF0B868D,0.1158668480204563
CC_90FA39516EAF,0.07774486860227559
CC_9117894F31C2,0.17197795973616659
CC_911ED63BB556,0.3615639496466683
CC_912730AE6E8F,0.29405902772491593
CC_912CA7EE4C26,0.125878362610504
CC_912DA46AAED2,0.07813596794865756
CC_9132E67EA479,0.1415729486010659
CC_913D95FB31E0,0.1618611153500328
CC_91529F20D461,0.757300082693318
CC_91586318C780,0.03893013786925902
CC_915F2708219D,0.1551954417635977
CC_916CCF9CBC08,0.030498936647170346
CC_916CF77A29CC,0.0884054596257489
CC_9189E4FF82C5,0.142695159080539
CC_91A27CB6139A,0.13687078632974678
CC_91B7A4A15A37,0.6228674315393533
CC_91C2077BA6D7,0.07981089010085292
CC_91C4CC43EEE5,0.14141204883431005
CC_91C55BE33AC7,0.05570758910236677
CC_91C81BC58B49,0.052527952925356856
CC_91DE12EE18A7,0.378016514917736
CC_91DED13CDCD9,0.16069981058197727
CC_91EF639761F8,0.1484793285342533
CC_91F23A7E743A,0.32980481971390535
CC_91F4C5E889C7,0.7373676996677132
CC_920E91EB28A7,0.1845960018702281
CC_921481F5F77E,0.10010842083756483
CC_92221DB27176,0.1729967402629113
CC_9224D5677C66,0.1220406868219887
CC_9230B9656F93,0.20044587117276236
CC_9231D0F8A993,0.7266389771623687
CC_923727159A8F,0.04554158557319006
CC_9248706729D9,0.034798149571995264
CC_924AEB5DD991,0.1866785513855328
CC_9250BA851692,0.31080614203876245
CC_925BACE3417D,0.09807831061413075
CC_9260CD0D7C0A,0.1157201035077483
CC_9285EB21B38A,0.1100869119851456
CC_92A09F03DAB5,0.796267418709048
CC_92BC35D7F9CD,0.10539425860699518
CC_92C5FE9E5B12,0.6867717941511486
CC_92DC8CF8C902,0.08793134295577285
CC_92E006664648,0.25330430212603733
CC_92E4EFB9F0DD,0.11058892248447823
CC_92E621E0298E,0.18164023454085584
CC_92F412AC7D22,0.06889732536983557
CC_92F42886B7E4,0.20055452231926935
CC_9301E23D376D,0.6024473499251877
CC_931133320380,0.19234449761036893
CC_9314B6D8B7F2,0.06799028264264506
CC_9337E3B43211,0.18423820228862214
CC_933E044F26DB,0.08707689499370351
CC_934BB89938A3,0.09213563436295823
CC_935296A995DA,0.1278449529360541
CC_935326AF26E2,0.16453967547460843
CC_935B72B8E7F0,0.04863695561664011
CC_936FF3C9BE68,0.03938458838090708
CC_937FFE1718BC,0.037007592654261165
CC_939F92AEE460,0.7879466651687363
CC_93A4365B25CF,0.7964611236421524
CC_93AB9D6A7EFA,0.08748342761324679
CC_93C719738590,0.803242696644489
CC_93CB48930B37,0.1962365538498831
CC_93D24FAFD21D,0.09443468842843158
CC_93DB5F477493,0.12286614969942614
CC_93E1CAFAD44D,0.06398361439176853
CC_93EC9F853123,0.2052086579813354
CC_93FEAF515A8E,0.04285542751249172
CC_94063A67F136,0.2999149259672695
CC_9406E32819F5,0.0636530968928868
CC_940971CBC1A4,0.15513862648388416
CC_940ADC8DEA3F,0.11682916671115298
CC_940C7E8E0C52,0.2201769791932326
CC_941DD2E1DE56,0.15425299905188708
CC_941FC1FD0D55,0.20248863701721898
CC_943B720DB5BB,0.09753835100382952
CC_9440309323A0,0.1340567843428905
CC_944B461BC558,0.06360584746701539
CC_9453654BACE9,0.1861330616944876
CC_945888CEAF10,0.34169681045884054
CC_9458D4A483A8,0.11257932685131528
CC_9464BA7E98B9,0.07844964841421419
CC_94794B478A5C,0.318963466348816
CC_947E58EFF90A,0.09086043533448265
CC_948537FC17AA,0.7653845213709001
CC_949576D25153,0.08138069388182738
CC_949B8CEAD619,0.08591039532202721
CC_94B4E05906A9,0.13124168241401934
CC_94C3B6F3B0CC,0.1307585991874448
CC_94C3D9D8FBF3,0.6359339163135468
CC_94CD530B2099,0.07341472010828748
CC_94E9D1E527E6,0.03098215222371036
CC_950450C0845E,0.38969204888689357
CC_95169A4360C6,0.04445848734872067
CC_951A69571676,0.051327729747131186
CC_95232636844F,0.21633367356185246
CC_953A5913EDD3,0.16749740179133366
CC_953B678083F9,0.07885040468518609
CC_9541BD0604B6,0.1745952942578611
CC_954404C1BEE6,0.38999441357931147
CC_95444ED71872,0.08003355110490888
CC_9544B86C78A6,0.7184153120071339
CC_954AD7E7C8F1,0.15563784518604504
CC_95525CC6C854,0.14255057820278805
CC_95573B318A91,0.041163110256671805
CC_9569309DC18E,0.08731996154195579
CC_956A2DF28600,0.19806397260398415
CC_957C7A0D7B72,0.34381750496371444
CC_958BECCA0BAB,0.44972884754670733
CC_95A6C4DA2F12,0.6165758873547234
CC_95AB75B5BBBB,0.12578262593923795
CC_95C1274DD7DF,0.024153263601283295
CC_95CD8F6A8CBA,0.036510493132823105
CC_95DD4DC604BD,0.16933893270041045
CC_95E1AC08266F,0.1390426809068355
CC_95E3DDCB74EF,0.054840271643896564
CC_9601384AC971,0.4510895712048935
CC_9608A73A8025,0.15933949305801953
CC_961F3BFBDDAC,0.8518025291327481
CC_96206C1277EB,0.2783749656541839
CC_96396AE6347C,0.19437562408996611
CC_96416D2A937F,0.19777242309209853
CC_964C2E0B00C1,0.18029359337909814
CC_9657A2A04BAF,0.21488976209181632
CC_9662D713B7BB,0.2193346540164462
CC_9664F83B7F1D,0.17317479796589494
CC_968AF836D0C4,0.04698832176683189
CC_96A6735A4317,0.06976460725596915
CC_96BC62A4A0AD,0.2177142721617703
CC_96CD75668A6C,0.06400948671316904
CC_96D928252719,0.3755681219500838
CC_96E40BDE9A6C,0.11388484527353421
CC_970116768415,0.2253846192809473
CC_970E94875C2B,0.7568041053809882
CC_9721C8A61D80,0.07356278041243039
CC_972313B0F814,0.16680636781050376
CC_972FD8FFFF63,0.5488846051082823
CC_97478A77EC17,0.1747225418239364
CC_974D14774BD8,0.05695967191002916
CC_974D86BD39FD,0.04660739676419331
CC_97508465AB76,0.12113964487570161
CC_975689C0CD6E,0.06122295023732883
CC_975967702106,0.04340315495719201
CC_975F3F07ED23,0.05041290095633021
CC_976E0D9A64ED,0.3638330672587732
CC_977145B2B363,0.384817105886024
CC_9772CABFE1D2,0.7925319467435222
CC_9773C1E6AC8B,0.617343837875292
CC_97832657396B,0.4641047276341018
CC_97963C337FD3,0.4735662667861916
CC_97978B581F20,0.1701868409881439
CC_97A9ECF23955,0.2348000899732162
CC_97ACD6D965F3,0.09124397105363483
CC_97C69AF6E34B,0.722665043312626
CC_97D0E7256861,0.6734845985871245
CC_97DEBFBE2BDE,0.2701716697800194
CC_97ED469F2950,0.11098939946466546
CC_97EE84ABA6BF,0.3058775431993421
CC_9801B22BF375,0.10884125337711173
CC_9803B6D4D780,0.27132006104020584
CC_980E90C8A301,0.10567478905015384
CC_9814B3D08A69,0.07902126706017802
CC_9821BD45BB0D,0.16516776733326796
CC_9829FA0350F7,0.03355473531496017
CC_982CAA309A38,0.17877461161026476
CC_98346EBF382E,0.14140052693287217
CC_986698CCC6AA,0.14562450423106954
CC_988FC580CD50,0.11576814495130563
CC_989795BA3DD2,0.05750837859626893
CC_9897A1DFE807,0.07965531339367819
CC_98A2C8F4E956,0.07241534076666056
CC_98A3E6CDC707,0.10827449657648168
CC_98CE15EE1565,0.052742301904776856
CC_98D036D16215,0.05997286757936314
CC_98D09B14EE3D,0.4054083770091793
CC_98DB782DF852,0.04857075915149732
CC_98E2EA67BC97,0.06825213468153973
CC_98E6E7CF74AF,0.07365599675249859
CC_98EEEB2A83DF,0.6348160849647381
CC_98F3D3194788,0.11538041978004984
CC_98F8A8CF4F9C,0.32783962886605367
CC_98F91BAB57EE,0.16288046618112856
CC_98FA377070FB,0.18551260018568272
CC_9900D0479959,0.31897832443475416
CC_99061A735C6D,0.22808230748991498
CC_99093EC1A2C2,0.12190016031646825
CC_99376CA4DC26,0.04388889315295176
CC_993A588895DA,0.1309096020533072
CC_993EE6417CED,0.0792464577539354
CC_99559319913F,0.04130987583213828
CC_9970123DCC41,0.31761883354299525
CC_998BB6848FDE,0.07804837495567978
CC_99958287B2A9,0.4998182047126853
CC_999BAB2D16FA,0.41215392159479236
CC_999C7029261D,0.7438811862139701
CC_99AA61D1896E,0.0826665267464456
CC_99C03E7D99CE,0.04774926838781473
CC_99C62022794F,0.08124782810216412
CC_99D46BE6593A,0.16512781283565525
CC_99D5A5371B39,0.1579910170939394
CC_99D79709AD9F,0.768157871851988
CC_99D7DDAA460A,0.16125882745813863
CC_99FC44B3C58A,0.11452428397552894
CC_9A02B2A17C07,0.09659055853967458
CC_9A05DE55D408,0.20256447740317365
CC_9A0C42AA09BD,0.4115477045053406
CC_9A2B390551F6,0.04445456955256091
CC_9A2D66206BD1,0.5210275271824317
CC_9A366E181FA0,0.15325485294080213
CC_9A39365FA850,0.6288537192357083
CC_9A42833BA860,0.03797294235654307
CC_9A4911A0140F,0.08477812658955731
CC_9A4FE1E8E0C5,0.4283118867226271
CC_9A51017C734F,0.34993669036208247
CC_9A5DCCD62D0A,0.3613887866889941
CC_9A602F492510,0.18352617380360087
CC_9A66BDD34B89,0.0361235791421729
CC_9A6AB0AB1E67,0.041514601059354304
CC_9A7049ED5656,0.5793328341343867
CC_9A7AF31828E5,0.08571604684256162
CC_9AA750377C6F,0.11371627631296224
CC_9AB359C82202,0.04825206736739065
CC_9AB7BF77EE83,0.7493643985636329
CC_9ACAC8474B9F,0.02269071005293838
CC_9ACCA4FB9101,0.06819739330394456
CC_9AE1529AF9E0,0.11697835306878489
CC_9AEE181F1156,0.25284929318054605
CC_9AFD130D3725,0.10233061454427073
CC_9B09C3353732,0.07806671577883784
CC_9B0D37817EBB,0.0777371673570788
CC_9B290B59155F,0.3910156170312666
CC_9B2D487C64B0,0.07958864145677627
CC_9B3DEC76ABF7,0.06858140437816818
CC_9B4F778D0A6E,0.1762291220496289
CC_9B581A92C2A3,0.3892574560105999
CC_9B5CA8C38414,0.16556301520203565
CC_9B6E82167593,0.19353948857101277
CC_9B6F6B2BCC05,0.3474016270128203
CC_9B7FC3DA1594,0.34364181221322093
CC_9B957DC280F6,0.15885240788374902
CC_9B997DF20042,0.38042714956333645
CC_9B9BC4B83736,0.07481709422124455
CC_9BBE1A16C04A,0.15650946074026334
CC_9BC63F1A568C,0.2560103740619072
CC_9BCB0166227D,0.23222486731105968
CC_9BD3DC96ACC5,0.1165932814551944
CC_9BDC5A0E43C7,0.42384296170772456
CC_9BF9485A3F9D,0.23465411528715766
CC_9BFE93FF2145,0.253257555583531
CC_9C0470A0536E,0.23102149042466152
CC_9C205AF09E47,0.5333297518820067
CC_9C30DC5C1E46,0.060665510632057155
CC_9C325B6CAD11,0.03742270118480137
CC_9C4A200D0BFB,0.4058361082560962
CC_9C5EAF238007,0.250073694506838
CC_9C601C6BBD37,0.05604245736975946
CC_9C606C2C92CC,0.05642850997024212
CC_9C6192D3A16B,0.06147233562536643
CC_9C84FB9B1469,0.06468765408907634
CC_9C989433D637,0.2645394231975531
CC_9C9B2FEB4937,0.15326858146654934
CC_9CA7FBE1DD54,0.1480125544165273
CC_9CACA50F80F2,0.18552482244700344
CC_9CB40D552388,0.07371771209620757
CC_9CB8127D17F0,0.031497028574543
CC_9CB9CE2989CF,0.7188543150199528
CC_9CCE51CD83ED,0.7960162980795805
CC_9CDD2F3D0BE7,0.04198143685662575
CC_9CDEC693AA99,0.3909139158013721
CC_9CE9091AA9A9,0.2384314880447881
CC_9D007C60D29F,0.0629027572140159
CC_9D017774D4FC,0.6712949782603156
CC_9D095EC1F232,0.2643451005221163
CC_9D1A1281C8FB,0.3293407468760908
CC_9D23F42B7996,0.46732957990580626
CC_9D2FBC479646,0.6922513198117066
CC_9D363365CAFD,0.07699375113522434
CC_9D44E4543573,0.19018234251380037
CC_9D45F67E3B01,0.07307169085541741
CC_9D535DD207D2,0.08305832775478103
CC_9D53ED53A15A,0.6028340228708738
CC_9D5D97AEE98B,0.5124447991976545
CC_9D5F2A5B6913,0.0912713232237885
CC_9D6BC1C470B0,0.5085570592616404
CC_9D71FBDE765A,0.04765886599905317
CC_9D73939E357F,0.11551422837336814
CC_9D82F401BD88,0.6474928090912002
CC_9D8B4454BE84,0.2565324200934227
CC_9D92537645DB,0.060600749415032615
CC_9D95ADE03ED1,0.22045224205312577
CC_9D98FE7A1809,0.04584249218872191
CC_9D9D59757786,0.06384926842388944
CC_9DAEB38616AC,0.14544337608736257
CC_9DD55CC0E928,0.019444592902145924
CC_9DD6B460CDFB,0.2343771947314314
CC_9DD80B5E3729,0.08873416960562618
CC_9DD82B4310AC,0.4244598856244707
CC_9DD9389E8AE0,0.08588577762949857
CC_9DDA8ACEB3D8,0.07441266869223574
CC_9DDCD898D01D,0.12919641571187873
CC_9DDD90B42A27,0.8111396154259726
CC_9DF1807A4316,0.034750697201695484
CC_9DF786FD2620,0.45657042061848774
CC_9DF7B9B3C8F8,0.0676376306724649
CC_9DFF6E2AC586,0.15242885150995725
CC_9E0546BD7BD6,0.13706861799278552
CC_9E0BE8227931,0.09392858957922723
CC_9E1A205BA261,0.41481259500019596
CC_9E2967559B00,0.05083157451407011
CC_9E323A031449,0.7208215796204558
CC_9E377CC03D51,0.04500910232357053
CC_9E3B83584C12,0.15769171625501494
CC_9E3D46FF5709,0.5940830627005299
CC_9E4FA91B86A9,0.07536069777217755
CC_9E53534DCD6B,0.13112224681699286
CC_9E73656FC8C0,0.7273637220462333
CC_9E7430675033,0.17609020637637715
CC_9E84CACDD7B6,0.3993122897216932
CC_9E84E0E4C5BE,0.3133805020204862
CC_9E9C65275B4C,0.09042579723368452
CC_9E9CB6473D59,0.24238612241326554
CC_9EA4F11BE6C2,0.16461928605172543
CC_9EBE3F26F2FB,0.06304724669917025
CC_9EC23AB6C573,0.343489375310141
CC_9EC34DDD0E53,0.04458671461243352
CC_9ED8EDFE8C55,0.06273538593918779
CC_9EF352F179D2,0.0791949521751563
CC_9EF505400F8B,0.6410710772021322
CC_9EF66D83B743,0.3010117930710555
CC_9F051572BFE4,0.20480929583083843
CC_9F151A782BAC,0.22448721170069647
CC_9F1A5DF4619C,0.38186653821186367
CC_9F1BF78ECD7A,0.08335281617199194
CC_9F263092AD72,0.15237042825896513
CC_9F36EC36A9E6,0.08659148089603665
CC_9F3D52242888,0.1799614170284407
CC_9F41F312CDBB,0.3314209876720299
CC_9F425167F9ED,0.17087189236227554
CC_9F6981E0009A,0.2986234584057439
CC_9F706DFE0AE7,0.028337364601757883
CC_9F7B525DD52D,0.3583928086039
CC_9F8D5A5A9DAC,0.15921564613779807
CC_9F8FAE57E6A8,0.1361301505214487
CC_9FD1AB8E65FE,0.041752331419990234
CC_9FD2689202D5,0.12698603802725975
CC_9FDBB5C2CD09,0.03706114505080395
CC_9FE52BD71CA2,0.10044966168006401
CC_9FE8E62EB24D,0.09221702033716347
CC_9FEA59AEA00C,0.2745961551816641
CC_9FEA77B36A29,0.37053133569092117
CC_9FEE9701D16D,0.26133388871453234
CC_9FF35BA60E6E,0.2840101946552648
CC_A0003F08B22E,0.15335406696662016
CC_A00AE2543224,0.06594353383644484
CC_A02A29DECDC6,0.09845156368062016
CC_A0336C21117C,0.6521951743946145
CC_A053B42BBE0B,0.07151690462557155
CC_A0591F16FA37,0.02999414431009163
CC_A05F962C80FF,0.15926847743048622
CC_A07B0549E53F,0.06237797837875603
CC_A09F230CCF5D,0.6629498309332079
CC_A0AED6346ECD,0.19868707239997574
CC_A0C4A796643F,0.09899473868786993
CC_A0D6DDFB430F,0.05839259725063172
CC_A0DF672F9C4E,0.12228033851904527
CC_A0E8C7C5558A,0.2771428121205257
CC_A0E9269DF22C,0.5115542613107478
CC_A0F1DB5CB28C,0.10085890728519081
CC_A0F42B26F8F0,0.054766342627753255
CC_A0F8F80EDFB0,0.06063215657194687
CC_A10AD9550E4D,0.025117314348321436
CC_A10EB26E5EE1,0.18211851049410085
CC_A111B065F623,0.07025516589721756
CC_A113D95B4AB2,0.14465186652684564
CC_A1320C0F0129,0.7307029930754301
CC_A1348D850EFD,0.7717279711051549
CC_A13D08B372E8,0.05642704212090508
CC_A143E64BD9D6,0.3534478001395152
CC_A14B0A24DC3C,0.10907877491731918
CC_A15137F25F7C,0.07384303927392424
CC_A152DBEC5BE7,0.051847851111868654
CC_A1591CFF6D81,0.042467068039843396
CC_A168CCB582C6,0.3668490305917938
CC_A17DC38133CE,0.7723017089703552
CC_A185D5EA3DE8,0.6373322854764796
CC_A19C842508E0,0.13807491526864601
CC_A1B648DA406D,0.024248091668735473
CC_A1BF7028CAA8,0.02067525070749024
CC_A1D035FA36E1,0.07882689331119641
CC_A1DD653D41A7,0.08764611351482451
CC_A1E3AD4B934C,0.2933222297556144
CC_A1E58421CE87,0.04629583133619998
CC_A219144EDEFE,0.05963239393338267
CC_A21FCEEBB3C3,0.4526275769472448
CC_A220E4278D79,0.03728016217186779
CC_A2231BDC961C,0.261704447587634
CC_A234E219EFC7,0.34737423856691224
CC_A239B1BD81FF,0.06284226732046636
CC_A23D8CFFA31F,0.07174592125735553
CC_A23F463F4B4D,0.034088875340076916
CC_A23FFDC4A7A4,0.08596133667802522
CC_A2423E273F84,0.1142758403600902
CC_A2493E6036AD,0.31508674940168196
CC_A25C54470CED,0.08523972145966473
CC_A25FA690BBBC,0.12314293044605469
CC_A2636CF7C075,0.08965236009884811
CC_A26C22870E3D,0.45293799660141776
CC_A26F6A272B3F,0.13010968897094324
CC_A27CDC9BCBAA,0.18183066385886715
CC_A27E5269DA60,0.19656448159529727
CC_A28D4A46B6FA,0.10431641639956216
CC_A28EB319030E,0.04256083644467489
CC_A294D3A59462,0.7984935516299025
CC_A29D8034C304,0.05747303111607256
CC_A2A109409963,0.04984384561027207
CC_A2A4FA5F9962,0.11346249527495093
CC_A2A7E30C59D0,0.15213459543149213
CC_A2B5D2D4E269,0.5385202336659978
CC_A2BB24180208,0.27558537142029454
CC_A2CF1DFEFE46,0.48904004617477614
CC_A2D6090EA5B8,0.15551623478706428
CC_A300BC40BC9D,0.04127475121329566
CC_A3212501F639,0.18984213541271994
CC_A3278A566572,0.058952775631558825
CC_A327EBE4F783,0.17112298241749785
CC_A32FB6659B01,0.07291766813106776
CC_A33915EE72B6,0.2151074604173704
CC_A33D350BE79E,0.17590059191295493
CC_A3553B8AA8F6,0.09531876378544804
CC_A36EB077BF3C,0.02662450379052431
CC_A3753EB66DEC,0.11861382961559781
CC_A378342AC9BB,0.15826242152512612
CC_A379E9455C60,0.14808242654029188
CC_A387ADBD7249,0.09055372897087237
CC_A39E961FC29F,0.15159881777064105
CC_A39FA1EF0B16,0.2649218888898005
CC_A3A4E39FB04D,0.16541101740156966
CC_A3A751BE68D2,0.03468158750532555
CC_A3ABB3C5E9D5,0.6418578600107092
CC_A3AF9C2C68F1,0.17810322261184117
CC_A3BEA14873AD,0.12987589873130706
CC_A3C2FEE13C37,0.15173247123837988
CC_A3D6435D5F17,0.15254717358243403
CC_A3E3E51AD0E7,0.044493821415788254
CC_A40566694D53,0.23021845210540354
CC_A410C0DC7125,0.038520641454294166
CC_A42168D2B94B,0.08409667640841124
CC_A43CED9AFEF5,0.4409662501019972
CC_A4475A788D13,0.12971288679424733
CC_A44D677C0C07,0.042011494681938835
CC_A44E2673E71E,0.0406719183435544
CC_A44E79A96425,0.36340091252152473
CC_A462CA147DB9,0.11004517004918637
CC_A4660E424386,0.2058139762064647
CC_A476C9F116F6,0.14401040357831785
CC_A47C83B6EE2B,0.14453415068667233
CC_A47F8594678C,0.2741119449591356
CC_A48A7592F96A,0.05698353509716294
CC_A49195E659EE,0.05959200363981823
CC_A498A936AD21,0.10877699133137413
CC_A4BE6692361C,0.6066386422253165
CC_A4BF2115580C,0.07394299604078333
CC_A4CACCD14A0E,0.11092031534104502
CC_A4CE57A1AB74,0.06073808474113708
CC_A4DE4F1B5F93,0.20912258343110887
CC_A4E300558DAB,0.05791668083975937
CC_A4E972915D89,0.756897835882693
CC_A4EEA04CF3D0,0.19217655286010815
CC_A4F400E9A0ED,0.047593473556659605
CC_A4F550D7F95B,0.19903078142697406
CC_A4FB91B1BF31,0.20373347793862237
CC_A500C1ED0A33,0.1934557434217191
CC_A50471962A96,0.6887774241476452
CC_A5161D8AA57D,0.11729129131556898
CC_A519C84307D2,0.07522676836658601
CC_A5277A9BE02B,0.7126654910020176
CC_A53578FCEA71,0.12358719217174234
CC_A54EAD1CCE27,0.1466054090456291
CC_A5512DA239BF,0.14506807805822472
CC_A5545DF298BE,0.07037173218403636
CC_A556EEF3010C,0.440056482137529
CC_A56756C65136,0.31439102249135287
CC_A5852E06D2D5,0.2406105567640069
CC_A5886994671C,0.14884016614881543
CC_A594D8B41A99,0.04699419896300661
CC_A59C6A6B71C3,0.07221807040489828
CC_A5A06987AF5C,0.20254809431045778
CC_A5A1512FEEFD,0.16288812843954303
CC_A5ACE4284283,0.14685980053659656
CC_A5B10F07BCD5,0.09648294513916292
CC_A5BC9ACDB4CD,0.06754587821697523
CC_A5BF8B260922,0.4430919164776101
CC_A5C52379AE06,0.2704476902948235
CC_A5DD4441568D,0.026713027628767306
CC_A5FE3BE2949D,0.0365443575470024
CC_A60EF94F09C4,0.33352066241838263
CC_A628BE74CB45,0.13030097333410803
CC_A6292E9B43AD,0.06051351243207484
CC_A638610BF8F8,0.10406802822021774
CC_A63BBA86CE9A,0.3026216252001087
CC_A63BDDAC43CB,0.06577155296156545
CC_A6409E37A735,0.13140948369204197
CC_A655EC341406,0.125642021687582
CC_A6562E47BFC7,0.19985804776185428
CC_A6563A22D668,0.7191543784830334
CC_A6601278C1BD,0.10597035973227065
CC_A683678AC9FC,0.34340409180818715
CC_A6864FE80A94,0.09084638211799952
CC_A69117CC3C24,0.168654295889934
CC_A69928C7D217,0.16387794859710042
CC_A6A8BAF7124A,0.2908437645218729
CC_A6B7DFC69AAE,0.5728513100267283
CC_A6BB595B55AA,0.06012028519759316
CC_A6C5284C4586,0.08599763636677739
CC_A6CB0D0191D3,0.08293486085617402
CC_A6FA3FA9F0FB,0.10543289072616227
CC_A6FDADD23BD7,0.04136771666318235
CC_A6FE3938F001,0.18327331191237367
CC_A71DB65F0BBA,0.649636994955293
CC_A730F4964FD4,0.11655011705641072
CC_A73C02C58DDA,0.11256696774570578
CC_A746BC2289C7,0.2943023826252859
CC_A766C3608214,0.12186548533363123
CC_A76F48111A8D,0.13532102590062367
CC_A77AEC8AD2D1,0.021584566156249936
CC_A781174166B3,0.18028387282504135
CC_A79024286DFF,0.060057499721449845
CC_A792720B875E,0.09616092097201431
CC_A7952C2BC5B6,0.07708609922711887
CC_A7954EE1A1C4,0.04062219281041089
CC_A7991E6B3CAD,0.22031433843205697
CC_A7B141DF4AAF,0.05940961717658596
CC_A7BE2CED0B93,0.050994295467448034
CC_A7CF446093DD,0.25474271762070944
CC_A7D1C6692090,0.07756825504261505
CC_A7D6CAB54328,0.45703699711991563
CC_A7D8D1DA4EA6,0.12494732102926648
CC_A8102BA6933F,0.047383556761009527
CC_A81C1EDC5FE0,0.08953617528078703
CC_A82C0FDDC303,0.21891221143916753
CC_A83F92C0CABC,0.14699053645397434
CC_A849B0F60EEC,0.055061697362692244
CC_A852AAB180D7,0.040690404237861806
CC_A8536626873D,0.21351243038712137
CC_A85F953FFD40,0.3449160455471999
CC_A865A3F1E28A,0.6813467824457409
CC_A867253FC73C,0.74321258932725
CC_A877592FE1AF,0.055943358467057176
CC_A8AE26057851,0.17184706425141438
CC_A8D50530622B,0.12516403372880452
CC_A8D5C834B061,0.7217772110318101
CC_A8DF49EED27D,0.799782836191309
CC_A8FB53A944AA,0.08819510148467732
CC_A8FF19BCFB18,0.146213394134936
CC_A9042AA97760,0.05709075139168891
CC_A917D68B7F33,0.0473054926304281
CC_A925B3023F01,0.1538660539755764
CC_A93A49678A0E,0.692396972112435
CC_A944C14551E0,0.1125287691920656
CC_A949A4D6CFDF,0.02645421975947432
CC_A96085AAACBB,0.3990104087167312
CC_A968E7B519AC,0.5760291963856566
CC_A96F61DA3920,0.2692902627207991
CC_A98AA461487F,0.04492071367874052
CC_A98DE37F48B1,0.02847961019183092
CC_A99526CAE7B8,0.08396426577708935
CC_A9997F50D935,0.11657794678589886
CC_A99C3B09B728,0.05345874139990194
CC_A9A0DADE60F5,0.24190468967650158
CC_A9E27E0F8BF7,0.10931756000825965
CC_AA06B8C44B08,0.5786847068780783
CC_AA078692F54D,0.040580864299766206
CC_AA3181148667,0.11248950601232248
CC_AA36C8AD0AD4,0.0919776110591203
CC_AA36F0397FF6,0.09027026428142582
CC_AA3A8989A632,0.6487221206987175
CC_AA4A1B7522D9,0.09257652851683316
CC_AA4AE0378324,0.22242092627473017
CC_AA5E4D5A692F,0.16764870495178869
CC_AA68EABEE4B1,0.08405357725065254
CC_AA6B5A7A5B67,0.07962202648763544
CC_AA6BD423C239,0.40099561977825837
CC_AA7074B42A4C,0.49278460586970463
CC_AA7A7F3159DC,0.09347939131602301
CC_AA7BDEB972E4,0.11149546629195915
CC_AA83426311A1,0.07198714810127099
CC_AA8F7D307212,0.14461849964588136
CC_AA994120654B,0.07429846205431455
CC_AA99CC1D0A77,0.10023940741400675
CC_AA9DF917E958,0.13531872338109543
CC_AA9FC6678135,0.3271037802522008
CC_AAA47EC0D4CE,0.08608661357823041
CC_AAD9F600283C,0.10355694226927982
CC_AADF003A3927,0.07176056079850585
CC_AAECFE806C8D,0.23046927764259048
CC_AAF2022B9CD1,0.17050980208467414
CC_AAF445E4CCF4,0.0722037127326758
CC_AAFDCAA5CA06,0.6690024721110626
CC_AB0384E131D8,0.17855191420905886
CC_AB0A4F4A2968,0.21645664007292634
CC_AB108580856A,0.08613869818083053
CC_AB10FED15FC0,0.8116507059789732
CC_AB176233A184,0.049710846127316737
CC_AB250982887C,0.1107040966846472
CC_AB25C565EA6F,0.06994608408569997
CC_AB31BDAE74E0,0.2310239470480867
CC_AB38A76F5698,0.38870198459739097
CC_AB38F588BDD4,0.16243695494568525
CC_AB3DB55C9A2E,0.17500632409025543
CC_AB42A7DA8FAE,0.18292492521890996
CC_AB486E8855F7,0.11041919619494198
CC_AB4A79BF0F21,0.04061342222121562
CC_AB7472FE1C8B,0.048300685224102066
CC_AB78F64D1DA0,0.11725680024420508
CC_AB821E2FB031,0.05918784811677284
CC_AB873276D910,0.04853648877605361
CC_AB8CF3C05B61,0.09769193145866002
CC_AB8DD8448ABE,0.3234011579721716
CC_AB953366A38C,0.09695879682418007
CC_ABB193697B23,0.6184641218882101
CC_ABB3F0A040BD,0.12309337071049122
CC_ABB618AD3E52,0.21877130296919872
CC_ABC0DA7DAFA5,0.03767759285678807
CC_ABC49E43DF40,0.6286690555589529
CC_ABD89F61734F,0.11471827199811038
CC_ABE04CDC2866,0.5805609306034994
CC_ABE98746DB91,0.5494645065378341
CC_ABFDF22BBD97,0.06150332575613717
CC_AC0498A54CAD,0.21432831786581708
CC_AC1C23EA2767,0.3143965524929789
CC_AC1E028B2A1A,0.10028970390362074
CC_AC255B902EEB,0.16597653653807298
CC_AC44A88F7869,0.0601372739968265
CC_AC51CBCACA63,0.10985488187391375
CC_AC723E5F5EFA,0.039806348397940554
CC_AC7994A5FDC4,0.1034956129988633
CC_AC7EFDBCF2E8,0.7250161484833971
CC_AC8A45716CD8,0.12807562756045418
CC_AC8FB78319A0,0.030101995951292156
CC_AC95C517E726,0.0959219845497469
CC_ACA4C6C9316D,0.055542078272561766
CC_ACAD97A186F4,0.08075502428988732
CC_ACC12168D6A9,0.1514586045798989
CC_ACC53294D3A0,0.08139668002434966
CC_ACC6A74A8BEC,0.06246052460941036
CC_ACD94D2B1200,0.062191849064413246
CC_ACD988315902,0.034782104377206934
CC_ACDA59536C9B,0.12650999749278602
CC_ACE5A4081F6E,0.1802369600296474
CC_ACF4F9A2CCFC,0.18198827354315975
CC_AD0D7D212968,0.2977718512065945
CC_AD131D09EB0F,0.12161851168453747
CC_AD13C87CF26E,0.1866731305046211
CC_AD2050A0C79D,0.15707552622645832
CC_AD276D71D3A7,0.29908168903693055
CC_AD2C54521FE4,0.1997881519778876
CC_AD2E59624FEC,0.37943372735922565
CC_AD3A36AF2840,0.2514104180542888
CC_AD3D286D0B68,0.17079133779707617
CC_AD46818E459F,0.6284775424659504
CC_AD4BB2E22EA9,0.19824601139777442
CC_AD4F7F88242F,0.30037828336643513
CC_AD58ADCD54CE,0.6995439772345232
CC_AD71619FA389,0.11501589102246028
CC_AD84592B950B,0.06834286123851498
CC_AD9898C0E8D2,0.12466984497259322
CC_ADC70A21D661,0.3275482939096963
CC_ADCF16189AF2,0.21976153320944372
CC_ADD894E6E4F4,0.3450903068727178
CC_ADE899835555,0.13851201437818175
CC_AE0D73A1EE19,0.3763485861488487
CC_AE0F08EA3935,0.1801440226465276
CC_AE23B59E6FC8,0.2912868140677954
CC_AE289E013D60,0.07485529577052455
CC_AE34D3F7F224,0.7380638094359182
CC_AE4069D8B4F6,0.20612801432559635
CC_AE4896E2BE76,0.7195823844556741
CC_AE51DCFE0671,0.07375948993108022
CC_AE69FEA8DA68,0.1526358856362795
CC_AE7C129CC90F,0.2133587996549923
CC_AE7CD49F20AB,0.1701456468368924
CC_AE89526E0335,0.17745850276771563
CC_AE8D62CF30C0,0.09386897223958993
CC_AE8D9CE8D6FE,0.03376993194576087
CC_AEB019CB9065,0.1651215283685804
CC_AED1D50AF584,0.11002387397776331
CC_AEE546316FB0,0.22896223698731233
CC_AEE5FA00FA6C,0.41285176267971946
CC_AEEC765D157B,0.03914116189937759
CC_AEEE44D6C8A4,0.02272072206673851
CC_AF14FF3EF570,0.3241163664513577
CC_AF1C3ACBA6B2,0.11377893429042314
CC_AF1E911C98B6,0.3039436369182446
CC_AF337F410520,0.07917606306654856
CC_AF3C7BC3BA40,0.10134094580920255
CC_AF41E4075C87,0.17616210122995024
CC_AF6B4405276D,0.7055655143594813
CC_AF78FE0BDBEE,0.10328256777856004
CC_AF8238D9082F,0.0529546157041685
CC_AF8CA6EE53C3,0.06161709964581423
CC_AF9AFA7C49A8,0.10285968116827937
CC_AFA1E3D3C685,0.1746247112681657
CC_AFA680030CB4,0.6265778521184511
CC_AFB351270B8B,0.036305057456656714
CC_AFC405AE0029,0.07942035757922206
CC_AFF90422E4FC,0.3783354265794598
CC_AFFBE2744B87,0.771055295125916
CC_B0043CA53FCE,0.0792491250264643
CC_B01B2BD4EFD7,0.2469966046948082
CC_B01E87EB9940,0.14654662618036768
CC_B0273E66E2A5,0.16147968145734234
CC_B03E98085A9F,0.0668636044722041
CC_B0420D8C42DC,0.507145288667757
CC_B0497BEB9F6B,0.13789116387663491
CC_B04A5E60B69D,0.08499177005069636
CC_B04D5517A193,0.11805752512951363
CC_B05FF3A960A0,0.21523452024333806
CC_B06A532EC131,0.28445758218214096
CC_B06D33A6761F,0.13372757908177701
CC_B074D4472CE4,0.041408078252817386
CC_B07CE95BCD88,0.29291045556412254
CC_B07D79368225,0.12221341957859559
CC_B07DD1ABABCE,0.7359849182603808
CC_B086C2D77820,0.1698209968693264
CC_B088DE9C9E3B,0.2345505335088465
CC_B0CD7932067B,0.1025445752850921
CC_B0CF90073A5E,0.6583834823174594
CC_B0D397D86639,0.6525106678420954
CC_B0EF4FD19FEA,0.09284183365073359
CC_B0F2F9514AA3,0.07959929173939834
CC_B0F3B79F51C8,0.1553069836420381
CC_B0F4041B1C76,0.024199288520512147
CC_B10FE31C61D5,0.09731844563190217
CC_B114E8F19D65,0.16738724497658647
CC_B117F0E3CAAE,0.14056173321161933
CC_B11D58F331A9,0.03289964161915871
CC_B1262188BC41,0.11659727296483673
CC_B12FFB2FF21F,0.08232580790082122
CC_B13253F34A9F,0.030512078804215314
CC_B137E2BBB53B,0.07099019113345721
CC_B13FEA7CDB99,0.07360035012729547
CC_B1481ED21111,0.033174351891438345
CC_B15BE5C9976A,0.22970565645208618
CC_B15EB6933578,0.08249937525564933
CC_B163CCB3BE4D,0.10664548514554185
CC_B16DC354FD71,0.3781585871181617
CC_B1777349EB15,0.15963748528565572
CC_B17C6CE0231F,0.2616507712448987
CC_B17CA8C22E5C,0.12267133808846498
CC_B18F3C9C30E4,0.13483176681834902
CC_B19CD93DDC96,0.05507885458217311
CC_B1A647674B84,0.10405669024518434
CC_B1AEC2E5E33B,0.24181204691387795
CC_B1B5C81AC0A6,0.05522100761486266
CC_B1B932EFD646,0.15080452267658595
CC_B1C3C0B52B88,0.2720138514089669
CC_B1C7216344F3,0.08478522166034366
CC_B1C982DBBD12,0.3146444610771843
CC_B1D81F8197B3,0.33561244683698965
CC_B1DF1DCBDC7E,0.551545846828223
CC_B1E2C36607CB,0.06614016561717838
CC_B21351C93D8C,0.12222577184611996
CC_B2174860AB11,0.7248446995265176
CC_B235818E6A04,0.20240032390149235
CC_B23CDE30F00B,0.08166898948481649
CC_B23DE4971DF0,0.42099433073634807
CC_B23ECF574D8E,0.051268994837307055
CC_B24C41DDFBDA,0.2260472390675309
CC_B25EC73B9510,0.13690597499496462
CC_B25F69904D0F,0.07083230781080316
CC_B25FB6C11D05,0.6785458183050598
CC_B264F2B92259,0.5781292396563449
CC_B26B8FC23F1B,0.056139849756113996
CC_B272E29922B5,0.12062306756008913
CC_B27AA8E27BE7,0.11340755099884209
CC_B2A68FD3C236,0.08697674972018725
CC_B2AC50C00979,0.08880505920300452
CC_B2B16D7B821C,0.19036728741221726
CC_B2B32F1511E4,0.14233169929198358
CC_B2C241A93527,0.07274276352940418
CC_B2CB104FED6B,0.655400225279669
CC_B2D352013F92,0.10362869104560857
CC_B2DF694BAB08,0.09848253904149223
CC_B2E993A9343F,0.19550632732077905
CC_B2EF61C93AB6,0.13825237211530342
CC_B2F94405EA89,0.1110950906291441
CC_B2FC07BF6251,0.04269176379354153
CC_B301A65B4164,0.1074593889505231
CC_B313E3A208A2,0.2014726865244584
CC_B318FF5D976D,0.13210439756340286
CC_B32AEF0A2299,0.05681338784776151
CC_B33BD3C618EA,0.07718821451922657
CC_B348627365A2,0.12811583947735664
CC_B35109450BDD,0.03425913159247339
CC_B3528B870544,0.09002305564028436
CC_B3530E7CF8F5,0.12771536723341378
CC_B35C5B1DB9C1,0.06834556369575023
CC_B35FF59389D4,0.1874786788584281
CC_B3812C6700F2,0.6475651832493472
CC_B38280B483B8,0.12335760749939924
CC_B38B694A18EF,0.4834220313254103
CC_B392BDECD913,0.3392534031613954
CC_B398DF1ABAD4,0.040968711722650535
CC_B39E75E151A1,0.11620502127546879
CC_B39FD0E249E8,0.04334000562192637
CC_B3AA0891CA5E,0.3818232442447562
CC_B3B1C8EBE5C1,0.12857022803735182
CC_B3BBA28E2D39,0.4351488114000622
CC_B3C4DB0303A7,0.09252455296308185
CC_B3D32FE823B2,0.02515563457642165
CC_B3DA429C6C8F,0.0756335907534265
CC_B3DC5786AB0F,0.18195187587494122
CC_B3EA537531A3,0.15109867965840046
CC_B4096D3A38CE,0.03698682843918103
CC_B41EADCCC95F,0.055316904303317406
CC_B421940B9A48,0.6375093425157311
CC_B42B3B83935C,0.8171106537157232
CC_B436B1CA6B2F,0.05144661395888546
CC_B439B06AF274,0.266453166674292
CC_B4482E7879F4,0.07056996084394929
CC_B4660022C612,0.10671102995814169
CC_B46B899B4A63,0.13159288654195944
CC_B470280A580D,0.13684235522326815
CC_B471D3BF0C72,0.5411176289048986
CC_B4751DEE43CD,0.1660297006493957
CC_B482C254BAA5,0.049613883832077654
CC_B4889D036D3C,0.7249509349323735
CC_B4950F811C90,0.13207201832308427
CC_B49A6DE7A340,0.32828384326395366
CC_B49CD4C13DE8,0.3473854102135357
CC_B4A90370CA96,0.4870716236199785
CC_B4ADE6BC8A10,0.6722781929611089
CC_B4B6F805888C,0.03411287158253141
CC_B4B8F66BF4ED,0.6733898203671999
CC_B4C6F80DEE44,0.02621937964361908
CC_B4CCE78C09EE,0.1579011558875146
CC_B4D68D1C1C55,0.16054765601340193
CC_B4DAED63089A,0.15650749798887478
CC_B4DD9841E6FD,0.24351256269969945
CC_B4EF6743DDCF,0.07249914532768281
CC_B4F67F73D097,0.08824669210731986
CC_B50EB15EBA18,0.10880610541227823
CC_B51DCAAF4549,0.15718490463507379
CC_B51DFF8702D0,0.5408005232426663
CC_B520A001BF69,0.08838178272904053
CC_B529919BF24E,0.6573335555906539
CC_B542342650A1,0.0844774922254168
CC_B54A106E91E4,0.046390709609544806
CC_B54CFFC21F2B,0.1162719343671935
CC_B55C134C04A5,0.20201002404695945
CC_B55C2DBF6D3C,0.19955090435577527
CC_B569705352B4,0.10669997234394651
CC_B56E74A967C3,0.05394955936461907
CC_B57519F33EEF,0.04611175427852303
CC_B582E4405D85,0.0827011864353618
CC_B585A11F7BA7,0.12038765263112577
CC_B59726D36AEF,0.1887220867924948
CC_B5995E4F1A21,0.12769810886919067
CC_B5AC2AAF871B,0.7387688602000867
CC_B5AD19125E1B,0.20257020749076154
CC_B5B1E42858AC,0.05492716126139956
CC_B5B7599E8BC6,0.06391522961186574
CC_B5CAE0595637,0.21845742269372703
CC_B5D49843A799,0.33862166975537933
CC_B5DDFC7AEE78,0.09821180382694401
CC_B5E29344F63C,0.1953357379855316
CC_B5EE5AE6378A,0.4896739372917569
CC_B5F2A93AD996,0.09817784567357232
CC_B5F611613A78,0.06511644110712501
CC_B6055039255A,0.7607679290511103
CC_B607B2B0AFB7,0.052881755873159186
CC_B60CFD0F39F9,0.07103584628302376
CC_B620087B1C52,0.42329683203848867
CC_B6203BBBD151,0.10011729841749191
CC_B622662E664A,0.1651953040098108
CC_B62C9A2BC846,0.15644567876096746
CC_B636210548E5,0.3559377009856339
CC_B642C6714501,0.060299358039353296
CC_B64F81B8A263,0.11968549840763223
CC_B65CA581B9BD,0.14205114734410304
CC_B65D1B9B6F67,0.12047109795221989
CC_B661A8FCA431,0.043684491536297235
CC_B66AC40957D6,0.13152951507484925
CC_B672B35D1162,0.7302219502853637
CC_B68379D197F6,0.09275301981434671
CC_B6923D10FDA2,0.13683466182890452
CC_B69CC776BBE6,0.24290986994416744
CC_B69E50D76B29,0.10357994475891052
CC_B69EAA8C296F,0.20865971440369066
CC_B69F7CB8CDA0,0.09653600159593628
CC_B6B4AD157354,0.15858750463845414
CC_B6BD764CB8B9,0.20325415955032922
CC_B6BEC3F4BE91,0.13323442393881943
CC_B6C13F4A610D,0.2859205220070581
CC_B6C1C3B5766B,0.10634728803353274
CC_B6C72241926C,0.147472748753003
CC_B6CB40E245D7,0.6018692774549853
CC_B6EE58A108C5,0.06275200580285539
CC_B706F631F5BA,0.034020460448033994
CC_B71DC1206985,0.1415086483128387
CC_B72284CED807,0.1837678538901114
CC_B727865A5B5F,0.5978997875427338
CC_B72FD7EFA6BD,0.19088286033372592
CC_B7365B5A3392,0.7718787505180577
CC_B73820D308C9,0.11233784489023435
CC_B743560D847F,0.08992486786371866
CC_B76EF26F7C9A,0.3213108787185199
CC_B7764FC130E8,0.45907028967006686
CC_B77B73B95532,0.11450698888406326
CC_B77D6653C7D4,0.03118925437113032
CC_B77DA6B77DEB,0.26269378913529695
CC_B783AE19622D,0.14929221596587688
CC_B78761738CAF,0.015574784099695083
CC_B787BA135B5D,0.3875980020572042
CC_B78B4449EA19,0.12255601973365975
CC_B78B4B7F80B5,0.23943763947261054
CC_B78BEE888CA6,0.07798162463531005
CC_B791FEE1CF37,0.03716077437295176
CC_B79A58AA4441,0.08735494628096517
CC_B79BEC538198,0.11098214769999556
CC_B79DD53178D3,0.07060995582820292
CC_B7A7EFD85149,0.18019630848341167
CC_B7B5F2A15C41,0.12901777244783236
CC_B7BC46A7D4DF,0.09709435799384986
CC_B7CBC65D9AF9,0.5092271382549287
CC_B7D40C5C891F,0.07813110076122605
CC_B7D4337C4797,0.3323141959772893
CC_B7DA04826165,0.3251588828736017
CC_B7DC19DA1440,0.14538616881957334
CC_B829EC622F0D,0.5849717610115039
CC_B82B9C0C7B85,0.6264018079521739
CC_B82C55DEE5E6,0.2869248977135727
CC_B8475B977AD2,0.695859323722569
CC_B84BD2F4EB01,0.19466706782741028
CC_B86DA7D69F20,0.040022672653323293
CC_B87989F406EB,0.16798890121676913
CC_B88B702183E7,0.031579633435949314
CC_B89B80945ADE,0.197797528579329
CC_B8A3A44BFE8A,0.45841296752926014
CC_B8A7A6548AE6,0.17105357281430142
CC_B8A8FB83065B,0.15810113819218252
CC_B8AAC20D626E,0.17650560403210094
CC_B8AC99873641,0.06319362844482218
CC_B8C9673B7834,0.08080761234163224
CC_B8D5FEB15CC8,0.07410347631852542
CC_B8DA64A33076,0.5566644871936514
CC_B8E912A01706,0.6015881874082211
CC_B90869280808,0.12688555749841607
CC_B908EC99951B,0.24242828570019187
CC_B90CBF2A6775,0.048888611722921034
CC_B91080C1ADA5,0.32635257982708665
CC_B918FB42AFD2,0.17143484442051968
CC_B92CA425080F,0.12370039571405214
CC_B937F632B71D,0.1673861768123706
CC_B94477C20476,0.3594886832105342
CC_B9483A5C922C,0.12654733552469502
CC_B954EC1C63B5,0.3916850725648591
CC_B95580F93537,0.04320914464886278
CC_B96086044329,0.06316918592638993
CC_B96EB0A91589,0.22903920517230456
CC_B98357C70A41,0.6409261020231828
CC_B9929A66C2FD,0.6786708217013575
CC_B9BB52E4C529,0.11857127372157077
CC_B9BD45744855,0.7713716637866244
CC_B9BFDE4662AE,0.11025241737742619
CC_B9CEAF324145,0.02939339890985856
CC_B9E89F42B509,0.21901223414341414
CC_B9E8A3887223,0.20703596264331225
CC_B9FC67268C45,0.26014399045130115
CC_B9FE9DFEB3DC,0.09546814044443099
CC_BA041E14DD98,0.07370711622927884
CC_BA0619F54427,0.0993146081319469
CC_BA15072C4EC2,0.24088327920681235
CC_BA183CDC5429,0.8266314137841736
CC_BA43646012D2,0.40336800586387817
CC_BA4F7E494E71,0.4563911928957498
CC_BA557F75E2DD,0.18437526126759324
CC_BA740903CBDF,0.11806811783191733
CC_BA77722A827A,0.5356002607214956
CC_BA78E47BB021,0.22794198338548696
CC_BA8C427054F4,0.02905832483363463
CC_BAA19F8D2563,0.08948479464639965
CC_BAA1BBFF8C6C,0.2854421889086872
CC_BABA44B5FB12,0.07889715238107337
CC_BAC25BCCEAD2,0.07545580804774613
CC_BAC74D0014D3,0.46804311394608134
CC_BAD99E36CC71,0.24346234427612373
CC_BADE7EB1D16D,0.7683264550462949
CC_BAE7410803AC,0.14290042237477943
CC_BAEBBF8054FB,0.12352303749565155
CC_BB054686B6F2,0.04269060062099066
CC_BB05D9DF72BD,0.060226471351266735
CC_BB0D54068D07,0.8000824793600202
CC_BB15DE5E0DA0,0.7324407899373262
CC_BB1A57AA813F,0.14331148927105725
CC_BB1CABE261EB,0.1598125087241563
CC_BB2BC46FCF61,0.20643867974711616
CC_BB2E5437EE04,0.04660009388564387
CC_BB2EF1FF6131,0.08379566010330258
CC_BB2F56C6BF57,0.10481808752642006
CC_BB35CEC5314E,0.10176640699568626
CC_BB39E3597B61,0.03528556111846253
CC_BB3A9EECD51E,0.08164120998473674
CC_BB44CDEE5103,0.18687793223732724
CC_BB458116ABA4,0.35324429642609073
CC_BB5F6936F6FE,0.21265355972131378
CC_BB666F8A551E,0.07640011221707893
CC_BB7355E735D2,0.1138924403290522
CC_BB8A2F186D6A,0.0368863440727452
CC_BB9FDED12C65,0.6722757685653297
CC_BBA8C316C8F8,0.06841287070143894
CC_BBADC7DC73EA,0.2008399362650946
CC_BBAEA7980B09,0.46431064116001586
CC_BBBA078A6429,0.7577037114267228
CC_BBBFC3EC2C72,0.40979214789553203
CC_BBD34B3225EE,0.028243883765577883
CC_BBE6C58C59A4,0.4191470950548854
CC_BBEBBE1E226D,0.10348966952531226
CC_BBED56D34D38,0.12326422908291089
CC_BC0244FBDAF6,0.1754512632821496
CC_BC099E880236,0.17648707222258306
CC_BC0F05C89E25,0.11158291486558852
CC_BC1BD06C1085,0.1105648611595488
CC_BC21E8824A34,0.4472289600216295
CC_BC23655B2BF4,0.055023268912669045
CC_BC24F9024F49,0.04960155041021916
CC_BC2A58939715,0.09604911741180909
CC_BC2B90F226E0,0.205782689965988
CC_BC31382964E4,0.03849419094933085
CC_BC31DA3EAFFF,0.12568307755114733
CC_BC3A6CF6FD16,0.12207935942768593
CC_BC410BDD9ED8,0.2529731334625777
CC_BC458960887E,0.14562659452291657
CC_BC484C329704,0.15041626933313004
CC_BC4D6D6D4553,0.3391698885507529
CC_BC5A59D88AFC,0.08162669717730989
CC_BC736DA19A00,0.167634019807466
CC_BC7B9D13978F,0.18730862818679692
CC_BC84BF34D69E,0.2791747611651415
CC_BC95D473C9CE,0.17782489107671573
CC_BC96FC9DCFE7,0.10923766515590219
CC_BCA0D6159C23,0.17928902965753657
CC_BCAE73132BA2,0.0717597111690729
CC_BCBBF055366F,0.047501648677743286
CC_BCC94F494979,0.09153927291680956
CC_BCF75F8B9A5D,0.11915088779054156
CC_BD10F4F15094,0.08930038631676657
CC_BD1A2052ACD5,0.8082150564375579
CC_BD217C39702F,0.38251450244253415
CC_BD2A9D4B9FAA,0.23657604324594067
CC_BD3EDD1630E8,0.04395153972492471
CC_BD4AAFE9EFEE,0.05452465146500111
CC_BD59D1252975,0.07871826482882277
CC_BD607BE97C17,0.0909611395081464
CC_BD889F165227,0.09845978248825285
CC_BD900B6BCF65,0.15035439507833318
CC_BD9967660461,0.4594759738420399
CC_BDABB99ADE2A,0.16758583022311696
CC_BDB07C66EDBD,0.48203814888055346
CC_BDB71DAAE50B,0.09499134307249756
CC_BDCB91FACECF,0.12044701585486928
CC_BDE1E398B4E4,0.06036966575603931
CC_BDE8D325637B,0.664144378772293
CC_BDE9E7F390AE,0.0957944471967355
CC_BDECF392D7F9,0.14504763088660083
CC_BDF401C3BBCA,0.13241027215829534
CC_BDF53C42C5BC,0.21721173054669293
CC_BDFE5778530F,0.34572748872118336
CC_BE05EB5976EC,0.7455466951334921
CC_BE08A6D5E76D,0.039956044373951546
CC_BE146CE5BEE6,0.17673000743151096
CC_BE24C1EE877A,0.1258496144740363
CC_BE27E98C4BED,0.07071210575566271
CC_BE32DACBF6C2,0.10236393878807454
CC_BE3F52F9C9EA,0.13204723450703196
CC_BE3FC1024389,0.14590783679410813
CC_BE4595898BF9,0.09160526555048042
CC_BE4F1F53F4B6,0.08303822073788038
CC_BE648663620C,0.16581981531917675
CC_BE6627F3B9EE,0.6967461541490717
CC_BE673F70B591,0.34566389650184315
CC_BE704640727F,0.02816237703705041
CC_BE7295B354DA,0.36035686997095007
CC_BE760A430ACD,0.19832460152436943
CC_BE8A340F3876,0.0436591591515207
CC_BE9CB8845101,0.18071660618387764
CC_BEA12286E57C,0.13615252487488416
CC_BEB24EB997CA,0.10761906232462176
CC_BEB80CCF2ED0,0.04477180680558242
CC_BEB86014B5BF,0.1914059296841844
CC_BEC035C8801A,0.13093512475155847
CC_BEE1B858F0C3,0.33324089919329686
CC_BEE664893442,0.19726825016991778
CC_BEE75A33F038,0.042862185048333674
CC_BEF22728402F,0.6349522930251397
CC_BEF8AB2DF19D,0.39027528203260203
CC_BF03683CC755,0.12566645777132918
CC_BF066CB8F7A0,0.17530252555956027
CC_BF154A9FEE8D,0.13453029008794826
CC_BF17E635C67F,0.09787014092473946
CC_BF196AFA6AE6,0.16628462667809857
CC_BF2012FCFE14,0.19107114150871846
CC_BF3733356D4B,0.4290419220085114
CC_BF376C8D14ED,0.5371374620182169
CC_BF3BF8B9F646,0.10117504014953775
CC_BF588A5FF18D,0.6702195689482651
CC_BF7C643B8874,0.034540088784723255
CC_BF8919F14394,0.1419003316215184
CC_BF8B759EE1EF,0.05925231014903931
CC_BF971FA7A950,0.13914816525399815
CC_BFACE960372A,0.10776304066244982
CC_BFBF917EFEB7,0.6314036720698195
CC_BFCAE2959708,0.04108331067428837
CC_BFD80ECB739A,0.21691914480561597
CC_BFDEC7E68821,0.06201632185962682
CC_BFE3AD881F4C,0.046056327045028864
CC_BFE511C0F9F3,0.5575253928483708
CC_BFEE9CF8A6E9,0.08432119044742292
CC_BFF8E82FE4BE,0.1433866715750563
CC_BFF9E8C0FE28,0.5604544949718626
CC_BFFCB2882E26,0.04144959127301708
CC_BFFDCACC1E4F,0.09977250303907426
CC_C003A15648F3,0.09144643679457674
CC_C004160ABB18,0.1343825732328942
CC_C012746F45D6,0.10429935879324681
CC_C033B4EC89DA,0.13045127544727153
CC_C03578357D0D,0.42496460189168245
CC_C040C14F27A0,0.04854516084034356
CC_C0474C48C443,0.13366994795482678
CC_C04A1EF46A13,0.24346841972372357
CC_C067DA2C5F99,0.41895981923076986
CC_C0731DB0CD7F,0.6355227529086
CC_C07C70AA1AF0,0.13577032782630769
CC_C0877F4DBC62,0.09594899841810108
CC_C0896CE6B4E2,0.07230890111879718
CC_C089B0517E81,0.07029245153032815
CC_C08B9066A5BB,0.19004713404463822
CC_C08DFB22BC71,0.08760645029722595
CC_C0A2108BEC82,0.1940903036943204
CC_C0A6B0787F91,0.09987806205125696
CC_C0B29B279C90,0.10944970057784074
CC_C0B7151247C2,0.10147569723297044
CC_C0BEDCC974E6,0.0884131555769137
CC_C0C6F913C2CB,0.6910117537239887
CC_C0C7EAB055B1,0.1838086437499118
CC_C0CCCF588BEB,0.24754597846891774
CC_C0D65A1BC1DF,0.5839196041286694
CC_C0D6ADDF1E0F,0.0710454826179377
CC_C0E49708EB44,0.21157863117200765
CC_C0F32BA57D17,0.03712230114527555
CC_C1094828B26C,0.31447708447634776
CC_C124E4C094F3,0.24314318292132622
CC_C12ECF48FA03,0.1803993537528016
CC_C12F5F7E5C54,0.10798196809558638
CC_C131509731A1,0.2012611260936617
CC_C14173B64C58,0.18224498514036924
CC_C14A4D39F494,0.3841207608392168
CC_C14DC9106B7E,0.2858588924207036
CC_C1624A910E58,0.0337653809488512
CC_C1645FA6EE7C,0.08580656694293134
CC_C165A26E7C1D,0.7267499526602471
CC_C16824A69631,0.05471119805256481
CC_C177831DEDC2,0.07858987031916875
CC_C1815DD481ED,0.688018703491477
CC_C18313F97FC1,0.317087270993943
CC_C18A7BC23071,0.2766362158791321
CC_C1941883C762,0.11712969265148994
CC_C1A0989CDF23,0.01990584401611251
CC_C1A8C99D910A,0.10669912242330291
CC_C1B057BAE0BB,0.26989404970991043
CC_C1B5D9A95708,0.08731244751879756
CC_C1C28181E30E,0.10135339190492207
CC_C1E8CA45E983,0.09164869758684793
CC_C1F4DD05F5FB,0.18106039833924034
CC_C205BAC0D181,0.06785826562705205
CC_C208790016F7,0.0711184712460525
CC_C219E603FD0B,0.05789032617063741
CC_C2323893E922,0.12419953333527162
CC_C236A614F73D,0.10978725568891996
CC_C241491551A8,0.1126369878294396
CC_C247E0377048,0.11477537918038161
CC_C24FBA584039,0.2628199145121735
CC_C25078D044CC,0.18216828646037808
CC_C255BE787955,0.20097419756081011
CC_C25ECB5C5FD8,0.06378645855736408
CC_C276E722FB1B,0.2973008961971726
CC_C279090E1F74,0.7828413034102591
CC_C279CA96D14A,0.12933154510899716
CC_C283330B9999,0.044809326687143526
CC_C289AF57EB24,0.2652681324244978
CC_C29558864857,0.11294006957714975
CC_C29846DE78AC,0.6188239214004805
CC_C2AEE09D92AD,0.09979406432350663
CC_C2BBFB603032,0.3539032022387751
CC_C2C2B2EEBA69,0.04110131806642693
CC_C2D1CBB42952,0.164937641276695
CC_C2D4587A871F,0.721742953045373
CC_C2D583F20739,0.3567611378612554
CC_C2D9086A8C67,0.08365422736195417
CC_C2E8FA308586,0.1661736633873016
CC_C2EA104630E3,0.09923996090837178
CC_C30ED2C6265A,0.04682705965907799
CC_C31BA9FD4FFF,0.27213186658157373
CC_C31DC3117984,0.17343295885795473
CC_C33142B2E26E,0.416303350947153
CC_C340668CE604,0.07097639104488647
CC_C36580241000,0.13607274187379126
CC_C3664AFC710F,0.10061093017796377
CC_C3676D2ADC91,0.20575900878950634
CC_C368AC6AE19C,0.0333364168491018
CC_C38B446B7432,0.17094711376018454
CC_C38BE6D69E61,0.0555914172980872
CC_C38FB634E7B9,0.07069246263729201
CC_C3913A125FC9,0.16405396905958186
CC_C392AC1AABDB,0.1330362685494209
CC_C3A37C3EDCC5,0.3427683905347452
CC_C3A42A96D260,0.2292938923042536
CC_C3CA355F78BC,0.10102444404832804
CC_C3CD972B25E9,0.1428743900252397
CC_C3CE9FCB05EA,0.04806578269031779
CC_C3DA12B31CD5,0.08572490630532022
CC_C3EF46D2CF29,0.17188454597220576
CC_C3F301EAE202,0.17707238836301395
CC_C404C200B723,0.10246396087987002
CC_C40BEE2EAD73,0.2509893899744153
CC_C40CA3E960D9,0.13511030872106472
CC_C40E0EEBA53A,0.15568646788074691
CC_C42183D7A586,0.0902051357577308
CC_C427199DAC5F,0.45579638350508034
CC_C445AEF194CA,0.0689480943528556
CC_C45051D20EC8,0.1256000568860382
CC_C47FCA703A69,0.2935443676754174
CC_C4965C6C6935,0.3321045685176336
CC_C498BD798847,0.04209281133855727
CC_C49A42D1C3CA,0.08530584872332289
CC_C4A2F5B06976,0.052566262412813314
CC_C4B632AEB96F,0.14811993455361683
CC_C4D194378554,0.02807304104577448
CC_C4D90E9CA5E9,0.11777441065721467
CC_C4D941D5A5F9,0.14393107816463369
CC_C4EB2486A9B1,0.19864205817742697
CC_C4EC2923D96F,0.2974910528671272
CC_C4EC9ACAE8C4,0.698002227783459
CC_C4FB2ECB13DD,0.27534045120710937
CC_C50467EBCC58,0.07338542653487176
CC_C50C5E2A77CA,0.1391804713700146
CC_C50D7FAA75C1,0.03727319691100295
CC_C51FE3F4D2F3,0.1655727917383415
CC_C5234F4713B7,0.07144078402305651
CC_C55110310E14,0.09920300392404358
CC_C563D509181A,0.0810926086886012
CC_C5736F4887D6,0.7520896321707305
CC_C57C4F09442B,0.09006014800770304
CC_C59D2CA55CAD,0.8094449734256033
CC_C5AD04ABF022,0.08569180931892398
CC_C5AF7BF4B951,0.030179245982071043
CC_C5C5FD9FCFE4,0.6626995401993174
CC_C5D9A89022EF,0.20448904432936463
CC_C5E1FA10BD6B,0.16826890014366735
CC_C6039EF0459B,0.15086533280684544
CC_C6133F44EB0E,0.0947231058410678
CC_C637C1142503,0.7780598832724359
CC_C65496C86EAE,0.12044810191604813
CC_C67C2B86A807,0.13264012816159007
CC_C690CF8AF3B4,0.1067673178043309
CC_C69204FFED48,0.30483152930023955
CC_C69DD80E5055,0.10440376914852206
CC_C6AE389CA79C,0.06078590890433666
CC_C6AFA8AF33BB,0.09354107583143859
CC_C6B56B2869A6,0.36941571195723616
CC_C6B61E03B42D,0.22194083150990784
CC_C6C2B357FDF2,0.10216345023436293
CC_C6C4A4A318E4,0.11408990022519169
CC_C6DECDCC7956,0.18344389116717447
CC_C6F134ABD932,0.6126827562204363
CC_C6F24128D8D3,0.16417088242532302
CC_C6F8C5E3D746,0.1064714988229826
CC_C6FB2BDCC78F,0.3784187823687949
CC_C70DBEB08378,0.8186856888623091
CC_C71AAC6F9607,0.10122496077689817
CC_C73D1C53BEC0,0.3490063021119352
CC_C7423B380FD2,0.055684584556781214
CC_C747ABF2B4BC,0.07731257152846611
CC_C74F0C45C093,0.14345668699875005
CC_C75307665BCF,0.2235691210252658
CC_C76473DBFF83,0.32023649470610616
CC_C7652C2D1CC7,0.2117079221905816
CC_C77B38900325,0.23301739878767772
CC_C782A94E6754,0.037393214148690325
CC_C786E0FDA098,0.7568372341161416
CC_C794632B3AAC,0.3946843172063854
CC_C795250A7B3F,0.10014021895422585
CC_C79BF5794AD9,0.04114400546829365
CC_C7A2A7BF85C5,0.05644690933539751
CC_C7A2CEDA36CD,0.48054334069565163
CC_C7AAAC514CD0,0.0800586649533725
CC_C7B39AE8206F,0.12003010462775306
CC_C7BA884F8DCA,0.14500868237742331
CC_C7BC592C11DB,0.042686815909036294
CC_C7CB29EBCEE1,0.03887358502393727
CC_C7D2BE35C77A,0.08328901640588549
CC_C7E56C7FFA19,0.16348654771539756
CC_C7ED63E403A8,0.07870085701002802
CC_C7EFF4BBEE1E,0.0586228000266882
CC_C7F1C90A261F,0.14554849496234581
CC_C7F38C2DEDFF,0.16946918115437654
CC_C807F881A35F,0.24020560735526944
CC_C808346EF2A7,0.03733337896634528
CC_C822401D05A0,0.13194200527973787
CC_C82D0EB32984,0.08649992014047284
CC_C82DE4520088,0.17949938017636397
CC_C84080607284,0.06456769203896952
CC_C85DEB66D6EC,0.27993771719291727
CC_C8601860B3AB,0.2928131847843926
CC_C86B56E5B000,0.11280947818647745
CC_C874E7D8B96A,0.05901614366419271
CC_C88F02C38654,0.17292286642328192
CC_C895990DF270,0.16562592701292742
CC_C896D6E93110,0.3746364582318348
CC_C8A57920FB6B,0.07551101616140535
CC_C8C2CEAC6750,0.46094067077279854
CC_C8CBB38CF4B6,0.42581176405323956
CC_C8DF2AEC8023,0.1408773153771681
CC_C8E24B1925A2,0.1975518266402748
CC_C8E2F0CA5050,0.6703470616670268
CC_C8E875AAFD58,0.2545327256014645
CC_C8EF7366016A,0.0658198552340897
CC_C8F1FB9C56E5,0.09996872467952322
CC_C8F2FF7E6DAF,0.10720287855340342
CC_C916DC82A00B,0.3181236393893704
CC_C91FF308D57A,0.05467183226244169
CC_C9297D88CD26,0.3521768999415584
CC_C932D885E1AA,0.17934142375301682
CC_C947A66A6A34,0.1305269847697821
CC_C953D19C82A6,0.2855641017591655
CC_C960365C1125,0.2378382896259525
CC_C96221203852,0.2540030708674742
CC_C967937FC81A,0.6808237700251449
CC_C97434767545,0.2024078186045352
CC_C974620D4D4F,0.2826625211346476
CC_C9749B07E3CC,0.12724718463393253
CC_C979F86EC4EB,0.052635477441560864
CC_C9882357496D,0.06536026648471624
CC_C98B5F2B994A,0.09230401252208048
CC_C98CA453DC7F,0.12427612728166554
CC_C996515164AF,0.7137222823319401
CC_C9A1B8F512F3,0.44568831110874474
CC_C9E008678B77,0.07900217673684032
CC_C9E89E3728DA,0.2056241332700075
CC_C9EE0357CF4D,0.17364588365432063
CC_C9F15C15BA6A,0.13340532583456444
CC_C9F3BB887EB9,0.17759042492831895
CC_CA0906B9B58E,0.07095822294947654
CC_CA16B9133E4F,0.3033057234165002
CC_CA2524A5C7AF,0.2979504416216329
CC_CA2A17C9CD44,0.46195092099006957
CC_CA32C61E255B,0.10143142268863953
CC_CA37F92A8BC6,0.12880856326197934
CC_CA3C9D0F42A2,0.5792927278859856
CC_CA4669FF2379,0.10298124751990827
CC_CA486E08F176,0.05217731920864115
CC_CA5CF069C36C,0.0701562330650756
CC_CA6AB58D2C8D,0.248031106025208
CC_CA6EDCBFA9E3,0.1767153591733836
CC_CA6FB58C11F4,0.06891067255039421
CC_CA7902338F91,0.1416480786950477
CC_CA7BE11DCB92,0.121931481322605
CC_CA87A148C386,0.06696835141437979
CC_CA8E7E45347C,0.15758470039247913
CC_CA9214D0E170,0.14633747616363296
CC_CAA07EABEF71,0.06424962042726011
CC_CABC0190A9BF,0.5112689530277652
CC_CABF171B8582,0.5910119512733895
CC_CAC2F989A2D6,0.20835145786791137
CC_CAC50FF13A43,0.4773049102317587
CC_CAC9C52B6FB8,0.2417768501970877
CC_CAE19DE8446F,0.06016090945913085
CC_CAE5F6D8328C,0.48513587383384194
CC_CAFA0C6DBCEB,0.05676385725795835
CC_CAFE5D6E3E1D,0.1129911441435231
CC_CB02A97FAC1F,0.20572119920010062
CC_CB1155AAC7EB,0.1323660182624885
CC_CB1B2FC5769C,0.17377539649955498
CC_CB1BD3C19303,0.15341383465863395
CC_CB2423DD4809,0.7846229701064854
CC_CB33381406F3,0.6536476850230561
CC_CB3CBA971E97,0.09207293249995198
CC_CB45CB5C940D,0.1891131184850407
CC_CB4A2667F8CE,0.20838693297291425
CC_CB4EA92BE238,0.05550875550877263
CC_CB4EE5CC0B09,0.17114323999332426
CC_CB50BDD92A4D,0.21125134142683027
CC_CB6A55831080,0.0689081688656591
CC_CB6CE149111A,0.12836993421011092
CC_CB6F9DA78019,0.02983981037803173
CC_CB722FAA608D,0.20509420585607774
CC_CBA786C05C1C,0.7496109333792355
CC_CBA9A6206DCB,0.15080033947339241
CC_CBB7AE2847B6,0.1826714008445085
CC_CBB9DDEAC819,0.029768650853713507
CC_CBC30D127BA4,0.08011109239617402
CC_CBE67EF0D3C5,0.47026653292311643
CC_CBEC318365B3,0.38582576785005956
CC_CBED6669EDA7,0.07273547239616357
CC_CBF1B052FA7E,0.0733703208928377
CC_CBFC7EFF2F94,0.13370017668688214
CC_CC27394B5E35,0.07648100681480935
CC_CC2A7B3D7A55,0.14396254400400285
CC_CC34B2523794,0.1454874294397141
CC_CC34E9023873,0.698733425844421
CC_CC37D81F02A7,0.6370148374104284
CC_CC4822AEDB83,0.6970470093366764
CC_CC5D6CAE5ADB,0.23800363962533921
CC_CC6D27804EF0,0.06683176290515384
CC_CC71D4876B90,0.10038124847365604
CC_CC75EA7F2C8F,0.09095176201015703
CC_CC9214A5C0CF,0.0852990774313337
CC_CCA2B8D2446C,0.40347965142123365
CC_CCAB3E56FD92,0.1725508714185138
CC_CCAF321D46D7,0.026553454901088066
CC_CCB46EA56584,0.2101682650800621
CC_CCB60CB8754C,0.13204021946163416
CC_CCD759553325,0.06094210812525968
CC_CCDC28D49832,0.1401749046241435
CC_CCE55029E621,0.6528343723448079
CC_CCEA133D7268,0.48329543249240675
CC_CCED6CEBC3D6,0.3814483295505793
CC_CCEE76415B51,0.31302503140932386
CC_CD1326D52AE1,0.6697561107949156
CC_CD35EEA81CE8,0.2972000420292177
CC_CD373485942B,0.0827822790201411
CC_CD379DD39658,0.2946278461646335
CC_CD37D5CF0EB0,0.1719047752085621
CC_CD380545A7A4,0.07655410356232857
CC_CD3A378249BA,0.22425217058036973
CC_CD415B1C7741,0.03662493982451655
CC_CD4976814F28,0.035235654672675795
CC_CD4F5F1C357B,0.2600311284967563
CC_CD54829713AF,0.07619286331441
CC_CD5E3556D5AB,0.17057012018319737
CC_CD6C797F3C4F,0.06720411060730208
CC_CD7BA8F6C4BD,0.11474867300262176
CC_CD8352F0478D,0.18630920622914046
CC_CD972E578564,0.7824225919261616
CC_CDA1B20179B6,0.11470354787024478
CC_CDA2A36B81B4,0.2449134961935771
CC_CDF6354EC332,0.06660356461258676
CC_CE01E17132E0,0.03075776883497728
CC_CE1280B30475,0.13718648266523578
CC_CE134F878294,0.051695187616395966
CC_CE229894AC00,0.10604244708083592
CC_CE26907B9D30,0.44519408104468894
CC_CE2755B42DAC,0.06410084263361127
CC_CE2BD7F74421,0.2663432872177352
CC_CE3784121355,0.1402929325722233
CC_CE41F9FF509E,0.199875959818202
CC_CE5AF0E9A157,0.06863726094278245
CC_CE5EA019DCAA,0.07157715070997615
CC_CE6460FE39F6,0.11841193800366553
CC_CE72D1734761,0.6450473230519005
CC_CE7FC560768D,0.3495188930316406
CC_CE871DB3950F,0.3166995313517951
CC_CE8D1564C4F1,0.13736989758466842
CC_CE93240526A9,0.2893229893613218
CC_CE980FCAB154,0.2859461601811241
CC_CEA0FAD348F8,0.08244759394399774
CC_CEA369A3451F,0.057098117325646736
CC_CEBA67081418,0.2322379405242171
CC_CEC0C00FE770,0.5441485431830064
CC_CEC3B21D2982,0.3943912485276272
CC_CECEC680F701,0.17247680472140917
CC_CEDB263DB07B,0.03452408068905491
CC_CEDF9C14DC79,0.25735246298645514
CC_CEF23255BE06,0.05384077612497192
CC_CEF8C71C4E8B,0.4042783851385663
CC_CEF91FDD41AE,0.39304801062312056
CC_CF0B68684C3D,0.09193023718635444
CC_CF149865368F,0.10034811549567337
CC_CF2A7A5582C2,0.1799379876032126
CC_CF2B3E37CF2E,0.38332685337857186
CC_CF2F163CE005,0.157605024483907
CC_CF3C063DF626,0.1754744388596035
CC_CF3E91DB8220,0.2800400312267395
CC_CF3FB5744443,0.7157116444967682
CC_CF4991B8EFE9,0.09604186650364142
CC_CF53FD3AC9AD,0.032230819188492424
CC_CF5A140B279D,0.19831433627363246
CC_CF613A7162B6,0.11280845892656442
CC_CF6A8A460B19,0.09908687503396066
CC_CF792E77A16D,0.047202784863597684
CC_CF7BAF373E0A,0.031977396091914696
CC_CF8B1D0015C4,0.144361747745617
CC_CF8D0517B79F,0.07546466622224492
CC_CF92037ACA93,0.20242713756586167
CC_CF960A300F40,0.266520035356463
CC_CF96B6335E6C,0.16572806440768484
CC_CF9880D67A7D,0.17238503688380352
CC_CF9B249283A7,0.6989725134798328
CC_CFABF7407978,0.20242381147870103
CC_CFB2AE99EABF,0.12921294308250267
CC_CFC0BC440771,0.12933879651136268
CC_CFC235739F25,0.5583541962893492
CC_CFC6E8954325,0.052857796387090636
CC_CFD37EDB214D,0.2342434697608336
CC_CFD93C04478A,0.5846500512779813
CC_CFE0AA5381FD,0.602466510937969
CC_CFEB021AA137,0.046243409437666694
CC_CFF6E2A6A3F9,0.29495569396017923
CC_CFFDC4947256,0.16442544050132407
CC_D009368CE434,0.048128054342443986
CC_D02E59E08B02,0.04137334293082703
CC_D03848B7353E,0.04865536836003412
CC_D03A69B1563D,0.13824486075302017
CC_D0576802096E,0.0883993001136274
CC_D0582E0F3440,0.04938927838200771
CC_D059D0BEC5D5,0.3690065007889036
CC_D05C4A8F2A25,0.13349226423460747
CC_D05FBA9B9040,0.7104638969809411
CC_D0653EA71CAD,0.15621028588023045
CC_D076A984B786,0.14102417724691166
CC_D08FC2D99CF5,0.19824938961163574
CC_D09942A02904,0.10736395933183797
CC_D0A8EA2D37F2,0.1477894045681433
CC_D0AAD35C800F,0.11445166991582625
CC_D0D666EC0244,0.08977663153994786
CC_D0F3F68F4452,0.4855068154988881
CC_D0FBDE8ABAA7,0.09435815747082688
CC_D103D50237D9,0.2326095053603708
CC_D11E5A30CF3B,0.2656954664608091
CC_D122B30AE7CB,0.5485220929940561
CC_D1679B40D83A,0.08948928559402218
CC_D1760785D631,0.2622659910425281
CC_D18088587757,0.2443168240858482
CC_D184160042B7,0.3143745030669341
CC_D1886485E8B4,0.14569214331406735
CC_D1893DD5B4D4,0.0956093350846651
CC_D18B60E035CE,0.7430604171877242
CC_D191D099789D,0.07744649102113496
CC_D1BDB41E7FF6,0.07280609683774321
CC_D1BE2E6E9C9F,0.18078422340106068
CC_D1BFB29BF61C,0.0787627969168808
CC_D1C259F80E13,0.08706923347186994
CC_D1C63DA9CA93,0.10477312176287276
CC_D1C931E4F305,0.055852447185358464
CC_D1CE25F271BE,0.1437884772934775
CC_D1D2127A0C67,0.0519557520005524
CC_D1D31EA359F4,0.13501443919232617
CC_D1DB888BD9B0,0.11230300144644824
CC_D1E82B9DD102,0.15756887663799424
CC_D1EF68A649AA,0.12424004199375148
CC_D1F05E69F80F,0.0527267782192859
CC_D1F6FE158DCF,0.2612831902903005
CC_D205612FD566,0.6299999545541198
CC_D21474C31E3C,0.6856196261127225
CC_D2195A061A0E,0.6237250696148939
CC_D2199CC1CB08,0.027765381185437754
CC_D21FCD9DFE53,0.5509020328584273
CC_D233B2C8062B,0.413715721915473
CC_D234CF2C21AE,0.6688997684274397
CC_D2373015DF41,0.044226690984343384
CC_D239CBE1012A,0.10704331269808193
CC_D2591377E980,0.7338350961890105
CC_D25E25C831B5,0.07279523463391747
CC_D262BB13DAAF,0.27828491642543374
CC_D272BC699F38,0.05750110538341159
CC_D2813C835750,0.7707802999829666
CC_D285B0D67016,0.02166504325590661
CC_D28FB525E310,0.2583731157364451
CC_D2AFEE04E96F,0.034600776961419694
CC_D2BBAA423304,0.20228841123641703
CC_D2BE8B4011D7,0.05338184335925386
CC_D2C49D2FEBF8,0.18091046727833654
CC_D2D09498D333,0.15419582090118694
CC_D2D187DA334A,0.12362548358882612
CC_D2D47A5386CE,0.26712517674108904
CC_D2E98F50621A,0.03556188967503079
CC_D2F265035F0A,0.04331453846073555
CC_D2F91355C6D0,0.1567058886212725
CC_D2FC934F8324,0.13790277603710108
CC_D3044C67CFFB,0.047126437234128016
CC_D313F2C49E46,0.3341782741312572
CC_D31FFB053D60,0.11439892390500715
CC_D336DB6323BB,0.3096649213529263
CC_D343A7CBA377,0.059017244377080516
CC_D345AF4C4B61,0.18189807267945896
CC_D34FA9410740,0.07958131647780847
CC_D354C5D1665A,0.1597818004365741
CC_D35E96480AF8,0.3046761702772162
CC_D3616386D6D2,0.1276387273988161
CC_D365173E852D,0.7715989595446572
CC_D3683C6CFC5C,0.6503240467514239
CC_D373463038E0,0.04886415897037658
CC_D379CF8E3FAB,0.7268885322513012
CC_D37B4CA7F3D8,0.043944169264965
CC_D37B5B3CA4BE,0.681294721463533
CC_D39265D7B6C9,0.049115835845214596
CC_D39E3F732408,0.0630283733813364
CC_D3A7B21165B3,0.2952864724316028
CC_D3A9028A4660,0.04294294979298995
CC_D3A948322BD5,0.6978539231397225
CC_D3B95DB5E6C1,0.2787475818891711
CC_D3C8C5014D5C,0.18483126110981093
CC_D3D80929AF52,0.09141745079523173
CC_D3F25136073A,0.18799273803955052
CC_D4102AD032BE,0.22766698669361643
CC_D416EFCEAD89,0.04152384461237402
CC_D41C5030494A,0.6890507862396809
CC_D42E477596A3,0.04881451136288062
CC_D432C89BADA8,0.13265086290786365
CC_D434638E9569,0.11245985504276462
CC_D4518F98BB77,0.08649867299364977
CC_D452847F2A4C,0.08254836042290126
CC_D454056F92E6,0.24273444392164428
CC_D461FB973AB2,0.8187313214734208
CC_D462250B13D3,0.41266239890427947
CC_D48E686A834A,0.6861081660158997
CC_D48FFD985E51,0.0715553879374388
CC_D49263A1BDF7,0.11699870243079966
CC_D49668C65C33,0.02778448841714222
CC_D49D9C57A849,0.09399885169166988
CC_D4A029A150E4,0.18090875325219025
CC_D4AC998C0BC8,0.7076869448211679
CC_D4B02AAFC697,0.12656975401387732
CC_D4BDF0F4FE9E,0.10677447665892884
CC_D4BF2778371B,0.17010226444396243
CC_D4C0F4DB3501,0.1674286041391409
CC_D4C6DD8A364F,0.14002929648343673
CC_D4CDE2A1E174,0.15958861985498676
CC_D4E7EE35695B,0.14717726182707122
CC_D4ED652E86DF,0.2961150336224396
CC_D4F844B54B84,0.03500490774742234
CC_D4FA0055DB4A,0.0339573815437576
CC_D4FDCBAFEC74,0.712322618690358
CC_D517D90E105F,0.09042403780146341
CC_D52B87A01028,0.22921207578926198
CC_D530C3D1DBF8,0.6523991477495785
CC_D5327E41EBA2,0.10341017586909577
CC_D53C8BCA531F,0.07979443086436364
CC_D540C7ABF683,0.69238118578889
CC_D54105FC1349,0.3535450758884849
CC_D550CE8B9313,0.7428474325957715
CC_D55C5B432387,0.16850094729431142
CC_D5646FCC5E14,0.5771888325110175
CC_D56F34613338,0.1263816113697169
CC_D573AF0F1674,0.10468021235616537
CC_D586E2C2B3EF,0.18726447436644114
CC_D589E388CA02,0.059886806790932494
CC_D58EBD954E68,0.3145509628307608
CC_D59AFE884BDD,0.47487636311837744
CC_D5AC596A85E1,0.1617713639789235
CC_D5B99B578573,0.04289717995805204
CC_D5CBF4A4D3B3,0.09451164568967083
CC_D5CE05EAA837,0.20422168314474332
CC_D5D36A6C8DB3,0.07451415720948888
CC_D5D8D545736F,0.07700889466313202
CC_D5ECFAF8C1A3,0.057377963423566075
CC_D605715F737A,0.1380707138329329
CC_D617428B4B0E,0.3892774771960124
CC_D61E8E5C4414,0.13680414812160063
CC_D652B5F05769,0.1730591641288218
CC_D6564D0CB9A8,0.1926460255724995
CC_D66183657419,0.06463563031778445
CC_D66BDD3E1AA7,0.10735280206287437
CC_D66DA331534A,0.09510793801973377
CC_D687A780C0E6,0.04156524325158541
CC_D6AE871A4C9C,0.09546102824876258
CC_D6B7AF1FBDD4,0.49167860534678676
CC_D6B874308353,0.6075034248290921
CC_D6B8F47FE484,0.49219942468175587
CC_D6CB1BFDCEEA,0.1257703028866237
CC_D6D47D7E1C51,0.03395026366243711
CC_D6DE060699C6,0.13531100231567086
CC_D6E06014457F,0.803272221842541
CC_D6E8E17EA449,0.3210033125553823
CC_D6F216AB1C4A,0.15101457799064533
CC_D6F5E3A51C8A,0.09782786825743159
CC_D6FB3B76D7A0,0.5966884256237459
CC_D6FBCD4BA3DA,0.2817561446823426
CC_D70918916097,0.5307878786516502
CC_D73B1B9B81A5,0.04256146187405041
CC_D73E9E24BB48,0.11741778964766113
CC_D74AA0F20466,0.12627145157389597
CC_D750070C44BB,0.7281232045305049
CC_D7529675CB7D,0.1649987142297812
CC_D75C8CDB510B,0.6588036005661236
CC_D76009C47709,0.29143074599558566
CC_D771775A58F5,0.18578949604852185
CC_D77F9D613EF7,0.18403720214870295
CC_D7999C3EDE22,0.18491378342592735
CC_D79BF1D26499,0.18935985258523458
CC_D79C05885899,0.11978105737788913
CC_D79D4F15D10C,0.029098571462329647
CC_D7A11E3512D2,0.051282525844384017
CC_D7AD7A7279C4,0.1505075526789858
CC_D7B35055AF0D,0.18018977938954736
CC_D7D99409D57E,0.31422759416350604
CC_D7E403181D8F,0.12771980522047888
CC_D808C7BA9399,0.12365061585936053
CC_D80DE8B544F3,0.03917024738383587
CC_D81D19AEFB77,0.03185858661918203
CC_D81F317F6384,0.13862515989772664
CC_D844D9DF962C,0.06530875513409738
CC_D847D978387D,0.03920704358461281
CC_D85C7B85C440,0.24548073974792844
CC_D885591596E7,0.08593533491879907
CC_D887D07BDE23,0.40234493950757155
CC_D88ACC0CFDA5,0.10083289920602544
CC_D88BDD0F510C,0.0530834078651488
CC_D8956424CB37,0.3957691090302199
CC_D8959BB99A7F,0.27430748831461393
CC_D89A9A14B5E8,0.05248442003651815
CC_D8AD01F3CCE7,0.04976815656836023
CC_D8B4122DC296,0.11168001918864211
CC_D8C38B187875,0.7200378704428215
CC_D8E55509595E,0.04797563064514472
CC_D8E6B90C37A3,0.10795394465202873
CC_D8F1AECFCC2F,0.058126765503803954
CC_D8F7672C70D7,0.029421103114875866
CC_D8F7E904E7DF,0.15921089784216555
CC_D8FEF1C99F88,0.670960199484052
CC_D90761F9E9C9,0.41133783662077145
CC_D90D9D5C8FEB,0.08311873755107338
CC_D912917A4F4E,0.7458121503673822
CC_D91ECE64FD0C,0.10100229201251329
CC_D9325E5695D5,0.0398995766525676
CC_D9563654A397,0.19375880686022848
CC_D95766A6C24F,0.1044187095183303
CC_D95939B1BBFA,0.05219456721181553
CC_D96729C38BC9,0.07078239505276274
CC_D9791EFF766C,0.2247430511692759
CC_D97AA7C54F6D,0.10658766041085799
CC_D98BA5CE8EE6,0.4811030682745492
CC_D991DAD5413D,0.15007413314487686
CC_D995C89AA359,0.20426668728561473
CC_D9A54F55AD6A,0.11183463307473539
CC_D9B87A96C353,0.22675130319465914
CC_D9C42B0B6A0C,0.17839354650798175
CC_D9D487E78FAF,0.6727522902315403
CC_D9D744A66B09,0.10979429377646464
CC_D9DA3F6E2E7E,0.15432982349841828
CC_D9E5792258E4,0.07311549467426215
CC_D9E6B9CBEB77,0.04868261877824188
CC_D9F0CDB02AC6,0.13585360144832312
CC_DA0201D1BCF2,0.10316919053416666
CC_DA0500AFE692,0.05525259186463991
CC_DA0E0BD3880D,0.32030243528331037
CC_DA10F53AE655,0.6482584854950935
CC_DA1643A835A2,0.09057051241315543
CC_DA1C5BAB7E35,0.5450639583689483
CC_DA1DC6A6371D,0.21783978686645042
CC_DA1E6B31DD2A,0.6524331369235058
CC_DA1F282809D0,0.0307212915027729
CC_DA226442D919,0.7288780531822802
CC_DA31EC318B1F,0.05329734590914791
CC_DA33597C6459,0.15633969304677164
CC_DA43CFB5CC2F,0.19566793727208787
CC_DA481C72B8A4,0.2569514932901271
CC_DA55447636EB,0.04349921267912911
CC_DA5AE34842E3,0.07375250396599832
CC_DA6880B018AC,0.15662687767096772
CC_DA700A961616,0.15126749069442152
CC_DA7E65F1E6AA,0.06835006121046773
CC_DA80FAA7FE30,0.10097039114205363
CC_DA8DCCC1199D,0.3153331462693939
CC_DA8EA724C1D3,0.43438082409161294
CC_DA8FA65D1924,0.032782215888637334
CC_DA99D1E41C3E,0.05009761001924667
CC_DA9C3BEFD0B3,0.17490120965474093
CC_DAA3B7FE1C62,0.06841967042111059
CC_DAACE4211B34,0.15474928519527886
CC_DAD239E56638,0.7647194078815507
CC_DAD4BC090253,0.07586863999479802
CC_DAEDBA26BA12,0.30898160496765825
CC_DB1EB08EB40E,0.13625811818083994
CC_DB2314ED6960,0.06857571165006021
CC_DB25E05EC5CD,0.43782422699059753
CC_DB3BE0C87882,0.051628611663146945
CC_DB44628BC147,0.18292386769626384
CC_DB562E602BA8,0.10793467431961189
CC_DB61D7F5F8F2,0.6959397021157875
CC_DB6498598C32,0.17336676675364965
CC_DB6B59FB6E30,0.03948999891789973
CC_DB801B947698,0.2690088861041892
CC_DBB8C467FF1D,0.11551356078424528
CC_DBCD21C2C322,0.07440334379572391
CC_DBDB148E45DD,0.09199631901498567
CC_DBDF9BFA7E87,0.08405884834157201
CC_DBF5CD2D854F,0.21486008840333343
CC_DC0077DE6E39,0.1838522862509616
CC_DC23159A1F99,0.060253010938013433
CC_DC2458827FD8,0.22536217329172903
CC_DC2BE35D58AC,0.23688704279652667
CC_DC49C8D3F7EC,0.551345394914964
CC_DC5DE66826E9,0.10672721342910185
CC_DC6063FC6464,0.06812789074918514
CC_DC771AE1B4BA,0.6676523794438469
CC_DC7DEBC30E17,0.4228075110336744
CC_DC978F3A711F,0.6549575138648986
CC_DCA2140C7BC4,0.19602741120624761
CC_DCA5CE7C9DC3,0.1572496157176123
CC_DCB5798049B2,0.13796328000772712
CC_DCD10C95C942,0.5366814641739442
CC_DCD145E8E729,0.28150236699691944
CC_DCE0BFC03B86,0.039949656878388355
CC_DCE75AE2FB52,0.05749601797364272
CC_DCFCEEF21BA7,0.3596263270571157
CC_DD12A8C462FA,0.05401886359534238
CC_DD14867350AC,0.18172609043605342
CC_DD232BC8881D,0.1896143828055907
CC_DD2473D34D68,0.21027454774029514
CC_DD2B5C4CD318,0.053178344396341705
CC_DD4EC06C3A92,0.2610690223281261
CC_DD5299DA8C1C,0.08156546751138007
CC_DD59BFF18ABC,0.16009544298609993
CC_DD6777E1B05C,0.049682934003683475
CC_DD6EE1501B89,0.09060731352315542
CC_DD78B52AE022,0.12389829437766693
CC_DD7983A07B43,0.6335375410946202
CC_DD80B5CC495F,0.09848899185448116
CC_DD8956B71825,0.6510061835974035
CC_DD8D40E7E2A9,0.085638077364086
CC_DD9972D0B63E,0.11361358852971086
CC_DDAE70634ED3,0.09429295962762296
CC_DDB4A9FF2B03,0.0936697483765678
CC_DDB68302DA2A,0.16910196845432238
CC_DDB9DEC9C037,0.08180462913316208
CC_DDC610D2B2F0,0.051562084850006566
CC_DDCAEC6BD9F0,0.1774503397322557
CC_DDDF665EBD93,0.2799495126553442
CC_DDE66EBF2157,0.06875362239626943
CC_DDE8B7E9C7F4,0.3093492643127342
CC_DE019FC36D28,0.35369217301869293
CC_DE07076B04D5,0.14560167050050105
CC_DE07AECD2361,0.03089595088530306
CC_DE08A4514010,0.579147072906998
CC_DE093FAC5293,0.4656742932666086
CC_DE17BC1C2324,0.0765353689941375
CC_DE1B13B3E504,0.031247293588308234
CC_DE4264861B73,0.0901513816235788
CC_DE4810B88C51,0.27695871587383847
CC_DE4EE8A16896,0.13860430652583106
CC_DE523A2403BB,0.09704656496914858
CC_DE52860CFBBE,0.2157837670063335
CC_DE593193FB9C,0.1763177091262372
CC_DE5A9B499ED4,0.08529996440729525
CC_DE6AFFA63ABD,0.0706734993402475
CC_DE7CEC14CCD5,0.7174609171275054
CC_DE7D7B5BBB14,0.660593958996313
CC_DE81AAB7BF48,0.0636038799319298
CC_DE8956D433E2,0.6371791459790492
CC_DE8FB8D1CB71,0.35523808653345473
CC_DE90D07B269D,0.20328655314071986
CC_DE9A62529780,0.14303360988429806
CC_DEA425EA8441,0.12251529056783994
CC_DEBE01582EFF,0.18750689525929495
CC_DEBFD4E79A38,0.055885511851962645
CC_DEC97F13CB8C,0.1871771014292526
CC_DECF1507C86D,0.1499187713535974
CC_DED24C8D047A,0.10095722383835928
CC_DEF4AEBD31C8,0.19159136518688025
CC_DF062F698349,0.09890862462731656
CC_DF13D5CB626A,0.10334364500079371
CC_DF15C526CDC5,0.04128030300694924
CC_DF1F6C68F7D2,0.14978858615255694
CC_DF3EB88F509B,0.08612763408508045
CC_DF4E332C886F,0.02171063831299883
CC_DF514171DC30,0.15746706303396987
CC_DF536CEAE5C0,0.04735737676086579
CC_DF5806CC2CFF,0.11916636313670634
CC_DF715690EF20,0.19857237541150247
CC_DF718A37AF15,0.08900658977074691
CC_DF7276DD74AA,0.1108572936260856
CC_DF750B2D6872,0.2796583690160338
CC_DF9FB6670627,0.06162472581861055
CC_DFA65A0125D9,0.040341559356756554
CC_DFAE355359B8,0.1779792423294575
CC_DFEA562F7BCF,0.3088802790333347
CC_DFEDAF0F0D6E,0.03686827844461982
CC_DFF6F74C64B5,0.6494939903243756
CC_DFF87DF16763,0.10919794711608236
CC_E00D8ECE9FA9,0.13160209424115835
CC_E027E36615C0,0.5146539109029078
CC_E02E23CE49A8,0.0792553463853488
CC_E030B3AEBF19,0.14321719641872516
CC_E031A4C862C1,0.172380784247318
CC_E0339B331F4F,0.09861000645900894
CC_E038981B2FEE,0.12683192743465288
CC_E0463868968B,0.15018781139198362
CC_E05A8621B581,0.3132184218839086
CC_E07FB0312232,0.14323634554898357
CC_E088594E0624,0.23731546038270662
CC_E09AC3B1E534,0.09300099542620378
CC_E0AC29AFCF97,0.1698211712264371
CC_E0BAC6E0D0DA,0.08515371098912057
CC_E0DDDA07F0A1,0.1641349572790561
CC_E0DF45AB72B6,0.19797592613552967
CC_E0E1F8E7379E,0.11312816520141038
CC_E0EF095444A5,0.157433722290107
CC_E102E4F7F8B4,0.2215210858027079
CC_E109B4CA6A8D,0.13387664349561532
CC_E11470A2D92C,0.4049562592979419
CC_E117B8A6ADC6,0.02706201797706069
CC_E128015073F3,0.06282830234825926
CC_E131D5EB9237,0.19148560679154858
CC_E14A24095E9F,0.10601537421374177
CC_E14CADF89123,0.5251517409635822
CC_E16876025011,0.04981771208005883
CC_E16C71C15D04,0.6863191973306256
CC_E16F1BB83653,0.053148823507715125
CC_E17448FB08EF,0.5372963745245538
CC_E17AAACEB07D,0.07962017676890704
CC_E1875522DC57,0.18829334331686132
CC_E18A0734641A,0.1011755006994427
CC_E18A22453843,0.06096308289122007
CC_E1B4E3360C0F,0.17787259805963096
CC_E1B5AE645169,0.05110555117003236
CC_E1B71F6B7DD2,0.31131516501980006
CC_E1D073F693A2,0.3000950084270118
CC_E1EA83C31C66,0.09950115476318422
CC_E1ECAE226485,0.2608899665859903
CC_E1F0C5076481,0.06598133928936077
CC_E1F78CE289D8,0.03681314733751019
CC_E1FBCECE0A54,0.2360400337476252
CC_E1FD46CA26D5,0.0917332072223542
CC_E20E7C7164A6,0.707924786259613
CC_E211E2698C14,0.029543634014265387
CC_E21B4F587C45,0.13484619531019007
CC_E22A278A1386,0.0539429658346967
CC_E24078C03B7C,0.14876504050754163
CC_E2452737F950,0.1387879144440264
CC_E246119AA09C,0.5865607794111838
CC_E246942C7310,0.07673320174700425
CC_E2474A334F3D,0.0878260986425896
CC_E2489637D0E8,0.1144603168510307
CC_E2521AF9C2A2,0.06906299740913527
CC_E253F4AC4762,0.5936058613130062
CC_E257805D0F0A,0.18272389228468858
CC_E25A924EDB70,0.09171864276634613
CC_E25B5D5502AD,0.10359501492302786
CC_E2619E24BEDD,0.6843485576160527
CC_E274DAF3C064,0.07077621338106894
CC_E2787CBDFBF1,0.14096737201402162
CC_E28AE2E68BB7,0.6654195446148371
CC_E2C3E272D059,0.23132355955360356
CC_E2D653061523,0.4251390007846976
CC_E2ECDC7D23EE,0.13054138747891963
CC_E2F0E725C3AB,0.06210478087259874
CC_E2F7712CD056,0.1881600146078588
CC_E2FD7FCF0AD5,0.7920461418409654
CC_E308C7DFB2F2,0.1254496839695627
CC_E30B791D5F11,0.21225326065954794
CC_E315F7A94400,0.34368888884377247
CC_E31DAB1E73F5,0.048882697854870386
CC_E32034C97E83,0.22459345927287744
CC_E32DBED5EAC1,0.24872994206467297
CC_E32DDDDEE3CB,0.2137764513134166
CC_E343EC3EB052,0.6736938242076033
CC_E34A04E78D60,0.12581060432997085
CC_E3503B565AD0,0.27167240828815775
CC_E356B05ADD56,0.19995679464207922
CC_E35D02BE6780,0.017339094984472187
CC_E369AAECB2B1,0.49669919323220046
CC_E36ACDB4F96F,0.44169212663452084
CC_E36C7F0E1657,0.8222938221668934
CC_E381FD4674D5,0.03199912392172308
CC_E38E3835121E,0.039922210913333936
CC_E3A70438A0C1,0.26491415444439825
CC_E3B5C76189F3,0.2340235989731546
CC_E3B7B7E57889,0.1845988762753727
CC_E3CCC0D886D9,0.21032320426681253
CC_E3DD8AD10171,0.33133971915141575
CC_E3E230CF20A1,0.20676077287707784
CC_E3E4B2543CCB,0.07006116270874949
CC_E3E5DF01E014,0.17554757685122444
CC_E3EB157288A2,0.0781654570541713
CC_E3FBDA203EDF,0.1664897861818714
CC_E404FCA6CB2B,0.6894121697844158
CC_E4054F9C8442,0.27197760719792985
CC_E405D808772F,0.03834833073967495
CC_E4137B250609,0.41756294212522105
CC_E41482A7E968,0.05267933777401559
CC_E421FA1874F4,0.11016949378368654
CC_E42C38BBBD04,0.16602794964270826
CC_E42D90BFB285,0.03793758594819289
CC_E42EFC05C891,0.0813099010994854
CC_E430F3C75969,0.10162146608994516
CC_E4576D6B6478,0.1083031054463845
CC_E46B27A13728,0.4009787360431343
CC_E4783FB590D4,0.17552175263335207
CC_E489009C6500,0.14757568548777167
CC_E493CB46177D,0.085628144500024
CC_E496AFA9B40A,0.33437742339673027
CC_E4A2FFE0EE1F,0.11146923679446852
CC_E4C553538385,0.31983780189981237
CC_E4C7B5501ED1,0.12143223000594966
CC_E4C8A5A60F51,0.17410144914334713
CC_E4C94AB69214,0.38778591709708266
CC_E4D75244E8B8,0.18809551182570755
CC_E4D9A8EEDBAE,0.20669838635272997
CC_E4DF787730AA,0.13877075524155708
CC_E4E0DC070132,0.1629262928417559
CC_E4E3C08B7F86,0.047571625100193964
CC_E4FEEB4389C9,0.32760751981954606
CC_E50598344DD9,0.41072977381912973
CC_E50C634A9A18,0.027806495646136624
CC_E5107337FDD7,0.039103707575155314
CC_E511BFCFEC9E,0.6922298679487808
CC_E51318749E09,0.11947055506790426
CC_E53FE6708AD9,0.6875359305187031
CC_E54290FEA34D,0.09936270911400581
CC_E54B723C018B,0.03710147379947834
CC_E554618F383B,0.10613674175013511
CC_E557336955A2,0.11935622660728411
CC_E55B48E73651,0.21405005783182063
CC_E55D8DC645B9,0.055872060542118504
CC_E575DA02C575,0.24493214125475266
CC_E576BD98A727,0.20709434028364496
CC_E578DC77656B,0.13090393996092906
CC_E57F3EAFD9A3,0.1377644692322026
CC_E59A01603B7D,0.2918506699623169
CC_E59B2D974CB3,0.16885845261644908
CC_E5A1C44F0F07,0.60575399083452
CC_E5A8BDF6BFC1,0.16573736326961208
CC_E5B284DA0E5D,0.07966952455756618
CC_E5B8363BB378,0.6117678809474123
CC_E5D8BFFA5F88,0.057310054241535104
CC_E5DA04902EFD,0.32243442708026965
CC_E5F53CFC20EC,0.0856435280896483
CC_E5FAECE63C59,0.5218971026835604
CC_E5FB6E872C58,0.07644730761970897
CC_E6045565E7ED,0.08680668797457772
CC_E60845ADC7F1,0.03610876160505001
CC_E61567D6B392,0.11376758417785376
CC_E62174AFA94C,0.13044187048152428
CC_E6247DD14641,0.08949922293513257
CC_E6289A61F0ED,0.07041431109861204
CC_E62E32FB6FBB,0.026523482757701035
CC_E62F6BE942DC,0.2549518648914309
CC_E63E49B128AE,0.07573804532225531
CC_E63F89885A3E,0.777120883345247
CC_E6466E6A92CB,0.22368726606622139
CC_E64BC95F8B2A,0.8426273007027019
CC_E64C652BBAB2,0.08375833578224935
CC_E659DB355476,0.16284817668255447
CC_E65C8BA5A7CE,0.06031568868829919
CC_E65F39446752,0.35901548807801553
CC_E67395791589,0.181776139974222
CC_E67622A69EEF,0.08024886769593079
CC_E680830CAEF3,0.054087183986144684
CC_E6823643AC4C,0.6629875804318963
CC_E683F33931BB,0.11970779533278036
CC_E68841DEB163,0.06854546664759066
CC_E68B2C33D180,0.15017512905593866
CC_E68EE6EC2618,0.03676776192481028
CC_E69508D3D3F1,0.23719608361949412
CC_E698F1348426,0.20076101406960178
CC_E6A178F3709D,0.12197875146194181
CC_E6A4B6E8619C,0.667049465142949
CC_E6B3887C66BB,0.28976936824638444
CC_E6B6BBBDBEDB,0.3163308379918052
CC_E6DBD0F9DC3B,0.06192520607830222
CC_E6F090F70DDD,0.34362670500069264
CC_E6F2D8CB45C6,0.10463593675712404
CC_E6F8FBEDA2A7,0.06774127505126203
CC_E70854CDFE9C,0.049229796415822945
CC_E71C05F07F85,0.057879254442321386
CC_E72797CABC60,0.07921440131287621
CC_E727C1153226,0.08905863332621458
CC_E73489D828C7,0.12097392128765874
CC_E7355465CE6A,0.06595922786615417
CC_E73CDBC743FF,0.2096105758330435
CC_E74F00E75A4F,0.05601222840728793
CC_E751F7E19192,0.15228702077969603
CC_E7522AD6431A,0.5582429371432391
CC_E7523630D2D9,0.2662380619289306
CC_E767372DD95A,0.6041195887678181
CC_E76C5DFD3BA6,0.19667210487616946
CC_E77326438575,0.2031482646196533
CC_E77E29E11EB1,0.1625434613571539
CC_E78F20B3223F,0.6962197950751556
CC_E79A23E64518,0.09721015081698998
CC_E7AC69AEA182,0.7409788094026728
CC_E7B754CA9668,0.041911831730546176
CC_E7BA60365AE8,0.16246571652316796
CC_E7C95D4A741C,0.06315370603185858
CC_E7D3D728EC5B,0.18132420693239304
CC_E7E4D5F851D3,0.06585424219828134
CC_E7EA49D37B64,0.35400747284386125
CC_E7EF11A24F73,0.7816544332617018
CC_E7F6F9A7EC65,0.07598369159762076
CC_E7FBC7F69DBB,0.20868831282912514
CC_E80B1A55A74D,0.18263724676749488
CC_E824AB0AFDBB,0.19746106176287334
CC_E826DAC92D9D,0.24449654463600787
CC_E83AB7100D06,0.1348748810300539
CC_E83E6D31EC76,0.2378040030151116
CC_E86650461FBE,0.16801929747143163
CC_E868A3754B11,0.8279334828843495
CC_E86A993F7D05,0.08398269762589369
CC_E87992FBEE80,0.6291973964530876
CC_E87B909C4DDD,0.20746313455087642
CC_E8828BA7EE08,0.12038325679411128
CC_E886157F6FBD,0.33358388556792035
CC_E88711C5C98E,0.11510041991686114
CC_E887680BB6CC,0.18399533148824404
CC_E8909BF77D8D,0.10180654022920363
CC_E8A82DA3A246,0.16265378989151993
CC_E8AC7545DBD3,0.07871010541564227
CC_E8BA6B224C3E,0.1075758003925075
CC_E8C6CA45BF72,0.18372473145216148
CC_E8D2E3126A8F,0.6829043144592623
CC_E8E55DAC4FF9,0.04425762292849851
CC_E8EB77AF3F78,0.8293484893557769
CC_E8F2C6905503,0.3815372789530852
CC_E90831F897A9,0.17880371487182542
CC_E90B14D51185,0.5509647675443906
CC_E9188329C9E7,0.07856156797772043
CC_E91E1C0C0C61,0.6215808728816445
CC_E91E9D34C5F3,0.11162529225537265
CC_E91F555DBA96,0.13591106368385342
CC_E932CFF4B4A4,0.24054400068551646
CC_E93643CB34CA,0.1581780669586673
CC_E937CA493910,0.14139748218295684
CC_E9409A50B4BF,0.537664682640219
CC_E96711AD5512,0.051938888208948195
CC_E96A3E6912B4,0.4962796989783308
CC_E98AEE74B9BC,0.20045541345222526
CC_E992FB78BC2D,0.25543562735300895
CC_E9A3AECEE3A9,0.06962001118353192
CC_E9BDA7766728,0.3000826296511375
CC_E9BF1AFE86C3,0.20104155020900966
CC_E9CA055AD1A3,0.09575657958121445
CC_E9CA0A56E917,0.21563349032898835
CC_E9D3453F53AC,0.6289764527843194
CC_E9D46EFFA839,0.19348420975021702
CC_E9ED872B6037,0.032208769618728816
CC_E9F40C1B559E,0.10400453674218761
CC_EA06928C0AA9,0.24779753521199893
CC_EA0A46F64C80,0.09293547544163647
CC_EA114B15FC04,0.5137235058757631
CC_EA1F3F67BA2E,0.08903876519933676
CC_EA21618614D1,0.6685279569755646
CC_EA26B5A89181,0.20003695253183965
CC_EA26C6C27662,0.1718033264691909
CC_EA3B5AC76649,0.19647504709673916
CC_EA4E669C8528,0.07841418240119834
CC_EA6917E7A5C2,0.6752313793267299
CC_EA8A25862433,0.14927538593634992
CC_EA901D7CA670,0.1642354399413677
CC_EAA2BCE323EE,0.733442786427892
CC_EAA6D5189190,0.10271206814823505
CC_EAAA8DD7FAAF,0.1497207816613544
CC_EAB7408CCE0E,0.28407870177776806
CC_EABEDB3C4827,0.1351818169044045
CC_EAC6D83D1BFC,0.029125484016111383
CC_EAD7F3E9DAD1,0.060915322099294976
CC_EADC7D8196C2,0.3115256991064087
CC_EAE608E24E29,0.03467540998427877
CC_EB05AD2C7C27,0.02631873389720283
CC_EB1DA337E2D1,0.13500912667904974
CC_EB1F425EC937,0.1134787213419694
CC_EB2FE764BF6D,0.12236210293784251
CC_EB55483587DE,0.10848466784560289
CC_EB569B3E2E12,0.631269111994476
CC_EB57E6E6C96C,0.21249196114132363
CC_EB5A0FE0605C,0.14089660678554494
CC_EB64EC97D01D,0.11583794921381046
CC_EB691249B91A,0.18287190523268076
CC_EB7C50A7D4C1,0.49264752614931184
CC_EB7C52FDBEC3,0.12787246396256974
CC_EB86FED24535,0.26432451797922757
CC_EB89DECC2021,0.09712259808719696
CC_EB999F9D6095,0.1895404998640213
CC_EBA2F85924CE,0.061547609022067344
CC_EBAC5A53FD11,0.09214111656314626
CC_EBB109EF7619,0.17208262944318176
CC_EBBD00C18763,0.03672551645701447
CC_EBCA68C7854D,0.06909795496460142
CC_EBCBDE122879,0.14907278346757213
CC_EBDF6C88BBA5,0.061737883383444624
CC_EBEDAC91ED43,0.09999833707230733
CC_EBEEC4183FDE,0.04505995626343744
CC_EBFD9D007253,0.4693132083572856
CC_EC1ABC58E09A,0.15582869752085188
CC_EC26EABA68DC,0.802589179984361
CC_EC2A485A3E71,0.17711735915481086
CC_EC3B9E2FE47B,0.08992559015273528
CC_EC505F03EE5F,0.029035786753526485
CC_EC5317EC6706,0.18058374247843656
CC_EC5B7FBD1EA7,0.1386803227585004
CC_EC5C7471FFC5,0.05067988735753971
CC_EC5D92B3617B,0.19691199881178686
CC_EC5E214BFED0,0.6640853966627952
CC_EC6406527201,0.10373497744201308
CC_EC79022358C6,0.33709664430197017
CC_EC831A90189F,0.0954667153196779
CC_EC87C131FADC,0.055122496009079376
CC_EC88785D6F39,0.19708657935132298
CC_EC9173F5284E,0.033782774304188634
CC_ECB7B3B6272E,0.053932900765906795
CC_ECBF4CED56D1,0.11675883552685463
CC_ECBF80B94EAE,0.7830569998647409
CC_ECC78B7AE3F1,0.6057660080052577
CC_ECC7E9E691F5,0.1638736480434083
CC_ECC9235F612E,0.25101736823523024
CC_ECCB0BD557DC,0.16495306301201865
CC_ECCCB1B4EA8F,0.08673167241218245
CC_ECDDF4983DD9,0.044011905919692854
CC_ECEE93C4F564,0.6043236816621991
CC_ED07BD8B2CB3,0.05131485690666549
CC_ED0F4A02A01C,0.24246822674830062
CC_ED11D72A1D3B,0.0648745185268793
CC_ED165FC5A06F,0.04790858381115614
CC_ED2B6A40ABC7,0.2738469152411568
CC_ED390F22A931,0.09104958731420959
CC_ED40E7CE5177,0.19436673733373694
CC_ED4E4B13DB1A,0.040294482125722605
CC_ED4F22572419,0.15489662656908554
CC_ED5AE5CB1DC5,0.06045661822111974
CC_ED6090A4E6E4,0.229656221975023
CC_ED645D91E6A5,0.10538043195548266
CC_ED6B045B6075,0.17423197713214544
CC_ED9313C71C57,0.15890886996352055
CC_ED9BCE7C776F,0.7354195729762729
CC_ED9D4644716C,0.1598821142915347
CC_EDA794402358,0.24194455696723208
CC_EDAADACD4DED,0.13097605091965
CC_EDBAD2E989FB,0.13377216154954524
CC_EDC98B474E76,0.2621825802918347
CC_EDD1FD49A66A,0.7675574143564918
CC_EDD448008C0C,0.6846570169376618
CC_EDDA3B790095,0.06242047470362728
CC_EDF95BF0E3D6,0.1648866415021183
CC_EE03D7C2BC69,0.0707544489182108
CC_EE0D95184E81,0.04005435634971177
CC_EE0FF690C214,0.42936365760985773
CC_EE2412C352D5,0.08321685766776668
CC_EE2A010019CF,0.055467657633295864
CC_EE2AC730827E,0.05620490692426601
CC_EE3236E6A9FD,0.1106329266672042
CC_EE3759EA49FF,0.16652748789074237
CC_EE38C78AD88B,0.40596515867816985
CC_EE3CE0FD6B77,0.5802631924073205
CC_EE6B7E58FC63,0.0374368215693211
CC_EE6E02464067,0.3004383031232439
CC_EE6E1FA7A753,0.13526972607137128
CC_EE6FCE6C233A,0.20159299140103093
CC_EE88C07B9333,0.09040304328961915
CC_EE9004165810,0.06804563365702178
CC_EE9BD17AD343,0.04845954022155547
CC_EEA608D5A455,0.15317920768482557
CC_EEAFDB1BB486,0.5351086437896365
CC_EEB482736C41,0.22174331966461308
CC_EEBD9DA093E1,0.04223430529984264
CC_EEF23DDD2262,0.11890682195967787
CC_EEFBDC9AD94A,0.0748881558867224
CC_EF05000895F4,0.4876527572590894
CC_EF16B2CE0988,0.37050815615747906
CC_EF1DD3F0CBDF,0.0544197111028269
CC_EF2D82085BB9,0.09401997694601066
CC_EF2DBE79D656,0.2402829075000821
CC_EF3000C48A4C,0.06947036342036862
CC_EF359AF608EA,0.033329616891154816
CC_EF362432D758,0.34249556140979287
CC_EF548B30F1B6,0.21159063122221322
CC_EF5B403DFD7E,0.09462238242191023
CC_EF66DA0DDF9C,0.26038555048429396
CC_EF70BA4AEEC4,0.15681239042882103
CC_EF83DD56FCC5,0.07103949681157129
CC_EF8B642A6F8D,0.06689798130620882
CC_EFA1EB27DA19,0.03561187587652634
CC_EFAE84EA9BDE,0.07225033694073098
CC_EFB26BEA106E,0.3428787056158801
CC_EFBB51CD8502,0.2405551399522025
CC_EFC18E9B3B55,0.11846376176069594
CC_EFC4B0020E2D,0.12752135469658143
CC_EFC9FA5108D9,0.13537508304061832
CC_EFE45D9B9D9C,0.0491028574345795
CC_EFF27FA98DF1,0.0666360610628846
CC_F000DA497736,0.24559454154586158
CC_F00107DE219E,0.68524017251652
CC_F009FC54A64B,0.7652595036078175
CC_F01DF28C6BFF,0.0844762589752831
CC_F037C91F63BF,0.11672126235356178
CC_F03FADA95A03,0.7412174955667397
CC_F05235F3C894,0.09805720288643634
CC_F0649FEBFEB8,0.4776969186639753
CC_F066C78B5C0D,0.13728791340212954
CC_F07313626618,0.6249468932148683
CC_F0783F6A56F5,0.7708908016379687
CC_F0791523691A,0.149102147952129
CC_F080750455CE,0.058442157053088355
CC_F0809EBB0B51,0.024353742700304194
CC_F08259F86E23,0.16681694727748303
CC_F0929F859702,0.1781388190780008
CC_F0A7203CCA39,0.15856840411982684
CC_F0CD4DD9C63C,0.13132565704714072
CC_F0D29AD328E5,0.15238286655362468
CC_F0D339E5B80C,0.050327499232226736
CC_F0D3BC14FA77,0.07880740095384423
CC_F0E16D28D49D,0.17299567120786885
CC_F0EBE2C00A7B,0.052879741081765935
CC_F0F137758DC2,0.0536680889498037
CC_F0F6BD40CA43,0.3161438860470254
CC_F0F6FCF6010F,0.16699236034582424
CC_F0FBC9D4ECA1,0.02718826541041679
CC_F0FEE924096C,0.26334135047170554
CC_F1074E035DE6,0.04734284766181861
CC_F108D26930FF,0.3849961760869667
CC_F10DB853B9DF,0.4072470496064844
CC_F10E06D52D76,0.13775652438383312
CC_F11F5F477B91,0.6321932829566669
CC_F14913B5BE1B,0.750363857586408
CC_F156C1647E3D,0.07124753622296481
CC_F1598097E314,0.6877163632443678
CC_F1641E3AAB3C,0.04806283581545645
CC_F166878FB959,0.05103567992439934
CC_F17540FE7C9F,0.11725979463537012
CC_F175BB08B29E,0.047948689352971294
CC_F1782AF286D0,0.3713290727640921
CC_F1796AD4B774,0.5797245012150624
CC_F17B3A3A5E56,0.6265052090248412
CC_F1858D6F0080,0.15240310248071287
CC_F18689FA8E29,0.07097418843298033
CC_F18A82B0F153,0.1362111311789187
CC_F1AE7142A128,0.11264248139660525
CC_F1B43DD57C9C,0.1186962334195478
CC_F1BCB7676492,0.07675837538619616
CC_F1C8B8BB90AE,0.1266243093911634
CC_F1E044CD2D75,0.24696775298367254
CC_F1FCB96B5E14,0.25384120168451
CC_F2067E92A939,0.14756751983336663
CC_F21512554CC9,0.06773538439375652
CC_F243956B7575,0.08117534687881256
CC_F24FBC9FD3F7,0.32011042696419534
CC_F252EB3F208B,0.09717859387214212
CC_F25D793346CA,0.39741389300968527
CC_F25EB1ED5AD9,0.05155921368203997
CC_F265A0AE845F,0.7057249064970456
CC_F274BB4AEBE0,0.055783056593575
CC_F28BF2185131,0.10493549184941159
CC_F29077E45AF0,0.23037512007526
CC_F2988560CAB8,0.3490908636990773
CC_F2993AB36C56,0.07572768614196979
CC_F29D6C65779E,0.05836670881097922
CC_F2D2BADD0000,0.05891124002453297
CC_F2E4AEB73D57,0.10706918775189057
CC_F2E630BAF431,0.04667978655832732
CC_F2EFCB40AE74,0.16044498157276885
CC_F2F085891915,0.7208139695134272
CC_F3030E2C80A0,0.20103804114423657
CC_F3044C7C16BB,0.055649078049228674
CC_F30B21CB4603,0.10057442963389303
CC_F3140FCE870A,0.08061544389231633
CC_F32A84B321FC,0.19266314101899581
CC_F339FF584607,0.31209066659329604
CC_F33CEE0F6DBE,0.41709291476390353
CC_F33DAF3E9CF0,0.10910926426386845
CC_F34EC3FF202F,0.07716744632378177
CC_F35A6C383B39,0.17262128938162122
CC_F360E0FF27CA,0.06460124457519646
CC_F36B7AEC0086,0.10808910975686212
CC_F370665BECB8,0.5718651003205922
CC_F373A60E53E8,0.027499890135606143
CC_F373BDAE18B2,0.07139098489175631
CC_F3745BC63340,0.06561882882875777
CC_F37DC9169301,0.14424219289857373
CC_F394E57C5243,0.22909750054336114
CC_F39E98FD418D,0.0748838004784627
CC_F39F51452381,0.03480901041107471
CC_F3A52465664E,0.05145766162876139
CC_F3A8CF761A0F,0.2145279661090903
CC_F3BF1709E29A,0.4315244871833554
CC_F3BF72C29211,0.08271600643488698
CC_F3CF35465CF1,0.03800856086913217
CC_F3E2186DBD4F,0.2801285051664712
CC_F3F0F9B9B56E,0.1564448904831052
CC_F3F185395BE1,0.1423305334654584
CC_F3F68E6599E7,0.06731694430199067
CC_F3F7763C9DFE,0.1838286562388624
CC_F3FFF13592CE,0.062353010952726544
CC_F410C3CE89E1,0.17272524846659976
CC_F410C8B811FE,0.0633089813357743
CC_F4132072D78E,0.11541875730636934
CC_F4157B8E5B32,0.5393369031884512
CC_F41CF067E828,0.11386695954285361
CC_F41DC456E539,0.03117965313120745
CC_F41EEF55A0EC,0.040904727774141905
CC_F426B5C1F07D,0.3379158551680316
CC_F437875F9000,0.20264813743011484
CC_F43C961F8A30,0.1360068463442814
CC_F43D9BF23472,0.050935438912457706
CC_F444BE033109,0.1354633545412876
CC_F4481124F17A,0.15203613491582563
CC_F44EAAF80F70,0.13906087404169742
CC_F4521F6D3492,0.5305878393946419
CC_F46BD9AB1B68,0.1364668407565386
CC_F4763AA0B824,0.5460075486373115
CC_F47976F33E20,0.20351322096659352
CC_F47E588D4470,0.1734721562469169
CC_F4A2777912C2,0.12235498167489833
CC_F4A6C2B23685,0.04967596670561445
CC_F4B3EAEEEA8B,0.035073169393714944
CC_F4C6CD1E720C,0.07287266989769049
CC_F4D05DA98C83,0.04867080042717993
CC_F4D15889CDE0,0.1453991644102558
CC_F4DEC1E6173D,0.029370106409319877
CC_F4EFAD6AF8BD,0.29192157022199217
CC_F4F7835A1FA2,0.22161854312336998
CC_F500597795FB,0.1426235950798103
CC_F5197FA9580F,0.6786666780302805
CC_F5240F59146F,0.07243776553241167
CC_F534A0B87C3B,0.14961944715762143
CC_F536972BFE98,0.13142101386999613
CC_F54FDFE5A5C8,0.08745438166906139
CC_F55727F65F86,0.19548963887710696
CC_F558EBDCDD6D,0.12074498947571312
CC_F56D569AC51F,0.09024985986739519
CC_F5714D180EE1,0.11983971898565854
CC_F576ED9554AD,0.3424991878041075
CC_F57C2559358E,0.2018706706006414
CC_F5AA72FC0972,0.08890089638797657
CC_F5AE7DEA2B48,0.0686227058700476
CC_F5C6A5E9D495,0.15707193902808853
CC_F5E0731F2181,0.24184891434873185
CC_F5F4F3B03FE8,0.7285892188680163
CC_F604D7B9CBD9,0.17169013370512679
CC_F60F13391D61,0.1608129832026895
CC_F618D72DF162,0.06749090810077668
CC_F620B15ACC5D,0.07038994601546997
CC_F62D426D6614,0.13303042892662886
CC_F634999D5C1D,0.02306525780758532
CC_F636E5BAEE47,0.16699284328999356
CC_F6461B692240,0.7179381116820179
CC_F65BAD63AED0,0.17455695176071087
CC_F65DD2AC57E8,0.2730242650939489
CC_F66C6577674C,0.04884138990641667
CC_F670896FE959,0.17798692411452988
CC_F67376F272EA,0.6957792478576599
CC_F67FFE9E884E,0.2818796939391809
CC_F683C99F06C1,0.16318146343955423
CC_F68523E2CE7A,0.7501187882300935
CC_F68E62F9AA0F,0.02271287985771021
CC_F69604E05962,0.08042876883437486
CC_F6B8913740B3,0.10033410985925303
CC_F6BB4952DD35,0.3175263117216637
CC_F6C0B7AC57B5,0.6201881162342071
CC_F6D2B06E6E8B,0.5988716755662414
CC_F6EB30A84C9F,0.27599793078793367
CC_F70345A4792A,0.11790071780446328
CC_F7068C1F77B3,0.3371103723914529
CC_F70B0EA8C0E7,0.05194058544192852
CC_F71CC97FCE83,0.09962149120783209
CC_F722224A84F4,0.645112075933518
CC_F72D1046063A,0.22641830543581107
CC_F72DAB32A281,0.04610761898254076
CC_F733AA5C0ED9,0.06035525198468946
CC_F74043C1BBEB,0.05785455341686262
CC_F74A31E36137,0.05814172285291521
CC_F756B167634F,0.169210518550209
CC_F75CBE8E1B92,0.4915244310616126
CC_F761F7EEAD39,0.13767551297662653
CC_F79303D62FCD,0.07559470213856066
CC_F795134B52E6,0.6425803459005941
CC_F79533E83ECA,0.0884030589937527
CC_F79F9A7ED432,0.7568450795819073
CC_F7B2FC73E020,0.03775263325120089
CC_F7CF24594B20,0.05354174208870144
CC_F7D31937AA89,0.04129601336745703
CC_F7EFD378035D,0.4058719025579565
CC_F8014B1E00D6,0.03570626616322025
CC_F80ADE95A7C8,0.04788911234196337
CC_F82E58E476A9,0.09532128274749344
CC_F82EB123CC19,0.16026933368929652
CC_F83088660331,0.10366043239921278
CC_F83C6DF6A815,0.5726008746058051
CC_F8620C4F7581,0.16026262419587647
CC_F869F4DA5077,0.7700703044621058
CC_F86B1C53EAF4,0.17523538370462405
CC_F87B7F26FF51,0.23231785585443634
CC_F8803D1C899B,0.04623683896014835
CC_F892E51AC9DD,0.03886439647148458
CC_F89C185743F0,0.1032346976039868
CC_F8A4D45C3769,0.09051673764401234
CC_F8AD68EA5A16,0.20691503517457155
CC_F8B4DBD0CE8A,0.3522035286198113
CC_F8F3E551F166,0.2638500297591843
CC_F8F9FE2C9B65,0.2506336654129342
CC_F912A50D0DD1,0.1657530855402643
CC_F91B7C2B1AFD,0.11153256416630183
CC_F925251D4BF0,0.3701677440912556
CC_F925ADD60E7B,0.033974265205455684
CC_F9282C144479,0.05701064908949487
CC_F92EE3287CC8,0.07869180546483089
CC_F93332608FE1,0.16869297859732751
CC_F94070DE3B81,0.05618572800922797
CC_F94C81428D20,0.20497201751025404
CC_F95DFFDA9B12,0.393357854250138
CC_F96A53B02447,0.6032935832495168
CC_F96A965CDCB0,0.6563636775129571
CC_F9721FEDBE9E,0.19102015281519483
CC_F97C3E145882,0.2424906780914201
CC_F97C64C64052,0.07609404146330455
CC_F98660A07E6A,0.7950260192672993
CC_F98BA4B13724,0.07417690167753212
CC_F9A3F3A76B1A,0.14213042082423175
CC_F9A8E2B3A703,0.12482452512660933
CC_F9B3E7E7F2A9,0.43037354952710877
CC_F9D7D0B1E4A8,0.6821347964169254
CC_F9EDA4EDDD44,0.050429787401650154
CC_F9F2176B12FE,0.04745377839562228
CC_F9F90E76CA5B,0.09087665576125672
CC_FA0157249C01,0.10663116460099789
CC_FA169BCA835F,0.06162631603464459
CC_FA19B61BCABB,0.1242222445007477
CC_FA1DD203C293,0.24861162211821208
CC_FA2E30269BC1,0.18631218606868907
CC_FA304CE8E045,0.19510923354663667
CC_FA310759A257,0.657619737259637
CC_FA32397E7B8C,0.08612977044129067
CC_FA33D97B84D4,0.09958416762799645
CC_FA38991B9434,0.0236468341780404
CC_FA4079FFF1E5,0.20573747367224865
CC_FA716665CD8F,0.06884602330660534
CC_FA770268B207,0.18089994500812437
CC_FA7A2F59245B,0.4747382386045185
CC_FA8205104EBF,0.11793850987300325
CC_FA8370AF8740,0.04942103464988941
CC_FA858F1025FF,0.11513144567523706
CC_FA86320CF6B0,0.04773533630990534
CC_FA8B341CD3EA,0.2014338927017534
CC_FA9057AAF95B,0.08658326370437851
CC_FA97314C666C,0.052744967317616916
CC_FA974C1D91AD,0.35652383376605357
CC_FAA0E5BC9F44,0.7012005584883557
CC_FAA2694D8578,0.2729061684701889
CC_FAAFFC74BC35,0.6856206958625839
CC_FABA6DCF8E45,0.03509870642912148
CC_FABC53294AC1,0.16330596456639782
CC_FAC52B8E66DA,0.11061899162353644
CC_FAD284D8DAC8,0.831144032746252
CC_FAE70CA5999C,0.13022565764697625
CC_FAF1CCB40132,0.09891044823253031
CC_FAF93D8B3B59,0.06514773913577829
CC_FB09E5481B64,0.08451322403681463
CC_FB150A1F7C3B,0.12169543347118826
CC_FB1808471515,0.3776827764341818
CC_FB296D823CF6,0.0705990412539254
CC_FB301E1FA7FF,0.025337217093511395
CC_FB33C958A19E,0.416675644189345
CC_FB40D63FC3D3,0.18704235537805727
CC_FB45A1837AD7,0.10001057693395528
CC_FB45B79CED15,0.1046163558424471
CC_FB52260232E3,0.06002725254396238
CC_FB6A0A7B8813,0.2515812226858822
CC_FB6ED10D82D2,0.09784737684592465
CC_FB78DE84AF05,0.034261217493262996
CC_FB8DF8F93E7F,0.17743116670438866
CC_FB8F89048B89,0.08395160797558406
CC_FB9C3E77A49E,0.11831723425923175
CC_FBA40CEAEA18,0.07533686923845481
CC_FBA998938FE5,0.17037601368724112
CC_FBADBAFCD1B3,0.27253284564711305
CC_FBCB85E21ADD,0.16780914580748146
CC_FBCD00EE4402,0.1631341863111805
CC_FBD40DFBA5D5,0.3099276973539247
CC_FBDECF3DACAE,0.23357485834398958
CC_FBE4E2F652EB,0.21213426487931183
CC_FBEA9510C687,0.25392908981566725
CC_FBED1E2E1CC0,0.15053202883811118
CC_FBF54E48EB13,0.0649531348234009
CC_FC1E279EF320,0.05065293860778387
CC_FC2E1D460089,0.09494656434521062
CC_FC31CBD20CDF,0.16793007811770524
CC_FC41D8134A1C,0.0662756844418678
CC_FC44D7EF257E,0.04614533040258979
CC_FC4A649BDD07,0.2161884390527416
CC_FC51BCDBB6B2,0.13050456538479024
CC_FC57B6E79AAC,0.19633783292362222
CC_FC6AA879D9CF,0.10544448100762546
CC_FC7A926F3A64,0.6452279915168406
CC_FC83CB9C71CD,0.02853416236442304
CC_FC9E6D511294,0.13852183105603644
CC_FCA657E69930,0.40654686177981736
CC_FCB451237214,0.7845208155379713
CC_FCC7E51DF812,0.5632492294175032
CC_FCD42ECC012B,0.04152911517978055
CC_FCE8FAEAAEF1,0.10695903193913009
CC_FCFAE9BE2522,0.422647637385359
CC_FCFDB5DFE5D4,0.10158214531253118
CC_FD24FC7961A5,0.08868508244518587
CC_FD2793DCB5EF,0.11314074712423286
CC_FD2EEF724088,0.12383257134614886
CC_FD3205367675,0.07976102794618345
CC_FD3A21CDCA7C,0.11906590779584458
CC_FD3C4C2FB68C,0.14301853692880814
CC_FD41687DC1A0,0.16405880612269297
CC_FD44B4E31EFE,0.09091042689049034
CC_FD5721556AB7,0.05944775371115908
CC_FD643C174587,0.3400512760759453
CC_FD6BFA30DD9E,0.25431991774346296
CC_FD7C9DD7F11B,0.134740437381112
CC_FD7F2D90CF8C,0.05319597642301453
CC_FD8C4F601909,0.04678637325481094
CC_FD90B45AA24E,0.07304556316914118
CC_FD95457772AB,0.055555883025387304
CC_FD9D9B58DB1A,0.20579699214540037
CC_FDA918AEB5D6,0.6248803478117144
CC_FDD4C2065540,0.3254023424514057
CC_FDE57A2C5156,0.17714474504224287
CC_FDE9920975F6,0.23801485775709558
CC_FDEC856F9C6D,0.05522106978692566
CC_FDEED2AA92A3,0.443047977751137
CC_FDF5607ECC1B,0.0408875732511227
CC_FDFED3D7E70E,0.16749334364642876
CC_FE0324F99784,0.1181348601129692
CC_FE0A18D6570D,0.040110341817726956
CC_FE0DACAC84BC,0.2451436685971185
CC_FE16586C9FAB,0.25775291931785077
CC_FE16FBC86237,0.15413850842984803
CC_FE1C808C4515,0.0544386900713725
CC_FE1E64201B9F,0.10973269869601021
CC_FE33D60E29EB,0.0277217971753949
CC_FE3ACE674BEA,0.15635580624222928
CC_FE468E9AA9D9,0.021682795752961184
CC_FE5AA923C220,0.16440538641269514
CC_FE6C777DDC19,0.05206761935464765
CC_FE6DD8C8EC90,0.23806985704319128
CC_FE7A84AAA8F7,0.11677600330926283
CC_FE7DB6B410A4,0.11943464557395737
CC_FE8691B1F3D9,0.0668326022458634
CC_FE874279A94B,0.07413118184444388
CC_FEA61499305D,0.18056820192553702
CC_FEC22B334AC5,0.1516913797328336
CC_FF045F9508F2,0.1832669979547736
CC_FF0EFF711598,0.2435289162408794
CC_FF12F53D5676,0.04029082089002342
CC_FF13D426EC1C,0.16653107825404745
CC_FF16A7C8600F,0.1994866951848485
CC_FF2236DC115C,0.43404463520122727
CC_FF2725428B6F,0.07636605696921295
CC_FF3176D91690,0.11234991654947198
CC_FF393D295D66,0.04346228855696838
CC_FF4598202C5F,0.6491365375525554
CC_FF463A4B3D04,0.3157540336803657
CC_FF4703F7664E,0.04668502704134939
CC_FF86EC3C0851,0.47983453639164
CC_FF8A580DD831,0.15511197265879517
CC_FF8BD8697ADE,0.12950743325274466
CC_FFA681A2054A,0.03717104801586105
CC_FFB6B2D2BB2A,0.3591720289940503
CC_FFBFA27643F8,0.13399584016186084
CC_FFC81CC80F9D,0.14612736846851165
CC_FFCC9C0763D4,0.10207828300294976
CC_FFD4E33DC920,0.5707784788999114
CC_FFDE11143038,0.057795266017311026
CC_FFEF28047C4F,0.3718092244633646
