client_id,prob_default
CC_0012A082B7B7,0.13842589397560034
CC_0012BC27DFB6,0.14704177680957298
CC_001563B2143D,0.10855515141946878
CC_001B46930B6F,0.09598156611086636
CC_001D771E1C9F,0.03783845964880543
CC_0028BD91E759,0.09091587390817006
CC_0029971D7EF4,0.2306230550839708
CC_002B8C00B239,0.029495301617543334
CC_0035DFA86185,0.7520303430403541
CC_0042D11A6D0F,0.058970941045732944
CC_004D21A4ABB6,0.1266086262702766
CC_004EE05FC2EF,0.45375029732006095
CC_0050E546EDCE,0.7259988399801764
CC_005D7F31F785,0.04846661289507633
CC_0079996ED779,0.19886632463241039
CC_0082B4E1D9CE,0.03447251268538022
CC_00B01C73CEB8,0.16673270474354818
CC_00B74FFEEA53,0.20184924475592914
CC_00BF6791C18C,0.11908344441715746
CC_00C5E30B288C,0.3165033546873701
CC_00C68CE1CC12,0.3853759337701156
CC_00CC4148959F,0.17884419185186218
CC_00D428772D30,0.3896984193254272
CC_00D5806C7783,0.0983586346147711
CC_00D5C677C2AE,0.49368716665128315
CC_00DA781C4D66,0.07111214671252057
CC_00E7E2D6B548,0.2028640188875397
CC_012BC0A68DC1,0.0860730809386057
CC_014911033882,0.16807089052107638
CC_014F7EF4E595,0.6765100542616475
CC_016501B25F2B,0.03817725426018924
CC_016767D9B049,0.0393634374819864
CC_017598512EA2,0.10846139952702688
CC_01941532C804,0.21425245840207782
CC_01A66C6E22FF,0.7805159203803882
CC_01A684355200,0.165253920602318
CC_01AC62740827,0.10144025196012482
CC_01B0EFE5DB79,0.27805483448523943
CC_01B876B2988F,0.20777034367358904
CC_01CBB64C1DB1,0.35623798484273056
CC_01DBD993A1FC,0.06370133313134889
CC_01DC49D55C2D,0.028068399021727645
CC_01EF18A3ADBC,0.5381823761312186
CC_020252D37557,0.16042063146960414
CC_020BCDBCA8CA,0.33040960976198164
CC_021A6DD97ED4,0.17319902267452258
CC_022054506F33,0.06275269839362668
CC_0225D6231EAA,0.06298930353017872
CC_024B524B0176,0.029938755487061645
CC_0256303A6DC0,0.22148552804347765
CC_02589E6E4714,0.04846725463205246
CC_025927626E10,0.7257012290521019
CC_0283023DB294,0.024531895110849973
CC_02903C6FC0C0,0.19182405091377835
CC_0296E572CF21,0.033881677772631486
CC_02999E509460,0.6188131184598389
CC_029E835D91BB,0.06764030741408085
CC_02A32EC3526B,0.06454866680993437
CC_02A393632CD3,0.28715923035649227
CC_02A3E21B28BC,0.7633903064576516
CC_02A4B4644529,0.07410608152404158
CC_02B43865B30E,0.05458802166411075
CC_02B5A1A178A2,0.16657959084023716
CC_02BC4785773C,0.2264105509099808
CC_02BEDD9627DD,0.6900177889594351
CC_02CD2C1EFBB0,0.11152914492225571
CC_02D4430492D3,0.3473167191133355
CC_02F79A06858B,0.09717180268184264
CC_02FA254C9D43,0.031724378982904186
CC_03062402B4EE,0.048595362061318904
CC_03072CF2EC63,0.3524731171763054
CC_0315369B079D,0.08679980599701309
CC_03199242A810,0.13774555810472972
CC_03214BA76DB4,0.19906451088564445
CC_032735A44CC6,0.06266055735672185
CC_0330340F2FE5,0.1910038629223069
CC_033236FAAFDB,0.16914722795491194
CC_0337298F948C,0.03471818436221914
CC_0341CAE5E2E8,0.21875339765421953
CC_03434E2371CD,0.3432085335218179
CC_03547AAB948A,0.21475222498703725
CC_0354D0453D8E,0.10628371267640227
CC_03592E51F427,0.7950208568513167
CC_0365DEB525A3,0.09578854831525033
CC_036782052BC9,0.3391487693306097
CC_036977A50F1A,0.13745626525450447
CC_03720D08B8C2,0.2738247417910304
CC_038AE599BCA8,0.33741242681478456
CC_039E67CDFE1E,0.2772646406446412
CC_03AC962FC717,0.1747278344042123
CC_03B00DFA3A85,0.7406647184366679
CC_03BC6380E968,0.47607643118688603
CC_03BC730E0B02,0.022704639558212194
CC_03BD4F22DA3D,0.1407075605886605
CC_03C7E1EF6F69,0.7985382962718433
CC_03C9FA383477,0.09529507966382397
CC_03D1AAE90CA6,0.05882371837750647
CC_03DBB9598F39,0.14535922136402077
CC_03F18B43797C,0.08751563301110239
CC_03F80118E46D,0.05957736209056727
CC_0405E0151A6D,0.18667859149840066
CC_041FEE6C805E,0.3512699796613412
CC_042F88EE269B,0.18194431926687377
CC_043D98ED7F98,0.17121851549966394
CC_044C3537B769,0.14442969858869686
CC_045932C46685,0.11565172938035093
CC_04629624AA8D,0.192710409048584
CC_04690B4A6AF1,0.2446524881231979
CC_046CF40369FB,0.115786945847539
CC_046D6EC816AB,0.3943547400920002
CC_0475CD95EDC9,0.11472669194786378
CC_04796F06B82B,0.12859326594987347
CC_04AC7C1CE736,0.30051878376731994
CC_04AEDD051B96,0.3187932424126287
CC_04B42AD0E01A,0.3670114215286451
CC_04BBD1DB360C,0.2908700371597186
CC_04C767FFDA0F,0.48765871646243797
CC_04C7B819B9B9,0.07958100777858755
CC_04D127A775DE,0.07833004945670663
CC_04D9ED00053F,0.05648932004943924
CC_04E0EFC4F548,0.2882378559667552
CC_04E6848903E8,0.030783157333546838
CC_04F69D03ECE1,0.24269294842457032
CC_04FA1CFA1DEB,0.20496615977764251
CC_04FA6842AC62,0.024780716524961006
CC_0502F3791166,0.27086112013948777
CC_050B514E15FD,0.14102707105027013
CC_051ADBD6D835,0.10656508724673244
CC_051B4644216C,0.06267603662827592
CC_051C0A644DD3,0.0220571326196846
CC_051CBF566856,0.03851749317514502
CC_051EEA9AE819,0.15351630008055653
CC_0520E27BE904,0.13995074755254464
CC_05224448D290,0.1061973592471185
CC_0525DE4744C0,0.04166041135527463
CC_052F5CD81EFE,0.17834010793143884
CC_05368FAD2E6D,0.062094445516574906
CC_053788B82006,0.09379863705198836
CC_05471A48C6F5,0.1702581678506318
CC_056DBA1A87BA,0.0609764011330374
CC_05901F3E7A0D,0.1686630240782195
CC_05906BC8ED3F,0.13097131364475223
CC_059D55E32C78,0.08027766534114594
CC_05A12EF84A86,0.5005087486810027
CC_05A42D035609,0.15805583187112315
CC_05AD75A5CE38,0.03804229326921223
CC_05BBD4B92613,0.5504662863828764
CC_05C8EF6500D7,0.7705608980073291
CC_05DDB7B07497,0.0651185318370316
CC_05ECAE6E0774,0.21944872973404572
CC_05F11F14DF9E,0.3278136370960534
CC_05FA9192590F,0.1269142362896276
CC_05FD764FB154,0.7358266950504981
CC_0608DBB4DF03,0.27234324341643557
CC_06198383F6D4,0.10211128854291794
CC_06199EBE2B05,0.17165664630017338
CC_062A8881A331,0.06604650829647421
CC_062F74350907,0.04124451832559732
CC_0635AD30F004,0.7704708169722899
CC_0639F539946C,0.27134943684636315
CC_063DDB42CF5C,0.06908375349415516
CC_06405C00E240,0.26924939333447084
CC_064920FC9DAC,0.069905735019614
CC_0650AB329174,0.7818841854210505
CC_066941B109B9,0.1771778491690135
CC_066AA16F5874,0.2697094253560286
CC_06732311FB8B,0.15477488610991996
CC_06780061F889,0.12219131721187665
CC_068A81B06B74,0.4376926319232284
CC_06A1C5FE269B,0.3117901532648233
CC_06AA7138DAF8,0.028328481034086406
CC_06C0DD0D066E,0.7449915480184054
CC_06C97CFBD476,0.12182324355529965
CC_06D15F523C05,0.18908593856617167
CC_06D35787AD65,0.03154415354658874
CC_06DA375201A2,0.07811858609617534
CC_06DB455FF19B,0.6780759415612657
CC_06F3674E7313,0.47741989291754905
CC_070232DF9996,0.11681738161188018
CC_07141FA77DBF,0.09511082565957134
CC_0715F11CC8CA,0.20582609948846506
CC_07168A9C843C,0.18951480122364986
CC_072AB9F855DD,0.03557789207914208
CC_07337AF6AC2A,0.12100333678356129
CC_07434E4E5C28,0.05792052844620208
CC_074381358A2C,0.025205314898479457
CC_074E7CA75E8A,0.27569247400821284
CC_075D0C618BAB,0.1909699705657424
CC_075D804F7851,0.08268752541053098
CC_0765961D818F,0.4329828772790463
CC_07698F10563E,0.0505622881839318
CC_0773B9BA9E18,0.31731009538419386
CC_0784ABDA7F8C,0.177079724920155
CC_0790C9F9EC9C,0.07855982103050034
CC_07A996E6CA6C,0.25197388980504243
CC_07B588ED677A,0.15167633616672369
CC_07B730FD7F82,0.16843593615608482
CC_07BE6961D039,0.06607104524738996
CC_07D23A6BAF5C,0.1282176412947938
CC_07E08196A3DB,0.05049880616843559
CC_07E4850039B3,0.11290030133107426
CC_07FAAF8B2D23,0.0361018495528963
CC_07FB3FD9BE0B,0.09841953072752138
CC_080CB94A724F,0.2648935345624221
CC_0837C56711FE,0.07655135830301481
CC_084100A049EE,0.04239623753795407
CC_084113D0951B,0.28902739304124064
CC_0843DDCDD601,0.6712793210052226
CC_0846C14EAAFE,0.05827586736190753
CC_085091ADED2C,0.2247604347588476
CC_087943B4A5D2,0.16369419675331234
CC_08A97B98C405,0.13974284688112446
CC_08AA321BC4AD,0.1626284685526429
CC_08AA44ECBDD5,0.05263242581996124
CC_08AE2EE9D798,0.19006139573726097
CC_08B149462891,0.17917383695468014
CC_08C71A8D2D58,0.047253251838127217
CC_08D645F7B257,0.034808739375797884
CC_08D80BF0B273,0.04827994557994804
CC_08F52B1BE431,0.25667549036421583
CC_0903571AC7E7,0.15177400847686073
CC_090D528C09D0,0.4521997387562877
CC_09106BA6CFC9,0.08551998508289309
CC_0915905A5D48,0.13183903859001134
CC_0918F67CDF01,0.1533452789129282
CC_0925D0B6276C,0.15063307914756502
CC_092A2830E36A,0.7884129863587206
CC_0951489C8F79,0.024178136137877018
CC_0951FA4D5513,0.08707168514126078
CC_095C712064EA,0.09627620734219258
CC_0969AA7BEC71,0.06830781757852988
CC_0974840BED49,0.773716538155388
CC_097BD371F652,0.07755729633167344
CC_097C8139DBD1,0.049927970358777725
CC_0981CA4DBCE0,0.022891295656160465
CC_09A5D2F129A4,0.2445764680572396
CC_09A9BE38080D,0.08881834301107581
CC_09CDC42E000B,0.1552320068863538
CC_09D8DBAB2A42,0.0991862351325632
CC_09EBB1960580,0.03315048622173686
CC_09EBF206FEE6,0.20465008635720885
CC_09F2AE996181,0.08296853005669512
CC_09F45833F53F,0.1576617767470005
CC_09F4F5C5B4EA,0.7673771738262559
CC_0A04BF4005F8,0.19563537398368225
CC_0A0E563D1060,0.07543413430214928
CC_0A0F781A999D,0.17803573099936826
CC_0A1138C37BC0,0.18144807756865314
CC_0A334A16524B,0.06265786614286492
CC_0A359CD5D73A,0.06219229125624887
CC_0A3E2C273DB5,0.0560731377807729
CC_0A4705B1E08B,0.03447744066255846
CC_0A67EB7C5282,0.15228705395606884
CC_0A6CD64871E5,0.33730343009686037
CC_0A75643FDC7B,0.05898510935228428
CC_0A8066F501AC,0.04071935438060993
CC_0A83017D027D,0.17787746812445662
CC_0A9AB7441D5B,0.31872244033888997
CC_0AAA72FA148E,0.3445251812152323
CC_0AAC488C8AE4,0.4468654808037762
CC_0AC2DB82398C,0.32437064402607607
CC_0ACA2C49A497,0.136469775470713
CC_0AD4BBEA75ED,0.025959094262941716
CC_0ADCD6553B8C,0.0663459244210193
CC_0ADE56B56C41,0.02759913173849913
CC_0AF4B5B4162F,0.7345169669601599
CC_0AF9BD814AC7,0.10545339269730791
CC_0B083BE0FEA3,0.10471183831305025
CC_0B1384331163,0.05840209422215123
CC_0B216C6AF0F2,0.01895363683077612
CC_0B3465DB0684,0.6119090651350836
CC_0B442B91679E,0.15183868696734376
CC_0B455175F494,0.09063704541426393
CC_0B4C01B4002C,0.2104573677511637
CC_0B544A526D6C,0.0633174098636699
CC_0B5B19AFCD18,0.06201375840134579
CC_0B5BD2D224BF,0.06359450979646616
CC_0B6407C2C9BD,0.14729549804718556
CC_0B73F59991EE,0.0883154278499203
CC_0B7579216681,0.06889320916072222
CC_0B7F3B4B32C1,0.29196549128308924
CC_0B830A67900A,0.13547595243121344
CC_0B84250F96B8,0.2070125001062035
CC_0B92212B8E27,0.29631437145647993
CC_0BB43BC4B3BC,0.1115901454141691
CC_0BB992973640,0.05921523391804272
CC_0BBC41297846,0.1197081189997806
CC_0BDDB468A1E0,0.2980379043454286
CC_0C00A631C2B4,0.06559381991847969
CC_0C011AF6C857,0.3498179424304341
CC_0C0459AB67DE,0.13488162953511096
CC_0C18B07E451D,0.1387098010388888
CC_0C19EB845CA2,0.27340704978002595
CC_0C1A736F37CC,0.07584004814209838
CC_0C335C9D86F7,0.781385834065194
CC_0C4C24D066E9,0.17610351608218486
CC_0C5499989AF4,0.17127492257177496
CC_0C95548CC1BD,0.15994398716846184
CC_0CA2DE660B41,0.22326267700755253
CC_0CA6D8CFCF2B,0.21930027719663547
CC_0CA9DF9C5C15,0.06086637310347574
CC_0CA9F52C92A8,0.18167317206637812
CC_0CAFB6C41CE7,0.12858786351248547
CC_0CB27D5313F1,0.580209771071455
CC_0CC9DDDB8B44,0.03707550691368975
CC_0CCA18595BA5,0.2658093625407227
CC_0CD90568D3E6,0.2464636297243153
CC_0CE0D56B0584,0.06349883316252948
CC_0CEA028BF961,0.26767548008833114
CC_0CF67D68AF16,0.3728220258851048
CC_0CFAA0FB0691,0.059484436057104045
CC_0CFFD2785D2D,0.08468652602033944
CC_0D28AF91CE97,0.15577920269396034
CC_0D34E55A580B,0.11854684901887898
CC_0D3663B6524E,0.7631403572661166
CC_0D3C2864ACD2,0.3362620872103118
CC_0D5F4BE8132C,0.15269894310631138
CC_0D6D5ACB0889,0.18626090309129978
CC_0D7BFE8CC0D5,0.12040743126638233
CC_0D8852AAB481,0.21968238392213027
CC_0D97EF394C79,0.4415766072579255
CC_0DA8FDDE6DD0,0.055973748938895326
CC_0DABB89E37CE,0.07975091465447694
CC_0DAF0F2FAA86,0.10320494543032406
CC_0DB9E5F8EDAD,0.0761857188497572
CC_0DBC64F88C05,0.1546260050833951
CC_0DBDF018E822,0.13188381410596983
CC_0DC31A5A1096,0.04496313231908078
CC_0DC3870F23D0,0.03162780923306726
CC_0DD39F5D7C0D,0.06686924594072069
CC_0DDC2C18BBDE,0.043360034994601976
CC_0DE09CAA93E5,0.16989346872246314
CC_0DEA4477FDC1,0.12417763775086008
CC_0DED63EF6639,0.1892519270562168
CC_0DED7DBF26F6,0.2769886766851135
CC_0DF01CD21B9D,0.16429486342331184
CC_0DF6A478C01B,0.22465978976505177
CC_0DFE1A3FA5AE,0.16346603282783126
CC_0E07D5FB24B2,0.13542892138794538
CC_0E0CD9F23A5F,0.7069720102644221
CC_0E121FCB1D47,0.0669297597521778
CC_0E1423A4C263,0.1740268097121922
CC_0E16883EE8E6,0.4211676272973165
CC_0E1A2BA1C545,0.2061904645484402
CC_0E2B52BBA69B,0.04431188732108913
CC_0E40BAFC3530,0.15937488033744118
CC_0E48EE235179,0.07484559276029348
CC_0E4FA0FB9797,0.650005219126827
CC_0E5162F59924,0.7688697748100988
CC_0E5E2FCAC8C2,0.2757723318272536
CC_0E68C2BE2A75,0.13743986844721873
CC_0E6C5A8D8CE4,0.09309936315999032
CC_0E6E9B0E674E,0.09397024005052454
CC_0E746EAD6CE9,0.06546715616182452
CC_0E968E7C22C1,0.29880422281950725
CC_0EA1483F50A9,0.15415462326905008
CC_0EA81362C7D1,0.19219007774516883
CC_0EAE97520873,0.30807552416841294
CC_0EBCF4228FF2,0.5403430101511708
CC_0EBDEFD0BDC2,0.049401820059206764
CC_0EC6AEDA63EC,0.22881944351768985
CC_0ED61DD76795,0.09804710934618183
CC_0EE33B1B71D5,0.13332536728947497
CC_0EE7EFF13EBA,0.057922960657690745
CC_0F0F136B0991,0.13790812394496782
CC_0F0FAF218BCB,0.043817702180068606
CC_0F125B48F175,0.07816189800217217
CC_0F292A238627,0.09748882013662218
CC_0F2949A1746E,0.07336991455353813
CC_0F2B71163121,0.07481073268550113
CC_0F393F1DE2EB,0.07449896055638579
CC_0F41B187053C,0.4039880592888984
CC_0F52EDC9D383,0.10384926097861524
CC_0F62C4F36236,0.0922467547937231
CC_0F6A29CE5D45,0.15795180731112485
CC_0F7C0515A6CF,0.14775684129438776
CC_0F8D6C89202F,0.16417180494620778
CC_0F933684CC08,0.1846377807998791
CC_0F9BA54F2AF6,0.04437596557192934
CC_0FA06CE7FAE8,0.0361385168517098
CC_0FD25AA655DA,0.1477349935389688
CC_0FF5570E06EC,0.6752110559079628
CC_10197FE0E34B,0.6768214132898719
CC_10355B5718CD,0.09920282822624131
CC_103A9D18EC12,0.15246371990623814
CC_1040DB6A21EA,0.10358067384438904
CC_104D2B84FC4F,0.03342930061287455
CC_104EA2802A11,0.08075987921308016
CC_105777B1BF91,0.05987226186214137
CC_1059F1B6C0C3,0.15876792604647127
CC_1061947FDD14,0.04938660453774124
CC_10689257E68C,0.32841681751635077
CC_106BFCFA7D7B,0.030305179806850806
CC_108FA04AC10D,0.09340594802556682
CC_1092915D0093,0.11279120848444801
CC_10A30F88E157,0.15113231361807447
CC_10A657027AC9,0.7362238304170756
CC_10A6EAF27BF3,0.046269724468987895
CC_10B148BED568,0.43231675193424707
CC_10BB7101F191,0.029464544846689995
CC_10BC5BC3A9AD,0.4042154207079313
CC_10F27C70AB99,0.10092883893193505
CC_10FADDF63CDC,0.17152166170322172
CC_1107D9301AA0,0.07259905978500863
CC_111A6DE5D9C7,0.7436478566934824
CC_111DC3B1756E,0.22453262112873176
CC_1131156CC6F6,0.13912621671998568
CC_113B66D5D5D9,0.11012259347464924
CC_1143254EFF36,0.04921186117405986
CC_1145E5277FA7,0.2540595881227086
CC_11521077BBB0,0.15557170026458264
CC_1154861ABCCB,0.581467466340892
CC_115BCAEAE2A0,0.09553243986529784
CC_115BF13E8BFC,0.22492513226209387
CC_115EBE5044BD,0.3566368333441237
CC_1165AA07FC47,0.7268267088197375
CC_116EE8219753,0.05183559391047471
CC_1176FA3233B3,0.03851220230487535
CC_117C2A1587ED,0.08943641989796079
CC_118C0A1D14B2,0.2851411207268771
CC_118ECB589F3C,0.11194209397626663
CC_1190F13FB1FC,0.11336723277070676
CC_1192EEC65A1E,0.26225730317358376
CC_119B1FEC4D83,0.22404645220608693
CC_119C413C2580,0.1649250976983994
CC_11AB74142A2E,0.8057909384425694
CC_11C8A291FD11,0.15204708485246346
CC_11D1E9C39E41,0.05892246410271362
CC_11D600EE1BD6,0.18068344172913875
CC_11D7539AC69D,0.17017030040480396
CC_11D78BB50016,0.1433870805259276
CC_11E0C583685C,0.11781706738955923
CC_11E0D2F15AA1,0.03263052414199956
CC_11EDFE67C719,0.6559405450624076
CC_11EE85F284B8,0.22554305227491828
CC_11F700202C6D,0.15305179883731812
CC_11FB668DF543,0.10143340610422541
CC_1209FA26609D,0.02942006524261588
CC_120CA1B916D0,0.11666539292186631
CC_1210186F4D33,0.07237693197886075
CC_121F621374FC,0.2443212134335776
CC_122532C1FBCB,0.1340911986735691
CC_122B19CBC88C,0.6429967961182363
CC_123C7F0111C7,0.5998829976412707
CC_1241EE42F174,0.1454963427435638
CC_125B7100F1DD,0.13497101323352934
CC_1263B255B3B5,0.19282204588747745
CC_12878596E940,0.07052173187351876
CC_1298ED71A9E0,0.06376978861185265
CC_12B555C6F086,0.1679401414221673
CC_12D22C629874,0.1579774247141421
CC_12DD89EA0C14,0.19128879738513477
CC_12E24CDE2684,0.16798732954768986
CC_12F3B7309455,0.6120229936062792
CC_12F8E7A4BBE5,0.3551138816525771
CC_12FDEAE4873F,0.20569025846839384
CC_130F7B067939,0.3592252867096706
CC_13209EDC85EE,0.6657957344833055
CC_1332B6F0E543,0.2416802289191224
CC_1334E256AEBC,0.5816038081215492
CC_1337726B2AE6,0.08038834979462975
CC_1338237BF402,0.20081777685530505
CC_1341DF38D9C1,0.16952216717213928
CC_1342F868176B,0.703969817723525
CC_134651CCD2F8,0.117399092683095
CC_1363E3090578,0.056592156913251736
CC_13736493B695,0.06707638631933076
CC_1392DE633D4C,0.28396987114088207
CC_139ED2E0AD76,0.08493950707985175
CC_13A5383EA098,0.6329437519762426
CC_13AA272C6861,0.05488474982034314
CC_13B74E4EE3EF,0.18871439544339214
CC_13C437E86B81,0.48651949528857047
CC_13D61B077E7C,0.06867109271512473
CC_13D7115A8FCC,0.15911612648000836
CC_13DFE319B21E,0.7870451989143958
CC_13E0F0B3FAE6,0.2084659542716729
CC_13FD88C2920A,0.6962205968514722
CC_1401CB818627,0.18871852396120642
CC_140B86E74F74,0.7813947183407141
CC_1452A0B69085,0.038983504029877554
CC_1458CA7329A7,0.24977431518778956
CC_1459E7125AFB,0.07532399871966163
CC_14633EC7F622,0.3959604190695551
CC_147B1B30DE7F,0.11042697419901681
CC_1484511F54C5,0.295803567132657
CC_1489A941A69B,0.29538309120646333
CC_14A8B16706E9,0.0765638532172883
CC_14BE52BADB77,0.09660106193194748
CC_14D53413FBCE,0.3164790610184742
CC_14D59B58E51E,0.13936288926036278
CC_14D964327B1D,0.05391738926839303
CC_14F5D06CF093,0.1262514597919237
CC_1501D63D5A80,0.3404906635033649
CC_150E3A0E5084,0.2199920293307719
CC_15152312AC56,0.06981752345432046
CC_1522BA0411C3,0.05462057459834645
CC_1534B0241A1B,0.04550138313648929
CC_153BE2BEB74C,0.12201446404337937
CC_154BBCD4DCEA,0.24835448508603863
CC_1552EC27FC0C,0.7097761102317945
CC_1566BFF4BCDC,0.3329113024216325
CC_1579BD86A63D,0.3129223837186919
CC_1583CFD90530,0.27327842554181486
CC_1584385F38C8,0.06465969893746804
CC_159656F13BE8,0.09210983659232691
CC_159B6F6AAF1E,0.08970495614133606
CC_15A4934FD96E,0.12114637202184098
CC_15B2140CE869,0.09496445414101552
CC_15C0972DE384,0.6354214795792845
CC_15C0E30FF2DC,0.1060248523756666
CC_15D617FAB434,0.04923983518310135
CC_15DA0F4FFF0E,0.3121020278729443
CC_15DAE76D15DF,0.04385076018785201
CC_15DC7C139EBC,0.34349197795659553
CC_15EB741857ED,0.07763273344470244
CC_15EC51F4C521,0.2923998437523135
CC_15F6259C7C53,0.07172180189265749
CC_15F7C012E10D,0.4280344470952106
CC_15F7C1BEC28F,0.18386946481664726
CC_15FF58854AEA,0.2503556897765734
CC_16035CDDC2F6,0.15962625800032568
CC_16095572722B,0.044263729255390113
CC_16109F1CE0A6,0.2627810793189003
CC_16150E74E4DA,0.1475121349748575
CC_1629E47AFBA5,0.07553552832453454
CC_162F4582D06D,0.6245698795195718
CC_163194DFEDDA,0.031155455533284172
CC_1640F01B7730,0.09816124475519591
CC_16460554039F,0.026410995244643447
CC_164D308CDE41,0.22942631422924273
CC_1661041F819B,0.7603776609213314
CC_166829780A76,0.12320978192696383
CC_16798666E855,0.1056891224161701
CC_1684B5493414,0.2181831852642493
CC_168A8907C8F4,0.06252094959678628
CC_1690EC56D088,0.06228027804524173
CC_169853EEAB4A,0.08958416828751903
CC_169B7FD839BA,0.1441130112937453
CC_16AED1A3008A,0.14546634211443485
CC_16BAC7837C73,0.1797683539075436
CC_16D57E1EEA01,0.1379454495962854
CC_16D833E56D7A,0.18391815944583265
CC_1702487A047B,0.1825724000744623
CC_17029F78E70E,0.053931612143127944
CC_1702F3E986AE,0.06965312620032396
CC_1707181BB559,0.03791273490625187
CC_17117BF03935,0.22658233542070996
CC_1723E40C3D40,0.23735920503451274
CC_174FBBE9ADD9,0.2007143882539678
CC_176E6E58FD1E,0.0982461355400222
CC_1783F37259BE,0.08418630575163649
CC_178B135605CA,0.08437204126147044
CC_179AA5165026,0.3553581526655312
CC_179DBA1C4CDB,0.31074339178578736
CC_17A1090B69C9,0.10969061688524617
CC_17AA1A4C904D,0.2019321139455556
CC_17B06C06FDC1,0.14716119867550476
CC_17B89AC1FD03,0.2033733765840866
CC_17DC33AA73F3,0.053477355963326895
CC_17DE4D267831,0.08698205610063339
CC_17E929BE0344,0.36573317452100124
CC_17EB83DECE5E,0.4299727576650059
CC_17EC9982E5A6,0.14178321765371543
CC_17ED5555B4FD,0.2405825307139339
CC_17F4292DAF8D,0.10178159746573186
CC_1807B0980C86,0.06651845278557411
CC_181354A58B53,0.06750293116801627
CC_181E7266E018,0.09926943891346737
CC_182AAE7CC3CA,0.47728554100932197
CC_183EDEDC5DA7,0.07772519871561787
CC_184C47552665,0.25894981218770313
CC_185A7392A475,0.28592474377667965
CC_185FEFD3233A,0.4001054299325171
CC_18676FE5FC07,0.07162750558151891
CC_18776C4FDE28,0.08075194845779342
CC_187A8AECEFBC,0.1440092989028026
CC_187E7D0B4E82,0.724360382984253
CC_18839D393105,0.15542495439896817
CC_1888476F6CF3,0.1389145399142424
CC_188B1ED2AAA5,0.32557455763972143
CC_18A4257C3172,0.286832964606325
CC_18A7929D9FC9,0.29746509736407106
CC_18A8695F185E,0.10836990858001772
CC_18ACE64E8F74,0.20438343770079503
CC_18BF4A29BB38,0.1303762916436314
CC_18DE36F7D294,0.14009629571142787
CC_190EB07AC1FC,0.12133627956657053
CC_19219F2C60B7,0.16789968810751585
CC_192262DB0B0F,0.07784486264298635
CC_1929746E06CD,0.6288485179493962
CC_193356E72D61,0.6687700511464447
CC_193938E8EA40,0.17624219730278415
CC_193C60092202,0.5289825043141837
CC_193F669537D1,0.17185583733466558
CC_194E13150BE5,0.04872463596279751
CC_19556DDCCDB3,0.03300801757775411
CC_195A6E9B48A2,0.12253195032905495
CC_196DEC616B33,0.08648207341204456
CC_1978B23D64A8,0.11402852804843053
CC_198562A4BD86,0.1179922489462664
CC_19864C9572BC,0.16079734676708274
CC_19868B6887C9,0.1218197892140768
CC_19969E05AB2B,0.15883871391487384
CC_199FC89885C7,0.11944648139389695
CC_19A40411B404,0.26222843405800944
CC_19A6D9B60B29,0.6717946170131667
CC_19AAB010550E,0.061856700236966364
CC_19B4743DFEEC,0.07720294480860918
CC_19B95A61D757,0.1636553082942301
CC_19E6A00F6A5B,0.05886806645757724
CC_19E8DEC29F47,0.605516021664946
CC_19EA54976042,0.1450563227230751
CC_19FBBEA75B7F,0.13546620715080077
CC_1A039E58840A,0.05449809637582099
CC_1A075331756B,0.11158512195842522
CC_1A1E1302C432,0.15217639856709542
CC_1A37690EAEDB,0.16465742803893127
CC_1A3BF9F5BD42,0.14435432977490179
CC_1A4268FEB02E,0.1646120807521172
CC_1A5F8618A912,0.29389786992746736
CC_1A659D4D521E,0.4075507265135955
CC_1A879655902A,0.06310832646908139
CC_1A9F6DA46BC2,0.11365125645533278
CC_1AAB15E81743,0.029200025080302873
CC_1AAC389EF8A2,0.2273910583585589
CC_1AAD0CE365D9,0.13025975072494295
CC_1AAD9152C90B,0.050627757531005665
CC_1AB15BDA9296,0.06380820451030311
CC_1AB8BDA3041B,0.18301162491050593
CC_1ABB9CB074E2,0.7118805722767494
CC_1AC1B1A3978D,0.05086044650916615
CC_1AD20D1F9C08,0.7174604340381111
CC_1AD881A90D1A,0.3162409781421199
CC_1AE9811724DD,0.7677656804830879
CC_1AF1AAAB9D12,0.7567336051774877
CC_1AFCC4D0ABD4,0.16091985230145306
CC_1B08ADAFD1C4,0.1671052160667607
CC_1B10139C7917,0.11814252206624332
CC_1B127133B948,0.16248161645876721
CC_1B25964EA376,0.15380891295412083
CC_1B27A85C7244,0.18189904968744108
CC_1B29F4378A34,0.13131752428526375
CC_1B2EC0BD0677,0.3463848661677099
CC_1B4AAF37FB97,0.0848932655388158
CC_1B5E792F6E6C,0.31320484291089196
CC_1B7166DAA790,0.16975386196197345
CC_1B89FD901C95,0.09411755991775021
CC_1B91E3A70338,0.06857107951551684
CC_1B9D9B7184F7,0.15664123870033056
CC_1BA3FDD92B1B,0.05580488469057611
CC_1BA9B3D67170,0.15810867986420124
CC_1BAF97E2BCF2,0.09599027700045071
CC_1BB7D8A54021,0.07466572720360426
CC_1BD548A5FEF3,0.11552404738694401
CC_1BDF1893ECEB,0.2415035296149301
CC_1BF117A8AF9A,0.051013679557784304
CC_1BFA7E407428,0.7010327193038236
CC_1C0066F472E4,0.7049180253338574
CC_1C09CC2385AF,0.059075611198818115
CC_1C11467AB472,0.6540891292359686
CC_1C1627B7EE6E,0.03647130686174597
CC_1C3259B85E28,0.15699932472207906
CC_1C334ED885FA,0.032324875642690876
CC_1C376760FE39,0.07385832164911484
CC_1C39A1ADF3F2,0.15594822047948223
CC_1C450FC77478,0.1275276368624389
CC_1C48409023DF,0.4082601136620715
CC_1C4D03324C60,0.35166450268522437
CC_1C5F1E1028DB,0.03270029392657793
CC_1C6681C0AA7A,0.7869283056718812
CC_1C84CFE19CDC,0.20252860056752978
CC_1C8B3F689C6D,0.2208937303037788
CC_1C95674B902D,0.04178629543517077
CC_1C9A4C11F28F,0.1617021491939525
CC_1CA3F50BABEA,0.07290715618116529
CC_1CBF42D35AED,0.6331313278500722
CC_1CC11BEADBD5,0.11277145933925303
CC_1CC3CE396A8A,0.23769884405275335
CC_1CD2B13C2E6B,0.08068701748202949
CC_1CE0B37CA670,0.07034983040021983
CC_1CF5A99FC068,0.12888122181604
CC_1CF71AEB6671,0.06332345124799321
CC_1CFE066F5EE4,0.1949537505022128
CC_1D00B360809D,0.055293212025597074
CC_1D1173F82F2F,0.10563068427419788
CC_1D1E06E0B393,0.15884351081860337
CC_1D2789866B1B,0.07334963033660857
CC_1D2DD7DF781A,0.1893525575634794
CC_1D313498A2DF,0.1734639176711973
CC_1D68396533F9,0.3382697080185745
CC_1D7235BA1EAF,0.18135222781490506
CC_1D7ABAF9D080,0.03943629690634627
CC_1D7FA51D0D7D,0.4746856407364688
CC_1D8CFB3589AE,0.0544712348285018
CC_1D9421A6EB19,0.3312588162322806
CC_1DA0AC68719F,0.3447137979326676
CC_1DA366D588B6,0.10479250296923374
CC_1DACBFE0296C,0.09856199854308897
CC_1DBD6A716910,0.6326915226347852
CC_1DCB75B5CBDE,0.33267846436870924
CC_1DCDADBC0E90,0.40841270854810563
CC_1DD11FAF43E8,0.12118890953409794
CC_1DD8064E71C7,0.15890641378352788
CC_1DEC926EE25C,0.11044362192711239
CC_1DECBAE4FC5B,0.06289480399259106
CC_1DFF80E6D4DF,0.05884895027843593
CC_1E025C3597E7,0.2275525005464411
CC_1E082052CCBA,0.6315140153386152
CC_1E0E30441DD1,0.19548352683330228
CC_1E20E200611C,0.1390237874535033
CC_1E354C75EB9B,0.02479824314785046
CC_1E3B2C15EBCD,0.17869601446305822
CC_1E4DF11FAF55,0.15662899731090324
CC_1E4FE60DFD8D,0.7431351144368538
CC_1E5A648D299F,0.18061973229499922
CC_1E6C0A8B3841,0.6355282722041702
CC_1E7FA6E807A3,0.21952490030777555
CC_1E93F760EC93,0.2630474894634611
CC_1E99F40FA03E,0.05612457704223913
CC_1EAD09DBC23F,0.1947358825883191
CC_1EB3D53252DB,0.24058263385085893
CC_1EC889E04D69,0.09854590476136063
CC_1ECCBF6853F6,0.47821685632010197
CC_1EEC4520436C,0.18708831758318525
CC_1F2827DC99C0,0.15900250062164847
CC_1F2C184C5227,0.07546371773538613
CC_1F3FA8091B02,0.1317615167561913
CC_1F4E07BFDC8C,0.0450278318585821
CC_1F4E0E9B54BF,0.057030892915255586
CC_1F55738A6A27,0.34248377319954376
CC_1F65276D0EF8,0.11027052589559934
CC_1F65C797BD40,0.051945220692789076
CC_1F668C0AE868,0.0877985437168831
CC_1F6B19A04BD8,0.03920085949065719
CC_1F945A60367E,0.4481305077653923
CC_1FAB6F11DFCA,0.6975588117935972
CC_1FACCCE95224,0.26738129386980825
CC_1FD010E5EA82,0.06289492125354716
CC_1FD2B7BCCD20,0.7139529794346867
CC_1FDAEC3D5CBB,0.10635894986695071
CC_1FDC65FE3DBE,0.13368807325512244
CC_1FE696D8A81B,0.05320731773414508
CC_20027685F59C,0.7642786314103089
CC_2009F3D77774,0.12884265262754616
CC_200C552C40F3,0.11105098750196463
CC_201459527065,0.11073086621591435
CC_20275029A688,0.08260868312343125
CC_2028DA597C34,0.20268965235708714
CC_204E557E5046,0.3722792710687766
CC_20542CFCFB39,0.039435709379060664
CC_2060F813C9B2,0.25795312484396
CC_20813A9A7F71,0.09566921657224489
CC_208429A11E2F,0.1705772597041253
CC_208B0FE7CBAD,0.08606558906991048
CC_209A511030A7,0.03148962875401713
CC_209DD60421B5,0.06382044846746268
CC_20B26D646D62,0.16050544984418677
CC_20C47966B174,0.1958378717326089
CC_20CFE9681E4D,0.07762172874773478
CC_20D4DB0F3E3D,0.031846032069497876
CC_20DD84CE3CA0,0.09655418505163718
CC_20E57CA675DA,0.611947504741361
CC_20F129FFBE00,0.23229967918844863
CC_20F4E0F62D2C,0.06038765461413889
CC_20FEE0B2130D,0.6093781161261268
CC_2111B298C212,0.10312467908428377
CC_211315AD7633,0.18972744398355496
CC_211504721E27,0.1372216349573987
CC_2119919BCB4F,0.7979822397559599
CC_21375C9ED931,0.19618570353781978
CC_213D2A5355FB,0.20788110359647913
CC_214B50E48E94,0.1555602903788094
CC_215F86D986BA,0.1386032638328425
CC_21600308F496,0.03796446295576286
CC_2166F3F6344B,0.10213250570887375
CC_2168BBB42053,0.1256361407166553
CC_217030CE0127,0.03555431115747967
CC_2179067B405D,0.03473983465113183
CC_219B59B67193,0.20399483078251973
CC_21A9E8DB58FE,0.12091900778451492
CC_21AE679C5E95,0.2242768025698608
CC_21B98D13174C,0.1051356061012251
CC_21C81BC15002,0.08559171785169843
CC_21C9B26CFEA3,0.06004779735917165
CC_21D22081A4CA,0.7529003239860786
CC_21D29CD736D3,0.322657093103939
CC_21D3CEAF838E,0.18458990990670948
CC_21EF792A3811,0.6416688374904302
CC_21F04E996723,0.36547559247565614
CC_21FB6C8AB8BF,0.45903771838365104
CC_22067686F6C4,0.7082853568068951
CC_2207A39B7BB8,0.11767810253551804
CC_221053121AAB,0.1788007271867706
CC_222423774191,0.06588644472495415
CC_2230EFBC99AE,0.4336088499955792
CC_223BDED2A465,0.25397845092469407
CC_223E3CA7A07F,0.1815965288739632
CC_2250B42E48B2,0.11106635296177961
CC_225935E43583,0.12462793170962491
CC_22781E93CF84,0.17360438717700855
CC_22784AF3CB6B,0.43167772612238986
CC_22831690395E,0.22941008256402692
CC_228E6CBCC935,0.6147947504515213
CC_229338EBBA6C,0.08705001984574079
CC_229A63057E54,0.488141423075263
CC_22A2D8A4B437,0.08365637086174023
CC_22ADE1EE9BC7,0.12962352856609247
CC_22B69E7C415A,0.03101922391853034
CC_22C590B43FEF,0.3073098672098965
CC_22F06379D8FD,0.025434518156364425
CC_22F282264A1D,0.12121992281746544
CC_22FBF5F0E1C0,0.22794454874020348
CC_2302088175A3,0.24218994615772838
CC_230672EAA654,0.02737537411463196
CC_230870B121F6,0.15190457002902036
CC_230A051B2B3E,0.04299800969810185
CC_2316F57AFB7A,0.08219983185502501
CC_231D091FCD1D,0.04482893822597681
CC_231FDED1781F,0.25176895148515493
CC_2320053D1183,0.04533405891137224
CC_2320AF507566,0.1827956034457467
CC_23321FF41C3D,0.22330882454568401
CC_233470D6BE72,0.6427769375005875
CC_233C8EBC95FC,0.40521878990908167
CC_235F99F13500,0.16355487881210423
CC_235FC02CA52F,0.20795498676284613
CC_236C80CAF53D,0.19617203320148355
CC_236E7222D97C,0.06950512436536756
CC_237B86FDC93C,0.045341459950895176
CC_237E7EB2D7D8,0.08390816041124974
CC_23830081EE1A,0.6317643522573619
CC_23894AAA08DB,0.48082602711371153
CC_238CBFD6E20C,0.3781581488186166
CC_2392A4A79C9E,0.02921327062670835
CC_23A474D43C73,0.2067971345912945
CC_23A9CC59BA0D,0.01972843021519549
CC_23B158D8306A,0.1299703321278651
CC_23D147F1870B,0.17024262477363206
CC_23D2E73DCFCF,0.1266465935636264
CC_23D9103D1EAB,0.025548537992131526
CC_23E142182F2F,0.6909505188588719
CC_23E43713A108,0.03326377751706187
CC_23EF2911610E,0.492507538530919
CC_24056B76BD7D,0.04130124437038764
CC_2416ECE66177,0.1328200415874253
CC_241E65816FC2,0.07165761437124141
CC_241F7E97FBDD,0.042745370891076884
CC_24217201D7A1,0.36771327701599676
CC_242301FCCE50,0.03742335711905566
CC_242C69CF0B12,0.10718649844432927
CC_243B23702DC1,0.1848433900249814
CC_2456B9C796E4,0.11978019618462042
CC_2457D89CB88B,0.6129971411027128
CC_24667210E2AF,0.22098957963717805
CC_2468D206CAEA,0.056264652737857135
CC_2469630A4F86,0.3340893662822736
CC_2469D83D9594,0.02893992684014606
CC_248C65EF54A5,0.6383437362136317
CC_24BCCA7941E8,0.09041964661812821
CC_24BDC1CE2A3A,0.19817668714789036
CC_24BFCCDF957C,0.041272939595464825
CC_24CC8A1B1CB7,0.11931080609301686
CC_24D4B1852554,0.20720565802746788
CC_24E65FA5A32E,0.15174610723004803
CC_24EF3EDB6857,0.0313667279376691
CC_24F15A19D648,0.1629358407839281
CC_24F2410B5A19,0.1411790176755309
CC_24F27E7DE1C6,0.4639409455801493
CC_24FFFD0C983B,0.02844207753995014
CC_2504E9D5D5E4,0.13080638293223634
CC_250F6A0DB62D,0.05116727185689771
CC_2520E13DF0A2,0.7204120221565642
CC_2539C315029D,0.28850991663177944
CC_25519ED78507,0.1792505521684926
CC_255D49296DB6,0.12041171465884565
CC_255DC60FF5BD,0.036853882657244805
CC_2563C9EF9D55,0.05224771677151436
CC_25756EB9651F,0.11796963347871384
CC_257CC46D379B,0.42631924847908775
CC_258D5F80A933,0.6905264833885243
CC_259D87270257,0.24287413292113702
CC_25A41AB21C94,0.22757952055072028
CC_25ABCDCC8B71,0.09790485155903554
CC_25AF0D0569B5,0.06576357499603172
CC_25B61D393144,0.1548778589852856
CC_25B95D7288CB,0.402019544902981
CC_25CE2F2F13BE,0.21507526722112444
CC_25D1A5971976,0.3449593034274846
CC_25D411B46F00,0.7552116134207398
CC_25E7A2DC5E41,0.05381147935190902
CC_25F4C8E51AC2,0.5212644621174607
CC_260323EFB122,0.5602105095128699
CC_260F10484312,0.05620347491108671
CC_2610D0F1D0A7,0.18460972508012824
CC_2615866F35A2,0.09241816169388081
CC_261DA4E8DBEB,0.11342742469773981
CC_2628F00B0745,0.3849339227637334
CC_26338E9AD15F,0.1341441385433061
CC_26346B99BDBE,0.661517769050801
CC_26351DBC1AF6,0.1157244878183907
CC_2637397AA3F3,0.610048407651688
CC_26675C32611C,0.6741466727918262
CC_266E49E49071,0.18572938138557743
CC_2696368A4DC6,0.026421379679513073
CC_2698641B68A5,0.15141642038793093
CC_269C5AE6A1A3,0.6775412684101397
CC_26A06AD1206C,0.7607158004783902
CC_26A358B0C10F,0.1516793386786503
CC_26B07CB02EA3,0.5730888319441323
CC_26B638BEA8CE,0.12122436817574381
CC_26C33B649FC9,0.05170484601117675
CC_26D5B969A36F,0.32770171835549566
CC_26E3A1226C2D,0.15451881145620947
CC_26EEA3F0224A,0.25658733686790997
CC_26FA5E5A718C,0.13167990544568636
CC_26FE119D4919,0.04873652107143487
CC_270B462BAEF3,0.02574264833923019
CC_270D929FEA9F,0.07506793997041786
CC_2731AD82BA11,0.2009076824577392
CC_274144AE3E86,0.13386421525798492
CC_274AE6E82879,0.14280175533110287
CC_2757A490C5E1,0.08088201608062288
CC_2766F6011BD0,0.37713791814010605
CC_2768E644C697,0.04329482406572771
CC_2770DF70328D,0.06581292273726448
CC_277503968C44,0.5082726620173512
CC_277CE974AA8F,0.2749478461605857
CC_277D246E39B9,0.19597081963806096
CC_27A1CC725B7A,0.05929012903043933
CC_27A798829CA8,0.76848618509788
CC_27C938FC8DC6,0.47291998980292316
CC_27CA2D819E7A,0.060617183712290676
CC_27E3712F0E38,0.1245993614935543
CC_27F3B3F43FF9,0.029663255896403715
CC_27F9832EAB8A,0.462294016668252
CC_2809CC131F3A,0.6668784664129145
CC_2812523510C0,0.1551525646920022
CC_28151C75756D,0.0398890571638251
CC_28203CC976F9,0.10135990702794556
CC_282AFAE06F96,0.08682689169276925
CC_282C2404F4C0,0.07188358012113615
CC_2834BA2F19FC,0.2022276663400063
CC_28432E22F47D,0.5782711218805505
CC_2844882CC439,0.04792066319074964
CC_284F79726032,0.4041170544524778
CC_28544783AB15,0.476983498788267
CC_2856104729EA,0.6949280718635845
CC_28625CD86761,0.16751343678348396
CC_2866BDB46FB1,0.08769239667753662
CC_2872415C6B36,0.06883805046890606
CC_28752737647D,0.6362360570090574
CC_2875C281EE88,0.050278489115353764
CC_287E3E9EDAC9,0.07294575054371479
CC_288A2C49D62A,0.044122107558505194
CC_288FA8CD819C,0.18454975054380013
CC_2891894CCED4,0.06685794453708292
CC_2895608A9699,0.14297269809183302
CC_28A2EF7926AE,0.5912586387743768
CC_28A7DBD2B710,0.1592938387711772
CC_28AD81DF2C51,0.11963192489891666
CC_28AEC29CEC25,0.1586456517502752
CC_28C1C3DF7928,0.09335146536682147
CC_28CA76962EC8,0.17467423843641178
CC_28CD47803B6A,0.06831951995851714
CC_28DF569DBBE5,0.07434787411402274
CC_28DFE611C657,0.0947146752874727
CC_28E11E6A6C8D,0.16077842349977028
CC_28F58ADC7CBC,0.12065922483257495
CC_2916479EBC84,0.12186694489709352
CC_2917C6CB0B2C,0.14695901354842641
CC_291C7830D4B5,0.3751457273151126
CC_291FE1744E5F,0.0684982911284549
CC_293124F1ACD1,0.1236810116700529
CC_293C2D704AA9,0.3528811356542813
CC_29432A6B2555,0.11680622475519094
CC_2944B427406C,0.16385960247791692
CC_29468B7035D6,0.12444422355336845
CC_294A9A24E473,0.041022473696153236
CC_294B94EB0E07,0.26201634410037555
CC_2967C29E4C3A,0.12514942097157267
CC_29716D5835F4,0.2072462920218227
CC_297179FF2BCC,0.40607109016084825
CC_29803690C939,0.21011927219454413
CC_29821539DC4D,0.1333684681539993
CC_2983C1D2A273,0.16415201932450324
CC_298CAC5A1868,0.6198524989470232
CC_299EBE0FB429,0.13537745780077312
CC_29A1C0073882,0.46841199717640536
CC_29B6065F187B,0.36312832300291636
CC_29BC66C10F87,0.6444371654709385
CC_29BF3C3D9682,0.16188928037174427
CC_29C4425FB2DA,0.19115170827051695
CC_29C5D0D72D61,0.11038703558385952
CC_29D65E313500,0.13460667409806146
CC_29FD856F47A5,0.7416753575544116
CC_2A097F88615A,0.08323128604661265
CC_2A0CB4CE1A48,0.20883075777239624
CC_2A14C1652D6D,0.22199081282708
CC_2A1F96F80938,0.1198161442628152
CC_2A23F71805A2,0.13449342258938082
CC_2A2BF2FD0498,0.1363109870791638
CC_2A358A1D3DDF,0.6439352722661973
CC_2A3E371F0DAD,0.25468683169341894
CC_2A423FC8A330,0.31066589691689434
CC_2A43368D54F9,0.5050232709079625
CC_2A47A21C0E07,0.6667645634693136
CC_2A4CB02E7A1E,0.12270587557313162
CC_2A510080BA29,0.1797789866979832
CC_2A5316E550F0,0.08008853681517984
CC_2A59695EF90A,0.5706159143614343
CC_2A606D00CC46,0.04544963200410787
CC_2A6C69145AE0,0.08656461011005792
CC_2A6CD71471A6,0.1132044990987969
CC_2A70D6EF64E1,0.08268454812736534
CC_2A844754AE67,0.622618541003694
CC_2A85A7B242FD,0.1647009477641018
CC_2A9A51067D7F,0.1433540725913307
CC_2AAAD4020436,0.19492463522207254
CC_2AB62BCF3704,0.07692170191597418
CC_2AC1C8DE5649,0.11520313130615786
CC_2AD10D78793D,0.7176154155121125
CC_2AD26446A7AE,0.038038457437827244
CC_2AD2D35975D1,0.09392699595117072
CC_2ADA07B0211F,0.29437365270260907
CC_2AED2D284351,0.321474638616879
CC_2B01FDE2552D,0.2384094777891669
CC_2B06DDFD7F8A,0.0654342436181087
CC_2B08FBC0A948,0.15579732382182152
CC_2B1914218468,0.7288820006540779
CC_2B1D93E12DC9,0.16429332001888744
CC_2B248C488918,0.0747248334049648
CC_2B256891C60A,0.6184531216168185
CC_2B2801591A25,0.4005147461670556
CC_2B2B7CF1E40F,0.11088482815488415
CC_2B2F4204834B,0.1840864256060993
CC_2B5443C7AB87,0.06212821641883153
CC_2B5D780AC244,0.6566966260811051
CC_2B64E67CFF13,0.049428904547616864
CC_2B6B872C8D21,0.06532068630375662
CC_2B85D931F011,0.07970960927194476
CC_2B959EF030DD,0.14695623426590543
CC_2B973D1AC16E,0.12050791819931486
CC_2B98983C2687,0.042124295466274234
CC_2BA581E7B8D2,0.09069116644128253
CC_2BB2C432C369,0.12192808251546637
CC_2BBE19587CD5,0.08418173691455957
CC_2BCB838A9581,0.14493733163826605
CC_2BD0E9336EB4,0.06481037594709615
CC_2BD1633FD528,0.08919229131650099
CC_2BD58FC8C2B9,0.0290212410800668
CC_2BD6083CAB0B,0.7832656555066349
CC_2BDD47B177E5,0.7861647201425266
CC_2BDE889EB05C,0.28043327871811585
CC_2BF8DB192A49,0.6188163041273316
CC_2BFDF46F3AC2,0.116220329268692
CC_2C00CF2FAE22,0.14132233577953052
CC_2C06DDBA1073,0.363502984792222
CC_2C16C7838FAB,0.8028491102507572
CC_2C263A1A732C,0.18610638275624397
CC_2C34105831A6,0.18818388482464107
CC_2C43FFA06F31,0.08638529141978829
CC_2C4DEE4CA1CF,0.05443985987685887
CC_2C56DB55E40E,0.08338443755845107
CC_2C59F565C183,0.13506298413810122
CC_2C7F54E56925,0.1705710448843576
CC_2C8CFCC646BE,0.026168312864858937
CC_2C91AB1DB754,0.05166884833863523
CC_2C93356976AE,0.3891268988815132
CC_2C9DADC294C8,0.06530460891708785
CC_2CA94231028A,0.26100338978588355
CC_2CC8CB17283A,0.19000518663133026
CC_2CCD42AA2376,0.1327163133397342
CC_2CCFE560A79E,0.06408432506999513
CC_2CED227E5216,0.11932813783495638
CC_2CF326E90715,0.03483404085038365
CC_2CFEA03CC6A0,0.6580728806596142
CC_2D1D032137DA,0.10365242662164818
CC_2D258781011B,0.1709909239379598
CC_2D30260A1CEC,0.20622876376314986
CC_2D35C002A9F1,0.14620771837472574
CC_2D45DEA4EB25,0.1399162532631806
CC_2D5494C13FFA,0.08400991342661396
CC_2D5EA2953E81,0.22301248724186912
CC_2D6E7894EA16,0.6606803434321946
CC_2D7DA36360AD,0.22152041358342775
CC_2D7DFEACA38C,0.2931145570580912
CC_2D836654A121,0.1504644588912908
CC_2D9CDFC6C57E,0.7283554730062158
CC_2DAC67585B03,0.20960932614754146
CC_2DAE338809DE,0.2862350514880963
CC_2DB062A18C75,0.49786881946565953
CC_2DB2C55CF89E,0.7812599837083776
CC_2DBCBF870292,0.029964990682946134
CC_2DCBC03B4FA3,0.7471682034410798
CC_2DD78131B5A1,0.11035769460929352
CC_2DD7BCA75AB9,0.12344521076305559
CC_2DEB49017220,0.09875148203217227
CC_2DF6C71ED372,0.14162830206685556
CC_2DFBFA1A4FE8,0.14511055387448657
CC_2E12A41F7733,0.06800634156280595
CC_2E1A348EB1E6,0.11753822437750247
CC_2E23CB0F6F7B,0.35926379528361085
CC_2E3634587158,0.0521891331435094
CC_2E3F4B14D8DF,0.36138450780986126
CC_2E3FDDBF4F48,0.19013874141246742
CC_2E61C46BC16A,0.15746052775501493
CC_2E62AEB14351,0.30729386989935376
CC_2E6F1C0ADEB8,0.18005185845623312
CC_2E7415FAB62E,0.07396524412097692
CC_2E77F7444FDF,0.03391670960617296
CC_2E78431BE3DB,0.07679126980812181
CC_2E7D44FB8075,0.14876274224788774
CC_2E7D8539BDA6,0.2985016687283811
CC_2E7F248874AA,0.717540208798057
CC_2E85BB8F3BB5,0.07853749374313641
CC_2E8897E4D9BB,0.22843928482755804
CC_2E8CCDE89E2D,0.23462919044587294
CC_2E927D910813,0.11000176516714444
CC_2E9891F5A2D5,0.13111173034857682
CC_2EA56A7EAC04,0.27328165725474585
CC_2EB45D13B248,0.12601008541216985
CC_2EC924B0EAAE,0.11498208895481649
CC_2ECC248C96B7,0.04193232991955732
CC_2ECF0C98B06D,0.3747038625109569
CC_2ED3F6481454,0.15799500740273498
CC_2EDDF0B40ED8,0.13302283395768263
CC_2EE2A139642B,0.13379555226186407
CC_2EEE072DA301,0.19520270494736935
CC_2EFEBB85DAEB,0.14378364689747647
CC_2F133BEFAA69,0.13383225344646124
CC_2F1AAE3B81F2,0.07918205482795782
CC_2F1BC47CC90E,0.03536381263243132
CC_2F2128FBBDDC,0.15081558086414787
CC_2F3D3342834E,0.06658688142355268
CC_2F42D39F710B,0.6323244706510333
CC_2F4AFE398419,0.6928426618460672
CC_2F4C24B38EE6,0.04928140081900122
CC_2F508C0838A6,0.08166244953818394
CC_2F50EC193942,0.2085368462360882
CC_2F5BD03D4900,0.06085789753291908
CC_2F73AF6728BC,0.03780909107497503
CC_2F7EBEAB9CF2,0.18334007372529626
CC_2F9AD2BC25F5,0.05924527140932626
CC_2FA3172ED3FE,0.6881089390079114
CC_2FBEF8808F48,0.1680036273276937
CC_2FC014F0EA3C,0.08887304603939089
CC_2FC3AD2EC986,0.24671216597654794
CC_2FCC82AC097C,0.2833955516913931
CC_2FE2ED7D464E,0.2715590476830138
CC_2FFCC9802D2A,0.17752495647672684
CC_2FFE32627DF8,0.20218739388910115
CC_300BEA90EF3F,0.15203942078048047
CC_3017B64D0364,0.20403209931628707
CC_3017E5E87C94,0.13915197254726935
CC_3028375CC87E,0.789783915865239
CC_302A48CFCEDA,0.06895886450469196
CC_3031F96196BD,0.3388798760256713
CC_30328ADA0AE8,0.09113584814095904
CC_30451015D913,0.023830184267969748
CC_305D33AC15A9,0.7468805854757944
CC_306015CFB66A,0.15089459356768845
CC_306413849CEA,0.41532319935135753
CC_306EF0BC7CB3,0.023186483030254286
CC_3075C5B861A8,0.097348817390801
CC_3083D9B76858,0.041082817532438164
CC_3096994A495B,0.19638016414328902
CC_30B106BC1657,0.17747404854785342
CC_30B967417C42,0.1928795831814718
CC_30CABAFF5453,0.07542242241365432
CC_30D68208FB23,0.3483365444334551
CC_30E2A90BACAD,0.16882992462690952
CC_30FFD856443D,0.6059437624210686
CC_311EF26786A8,0.08300407781057208
CC_3129843EADE6,0.6971124523418948
CC_312C34EF683B,0.04550224548967218
CC_31302B64C078,0.105894765870161
CC_31344A25B569,0.02397142857489845
CC_31397A399AD5,0.06901832293999283
CC_3145B5EAD7AE,0.21613867974036371
CC_3146EE0BF81A,0.13140294378074974
CC_314D02632843,0.3054944492715015
CC_315133406E42,0.23489190346430028
CC_3180D1C6FB7E,0.24456938012492935
CC_31827EE8A968,0.2947517959496182
CC_319BE06CC27F,0.03417653661713813
CC_31A0A97AFFCC,0.49322026330457897
CC_31B22116E36C,0.16229806107857955
CC_31C78D9B6494,0.3785094655341179
CC_31D3FA367B41,0.11201508524472535
CC_31DAAB3E6DA7,0.16128955028091416
CC_31E36F666FB7,0.07683866689103253
CC_31E72EA14FE4,0.10376025516178536
CC_31FC6DC9482C,0.2303456718477089
CC_32076DA6AE23,0.15043578475390806
CC_3209FA12D938,0.30465802422297383
CC_320E17F947CD,0.43187159541494263
CC_3223C706DD92,0.23546854817776103
CC_322EFB2E377D,0.09959178095148151
CC_3248EB928073,0.0724831682039164
CC_325D5DC52B1F,0.08150996582941032
CC_32662A6DB78D,0.1667263288385854
CC_328DD3BA068A,0.23031835023707387
CC_328DF7798F91,0.15481082633877924
CC_3295CFEB188B,0.08332529675604661
CC_329DC79286ED,0.6852728196202569
CC_32CB77D55C73,0.1253326167903298
CC_32D129B9E651,0.09030209107803702
CC_32DB12551D37,0.6616839903816818
CC_32F00D77D5CD,0.11374437967895393
CC_32FF5F6892D9,0.2109267800893629
CC_3301EF60877F,0.13181627583068883
CC_330F334BD816,0.10998497198272851
CC_331285B3494C,0.2075707116661188
CC_331364283D5C,0.11189729945530066
CC_331718E0F54F,0.1615220863623755
CC_33194D48FF66,0.07777111111994833
CC_331E8B8BCAB8,0.06200671833662893
CC_33254134ABA9,0.7809509019959154
CC_332E42439579,0.09722179138487876
CC_333102AB964C,0.14559256717004668
CC_3338AC0E8112,0.2541576525275715
CC_33656EEDE6F2,0.40990147183141085
CC_336777D934E0,0.46062179285993865
CC_336DBFE464D1,0.51046245191202
CC_3382BB2F3152,0.14104221325338046
CC_3387207793E4,0.032560432597115024
CC_33992C973839,0.2015667781926363
CC_339C36703675,0.0911676112706877
CC_339CA5814519,0.10077659764736618
CC_33B157F2A921,0.11667079368695982
CC_33BBD10F239D,0.06385424599083155
CC_33D3B12EE56E,0.08871069011885616
CC_33DB68EA27CB,0.09335342047685327
CC_33F0B95E70CE,0.22487302195893072
CC_33F40275D630,0.049432466736832756
CC_33FD5DE22692,0.07852628015670284
CC_340961106343,0.11396308230190334
CC_340BB1F4CEF0,0.13611007937631603
CC_3410B11F1FA3,0.1569999072296815
CC_3424972707B6,0.6485857207994778
CC_34452758A645,0.026721833097886685
CC_344D239879D6,0.13022993542740635
CC_34503B6891CE,0.21694252142644435
CC_3451722A3813,0.07082512405818264
CC_34517B513D8E,0.4673079157808439
CC_346ECB4CF2F8,0.09686917341588772
CC_3478E8B6B56A,0.0575885018422775
CC_347AFDE16722,0.08339508636706808
CC_347B1A01467F,0.040906075947965026
CC_348AA62FF484,0.2934925095093292
CC_348D3F098A4D,0.08778852981672312
CC_349290E4D0C9,0.13918158373470418
CC_349347D553D1,0.26315088051147206
CC_3495CE27BB05,0.2517587747523176
CC_34B10A654721,0.14718956073135575
CC_34BD2C5130C8,0.1200043923116379
CC_34C433439160,0.05819720745613975
CC_34CA271F73E3,0.3149645379975611
CC_34CEBEA3B15A,0.06752428414519776
CC_34E58CF793A0,0.1534469166757041
CC_34E6909B6027,0.5019251235647644
CC_34F4292A8B5C,0.17924767709701567
CC_34F6DD223594,0.04047354080368152
CC_3508A7A5E9EB,0.14726851679404754
CC_35094977DD75,0.14513025106853875
CC_350DE157CE6D,0.1587535714780645
CC_351BD5C2EE8B,0.01792125552970715
CC_35486249EDEF,0.19849620945540403
CC_354C9ABE6DDE,0.06102111489950514
CC_35578162927A,0.11480703464535429
CC_357C3E7518D3,0.7323434917951656
CC_3584C15BF11F,0.03200191031035546
CC_3588C5166872,0.08423190340909978
CC_35A68306B19E,0.2480595081046727
CC_35BFB3093D02,0.04252489256783065
CC_35C085ED37BD,0.5323090287043436
CC_35C695C13279,0.07102221983036892
CC_35D1668A4C13,0.21696976268392032
CC_35D27495E0CB,0.780868281064081
CC_35D562E1DBE1,0.6894338567331005
CC_35DCDC74A757,0.4665115487951339
CC_35EC2AB1D1EE,0.13766472782535968
CC_35EEB90317B9,0.603409412573165
CC_361A9EAF7706,0.28403851380361705
CC_361B968FEB98,0.2954744244615681
CC_361C9FA031A7,0.7637921955615733
CC_3620C5D1B3E2,0.057843558175914536
CC_3622D7221940,0.03368645785074027
CC_363175E92F74,0.3116370310687688
CC_3638C9146BFC,0.14898105872768216
CC_3643A4C7EC5C,0.05496492538665777
CC_36690A9AE112,0.736144855459629
CC_36719170F638,0.08140609084696998
CC_3673466BA7A7,0.07664014440739166
CC_36847054DF52,0.34823516698300283
CC_3691CE792752,0.7418484590408383
CC_36A27FE53743,0.5087817632286701
CC_36A3FB06D1D8,0.780880187603127
CC_36B0F2AD5413,0.055779337981743726
CC_36B1B7BF5F75,0.1645423248242182
CC_36B68E66951E,0.44040227830255074
CC_36D3F09AD810,0.4358714122600774
CC_36DBD8424220,0.5695140948702009
CC_36E5645D8018,0.08393193789248665
CC_36E6592E4E23,0.1696071370594061
CC_36F143AEC864,0.08820334844377814
CC_36F2A735DF73,0.1825636093272511
CC_36F81C003E8F,0.03001465606211807
CC_36FCD55EE425,0.5324810441455082
CC_3701D5DB7FA1,0.07727692175554722
CC_3706E1EB2587,0.5635807652770419
CC_370E0F8EF86F,0.5658774892270471
CC_371D47444D5B,0.698261381929741
CC_372CFE308EA4,0.6455311715820025
CC_3731D90357A6,0.24993365877255883
CC_37322F66C543,0.029949981101404656
CC_373539DE38C5,0.13117472651688922
CC_375225700242,0.3223752924356782
CC_3762D0B6F3C2,0.11292443321088441
CC_377A277E831A,0.1466631864802382
CC_377B6066B91B,0.2663972264571446
CC_378D71726B5E,0.07133123360758974
CC_37A46BD0DCBF,0.03624027279809225
CC_37B447368F02,0.7215912291425053
CC_37BFDFE369A3,0.21620528106107575
CC_37D09FE492BD,0.06853027833572105
CC_37D3F4C07235,0.289484585682318
CC_37DDACE48E3C,0.1255616500862486
CC_37DEF85C0A37,0.309325640041871
CC_38020CED9EEF,0.0814185208506334
CC_382207621EC5,0.8001675736760996
CC_38374AB27F95,0.07585841829229564
CC_383A5544DD5C,0.12632809494266917
CC_383C129A5B96,0.23531579252876367
CC_3847AAA649C7,0.11528717179754906
CC_3849D992C1E3,0.07766502621507274
CC_384BB17F0F0B,0.6170512485700413
CC_3851177E5E76,0.07200945925994323
CC_3862F88850B8,0.27741812555634676
CC_3867CFCFCC94,0.2379533791215966
CC_3872ED018F85,0.17595943699243705
CC_3881A587C072,0.13350893332618088
CC_3882F8EB5EEB,0.6110155259704089
CC_38911341EA6C,0.0847988112741584
CC_389E5B71E254,0.6044119360678233
CC_38A0DBCD3728,0.07050364666839187
CC_38B3E9142747,0.08720330728484393
CC_38C1B8860300,0.04670369454359401
CC_38C8CF250B60,0.027741410581982887
CC_38D32B790B4A,0.13798692415084018
CC_38EB304A9915,0.17974097018073493
CC_38F26461C872,0.7711618905641486
CC_38F942257E28,0.5367699714328427
CC_38FA5D78A8A7,0.048227960265964556
CC_3903D7BCCA95,0.05982509280014058
CC_39043D7ED04D,0.1926770360233781
CC_39098B256732,0.06209287148302277
CC_3909A2E4C679,0.1375975342573828
CC_392344DF8D55,0.3322825786474422
CC_392628C8AD47,0.09507536980269848
CC_39285F4C42BF,0.3894957237490573
CC_392A376EA1A2,0.09389667292338355
CC_3932E086F150,0.1700347361562476
CC_393D1D3640D0,0.06131011288863897
CC_3943B3490B49,0.6727760964140906
CC_394DE164DBCD,0.13501000201668767
CC_395600E84A54,0.12882907486829848
CC_395D181A7E1F,0.09714363064822248
CC_395E8CACC437,0.12973473089656146
CC_39635AC6A70E,0.05954414077946852
CC_3969352E3ABC,0.08855773333482485
CC_3985C0DF9CB5,0.5591003192568306
CC_3989F2C6A9F8,0.2032225570185359
CC_39A82672A1B2,0.0708624523730416
CC_39AA15DAE17D,0.6066619634984025
CC_39AA2A3D98CC,0.027761588560764817
CC_39AC257B00C5,0.09863348211664877
CC_39ACC63CDAEE,0.11302761905399655
CC_39CE40784C2C,0.19413622387604293
CC_39E1A306D418,0.13852033111870404
CC_39F2B11C46D7,0.07929103689571612
CC_3A10F5F50A27,0.04750826863998776
CC_3A27CF9D162A,0.5896279432603825
CC_3A297424A7F7,0.10893708771178812
CC_3A39F7930BF3,0.08898074459557317
CC_3A57566F9977,0.5931296164864132
CC_3A61121254E6,0.0433733804047639
CC_3A81C568A7F8,0.18611889962940115
CC_3A82E7050A4D,0.03426981195314982
CC_3A860AADE6CE,0.14834755499009117
CC_3A8B3FC29C9E,0.12575281184974332
CC_3A8E9056A5A2,0.08669762870540426
CC_3A9617A5777D,0.4360020023046673
CC_3A99D25777CD,0.13853830987828
CC_3AA9E8D01340,0.5578514271617502
CC_3AAEFC09C290,0.716431614370404
CC_3AB5E579843E,0.2614883323835538
CC_3AB77A30AD40,0.18122235525024094
CC_3AB7BA36A414,0.3252455759816274
CC_3ABA830A5BB2,0.11213323268031301
CC_3ADDDA550A57,0.10432590860729937
CC_3AE7B1151DC9,0.1290446530074402
CC_3AE9A209EE00,0.039458468334392836
CC_3B06FCD75C98,0.054810771428657326
CC_3B0722FB5E8E,0.2884934530987558
CC_3B1C51DD7429,0.16756018120752422
CC_3B1F4696D710,0.6207566014426739
CC_3B224413A072,0.25320128674550496
CC_3B35C3783CCD,0.2524271580359904
CC_3B3626F3DF9F,0.22897155627980093
CC_3B4405C7E486,0.5647470027910172
CC_3B4C4A9C9D99,0.26293558678579565
CC_3B72F0E9E3F8,0.21959841439391295
CC_3BB02A95C6C1,0.7310333593438292
CC_3BB8B675C2BC,0.3769500032750147
CC_3BC51B069218,0.09917421976714097
CC_3BCA5BD201AC,0.17156302822573838
CC_3BCAC9793441,0.3094968524688774
CC_3BCBC867AC4A,0.036873421786228655
CC_3BE51412ABE7,0.43086498116329613
CC_3BEA98B401CD,0.6835075883257562
CC_3BED6DF1ABF1,0.16937036607245778
CC_3BF0BF7CF827,0.7820686781437912
CC_3BF110035599,0.6244685683412008
CC_3BF213810DEE,0.6869986459708799
CC_3BF21CA88D3C,0.45676022985928866
CC_3C0E29764C71,0.05615801859401699
CC_3C19509D4636,0.16129017940996454
CC_3C1B038BB068,0.16272010688714927
CC_3C594CADCA2E,0.1985633005145716
CC_3C5D909498F7,0.6433370373450713
CC_3C68D5179A01,0.11443055440041996
CC_3C83955704BA,0.7740974877663073
CC_3C93218F41B2,0.2899739716643594
CC_3C9CFC8FB4D1,0.7112517806191889
CC_3CA266EB55BE,0.11755931065354785
CC_3CE49C937F7C,0.08744275522476404
CC_3CEEB9C04F0B,0.391777756173996
CC_3CF504AD4DD9,0.06472807153888306
CC_3D1092DBC5C2,0.2160568774983559
CC_3D185833E7BB,0.03753632522027361
CC_3D2309981121,0.3276045664490222
CC_3D27A0086AA6,0.20133278749242411
CC_3D3BE7D0F4D8,0.12809779591888107
CC_3D412B5EA919,0.08265862487614282
CC_3D47650C6F30,0.062359122998543653
CC_3D55D1FD8457,0.05040294810489321
CC_3D599501BA76,0.07662058125051466
CC_3D6181EE3C87,0.6700660069578238
CC_3D65CC165F44,0.13521403121731584
CC_3D6CF6DB8014,0.37553489038552645
CC_3D7C14801D40,0.16901814677577787
CC_3D836BDBF866,0.6676058890968217
CC_3D8DF3A3DB71,0.7559818538966068
CC_3D9309851089,0.17463834398434144
CC_3D9ECB4274C3,0.11645103074415547
CC_3DC8A9A92802,0.311576707244576
CC_3DDD3813D1D4,0.08801866545074347
CC_3DF3FFB3CFC7,0.10661454154156484
CC_3DF88701601B,0.14941198595233315
CC_3DF91A482CFD,0.3181679377151194
CC_3DFD6349D046,0.6575206525558351
CC_3E0D54125AE0,0.17013157433982481
CC_3E10CFE1DD57,0.04293035690164844
CC_3E13CB98572B,0.13157824625071765
CC_3E142C8ACA6F,0.08808587078924225
CC_3E1BAC4E5B90,0.07276900675724642
CC_3E2DD0D1E2D8,0.1444232865327367
CC_3E403BF08A45,0.08729801495495923
CC_3E46368104AE,0.09526640263808571
CC_3E48A086B5C7,0.23673692578333894
CC_3E54451B0F6D,0.08641625149778248
CC_3E6335ED3F4F,0.076038436234827
CC_3E87A65C50A5,0.14881592384753922
CC_3E91109E2090,0.055592689300362555
CC_3E92A1EDA618,0.24798559311877655
CC_3E94684FE270,0.45748682770353055
CC_3E9DB402F352,0.14382005740944373
CC_3EB5A15A6C04,0.7999546408406828
CC_3EB8A9A6C49D,0.10904147482875154
CC_3EC96BC884F2,0.12079560039705937
CC_3ECA9E44B90F,0.2840476164692465
CC_3ECE4EF16A44,0.1584681260544965
CC_3EDDB8E70F57,0.20160861971431782
CC_3EDF137D0E1C,0.12849888582890656
CC_3EEEE844410D,0.35755950905042977
CC_3EF4F348C967,0.12320084799025299
CC_3EF91DD11A81,0.13502733655017018
CC_3F08C55E7A40,0.19118985456123155
CC_3F171CED0CFA,0.021784953663371222
CC_3F2544EFA753,0.13430231073626686
CC_3F28F3286CCA,0.07078832096908211
CC_3F379CB37B0D,0.19188060952692632
CC_3F42D798AB1D,0.6480641011024382
CC_3F48724540D5,0.16497614325598317
CC_3F68068E2D5E,0.10597773465766588
CC_3F7FBE71B77F,0.05287115256388298
CC_3F80017B8599,0.0437148144551628
CC_3F8B17953200,0.061350186503918755
CC_3F964BADC4BC,0.7393716177720805
CC_3F9767602FCB,0.1989567063202217
CC_3FA84F0B23CE,0.04280576119261653
CC_3FB4B189143F,0.14082096665165814
CC_3FB7C976EB26,0.4957157745314642
CC_3FBCEB2F36D5,0.13352824203923574
CC_3FC4FE843245,0.11851443615696404
CC_3FD52E32FE8B,0.6712137539549617
CC_3FDB44EC6254,0.05343079876890046
CC_3FEFBD6DC62F,0.23765402313474923
CC_4005466D00ED,0.31994679267446013
CC_40095FFBC1A2,0.05485584472632976
CC_400F1887A662,0.10643361748409227
CC_40133FF3069C,0.07855564331301543
CC_401C6F0EED5A,0.1097540931189028
CC_4021AD03FA01,0.11672841823510363
CC_402E91F3A56C,0.11840373753572682
CC_403754B6988D,0.11165836062502943
CC_4052DFCB1656,0.21793482569614808
CC_40579C5C13D5,0.8095159320853571
CC_406937FF97E7,0.08194092700909719
CC_406C4233347A,0.18659932146501446
CC_4073E42E11E4,0.24689683747821753
CC_4077BB12A5F4,0.09617403555531134
CC_4077DD5B5C4F,0.1143736252198162
CC_40824D899215,0.07227966466502966
CC_408D79189FBF,0.315193919346308
CC_40A3F1D5EA0F,0.3539372453276683
CC_40A852A592FB,0.10828834198933959
CC_40AADA91D560,0.19780521920592958
CC_40B39CB2CC58,0.028263516164147323
CC_40CE2030F058,0.05709779674389323
CC_40EA2F8481E8,0.1586469330740472
CC_40EFD7778F98,0.14702913602111572
CC_40F278D49681,0.27226901523040586
CC_40FFCF631F19,0.4070648772104245
CC_4101D1B82788,0.20862145967170112
CC_4109B79A4B06,0.034390582361226975
CC_4119348F051A,0.09724043876148906
CC_41206EE45803,0.06869792565003208
CC_412DF740DA62,0.1346084048318766
CC_413AB4CA7451,0.09979578559854457
CC_414C06C60FF7,0.7200296531662911
CC_414F50748A51,0.052770556594532225
CC_415C65EA66AA,0.04202973048829706
CC_415CED95F7CA,0.1324767570366977
CC_416584250060,0.09687418265757033
CC_416B3A1F0F0B,0.09451049482200655
CC_41735021FC7A,0.16987672718335825
CC_417858CD20F4,0.09748545960015999
CC_41902EFB3974,0.040690066449529355
CC_41A27790EFBF,0.12783755001890118
CC_41A4A223F39D,0.10087108241639096
CC_41B464757ED6,0.1258804227267141
CC_41D1A87E1136,0.4411877831674802
CC_420FE297808E,0.039623715467832235
CC_4211096D5588,0.14229215616287821
CC_421F4D78128B,0.47463381648709896
CC_422F2780C85A,0.3170551693715271
CC_423B0296BE24,0.07280061326251594
CC_423E78000AA5,0.14911429182215222
CC_4246081DD359,0.09415868438428011
CC_4249EDF2FDCC,0.7971474922982102
CC_42568C67F412,0.36161042382614544
CC_426A25EA9E21,0.7364213734601515
CC_427ECDDEECE6,0.2975060163550613
CC_4289EEC8F0A2,0.17811604957429525
CC_429A7158AD07,0.14730454528958292
CC_429C51AE729D,0.0348701181248002
CC_42A0DE1E5E80,0.07551708030649959
CC_42A7D0F5388F,0.08488330441771058
CC_42B23C8C9F66,0.19265052386923592
CC_42BD3999AC3E,0.2447870752403953
CC_42C95B199130,0.39887291685759263
CC_42CD6CE97523,0.4361412136895736
CC_42DA114F12A2,0.23659702413871864
CC_42E2736AA331,0.1936686997296071
CC_42EA825C351B,0.4481390127316498
CC_42F1B2B4D258,0.5566415547833456
CC_42F4588EB38D,0.2982892174983101
CC_431F29A12E99,0.23179965150770898
CC_432EB78A198D,0.2389136526952339
CC_43383344BC72,0.17749834687001137
CC_4339187DD10A,0.05747826675691474
CC_4344A2E7EA1F,0.5088172611212876
CC_4347468ABE51,0.5762814515518272
CC_434894BC2577,0.04664494256477388
CC_4362DB93FC92,0.09356133165888703
CC_436850DDC704,0.12940437579844025
CC_43698E2EEA0A,0.09890395175359107
CC_4387F73F131E,0.1440209772834489
CC_43A33C994C70,0.3536929020135083
CC_43ACD82B5514,0.28123396968227554
CC_43B37131B8FA,0.20519988478431775
CC_43BFCAF8BD20,0.1629296982301141
CC_43C060E01266,0.19723157262220695
CC_43C41AF27375,0.05223163912454022
CC_43C5AFA48B93,0.06215147786525578
CC_43C767A44C55,0.19046882054834768
CC_43DECAB53552,0.0409178512844036
CC_43E6D931158D,0.3596160680316894
CC_43E9F88019F8,0.05244108554789423
CC_43EBD6EBD675,0.06329409937519809
CC_43F81C577002,0.317460149443606
CC_443C4E041687,0.07200796188555902
CC_443F63BF238A,0.09721850017434347
CC_4463776F9AA1,0.08279450813377895
CC_446F1EDF03C8,0.05607215452170013
CC_447BAD4F7820,0.8234299845630244
CC_447D02F917B5,0.05354526294455829
CC_447E705746E2,0.15203599117405467
CC_44A017104F93,0.6574565897115967
CC_44A1E58CDBC0,0.0454326237994256
CC_44ABCC04C418,0.06666215083259101
CC_44BF6BCCFC2E,0.04464297576321935
CC_44D0671A3B87,0.12681818681963405
CC_44DBEE3A7D81,0.1886801225438952
CC_44F7DD6A88A1,0.20197078767225757
CC_45080C42280D,0.18780053925634088
CC_4524AD74135F,0.4702339274462121
CC_45262103231F,0.18785641938870107
CC_452D8C5D039C,0.7883208362853814
CC_452DECDBC90F,0.06190563074261994
CC_453C9B3A5992,0.5106658289253647
CC_4542AACA1FE4,0.10190394940860223
CC_455209549D3B,0.7931986424465026
CC_4555C804C4D0,0.06250496889893792
CC_4581E4190B2E,0.10060368612677988
CC_458912F91D6F,0.4237067542769154
CC_45913E1BE65C,0.31584656610420325
CC_4594791FB40D,0.10891832085351522
CC_459B49073E2C,0.34810197135207266
CC_459EA8E0E2EF,0.1334773247749248
CC_45A4A38557E9,0.1340694369750151
CC_45ACE2B1DB6F,0.052824140055491686
CC_45C1A92F0E8D,0.09642534085527293
CC_45D0673EDD20,0.15784074400036063
CC_45D70DC84DA0,0.10714374100296954
CC_45D96479EC1E,0.058011044867785334
CC_45E8597BF74E,0.06031259987248977
CC_45E97246F83A,0.3005992434149163
CC_45EC44761309,0.13344328069358058
CC_4603A6F83E2A,0.0562607051816956
CC_46045CEE8330,0.05142185089591505
CC_464E17187A4E,0.39720903411436026
CC_4659FB4B8536,0.13830703382596782
CC_465EF4F9B68F,0.1556293349192235
CC_4663FDE62E3A,0.2729369572578692
CC_466D54BE0809,0.07168610831831634
CC_466ED9BD34B5,0.06750405917616499
CC_466F7908E13D,0.19656106751697158
CC_4695A5525A11,0.1716788476994222
CC_46BBB8A4854A,0.04786462506104078
CC_46BC61EC8F2E,0.19215701972763605
CC_46C0DFA660B0,0.11878368121559657
CC_46C2DCF84CA0,0.09762288364974801
CC_46C38B9F0D8E,0.09672685284698204
CC_46CAB9AE7C87,0.5222983446884278
CC_46D0D1ADEA59,0.16558210949041308
CC_46DFC1AA0821,0.780315429138783
CC_46ECA5976180,0.12483571400865105
CC_46F5F6D27991,0.08557859880644408
CC_46FE9F226120,0.22419079524741656
CC_47130CC63FC5,0.1763624457111977
CC_472330768F5F,0.08232525734667662
CC_47292EBB8BD1,0.1253234201879958
CC_4734AB1281DA,0.05890934938060519
CC_473989E6BA47,0.2765658657706688
CC_473AE07014DC,0.17086595428405163
CC_4741EF45C3DB,0.21200800635356967
CC_474586BE49EB,0.14246749537529227
CC_47490BF44944,0.30851406385952956
CC_477213DAED38,0.0762955902200684
CC_4778086276B7,0.14283183024672022
CC_47910B073CF3,0.1631421644485098
CC_47939776FDF6,0.7119241007985064
CC_4796F6A64420,0.06271600877025581
CC_4798549B52ED,0.32202718454162327
CC_47A3714E7D2E,0.307066898479239
CC_47CE219EBAAD,0.16610365549639663
CC_47CF9074E03E,0.15589107400359464
CC_47E4537A53FD,0.14468113622022732
CC_47E8BC938FA1,0.13233294689572997
CC_47F134D17818,0.12959837911197336
CC_4812FBE05C7C,0.35766574865468065
CC_48152725FAB1,0.5517124269529926
CC_482256495FAD,0.6793279730049161
CC_4829FF15D21E,0.13576339484447386
CC_482D26D81935,0.6506222862325599
CC_4838990A8D02,0.05023195122140237
CC_4862EA9CD1DD,0.04734287899022678
CC_4862F8C1B0AC,0.08278684340468444
CC_486CD67D26CF,0.15755191441105212
CC_486D8F9AE549,0.3365396682481057
CC_4877D1BDB737,0.11891159687603589
CC_4885E34F0B26,0.12331588398842983
CC_48928CA8082E,0.15084391177005796
CC_48A74FF0E6C5,0.08216922733847432
CC_48E0791DDD62,0.07002448030070726
CC_48F620B6A472,0.10355057192986294
CC_48FDBB1D7493,0.1303267059548196
CC_4910EC928152,0.12904057430128835
CC_491C18C17767,0.05596370697634277
CC_492F65EF8D9D,0.7865690804621608
CC_493DDD53B97E,0.05129156567645497
CC_495F82AA5B9B,0.1592121579086305
CC_49618412FF86,0.07859289465222721
CC_496A7CFA344D,0.7662650616086715
CC_4983EBABAE3F,0.06572689392158607
CC_4992C1915957,0.5642782369953732
CC_4993B31028A7,0.08221885798296469
CC_49945441A644,0.16885268985332047
CC_49A80692BC68,0.10907059351659779
CC_49AB67613A58,0.16936862294270785
CC_49B05CADDD95,0.574510625107388
CC_49C6F9AD111E,0.07970213101796611
CC_49CEB94F0B3B,0.04143727565870835
CC_49D3A79B55CD,0.07240094122927862
CC_49D6671DAE8E,0.11410560924987828
CC_49E6C539B1CF,0.056018333351064306
CC_49EEDF0DA684,0.03077912891090743
CC_49FC290E33A7,0.18033489319029827
CC_4A01CF2F67D2,0.7350836958331838
CC_4A16DC668832,0.5154115093435347
CC_4A212461781C,0.06744553666455665
CC_4A237A8E6706,0.15277877121694625
CC_4A3DFA0E27A4,0.12698983668731695
CC_4A513D39DCE3,0.04205303929344469
CC_4A532B0E6165,0.17460777229922275
CC_4A5FA9F1C804,0.10178939161749151
CC_4A7BDEC665FF,0.05850029265771449
CC_4A7FC9B23222,0.3192365429930993
CC_4A8A7080FA25,0.26241825475356967
CC_4A8EFD589879,0.05613029851897218
CC_4A8F7D2B857C,0.15945087659435347
CC_4A91E8D4289D,0.39509843748167783
CC_4A93163A12F4,0.31216028916382554
CC_4A9FEF48EA65,0.11418860959286835
CC_4AA73D751AA5,0.31362572767690433
CC_4AAED0C85F70,0.14329402117614268
CC_4AB1DEF044AA,0.035917479296858915
CC_4AB5AE299217,0.20835154792769034
CC_4ABA0CDC2270,0.17236766937202402
CC_4ACFFC2F295F,0.6099440813159511
CC_4B0490BAB1B9,0.07643316305798295
CC_4B28B03CEFEA,0.0908742329159258
CC_4B420765EB9A,0.1089042145883841
CC_4B47C16D9867,0.118553639812694
CC_4B494C4D7D03,0.4184054452436645
CC_4B4C84B015C2,0.035220102371589436
CC_4B607295E983,0.040978265381190565
CC_4B6D24E81483,0.05921216723255681
CC_4B77AF6FAF2B,0.6673389403210259
CC_4B7EC3F2FFBA,0.05817300586500314
CC_4B85318DFA50,0.11350891504758888
CC_4B9B36B36DA5,0.7458441463991635
CC_4B9E0AD5D692,0.5225015470987016
CC_4BA041C9678C,0.11438845780417589
CC_4BB40F2129A6,0.10777187930184197
CC_4BB8FD274E2A,0.05238766695646914
CC_4BBB8118FBBB,0.14350049391190567
CC_4BC8CB91719F,0.127102653338699
CC_4BE447D54BB8,0.1673788339795528
CC_4BE85B1BDB62,0.3230451541382412
CC_4BEF3C7F6395,0.24608329260257072
CC_4BF03FF61B97,0.42464550968481796
CC_4BF4C38EAE8D,0.2244231883345303
CC_4BF95B8140C8,0.08834740809273674
CC_4BFE0CB61B5A,0.41329780666139154
CC_4C2A3F254101,0.37698729611818493
CC_4C351DEB6230,0.23173568589417606
CC_4C38031A2A9E,0.09350247269738625
CC_4C3E35875F03,0.09453693759429216
CC_4C4D79F933B2,0.11348575846437949
CC_4C56497F4AB0,0.6529437908641208
CC_4C827B493CFD,0.17486922170787256
CC_4C849C6073AF,0.12499708227925921
CC_4C869E6F618A,0.1400269617023885
CC_4CA21C15763D,0.12646121465375953
CC_4CB2F1CAE684,0.10859174740182137
CC_4CC0265E0778,0.04830416955592991
CC_4CC5483903E9,0.5342030128845933
CC_4CD7C76FE235,0.43832523460950523
CC_4CE2BFED4F4C,0.07668743019849313
CC_4CE751CB58FA,0.4105831420604973
CC_4CF3E184C500,0.03777128741611236
CC_4CF668E60D64,0.2517883612473012
CC_4D1A1AF53E18,0.036091231998003945
CC_4D29155FCF33,0.22759548298574814
CC_4D2CC7618AC2,0.5582982770484964
CC_4D350FF7402B,0.33569427789431255
CC_4D38AE84E3CB,0.1789610523034597
CC_4D4140E1056D,0.08194206510344558
CC_4D5545FAB130,0.5490849010489085
CC_4D55E218946E,0.08060329331526084
CC_4D5E14BD6AFA,0.09338084472705736
CC_4D78935D66E9,0.0600413126772862
CC_4D883AAAC6C9,0.025524165278743866
CC_4D8D8108C51E,0.6119659720233498
CC_4DB40331777A,0.8006805847987719
CC_4DBC8652D26F,0.09275304102890528
CC_4DC0E154EBB0,0.7103239986390666
CC_4DD5B8780C4C,0.10398422359434138
CC_4DE0070FF683,0.11998946821164477
CC_4DE688CDBC27,0.08650239527905197
CC_4DF37857FCEF,0.05948706626015571
CC_4E20F0249BC6,0.7618142510064617
CC_4E2F01B7B9EE,0.16193562798820646
CC_4E41C247B4E5,0.1428102783305732
CC_4E479F6989A1,0.06214937895910438
CC_4E48AF17BC29,0.07625385523126889
CC_4E6BE67E3C4F,0.03871994702930828
CC_4E70939C5933,0.47153635383738995
CC_4E70FB172717,0.18342342834672629
CC_4E726EE8C026,0.2175976248453695
CC_4E76F48DFDEF,0.09267241592044659
CC_4EA180B2B913,0.03277583667591911
CC_4EA67A160C3E,0.6082943879551609
CC_4EE41FC91AD2,0.20125948631174417
CC_4EFECC6C2E36,0.6622719817433279
CC_4F22CB97C34F,0.03375251519636113
CC_4F2444DC6C75,0.7869631331164451
CC_4F2B7F512DD5,0.06884656270343285
CC_4F504A9744FB,0.11378856636721338
CC_4F6FEE589187,0.14394593948466838
CC_4F71AAF96C32,0.0887544007363488
CC_4F76E57C55EF,0.3739895398666867
CC_4F88D3E5AA2E,0.03271680971054492
CC_4F8A4384F6DE,0.13131620375978292
CC_4F8D83DCCF25,0.21943086973981135
CC_4F956AA47816,0.7143230587468161
CC_4F99FCEA10E8,0.10818581771516365
CC_4F9F10A183F6,0.07884147649703707
CC_4FA766935F14,0.1220700672161915
CC_4FB0B9E398F2,0.31233947583459215
CC_4FD0DF6CA3AA,0.041529116930426754
CC_4FD902F7ADEC,0.08439901373642333
CC_4FF1155E3A6B,0.4039968863653042
CC_50103368F241,0.07812049723884382
CC_5012B9991935,0.10781688459880853
CC_50172FF2C2C1,0.12622745661025547
CC_5017C9BA7773,0.05034963149250542
CC_502C3D0EC4CA,0.12157188077776376
CC_504157951119,0.04828141571921865
CC_5042938B5A9A,0.4472930535897117
CC_504A57293FE4,0.7998987637992876
CC_505812CFE43B,0.353417769530595
CC_505A6EB06E39,0.2959249212723173
CC_5064CCE0EF29,0.22276024592880736
CC_507BDF639FB5,0.1724624753719729
CC_507E53684AB6,0.13986900678678063
CC_5087A0D1765D,0.21624054893151062
CC_509229AEC221,0.20325859251532202
CC_5092D3A72B03,0.24602793808034856
CC_5092DF691F74,0.5103087138827769
CC_5094BB59416F,0.20493035232177442
CC_509926B384D8,0.760023444358678
CC_50A6C96DA7D3,0.04472055588651527
CC_50AE75A10F3B,0.29261320292195275
CC_50D4BB93EB1A,0.06438105567083698
CC_50DF7B02E356,0.19950189690228892
CC_50EB53CFE7F8,0.051226136590670004
CC_50FC7D563CE4,0.16630790112485067
CC_5100E6EAA3FF,0.1820886245109158
CC_510F2944B2A0,0.13452052006308265
CC_5128881AAD54,0.1461066333660443
CC_5138941DB7A2,0.12251363249104641
CC_5139EF8BEAFB,0.13903177569570768
CC_513E5EEC6B04,0.11243584027953821
CC_51427EF15375,0.2855731108279326
CC_5147B281DA64,0.39187385367325756
CC_515D968ED36E,0.0778092437730715
CC_5176FF858154,0.09923920695854138
CC_517CB40FB016,0.07735266871443396
CC_51884D5F3E4D,0.10525195637987261
CC_51AE98263438,0.13626922535554503
CC_51C9CE782368,0.17920577604189156
CC_51CC80D1570F,0.05081245570036397
CC_51D2E3476902,0.0639713324187504
CC_51E05E706D64,0.12203965931939462
CC_51E5A5E9801C,0.052053716691207466
CC_51F5DA44F9A0,0.3830148980074449
CC_51F6BDD355F4,0.04275629852148419
CC_51FE657FE212,0.07863245445910358
CC_520950C9BAA3,0.054977712964157266
CC_520B1D31AB99,0.11131997755578524
CC_522550E1761D,0.7595491888026863
CC_524CD519E76B,0.0856511085857781
CC_524FE9E3DAD3,0.4475809034890571
CC_52629A025048,0.11335543333893769
CC_526765FC100C,0.2245558059217987
CC_526E56249FFA,0.28580842551165375
CC_528B42A34966,0.25497821180315455
CC_5292B36E4882,0.22490652113532258
CC_529A2F110236,0.12541883245784058
CC_529BC4ADAD6A,0.201746419494628
CC_52C1C5A6F887,0.08951150798237076
CC_52C3B674FDFD,0.21762629138933506
CC_52CCBB8F9964,0.08105236788562012
CC_52D21FFA24DE,0.7396820176796354
CC_52D32EDBAA78,0.1939929551582908
CC_52D7821A8363,0.13344044064410232
CC_52D9087EBCD6,0.7908657610644991
CC_52DD62E1AC2E,0.19740555121296427
CC_52E8B04F0FA0,0.13880452059663867
CC_52E965E9E2C3,0.14644988648902635
CC_530BA492842A,0.2957926260356725
CC_530F6E906D6B,0.04181735419893148
CC_531FCFBE3B13,0.08946372203538963
CC_5320DFEAD897,0.1771258479190546
CC_53319AE7B829,0.6505868338541556
CC_53481151859F,0.042214886339403845
CC_534D4FC05F82,0.17697899582145332
CC_53687DA8C9E5,0.354740405293159
CC_53795A7B7751,0.04628327620603952
CC_538328A6B3BA,0.4553648885972862
CC_5385266461B1,0.18042013541213253
CC_53891CB35BF8,0.15453707036576275
CC_53A6E1083B13,0.06480013855950682
CC_53A77DA726A4,0.06870040685941507
CC_53ADBC2F6E34,0.23007660597818796
CC_53B249809561,0.09365242348822098
CC_53B2DF5B019C,0.04951458694679297
CC_53C1F3E031A3,0.16749484021804545
CC_53CBF2E8AD05,0.4156888159192997
CC_53D04793ED9D,0.06940789346602338
CC_53E23A9B6F74,0.056468506576245095
CC_53EB59C99100,0.42577243131793024
CC_53EB9AC04311,0.11274940638756156
CC_53EC732C9B30,0.02710774895788055
CC_540122E71534,0.12627639707709593
CC_5405C89DF8BD,0.696929660833732
CC_540D69F5BA23,0.13431035727798468
CC_5414446319CC,0.689940617256333
CC_5418410F95A2,0.07796486565508982
CC_5431A01C30E4,0.07993271329481796
CC_5452437FC605,0.40109876270313244
CC_5452979BF98D,0.057472778340265235
CC_546EE83F84A4,0.5201572296625208
CC_5473268241FC,0.15505646848061483
CC_5474EE64D859,0.2705422176656901
CC_5476E2B2FCA0,0.13522772471255629
CC_54892024F98D,0.1905647116346288
CC_54B33C66DCF7,0.09049138404412688
CC_54CF66B660B4,0.4427423638020369
CC_54D3A35EC69F,0.06531272895737511
CC_54D6AE2665AA,0.10250978505752817
CC_54D93974E62F,0.30626885984865915
CC_54F5F552A0F2,0.11912036859434957
CC_54FC3B361BDA,0.09481713052946182
CC_550135E8FAC6,0.13326769860132193
CC_55020AD0D117,0.14314279395464907
CC_55094AF7EFEF,0.1002949846711477
CC_55126E23462E,0.029837200758229453
CC_554C21CCAF3E,0.1202408795459906
CC_554C912C7DBE,0.06088465037010909
CC_556B02A2B401,0.25636241681147603
CC_557A0B0CD0F4,0.17934261323816048
CC_559A14E729EB,0.3101119887054323
CC_559F0DD4E4A7,0.3026175972570625
CC_55A82B4E57F6,0.1366869835826393
CC_55A98ABE4C75,0.1283972427604444
CC_55A9D45EA466,0.03562573397635122
CC_55CB872FF50B,0.2526991429940556
CC_55D9E3D58435,0.16484598703919365
CC_55DFF3C3BB46,0.07513136737265168
CC_55EDC3996984,0.15405815893133012
CC_56013299D8C5,0.09105271200845569
CC_560B519C1F50,0.0795634394889172
CC_560CABF0F5D0,0.21639378296537698
CC_56178AD87948,0.23639866773044543
CC_5619A7BB54EA,0.11425027679727726
CC_5624319D7B28,0.10248781869271767
CC_5625119D6C37,0.19621386394159707
CC_562BE7245E1B,0.7053079979246277
CC_563684010DF5,0.5864896080457014
CC_563EA9A29338,0.10280071005532801
CC_564590AFB575,0.03228317427554913
CC_565E01191BF6,0.5949944929652662
CC_56612A039382,0.06220778165777457
CC_5665FB827721,0.566122438152668
CC_566932C3CC97,0.10005546374987001
CC_5671D59B2A51,0.11773377238975845
CC_567E7DD24A97,0.08713215382759225
CC_567F47F37683,0.03462127440816245
CC_56847A91065C,0.09502500180092424
CC_5698480F8634,0.05393672809308041
CC_5698B024CECC,0.5839146599779853
CC_569DC051A2EA,0.10151353467604815
CC_56A322152604,0.3263166556358702
CC_56BFD9A8335D,0.3334069408998342
CC_56C9379BADB6,0.029850050620023695
CC_56D410FD8F56,0.3732471954525939
CC_56D4549919EA,0.1657392350797674
CC_56D918CA6353,0.1194493618829334
CC_56DB30CE666D,0.18245420000072346
CC_56E760C3206D,0.24103159020866355
CC_56F73F905615,0.8273744244999661
CC_570683C088DB,0.15141746661016514
CC_571C6AFD00ED,0.3554471325928187
CC_5725663C3B89,0.11657911325300661
CC_57291D7667C8,0.14737740005027522
CC_57313F6E7927,0.18436398625532255
CC_5735F9B859AF,0.6267963569843327
CC_573B34826B2B,0.6354038922602836
CC_5744447CAF7A,0.06204961739248323
CC_574CC0FC7B05,0.10103878260593452
CC_5759E2982909,0.06164986779748527
CC_575CCCCDD7B6,0.6155130853275057
CC_57603A37D19F,0.03394851734922621
CC_57639D4995CF,0.21096946802887664
CC_576E6676FD55,0.06080710294224018
CC_5775C148E05C,0.11127226278144378
CC_5798E560E9F3,0.769789046850381
CC_57A486F61065,0.5606410425861779
CC_57A726458B99,0.054410173032276896
CC_57B0D41BD7D3,0.34708112612893627
CC_57B501E60C35,0.07350904316196087
CC_57CA90509CB1,0.724644622015854
CC_57CB7673547B,0.07225026114802943
CC_57DE479CB61A,0.7393399145349634
CC_57E7F1A6B895,0.029169449109464386
CC_57F13C4115FA,0.3334598051994588
CC_57F480CA9A42,0.08140289507243302
CC_57FDFC6DE726,0.2784815322524105
CC_5810468B76BE,0.14067620308697926
CC_5810F212B2EE,0.32682322160451693
CC_5817759E7007,0.13404306477395786
CC_5818B5089B3C,0.10581502761275854
CC_582C78363EB6,0.091560480222933
CC_58391600720C,0.12289828823159835
CC_583D7B177F85,0.07927258381140612
CC_584C11014F63,0.13668018420290368
CC_584CDC12578D,0.05659557994682575
CC_5852F443C55D,0.07388280680174798
CC_58565AF0F70A,0.5364651972175442
CC_58568DF9AECF,0.17890314936597482
CC_5859EE6309D5,0.4604246359574171
CC_5872B45E1C19,0.7407715762275889
CC_58797A417EEA,0.20623626172125326
CC_587A4844B482,0.2054404778359818
CC_587C0CC3DD82,0.6611813014806935
CC_5881A04052CE,0.08912711376875264
CC_589A4E02EF81,0.13352505250773583
CC_58AB46E5655E,0.142814711192528
CC_58B0CFC9F3D2,0.05114042858306231
CC_58BEFDA6B4C6,0.1165505965313699
CC_58D95C7247D5,0.04466400278045237
CC_58DBF3409D48,0.05937631014221989
CC_58E35A47B880,0.16318929967021484
CC_58E40EFF57CF,0.39408087376466516
CC_58F551219BD6,0.039948291131574956
CC_58FA76C6C45C,0.5758614999870774
CC_59018149723B,0.053122986285512576
CC_5904459ACECB,0.7803321021354146
CC_59088B2886E8,0.033180392732533655
CC_590D2E0AD18E,0.5886588873250033
CC_59146CA05E8C,0.0629041806097123
CC_592592397DC2,0.530928439536711
CC_5926F5B4E054,0.16278603716041407
CC_592A5A163624,0.31927888932274806
CC_5941C323917F,0.06812128096180368
CC_594E4E86A1C6,0.22215113310158704
CC_595ADAA76A32,0.0765334566381238
CC_596A20270C3D,0.1595198259865507
CC_5970E93E11DF,0.2552068996731215
CC_597AD111527C,0.11365769826285374
CC_597FDFFA265C,0.0834405343395028
CC_599C287D2BAA,0.3880506075234081
CC_599E345094D2,0.1358038081773862
CC_59A4741B5A92,0.16948130184512863
CC_59BB3A5BA2A3,0.5721386024185338
CC_59BFD1200F6B,0.16879781320206766
CC_59C07CCAF4E0,0.21947462741631932
CC_59C49474B501,0.1302156982225101
CC_59CFBC2CA471,0.5812395202925252
CC_59D62BE0C0C6,0.099139448183392
CC_59D86F572716,0.11474626977926615
CC_59DF71FBA4B0,0.04103000712466231
CC_59ECB7465DCD,0.05932307283039426
CC_59ED43A803B3,0.029843274371634778
CC_59F5E81F4EA0,0.1401124895837251
CC_5A10371BE7B1,0.8072259718882413
CC_5A2F9A594A05,0.5823060102139777
CC_5A38E46246FC,0.4127438368004419
CC_5A3F52B0A07B,0.20743334988933798
CC_5A5507A49F6D,0.09130263079897126
CC_5A58A5E6DE82,0.09625204369487186
CC_5A5BB6DC1018,0.18653911226541464
CC_5A5C0DF50E01,0.12062943847939213
CC_5A633C535360,0.09893877226204437
CC_5A67E62D8D5E,0.6314193009951141
CC_5A6BA0007593,0.12270899140648489
CC_5A7513434C72,0.03477676316474509
CC_5A756D8AE60D,0.22918008693022984
CC_5A7C13841B7A,0.6346864277617398
CC_5A7CBB6E8716,0.2203379862481114
CC_5A83A1E25A2B,0.3348110724765161
CC_5A86EB53A14D,0.7323812678344198
CC_5A89E13CE597,0.1532985569637601
CC_5A9466D0CF9F,0.1055402152188818
CC_5A95331BD0C5,0.11359989455190359
CC_5A9F63C3E428,0.06545385788088282
CC_5ABC76FF707A,0.05342179668255573
CC_5AD0F1B43457,0.1039904576011372
CC_5AD82250C271,0.03416187805158378
CC_5ADD27165E38,0.7074606247500099
CC_5AF32E5C8018,0.03549618842841926
CC_5AF3690FA0B0,0.18716296724785195
CC_5AFDFAA63B45,0.142890896158846
CC_5B025DA26FE6,0.046279887517408844
CC_5B07C7DE7E7E,0.22352386584570377
CC_5B08171A6880,0.16298590132571508
CC_5B09FB1A0BE2,0.06893787849810953
CC_5B0D6BA12702,0.45414847697154986
CC_5B0EF2D4C3CC,0.1642482357004084
CC_5B195D88C182,0.3745356651810742
CC_5B1F6FE71A38,0.05335055116883147
CC_5B247961602E,0.05616158030749028
CC_5B276421F4CD,0.03752247586622727
CC_5B289AFA1662,0.23941259596611814
CC_5B3A16421A31,0.048432586634304026
CC_5B3E78897EB7,0.06570240845191155
CC_5B480B44A9B1,0.11394515801202673
CC_5B546C3A21F8,0.17359277557228164
CC_5B5BC4023EE7,0.16083233254632257
CC_5B6D63DD34B7,0.08731008865031856
CC_5B6E868912E6,0.052952346547839195
CC_5B818D2581FB,0.14449975744714336
CC_5B82E8BB921F,0.28656683853094556
CC_5B8E8DA14EE6,0.16424392412967012
CC_5B900A135A69,0.07736311895530217
CC_5BB64BDF3C99,0.10301371601373024
CC_5BCB2C79D1CA,0.21161371359849507
CC_5C072DB8586F,0.052641583385613165
CC_5C0BEC2A0850,0.06385493977653167
CC_5C24010127D1,0.3349061203241887
CC_5C2DAF5E0EB7,0.42520931595843364
CC_5C3E8DB90978,0.1152956105387207
CC_5C4A7CE69975,0.2932207106145614
CC_5C5766F933B0,0.4855498665890253
CC_5C5808240054,0.08793029455149472
CC_5C5D6E15EA27,0.17348731379542365
CC_5C60C4545922,0.11402833322107803
CC_5C626D70F6D6,0.1459831470647593
CC_5C670F0622BF,0.05034947205882713
CC_5C799E57EF53,0.056527713566654585
CC_5C7B44735AF4,0.17157061180042635
CC_5C7D8DF047E9,0.16786653505637833
CC_5C80F394EFC3,0.12831743142247146
CC_5C99E6189441,0.10812433343888436
CC_5CA9AB4A6AB4,0.10936188634382238
CC_5CB78ADD2432,0.13656360483541113
CC_5CDE37CE08CF,0.04563589770270107
CC_5CE258D12432,0.33994378183310614
CC_5CEEF006ABF9,0.055840592687957324
CC_5CFD2850E277,0.23363200342071233
CC_5D01F71B9FAD,0.09916946294670342
CC_5D065A455A45,0.20121111443816186
CC_5D0AA7D4954A,0.22481808759402971
CC_5D242448B812,0.10935306673379151
CC_5D2C5115BDD2,0.18480896312950723
CC_5D3273E039AF,0.6740023614137233
CC_5D398BB3365B,0.06366763339696423
CC_5D3C1CE64952,0.0746447153178398
CC_5D4B0EBB5CD6,0.11508596330287667
CC_5D5E897588D3,0.09253021478860025
CC_5D65F25FFB8D,0.038924989008189144
CC_5D665A86C465,0.10905835943135295
CC_5D80C353E475,0.0979353749830794
CC_5D8895A0AB4C,0.17691686052230676
CC_5D88A673BF50,0.20519700245722505
CC_5D89688B69A9,0.3813094967955733
CC_5D8AC8E18A8E,0.06790656542225351
CC_5D8E7DC2FA6A,0.5529280508941433
CC_5DA29AD9E85E,0.04767174450149759
CC_5DB286EAC626,0.27567772914091815
CC_5DBC1BB95B84,0.8046348464507237
CC_5DC0A465470D,0.041855510014996926
CC_5DF82CB03C3F,0.11152321251703246
CC_5E001C93F359,0.05938809241281159
CC_5E029094A55C,0.6721029201345834
CC_5E0808121A65,0.14038743522278552
CC_5E1117E4E593,0.1210826408884817
CC_5E1541060A97,0.7126903963009784
CC_5E1C11540C0B,0.10211975119627112
CC_5E1DC0E143F2,0.1730542389079694
CC_5E206AC277E4,0.24823425683395062
CC_5E22B4BC8B12,0.08234377960543754
CC_5E22D889B6BF,0.13818034861206657
CC_5E38425EC99F,0.7165854975899288
CC_5E3A70C2077A,0.15334477054770135
CC_5E5607D275CA,0.12288438767177975
CC_5E73C3D2B3EE,0.16110178440501122
CC_5E7F23A07A71,0.09055620200790844
CC_5E80A96974B8,0.2111766748378383
CC_5E8C0453B9B8,0.278715542721755
CC_5EA599FBA5E0,0.5461954603384908
CC_5EB379BA6C7A,0.11236855581370266
CC_5EBB96F65AFE,0.3969263231236139
CC_5EC41568C2E1,0.09219440534691273
CC_5EDB5C924107,0.28650287775780253
CC_5EEE5D0FF8D3,0.19337194934976812
CC_5EEF07FFC243,0.06157279355042768
CC_5EEFD690759A,0.08152011237076949
CC_5EF2176F01D5,0.10881790821683635
CC_5F17CA33D26B,0.06291345124883613
CC_5F20750D6658,0.17499703401291689
CC_5F2CE32A6EC3,0.11477758918876729
CC_5F328EE757B6,0.04057018100389695
CC_5F35B8D87D06,0.22336045311469693
CC_5F390BA40E83,0.697076115185664
CC_5F59092CA9B2,0.09848224995411742
CC_5F5916E96E19,0.15517701812293627
CC_5F5E835B9E6E,0.07747653805007608
CC_5F648D39D67F,0.5852391469367096
CC_5F6D4104C808,0.15916619637696972
CC_5F72EBE104D4,0.030009597154291325
CC_5F765C41F051,0.05369346803257456
CC_5F8859A6F0DB,0.023631467762599983
CC_5F88ACC7C384,0.10564078896905477
CC_5F89DFA97B7C,0.5565629157819187
CC_5F93A3E31DD6,0.6103478166854952
CC_5F9A44423DD4,0.13888711422562752
CC_5FAA7965BD71,0.11730535927274507
CC_5FAFA265CA02,0.34621487481277974
CC_5FBE1A34704F,0.16633887782610923
CC_5FCAA919577A,0.1955468752783847
CC_5FCD208ADD77,0.18023299682469113
CC_5FECD2BB0094,0.08109099776236346
CC_5FFDE52E6B7A,0.0824930350027308
CC_6002BFD3F26A,0.14979439792698443
CC_600311592F72,0.04913213048584859
CC_600AE12112D6,0.26508939760809025
CC_601C3178E38D,0.17119736377778835
CC_6037EEA42F2C,0.36711812753151674
CC_604C08F76272,0.657303058205516
CC_604C72AC662C,0.15241862882288423
CC_60510AFA8A87,0.17014529584348534
CC_605E2E26E52A,0.19809529412518972
CC_605E3904CD8E,0.14421984905200835
CC_60611B935106,0.1384003180166818
CC_6061787228F8,0.13148884477564501
CC_607270A72DFD,0.24085977978428086
CC_60738E418DB3,0.1272827160683085
CC_60961DF8A134,0.11108425208534975
CC_609B7A7FA165,0.07096450068637025
CC_60AC5C892D01,0.08734824473547027
CC_60C09FF84412,0.16037500642665067
CC_60C87349D73D,0.30552943293873513
CC_60DA2FBF1FBF,0.11094535165181521
CC_60DA539A39FD,0.17545134910477161
CC_60E974A0B278,0.06191572177003268
CC_60EF7D647EFC,0.05181218774708175
CC_60F525A39898,0.022855149657248594
CC_610009B69EBA,0.6793241435203399
CC_610FDDF5FE54,0.14807320393802142
CC_612C06CB5FF4,0.09989671319196888
CC_61307D82CC26,0.6467968147599983
CC_615030FD33CC,0.7106513122043844
CC_61649241FE59,0.16387197185346347
CC_6170051A606A,0.1588938895843477
CC_6179A630658E,0.07390085395572547
CC_617BD59427E7,0.09853019409820574
CC_617EC8BD5153,0.2098952308915834
CC_6191E14D21BE,0.04857929447627696
CC_61A798B8D222,0.037411678350166185
CC_61B4A983D1A1,0.06842235682009093
CC_61C9732AA682,0.7240630436747746
CC_61DC64E37471,0.0486777024869492
CC_61EAF14033DB,0.11673258242399862
CC_61F18E0C218F,0.07146717313811977
CC_61F1A1263F5B,0.1615015933784033
CC_6209EA426553,0.04273001695159006
CC_622BD8CB3807,0.30263556677395526
CC_6234A9617A7F,0.10176049020038785
CC_623AC074EB25,0.18041919767233694
CC_623FAACE8A80,0.05280989550522415
CC_6244E2935407,0.2372392287143233
CC_624535E11F69,0.04979583576883691
CC_624EA2917CDD,0.6909385154604369
CC_62565D08DDDD,0.7755475843339174
CC_6268ACD3F95B,0.5022186929110323
CC_626B61F4789A,0.6245459569079306
CC_629193C2A090,0.23277014058555257
CC_62933641AC43,0.2670502960342574
CC_629480877536,0.35056392562598376
CC_629CB045D9FE,0.08732019883928381
CC_62A84BC400F0,0.29066977742990363
CC_62C36DF81797,0.16202321992012264
CC_62CC835CAE4A,0.6203821537434012
CC_62D4192F126E,0.7367717847237303
CC_62D7A3C9483D,0.0609262246072174
CC_62DF1B99B4DA,0.08190756340572253
CC_62ED7BA3E620,0.03233825419468721
CC_62FC001AFC78,0.07879593067619828
CC_630412B4AFDA,0.15423691350822638
CC_630903AD39C1,0.03852211985835931
CC_630938DCC1B5,0.05159927029289908
CC_630ACED773E9,0.4577761078275665
CC_631E1690D913,0.07097250390826966
CC_633A7C7FC25F,0.24207832260498321
CC_6342051D8FEA,0.2277098332453083
CC_634CE4E8AE49,0.15619238916543896
CC_6359692F5EF6,0.13074985060220415
CC_637278423A6D,0.22476382069590803
CC_6377AB848081,0.10801039433621037
CC_6381A65E0A3D,0.08921751658458763
CC_63871B4814E2,0.11477337266881134
CC_638AD269F05C,0.022335128782413963
CC_6391AE0FB83F,0.15300350794843964
CC_639703EE2ABD,0.03734752708510196
CC_639750C87A7A,0.7483062647983414
CC_639B1DCECD2F,0.16004589275893016
CC_63A869443AC0,0.43448073471600335
CC_63CCEE26BCAE,0.046234874419697244
CC_63D51CECB6D2,0.24017052324999133
CC_63E53402FC02,0.03131564979500068
CC_63FC6895901C,0.146229874903682
CC_63FC8A97D9C1,0.1122235841361614
CC_64117B93EF73,0.34621650255084485
CC_642D9C325F1D,0.2992260339262503
CC_6436B950E22B,0.1794915385743311
CC_6445BD3DDB6E,0.03025045736828745
CC_645C15569E42,0.11563882650753697
CC_646472AD66EF,0.0861347837564025
CC_646B8254357E,0.13846316577926998
CC_647F4BB4983D,0.6822710181026126
CC_6489ECEEFD0E,0.09692485065408925
CC_64946E57306A,0.03072828657061728
CC_64976830B0B7,0.3399139411110794
CC_64BA10F3FAA1,0.08575203103202361
CC_64BA39A0DFC6,0.08146505068838603
CC_64CF9A79EBFC,0.09815623774232796
CC_64F0E0473D1E,0.08254523609227737
CC_65006C2AB2D4,0.7720194116607715
CC_6500BD19FA06,0.30844482538842666
CC_6504DCAA90E1,0.08855636822103938
CC_6509C7361994,0.15799438555630624
CC_651486189673,0.07874090268339284
CC_65194BAE506A,0.18099519740129297
CC_652539353439,0.18328491004819664
CC_653CE5FA5A76,0.28047618704762756
CC_6560C2F4EDA4,0.18119559729877655
CC_656137F98187,0.6456602670415744
CC_6575B4B39113,0.03901478804043551
CC_657F629D31E2,0.21175190440652175
CC_6580B7583ADE,0.20790804205742427
CC_658477BA75D6,0.04335113478295989
CC_658B7867BE7C,0.09769302786574198
CC_6593FE5349F2,0.09030197090284547
CC_659EE0F05A75,0.35418901126157415
CC_65A0D8134410,0.22276181170662948
CC_65ADD5A19F64,0.0957182257214427
CC_65C3F0F73BB1,0.08133597316568708
CC_65C47521C285,0.0365001213678085
CC_65C4EE0B737C,0.2260001113900702
CC_65CB68404333,0.18614866253786816
CC_65D6DFF1B766,0.10901399696453623
CC_65F1545C35E1,0.22893669711021702
CC_6602547E2FCF,0.21538507039859614
CC_6615D7044816,0.27134540623829045
CC_66244D4B72EA,0.10006842444528224
CC_662E5AAE07A8,0.03826259501161566
CC_66322B339E84,0.034063716736691035
CC_6634FD4B1CD5,0.7690076638691711
CC_663DCEF4923E,0.18232874138443922
CC_663FE5BF918D,0.42434307316342434
CC_6645798E740D,0.06667283574105878
CC_6649736C8321,0.7829596696962957
CC_664E1026C4D9,0.24824599320775445
CC_665603C4A33B,0.06556798091437614
CC_665BDD9C8039,0.3727415865156427
CC_665F2AD58363,0.19124914806653098
CC_666767444BC3,0.2221382061720829
CC_666C0A2A8674,0.04660125692896348
CC_666F2BCDC7D7,0.16956700153807583
CC_66775178B226,0.04696478849470255
CC_667B6F8C846A,0.6254663153359185
CC_667E909835A4,0.21589668639038834
CC_66809C278FCC,0.16781529510649532
CC_669CCC44CFCD,0.0636676769433481
CC_66B0BD3F6516,0.31232130889584053
CC_66BF02C05DD8,0.14232535278104488
CC_66C491256BE4,0.058501106908422404
CC_66CEFA65F912,0.35484773648181883
CC_66E025DB3282,0.6247960785283769
CC_66E7B423A32F,0.6808553713171972
CC_66ED26E7BAD9,0.07614215506034133
CC_66F7FF7735C3,0.1839964672722133
CC_66FD0CE6D57B,0.053105214773036626
CC_66FFFE05C2E8,0.0904083596313218
CC_6700012A39B8,0.1070550979381158
CC_670FC6A064F0,0.19993371190244574
CC_672932B65802,0.07982877008535481
CC_6742C6478F98,0.19781053734589762
CC_6745321663BF,0.053415087624350904
CC_67579CF57290,0.13045252425113815
CC_675F7483FB90,0.18526063802844528
CC_676ACFAA6131,0.6707163082047307
CC_676B423C495A,0.5982554091959442
CC_6771C0D1CB1F,0.049954634321079494
CC_677EE0369CA7,0.07972189319371772
CC_677FE35855A9,0.1729422786617262
CC_678091614A14,0.11347438117811257
CC_678A43ED0803,0.629203293643719
CC_67955C210226,0.09145856114340623
CC_6797E0B01112,0.22150180579395345
CC_679D90941842,0.13589059163802808
CC_67C05273700B,0.11452238476395196
CC_67D5172B6450,0.16465136988466472
CC_67E8CF412D93,0.10313140571194775
CC_67F6576A6836,0.24341730562082825
CC_67F985A00A12,0.049608405768991226
CC_6801AD1D4478,0.0729350357018933
CC_6803BFA94B17,0.04789253108568826
CC_680B16E5E240,0.13084458930508455
CC_680F2D0F4F6C,0.0953479338160883
CC_68221E1393E1,0.10718157313550311
CC_6822590B968C,0.15722928098993555
CC_682D8EBCEE94,0.2077136175285786
CC_68429B4AE401,0.4200135845409112
CC_686B26BDD061,0.052344097002356094
CC_687518442359,0.4023132681570475
CC_6875DA61F422,0.25567649597009645
CC_68A3D749608C,0.18484373270911847
CC_68A9C3CE2557,0.09665323120883704
CC_68B9F8C6D9D6,0.6339230235029591
CC_68BC65E3C84A,0.3733406620838986
CC_68CC4D1D898F,0.06729092064852082
CC_68D0ACBD2D0F,0.034145209770964115
CC_68DA8D5488B3,0.06785045155049181
CC_68E675A69AF3,0.1603453675905689
CC_68FC9E6FA27E,0.18179922521814834
CC_69322F7C4CE3,0.12187039563160143
CC_693710EAD59A,0.1948270233858023
CC_69387752F41F,0.5294664947610566
CC_693B71DDFE67,0.1578884259808612
CC_693D4AEDA3A2,0.10713059084861064
CC_6952171BCD2D,0.14196632721915442
CC_69547DEB412A,0.21766084671665414
CC_695E80DBA42A,0.06645270356952214
CC_69717E76CFAF,0.4232293239442297
CC_69741BF89A2D,0.1128019503614803
CC_69825C70EEE9,0.19355237282115645
CC_6985C268DC74,0.45639653252404266
CC_698886C4AD90,0.1289969975718992
CC_6999901A6060,0.15168949684811972
CC_699ABD34646F,0.08356090150233716
CC_69A98DC7A907,0.06254307542291808
CC_69AA6E0DDE10,0.25921064204134614
CC_69AD5A48A78B,0.19079180275959506
CC_69BA7BFF98E2,0.1219079137022122
CC_69BBE365C097,0.051353937395898226
CC_69CD95A00D9C,0.02983495844571116
CC_69D328691680,0.08572631394437241
CC_69D39C9F36F2,0.2488307286946303
CC_69E09390CD64,0.07962308308256394
CC_69FD49E90AC9,0.3200424124989346
CC_6A099AFE73BC,0.18509184029262762
CC_6A099E6C91BA,0.35223973695689076
CC_6A19EB191A81,0.02109455577830352
CC_6A39017046FE,0.07736866266236261
CC_6A4A401F2920,0.3651608523196408
CC_6A5261180031,0.07599362950739176
CC_6A7432494840,0.17675064851862743
CC_6A7963180D20,0.3677842031554951
CC_6A7D7E5F814F,0.5930913382076641
CC_6A8B8BBA749E,0.1406330133976563
CC_6A8DFDB0621D,0.1360305281328844
CC_6A93C436E2FF,0.10208735817505762
CC_6A97F81D9A0A,0.16401339818282257
CC_6A9D1622B4DE,0.31676553160299037
CC_6AA6589445C1,0.6635362647306474
CC_6AA7A87F59FD,0.15526251336397717
CC_6AADD44C0B52,0.06557284219900507
CC_6AB4A5EBA3F6,0.235257993074232
CC_6ABA7D0ABAC5,0.1279816604231179
CC_6ACF1E52BE8E,0.1237453563549453
CC_6AD3513459CB,0.09029402978880297
CC_6AD4238EE77D,0.19060391407828214
CC_6ADD0FE5DD74,0.6332819907166047
CC_6AE2737BD3A8,0.07122384238563925
CC_6AE48C1F2448,0.13694517928468591
CC_6B00A666A420,0.6882277026938849
CC_6B07C3992304,0.06176933674640645
CC_6B0A72BBD800,0.6724772460304282
CC_6B12B975F2EC,0.2752973723067051
CC_6B12C9507F32,0.201328798324033
CC_6B34719D93AC,0.59873710589055
CC_6B34740DD355,0.1524640909606499
CC_6B41081727AD,0.21348782522821316
CC_6B4902892E70,0.08145918926176733
CC_6B5BC2D89077,0.7191048914548263
CC_6B65242C2CCC,0.15478691321979213
CC_6B823BACBE75,0.3259035602173352
CC_6B83E1A959C2,0.23110810269100338
CC_6B84FB3DE604,0.03258878065410721
CC_6B8AABAA752E,0.18349341623590887
CC_6B8AC0DEE990,0.369752493811457
CC_6BA45C072D40,0.17210116986615798
CC_6BA72ECB5027,0.11561834324023632
CC_6BB560F020BD,0.07418501821908668
CC_6BDF0B68C126,0.021983312333083253
CC_6BF0A9437728,0.1361977922878024
CC_6BF3B9097199,0.1540705148021756
CC_6BF7A1EF31B9,0.1639120211833547
CC_6C29DF49246A,0.07290597383459971
CC_6C3C86C2125E,0.07905924117293647
CC_6C42FF6D7218,0.7023430403670419
CC_6C541A482CF2,0.19413679035333758
CC_6C585A6BFE01,0.8065965395201239
CC_6C5CE36700D0,0.16729230024392214
CC_6C62C2094733,0.06665361177612263
CC_6C66539A9D02,0.27156399976148693
CC_6C684505E498,0.06947922371416679
CC_6C6E40927C35,0.03342527190476732
CC_6C7736F51C12,0.6659584248431799
CC_6C781CEB6F52,0.09368855324944879
CC_6C7E39BF4744,0.13161747575198535
CC_6C9EE9BAECEE,0.07002770574156526
CC_6CA0F076091A,0.11810131612235919
CC_6CAD299645B0,0.17428475682079186
CC_6CC3C50BA394,0.1147704266982421
CC_6CC593C5385D,0.02764510308040242
CC_6CDA4B24C602,0.29186326804043394
CC_6CE31AFF7813,0.064651692402835
CC_6CECB68DE9C1,0.32357604226776526
CC_6CECD3DBA212,0.16138673943675114
CC_6CF17D012682,0.16887315833608005
CC_6CFCDF903310,0.13007769187261867
CC_6D08B5E62654,0.08846620654059889
CC_6D0F60667273,0.2664769349246038
CC_6D127EE83945,0.04293743177051404
CC_6D134DB29068,0.3870115745621911
CC_6D141A49D94E,0.6148222912224309
CC_6D148C0A624D,0.15179161052380044
CC_6D1EFDDE2EED,0.062291513617742975
CC_6D22B938D7B9,0.06671044029674883
CC_6D27409F4956,0.07450275387314753
CC_6D2F0EBBCA4D,0.2187908223899478
CC_6D43BE30E8B8,0.24435504589895263
CC_6D4EDEAF67C7,0.18426195589493238
CC_6D72571304DC,0.5266541147499276
CC_6D7C62C7C161,0.048676307596309226
CC_6D8A18C28AF0,0.07423567414327624
CC_6D8B35007242,0.09072361892995387
CC_6D93A9E49E3B,0.1659673852374403
CC_6D9C644A082B,0.10743839570481187
CC_6D9F52BD4D0E,0.12951271046965585
CC_6DA058F9B631,0.2955519066077073
CC_6DA1F8DF9CDC,0.21827174406559885
CC_6DB000AEF16A,0.08714511177194292
CC_6DB5025899E3,0.19899343633904917
CC_6DD6FA2FA0C6,0.10147356618808279
CC_6DE4E4C1A31D,0.18911281650272
CC_6E09CBC15C94,0.5151519233550772
CC_6E353816938F,0.04532667349631671
CC_6E3AB992A5C9,0.15516608920690345
CC_6E420A2FE490,0.1323156309845689
CC_6E46D01888D5,0.13832979829173422
CC_6E4702162475,0.053993895376772794
CC_6E548AF15091,0.2414983669855352
CC_6E5C9A2DA27E,0.030005275623332113
CC_6E610F3976CB,0.1720988177687659
CC_6E614FF9BE02,0.6290631805192946
CC_6E68D46447E2,0.10254984735451281
CC_6E712C21215D,0.033444093597391984
CC_6E84DED41B8B,0.12468099828628347
CC_6E8557E30DC9,0.6173146052060619
CC_6E8963475D35,0.20189833320917144
CC_6E9880CA0BF9,0.31680630591803827
CC_6E9FCD68ED52,0.7072165278266134
CC_6EB194A93F60,0.14639847600020753
CC_6EB370F511F7,0.06100166506314396
CC_6EC722B2BC2F,0.16887177638329043
CC_6ED1B0EE4B6C,0.2313795270325415
CC_6ED65E7CABA2,0.10609635793697417
CC_6EDA84B653B8,0.3753196830996247
CC_6EEE8E7C1D1C,0.1884566808521084
CC_6EF17801ADD6,0.13921513320289247
CC_6EF337CC4BA9,0.288267324344172
CC_6EF464EC9FCF,0.103646264270836
CC_6EF6B8AE7DCD,0.030337955355875357
CC_6EF8C59D8395,0.8458346607482535
CC_6F2146FE362E,0.05515021540482684
CC_6F2408B665A6,0.36548418166407926
CC_6F2B8E925D59,0.02630314465821373
CC_6F3034E96848,0.13243843475834285
CC_6F3559ACC2F5,0.03264051317686468
CC_6F46C5897DA8,0.40486223308388436
CC_6F49ECAE902C,0.07074839596759719
CC_6F4B818665D3,0.12763329292411948
CC_6F4E696A1F88,0.2567648960175404
CC_6F54BD66C0EA,0.161684136130958
CC_6F786C433998,0.08986265024183113
CC_6F78BF56B0C0,0.08727573636633593
CC_6F8346F138C1,0.43185895995474244
CC_6F86CFDB23D6,0.0369308080943924
CC_6F8E30AE9457,0.14482945215999374
CC_6FC25B27AC26,0.07794611759816142
CC_6FC8BE007FE9,0.14212853422780083
CC_6FC8DA40122A,0.18664938482213153
CC_6FD8BAB1DA3E,0.05461144951518013
CC_6FE4FD09A9D8,0.07642258988724081
CC_6FE78CB02174,0.03562613808720325
CC_6FEB8EDBF2A4,0.18868628705109047
CC_6FFCF2DAD0A4,0.07559249364457607
CC_7002034B0979,0.0795529248314436
CC_7006523D45E4,0.06746302138524893
CC_70097151A773,0.0499208490697885
CC_7011BC95A91B,0.04330080787796047
CC_7020F3C11A3F,0.16412223782180088
CC_70306409A3E8,0.3561977189969838
CC_706B18DA7204,0.12076876589652769
CC_70703A59C070,0.1735072120997874
CC_70749DDFF595,0.13066084518764648
CC_7079CE5127A3,0.022366097096567405
CC_7087A46F0AB7,0.09103331034706214
CC_708B73EBD939,0.16644654122687183
CC_709315667BCA,0.06177688524456577
CC_709970475B6D,0.632619439489145
CC_70A56ADAC199,0.05611940061770482
CC_70ABB244502D,0.034751566759426915
CC_70B0176647CE,0.1350446071748565
CC_70D3353DA1C3,0.0650736976520212
CC_70D652DF4E91,0.13528107281561605
CC_70E3121BFDC4,0.09911119147241634
CC_70E5FB8B072D,0.030928090217014398
CC_70EFECA3FAEB,0.1633173712304461
CC_70F59DA18BCA,0.3948711431186287
CC_7100129A0AFF,0.12564950897317093
CC_7113554E33B9,0.06871472716396293
CC_71260405461D,0.06993605688790551
CC_712677251322,0.1943086536163336
CC_712D31B2785D,0.060844864854073935
CC_713052DB1E2E,0.06536741633572526
CC_7139C2D6F1AC,0.09890629490793468
CC_71427FC8FA49,0.24190271066453817
CC_714912E93A71,0.12186909269265706
CC_717A5C2ED311,0.21407695633152762
CC_717C94F5C8F1,0.06405667107330075
CC_718F067F4DA0,0.029030402620143878
CC_719E714DD38C,0.04492553659405398
CC_71B169C874D0,0.1683829249322501
CC_71BB5070615C,0.1272490809456973
CC_71D37D6D19C6,0.1923622443638973
CC_71DC80205F42,0.16355370890383672
CC_71DEB636B8CD,0.6224353467684024
CC_71E4CBAA1211,0.1710987886037386
CC_71E787049755,0.10006722116046143
CC_71F1EF5575AC,0.08058193045179761
CC_7201DD8EB33B,0.21199285725102723
CC_7202C8CE2317,0.3037457319942655
CC_720B06583C57,0.03736862720379349
CC_721DEC038BAF,0.075208900017672
CC_72219BCC83E3,0.1435466938083773
CC_7223DABA7E98,0.11235562223168054
CC_7233459FF7B8,0.24492772925879125
CC_7238A8A6767A,0.2234201246262365
CC_724559551664,0.6799181446600031
CC_7248EB4B76CF,0.05622472707407484
CC_7259B5314D92,0.06227644686089187
CC_725CA03102FE,0.044093122664655045
CC_726E05E5A555,0.11714173541338456
CC_7276AEED6D4A,0.06043584571298215
CC_72A18E8D6670,0.03271171639791072
CC_72CDBC38202A,0.3868773746791002
CC_72D8B2ABA2D1,0.7310286772756474
CC_72E4590D362B,0.373960920487464
CC_72E8542AE4BA,0.03586700782558726
CC_73010B6E55DD,0.6259947510343395
CC_7309A4693D52,0.14272856728766103
CC_730C2A3FF1BF,0.17207938516946242
CC_731C1BCED024,0.6345278065392382
CC_732C325832D8,0.1716145780268082
CC_732DFCAA0A75,0.17850626794324903
CC_73322A6A24B1,0.7434954820758473
CC_7336B19A18AB,0.2127993666607364
CC_733AF1D123B8,0.30729005510009194
CC_7344A0E90AFC,0.11118112360272453
CC_7348C2B475B7,0.11552204627053966
CC_735E1A78B058,0.07013647147467013
CC_735ED2A02DC4,0.15195113086208153
CC_736015DE4E3D,0.378776626736133
CC_736A42761E55,0.10434240129630369
CC_736C0436B98D,0.16783292578980372
CC_7379212919FD,0.08580814499475226
CC_73859CD59E75,0.5882799480017737
CC_738B201B1CF9,0.11492547629532658
CC_738DCB11942F,0.06060401124174818
CC_739198ACE582,0.11367872449419128
CC_739D093D7B69,0.10628787161237493
CC_73A7FC903662,0.16315524378014956
CC_73A8927DCEB9,0.0893770380123545
CC_73B575BBBBE3,0.12836952756954842
CC_73B6B9AD2002,0.0421706485381049
CC_73C28D72A5A3,0.5674603315417532
CC_73C38DBDF9A7,0.11070628791211364
CC_73D44BEF6754,0.3958428240281739
CC_73D4C1D7C022,0.0739369733688973
CC_73EF383F3C2E,0.16981996266386504
CC_73F34B1607C1,0.05562461690707276
CC_74137206902D,0.1267082952178443
CC_74198E5EC366,0.07057647070045969
CC_744FB5804A8C,0.6304762950604368
CC_7451E64B6D47,0.157436966898239
CC_745A64878AF1,0.08186984085351932
CC_746B196CECA1,0.15583260732603285
CC_746C06898D5B,0.6359655660592187
CC_746DE1EED0DD,0.24896477328532393
CC_7476938CF6A0,0.5298303714060143
CC_747CFDB7E305,0.07370254063109444
CC_74845374E870,0.7411722485820139
CC_74AD8D3B192C,0.682643430429156
CC_74B90A15B270,0.09974641210471377
CC_74BA5D46E909,0.67356648064401
CC_74BE0AD5E21D,0.1863071257065348
CC_74C33B66F002,0.12746992852750938
CC_74C9C3F17421,0.048897956746879696
CC_74E4BD5C07D2,0.06892447819869166
CC_750D90249EFD,0.11707736246228373
CC_750DA21B7EDD,0.3245326056003936
CC_750E6537383A,0.2708078148193832
CC_75137D6F9DCB,0.11023901199573653
CC_75173A8A11D1,0.37570924719921317
CC_751DDC1FC2AD,0.09401471434182318
CC_75357E0206F5,0.08392237900952298
CC_753D160E3A58,0.10194851305593311
CC_754447632F75,0.039008884379303485
CC_7549363C5D36,0.07927229963756266
CC_754F3894627C,0.07519285047077844
CC_7562CD43897F,0.13343182501243597
CC_756A077EC614,0.3850761557458334
CC_756D3492443F,0.2835479107189554
CC_75783B3E6C6E,0.04117339872603959
CC_7598068A716C,0.024237854430303064
CC_75A37D8C1F6C,0.6247074482698867
CC_75ABDDA24C26,0.1292107689218802
CC_75B287424E59,0.3742506117844834
CC_75B2B88876B6,0.08282699257927562
CC_75B324FCDD4A,0.2279338206863053
CC_75C1466E61E2,0.2406945364744279
CC_75CCCD9D4568,0.0907192573935771
CC_75D2DAF4491C,0.312911527072498
CC_75D54090AAD4,0.10779627458511612
CC_75F1927E5941,0.6782060091969364
CC_75F99AD6844A,0.30367122056410356
CC_75FBA505C727,0.26878874719196694
CC_7615CC930B76,0.1273997579283624
CC_76168488EBB0,0.5568993703057571
CC_76197A77D666,0.022864067240751226
CC_761F48F8E962,0.24637644363163733
CC_764C6ADC6D1A,0.07627051301485283
CC_7658A6B0910B,0.03985847561493358
CC_766347951B7B,0.5958875631171019
CC_76857712D8F5,0.3232450251033418
CC_76A0DF2549B7,0.10164714579447423
CC_76A636414AEB,0.23298412905991894
CC_76B01540CDD1,0.17546821108505167
CC_76B420FC66EB,0.10308470468755486
CC_76B6BCD2EBAF,0.05705433534626583
CC_76B7A0029620,0.10011337860830594
CC_76BA435EF2AC,0.12727051906982653
CC_76BCC1AFDA4D,0.07279040365054615
CC_76C35913E797,0.15623455272000472
CC_76DE3DF1DEE3,0.1765963001628122
CC_76DFA4CD068B,0.07337883003742318
CC_76DFE3568C72,0.3088865829456891
CC_76E201F1E036,0.36507909893199175
CC_76E83166FE0A,0.14193728686785306
CC_76FD9E9D9ED0,0.15518298415411622
CC_7720BBD06736,0.30384916744527407
CC_77340228F356,0.6785957953905469
CC_773CBBCBAFFE,0.11054375012835177
CC_773E9B092923,0.09835133419838692
CC_773F22C3E42F,0.029945929053509603
CC_774ED295BF96,0.17477502657836314
CC_7751ED6DF76C,0.036314175159085596
CC_77571749B970,0.14593029908764205
CC_776F8B3BAC08,0.10505443854118729
CC_777889F9694E,0.029545717151145248
CC_777D08513AE8,0.07244891824884993
CC_777E3D988EFD,0.28948747842882844
CC_7795BEDE05E8,0.3160167772896227
CC_77A9EA3A6784,0.06799811830272819
CC_77B1AB7960A9,0.19395169613390814
CC_77B6EA810549,0.2592077143965584
CC_77B9889C9BFD,0.17792773195592035
CC_77BC55DC92B6,0.12571166063322378
CC_77D1DFCB0A8B,0.05056388537511671
CC_77D9AC43DFE1,0.19831767384520005
CC_77E6EF1CF2F7,0.32808774990752027
CC_77FFA8E6B36D,0.11712598836147921
CC_7801661A9DC2,0.15094873829174282
CC_78069B1BD931,0.13683562623761225
CC_780828B48716,0.0996960960091973
CC_782130B98F34,0.0999213376967524
CC_78273789B3C5,0.7754558765345225
CC_78296783E4EA,0.18048800447613195
CC_782B06291D87,0.054761685464247464
CC_783A2D4C89F9,0.4349647695050982
CC_784407E16923,0.0905475068854757
CC_78491B6255F2,0.42016465860387475
CC_784F17AC712F,0.062410192932421435
CC_7852FC3BBADB,0.09302475424158578
CC_7866E4CE528E,0.7260493046834782
CC_7867E7C01013,0.1787188499806629
CC_7869F609EC2E,0.16002508878428132
CC_7874F14ABD7F,0.18512112453475477
CC_78774E05FF12,0.1642792833098175
CC_78815A352067,0.08172611640032268
CC_788FF4549766,0.221316065697879
CC_789977501322,0.1259194173235295
CC_789B2BA880E7,0.03327360922892609
CC_789D87F51AA1,0.050796868292780496
CC_789DC3C358CB,0.21298147990439714
CC_78A036DF6320,0.6835513557173742
CC_78A3EA63B7EF,0.04084570472762479
CC_78BF1B8FC1CA,0.11376947051162684
CC_78C96E7015BA,0.6401260052739142
CC_78CC84FA2CE2,0.1852172016500131
CC_78F0087076CF,0.20484677393879355
CC_78FAA95F5B5F,0.11369429833092029
CC_79033EFDE096,0.11612362232681715
CC_79086C18A963,0.12875462693841427
CC_790DA2ED9F5B,0.11625736643737337
CC_7928811F7D86,0.09409003849752012
CC_79345478FCE5,0.1891856422113798
CC_7936C8D65B95,0.14298940736109528
CC_7948C5509411,0.4876829884631615
CC_794ADB0677CD,0.1324693256981706
CC_794FF8E7F876,0.04852558854246872
CC_79500EA652BC,0.5787617005024273
CC_795083A66DB5,0.03080616239203158
CC_7950D4B773CF,0.1354665099224362
CC_7955AEB49759,0.1345820547549259
CC_7964F862DFA3,0.4003384672067525
CC_797A700CF967,0.46145012460224344
CC_798180DDF677,0.34915154383831376
CC_7981ABA9C370,0.09392681680205878
CC_798B2DC03C5A,0.07032526176329731
CC_79BD986C23CA,0.06464995960099604
CC_79C6BA680815,0.5248777859760397
CC_79D694E6F5AF,0.24817963742831994
CC_79ED9A0F6E49,0.4141881985939996
CC_79FA2512E5A2,0.1586643952438051
CC_7A0024F6FA60,0.2317840236004184
CC_7A193A453F27,0.02367983083858557
CC_7A1F071DC5D4,0.4222913282176147
CC_7A5D96BC99AA,0.7373448664955615
CC_7A6B51562949,0.30048594471911616
CC_7A6D7F9654DD,0.43429196263077197
CC_7A778E010F33,0.27271092888979154
CC_7A7FB841B669,0.5954782141714949
CC_7A91013D31E1,0.11867992297530686
CC_7A9117596769,0.04282121617476801
CC_7AAF340DCE8F,0.17622871432469076
CC_7AB146267981,0.207264846574781
CC_7AB2A9CC8424,0.2907388299722939
CC_7AC1DF18CBA4,0.2358192355470321
CC_7AC4240DD225,0.318823848240393
CC_7ACB325BD924,0.17408895903478
CC_7ACB88002397,0.5204366953189221
CC_7ACD4F370AED,0.16477351381618055
CC_7AD4072A9F82,0.05611109330889864
CC_7ADEECDE4D73,0.21209929655432896
CC_7AEB48D8C5E0,0.07220558426211869
CC_7AFA5CD2B29E,0.1069018146212843
CC_7B092786DDB0,0.04738987370203161
CC_7B1B35D5628E,0.050440355110357826
CC_7B210557F04A,0.09180980978355523
CC_7B369A7C1D3F,0.14417593853467892
CC_7B4002591821,0.6865399746181944
CC_7B42BD80D79A,0.1838553220269255
CC_7B44FDF08B93,0.09502133853359637
CC_7B501C32CAE5,0.05511921231004482
CC_7B88520D4FA2,0.37919435046456806
CC_7B8ABE6E552B,0.18357351473671046
CC_7B8D2E07908E,0.3781672378569606
CC_7BA150468D19,0.6375446477966404
CC_7BB159FCEB53,0.2880264632325532
CC_7BDD72710831,0.06719929539796994
CC_7BE02C65B967,0.13793326785320473
CC_7BE382988C1C,0.6247769289768356
CC_7BE6110DBAA1,0.33540067758773773
CC_7C0B14BB0573,0.13729520703194703
CC_7C0CF5558904,0.6783580130846818
CC_7C13E7F561DA,0.6225169666974035
CC_7C46F7F667F3,0.12395063768643302
CC_7C510CE0521B,0.08050698713021465
CC_7C61B5D39E49,0.476349955799429
CC_7C6770DDA182,0.11068324643795568
CC_7C6DBF78A610,0.09884859034451499
CC_7C7B0438E3AB,0.17769779301134292
CC_7C87DFBC3176,0.09755533351196649
CC_7C9528E94215,0.29989632475112804
CC_7C9ADE65CF81,0.10824923303799308
CC_7CB6CD1B9DD0,0.037810452860812416
CC_7CB7C7E55BE6,0.15320840092322957
CC_7CCC3A690325,0.17305330201300223
CC_7CE5689488DB,0.041578839663079264
CC_7CEB758A9814,0.044948838193623566
CC_7CF7443D923A,0.04335937361134592
CC_7D0D597690BF,0.17102313649084525
CC_7D0EA0307817,0.04293533405295982
CC_7D12E6FF25C3,0.13941857082376774
CC_7D28D39AED1F,0.6962996118196803
CC_7D2D19D832FF,0.06257287456389787
CC_7D34A67E1369,0.0619963442044847
CC_7D4388B41EB9,0.16013572174673962
CC_7D46FE573D79,0.07283168030688951
CC_7D7810799F2E,0.03897718971658562
CC_7D79241150C8,0.12482295751187436
CC_7D7B92EF2655,0.1321317823883136
CC_7D8C2495C1F7,0.06682370724782138
CC_7DA4F1BA24A1,0.618686602225042
CC_7DAF18939084,0.05396208196084142
CC_7DB8BA427410,0.06529488066295114
CC_7DC9456F1161,0.031286165470013685
CC_7DD2CBE0F0BC,0.1881845018646252
CC_7DD495158BFD,0.6109494796114983
CC_7DD5411F7A14,0.2942004776307588
CC_7DF099A7A092,0.23640378295319944
CC_7DF27D2AC111,0.038652265510263364
CC_7E0CA072EF93,0.06828060269015702
CC_7E0DA100F5F2,0.1715731876149443
CC_7E1086EFDED5,0.029336286943463716
CC_7E12E0F3CF6D,0.11449404653742873
CC_7E178CE78FB8,0.07887119790616923
CC_7E1C1A6D0E9A,0.1523580679537035
CC_7E2A76850DF6,0.7896712338669842
CC_7E3ACB15C69D,0.12980974860733435
CC_7E3F3373A73D,0.7293190248368897
CC_7E42A3D0737F,0.10608089846584691
CC_7E4679C534D7,0.27059973361781203
CC_7E53FEEB19B1,0.2720641010277487
CC_7E71CE7FC603,0.20996298962201668
CC_7E8333DBAEB4,0.38480841194022936
CC_7E843438DE4A,0.05001831904870329
CC_7E8E4747C0D0,0.6747037279470623
CC_7E952828C1B5,0.09483973796299243
CC_7EA6431FE6F5,0.13754225990099717
CC_7EA7BA7621C3,0.2389529935197376
CC_7EA8F24B3010,0.1004873428836345
CC_7EAB28B0309C,0.057057906050016344
CC_7EB4A5BDA97E,0.08507264501791699
CC_7EB4B0A36534,0.101059491859852
CC_7EB791F4AB2E,0.1079527926033193
CC_7EB883C9D5F9,0.03158403958117341
CC_7EC59C577F02,0.05514733703143837
CC_7ED2683D26DD,0.06058214243109318
CC_7EDB3440E0AB,0.6095300042117253
CC_7EE12013C7DF,0.18368119828665525
CC_7EF824CC0D3C,0.14253102625993716
CC_7F09C6F6321D,0.7119318424706546
CC_7F1AD40DA179,0.2037073378118888
CC_7F1D38A39164,0.08177948695098075
CC_7F22B7D326CC,0.18636479239013146
CC_7F2614F1AAAE,0.24894365964910548
CC_7F2CDC7C1634,0.03893407506665435
CC_7F2D46DF9BC7,0.15133642417545037
CC_7F57A90B69E0,0.22267340781364972
CC_7F633226A676,0.29697112543626863
CC_7F753D809267,0.6588268462802231
CC_7F7EBF25AED7,0.03061423471665363
CC_7F8496CC5779,0.03979289114723218
CC_7F88D9C5D258,0.08352919615213265
CC_7F8AB4DCA794,0.13393034953168323
CC_7F8CC9509418,0.2961858918669334
CC_7F9069571F79,0.2835877446904961
CC_7F9AD27E079E,0.17529466923693077
CC_7FA281AC1C7A,0.0948601546353657
CC_7FA389E90548,0.07784608828020116
CC_7FBF4A48AF55,0.039390019125359915
CC_7FC40175A8E1,0.2562900287863959
CC_7FD58EE7029D,0.06976086581546156
CC_7FD7F635C341,0.04356492419833263
CC_7FDD458DA059,0.24202351083788792
CC_7FE85C259E03,0.10851105706539141
CC_7FE8CD30D7E0,0.09960012658140784
CC_7FFA32DE7B04,0.15599869841442235
CC_8014F1E2C5BF,0.032370258597450505
CC_8015895C1C29,0.24207696912640725
CC_802BA7E39A13,0.05709880914213695
CC_80300D23C3FE,0.38712471116383024
CC_80465303B6E2,0.19486007719784887
CC_805ADFD46B84,0.055728080105353114
CC_8060F40D9522,0.18830156777618912
CC_80621E822131,0.04962927074950042
CC_806654B580B5,0.4439756894455105
CC_806CFD6A52BA,0.030046135072996798
CC_807935BBEB7F,0.04925321046080508
CC_807C57E626E4,0.06587222685639396
CC_807C91C98684,0.02809318000943917
CC_8096B589BB07,0.15927641402822873
CC_809D60155E9D,0.07316430646949812
CC_80A2189E5125,0.49383723418992764
CC_80AF87F62770,0.1734410006622096
CC_80C03DF9CC57,0.19252193213967156
CC_80D9B6563750,0.56753182472787
CC_80E9638ABD4B,0.0423538832349053
CC_80F7171B71CF,0.11185530339503874
CC_80F9983BC18B,0.058946762381587914
CC_811109A98EFF,0.09299450717923217
CC_8129480B056D,0.3011801158317401
CC_8134E5DA9FEB,0.5934156720058213
CC_8140399AD344,0.11300063325627037
CC_8140E278B6A0,0.21110614804017125
CC_814E0F756757,0.448374422579737
CC_815FAAABFC91,0.18747588745722388
CC_816B28807CED,0.06880935722669837
CC_81821F9F2307,0.5352754189694853
CC_8186D7991EB8,0.04689041757936829
CC_819E203180C8,0.8176114775967378
CC_81A5E3141BDA,0.5185249819302129
CC_81B5CED8EE79,0.12929272686480814
CC_81B91198E00D,0.7045526631655881
CC_81BADC379C8B,0.22355848066110612
CC_81BF8EA390F7,0.05083927725152677
CC_81C5FC962C72,0.057386720185315265
CC_81DDBFAF1CB6,0.04930808300597945
CC_81DE637E6138,0.03155796771205149
CC_81F389DEC9C5,0.07103939827642186
CC_81F647806849,0.11093062550553069
CC_820D491B2903,0.7437300944744135
CC_82172863AA45,0.30025172221697777
CC_82195FBE9366,0.04973652768628968
CC_821F503DA953,0.07960775596193995
CC_8221AF9B0B93,0.7455220026350775
CC_8222D1C47857,0.06854530748220472
CC_824BB6CD2B25,0.04911441263436059
CC_825192411933,0.08576970145026733
CC_8270E213EDF5,0.19836589419053904
CC_82839CC161E8,0.04978889379088827
CC_828A0B6D7291,0.08659037003707432
CC_828EDE22A438,0.03881926654517679
CC_82928B5ABD45,0.30516345450449844
CC_82A7FE954659,0.1831913027517544
CC_82ABE1FFFA1F,0.1511113734984465
CC_82BDFA01C41F,0.11404101933260707
CC_82C20057CB4A,0.09506814449977502
CC_82E52529A567,0.19157466790486197
CC_82EFBFCF68AB,0.11046328680212057
CC_83092F58B321,0.12675538167122088
CC_83098B4BBD4A,0.12357769628372314
CC_831F9E623C5F,0.16467953673968638
CC_8326C8A3D569,0.10301687797614877
CC_832730F42A18,0.13481868238919448
CC_832A44C3F2A0,0.045949857143827974
CC_832EBAE498AE,0.6938776234180106
CC_833B196A70F3,0.7190901996995278
CC_833E14DFF4C6,0.15164705013167445
CC_834092035687,0.3150367285367545
CC_8351244DE3CB,0.06644678386300006
CC_835B90025058,0.04212237590533475
CC_836534CEDFD3,0.1202745342073812
CC_837ADC1EA55A,0.18522480531105132
CC_83884D799788,0.19222177107014843
CC_83947255841B,0.10746259278841006
CC_83A5A3022ADF,0.7682759813891039
CC_83ABA98906DE,0.06616664343783585
CC_83C75D07414A,0.39950417447229414
CC_83CBA767432F,0.7276278065445947
CC_83D342F53F36,0.1485134064894223
CC_83D5CA2A23C2,0.03311048557570877
CC_83E002D6D82D,0.17442631586667728
CC_83FE1BCC83E6,0.2837933448165524
CC_840E5B830DB4,0.03263532241428034
CC_842525788FC1,0.19530192826654608
CC_843076C8EB9E,0.293079588679898
CC_8442C97EE91A,0.112297526465503
CC_844C3C30ED67,0.11058029858764246
CC_844E345D2636,0.1941601460552677
CC_844F26E92B12,0.18092862667636855
CC_845032D8A261,0.2609957683987672
CC_845223F606E2,0.2489268015585856
CC_846F5B19B110,0.35438644601851593
CC_84797EA9ABF9,0.2601960469874886
CC_848D59D48081,0.17364839767195797
CC_84AB057BFCCA,0.04877025396253251
CC_84B0BA112537,0.05602539737275847
CC_84B8FCEDADD5,0.07920137318713417
CC_84C61A6BE99D,0.07978518947680507
CC_84CDF830F68F,0.07368053136801397
CC_84D5B88572DC,0.2466233917105073
CC_84FABECED186,0.1120693947224439
CC_8503F43FB29C,0.18208310756830703
CC_850ACB004EE2,0.08216559720625188
CC_850B114489CE,0.09056389376626836
CC_850CC17BB13B,0.14621789503559932
CC_8518C159BDE6,0.12700860005453238
CC_85299261146C,0.0881848892262426
CC_853986C52A17,0.03862717683452446
CC_853ABBECF2E1,0.8017359394570553
CC_853BF4485D85,0.18452583945752835
CC_853EED03843B,0.06742726004815322
CC_853FD1B551B1,0.16471805389490438
CC_854AAA98CC0C,0.7685150180958868
CC_854F8AB5F1FE,0.03871960050008967
CC_855E2A785BAA,0.1056210471543024
CC_85614CA68432,0.055425709495223165
CC_856B92B23BB5,0.7749289864633553
CC_856DF4A30E13,0.7042338308834091
CC_858704DBD5A6,0.05533337843327896
CC_859EF0AAA74A,0.04606302262905454
CC_859FB710961E,0.1418886129974585
CC_85A0EB3C9884,0.5975819478471808
CC_85C887BB996A,0.08551746536190463
CC_85D9A6C9CA60,0.1398221826699652
CC_85DAF10E61A1,0.6039287536142326
CC_85DEF8ECB524,0.1307876899151843
CC_85E2E0B8B15F,0.7046056776028579
CC_85F018DC47FC,0.2766599628788447
CC_85F376B33951,0.17107946502506824
CC_85F745E1D307,0.13004320879846015
CC_85FAFB430486,0.29673958480526963
CC_860D4B868C17,0.01860353522055817
CC_8614E30C9FCE,0.3789209641004822
CC_861F5DC22035,0.04245242608255166
CC_8624ABB391B1,0.16623141248618048
CC_862BAB422756,0.33438571484606716
CC_8642F98E5504,0.1691309654859829
CC_8655B8862C81,0.17253512892713466
CC_865FCEE75A8E,0.03458017226176498
CC_867372811CCD,0.44682187257785777
CC_867695B5C296,0.5272236607127043
CC_8682B1F914ED,0.16400879579396294
CC_8691DF144B92,0.5063048746186749
CC_86AD259FA5B1,0.13607385936317518
CC_86AEC21936BB,0.7373653001824491
CC_86B1D15F8424,0.03459900445846486
CC_86C2A6EC5712,0.7251135861799661
CC_86CF816B494B,0.05389908572645842
CC_86D4D58B1D0C,0.1513160092228478
CC_86E2C4E17CB6,0.04045762180673824
CC_86E9E191E3CA,0.4081473137068912
CC_87000C16C856,0.10693234348066069
CC_8703DD5FA02C,0.17853027701428925
CC_87065B1F429D,0.11431158363378485
CC_87434BBA1CE7,0.035983268225460996
CC_87450EA8CD55,0.6877427801559923
CC_87480F785786,0.069703820442112
CC_8777EA6EBFD4,0.03627288379141674
CC_877A35E76904,0.06894254638078688
CC_877B37D01563,0.1351978376543214
CC_879759A5EFB8,0.36257127161961583
CC_8798AF2651BC,0.13049517573201752
CC_879989FB3B92,0.57301377017936
CC_87A3BECEE5A4,0.12987593995019203
CC_87B7CDF4BDDE,0.04122651685685075
CC_87C13E620006,0.2675330691265278
CC_87E3AFB080F8,0.1398188882928073
CC_880044F77ACC,0.09268223500794277
CC_8809BCAC74A9,0.03583022227643005
CC_880E0019DB5D,0.030925906982405032
CC_880F027D886E,0.11909904775864749
CC_8812BC579F7D,0.07295255084568766
CC_88225FE57D82,0.2038303074174253
CC_88315318E9DA,0.3292619285255894
CC_883864E584A8,0.06811772626801232
CC_88469BAD58C4,0.04616150710567231
CC_8854EE679596,0.0817078476964557
CC_886273CC4072,0.07224170651873339
CC_8866B6D4524F,0.24809141615397162
CC_88A943606806,0.3338706425646397
CC_88E916A3F984,0.8154329597838746
CC_88FDC55C31A4,0.1142459202721412
CC_890D5EE59076,0.0267723589461865
CC_890F721517F2,0.10012862698450087
CC_89129D16418A,0.3382459888060955
CC_8917F02F9326,0.13173697534581116
CC_8920B6584A43,0.06038444977461112
CC_8929DF270419,0.7274938618923368
CC_892B119F0E5C,0.176324398506513
CC_89302456B9D5,0.6820668603761157
CC_893FAA6D1F04,0.7402776288191101
CC_895AF697BFBB,0.28757448301066596
CC_8961FF892F79,0.02736441865799106
CC_897674493060,0.06438116503435887
CC_898AFCD28B03,0.1164879202233561
CC_898CC919D10F,0.17992909804097096
CC_89A711195EEB,0.1493865995383186
CC_89B4DF07DF12,0.06769556087018413
CC_89B941079E10,0.09050391266548784
CC_89B97E9FF67A,0.10797861653776725
CC_89C5162E8055,0.1610479935812986
CC_89CA0F1E2DBF,0.22766464343234094
CC_89DEE29A78AA,0.10407664834069322
CC_89E089707730,0.16058756789666992
CC_89F0B865A6D4,0.09775323949622243
CC_8A04C5D4D02D,0.0651379969928164
CC_8A081AA1FB92,0.3338127270888844
CC_8A0C640E7A89,0.5282419588275364
CC_8A12B68246A6,0.03905186629516891
CC_8A14A46B280C,0.15487055635551744
CC_8A165A18560F,0.30086087146704904
CC_8A19196788FA,0.0660632265936148
CC_8A25FA445037,0.11629431692612091
CC_8A29EA87B295,0.13402307928534796
CC_8A2AC87CB22A,0.04799829251883664
CC_8A34634E7423,0.6101095163050753
CC_8A38BC1AFE57,0.07116612237579652
CC_8A4CAF0CD0F3,0.08756262703119555
CC_8A5A0429CAB0,0.13713758850432745
CC_8A6E60FAE870,0.0789926019647091
CC_8A7DA054E397,0.6942284887097557
CC_8A7F5FF4B421,0.23977911689127546
CC_8A8249A44847,0.11649690617068485
CC_8A8BCE16DF45,0.12953943165464632
CC_8A8EC764734B,0.072515082521139
CC_8AB553BFA00A,0.09578765994568378
CC_8AB57DC077EE,0.6630002963720016
CC_8ABA5808D313,0.06212116381616169
CC_8ABDD9A05C87,0.34577895031103995
CC_8AC7520DBCCF,0.16246520093510067
CC_8AC7F8BABF28,0.05862405848115137
CC_8AD67FB3A5CC,0.745925567802214
CC_8ADDCF5EDCC1,0.08793991955920465
CC_8AF1C3A0799E,0.7423003836781239
CC_8B388FAED0B6,0.1151507358447584
CC_8B46CA903D09,0.025573049349799953
CC_8B5819403FC8,0.6796100038747351
CC_8B581B8207A9,0.13141580072938855
CC_8B6DBEF19F46,0.15875079178566062
CC_8B8326C4C229,0.11431095495359922
CC_8B850FDCFC83,0.07967666062873159
CC_8B8F41F19B72,0.06955383115735796
CC_8BAF98C60957,0.13459408882180254
CC_8BB0824B181E,0.04920536316495503
CC_8BB963DAD9E2,0.15482226497841955
CC_8BBF5F939D7C,0.14604057035632562
CC_8BCBDCF4DFF1,0.0893534155499553
CC_8BCE343561CB,0.7487518699602311
CC_8BDA87361657,0.09327460161677878
CC_8BE68A4DB87C,0.07098755664676437
CC_8BE9BBD879A5,0.04198370050843838
CC_8BED85B91011,0.37950975352812016
CC_8BF68E552DA2,0.18824004687668194
CC_8BF832E6464E,0.8120493558097163
CC_8C1561920E84,0.23071356250852698
CC_8C2A7D9A667A,0.1635264272740159
CC_8C3A5DFE70B9,0.18261256413561888
CC_8C534CCBDA4C,0.21282893542527673
CC_8C6472A3EEAB,0.04814811235510059
CC_8C6B4854D16C,0.2519007290966819
CC_8C76DE4F58D4,0.0626856196320674
CC_8C7DA3F4F88F,0.07592261248598094
CC_8C8527DE7DD7,0.07393396591797709
CC_8C9416612FDE,0.3912247864078067
CC_8C9973F02AD6,0.3451267697510908
CC_8CA1DB61A2AC,0.04256399759186587
CC_8CA59CAE22F6,0.14582740919582027
CC_8CAFD04A6EDD,0.10964298019575078
CC_8CCCC389913B,0.6441179762322797
CC_8CCEF12DC7B9,0.18571950158986505
CC_8CDCD714BD1F,0.7977597711052067
CC_8CEC7987D1B1,0.0811417717405438
CC_8CF621ADAC0A,0.2834331964722756
CC_8CF8FE2A4B82,0.40931440155509957
CC_8D048396D9D5,0.09931708415593307
CC_8D1089C58563,0.5467426237824397
CC_8D35A37FC4B1,0.09620844966926893
CC_8D41E12FE5B6,0.13169688929234313
CC_8D4A859839EF,0.14794548187825504
CC_8D4AD431C55F,0.08185829391637105
CC_8D4D882CA579,0.11543692333218891
CC_8D6151025078,0.1035474373575552
CC_8D637233FE54,0.1602949027002049
CC_8D6AEBA2D7EC,0.09039187265302474
CC_8D6E16DED971,0.1834901980066369
CC_8D7329F79BBD,0.44201409173477685
CC_8D7B7307C43F,0.08649832000137278
CC_8D7B9D4936EC,0.7192312971308685
CC_8D80B1B44AE1,0.41247657433649076
CC_8D9516D61143,0.4157876412732471
CC_8DBB8445786A,0.08947959160724354
CC_8DC5B86D9DCC,0.7545863978675267
CC_8DC6465998DD,0.18504200546682265
CC_8DDD0EDA9CB2,0.1426570750350183
CC_8DDEF0265CB4,0.0518585670162208
CC_8DE06BEB95A1,0.09446255469845882
CC_8DEBB5B14A14,0.14452636841031796
CC_8DF5BE7F759C,0.05516798699532072
CC_8E0ADCC71F85,0.0494979524208679
CC_8E0BD86F6F0E,0.08496276398099555
CC_8E143BFCF3E5,0.10960539869537214
CC_8E170A60D71C,0.37402836129834116
CC_8E1C3A21FAEE,0.09442483613304893
CC_8E408E18F060,0.09870413381839117
CC_8E42FB163DA5,0.8037430789649982
CC_8E47536D29BE,0.2809588342408613
CC_8E50AFFC5BBD,0.04792742077682044
CC_8E5FB1035354,0.16397024047796227
CC_8E7B9B8DD1A3,0.08941671058621066
CC_8E85B08196AF,0.02889205465872143
CC_8E96FC75AE5A,0.07440975689272063
CC_8ECAB5A6C7B9,0.0722198394703717
CC_8ECC4C7A6638,0.5102695483061475
CC_8ED6F13C35F5,0.16229873428063737
CC_8EE5E9467038,0.17216305011538036
CC_8F037E5AE692,0.044113914363067205
CC_8F1A418D96B3,0.2815035337813705
CC_8F1C4014F91A,0.13267076456553797
CC_8F30A5FC9D49,0.08647116433351917
CC_8F3456F298F7,0.2127746537730488
CC_8F393D485C29,0.1326492825673946
CC_8F4A41130110,0.04078803067253148
CC_8F7AA6E4D486,0.1067839228198838
CC_8F887BE25314,0.15199550066493592
CC_8F90CD1A5E00,0.1565700703061838
CC_8F9B26042C4A,0.1103288229045439
CC_8FA9423E65C6,0.09863721170972892
CC_8FBA6C32E0A5,0.2736224418505644
CC_8FC1C50C41E7,0.07944261828348731
CC_8FD005425792,0.05994950606074684
CC_8FD6A223135B,0.13891853772082832
CC_9002450E1B5A,0.04593727912063391
CC_901CE62199C7,0.37705447773886763
CC_901D2136E1F9,0.1744560327051701
CC_902648F62345,0.1629593099064156
CC_902BF0612E70,0.15120746353308265
CC_9036F7423277,0.18954934453397174
CC_903AD2767BAE,0.7156793992205435
CC_903E4BA690FA,0.31510838052573636
CC_904386E31210,0.04933204598965174
CC_904EA6C846F8,0.3916209254769275
CC_90549DD3CC39,0.12339039634759982
CC_905739E5494F,0.0851532054094695
CC_906F852C69D6,0.6534644711362576
CC_907911F4930A,0.254492535795731
CC_90798A7273BD,0.1356136643348623
CC_907F3A8AFCFB,0.06351264864843202
CC_907FA7722881,0.10437010282806959
CC_90812D9F30FE,0.09140962451648851
CC_90870A89F310,0.03284976120374594
CC_90894CA021C3,0.57903132192893
CC_9092C5EBF5F6,0.04945506164916415
CC_90A10D649D9C,0.6889567054177588
CC_90BF8E127519,0.5821183461563012
CC_90DBB385A7F3,0.7091330263439173
CC_90EAD308012B,0.3158333327432024
CC_90F4BF0B868D,0.11571070968768407
CC_90FA39516EAF,0.07731175196723356
CC_9117894F31C2,0.17040110089211988
CC_911ED63BB556,0.36206036331493596
CC_912730AE6E8F,0.2977052344573578
CC_912CA7EE4C26,0.12740596948192212
CC_912DA46AAED2,0.07669101295371879
CC_9132E67EA479,0.1409520228538034
CC_913D95FB31E0,0.1600424335097142
CC_91529F20D461,0.7569750967303539
CC_91586318C780,0.03872749450496101
CC_915F2708219D,0.15208374012561565
CC_916CCF9CBC08,0.03018387322868023
CC_916CF77A29CC,0.08856017824085335
CC_9189E4FF82C5,0.1428865211855362
CC_91A27CB6139A,0.13428844798709258
CC_91B7A4A15A37,0.6214832980301086
CC_91C2077BA6D7,0.0779757181020761
CC_91C4CC43EEE5,0.1433768231778743
CC_91C55BE33AC7,0.05417822848408638
CC_91C81BC58B49,0.051849191449864704
CC_91DE12EE18A7,0.375312397094121
CC_91DED13CDCD9,0.16007727410369282
CC_91EF639761F8,0.14734833717852408
CC_91F23A7E743A,0.32975678847135503
CC_91F4C5E889C7,0.7393774329730356
CC_920E91EB28A7,0.18443654874560567
CC_921481F5F77E,0.09930298017079273
CC_92221DB27176,0.17173186558081754
CC_9224D5677C66,0.1234577568090492
CC_9230B9656F93,0.20019204238219399
CC_9231D0F8A993,0.7289584308036459
CC_923727159A8F,0.04490004757965869
CC_9248706729D9,0.03401622758758777
CC_924AEB5DD991,0.18463993682909455
CC_9250BA851692,0.30895010566564135
CC_925BACE3417D,0.0986242464295144
CC_9260CD0D7C0A,0.11412952447090938
CC_9285EB21B38A,0.10913467199878016
CC_92A09F03DAB5,0.7975724946388811
CC_92BC35D7F9CD,0.10585564306073117
CC_92C5FE9E5B12,0.6876492719608324
CC_92DC8CF8C902,0.08600351530859221
CC_92E006664648,0.2511064220343694
CC_92E4EFB9F0DD,0.11203308316439897
CC_92E621E0298E,0.1817542036064949
CC_92F412AC7D22,0.06819139459363265
CC_92F42886B7E4,0.20159437015386011
CC_9301E23D376D,0.6060222867984544
CC_931133320380,0.19083179192719427
CC_9314B6D8B7F2,0.06629503581995641
CC_9337E3B43211,0.1828484337481479
CC_933E044F26DB,0.0876317402696678
CC_934BB89938A3,0.0912713732312218
CC_935296A995DA,0.12606641227399476
CC_935326AF26E2,0.16339391531384476
CC_935B72B8E7F0,0.048117088589596214
CC_936FF3C9BE68,0.038660076752404154
CC_937FFE1718BC,0.036609184999308174
CC_939F92AEE460,0.7884506769321828
CC_93A4365B25CF,0.7980593689765342
CC_93AB9D6A7EFA,0.08721657054918829
CC_93C719738590,0.8034722625196529
CC_93CB48930B37,0.1943307177870282
CC_93D24FAFD21D,0.09413336898194556
CC_93DB5F477493,0.12257296892320224
CC_93E1CAFAD44D,0.06426941706031064
CC_93EC9F853123,0.20460397690646265
CC_93FEAF515A8E,0.04222314203740691
CC_94063A67F136,0.2991085652001238
CC_9406E32819F5,0.06346166162976558
CC_940971CBC1A4,0.15151261544819636
CC_940ADC8DEA3F,0.11629315474309274
CC_940C7E8E0C52,0.2192037402158151
CC_941DD2E1DE56,0.1549978429344475
CC_941FC1FD0D55,0.20414757302974199
CC_943B720DB5BB,0.0970583499748015
CC_9440309323A0,0.13255899510664762
CC_944B461BC558,0.06326302089444386
CC_9453654BACE9,0.1842115839556691
CC_945888CEAF10,0.34018127060295267
CC_9458D4A483A8,0.11181071576738252
CC_9464BA7E98B9,0.07816725517089324
CC_94794B478A5C,0.3207796901536093
CC_947E58EFF90A,0.09039992524662713
CC_948537FC17AA,0.762730498331917
CC_949576D25153,0.08015266263398513
CC_949B8CEAD619,0.08462129400230116
CC_94B4E05906A9,0.13128635440108094
CC_94C3B6F3B0CC,0.12901797658246078
CC_94C3D9D8FBF3,0.6373282197479848
CC_94CD530B2099,0.07365579281584754
CC_94E9D1E527E6,0.03001254391145816
CC_950450C0845E,0.3894668400572606
CC_95169A4360C6,0.04407684867212584
CC_951A69571676,0.04936787487819251
CC_95232636844F,0.2153271993466831
CC_953A5913EDD3,0.16678203769735406
CC_953B678083F9,0.07723125472779863
CC_9541BD0604B6,0.1746710210551296
CC_954404C1BEE6,0.38909732891217735
CC_95444ED71872,0.07973839524344552
CC_9544B86C78A6,0.719459101407474
CC_954AD7E7C8F1,0.15451132215578736
CC_95525CC6C854,0.14234244742720123
CC_95573B318A91,0.04053680436021074
CC_9569309DC18E,0.08714497062863318
CC_956A2DF28600,0.19774221854632643
CC_957C7A0D7B72,0.3414100214996897
CC_958BECCA0BAB,0.44848250233633213
CC_95A6C4DA2F12,0.6145216888239713
CC_95AB75B5BBBB,0.1242010692016921
CC_95C1274DD7DF,0.023344798045577434
CC_95CD8F6A8CBA,0.03574136011491403
CC_95DD4DC604BD,0.16580293190089915
CC_95E1AC08266F,0.13823893058840647
CC_95E3DDCB74EF,0.05291676844944309
CC_9601384AC971,0.4469914218434162
CC_9608A73A8025,0.1569279223615587
CC_961F3BFBDDAC,0.8537714943121458
CC_96206C1277EB,0.27671231675226216
CC_96396AE6347C,0.19059436948193348
CC_96416D2A937F,0.19680043662505098
CC_964C2E0B00C1,0.18083613011663402
CC_9657A2A04BAF,0.21538668693895788
CC_9662D713B7BB,0.21838333322453554
CC_9664F83B7F1D,0.16728339024660724
CC_968AF836D0C4,0.04581273517735153
CC_96A6735A4317,0.06905167692596259
CC_96BC62A4A0AD,0.21757994186401414
CC_96CD75668A6C,0.06293789352429709
CC_96D928252719,0.37258336564204064
CC_96E40BDE9A6C,0.11238609677139662
CC_970116768415,0.22548541976541087
CC_970E94875C2B,0.7545149280808152
CC_9721C8A61D80,0.07293309423619558
CC_972313B0F814,0.16582326647292234
CC_972FD8FFFF63,0.5444938861622131
CC_97478A77EC17,0.1739585758951188
CC_974D14774BD8,0.055125224671578286
CC_974D86BD39FD,0.04621009630887789
CC_97508465AB76,0.12050522977717294
CC_975689C0CD6E,0.06191538233395934
CC_975967702106,0.043280826745900905
CC_975F3F07ED23,0.04909152271839449
CC_976E0D9A64ED,0.36634398534179646
CC_977145B2B363,0.3839579370256183
CC_9772CABFE1D2,0.7945148549947835
CC_9773C1E6AC8B,0.618247846551322
CC_97832657396B,0.45995027149485174
CC_97963C337FD3,0.4704937335818433
CC_97978B581F20,0.16912318973587068
CC_97A9ECF23955,0.23229763231113063
CC_97ACD6D965F3,0.09113812475157412
CC_97C69AF6E34B,0.7250739412280118
CC_97D0E7256861,0.6751832378428078
CC_97DEBFBE2BDE,0.2723031147970597
CC_97ED469F2950,0.10941620293334156
CC_97EE84ABA6BF,0.30179078260432024
CC_9801B22BF375,0.10765392000014196
CC_9803B6D4D780,0.27006176818040367
CC_980E90C8A301,0.10530981684980187
CC_9814B3D08A69,0.07822519668337237
CC_9821BD45BB0D,0.16433946469618255
CC_9829FA0350F7,0.033157891165983736
CC_982CAA309A38,0.17757286063606623
CC_98346EBF382E,0.14152045850786796
CC_986698CCC6AA,0.14530219792400986
CC_988FC580CD50,0.11440420536114851
CC_989795BA3DD2,0.05667539746041068
CC_9897A1DFE807,0.07788516083557757
CC_98A2C8F4E956,0.07166947505305345
CC_98A3E6CDC707,0.10930305108312577
CC_98CE15EE1565,0.0520758786504093
CC_98D036D16215,0.058222124753849185
CC_98D09B14EE3D,0.4080509419287502
CC_98DB782DF852,0.047282211381535474
CC_98E2EA67BC97,0.06761561076444003
CC_98E6E7CF74AF,0.07187244375076547
CC_98EEEB2A83DF,0.6370941081383443
CC_98F3D3194788,0.112922769274425
CC_98F8A8CF4F9C,0.3282926995670959
CC_98F91BAB57EE,0.1624968735584787
CC_98FA377070FB,0.18561928220566776
CC_9900D0479959,0.31032761166445727
CC_99061A735C6D,0.22827299783969315
CC_99093EC1A2C2,0.1208556588920181
CC_99376CA4DC26,0.04344045171432303
CC_993A588895DA,0.1297169567306866
CC_993EE6417CED,0.07979332963905143
CC_99559319913F,0.04120200875407765
CC_9970123DCC41,0.3140393670304327
CC_998BB6848FDE,0.07558000641052054
CC_99958287B2A9,0.4960146856908162
CC_999BAB2D16FA,0.40783046748046836
CC_999C7029261D,0.7453086176674858
CC_99AA61D1896E,0.0833647510704535
CC_99C03E7D99CE,0.04704628631528917
CC_99C62022794F,0.08028451989514687
CC_99D46BE6593A,0.16450586030468894
CC_99D5A5371B39,0.15588866476225013
CC_99D79709AD9F,0.7702719314075827
CC_99D7DDAA460A,0.1595937415271441
CC_99FC44B3C58A,0.11475227609840041
CC_9A02B2A17C07,0.09501078444105182
CC_9A05DE55D408,0.20119767254717083
CC_9A0C42AA09BD,0.41267846529252794
CC_9A2B390551F6,0.0431695173207262
CC_9A2D66206BD1,0.518686046616143
CC_9A366E181FA0,0.15132833846015414
CC_9A39365FA850,0.6326318908696529
CC_9A42833BA860,0.03719232200501046
CC_9A4911A0140F,0.08445913380366216
CC_9A4FE1E8E0C5,0.42579442121683764
CC_9A51017C734F,0.35153019906849614
CC_9A5DCCD62D0A,0.35910899416795344
CC_9A602F492510,0.18154592414196344
CC_9A66BDD34B89,0.035515361945558765
CC_9A6AB0AB1E67,0.041325773645837865
CC_9A7049ED5656,0.5840469848133076
CC_9A7AF31828E5,0.08499883777984898
CC_9AA750377C6F,0.1149134644640994
CC_9AB359C82202,0.04698046644015377
CC_9AB7BF77EE83,0.7488638356411274
CC_9ACAC8474B9F,0.02227301911297179
CC_9ACCA4FB9101,0.06780596180376064
CC_9AE1529AF9E0,0.11543612110913617
CC_9AEE181F1156,0.2527095896720292
CC_9AFD130D3725,0.1010803401359595
CC_9B09C3353732,0.07684505195906668
CC_9B0D37817EBB,0.0760979035030408
CC_9B290B59155F,0.39516342652079084
CC_9B2D487C64B0,0.07876399095468373
CC_9B3DEC76ABF7,0.06837840737104071
CC_9B4F778D0A6E,0.17514858429852265
CC_9B581A92C2A3,0.39507751130515634
CC_9B5CA8C38414,0.1646535077584336
CC_9B6E82167593,0.19402436969100006
CC_9B6F6B2BCC05,0.34741649818607334
CC_9B7FC3DA1594,0.3433058386737391
CC_9B957DC280F6,0.16040086915749108
CC_9B997DF20042,0.3781956333495973
CC_9B9BC4B83736,0.07496076712286945
CC_9BBE1A16C04A,0.15359339399778385
CC_9BC63F1A568C,0.2534826756686336
CC_9BCB0166227D,0.22923996222660564
CC_9BD3DC96ACC5,0.11504070475072832
CC_9BDC5A0E43C7,0.42178855043882774
CC_9BF9485A3F9D,0.2328216257457715
CC_9BFE93FF2145,0.252877987829631
CC_9C0470A0536E,0.22877913917557768
CC_9C205AF09E47,0.5263685230562258
CC_9C30DC5C1E46,0.059116802185038855
CC_9C325B6CAD11,0.036496820496038904
CC_9C4A200D0BFB,0.4056664845781084
CC_9C5EAF238007,0.2467758758481563
CC_9C601C6BBD37,0.056092073808606244
CC_9C606C2C92CC,0.05457913053363849
CC_9C6192D3A16B,0.061102936765433075
CC_9C84FB9B1469,0.06570035246757655
CC_9C989433D637,0.2611439657374459
CC_9C9B2FEB4937,0.15169560066461027
CC_9CA7FBE1DD54,0.1474645134966156
CC_9CACA50F80F2,0.18307207719957871
CC_9CB40D552388,0.07434405130703575
CC_9CB8127D17F0,0.030456222054938427
CC_9CB9CE2989CF,0.721654552197843
CC_9CCE51CD83ED,0.7975761089965951
CC_9CDD2F3D0BE7,0.040722795510613245
CC_9CDEC693AA99,0.39420930068156956
CC_9CE9091AA9A9,0.23502642273206306
CC_9D007C60D29F,0.06179525522455427
CC_9D017774D4FC,0.670594940189593
CC_9D095EC1F232,0.26181340964925237
CC_9D1A1281C8FB,0.32846416632894465
CC_9D23F42B7996,0.4649590629883974
CC_9D2FBC479646,0.6898521803293156
CC_9D363365CAFD,0.07566150846642239
CC_9D44E4543573,0.189187134595378
CC_9D45F67E3B01,0.0723691995252613
CC_9D535DD207D2,0.082445549922532
CC_9D53ED53A15A,0.6058471530493971
CC_9D5D97AEE98B,0.5144080187807074
CC_9D5F2A5B6913,0.09103507680843125
CC_9D6BC1C470B0,0.504988013995069
CC_9D71FBDE765A,0.0466761552501698
CC_9D73939E357F,0.11251356371362049
CC_9D82F401BD88,0.6460331097821912
CC_9D8B4454BE84,0.25506758607248436
CC_9D92537645DB,0.06105372548044324
CC_9D95ADE03ED1,0.22040909480844764
CC_9D98FE7A1809,0.04486676405285578
CC_9D9D59757786,0.06413721127944126
CC_9DAEB38616AC,0.14417203780258903
CC_9DD55CC0E928,0.01870576251499379
CC_9DD6B460CDFB,0.23134928230888893
CC_9DD80B5E3729,0.08831006089242721
CC_9DD82B4310AC,0.42064553195119414
CC_9DD9389E8AE0,0.08493356750779256
CC_9DDA8ACEB3D8,0.07381847311631708
CC_9DDCD898D01D,0.12807806757683765
CC_9DDD90B42A27,0.8125208230898977
CC_9DF1807A4316,0.03355117510117305
CC_9DF786FD2620,0.46211053617173625
CC_9DF7B9B3C8F8,0.06645248006923285
CC_9DFF6E2AC586,0.1532461416335767
CC_9E0546BD7BD6,0.13648496818338474
CC_9E0BE8227931,0.09330025638615913
CC_9E1A205BA261,0.4105264125706771
CC_9E2967559B00,0.04993393902785468
CC_9E323A031449,0.7226566279700086
CC_9E377CC03D51,0.043857529324880504
CC_9E3B83584C12,0.1521611018447114
CC_9E3D46FF5709,0.5960219089280964
CC_9E4FA91B86A9,0.07329005948060502
CC_9E53534DCD6B,0.13162152720849774
CC_9E73656FC8C0,0.7253189175428976
CC_9E7430675033,0.17341630044781778
CC_9E84CACDD7B6,0.40080618295026815
CC_9E84E0E4C5BE,0.31857066549799523
CC_9E9C65275B4C,0.09005329416033045
CC_9E9CB6473D59,0.23928497830284884
CC_9EA4F11BE6C2,0.1609159266380539
CC_9EBE3F26F2FB,0.06207934443564204
CC_9EC23AB6C573,0.3401551430503542
CC_9EC34DDD0E53,0.045175342705543395
CC_9ED8EDFE8C55,0.06214215785373813
CC_9EF352F179D2,0.07621544903083644
CC_9EF505400F8B,0.6390655378811491
CC_9EF66D83B743,0.29941105983987276
CC_9F051572BFE4,0.2043008429031391
CC_9F151A782BAC,0.22393764571571906
CC_9F1A5DF4619C,0.3835232049031229
CC_9F1BF78ECD7A,0.08281156677665649
CC_9F263092AD72,0.15189477634145704
CC_9F36EC36A9E6,0.08479748242234755
CC_9F3D52242888,0.17800625946688775
CC_9F41F312CDBB,0.33751400279252525
CC_9F425167F9ED,0.1706468244761799
CC_9F6981E0009A,0.29717739312245456
CC_9F706DFE0AE7,0.02695125499462368
CC_9F7B525DD52D,0.3551351904421588
CC_9F8D5A5A9DAC,0.1574817414400788
CC_9F8FAE57E6A8,0.13568573742499845
CC_9FD1AB8E65FE,0.04084479807935426
CC_9FD2689202D5,0.12695617721808927
CC_9FDBB5C2CD09,0.035907940081894324
CC_9FE52BD71CA2,0.09840518714053915
CC_9FE8E62EB24D,0.09267169241459705
CC_9FEA59AEA00C,0.2796728769535733
CC_9FEA77B36A29,0.36860101279503055
CC_9FEE9701D16D,0.25931459898568643
CC_9FF35BA60E6E,0.28428461281232553
CC_A0003F08B22E,0.15179501418512192
CC_A00AE2543224,0.06525331351333996
CC_A02A29DECDC6,0.09592450031713642
CC_A0336C21117C,0.654630317733506
CC_A053B42BBE0B,0.07076585881692773
CC_A0591F16FA37,0.02933202056960307
CC_A05F962C80FF,0.1588233221052534
CC_A07B0549E53F,0.06221828490079311
CC_A09F230CCF5D,0.6638186982290752
CC_A0AED6346ECD,0.1983807674658699
CC_A0C4A796643F,0.09871901976952692
CC_A0D6DDFB430F,0.05687096032819629
CC_A0DF672F9C4E,0.12113247039926882
CC_A0E8C7C5558A,0.2707336734092602
CC_A0E9269DF22C,0.5139698376257881
CC_A0F1DB5CB28C,0.10061201692329991
CC_A0F42B26F8F0,0.0537968278761593
CC_A0F8F80EDFB0,0.06066813013559253
CC_A10AD9550E4D,0.024352944277776213
CC_A10EB26E5EE1,0.181687361923758
CC_A111B065F623,0.06853746494426591
CC_A113D95B4AB2,0.1429194591518825
CC_A1320C0F0129,0.7302975266167098
CC_A1348D850EFD,0.7730521391505762
CC_A13D08B372E8,0.05517182620333837
CC_A143E64BD9D6,0.3494265941042979
CC_A14B0A24DC3C,0.10894119927295667
CC_A15137F25F7C,0.07278013655915819
CC_A152DBEC5BE7,0.05020793006747095
CC_A1591CFF6D81,0.04193598983247841
CC_A168CCB582C6,0.3641272596968227
CC_A17DC38133CE,0.7748383011564908
CC_A185D5EA3DE8,0.6389695598594318
CC_A19C842508E0,0.13705038516994683
CC_A1B648DA406D,0.023303006563217155
CC_A1BF7028CAA8,0.020350554012532066
CC_A1D035FA36E1,0.07927494554013428
CC_A1DD653D41A7,0.08678882508501584
CC_A1E3AD4B934C,0.2895583859566007
CC_A1E58421CE87,0.044991726538407925
CC_A219144EDEFE,0.059408056361722555
CC_A21FCEEBB3C3,0.4559856993554919
CC_A220E4278D79,0.03605627808938993
CC_A2231BDC961C,0.26285731503296894
CC_A234E219EFC7,0.3450671334171228
CC_A239B1BD81FF,0.062152897941554736
CC_A23D8CFFA31F,0.07086325450106172
CC_A23F463F4B4D,0.03259625797436366
CC_A23FFDC4A7A4,0.08550146631047996
CC_A2423E273F84,0.1133252049912824
CC_A2493E6036AD,0.3145099126570519
CC_A25C54470CED,0.08338313112293684
CC_A25FA690BBBC,0.12319168943404613
CC_A2636CF7C075,0.0888842562466199
CC_A26C22870E3D,0.45377991268922657
CC_A26F6A272B3F,0.13086226311352564
CC_A27CDC9BCBAA,0.18118677672270528
CC_A27E5269DA60,0.1938517647335646
CC_A28D4A46B6FA,0.10366405611271826
CC_A28EB319030E,0.04089682883345934
CC_A294D3A59462,0.8017710078148141
CC_A29D8034C304,0.05524751455079994
CC_A2A109409963,0.04841376027038612
CC_A2A4FA5F9962,0.11258887852847621
CC_A2A7E30C59D0,0.1502169684792996
CC_A2B5D2D4E269,0.5365319265825127
CC_A2BB24180208,0.2770683414798836
CC_A2CF1DFEFE46,0.48693994601478197
CC_A2D6090EA5B8,0.1560000531510447
CC_A300BC40BC9D,0.040590409762919194
CC_A3212501F639,0.18738116643808128
CC_A3278A566572,0.0580408142868252
CC_A327EBE4F783,0.1682463847719302
CC_A32FB6659B01,0.07221443781750933
CC_A33915EE72B6,0.2134816395327557
CC_A33D350BE79E,0.17428000797240883
CC_A3553B8AA8F6,0.09289780196941193
CC_A36EB077BF3C,0.025559471449180728
CC_A3753EB66DEC,0.11761870000850827
CC_A378342AC9BB,0.1551076994399924
CC_A379E9455C60,0.1475160546970643
CC_A387ADBD7249,0.0886345146643685
CC_A39E961FC29F,0.14998610747156205
CC_A39FA1EF0B16,0.2625216670482455
CC_A3A4E39FB04D,0.16335047569773062
CC_A3A751BE68D2,0.03404447076286729
CC_A3ABB3C5E9D5,0.6422058097386938
CC_A3AF9C2C68F1,0.17716471510929033
CC_A3BEA14873AD,0.12948869489351392
CC_A3C2FEE13C37,0.15283349252081058
CC_A3D6435D5F17,0.15322540869509343
CC_A3E3E51AD0E7,0.04398393649411736
CC_A40566694D53,0.22700734740661122
CC_A410C0DC7125,0.037900350560474166
CC_A42168D2B94B,0.08296554693530872
CC_A43CED9AFEF5,0.439015194264951
CC_A4475A788D13,0.127608281479552
CC_A44D677C0C07,0.041788284609262705
CC_A44E2673E71E,0.03919813505412517
CC_A44E79A96425,0.3613352755235636
CC_A462CA147DB9,0.10985899382822106
CC_A4660E424386,0.2058482808869656
CC_A476C9F116F6,0.14143816824795746
CC_A47C83B6EE2B,0.14506481360386925
CC_A47F8594678C,0.2736718614447618
CC_A48A7592F96A,0.0570930279357719
CC_A49195E659EE,0.05896909240779212
CC_A498A936AD21,0.10798264557564972
CC_A4BE6692361C,0.6117345252069227
CC_A4BF2115580C,0.07387599898536101
CC_A4CACCD14A0E,0.10990305870401579
CC_A4CE57A1AB74,0.05902180508436853
CC_A4DE4F1B5F93,0.20750572902499226
CC_A4E300558DAB,0.05805304115470444
CC_A4E972915D89,0.7586302308939414
CC_A4EEA04CF3D0,0.1926626682853005
CC_A4F400E9A0ED,0.04685730027312923
CC_A4F550D7F95B,0.1970632084851526
CC_A4FB91B1BF31,0.20396755815967882
CC_A500C1ED0A33,0.19402614068011415
CC_A50471962A96,0.6887205573633618
CC_A5161D8AA57D,0.11665207019462943
CC_A519C84307D2,0.07480730403946452
CC_A5277A9BE02B,0.7109543824597037
CC_A53578FCEA71,0.12197638575747621
CC_A54EAD1CCE27,0.14512289195779282
CC_A5512DA239BF,0.14319545374794057
CC_A5545DF298BE,0.07041147216956041
CC_A556EEF3010C,0.43807566915898255
CC_A56756C65136,0.31404181004751586
CC_A5852E06D2D5,0.23789939423997075
CC_A5886994671C,0.1492511150124673
CC_A594D8B41A99,0.04559162183924868
CC_A59C6A6B71C3,0.07208570671336777
CC_A5A06987AF5C,0.201382154866002
CC_A5A1512FEEFD,0.1632802075136654
CC_A5ACE4284283,0.14600163436095204
CC_A5B10F07BCD5,0.0963072287166189
CC_A5BC9ACDB4CD,0.06729436574954462
CC_A5BF8B260922,0.44498314274683803
CC_A5C52379AE06,0.2680196054013221
CC_A5DD4441568D,0.02583563898606197
CC_A5FE3BE2949D,0.03532588342502957
CC_A60EF94F09C4,0.3304622513869518
CC_A628BE74CB45,0.12774817932222876
CC_A6292E9B43AD,0.05910701741843735
CC_A638610BF8F8,0.10440251561575249
CC_A63BBA86CE9A,0.3016713860315859
CC_A63BDDAC43CB,0.0641567905663338
CC_A6409E37A735,0.12954175026648657
CC_A655EC341406,0.125534700194569
CC_A6562E47BFC7,0.19745942708142405
CC_A6563A22D668,0.7202976280192032
CC_A6601278C1BD,0.1054863273287569
CC_A683678AC9FC,0.34104459860848046
CC_A6864FE80A94,0.08936264899874907
CC_A69117CC3C24,0.170692923269108
CC_A69928C7D217,0.1603235383745874
CC_A6A8BAF7124A,0.2899522240384883
CC_A6B7DFC69AAE,0.572262421837542
CC_A6BB595B55AA,0.05823756539994675
CC_A6C5284C4586,0.0844608466590867
CC_A6CB0D0191D3,0.08270487334838723
CC_A6FA3FA9F0FB,0.10377704921206407
CC_A6FDADD23BD7,0.04117117395706445
CC_A6FE3938F001,0.18176201250524654
CC_A71DB65F0BBA,0.6533489000364744
CC_A730F4964FD4,0.11519801071688537
CC_A73C02C58DDA,0.10877677967930185
CC_A746BC2289C7,0.290267326978369
CC_A766C3608214,0.12132780660635382
CC_A76F48111A8D,0.13351030618014348
CC_A77AEC8AD2D1,0.020932891540112374
CC_A781174166B3,0.1793332352572
CC_A79024286DFF,0.05894139914100305
CC_A792720B875E,0.09576615228803428
CC_A7952C2BC5B6,0.07684661998844654
CC_A7954EE1A1C4,0.03920748718843685
CC_A7991E6B3CAD,0.2191831695917073
CC_A7B141DF4AAF,0.05880355594119403
CC_A7BE2CED0B93,0.050857436088693864
CC_A7CF446093DD,0.2506028230057794
CC_A7D1C6692090,0.07910591169839302
CC_A7D6CAB54328,0.45658292069283213
CC_A7D8D1DA4EA6,0.12447793398789626
CC_A8102BA6933F,0.04657789003491658
CC_A81C1EDC5FE0,0.09099041919201578
CC_A82C0FDDC303,0.21712673082362988
CC_A83F92C0CABC,0.14489197724724281
CC_A849B0F60EEC,0.05474642893494721
CC_A852AAB180D7,0.040154985028813275
CC_A8536626873D,0.20961954016109152
CC_A85F953FFD40,0.34931144239015016
CC_A865A3F1E28A,0.6827904788358964
CC_A867253FC73C,0.7445654110278505
CC_A877592FE1AF,0.05593865149391902
CC_A8AE26057851,0.17171099967494186
CC_A8D50530622B,0.12349256529602938
CC_A8D5C834B061,0.726078557402767
CC_A8DF49EED27D,0.8013051784572698
CC_A8FB53A944AA,0.08731860845007611
CC_A8FF19BCFB18,0.14407277611510072
CC_A9042AA97760,0.05522222001973908
CC_A917D68B7F33,0.04667925530661234
CC_A925B3023F01,0.1512284721153449
CC_A93A49678A0E,0.6978229926538418
CC_A944C14551E0,0.11368720936519645
CC_A949A4D6CFDF,0.02597732505047613
CC_A96085AAACBB,0.39812673274759636
CC_A968E7B519AC,0.5784454439559022
CC_A96F61DA3920,0.26527436252633857
CC_A98AA461487F,0.04463434147829908
CC_A98DE37F48B1,0.027243355792089804
CC_A99526CAE7B8,0.08298722482885366
CC_A9997F50D935,0.11670851305644901
CC_A99C3B09B728,0.05285904903313729
CC_A9A0DADE60F5,0.24492927911950807
CC_A9E27E0F8BF7,0.10704239619243155
CC_AA06B8C44B08,0.5721991703619769
CC_AA078692F54D,0.03918126354724665
CC_AA3181148667,0.11242337430175589
CC_AA36C8AD0AD4,0.08902200022172571
CC_AA36F0397FF6,0.09052028200030345
CC_AA3A8989A632,0.649335174794188
CC_AA4A1B7522D9,0.09294561650954626
CC_AA4AE0378324,0.2208897208838942
CC_AA5E4D5A692F,0.1655744441918719
CC_AA68EABEE4B1,0.08252842669751285
CC_AA6B5A7A5B67,0.07825178460525371
CC_AA6BD423C239,0.4007228517702742
CC_AA7074B42A4C,0.48916643072370625
CC_AA7A7F3159DC,0.09159578363910545
CC_AA7BDEB972E4,0.11069795649742858
CC_AA83426311A1,0.07124463138305363
CC_AA8F7D307212,0.14498186263269353
CC_AA994120654B,0.0735859499469493
CC_AA99CC1D0A77,0.09994296024692502
CC_AA9DF917E958,0.13229737522923338
CC_AA9FC6678135,0.3243526681915521
CC_AAA47EC0D4CE,0.08662813253225184
CC_AAD9F600283C,0.1022274671915884
CC_AADF003A3927,0.07100910800807052
CC_AAECFE806C8D,0.23016579710049626
CC_AAF2022B9CD1,0.170240834511583
CC_AAF445E4CCF4,0.06994087393930164
CC_AAFDCAA5CA06,0.6686692862641415
CC_AB0384E131D8,0.175278885395556
CC_AB0A4F4A2968,0.21561602554312803
CC_AB108580856A,0.08495762313739715
CC_AB10FED15FC0,0.813188928880147
CC_AB176233A184,0.04859620840122394
CC_AB250982887C,0.11051817876782236
CC_AB25C565EA6F,0.07023717686361347
CC_AB31BDAE74E0,0.22897456242771153
CC_AB38A76F5698,0.3953707980283026
CC_AB38F588BDD4,0.16078922726579226
CC_AB3DB55C9A2E,0.17417347008647438
CC_AB42A7DA8FAE,0.18077090669006984
CC_AB486E8855F7,0.10858772983997945
CC_AB4A79BF0F21,0.0400273813794797
CC_AB7472FE1C8B,0.04747393695232294
CC_AB78F64D1DA0,0.11517205617416046
CC_AB821E2FB031,0.058293135144675406
CC_AB873276D910,0.04815202252231869
CC_AB8CF3C05B61,0.09640731266512687
CC_AB8DD8448ABE,0.3227665147374165
CC_AB953366A38C,0.09522753627881776
CC_ABB193697B23,0.6131831833041035
CC_ABB3F0A040BD,0.12258017349851263
CC_ABB618AD3E52,0.21766825880108276
CC_ABC0DA7DAFA5,0.036778756203515145
CC_ABC49E43DF40,0.6301320650998081
CC_ABD89F61734F,0.11229173331741826
CC_ABE04CDC2866,0.5816458722016822
CC_ABE98746DB91,0.5476962987236906
CC_ABFDF22BBD97,0.06152580763063376
CC_AC0498A54CAD,0.2120035167940867
CC_AC1C23EA2767,0.3147102660462825
CC_AC1E028B2A1A,0.09895210360465971
CC_AC255B902EEB,0.16424034800227624
CC_AC44A88F7869,0.05846643527128965
CC_AC51CBCACA63,0.10810021006259775
CC_AC723E5F5EFA,0.03927537029746815
CC_AC7994A5FDC4,0.10198182747274552
CC_AC7EFDBCF2E8,0.7248011292953193
CC_AC8A45716CD8,0.12636022717881581
CC_AC8FB78319A0,0.028999547049116354
CC_AC95C517E726,0.09361373839686793
CC_ACA4C6C9316D,0.05573561183814831
CC_ACAD97A186F4,0.0796668663672408
CC_ACC12168D6A9,0.15058212611483535
CC_ACC53294D3A0,0.08083714563441521
CC_ACC6A74A8BEC,0.062105091158639075
CC_ACD94D2B1200,0.061146800704528756
CC_ACD988315902,0.034121967143702726
CC_ACDA59536C9B,0.12125160884169213
CC_ACE5A4081F6E,0.17968809591507662
CC_ACF4F9A2CCFC,0.17827582426975383
CC_AD0D7D212968,0.29919473250082956
CC_AD131D09EB0F,0.12200774566132552
CC_AD13C87CF26E,0.18666828569277627
CC_AD2050A0C79D,0.15629185947244192
CC_AD276D71D3A7,0.29817130797227204
CC_AD2C54521FE4,0.19654760719037717
CC_AD2E59624FEC,0.3792856521034914
CC_AD3A36AF2840,0.2527280300332169
CC_AD3D286D0B68,0.16998817210596237
CC_AD46818E459F,0.6338029047999386
CC_AD4BB2E22EA9,0.19752868991095943
CC_AD4F7F88242F,0.2960648327870792
CC_AD58ADCD54CE,0.6994066090910791
CC_AD71619FA389,0.11494024165832442
CC_AD84592B950B,0.06698334321600305
CC_AD9898C0E8D2,0.12236923499654748
CC_ADC70A21D661,0.3266553925571422
CC_ADCF16189AF2,0.2170082077193169
CC_ADD894E6E4F4,0.34436356066643126
CC_ADE899835555,0.13679197382452785
CC_AE0D73A1EE19,0.3737592765263117
CC_AE0F08EA3935,0.17785951415002288
CC_AE23B59E6FC8,0.2889825697445759
CC_AE289E013D60,0.07398566844163092
CC_AE34D3F7F224,0.740491838522628
CC_AE4069D8B4F6,0.20352299503221183
CC_AE4896E2BE76,0.7244473729383519
CC_AE51DCFE0671,0.07280040108395455
CC_AE69FEA8DA68,0.1513547985205508
CC_AE7C129CC90F,0.2131206475492351
CC_AE7CD49F20AB,0.17011759705442162
CC_AE89526E0335,0.17577360638441
CC_AE8D62CF30C0,0.0936753594695715
CC_AE8D9CE8D6FE,0.03366862065581831
CC_AEB019CB9065,0.16545576226611858
CC_AED1D50AF584,0.10955459548171421
CC_AEE546316FB0,0.22675404956833395
CC_AEE5FA00FA6C,0.4119181096093528
CC_AEEC765D157B,0.0392592576086879
CC_AEEE44D6C8A4,0.022189045928699823
CC_AF14FF3EF570,0.32631519795424296
CC_AF1C3ACBA6B2,0.11194400005531271
CC_AF1E911C98B6,0.3036681528778381
CC_AF337F410520,0.07796503918849015
CC_AF3C7BC3BA40,0.10130356911781939
CC_AF41E4075C87,0.1736000875234138
CC_AF6B4405276D,0.7082887935250652
CC_AF78FE0BDBEE,0.10252509517600687
CC_AF8238D9082F,0.05263644255549348
CC_AF8CA6EE53C3,0.06096139046720479
CC_AF9AFA7C49A8,0.10296790904750168
CC_AFA1E3D3C685,0.17636330531373223
CC_AFA680030CB4,0.6257541534611964
CC_AFB351270B8B,0.035793746219281136
CC_AFC405AE0029,0.07813070960979
CC_AFF90422E4FC,0.37958122699679575
CC_AFFBE2744B87,0.7716206354219686
CC_B0043CA53FCE,0.07707928002890581
CC_B01B2BD4EFD7,0.2458413569835287
CC_B01E87EB9940,0.14406245506407805
CC_B0273E66E2A5,0.16151068138715455
CC_B03E98085A9F,0.06693492002452639
CC_B0420D8C42DC,0.5030013600896686
CC_B0497BEB9F6B,0.13793143173866468
CC_B04A5E60B69D,0.08444666118004915
CC_B04D5517A193,0.11611523029572872
CC_B05FF3A960A0,0.2117234930550559
CC_B06A532EC131,0.28484601795251363
CC_B06D33A6761F,0.13195434427594008
CC_B074D4472CE4,0.03987048789784977
CC_B07CE95BCD88,0.29074194739431397
CC_B07D79368225,0.11998870673447493
CC_B07DD1ABABCE,0.7383483304502004
CC_B086C2D77820,0.1682703148876521
CC_B088DE9C9E3B,0.2327557470223082
CC_B0CD7932067B,0.10071029411201304
CC_B0CF90073A5E,0.6612604218400255
CC_B0D397D86639,0.6561548912771109
CC_B0EF4FD19FEA,0.09295405909113835
CC_B0F2F9514AA3,0.07812533731905416
CC_B0F3B79F51C8,0.15342345227159432
CC_B0F4041B1C76,0.02336980747847378
CC_B10FE31C61D5,0.09677097861359164
CC_B114E8F19D65,0.16709036744293554
CC_B117F0E3CAAE,0.13769574269138599
CC_B11D58F331A9,0.03165702066796749
CC_B1262188BC41,0.11811123743172103
CC_B12FFB2FF21F,0.08296975376858028
CC_B13253F34A9F,0.029949897443045416
CC_B137E2BBB53B,0.0706994157680576
CC_B13FEA7CDB99,0.07460289847354175
CC_B1481ED21111,0.03232147781465053
CC_B15BE5C9976A,0.22824791312767878
CC_B15EB6933578,0.08393491421700477
CC_B163CCB3BE4D,0.10614093710715894
CC_B16DC354FD71,0.378505474395739
CC_B1777349EB15,0.15791649367912097
CC_B17C6CE0231F,0.2615466701933219
CC_B17CA8C22E5C,0.1203122912031516
CC_B18F3C9C30E4,0.13456731630565746
CC_B19CD93DDC96,0.054261906526875896
CC_B1A647674B84,0.10256936724001124
CC_B1AEC2E5E33B,0.23825850317697767
CC_B1B5C81AC0A6,0.05422444528078239
CC_B1B932EFD646,0.1514043140149662
CC_B1C3C0B52B88,0.2709457569812575
CC_B1C7216344F3,0.08529817097165694
CC_B1C982DBBD12,0.31316530612696575
CC_B1D81F8197B3,0.3347355402751985
CC_B1DF1DCBDC7E,0.5486658205952633
CC_B1E2C36607CB,0.06605682181660652
CC_B21351C93D8C,0.12149347103880684
CC_B2174860AB11,0.7271262819915557
CC_B235818E6A04,0.20267465309264257
CC_B23CDE30F00B,0.08088877714455925
CC_B23DE4971DF0,0.41819124501259536
CC_B23ECF574D8E,0.04927276012866618
CC_B24C41DDFBDA,0.22772060270864167
CC_B25EC73B9510,0.13596190902953503
CC_B25F69904D0F,0.06940535042108256
CC_B25FB6C11D05,0.6795338865350958
CC_B264F2B92259,0.5793404886433419
CC_B26B8FC23F1B,0.055841889772855646
CC_B272E29922B5,0.11737466803327626
CC_B27AA8E27BE7,0.11373904737842527
CC_B2A68FD3C236,0.08437454406117281
CC_B2AC50C00979,0.08897048465363297
CC_B2B16D7B821C,0.18939714363568577
CC_B2B32F1511E4,0.14069472901729363
CC_B2C241A93527,0.07195548843467427
CC_B2CB104FED6B,0.6495955922397528
CC_B2D352013F92,0.10179969675390378
CC_B2DF694BAB08,0.09839037585490781
CC_B2E993A9343F,0.19337340695688865
CC_B2EF61C93AB6,0.13595461804720932
CC_B2F94405EA89,0.11052322699973524
CC_B2FC07BF6251,0.04104656587247411
CC_B301A65B4164,0.10619322234073804
CC_B313E3A208A2,0.20020319886711146
CC_B318FF5D976D,0.1288587998592033
CC_B32AEF0A2299,0.05715521324124468
CC_B33BD3C618EA,0.0766190344043226
CC_B348627365A2,0.12698387024763486
CC_B35109450BDD,0.03314096442362765
CC_B3528B870544,0.0886028230353046
CC_B3530E7CF8F5,0.1271989482603916
CC_B35C5B1DB9C1,0.06855700776881746
CC_B35FF59389D4,0.18470641266084548
CC_B3812C6700F2,0.6516300077458783
CC_B38280B483B8,0.12248612653532803
CC_B38B694A18EF,0.48073793730295084
CC_B392BDECD913,0.33633449417688105
CC_B398DF1ABAD4,0.04068242478862108
CC_B39E75E151A1,0.11701476709555378
CC_B39FD0E249E8,0.04313672680279226
CC_B3AA0891CA5E,0.3827612075874264
CC_B3B1C8EBE5C1,0.1273778926677116
CC_B3BBA28E2D39,0.44057508347343777
CC_B3C4DB0303A7,0.09146134131311225
CC_B3D32FE823B2,0.023751985680513496
CC_B3DA429C6C8F,0.07384144517121914
CC_B3DC5786AB0F,0.1766652789568416
CC_B3EA537531A3,0.14961384917672244
CC_B4096D3A38CE,0.03615289702121302
CC_B41EADCCC95F,0.05564722534991485
CC_B421940B9A48,0.644279929214291
CC_B42B3B83935C,0.8189254989149027
CC_B436B1CA6B2F,0.04989266158036832
CC_B439B06AF274,0.26331461304241066
CC_B4482E7879F4,0.07015593113652115
CC_B4660022C612,0.10694606271710372
CC_B46B899B4A63,0.13246490482283033
CC_B470280A580D,0.1376972666266133
CC_B471D3BF0C72,0.5394257497827157
CC_B4751DEE43CD,0.1649104609525977
CC_B482C254BAA5,0.04917716355620302
CC_B4889D036D3C,0.7266800382070363
CC_B4950F811C90,0.12944542717023838
CC_B49A6DE7A340,0.32609271766768855
CC_B49CD4C13DE8,0.34565078062929966
CC_B4A90370CA96,0.48714401466927626
CC_B4ADE6BC8A10,0.6752706206947906
CC_B4B6F805888C,0.03367909735538022
CC_B4B8F66BF4ED,0.6757474257698735
CC_B4C6F80DEE44,0.025064902813818915
CC_B4CCE78C09EE,0.1582827519832006
CC_B4D68D1C1C55,0.15946552426421945
CC_B4DAED63089A,0.15455739788435227
CC_B4DD9841E6FD,0.24303938992480348
CC_B4EF6743DDCF,0.07035506400327757
CC_B4F67F73D097,0.08739833719298085
CC_B50EB15EBA18,0.10825317682570945
CC_B51DCAAF4549,0.15679888178752005
CC_B51DFF8702D0,0.5397672636302294
CC_B520A001BF69,0.08723632118069591
CC_B529919BF24E,0.6591068872862335
CC_B542342650A1,0.08396793864558473
CC_B54A106E91E4,0.04709516218327453
CC_B54CFFC21F2B,0.11569710401900324
CC_B55C134C04A5,0.19895721694484308
CC_B55C2DBF6D3C,0.19883817628625566
CC_B569705352B4,0.1060126859598605
CC_B56E74A967C3,0.05361626434586581
CC_B57519F33EEF,0.045107594825228456
CC_B582E4405D85,0.08181216048303758
CC_B585A11F7BA7,0.11980391765417395
CC_B59726D36AEF,0.18852589407143533
CC_B5995E4F1A21,0.12764552826586864
CC_B5AC2AAF871B,0.7400886095423046
CC_B5AD19125E1B,0.19969456486813247
CC_B5B1E42858AC,0.05320122037904425
CC_B5B7599E8BC6,0.06250942345242708
CC_B5CAE0595637,0.21763984645116266
CC_B5D49843A799,0.3379428376012109
CC_B5DDFC7AEE78,0.0976302563032026
CC_B5E29344F63C,0.19231412885980562
CC_B5EE5AE6378A,0.49308549175958283
CC_B5F2A93AD996,0.09907553368422795
CC_B5F611613A78,0.06364973672568118
CC_B6055039255A,0.7601101341094242
CC_B607B2B0AFB7,0.05229050183138977
CC_B60CFD0F39F9,0.07067675018830763
CC_B620087B1C52,0.4234187630302372
CC_B6203BBBD151,0.10043127598393481
CC_B622662E664A,0.16469125594534526
CC_B62C9A2BC846,0.15645487599621744
CC_B636210548E5,0.35397159528384264
CC_B642C6714501,0.06007632758225323
CC_B64F81B8A263,0.11664220536628073
CC_B65CA581B9BD,0.13853357931936156
CC_B65D1B9B6F67,0.12082563703660208
CC_B661A8FCA431,0.04292918104598081
CC_B66AC40957D6,0.13014034317770154
CC_B672B35D1162,0.7309314814541203
CC_B68379D197F6,0.09143616672668098
CC_B6923D10FDA2,0.1348122720185616
CC_B69CC776BBE6,0.2407797451875478
CC_B69E50D76B29,0.10301778697202833
CC_B69EAA8C296F,0.20750796074155867
CC_B69F7CB8CDA0,0.09697763463325917
CC_B6B4AD157354,0.15831691299274517
CC_B6BD764CB8B9,0.20143158737020966
CC_B6BEC3F4BE91,0.1338171670045741
CC_B6C13F4A610D,0.2827042287158562
CC_B6C1C3B5766B,0.10500403762069385
CC_B6C72241926C,0.14733139059118355
CC_B6CB40E245D7,0.6044802307751217
CC_B6EE58A108C5,0.06189455706722208
CC_B706F631F5BA,0.03331072152186262
CC_B71DC1206985,0.13937003809011705
CC_B72284CED807,0.18450568686244578
CC_B727865A5B5F,0.6035710397242221
CC_B72FD7EFA6BD,0.19038288151443927
CC_B7365B5A3392,0.7732870064669197
CC_B73820D308C9,0.11111064735590703
CC_B743560D847F,0.08941533171621005
CC_B76EF26F7C9A,0.32600227086352157
CC_B7764FC130E8,0.46130143917709715
CC_B77B73B95532,0.11456281253333167
CC_B77D6653C7D4,0.030499785144537876
CC_B77DA6B77DEB,0.25909774322669915
CC_B783AE19622D,0.14652972504205053
CC_B78761738CAF,0.014838007869260723
CC_B787BA135B5D,0.3860731988406204
CC_B78B4449EA19,0.12103024062132448
CC_B78B4B7F80B5,0.23725289623012555
CC_B78BEE888CA6,0.07569994822129103
CC_B791FEE1CF37,0.03593788590664078
CC_B79A58AA4441,0.08656814102427428
CC_B79BEC538198,0.1096592725450034
CC_B79DD53178D3,0.0683803481112345
CC_B7A7EFD85149,0.18109274164518863
CC_B7B5F2A15C41,0.12813638499724653
CC_B7BC46A7D4DF,0.0951861169835276
CC_B7CBC65D9AF9,0.5144541163722822
CC_B7D40C5C891F,0.07693850785315198
CC_B7D4337C4797,0.3294339835153876
CC_B7DA04826165,0.3263910639202018
CC_B7DC19DA1440,0.14388499467487498
CC_B829EC622F0D,0.5837849510857238
CC_B82B9C0C7B85,0.6285886925584343
CC_B82C55DEE5E6,0.2859182724302276
CC_B8475B977AD2,0.6966753454214426
CC_B84BD2F4EB01,0.19596640418382522
CC_B86DA7D69F20,0.03968805546146663
CC_B87989F406EB,0.16783599714377156
CC_B88B702183E7,0.030279803758309777
CC_B89B80945ADE,0.1952785228629501
CC_B8A3A44BFE8A,0.46252693866389666
CC_B8A7A6548AE6,0.16906617714266559
CC_B8A8FB83065B,0.15604770654084174
CC_B8AAC20D626E,0.17415249901113322
CC_B8AC99873641,0.06244884032828337
CC_B8C9673B7834,0.08089113471821842
CC_B8D5FEB15CC8,0.07246961181786712
CC_B8DA64A33076,0.5560783864027375
CC_B8E912A01706,0.6024772447593058
CC_B90869280808,0.12491736185332579
CC_B908EC99951B,0.2397195928967329
CC_B90CBF2A6775,0.04812437436417892
CC_B91080C1ADA5,0.32601363414556483
CC_B918FB42AFD2,0.17026055354342842
CC_B92CA425080F,0.12352339645840724
CC_B937F632B71D,0.16705634698340316
CC_B94477C20476,0.35333642529363596
CC_B9483A5C922C,0.12527800939326494
CC_B954EC1C63B5,0.38644893430352933
CC_B95580F93537,0.04184532187125277
CC_B96086044329,0.06145614105117493
CC_B96EB0A91589,0.22602771495065976
CC_B98357C70A41,0.6415321110347512
CC_B9929A66C2FD,0.6814300320183625
CC_B9BB52E4C529,0.11749021100288713
CC_B9BD45744855,0.7719799834355231
CC_B9BFDE4662AE,0.10950104842617614
CC_B9CEAF324145,0.02880745515549561
CC_B9E89F42B509,0.2198889821902552
CC_B9E8A3887223,0.20482236288290318
CC_B9FC67268C45,0.25585659934274085
CC_B9FE9DFEB3DC,0.09437560505423215
CC_BA041E14DD98,0.0734912305877663
CC_BA0619F54427,0.09770263083223041
CC_BA15072C4EC2,0.23820702748736283
CC_BA183CDC5429,0.8305562953055702
CC_BA43646012D2,0.40188111473673105
CC_BA4F7E494E71,0.4524755876727182
CC_BA557F75E2DD,0.1826335236205351
CC_BA740903CBDF,0.11574621561437926
CC_BA77722A827A,0.5364040651440404
CC_BA78E47BB021,0.22597381257357485
CC_BA8C427054F4,0.02822805532542228
CC_BAA19F8D2563,0.08806668491664602
CC_BAA1BBFF8C6C,0.28258484174504855
CC_BABA44B5FB12,0.07801614852082328
CC_BAC25BCCEAD2,0.07569647002455683
CC_BAC74D0014D3,0.4647184260270509
CC_BAD99E36CC71,0.24449095537271348
CC_BADE7EB1D16D,0.7675154038606924
CC_BAE7410803AC,0.14075938716608516
CC_BAEBBF8054FB,0.1214911121298535
CC_BB054686B6F2,0.04213877841085241
CC_BB05D9DF72BD,0.05963687069718829
CC_BB0D54068D07,0.8006978620585272
CC_BB15DE5E0DA0,0.7309938585615018
CC_BB1A57AA813F,0.1431436774351101
CC_BB1CABE261EB,0.161838668511079
CC_BB2BC46FCF61,0.20525050714704055
CC_BB2E5437EE04,0.04592927427901199
CC_BB2EF1FF6131,0.08249404241290174
CC_BB2F56C6BF57,0.1024811456476957
CC_BB35CEC5314E,0.10156835034812295
CC_BB39E3597B61,0.03477907405558221
CC_BB3A9EECD51E,0.081577782598477
CC_BB44CDEE5103,0.18502527306859431
CC_BB458116ABA4,0.35301015856762663
CC_BB5F6936F6FE,0.2117036405631627
CC_BB666F8A551E,0.07591665882582907
CC_BB7355E735D2,0.11417021754777981
CC_BB8A2F186D6A,0.03591315926565287
CC_BB9FDED12C65,0.6742916104798719
CC_BBA8C316C8F8,0.06835136994762372
CC_BBADC7DC73EA,0.19932420385486332
CC_BBAEA7980B09,0.46284284256756164
CC_BBBA078A6429,0.7578129333634945
CC_BBBFC3EC2C72,0.4185678691177197
CC_BBD34B3225EE,0.02703342805793546
CC_BBE6C58C59A4,0.4180464230656443
CC_BBEBBE1E226D,0.1017772388761648
CC_BBED56D34D38,0.12053915909490989
CC_BC0244FBDAF6,0.17342172401284248
CC_BC099E880236,0.17455829167104228
CC_BC0F05C89E25,0.10864849793268935
CC_BC1BD06C1085,0.11127901597567566
CC_BC21E8824A34,0.444222584137528
CC_BC23655B2BF4,0.05375406996746532
CC_BC24F9024F49,0.04863080765238741
CC_BC2A58939715,0.09426605623047701
CC_BC2B90F226E0,0.20468305676259174
CC_BC31382964E4,0.0372092252222474
CC_BC31DA3EAFFF,0.1257387476416837
CC_BC3A6CF6FD16,0.12237627954895988
CC_BC410BDD9ED8,0.25269699523739353
CC_BC458960887E,0.14366315050653683
CC_BC484C329704,0.1493407812985031
CC_BC4D6D6D4553,0.34399475243573624
CC_BC5A59D88AFC,0.0808831116628629
CC_BC736DA19A00,0.16689669784783026
CC_BC7B9D13978F,0.1877222754591086
CC_BC84BF34D69E,0.27808637563968175
CC_BC95D473C9CE,0.17632457577340088
CC_BC96FC9DCFE7,0.10642425003633807
CC_BCA0D6159C23,0.17637739882621084
CC_BCAE73132BA2,0.069928354703569
CC_BCBBF055366F,0.04638219942787898
CC_BCC94F494979,0.09303071435647645
CC_BCF75F8B9A5D,0.11857393256557815
CC_BD10F4F15094,0.08867556663171516
CC_BD1A2052ACD5,0.8080482077716604
CC_BD217C39702F,0.38118663083011206
CC_BD2A9D4B9FAA,0.23040656817583532
CC_BD3EDD1630E8,0.04353909484306509
CC_BD4AAFE9EFEE,0.053561309829658225
CC_BD59D1252975,0.07825903913533425
CC_BD607BE97C17,0.09055057090458438
CC_BD889F165227,0.09800295351451206
CC_BD900B6BCF65,0.14843450997238372
CC_BD9967660461,0.46184812675565057
CC_BDABB99ADE2A,0.16545542595923557
CC_BDB07C66EDBD,0.4808296920230427
CC_BDB71DAAE50B,0.0947891666510652
CC_BDCB91FACECF,0.11896559148231436
CC_BDE1E398B4E4,0.059356424720230505
CC_BDE8D325637B,0.6665343320053797
CC_BDE9E7F390AE,0.09581193638189348
CC_BDECF392D7F9,0.1418346064852276
CC_BDF401C3BBCA,0.13329013081631952
CC_BDF53C42C5BC,0.21571185633774131
CC_BDFE5778530F,0.34601118908895234
CC_BE05EB5976EC,0.745275206774312
CC_BE08A6D5E76D,0.0382043046193432
CC_BE146CE5BEE6,0.17766053481461921
CC_BE24C1EE877A,0.12560023630961653
CC_BE27E98C4BED,0.07000632876874954
CC_BE32DACBF6C2,0.10185576276936881
CC_BE3F52F9C9EA,0.13371650116755637
CC_BE3FC1024389,0.14418169140139825
CC_BE4595898BF9,0.09148582710960482
CC_BE4F1F53F4B6,0.08222628988916467
CC_BE648663620C,0.16742684045798645
CC_BE6627F3B9EE,0.6996007041727739
CC_BE673F70B591,0.3451928356627493
CC_BE704640727F,0.0275235289302908
CC_BE7295B354DA,0.35984049232973236
CC_BE760A430ACD,0.19631914223729602
CC_BE8A340F3876,0.043611163074436236
CC_BE9CB8845101,0.17877144881983503
CC_BEA12286E57C,0.13356202724591332
CC_BEB24EB997CA,0.10723441881069858
CC_BEB80CCF2ED0,0.043058166989058615
CC_BEB86014B5BF,0.19184810383621204
CC_BEC035C8801A,0.12862931627417828
CC_BEE1B858F0C3,0.32886202797814235
CC_BEE664893442,0.19405467837514562
CC_BEE75A33F038,0.0416412112352887
CC_BEF22728402F,0.6427854846608512
CC_BEF8AB2DF19D,0.3889063292859313
CC_BF03683CC755,0.1216884977401226
CC_BF066CB8F7A0,0.17255008400238908
CC_BF154A9FEE8D,0.134010898232045
CC_BF17E635C67F,0.09564149101037775
CC_BF196AFA6AE6,0.16669651415612366
CC_BF2012FCFE14,0.18916886194734844
CC_BF3733356D4B,0.4353046180961153
CC_BF376C8D14ED,0.5377698479481543
CC_BF3BF8B9F646,0.10140842235120395
CC_BF588A5FF18D,0.6713531994644585
CC_BF7C643B8874,0.03330063567061804
CC_BF8919F14394,0.14002497327057145
CC_BF8B759EE1EF,0.057968756036382504
CC_BF971FA7A950,0.13963758656153058
CC_BFACE960372A,0.1087212359608887
CC_BFBF917EFEB7,0.6309869539394893
CC_BFCAE2959708,0.040486739472437444
CC_BFD80ECB739A,0.2129853235644447
CC_BFDEC7E68821,0.060383908067472264
CC_BFE3AD881F4C,0.045149558021218714
CC_BFE511C0F9F3,0.5584293988058284
CC_BFEE9CF8A6E9,0.08331241455719507
CC_BFF8E82FE4BE,0.14370728140622813
CC_BFF9E8C0FE28,0.5636062288820538
CC_BFFCB2882E26,0.040906151914132716
CC_BFFDCACC1E4F,0.09868680994357473
CC_C003A15648F3,0.09090808907269834
CC_C004160ABB18,0.13409573357379878
CC_C012746F45D6,0.10536946405358345
CC_C033B4EC89DA,0.12821038733472628
CC_C03578357D0D,0.4266948415057716
CC_C040C14F27A0,0.04801840413277432
CC_C0474C48C443,0.13237465569437545
CC_C04A1EF46A13,0.24164762821397154
CC_C067DA2C5F99,0.41783852894925644
CC_C0731DB0CD7F,0.6395960137040105
CC_C07C70AA1AF0,0.13403094847379748
CC_C0877F4DBC62,0.0950529811512632
CC_C0896CE6B4E2,0.07077609969775973
CC_C089B0517E81,0.06957214703593219
CC_C08B9066A5BB,0.18933970903296127
CC_C08DFB22BC71,0.08600261982270435
CC_C0A2108BEC82,0.19352890903951664
CC_C0A6B0787F91,0.09969594710610263
CC_C0B29B279C90,0.11130398927196777
CC_C0B7151247C2,0.10122210131817617
CC_C0BEDCC974E6,0.08716431151990636
CC_C0C6F913C2CB,0.689600254318566
CC_C0C7EAB055B1,0.1827394908469141
CC_C0CCCF588BEB,0.2447949534223391
CC_C0D65A1BC1DF,0.5852926976742017
CC_C0D6ADDF1E0F,0.06963503069310006
CC_C0E49708EB44,0.20789510902473635
CC_C0F32BA57D17,0.035728728342591706
CC_C1094828B26C,0.31270647325217926
CC_C124E4C094F3,0.2409295299732354
CC_C12ECF48FA03,0.1780453530641473
CC_C12F5F7E5C54,0.10751044146639366
CC_C131509731A1,0.19964252507560148
CC_C14173B64C58,0.1847530343462952
CC_C14A4D39F494,0.38424536730038616
CC_C14DC9106B7E,0.28207424922984414
CC_C1624A910E58,0.03309653943429412
CC_C1645FA6EE7C,0.08438526446360217
CC_C165A26E7C1D,0.7283738669498774
CC_C16824A69631,0.05451173484696081
CC_C177831DEDC2,0.07636647434621463
CC_C1815DD481ED,0.688415865070185
CC_C18313F97FC1,0.31302592493644615
CC_C18A7BC23071,0.27887447390555437
CC_C1941883C762,0.1162265382479091
CC_C1A0989CDF23,0.01897993466865038
CC_C1A8C99D910A,0.1053583011151612
CC_C1B057BAE0BB,0.26725242483375067
CC_C1B5D9A95708,0.08649169741806846
CC_C1C28181E30E,0.10095888555897523
CC_C1E8CA45E983,0.09074495991129787
CC_C1F4DD05F5FB,0.1803893024011033
CC_C205BAC0D181,0.06733267503169424
CC_C208790016F7,0.0701049084662182
CC_C219E603FD0B,0.0557536962848144
CC_C2323893E922,0.12218905093016988
CC_C236A614F73D,0.10794702271322046
CC_C241491551A8,0.11278280630944151
CC_C247E0377048,0.11499796251281269
CC_C24FBA584039,0.2616380245135098
CC_C25078D044CC,0.1810716329937836
CC_C255BE787955,0.19815745440362256
CC_C25ECB5C5FD8,0.06514571369253314
CC_C276E722FB1B,0.297592227912278
CC_C279090E1F74,0.7857713196879645
CC_C279CA96D14A,0.12873761568791522
CC_C283330B9999,0.0446864600754952
CC_C289AF57EB24,0.2614501901310388
CC_C29558864857,0.11224949281898804
CC_C29846DE78AC,0.6244508793374488
CC_C2AEE09D92AD,0.09972280235441708
CC_C2BBFB603032,0.3542943347504343
CC_C2C2B2EEBA69,0.04098608221642332
CC_C2D1CBB42952,0.1627371082603946
CC_C2D4587A871F,0.7209525013734834
CC_C2D583F20739,0.35676723779424924
CC_C2D9086A8C67,0.08632072840178556
CC_C2E8FA308586,0.1637526436145943
CC_C2EA104630E3,0.10096367124863849
CC_C30ED2C6265A,0.046145839479163474
CC_C31BA9FD4FFF,0.2724766390521696
CC_C31DC3117984,0.17256565189637152
CC_C33142B2E26E,0.4114603658951608
CC_C340668CE604,0.06946996730814692
CC_C36580241000,0.13515209967677594
CC_C3664AFC710F,0.09935167420403322
CC_C3676D2ADC91,0.20726895221683095
CC_C368AC6AE19C,0.03298086261844008
CC_C38B446B7432,0.16752994595061188
CC_C38BE6D69E61,0.05503522949472905
CC_C38FB634E7B9,0.07068735956378142
CC_C3913A125FC9,0.16293792880423366
CC_C392AC1AABDB,0.13199656391812548
CC_C3A37C3EDCC5,0.34301093834320967
CC_C3A42A96D260,0.2282919228524863
CC_C3CA355F78BC,0.09917020270676252
CC_C3CD972B25E9,0.14383453524960618
CC_C3CE9FCB05EA,0.04731040675544402
CC_C3DA12B31CD5,0.08344796114251671
CC_C3EF46D2CF29,0.17054340635329465
CC_C3F301EAE202,0.17591871409793508
CC_C404C200B723,0.10192885534614292
CC_C40BEE2EAD73,0.24887407634053227
CC_C40CA3E960D9,0.13294622893672037
CC_C40E0EEBA53A,0.15231593853847733
CC_C42183D7A586,0.09121105562741277
CC_C427199DAC5F,0.4535108262173493
CC_C445AEF194CA,0.06708113872082808
CC_C45051D20EC8,0.12611219293231757
CC_C47FCA703A69,0.29086492639484945
CC_C4965C6C6935,0.332021600580631
CC_C498BD798847,0.040992483560905985
CC_C49A42D1C3CA,0.08316865063663005
CC_C4A2F5B06976,0.051724054963316536
CC_C4B632AEB96F,0.14626871256951712
CC_C4D194378554,0.0267889852723563
CC_C4D90E9CA5E9,0.11893956805272488
CC_C4D941D5A5F9,0.14237139703108914
CC_C4EB2486A9B1,0.19676194781704354
CC_C4EC2923D96F,0.29814065417163693
CC_C4EC9ACAE8C4,0.7029842915382676
CC_C4FB2ECB13DD,0.27412953128115664
CC_C50467EBCC58,0.07302649678097953
CC_C50C5E2A77CA,0.13650540393275892
CC_C50D7FAA75C1,0.03624028676846956
CC_C51FE3F4D2F3,0.16306776937591752
CC_C5234F4713B7,0.07077762182797055
CC_C55110310E14,0.09827666673124866
CC_C563D509181A,0.07955204809425186
CC_C5736F4887D6,0.7562646443351548
CC_C57C4F09442B,0.09034270238350231
CC_C59D2CA55CAD,0.8098245646797818
CC_C5AD04ABF022,0.0833534380390744
CC_C5AF7BF4B951,0.029407742141738087
CC_C5C5FD9FCFE4,0.6617192531568639
CC_C5D9A89022EF,0.20339857827323113
CC_C5E1FA10BD6B,0.16525181115420928
CC_C6039EF0459B,0.14913985524093765
CC_C6133F44EB0E,0.09383608794329094
CC_C637C1142503,0.7799652215340689
CC_C65496C86EAE,0.11868829155462596
CC_C67C2B86A807,0.1321043631419074
CC_C690CF8AF3B4,0.10724360702876368
CC_C69204FFED48,0.3030241991767602
CC_C69DD80E5055,0.10385985384545811
CC_C6AE389CA79C,0.06127051070711401
CC_C6AFA8AF33BB,0.09367435174198269
CC_C6B56B2869A6,0.368051019885204
CC_C6B61E03B42D,0.21938975120403117
CC_C6C2B357FDF2,0.10265078819247453
CC_C6C4A4A318E4,0.11296301879256293
CC_C6DECDCC7956,0.18345560543386916
CC_C6F134ABD932,0.6136716559065792
CC_C6F24128D8D3,0.1640488394655406
CC_C6F8C5E3D746,0.1057403231539022
CC_C6FB2BDCC78F,0.3809608134777527
CC_C70DBEB08378,0.8207664372120436
CC_C71AAC6F9607,0.0994630221299232
CC_C73D1C53BEC0,0.3445093905173222
CC_C7423B380FD2,0.05455610342990544
CC_C747ABF2B4BC,0.0764654146045459
CC_C74F0C45C093,0.14377199236028265
CC_C75307665BCF,0.22084746198940192
CC_C76473DBFF83,0.3219014349128265
CC_C7652C2D1CC7,0.2095119159543874
CC_C77B38900325,0.23098497193315048
CC_C782A94E6754,0.037241172659016906
CC_C786E0FDA098,0.7587886976989757
CC_C794632B3AAC,0.38816805298287976
CC_C795250A7B3F,0.09865968650332918
CC_C79BF5794AD9,0.03997529331320163
CC_C7A2A7BF85C5,0.05585095665575726
CC_C7A2CEDA36CD,0.4778990161240959
CC_C7AAAC514CD0,0.08040696421253452
CC_C7B39AE8206F,0.11754835401818667
CC_C7BA884F8DCA,0.14241153147854518
CC_C7BC592C11DB,0.04207559276365559
CC_C7CB29EBCEE1,0.03770246918884568
CC_C7D2BE35C77A,0.08238412858833491
CC_C7E56C7FFA19,0.160418699928261
CC_C7ED63E403A8,0.07839805219327528
CC_C7EFF4BBEE1E,0.057990547487277395
CC_C7F1C90A261F,0.144057575752264
CC_C7F38C2DEDFF,0.16837643555840526
CC_C807F881A35F,0.24074829379411633
CC_C808346EF2A7,0.036102871220189736
CC_C822401D05A0,0.13073849130581836
CC_C82D0EB32984,0.08487703080250028
CC_C82DE4520088,0.17857574442605922
CC_C84080607284,0.06368918919065997
CC_C85DEB66D6EC,0.2789629927584736
CC_C8601860B3AB,0.29149181941766616
CC_C86B56E5B000,0.11085996259225564
CC_C874E7D8B96A,0.05901480591742339
CC_C88F02C38654,0.1735896208991099
CC_C895990DF270,0.1623236941781793
CC_C896D6E93110,0.37332105283171413
CC_C8A57920FB6B,0.07454519969606006
CC_C8C2CEAC6750,0.46118156415501743
CC_C8CBB38CF4B6,0.4236550406086396
CC_C8DF2AEC8023,0.1416590400651664
CC_C8E24B1925A2,0.1983881916959159
CC_C8E2F0CA5050,0.6669469755786979
CC_C8E875AAFD58,0.25289007256983986
CC_C8EF7366016A,0.06546655785544606
CC_C8F1FB9C56E5,0.10029513166544896
CC_C8F2FF7E6DAF,0.10506032143129496
CC_C916DC82A00B,0.3174077630865291
CC_C91FF308D57A,0.05380635400951753
CC_C9297D88CD26,0.35241719843880087
CC_C932D885E1AA,0.1783593913088684
CC_C947A66A6A34,0.12847019767907536
CC_C953D19C82A6,0.2855599142536541
CC_C960365C1125,0.23129671680613834
CC_C96221203852,0.2520978570079745
CC_C967937FC81A,0.6840764132427704
CC_C97434767545,0.20012377314300067
CC_C974620D4D4F,0.28180541574556806
CC_C9749B07E3CC,0.12736969536979043
CC_C979F86EC4EB,0.051535284025452495
CC_C9882357496D,0.06407998445137776
CC_C98B5F2B994A,0.09144998866563411
CC_C98CA453DC7F,0.12487635155347133
CC_C996515164AF,0.7131230276201259
CC_C9A1B8F512F3,0.4500359834455603
CC_C9E008678B77,0.0778441466195304
CC_C9E89E3728DA,0.20564096417463734
CC_C9EE0357CF4D,0.17489450390183955
CC_C9F15C15BA6A,0.13547955967212566
CC_C9F3BB887EB9,0.17579260377181594
CC_CA0906B9B58E,0.07025242105015798
CC_CA16B9133E4F,0.30052285995791683
CC_CA2524A5C7AF,0.29681251357060473
CC_CA2A17C9CD44,0.46104951409704187
CC_CA32C61E255B,0.1002425252238203
CC_CA37F92A8BC6,0.12686248154570431
CC_CA3C9D0F42A2,0.5814938565408443
CC_CA4669FF2379,0.10148774629123705
CC_CA486E08F176,0.05220510379912674
CC_CA5CF069C36C,0.06963498473590546
CC_CA6AB58D2C8D,0.24594228988969213
CC_CA6EDCBFA9E3,0.17628198303090606
CC_CA6FB58C11F4,0.06828589314740435
CC_CA7902338F91,0.14412231916307186
CC_CA7BE11DCB92,0.12136731705135456
CC_CA87A148C386,0.06544254820447343
CC_CA8E7E45347C,0.15610016590731465
CC_CA9214D0E170,0.1453489982902619
CC_CAA07EABEF71,0.06490876544904514
CC_CABC0190A9BF,0.5059875100566937
CC_CABF171B8582,0.5957997330168536
CC_CAC2F989A2D6,0.20544353347328517
CC_CAC50FF13A43,0.4797311843126215
CC_CAC9C52B6FB8,0.23752384129009313
CC_CAE19DE8446F,0.059985266228235704
CC_CAE5F6D8328C,0.4864924406014522
CC_CAFA0C6DBCEB,0.056291378486137605
CC_CAFE5D6E3E1D,0.11185964766584762
CC_CB02A97FAC1F,0.20543909240659564
CC_CB1155AAC7EB,0.13111980442137322
CC_CB1B2FC5769C,0.17125594869687205
CC_CB1BD3C19303,0.1526102750457953
CC_CB2423DD4809,0.7857185586944611
CC_CB33381406F3,0.654338483387167
CC_CB3CBA971E97,0.09058445164324327
CC_CB45CB5C940D,0.18785388141557124
CC_CB4A2667F8CE,0.20610531822002254
CC_CB4EA92BE238,0.05422690515364915
CC_CB4EE5CC0B09,0.17070554385922762
CC_CB50BDD92A4D,0.21035797910862122
CC_CB6A55831080,0.06905171181345386
CC_CB6CE149111A,0.12796903934298043
CC_CB6F9DA78019,0.029549186176217664
CC_CB722FAA608D,0.20247515396234836
CC_CBA786C05C1C,0.7527319471885138
CC_CBA9A6206DCB,0.15070238278480863
CC_CBB7AE2847B6,0.1789802204535235
CC_CBB9DDEAC819,0.029263012125862367
CC_CBC30D127BA4,0.07939715837816744
CC_CBE67EF0D3C5,0.47313523279323316
CC_CBEC318365B3,0.3841288360867381
CC_CBED6669EDA7,0.07196549187849624
CC_CBF1B052FA7E,0.07185696408425274
CC_CBFC7EFF2F94,0.13213479441605097
CC_CC27394B5E35,0.07557710500391161
CC_CC2A7B3D7A55,0.14146182129253582
CC_CC34B2523794,0.1457318436035215
CC_CC34E9023873,0.6984266698049489
CC_CC37D81F02A7,0.6374356210197072
CC_CC4822AEDB83,0.6981125320722509
CC_CC5D6CAE5ADB,0.23511142192881587
CC_CC6D27804EF0,0.0651004451770558
CC_CC71D4876B90,0.10026671862498096
CC_CC75EA7F2C8F,0.09046008371311001
CC_CC9214A5C0CF,0.08513059226563666
CC_CCA2B8D2446C,0.40301147808206983
CC_CCAB3E56FD92,0.16982371297314205
CC_CCAF321D46D7,0.02578316676553618
CC_CCB46EA56584,0.20932686926932842
CC_CCB60CB8754C,0.13392195727762143
CC_CCD759553325,0.06060569494280092
CC_CCDC28D49832,0.1391568004674753
CC_CCE55029E621,0.6569858961093875
CC_CCEA133D7268,0.4858935661771001
CC_CCED6CEBC3D6,0.379876541849275
CC_CCEE76415B51,0.31209923116412874
CC_CD1326D52AE1,0.6694700543848526
CC_CD35EEA81CE8,0.29784492845630367
CC_CD373485942B,0.08337134430999697
CC_CD379DD39658,0.2935023562158965
CC_CD37D5CF0EB0,0.17089469149791525
CC_CD380545A7A4,0.07437613821918924
CC_CD3A378249BA,0.22118775590025613
CC_CD415B1C7741,0.03543189825570791
CC_CD4976814F28,0.03418669772030272
CC_CD4F5F1C357B,0.25481802389071967
CC_CD54829713AF,0.0751602231496573
CC_CD5E3556D5AB,0.16786590801591753
CC_CD6C797F3C4F,0.0662440730911892
CC_CD7BA8F6C4BD,0.1140270614993858
CC_CD8352F0478D,0.1859471998359286
CC_CD972E578564,0.7832313759757616
CC_CDA1B20179B6,0.11447110338595454
CC_CDA2A36B81B4,0.245047757148368
CC_CDF6354EC332,0.06608410632174341
CC_CE01E17132E0,0.02958370268367927
CC_CE1280B30475,0.13536605140087493
CC_CE134F878294,0.05093999082449984
CC_CE229894AC00,0.10518514200419324
CC_CE26907B9D30,0.44316658938041453
CC_CE2755B42DAC,0.06345949879202238
CC_CE2BD7F74421,0.2690832496011576
CC_CE3784121355,0.1403860114912081
CC_CE41F9FF509E,0.19786586319229305
CC_CE5AF0E9A157,0.06769835027840265
CC_CE5EA019DCAA,0.0699991504658688
CC_CE6460FE39F6,0.12037022159779462
CC_CE72D1734761,0.6442701940220393
CC_CE7FC560768D,0.3471153917249796
CC_CE871DB3950F,0.31580117673567454
CC_CE8D1564C4F1,0.1378555418583956
CC_CE93240526A9,0.2869416996555053
CC_CE980FCAB154,0.28373789154522466
CC_CEA0FAD348F8,0.0823936274166969
CC_CEA369A3451F,0.05543991492088043
CC_CEBA67081418,0.23052236562978123
CC_CEC0C00FE770,0.5444580313734129
CC_CEC3B21D2982,0.3926103714665608
CC_CECEC680F701,0.16979387302413296
CC_CEDB263DB07B,0.03396200245306632
CC_CEDF9C14DC79,0.2533296408404568
CC_CEF23255BE06,0.052319403153689534
CC_CEF8C71C4E8B,0.4025085182918354
CC_CEF91FDD41AE,0.3949486198743682
CC_CF0B68684C3D,0.09285015363633839
CC_CF149865368F,0.10031180268118231
CC_CF2A7A5582C2,0.17737602181644563
CC_CF2B3E37CF2E,0.38155266945729915
CC_CF2F163CE005,0.15632022890973463
CC_CF3C063DF626,0.17640404716800057
CC_CF3E91DB8220,0.2779115019536573
CC_CF3FB5744443,0.7213440018221731
CC_CF4991B8EFE9,0.09607440749141248
CC_CF53FD3AC9AD,0.03173198326494814
CC_CF5A140B279D,0.19979344650279454
CC_CF613A7162B6,0.11031997645135927
CC_CF6A8A460B19,0.09901549094698972
CC_CF792E77A16D,0.04692905415289821
CC_CF7BAF373E0A,0.03184102373018789
CC_CF8B1D0015C4,0.14461610235995476
CC_CF8D0517B79F,0.07474099204038223
CC_CF92037ACA93,0.2020280638273554
CC_CF960A300F40,0.2656066268900864
CC_CF96B6335E6C,0.16729367213177593
CC_CF9880D67A7D,0.16880043829142136
CC_CF9B249283A7,0.6982232113738825
CC_CFABF7407978,0.1998124672436205
CC_CFB2AE99EABF,0.12838539746303754
CC_CFC0BC440771,0.12740695666830787
CC_CFC235739F25,0.5518432010867185
CC_CFC6E8954325,0.05224983291038385
CC_CFD37EDB214D,0.23560241296175188
CC_CFD93C04478A,0.5854344619960261
CC_CFE0AA5381FD,0.6018325622955856
CC_CFEB021AA137,0.04529761065853459
CC_CFF6E2A6A3F9,0.29282365131777693
CC_CFFDC4947256,0.16291474531817313
CC_D009368CE434,0.047638322232757796
CC_D02E59E08B02,0.0405144103353518
CC_D03848B7353E,0.047512766411658774
CC_D03A69B1563D,0.13734455967481857
CC_D0576802096E,0.08775810389595266
CC_D0582E0F3440,0.048316594190432605
CC_D059D0BEC5D5,0.365691716751844
CC_D05C4A8F2A25,0.13268670554149814
CC_D05FBA9B9040,0.7092185217420733
CC_D0653EA71CAD,0.15701112382759116
CC_D076A984B786,0.1388559246749998
CC_D08FC2D99CF5,0.20010968119384348
CC_D09942A02904,0.10770150720418577
CC_D0A8EA2D37F2,0.14572457710780196
CC_D0AAD35C800F,0.1138845447403477
CC_D0D666EC0244,0.08819460347413116
CC_D0F3F68F4452,0.4832952592201874
CC_D0FBDE8ABAA7,0.09393065537750198
CC_D103D50237D9,0.22990966428603893
CC_D11E5A30CF3B,0.26383554497475875
CC_D122B30AE7CB,0.5421879922059941
CC_D1679B40D83A,0.0883468402444807
CC_D1760785D631,0.2607024115702646
CC_D18088587757,0.24398081342286262
CC_D184160042B7,0.313183889471544
CC_D1886485E8B4,0.14333336309966582
CC_D1893DD5B4D4,0.09449688460627753
CC_D18B60E035CE,0.7455896348985965
CC_D191D099789D,0.07527544573168482
CC_D1BDB41E7FF6,0.07207489883501303
CC_D1BE2E6E9C9F,0.1780539717749418
CC_D1BFB29BF61C,0.07741302672370068
CC_D1C259F80E13,0.0855534356105253
CC_D1C63DA9CA93,0.1053885725458916
CC_D1C931E4F305,0.05552902586412702
CC_D1CE25F271BE,0.14274185159631586
CC_D1D2127A0C67,0.051921870680715236
CC_D1D31EA359F4,0.13504384882298517
CC_D1DB888BD9B0,0.11138828948422388
CC_D1E82B9DD102,0.1568495632050045
CC_D1EF68A649AA,0.12460039721543348
CC_D1F05E69F80F,0.05214181915731757
CC_D1F6FE158DCF,0.2551243635627317
CC_D205612FD566,0.631923911797881
CC_D21474C31E3C,0.6868943077267385
CC_D2195A061A0E,0.6228830678498287
CC_D2199CC1CB08,0.02736640497248992
CC_D21FCD9DFE53,0.5504166400582009
CC_D233B2C8062B,0.41256525106988573
CC_D234CF2C21AE,0.6678066469188882
CC_D2373015DF41,0.043128165144778345
CC_D239CBE1012A,0.10622511712325203
CC_D2591377E980,0.7342339097754874
CC_D25E25C831B5,0.07298723770749985
CC_D262BB13DAAF,0.2756913924946212
CC_D272BC699F38,0.05633704644425122
CC_D2813C835750,0.7719423336873577
CC_D285B0D67016,0.020732544823208986
CC_D28FB525E310,0.25622502056376295
CC_D2AFEE04E96F,0.03385846619182157
CC_D2BBAA423304,0.19492012517077129
CC_D2BE8B4011D7,0.05247197599697302
CC_D2C49D2FEBF8,0.17695870389360474
CC_D2D09498D333,0.15127265111611318
CC_D2D187DA334A,0.12297434938537741
CC_D2D47A5386CE,0.2647271965326689
CC_D2E98F50621A,0.03441658577794921
CC_D2F265035F0A,0.04204579618861003
CC_D2F91355C6D0,0.15571516441666416
CC_D2FC934F8324,0.13828476641502127
CC_D3044C67CFFB,0.046008833536981576
CC_D313F2C49E46,0.33352736353460355
CC_D31FFB053D60,0.11212081601759151
CC_D336DB6323BB,0.31218302722294056
CC_D343A7CBA377,0.058527526033492906
CC_D345AF4C4B61,0.18231532911620724
CC_D34FA9410740,0.07857433540419605
CC_D354C5D1665A,0.15818871513334473
CC_D35E96480AF8,0.3018342274439181
CC_D3616386D6D2,0.12634822140427465
CC_D365173E852D,0.774365133825861
CC_D3683C6CFC5C,0.652852279997842
CC_D373463038E0,0.04830113736301572
CC_D379CF8E3FAB,0.7281501683059852
CC_D37B4CA7F3D8,0.04327678073478379
CC_D37B5B3CA4BE,0.6808183996567906
CC_D39265D7B6C9,0.04825036130483171
CC_D39E3F732408,0.06119195798707371
CC_D3A7B21165B3,0.2953033287958115
CC_D3A9028A4660,0.04158802363649928
CC_D3A948322BD5,0.7042226140651305
CC_D3B95DB5E6C1,0.2774132484151667
CC_D3C8C5014D5C,0.18348579318566882
CC_D3D80929AF52,0.09157968894969404
CC_D3F25136073A,0.18673119858607606
CC_D4102AD032BE,0.2262734142894984
CC_D416EFCEAD89,0.04043696106209803
CC_D41C5030494A,0.6889246024911442
CC_D42E477596A3,0.04674212309433808
CC_D432C89BADA8,0.13316442719408275
CC_D434638E9569,0.11001668103564116
CC_D4518F98BB77,0.0861803940292708
CC_D452847F2A4C,0.08261168819719542
CC_D454056F92E6,0.2392481780821894
CC_D461FB973AB2,0.8205869338277924
CC_D462250B13D3,0.41338250995718595
CC_D48E686A834A,0.6875903364599555
CC_D48FFD985E51,0.0697879336965278
CC_D49263A1BDF7,0.11513499479088891
CC_D49668C65C33,0.027145700863556988
CC_D49D9C57A849,0.09258794904137582
CC_D4A029A150E4,0.18062594863742398
CC_D4AC998C0BC8,0.7109331493549434
CC_D4B02AAFC697,0.12520256537877283
CC_D4BDF0F4FE9E,0.10695269854980363
CC_D4BF2778371B,0.17071792901607136
CC_D4C0F4DB3501,0.1648614439143069
CC_D4C6DD8A364F,0.1386465061407475
CC_D4CDE2A1E174,0.15902742972582345
CC_D4E7EE35695B,0.1444852259489452
CC_D4ED652E86DF,0.2975622436435862
CC_D4F844B54B84,0.03394551320853257
CC_D4FA0055DB4A,0.03262317200610492
CC_D4FDCBAFEC74,0.7164074130539199
CC_D517D90E105F,0.08951384597582457
CC_D52B87A01028,0.22674845144544686
CC_D530C3D1DBF8,0.6553428362834828
CC_D5327E41EBA2,0.10226317199546314
CC_D53C8BCA531F,0.07885802800594534
CC_D540C7ABF683,0.6947373672682057
CC_D54105FC1349,0.3518326069740794
CC_D550CE8B9313,0.7425393506895663
CC_D55C5B432387,0.1698952711115541
CC_D5646FCC5E14,0.5763501945315203
CC_D56F34613338,0.1251419401899549
CC_D573AF0F1674,0.10466861139075105
CC_D586E2C2B3EF,0.18405281525124922
CC_D589E388CA02,0.05877987672627978
CC_D58EBD954E68,0.315702752621166
CC_D59AFE884BDD,0.474970591592874
CC_D5AC596A85E1,0.16054343260665424
CC_D5B99B578573,0.042369906800240664
CC_D5CBF4A4D3B3,0.09261874363025954
CC_D5CE05EAA837,0.20147669732231233
CC_D5D36A6C8DB3,0.07479786584727272
CC_D5D8D545736F,0.07664198329441363
CC_D5ECFAF8C1A3,0.05684321323133666
CC_D605715F737A,0.13719556115522036
CC_D617428B4B0E,0.39409005573511424
CC_D61E8E5C4414,0.13585262365271877
CC_D652B5F05769,0.1713824798433337
CC_D6564D0CB9A8,0.1914235429004623
CC_D66183657419,0.06351701596760129
CC_D66BDD3E1AA7,0.10670827336003563
CC_D66DA331534A,0.09400028372038538
CC_D687A780C0E6,0.04068128319861941
CC_D6AE871A4C9C,0.0956160205276964
CC_D6B7AF1FBDD4,0.488755397745782
CC_D6B874308353,0.608102435163234
CC_D6B8F47FE484,0.48994094692667506
CC_D6CB1BFDCEEA,0.12675214062251774
CC_D6D47D7E1C51,0.03298955566135151
CC_D6DE060699C6,0.1361397641489883
CC_D6E06014457F,0.8038233027174307
CC_D6E8E17EA449,0.3191169909334811
CC_D6F216AB1C4A,0.15145339109531064
CC_D6F5E3A51C8A,0.09722130586282784
CC_D6FB3B76D7A0,0.5978641693818255
CC_D6FBCD4BA3DA,0.2800865458288312
CC_D70918916097,0.5311787334945632
CC_D73B1B9B81A5,0.041083532384270254
CC_D73E9E24BB48,0.11814098897996142
CC_D74AA0F20466,0.12465899363462764
CC_D750070C44BB,0.7324009484275044
CC_D7529675CB7D,0.1638692596703917
CC_D75C8CDB510B,0.6595601144914267
CC_D76009C47709,0.2909023232362073
CC_D771775A58F5,0.18227097922076946
CC_D77F9D613EF7,0.18276246364133386
CC_D7999C3EDE22,0.18405710541488052
CC_D79BF1D26499,0.18775185870147942
CC_D79C05885899,0.11828073332295753
CC_D79D4F15D10C,0.02797213272967574
CC_D7A11E3512D2,0.05130956872502894
CC_D7AD7A7279C4,0.15194368864124808
CC_D7B35055AF0D,0.17983595524598023
CC_D7D99409D57E,0.3118501259269465
CC_D7E403181D8F,0.12722809082679504
CC_D808C7BA9399,0.12542499030628035
CC_D80DE8B544F3,0.03812294038264643
CC_D81D19AEFB77,0.03144140891409695
CC_D81F317F6384,0.139176529640601
CC_D844D9DF962C,0.06518997838510045
CC_D847D978387D,0.03881778967108584
CC_D85C7B85C440,0.24211899003478837
CC_D885591596E7,0.08505280338806191
CC_D887D07BDE23,0.4115359400419999
CC_D88ACC0CFDA5,0.10136194727777487
CC_D88BDD0F510C,0.052467994458871875
CC_D8956424CB37,0.3924863704111584
CC_D8959BB99A7F,0.27375722754007487
CC_D89A9A14B5E8,0.05140005534910255
CC_D8AD01F3CCE7,0.04912716789714952
CC_D8B4122DC296,0.11202581980700681
CC_D8C38B187875,0.7178077775251733
CC_D8E55509595E,0.046373117069707315
CC_D8E6B90C37A3,0.10906903236241586
CC_D8F1AECFCC2F,0.05753391017220311
CC_D8F7672C70D7,0.028859597065386367
CC_D8F7E904E7DF,0.15808176495722917
CC_D8FEF1C99F88,0.6719398335824897
CC_D90761F9E9C9,0.41113031762867325
CC_D90D9D5C8FEB,0.0822966787350016
CC_D912917A4F4E,0.744559946544144
CC_D91ECE64FD0C,0.10087303926896024
CC_D9325E5695D5,0.038425264910105485
CC_D9563654A397,0.19457983968639642
CC_D95766A6C24F,0.10354134126061743
CC_D95939B1BBFA,0.05028513261192931
CC_D96729C38BC9,0.07096281058026975
CC_D9791EFF766C,0.22577198555699202
CC_D97AA7C54F6D,0.10543818922864392
CC_D98BA5CE8EE6,0.47948923853226
CC_D991DAD5413D,0.14972147379262984
CC_D995C89AA359,0.201131322920806
CC_D9A54F55AD6A,0.11166236703025842
CC_D9B87A96C353,0.22679446790438312
CC_D9C42B0B6A0C,0.1746378279398342
CC_D9D487E78FAF,0.6743418333698551
CC_D9D744A66B09,0.10961421034365165
CC_D9DA3F6E2E7E,0.14988601232287313
CC_D9E5792258E4,0.07192746610378062
CC_D9E6B9CBEB77,0.04757570812924029
CC_D9F0CDB02AC6,0.13442748238458985
CC_DA0201D1BCF2,0.10253742278446087
CC_DA0500AFE692,0.05449618712709697
CC_DA0E0BD3880D,0.3182822949326078
CC_DA10F53AE655,0.6527638913680159
CC_DA1643A835A2,0.08960523424479602
CC_DA1C5BAB7E35,0.5449506995758611
CC_DA1DC6A6371D,0.21657318394732739
CC_DA1E6B31DD2A,0.6572981518709178
CC_DA1F282809D0,0.029705944201955707
CC_DA226442D919,0.7312788608905482
CC_DA31EC318B1F,0.05271434539084747
CC_DA33597C6459,0.15718312476000434
CC_DA43CFB5CC2F,0.19393185439250832
CC_DA481C72B8A4,0.25128533654392543
CC_DA55447636EB,0.04352770712414285
CC_DA5AE34842E3,0.07337014025400061
CC_DA6880B018AC,0.15378527392063035
CC_DA700A961616,0.15090561059739493
CC_DA7E65F1E6AA,0.06703282574397193
CC_DA80FAA7FE30,0.09878880505770296
CC_DA8DCCC1199D,0.3145515614013765
CC_DA8EA724C1D3,0.4396635215286412
CC_DA8FA65D1924,0.03223014890619916
CC_DA99D1E41C3E,0.04898262402773455
CC_DA9C3BEFD0B3,0.17275613365157194
CC_DAA3B7FE1C62,0.0674180389719472
CC_DAACE4211B34,0.1531354457678482
CC_DAD239E56638,0.7650942883596221
CC_DAD4BC090253,0.0752625090456136
CC_DAEDBA26BA12,0.3070947802058689
CC_DB1EB08EB40E,0.13465115540773595
CC_DB2314ED6960,0.0688247893360947
CC_DB25E05EC5CD,0.4416652429159701
CC_DB3BE0C87882,0.05111915144382284
CC_DB44628BC147,0.17914473908707865
CC_DB562E602BA8,0.10564509690859814
CC_DB61D7F5F8F2,0.6988377392566205
CC_DB6498598C32,0.17209170891482306
CC_DB6B59FB6E30,0.03910398874925083
CC_DB801B947698,0.264848062857821
CC_DBB8C467FF1D,0.11603056869447638
CC_DBCD21C2C322,0.07340945113225861
CC_DBDB148E45DD,0.09076157902939519
CC_DBDF9BFA7E87,0.084704342901201
CC_DBF5CD2D854F,0.21335340246696427
CC_DC0077DE6E39,0.18365498609164252
CC_DC23159A1F99,0.05935177377950299
CC_DC2458827FD8,0.22358813928361396
CC_DC2BE35D58AC,0.2347106500508988
CC_DC49C8D3F7EC,0.5564907305068285
CC_DC5DE66826E9,0.10657570732299565
CC_DC6063FC6464,0.0674048177091789
CC_DC771AE1B4BA,0.6698379760799265
CC_DC7DEBC30E17,0.4207653360123541
CC_DC978F3A711F,0.6566550963109559
CC_DCA2140C7BC4,0.195318238757688
CC_DCA5CE7C9DC3,0.153787212533589
CC_DCB5798049B2,0.1367859840748414
CC_DCD10C95C942,0.5334771991513757
CC_DCD145E8E729,0.27671545866900654
CC_DCE0BFC03B86,0.0387084769421058
CC_DCE75AE2FB52,0.057240831137564105
CC_DCFCEEF21BA7,0.3605522858023924
CC_DD12A8C462FA,0.053524065782778185
CC_DD14867350AC,0.1793118505255573
CC_DD232BC8881D,0.1880466232969456
CC_DD2473D34D68,0.2082816781931749
CC_DD2B5C4CD318,0.05218567363085545
CC_DD4EC06C3A92,0.26094998412956394
CC_DD5299DA8C1C,0.0806127067787503
CC_DD59BFF18ABC,0.15778644494072966
CC_DD6777E1B05C,0.05048058692450452
CC_DD6EE1501B89,0.09042520062807807
CC_DD78B52AE022,0.12272461862921111
CC_DD7983A07B43,0.634323240447716
CC_DD80B5CC495F,0.09916872653755855
CC_DD8956B71825,0.6515792559076002
CC_DD8D40E7E2A9,0.08411562724611385
CC_DD9972D0B63E,0.11168900623022415
CC_DDAE70634ED3,0.09273110635271763
CC_DDB4A9FF2B03,0.09151252786887158
CC_DDB68302DA2A,0.16707353849557333
CC_DDB9DEC9C037,0.08117946430039731
CC_DDC610D2B2F0,0.04930073118002788
CC_DDCAEC6BD9F0,0.17701625690887796
CC_DDDF665EBD93,0.2785024695860355
CC_DDE66EBF2157,0.0674816311528928
CC_DDE8B7E9C7F4,0.3076220242099063
CC_DE019FC36D28,0.3540991039387448
CC_DE07076B04D5,0.1419281775033411
CC_DE07AECD2361,0.03040532521920633
CC_DE08A4514010,0.5823341488276411
CC_DE093FAC5293,0.47433406371069076
CC_DE17BC1C2324,0.07645329027933515
CC_DE1B13B3E504,0.02978593599104699
CC_DE4264861B73,0.08941967716207441
CC_DE4810B88C51,0.2767317537959346
CC_DE4EE8A16896,0.13753150361546623
CC_DE523A2403BB,0.09766982418682174
CC_DE52860CFBBE,0.2143277369771147
CC_DE593193FB9C,0.17532004189765932
CC_DE5A9B499ED4,0.08423201082553539
CC_DE6AFFA63ABD,0.0696118956047207
CC_DE7CEC14CCD5,0.7165858225637864
CC_DE7D7B5BBB14,0.6630683742502929
CC_DE81AAB7BF48,0.06371555981213792
CC_DE8956D433E2,0.6380227653602846
CC_DE8FB8D1CB71,0.3527029444194225
CC_DE90D07B269D,0.20425063848562122
CC_DE9A62529780,0.140554671989217
CC_DEA425EA8441,0.12062288578691166
CC_DEBE01582EFF,0.1865425855362211
CC_DEBFD4E79A38,0.05556577425870432
CC_DEC97F13CB8C,0.18632164049226402
CC_DECF1507C86D,0.1497777004448423
CC_DED24C8D047A,0.09920736960502324
CC_DEF4AEBD31C8,0.19076538964320888
CC_DF062F698349,0.09700066168908922
CC_DF13D5CB626A,0.10193765573772452
CC_DF15C526CDC5,0.03993311607179889
CC_DF1F6C68F7D2,0.14872315742899186
CC_DF3EB88F509B,0.08473570432823568
CC_DF4E332C886F,0.020491959161102566
CC_DF514171DC30,0.15735116531321874
CC_DF536CEAE5C0,0.04658028736261874
CC_DF5806CC2CFF,0.11738421933373258
CC_DF715690EF20,0.19628828819685007
CC_DF718A37AF15,0.0888406082678031
CC_DF7276DD74AA,0.11178209822564297
CC_DF750B2D6872,0.28091122474204944
CC_DF9FB6670627,0.060813196564980146
CC_DFA65A0125D9,0.03889717491648532
CC_DFAE355359B8,0.17593080731130695
CC_DFEA562F7BCF,0.30836119477631857
CC_DFEDAF0F0D6E,0.03552930227035947
CC_DFF6F74C64B5,0.6510567293438502
CC_DFF87DF16763,0.10903494536958637
CC_E00D8ECE9FA9,0.12958819926502102
CC_E027E36615C0,0.5152749055781957
CC_E02E23CE49A8,0.07820382679562955
CC_E030B3AEBF19,0.14263456640390437
CC_E031A4C862C1,0.17037533970921218
CC_E0339B331F4F,0.09700991894230548
CC_E038981B2FEE,0.1277503434122613
CC_E0463868968B,0.14950804222875677
CC_E05A8621B581,0.31221850061125733
CC_E07FB0312232,0.14072016725626205
CC_E088594E0624,0.2351940574278165
CC_E09AC3B1E534,0.09370650497023988
CC_E0AC29AFCF97,0.16835005094206826
CC_E0BAC6E0D0DA,0.08187393845671387
CC_E0DDDA07F0A1,0.16132696705837157
CC_E0DF45AB72B6,0.19270401441175966
CC_E0E1F8E7379E,0.11377030895266532
CC_E0EF095444A5,0.15418164850764446
CC_E102E4F7F8B4,0.2216864891873757
CC_E109B4CA6A8D,0.13383323463017052
CC_E11470A2D92C,0.4011188690913004
CC_E117B8A6ADC6,0.0265691091296096
CC_E128015073F3,0.06111741169290645
CC_E131D5EB9237,0.1896496240266657
CC_E14A24095E9F,0.10424941142909092
CC_E14CADF89123,0.5237795555704376
CC_E16876025011,0.049468430768155866
CC_E16C71C15D04,0.6862498949740098
CC_E16F1BB83653,0.052067461805793275
CC_E17448FB08EF,0.5404932453909641
CC_E17AAACEB07D,0.07856009709428186
CC_E1875522DC57,0.18819891147353396
CC_E18A0734641A,0.09886586930008566
CC_E18A22453843,0.05939996581856734
CC_E1B4E3360C0F,0.1757131662990668
CC_E1B5AE645169,0.049549604752079854
CC_E1B71F6B7DD2,0.30239512480457686
CC_E1D073F693A2,0.29671800166791634
CC_E1EA83C31C66,0.09890751616794147
CC_E1ECAE226485,0.26163165935192373
CC_E1F0C5076481,0.06521528346412837
CC_E1F78CE289D8,0.035538083559696315
CC_E1FBCECE0A54,0.2357350905981166
CC_E1FD46CA26D5,0.09124611718160613
CC_E20E7C7164A6,0.7113663774778939
CC_E211E2698C14,0.028673493190671258
CC_E21B4F587C45,0.13366849578452888
CC_E22A278A1386,0.05174303980832999
CC_E24078C03B7C,0.1487770965046263
CC_E2452737F950,0.13510250750560673
CC_E246119AA09C,0.5857876523534241
CC_E246942C7310,0.07614922201201041
CC_E2474A334F3D,0.087187400254112
CC_E2489637D0E8,0.11331479605048128
CC_E2521AF9C2A2,0.06772890728764394
CC_E253F4AC4762,0.5952049022326119
CC_E257805D0F0A,0.1825738172814035
CC_E25A924EDB70,0.09057529115751786
CC_E25B5D5502AD,0.10371143495142646
CC_E2619E24BEDD,0.6847651801347142
CC_E274DAF3C064,0.07049119490318533
CC_E2787CBDFBF1,0.14017682505724013
CC_E28AE2E68BB7,0.666030632930562
CC_E2C3E272D059,0.23135293452402855
CC_E2D653061523,0.42368755661229485
CC_E2ECDC7D23EE,0.12915994200227582
CC_E2F0E725C3AB,0.06156413115389345
CC_E2F7712CD056,0.18723016623409286
CC_E2FD7FCF0AD5,0.7944999651114762
CC_E308C7DFB2F2,0.12483046206669568
CC_E30B791D5F11,0.21089560363544377
CC_E315F7A94400,0.340981673643534
CC_E31DAB1E73F5,0.047885959179731645
CC_E32034C97E83,0.2234900125436869
CC_E32DBED5EAC1,0.24622085803616112
CC_E32DDDDEE3CB,0.20924802066704828
CC_E343EC3EB052,0.677731485778919
CC_E34A04E78D60,0.1243596485236191
CC_E3503B565AD0,0.27004401698030467
CC_E356B05ADD56,0.198959206277073
CC_E35D02BE6780,0.01652811523269131
CC_E369AAECB2B1,0.49817389288537595
CC_E36ACDB4F96F,0.4444981686971993
CC_E36C7F0E1657,0.8239710918927292
CC_E381FD4674D5,0.03193557559872871
CC_E38E3835121E,0.03882044567519454
CC_E3A70438A0C1,0.2641211084782996
CC_E3B5C76189F3,0.23109805548766776
CC_E3B7B7E57889,0.18140324290765414
CC_E3CCC0D886D9,0.210086000197462
CC_E3DD8AD10171,0.33071697614948264
CC_E3E230CF20A1,0.2055836914549488
CC_E3E4B2543CCB,0.06964483113064371
CC_E3E5DF01E014,0.17505486496549566
CC_E3EB157288A2,0.0773277649695758
CC_E3FBDA203EDF,0.1673792797204231
CC_E404FCA6CB2B,0.6913396677723197
CC_E4054F9C8442,0.2661091917476148
CC_E405D808772F,0.0377005560502086
CC_E4137B250609,0.4124338675463639
CC_E41482A7E968,0.051417164235192686
CC_E421FA1874F4,0.110853761864658
CC_E42C38BBBD04,0.16570743875720775
CC_E42D90BFB285,0.0368479188052611
CC_E42EFC05C891,0.07909329923672039
CC_E430F3C75969,0.10178902441274229
CC_E4576D6B6478,0.1060105032029014
CC_E46B27A13728,0.3976935044383887
CC_E4783FB590D4,0.17590244233745944
CC_E489009C6500,0.14765837623735656
CC_E493CB46177D,0.08458503246925278
CC_E496AFA9B40A,0.33145642368733685
CC_E4A2FFE0EE1F,0.11065251837672899
CC_E4C553538385,0.3174695402647598
CC_E4C7B5501ED1,0.11886626031751821
CC_E4C8A5A60F51,0.17326119218573321
CC_E4C94AB69214,0.3928355076375193
CC_E4D75244E8B8,0.18515810549881206
CC_E4D9A8EEDBAE,0.20572958585197412
CC_E4DF787730AA,0.1387758579238056
CC_E4E0DC070132,0.1596069078179366
CC_E4E3C08B7F86,0.046785409583533236
CC_E4FEEB4389C9,0.3288239852050925
CC_E50598344DD9,0.4121282472669788
CC_E50C634A9A18,0.02740296555921936
CC_E5107337FDD7,0.038251484879321784
CC_E511BFCFEC9E,0.6916982331799741
CC_E51318749E09,0.11786030479464198
CC_E53FE6708AD9,0.6887516243831446
CC_E54290FEA34D,0.09790857175754022
CC_E54B723C018B,0.03722905768396026
CC_E554618F383B,0.10617458507505836
CC_E557336955A2,0.11968278049422085
CC_E55B48E73651,0.21568548835991425
CC_E55D8DC645B9,0.056268982059261854
CC_E575DA02C575,0.24201937763557618
CC_E576BD98A727,0.20543332968360173
CC_E578DC77656B,0.13057853781496268
CC_E57F3EAFD9A3,0.13556706643379235
CC_E59A01603B7D,0.28821453187753365
CC_E59B2D974CB3,0.1656451525842964
CC_E5A1C44F0F07,0.6092195062060309
CC_E5A8BDF6BFC1,0.16623014256333232
CC_E5B284DA0E5D,0.07890307368989546
CC_E5B8363BB378,0.6101424025781736
CC_E5D8BFFA5F88,0.055390743735276374
CC_E5DA04902EFD,0.319999709386106
CC_E5F53CFC20EC,0.08510652980666773
CC_E5FAECE63C59,0.5209435127728481
CC_E5FB6E872C58,0.07380913302043603
CC_E6045565E7ED,0.08594383480345108
CC_E60845ADC7F1,0.03559617642175878
CC_E61567D6B392,0.11428054224930892
CC_E62174AFA94C,0.1304770762164828
CC_E6247DD14641,0.08826482696812059
CC_E6289A61F0ED,0.06825299004471574
CC_E62E32FB6FBB,0.0261475618750116
CC_E62F6BE942DC,0.25214409729270626
CC_E63E49B128AE,0.0732510418491082
CC_E63F89885A3E,0.7780847016037022
CC_E6466E6A92CB,0.22002735491346437
CC_E64BC95F8B2A,0.8454932374859638
CC_E64C652BBAB2,0.0823207365465485
CC_E659DB355476,0.15974366441126242
CC_E65C8BA5A7CE,0.05942001622706092
CC_E65F39446752,0.3584358014392897
CC_E67395791589,0.18082820707505143
CC_E67622A69EEF,0.07902103134996682
CC_E680830CAEF3,0.05357489463271427
CC_E6823643AC4C,0.664503508929221
CC_E683F33931BB,0.11870568074140413
CC_E68841DEB163,0.06743190245815835
CC_E68B2C33D180,0.1504027939395286
CC_E68EE6EC2618,0.03617813723546144
CC_E69508D3D3F1,0.23482247313985316
CC_E698F1348426,0.1989180115125286
CC_E6A178F3709D,0.12287497692883645
CC_E6A4B6E8619C,0.6706224464143004
CC_E6B3887C66BB,0.28976030408246956
CC_E6B6BBBDBEDB,0.3161480480431276
CC_E6DBD0F9DC3B,0.060667523723720015
CC_E6F090F70DDD,0.33911944327507937
CC_E6F2D8CB45C6,0.10333578885936989
CC_E6F8FBEDA2A7,0.06700170031729737
CC_E70854CDFE9C,0.0476247973651137
CC_E71C05F07F85,0.05761910376752372
CC_E72797CABC60,0.08035196947950649
CC_E727C1153226,0.08907789458594462
CC_E73489D828C7,0.12174660443329724
CC_E7355465CE6A,0.06505930942894969
CC_E73CDBC743FF,0.20810360676755307
CC_E74F00E75A4F,0.05514422811457956
CC_E751F7E19192,0.14809104914280122
CC_E7522AD6431A,0.5619741487241993
CC_E7523630D2D9,0.2673635926805813
CC_E767372DD95A,0.6064733977715189
CC_E76C5DFD3BA6,0.1967817295190219
CC_E77326438575,0.20141944359173264
CC_E77E29E11EB1,0.16049414464606765
CC_E78F20B3223F,0.6957336816501463
CC_E79A23E64518,0.0957871149520226
CC_E7AC69AEA182,0.7399299638187856
CC_E7B754CA9668,0.04015848298030866
CC_E7BA60365AE8,0.16033252672452758
CC_E7C95D4A741C,0.06258985134414453
CC_E7D3D728EC5B,0.1807446680021212
CC_E7E4D5F851D3,0.06521670563700221
CC_E7EA49D37B64,0.3516823853426829
CC_E7EF11A24F73,0.782942265416305
CC_E7F6F9A7EC65,0.07589662669608208
CC_E7FBC7F69DBB,0.20648942107513052
CC_E80B1A55A74D,0.1800320382723201
CC_E824AB0AFDBB,0.19411044093186025
CC_E826DAC92D9D,0.23986665260966222
CC_E83AB7100D06,0.1351989848603844
CC_E83E6D31EC76,0.23639409103011963
CC_E86650461FBE,0.16622559251334168
CC_E868A3754B11,0.8289479551060339
CC_E86A993F7D05,0.08401075710318709
CC_E87992FBEE80,0.6281663943442799
CC_E87B909C4DDD,0.20785018755431417
CC_E8828BA7EE08,0.1202736434695567
CC_E886157F6FBD,0.33331330643807117
CC_E88711C5C98E,0.11329404355903555
CC_E887680BB6CC,0.18282253752790123
CC_E8909BF77D8D,0.09941810888133573
CC_E8A82DA3A246,0.1627506700470299
CC_E8AC7545DBD3,0.07759308289137702
CC_E8BA6B224C3E,0.10768148449782965
CC_E8C6CA45BF72,0.18308067608201514
CC_E8D2E3126A8F,0.6848573289578427
CC_E8E55DAC4FF9,0.043338104078765205
CC_E8EB77AF3F78,0.8307248457854286
CC_E8F2C6905503,0.3881728644762181
CC_E90831F897A9,0.17363970277714988
CC_E90B14D51185,0.5503364192161848
CC_E9188329C9E7,0.0772720096868547
CC_E91E1C0C0C61,0.6242320077869149
CC_E91E9D34C5F3,0.11002170728785937
CC_E91F555DBA96,0.13769179171633472
CC_E932CFF4B4A4,0.23868250642471603
CC_E93643CB34CA,0.1563666828273625
CC_E937CA493910,0.13917884543873674
CC_E9409A50B4BF,0.5393849265420725
CC_E96711AD5512,0.051063954151856425
CC_E96A3E6912B4,0.4955153978156368
CC_E98AEE74B9BC,0.19959960431969243
CC_E992FB78BC2D,0.25536550419940024
CC_E9A3AECEE3A9,0.06922317215180525
CC_E9BDA7766728,0.2974551335831368
CC_E9BF1AFE86C3,0.1995784806134423
CC_E9CA055AD1A3,0.09548309081285229
CC_E9CA0A56E917,0.21446684181091924
CC_E9D3453F53AC,0.6295538734717913
CC_E9D46EFFA839,0.19161392479963313
CC_E9ED872B6037,0.030930058531571943
CC_E9F40C1B559E,0.10253179591300282
CC_EA06928C0AA9,0.24610417061449252
CC_EA0A46F64C80,0.0947181495848719
CC_EA114B15FC04,0.5123121344672003
CC_EA1F3F67BA2E,0.08811946769341289
CC_EA21618614D1,0.6724296419309849
CC_EA26B5A89181,0.20187434366390344
CC_EA26C6C27662,0.16752387997432786
CC_EA3B5AC76649,0.1975662328389005
CC_EA4E669C8528,0.07807170955555118
CC_EA6917E7A5C2,0.6772005965973129
CC_EA8A25862433,0.14769271437681714
CC_EA901D7CA670,0.1643315594091806
CC_EAA2BCE323EE,0.7347702184681356
CC_EAA6D5189190,0.10239830864807557
CC_EAAA8DD7FAAF,0.14982251772199903
CC_EAB7408CCE0E,0.28191378340313344
CC_EABEDB3C4827,0.1342739149393047
CC_EAC6D83D1BFC,0.02778601688377116
CC_EAD7F3E9DAD1,0.0598622584925994
CC_EADC7D8196C2,0.31018781192205047
CC_EAE608E24E29,0.03423403579419124
CC_EB05AD2C7C27,0.02498813052349322
CC_EB1DA337E2D1,0.13126078094460206
CC_EB1F425EC937,0.11249349356660159
CC_EB2FE764BF6D,0.12264617576357843
CC_EB55483587DE,0.10886492151338806
CC_EB569B3E2E12,0.6356641255871188
CC_EB57E6E6C96C,0.21275814508167074
CC_EB5A0FE0605C,0.1398744126208845
CC_EB64EC97D01D,0.11548812705281246
CC_EB691249B91A,0.18287072474332935
CC_EB7C50A7D4C1,0.4865852754533848
CC_EB7C52FDBEC3,0.12607566632717102
CC_EB86FED24535,0.261231035372259
CC_EB89DECC2021,0.09610219904197886
CC_EB999F9D6095,0.19012494186174997
CC_EBA2F85924CE,0.05995047247842802
CC_EBAC5A53FD11,0.09215733668113787
CC_EBB109EF7619,0.16809106487055242
CC_EBBD00C18763,0.03512931567544877
CC_EBCA68C7854D,0.06927322767086433
CC_EBCBDE122879,0.1474813606232569
CC_EBDF6C88BBA5,0.06062596230722052
CC_EBEDAC91ED43,0.09854407761582404
CC_EBEEC4183FDE,0.044781765970451234
CC_EBFD9D007253,0.4683986199386041
CC_EC1ABC58E09A,0.15142020403723036
CC_EC26EABA68DC,0.8044405806159273
CC_EC2A485A3E71,0.17710277961309046
CC_EC3B9E2FE47B,0.08863307421597372
CC_EC505F03EE5F,0.028807947043218568
CC_EC5317EC6706,0.1770596650794623
CC_EC5B7FBD1EA7,0.13923205559097357
CC_EC5C7471FFC5,0.05006426358602178
CC_EC5D92B3617B,0.19758135068124483
CC_EC5E214BFED0,0.667450662945887
CC_EC6406527201,0.1024781606525694
CC_EC79022358C6,0.3395313558113938
CC_EC831A90189F,0.09485179021380676
CC_EC87C131FADC,0.05493401057346731
CC_EC88785D6F39,0.19618114265613187
CC_EC9173F5284E,0.03347371101258331
CC_ECB7B3B6272E,0.054271441649601265
CC_ECBF4CED56D1,0.11753882392482953
CC_ECBF80B94EAE,0.7845160145802992
CC_ECC78B7AE3F1,0.6085269827232581
CC_ECC7E9E691F5,0.1603036373944808
CC_ECC9235F612E,0.2506256924833806
CC_ECCB0BD557DC,0.1638191893502913
CC_ECCCB1B4EA8F,0.08617604685893472
CC_ECDDF4983DD9,0.042808573681756654
CC_ECEE93C4F564,0.6077106740765074
CC_ED07BD8B2CB3,0.04974967475802829
CC_ED0F4A02A01C,0.24251522262586683
CC_ED11D72A1D3B,0.06352136574991708
CC_ED165FC5A06F,0.04629982867851367
CC_ED2B6A40ABC7,0.2741573256502457
CC_ED390F22A931,0.0902434046551222
CC_ED40E7CE5177,0.19271262498648373
CC_ED4E4B13DB1A,0.03948172104675885
CC_ED4F22572419,0.153690179096873
CC_ED5AE5CB1DC5,0.0606117351102166
CC_ED6090A4E6E4,0.22636937011267902
CC_ED645D91E6A5,0.10482812641472233
CC_ED6B045B6075,0.1718165171158002
CC_ED9313C71C57,0.15910722226664045
CC_ED9BCE7C776F,0.7377010642351209
CC_ED9D4644716C,0.16197233251970683
CC_EDA794402358,0.23691202407412315
CC_EDAADACD4DED,0.12737842627861298
CC_EDBAD2E989FB,0.1330745017556993
CC_EDC98B474E76,0.2586100400357721
CC_EDD1FD49A66A,0.7703600748621644
CC_EDD448008C0C,0.6897826540171537
CC_EDDA3B790095,0.062178886733329164
CC_EDF95BF0E3D6,0.1644320597616576
CC_EE03D7C2BC69,0.07019492018506773
CC_EE0D95184E81,0.03920448222560698
CC_EE0FF690C214,0.4304192626936716
CC_EE2412C352D5,0.08222551175187698
CC_EE2A010019CF,0.055614718953562535
CC_EE2AC730827E,0.05569897193371477
CC_EE3236E6A9FD,0.11078376769507711
CC_EE3759EA49FF,0.16673272600413697
CC_EE38C78AD88B,0.4037791016277324
CC_EE3CE0FD6B77,0.5809153281293803
CC_EE6B7E58FC63,0.03662497527078769
CC_EE6E02464067,0.2981283128732025
CC_EE6E1FA7A753,0.13366738719242888
CC_EE6FCE6C233A,0.20019240540061461
CC_EE88C07B9333,0.08969502902988642
CC_EE9004165810,0.06659504382888667
CC_EE9BD17AD343,0.04806908044663132
CC_EEA608D5A455,0.15220905596190504
CC_EEAFDB1BB486,0.5317644471838283
CC_EEB482736C41,0.22258834097840313
CC_EEBD9DA093E1,0.04173566232409637
CC_EEF23DDD2262,0.11768719568570377
CC_EEFBDC9AD94A,0.07415772886049826
CC_EF05000895F4,0.4858057135934508
CC_EF16B2CE0988,0.3686449535675045
CC_EF1DD3F0CBDF,0.053865570841582645
CC_EF2D82085BB9,0.09242020002791211
CC_EF2DBE79D656,0.23764993916046367
CC_EF3000C48A4C,0.06853572228962349
CC_EF359AF608EA,0.03340127637345148
CC_EF362432D758,0.3412415770708346
CC_EF548B30F1B6,0.21116946784266316
CC_EF5B403DFD7E,0.09378260713336378
CC_EF66DA0DDF9C,0.2592294462398625
CC_EF70BA4AEEC4,0.15409391623180888
CC_EF83DD56FCC5,0.07055931328347545
CC_EF8B642A6F8D,0.06702744430413646
CC_EFA1EB27DA19,0.03459285969758703
CC_EFAE84EA9BDE,0.07224668534327142
CC_EFB26BEA106E,0.3407523988958017
CC_EFBB51CD8502,0.23316727240720564
CC_EFC18E9B3B55,0.1177066385332127
CC_EFC4B0020E2D,0.12638178320970386
CC_EFC9FA5108D9,0.13130098070424653
CC_EFE45D9B9D9C,0.04918698794597061
CC_EFF27FA98DF1,0.06624020687436301
CC_F000DA497736,0.244688316883177
CC_F00107DE219E,0.6865600865770752
CC_F009FC54A64B,0.766301610230909
CC_F01DF28C6BFF,0.08239828810018153
CC_F037C91F63BF,0.11432499313016782
CC_F03FADA95A03,0.7419263705015077
CC_F05235F3C894,0.09737533854140965
CC_F0649FEBFEB8,0.47842167775742045
CC_F066C78B5C0D,0.13721952709652338
CC_F07313626618,0.626722740175947
CC_F0783F6A56F5,0.7722188865975639
CC_F0791523691A,0.14860086931258504
CC_F080750455CE,0.057873887506869906
CC_F0809EBB0B51,0.023516126058079324
CC_F08259F86E23,0.16279458938639407
CC_F0929F859702,0.1773890170825801
CC_F0A7203CCA39,0.1575253929229712
CC_F0CD4DD9C63C,0.1321600697835938
CC_F0D29AD328E5,0.15266893517993047
CC_F0D339E5B80C,0.049281045521319275
CC_F0D3BC14FA77,0.07837259495347228
CC_F0E16D28D49D,0.17153542810407907
CC_F0EBE2C00A7B,0.052765173938630415
CC_F0F137758DC2,0.05225025664878852
CC_F0F6BD40CA43,0.3169502574163704
CC_F0F6FCF6010F,0.16486202664741925
CC_F0FBC9D4ECA1,0.02692892900976581
CC_F0FEE924096C,0.25847006284559715
CC_F1074E035DE6,0.046289975947600065
CC_F108D26930FF,0.38634606007852623
CC_F10DB853B9DF,0.4040684225228862
CC_F10E06D52D76,0.13823785266845273
CC_F11F5F477B91,0.6356195896618959
CC_F14913B5BE1B,0.7535945188139148
CC_F156C1647E3D,0.06937692752230525
CC_F1598097E314,0.6886792402418225
CC_F1641E3AAB3C,0.0471224309660873
CC_F166878FB959,0.04989179556707142
CC_F17540FE7C9F,0.1183976450327043
CC_F175BB08B29E,0.04793436716691768
CC_F1782AF286D0,0.3696555553337564
CC_F1796AD4B774,0.5810001780634617
CC_F17B3A3A5E56,0.6273783747809482
CC_F1858D6F0080,0.14995345464610457
CC_F18689FA8E29,0.07124570308266273
CC_F18A82B0F153,0.13568870478703396
CC_F1AE7142A128,0.11145451369793438
CC_F1B43DD57C9C,0.11893269666969568
CC_F1BCB7676492,0.07599908094504464
CC_F1C8B8BB90AE,0.12578852994813217
CC_F1E044CD2D75,0.24659016813112702
CC_F1FCB96B5E14,0.24783185412841374
CC_F2067E92A939,0.14678375887073972
CC_F21512554CC9,0.06625518873793323
CC_F243956B7575,0.07994696879945347
CC_F24FBC9FD3F7,0.31928495908862303
CC_F252EB3F208B,0.09999396828571447
CC_F25D793346CA,0.3959852803934778
CC_F25EB1ED5AD9,0.05091675591603356
CC_F265A0AE845F,0.708021805699617
CC_F274BB4AEBE0,0.05554599995100047
CC_F28BF2185131,0.10294456695415605
CC_F29077E45AF0,0.2300310599432637
CC_F2988560CAB8,0.34641895354328156
CC_F2993AB36C56,0.07438191819301257
CC_F29D6C65779E,0.05639441565077396
CC_F2D2BADD0000,0.05818557055753372
CC_F2E4AEB73D57,0.10687720940219317
CC_F2E630BAF431,0.04683386789216861
CC_F2EFCB40AE74,0.15956153169853576
CC_F2F085891915,0.7217053594193654
CC_F3030E2C80A0,0.19946018357930206
CC_F3044C7C16BB,0.055396257137114824
CC_F30B21CB4603,0.10133922410483505
CC_F3140FCE870A,0.0795644505605496
CC_F32A84B321FC,0.19142915894198248
CC_F339FF584607,0.311015972462376
CC_F33CEE0F6DBE,0.4107166571126676
CC_F33DAF3E9CF0,0.10542311123858507
CC_F34EC3FF202F,0.07679756425730425
CC_F35A6C383B39,0.1700624668958885
CC_F360E0FF27CA,0.06515080770742022
CC_F36B7AEC0086,0.10851180649211853
CC_F370665BECB8,0.5721184851382004
CC_F373A60E53E8,0.02589449275431919
CC_F373BDAE18B2,0.06954667306092244
CC_F3745BC63340,0.06436607018880383
CC_F37DC9169301,0.14341033193222896
CC_F394E57C5243,0.22945339916534035
CC_F39E98FD418D,0.0733123992194987
CC_F39F51452381,0.03445148713613638
CC_F3A52465664E,0.05076375402747312
CC_F3A8CF761A0F,0.2108178633962165
CC_F3BF1709E29A,0.42598490337564476
CC_F3BF72C29211,0.08474928657651382
CC_F3CF35465CF1,0.03679265372438606
CC_F3E2186DBD4F,0.2797575466935813
CC_F3F0F9B9B56E,0.1553746151094359
CC_F3F185395BE1,0.13948598155710837
CC_F3F68E6599E7,0.06614395107767385
CC_F3F7763C9DFE,0.18403274601143468
CC_F3FFF13592CE,0.06196888631845505
CC_F410C3CE89E1,0.1696280514886645
CC_F410C8B811FE,0.0622658113628166
CC_F4132072D78E,0.1158750811142348
CC_F4157B8E5B32,0.5365442348663426
CC_F41CF067E828,0.11324454792242271
CC_F41DC456E539,0.03030133095810603
CC_F41EEF55A0EC,0.03947947187881512
CC_F426B5C1F07D,0.3364472322409067
CC_F437875F9000,0.20336932649123274
CC_F43C961F8A30,0.13644786876602033
CC_F43D9BF23472,0.05044099032375857
CC_F444BE033109,0.13335259464951352
CC_F4481124F17A,0.1508398542396243
CC_F44EAAF80F70,0.14001083250269042
CC_F4521F6D3492,0.5270669772137793
CC_F46BD9AB1B68,0.1354214362780321
CC_F4763AA0B824,0.5475404732010197
CC_F47976F33E20,0.20128302598072373
CC_F47E588D4470,0.1708354473372803
CC_F4A2777912C2,0.12264966499653665
CC_F4A6C2B23685,0.04831135152079958
CC_F4B3EAEEEA8B,0.03422687818723008
CC_F4C6CD1E720C,0.07218186854693477
CC_F4D05DA98C83,0.04783594820445114
CC_F4D15889CDE0,0.1450722992903607
CC_F4DEC1E6173D,0.02833265941304404
CC_F4EFAD6AF8BD,0.29360281209877725
CC_F4F7835A1FA2,0.2206101002647392
CC_F500597795FB,0.14277715841428343
CC_F5197FA9580F,0.6829401572427047
CC_F5240F59146F,0.07192094807485624
CC_F534A0B87C3B,0.1484120751920449
CC_F536972BFE98,0.13215547301624114
CC_F54FDFE5A5C8,0.08551735841758631
CC_F55727F65F86,0.192101949805073
CC_F558EBDCDD6D,0.11888357597488139
CC_F56D569AC51F,0.08871918867453134
CC_F5714D180EE1,0.12051144022604225
CC_F576ED9554AD,0.3407251575589607
CC_F57C2559358E,0.19979314621682492
CC_F5AA72FC0972,0.08775088081920393
CC_F5AE7DEA2B48,0.06754451636731823
CC_F5C6A5E9D495,0.15694351847061228
CC_F5E0731F2181,0.24179500553834193
CC_F5F4F3B03FE8,0.7274962080178514
CC_F604D7B9CBD9,0.16574647278517907
CC_F60F13391D61,0.15888252603005942
CC_F618D72DF162,0.06620429477174991
CC_F620B15ACC5D,0.07058379608559401
CC_F62D426D6614,0.1309360992271572
CC_F634999D5C1D,0.022559441477444223
CC_F636E5BAEE47,0.16813871507868586
CC_F6461B692240,0.7197827746669381
CC_F65BAD63AED0,0.1721928331198363
CC_F65DD2AC57E8,0.270449033595773
CC_F66C6577674C,0.048363911927592054
CC_F670896FE959,0.17477570817340993
CC_F67376F272EA,0.6967388758064981
CC_F67FFE9E884E,0.280709208389219
CC_F683C99F06C1,0.162348480649857
CC_F68523E2CE7A,0.7535046657098133
CC_F68E62F9AA0F,0.021812472301779517
CC_F69604E05962,0.0783404476855074
CC_F6B8913740B3,0.10050609945727318
CC_F6BB4952DD35,0.31653617699750286
CC_F6C0B7AC57B5,0.6201448624661169
CC_F6D2B06E6E8B,0.5967570342244478
CC_F6EB30A84C9F,0.27377925343766385
CC_F70345A4792A,0.1187021180741338
CC_F7068C1F77B3,0.334439419843211
CC_F70B0EA8C0E7,0.05036776846118656
CC_F71CC97FCE83,0.09780254348160847
CC_F722224A84F4,0.6470715235907621
CC_F72D1046063A,0.22815144219698683
CC_F72DAB32A281,0.04530810725607089
CC_F733AA5C0ED9,0.058908030403422254
CC_F74043C1BBEB,0.05713266773893824
CC_F74A31E36137,0.05721033563551726
CC_F756B167634F,0.16698416164229019
CC_F75CBE8E1B92,0.49646737592764417
CC_F761F7EEAD39,0.13519356433888224
CC_F79303D62FCD,0.07619625866672289
CC_F795134B52E6,0.6455600644289231
CC_F79533E83ECA,0.08680953224220403
CC_F79F9A7ED432,0.758227719657246
CC_F7B2FC73E020,0.03681135150168521
CC_F7CF24594B20,0.05386708240734134
CC_F7D31937AA89,0.040166933012515914
CC_F7EFD378035D,0.40717648364872433
CC_F8014B1E00D6,0.03414100617828159
CC_F80ADE95A7C8,0.04752385660754398
CC_F82E58E476A9,0.09359762866313173
CC_F82EB123CC19,0.1606553372947419
CC_F83088660331,0.1019552044206832
CC_F83C6DF6A815,0.5728404500658244
CC_F8620C4F7581,0.1582865693730267
CC_F869F4DA5077,0.774041990327406
CC_F86B1C53EAF4,0.17390887321107656
CC_F87B7F26FF51,0.23096824204828162
CC_F8803D1C899B,0.04517794319001091
CC_F892E51AC9DD,0.03868096901555369
CC_F89C185743F0,0.10201945345340427
CC_F8A4D45C3769,0.08926078469887855
CC_F8AD68EA5A16,0.2064820035926362
CC_F8B4DBD0CE8A,0.3501091117189733
CC_F8F3E551F166,0.26018946790320124
CC_F8F9FE2C9B65,0.24854576058223443
CC_F912A50D0DD1,0.16440909665709436
CC_F91B7C2B1AFD,0.11074356683645376
CC_F925251D4BF0,0.3713513708592942
CC_F925ADD60E7B,0.03271614985061177
CC_F9282C144479,0.055480815512838635
CC_F92EE3287CC8,0.07780588642415903
CC_F93332608FE1,0.16735872008402708
CC_F94070DE3B81,0.056626702317994625
CC_F94C81428D20,0.20605450292502353
CC_F95DFFDA9B12,0.3923480408629797
CC_F96A53B02447,0.600489483072654
CC_F96A965CDCB0,0.6599742994691239
CC_F9721FEDBE9E,0.19077638223566248
CC_F97C3E145882,0.24069784508348951
CC_F97C64C64052,0.07573511543505008
CC_F98660A07E6A,0.7960449944925273
CC_F98BA4B13724,0.07306335185508876
CC_F9A3F3A76B1A,0.14104104213384294
CC_F9A8E2B3A703,0.12383353573427666
CC_F9B3E7E7F2A9,0.4372467180950641
CC_F9D7D0B1E4A8,0.6839275405595269
CC_F9EDA4EDDD44,0.04955210348131676
CC_F9F2176B12FE,0.046663929244662554
CC_F9F90E76CA5B,0.09135414239205487
CC_FA0157249C01,0.10711079887285851
CC_FA169BCA835F,0.05971651764930471
CC_FA19B61BCABB,0.12292562287994299
CC_FA1DD203C293,0.24772933240116296
CC_FA2E30269BC1,0.1852045234962501
CC_FA304CE8E045,0.19182206305730798
CC_FA310759A257,0.6623519557204163
CC_FA32397E7B8C,0.08504335605431064
CC_FA33D97B84D4,0.09926820676071546
CC_FA38991B9434,0.0233929151653426
CC_FA4079FFF1E5,0.20468756748958772
CC_FA716665CD8F,0.06810027201624969
CC_FA770268B207,0.1772486335067738
CC_FA7A2F59245B,0.48126218468308135
CC_FA8205104EBF,0.119575195291643
CC_FA8370AF8740,0.04872710697378953
CC_FA858F1025FF,0.1125261376468603
CC_FA86320CF6B0,0.04782919329868031
CC_FA8B341CD3EA,0.20157956217101392
CC_FA9057AAF95B,0.08482239092655063
CC_FA97314C666C,0.05218578009104604
CC_FA974C1D91AD,0.35319310573867213
CC_FAA0E5BC9F44,0.7047539724851913
CC_FAA2694D8578,0.27085107857082386
CC_FAAFFC74BC35,0.688248376947945
CC_FABA6DCF8E45,0.034523451687513244
CC_FABC53294AC1,0.1613815430403855
CC_FAC52B8E66DA,0.10990624652084156
CC_FAD284D8DAC8,0.8324573245410889
CC_FAE70CA5999C,0.13045047127163728
CC_FAF1CCB40132,0.0973737848657246
CC_FAF93D8B3B59,0.06539447612012302
CC_FB09E5481B64,0.08182863734319129
CC_FB150A1F7C3B,0.12014242133897907
CC_FB1808471515,0.37491085752264164
CC_FB296D823CF6,0.06987680525518557
CC_FB301E1FA7FF,0.02436975646196565
CC_FB33C958A19E,0.418160959074081
CC_FB40D63FC3D3,0.1878397949904923
CC_FB45A1837AD7,0.09985392194110594
CC_FB45B79CED15,0.10353573126672021
CC_FB52260232E3,0.059404021482314245
CC_FB6A0A7B8813,0.2524247019717473
CC_FB6ED10D82D2,0.09628996268726667
CC_FB78DE84AF05,0.03387227674200826
CC_FB8DF8F93E7F,0.1742942352066925
CC_FB8F89048B89,0.0838703633243152
CC_FB9C3E77A49E,0.11825981572227648
CC_FBA40CEAEA18,0.0745585375198507
CC_FBA998938FE5,0.1690017371708746
CC_FBADBAFCD1B3,0.2722697809539153
CC_FBCB85E21ADD,0.16710386489641282
CC_FBCD00EE4402,0.16303734398842373
CC_FBD40DFBA5D5,0.30658263278164044
CC_FBDECF3DACAE,0.233830608311049
CC_FBE4E2F652EB,0.20981336040210005
CC_FBEA9510C687,0.25470375675538176
CC_FBED1E2E1CC0,0.15046982043753257
CC_FBF54E48EB13,0.06588529518069514
CC_FC1E279EF320,0.04996598627994356
CC_FC2E1D460089,0.09478507325075691
CC_FC31CBD20CDF,0.16927763849665464
CC_FC41D8134A1C,0.0652621898166962
CC_FC44D7EF257E,0.04599554968966146
CC_FC4A649BDD07,0.21465434049997315
CC_FC51BCDBB6B2,0.1305688591416648
CC_FC57B6E79AAC,0.19379106209107502
CC_FC6AA879D9CF,0.10422153240519111
CC_FC7A926F3A64,0.6462495541376378
CC_FC83CB9C71CD,0.027898900754151607
CC_FC9E6D511294,0.1359959212221304
CC_FCA657E69930,0.4047348668373127
CC_FCB451237214,0.787702269656619
CC_FCC7E51DF812,0.5573721918582077
CC_FCD42ECC012B,0.04088185936761488
CC_FCE8FAEAAEF1,0.10652704259062765
CC_FCFAE9BE2522,0.4195883707775747
CC_FCFDB5DFE5D4,0.1011675150290497
CC_FD24FC7961A5,0.08781169693902446
CC_FD2793DCB5EF,0.11211656912532113
CC_FD2EEF724088,0.12262527491784804
CC_FD3205367675,0.0793628959537961
CC_FD3A21CDCA7C,0.1199262246641525
CC_FD3C4C2FB68C,0.1415765213242614
CC_FD41687DC1A0,0.16471380821335915
CC_FD44B4E31EFE,0.09065804275487305
CC_FD5721556AB7,0.057566417805505754
CC_FD643C174587,0.3417153661775699
CC_FD6BFA30DD9E,0.2524821789543203
CC_FD7C9DD7F11B,0.13355400698883477
CC_FD7F2D90CF8C,0.051867595646255885
CC_FD8C4F601909,0.046558158153001766
CC_FD90B45AA24E,0.0711595253956742
CC_FD95457772AB,0.0546135306068745
CC_FD9D9B58DB1A,0.20467321846440834
CC_FDA918AEB5D6,0.6246538605769111
CC_FDD4C2065540,0.32385622520256363
CC_FDE57A2C5156,0.17810418107825615
CC_FDE9920975F6,0.23369004604079197
CC_FDEC856F9C6D,0.05355125877094839
CC_FDEED2AA92A3,0.4430410675052699
CC_FDF5607ECC1B,0.03920285997031636
CC_FDFED3D7E70E,0.16671837120274802
CC_FE0324F99784,0.11631133470450616
CC_FE0A18D6570D,0.039455301488046324
CC_FE0DACAC84BC,0.24220557930971903
CC_FE16586C9FAB,0.2540695418584687
CC_FE16FBC86237,0.1536987953101927
CC_FE1C808C4515,0.05434381476135164
CC_FE1E64201B9F,0.11048897759460777
CC_FE33D60E29EB,0.02684150248709112
CC_FE3ACE674BEA,0.1561173305343438
CC_FE468E9AA9D9,0.020806347375442423
CC_FE5AA923C220,0.1643281528926202
CC_FE6C777DDC19,0.05130129800231299
CC_FE6DD8C8EC90,0.23101885010022938
CC_FE7A84AAA8F7,0.11507766271694783
CC_FE7DB6B410A4,0.11681012417761336
CC_FE8691B1F3D9,0.06629067357333925
CC_FE874279A94B,0.07367829749614323
CC_FEA61499305D,0.17884187296927795
CC_FEC22B334AC5,0.14901317097977124
CC_FF045F9508F2,0.18408994070409482
CC_FF0EFF711598,0.2422680825405778
CC_FF12F53D5676,0.03975006355167245
CC_FF13D426EC1C,0.1638252092183394
CC_FF16A7C8600F,0.19404069815190517
CC_FF2236DC115C,0.4284310028071444
CC_FF2725428B6F,0.07656171515502926
CC_FF3176D91690,0.10952465990720787
CC_FF393D295D66,0.04313145208529774
CC_FF4598202C5F,0.6512585300985284
CC_FF463A4B3D04,0.3131643369732257
CC_FF4703F7664E,0.04523954723283221
CC_FF86EC3C0851,0.48018334369037163
CC_FF8A580DD831,0.15362712443080132
CC_FF8BD8697ADE,0.1312439155627501
CC_FFA681A2054A,0.03639589370855293
CC_FFB6B2D2BB2A,0.3568688571879568
CC_FFBFA27643F8,0.13332254987284822
CC_FFC81CC80F9D,0.1451700860938335
CC_FFCC9C0763D4,0.10011265352928353
CC_FFD4E33DC920,0.5676857673498268
CC_FFDE11143038,0.0574441892201835
CC_FFEF28047C4F,0.3682562760052147
