client_id,prob_default
CC_0012A082B7B7,0.13787634922086345
CC_0012BC27DFB6,0.1444389438801884
CC_001563B2143D,0.11554469973026285
CC_001B46930B6F,0.09711211175556202
CC_001D771E1C9F,0.047558875686087146
CC_0028BD91E759,0.09162027871104302
CC_0029971D7EF4,0.23851216499991995
CC_002B8C00B239,0.039852040430845795
CC_0035DFA86185,0.753301633924282
CC_0042D11A6D0F,0.06456996849837326
CC_004D21A4ABB6,0.11635779651928953
CC_004EE05FC2EF,0.47313282234324494
CC_0050E546EDCE,0.7145392668004741
CC_005D7F31F785,0.06127465431386007
CC_0079996ED779,0.21132486340379347
CC_0082B4E1D9CE,0.037224714886065324
CC_00B01C73CEB8,0.16475387697955568
CC_00B74FFEEA53,0.18570781259956617
CC_00BF6791C18C,0.13308219250144063
CC_00C5E30B288C,0.3261835834955008
CC_00C68CE1CC12,0.38718738886624804
CC_00CC4148959F,0.1791177677711789
CC_00D428772D30,0.4096866220887416
CC_00D5806C7783,0.09859449606606516
CC_00D5C677C2AE,0.4551903550370561
CC_00DA781C4D66,0.09203301075692816
CC_00E7E2D6B548,0.2180068105088774
CC_012BC0A68DC1,0.06947733947050759
CC_014911033882,0.15818489482666687
CC_014F7EF4E595,0.6690837148108085
CC_016501B25F2B,0.052387412641337
CC_016767D9B049,0.041317100509524265
CC_017598512EA2,0.11216758544802102
CC_01941532C804,0.17152422899431297
CC_01A66C6E22FF,0.7836514823766367
CC_01A684355200,0.18074205351669892
CC_01AC62740827,0.11759891466753898
CC_01B0EFE5DB79,0.31786335932083787
CC_01B876B2988F,0.21211329867274825
CC_01CBB64C1DB1,0.3723884972118591
CC_01DBD993A1FC,0.05006413533283827
CC_01DC49D55C2D,0.036751308037872014
CC_01EF18A3ADBC,0.564523219239272
CC_020252D37557,0.18341384492923424
CC_020BCDBCA8CA,0.35851070002839075
CC_021A6DD97ED4,0.1530946481399315
CC_022054506F33,0.0702947783622172
CC_0225D6231EAA,0.06468866133379507
CC_024B524B0176,0.03416912411232958
CC_0256303A6DC0,0.23183789074269512
CC_02589E6E4714,0.05737268569240036
CC_025927626E10,0.7125809559324927
CC_0283023DB294,0.030701988389267205
CC_02903C6FC0C0,0.19111995245533903
CC_0296E572CF21,0.04089453912225945
CC_02999E509460,0.5816473873993209
CC_029E835D91BB,0.06322089137301426
CC_02A32EC3526B,0.07499056635599702
CC_02A393632CD3,0.2818204841927779
CC_02A3E21B28BC,0.772166882236543
CC_02A4B4644529,0.09010466634456185
CC_02B43865B30E,0.05315140215233928
CC_02B5A1A178A2,0.15948357042118952
CC_02BC4785773C,0.21451287858463702
CC_02BEDD9627DD,0.6725693156284778
CC_02CD2C1EFBB0,0.11202325875975558
CC_02D4430492D3,0.3570511695875954
CC_02F79A06858B,0.1044927321053043
CC_02FA254C9D43,0.046517792607985206
CC_03062402B4EE,0.06166609647247404
CC_03072CF2EC63,0.31560049220875314
CC_0315369B079D,0.10202715297166129
CC_03199242A810,0.14648218815407857
CC_03214BA76DB4,0.21960837885120466
CC_032735A44CC6,0.05923301823593997
CC_0330340F2FE5,0.19654708143515714
CC_033236FAAFDB,0.16592368654398976
CC_0337298F948C,0.04367977675362964
CC_0341CAE5E2E8,0.22627238426544571
CC_03434E2371CD,0.35274270861059487
CC_03547AAB948A,0.21496031694485573
CC_0354D0453D8E,0.10728983951569988
CC_03592E51F427,0.8104152863077176
CC_0365DEB525A3,0.09938206673232783
CC_036782052BC9,0.3440875065054896
CC_036977A50F1A,0.12558877796075119
CC_03720D08B8C2,0.29084020329543336
CC_038AE599BCA8,0.33687092588457584
CC_039E67CDFE1E,0.34692093650271316
CC_03AC962FC717,0.17790276460017518
CC_03B00DFA3A85,0.7772782170403467
CC_03BC6380E968,0.5001477950108155
CC_03BC730E0B02,0.026331880195040264
CC_03BD4F22DA3D,0.12742175566893535
CC_03C7E1EF6F69,0.7971909984468915
CC_03C9FA383477,0.0914170864034049
CC_03D1AAE90CA6,0.05530766824858617
CC_03DBB9598F39,0.14056470943071958
CC_03F18B43797C,0.0893188074241271
CC_03F80118E46D,0.05858538605319991
CC_0405E0151A6D,0.18754228349200103
CC_041FEE6C805E,0.35901986908605055
CC_042F88EE269B,0.21027656493591929
CC_043D98ED7F98,0.1856703909980726
CC_044C3537B769,0.15630631859905714
CC_045932C46685,0.13767629230451497
CC_04629624AA8D,0.19433295215804153
CC_04690B4A6AF1,0.24829821488837822
CC_046CF40369FB,0.1267544480230544
CC_046D6EC816AB,0.3778561267433721
CC_0475CD95EDC9,0.12483009505041298
CC_04796F06B82B,0.1290837312942486
CC_04AC7C1CE736,0.3160488517146477
CC_04AEDD051B96,0.32463055118140893
CC_04B42AD0E01A,0.34801401028533885
CC_04BBD1DB360C,0.303235569071325
CC_04C767FFDA0F,0.5054536277063443
CC_04C7B819B9B9,0.07308652482232068
CC_04D127A775DE,0.08840263138009119
CC_04D9ED00053F,0.0594529032991451
CC_04E0EFC4F548,0.29462751063780307
CC_04E6848903E8,0.032231975479023296
CC_04F69D03ECE1,0.25865911485608895
CC_04FA1CFA1DEB,0.20358403146408427
CC_04FA6842AC62,0.0308496413937611
CC_0502F3791166,0.27457087495501226
CC_050B514E15FD,0.15198438979926993
CC_051ADBD6D835,0.1070669692626471
CC_051B4644216C,0.060828991577589676
CC_051C0A644DD3,0.025927034450815477
CC_051CBF566856,0.04211674794910225
CC_051EEA9AE819,0.14462296870386618
CC_0520E27BE904,0.14690972278548287
CC_05224448D290,0.11071048919803037
CC_0525DE4744C0,0.05095126244378063
CC_052F5CD81EFE,0.17383546133637584
CC_05368FAD2E6D,0.07138544309616757
CC_053788B82006,0.0951535672591884
CC_05471A48C6F5,0.16154263574038502
CC_056DBA1A87BA,0.07915550800375118
CC_05901F3E7A0D,0.16168112875377733
CC_05906BC8ED3F,0.14484211347682918
CC_059D55E32C78,0.08407139352670204
CC_05A12EF84A86,0.49971532086291304
CC_05A42D035609,0.1437307006598343
CC_05AD75A5CE38,0.04677825256402463
CC_05BBD4B92613,0.558273891173438
CC_05C8EF6500D7,0.7690203135888282
CC_05DDB7B07497,0.0805584444287154
CC_05ECAE6E0774,0.2281074088629124
CC_05F11F14DF9E,0.3346509545120929
CC_05FA9192590F,0.15381593343310113
CC_05FD764FB154,0.7661943299822895
CC_0608DBB4DF03,0.2476004646239649
CC_06198383F6D4,0.1049297577674822
CC_06199EBE2B05,0.18857683583411067
CC_062A8881A331,0.0657393554658798
CC_062F74350907,0.04588443903987058
CC_0635AD30F004,0.7741590776400021
CC_0639F539946C,0.3012464106735414
CC_063DDB42CF5C,0.08269865663819476
CC_06405C00E240,0.2857907507508395
CC_064920FC9DAC,0.07098997714230883
CC_0650AB329174,0.7770176910498536
CC_066941B109B9,0.17744378581908266
CC_066AA16F5874,0.2879982278856978
CC_06732311FB8B,0.16813144981873537
CC_06780061F889,0.11417365062535312
CC_068A81B06B74,0.48213339802133204
CC_06A1C5FE269B,0.31707623383967304
CC_06AA7138DAF8,0.038662399393117955
CC_06C0DD0D066E,0.7477808631721693
CC_06C97CFBD476,0.13473082358028285
CC_06D15F523C05,0.20661358413134678
CC_06D35787AD65,0.036690724901189804
CC_06DA375201A2,0.08627924342021182
CC_06DB455FF19B,0.6679147099099136
CC_06F3674E7313,0.4539106781707001
CC_070232DF9996,0.11252237010502104
CC_07141FA77DBF,0.09473363868812282
CC_0715F11CC8CA,0.21322750181159028
CC_07168A9C843C,0.2008617835449354
CC_072AB9F855DD,0.03912249048923673
CC_07337AF6AC2A,0.11942613533520785
CC_07434E4E5C28,0.07149117627579793
CC_074381358A2C,0.037869113969440184
CC_074E7CA75E8A,0.2352748853519706
CC_075D0C618BAB,0.23200304067380684
CC_075D804F7851,0.09478473185499761
CC_0765961D818F,0.43856658597754095
CC_07698F10563E,0.06285062532228894
CC_0773B9BA9E18,0.3093790528355278
CC_0784ABDA7F8C,0.183050595067748
CC_0790C9F9EC9C,0.08205676306726031
CC_07A996E6CA6C,0.2802638368151012
CC_07B588ED677A,0.15151649615658724
CC_07B730FD7F82,0.1704512774308945
CC_07BE6961D039,0.07536880839072468
CC_07D23A6BAF5C,0.1392548798957952
CC_07E08196A3DB,0.05395252595729874
CC_07E4850039B3,0.09846540502817419
CC_07FAAF8B2D23,0.047104170165323034
CC_07FB3FD9BE0B,0.12450981393219329
CC_080CB94A724F,0.30343296593260694
CC_0837C56711FE,0.09698881106450971
CC_084100A049EE,0.05046089716379863
CC_084113D0951B,0.30967825364120655
CC_0843DDCDD601,0.6600508628160642
CC_0846C14EAAFE,0.06353004792583242
CC_085091ADED2C,0.22374851431003426
CC_087943B4A5D2,0.15282866904336506
CC_08A97B98C405,0.16754315063477648
CC_08AA321BC4AD,0.17354685965065514
CC_08AA44ECBDD5,0.06337067385614312
CC_08AE2EE9D798,0.18693676689783373
CC_08B149462891,0.1813340326609838
CC_08C71A8D2D58,0.044477498538421256
CC_08D645F7B257,0.04892715900756451
CC_08D80BF0B273,0.05306289414331215
CC_08F52B1BE431,0.27759921970202095
CC_0903571AC7E7,0.15781633431680162
CC_090D528C09D0,0.4482226509590964
CC_09106BA6CFC9,0.07723263879553253
CC_0915905A5D48,0.11613007720760155
CC_0918F67CDF01,0.14861252370418054
CC_0925D0B6276C,0.14785359709626605
CC_092A2830E36A,0.7868992211596773
CC_0951489C8F79,0.03239442375675114
CC_0951FA4D5513,0.08288785044844958
CC_095C712064EA,0.07971626641288862
CC_0969AA7BEC71,0.08348963554305927
CC_0974840BED49,0.7582186611555175
CC_097BD371F652,0.09172862166408466
CC_097C8139DBD1,0.04773980911904745
CC_0981CA4DBCE0,0.023179564409536262
CC_09A5D2F129A4,0.23799361044018796
CC_09A9BE38080D,0.0962611111467892
CC_09CDC42E000B,0.1809367515589349
CC_09D8DBAB2A42,0.09692687878375059
CC_09EBB1960580,0.04421272829635074
CC_09EBF206FEE6,0.22766520655816175
CC_09F2AE996181,0.08789981139552339
CC_09F45833F53F,0.14079492982505531
CC_09F4F5C5B4EA,0.7667467808901685
CC_0A04BF4005F8,0.19283125033618229
CC_0A0E563D1060,0.08090534288767631
CC_0A0F781A999D,0.18498813758272692
CC_0A1138C37BC0,0.16439142935068154
CC_0A334A16524B,0.05661512576916934
CC_0A359CD5D73A,0.06585195334963895
CC_0A3E2C273DB5,0.0805251629544358
CC_0A4705B1E08B,0.041840338967271164
CC_0A67EB7C5282,0.1529520730530662
CC_0A6CD64871E5,0.3395111311522739
CC_0A75643FDC7B,0.06748867839690378
CC_0A8066F501AC,0.04046598316348787
CC_0A83017D027D,0.2216572075145637
CC_0A9AB7441D5B,0.34040920902712035
CC_0AAA72FA148E,0.3912892023226284
CC_0AAC488C8AE4,0.43347242484839166
CC_0AC2DB82398C,0.34708177045091926
CC_0ACA2C49A497,0.11751533495645775
CC_0AD4BBEA75ED,0.04092446067849849
CC_0ADCD6553B8C,0.07304949213622297
CC_0ADE56B56C41,0.03319050480932169
CC_0AF4B5B4162F,0.7315784251122799
CC_0AF9BD814AC7,0.11211688372761341
CC_0B083BE0FEA3,0.12113099289843454
CC_0B1384331163,0.06493290801019341
CC_0B216C6AF0F2,0.02419511150392826
CC_0B3465DB0684,0.6332003211627404
CC_0B442B91679E,0.1583687247426331
CC_0B455175F494,0.10489588088766169
CC_0B4C01B4002C,0.21865491613552424
CC_0B544A526D6C,0.07118909248936114
CC_0B5B19AFCD18,0.059935170300866286
CC_0B5BD2D224BF,0.060293349628536524
CC_0B6407C2C9BD,0.15544504473191395
CC_0B73F59991EE,0.09850013584463041
CC_0B7579216681,0.0848845361864799
CC_0B7F3B4B32C1,0.282947002945959
CC_0B830A67900A,0.14000762776307804
CC_0B84250F96B8,0.186432450108324
CC_0B92212B8E27,0.2567195053342236
CC_0BB43BC4B3BC,0.1221284394749339
CC_0BB992973640,0.06461556666415685
CC_0BBC41297846,0.10443020479128286
CC_0BDDB468A1E0,0.3108904709220873
CC_0C00A631C2B4,0.08512153218657609
CC_0C011AF6C857,0.3499818012258168
CC_0C0459AB67DE,0.14267027234130925
CC_0C18B07E451D,0.12659315848687241
CC_0C19EB845CA2,0.2718943301086846
CC_0C1A736F37CC,0.07971760267884967
CC_0C335C9D86F7,0.7722173054728594
CC_0C4C24D066E9,0.16972409801518906
CC_0C5499989AF4,0.1644613157375467
CC_0C95548CC1BD,0.14488080011383897
CC_0CA2DE660B41,0.19616638991535365
CC_0CA6D8CFCF2B,0.22781901150090164
CC_0CA9DF9C5C15,0.06670679396847995
CC_0CA9F52C92A8,0.1900840356006892
CC_0CAFB6C41CE7,0.12991426091859343
CC_0CB27D5313F1,0.6068395151049867
CC_0CC9DDDB8B44,0.04181056728777661
CC_0CCA18595BA5,0.26360040060093515
CC_0CD90568D3E6,0.21026358117612043
CC_0CE0D56B0584,0.07726888395891385
CC_0CEA028BF961,0.24788043015656977
CC_0CF67D68AF16,0.35181674754128944
CC_0CFAA0FB0691,0.05649319589063453
CC_0CFFD2785D2D,0.09509472068972935
CC_0D28AF91CE97,0.14125394775730366
CC_0D34E55A580B,0.11682937411396062
CC_0D3663B6524E,0.7430945702611832
CC_0D3C2864ACD2,0.34263071443005383
CC_0D5F4BE8132C,0.16213050313127172
CC_0D6D5ACB0889,0.21877440414228258
CC_0D7BFE8CC0D5,0.12221458178081278
CC_0D8852AAB481,0.21177896807828023
CC_0D97EF394C79,0.41940224283892624
CC_0DA8FDDE6DD0,0.05931936766393204
CC_0DABB89E37CE,0.08497669400006119
CC_0DAF0F2FAA86,0.09278435379427394
CC_0DB9E5F8EDAD,0.07227136262264905
CC_0DBC64F88C05,0.16014662743542513
CC_0DBDF018E822,0.11148601754619801
CC_0DC31A5A1096,0.04897563592392069
CC_0DC3870F23D0,0.04360033291895432
CC_0DD39F5D7C0D,0.07047143643397852
CC_0DDC2C18BBDE,0.052820660207218206
CC_0DE09CAA93E5,0.14221422674679812
CC_0DEA4477FDC1,0.11848699830636675
CC_0DED63EF6639,0.2041776744766376
CC_0DED7DBF26F6,0.26588591937392625
CC_0DF01CD21B9D,0.17830029907991196
CC_0DF6A478C01B,0.2251287801801668
CC_0DFE1A3FA5AE,0.1627860085905028
CC_0E07D5FB24B2,0.1393928631782923
CC_0E0CD9F23A5F,0.6801453643499641
CC_0E121FCB1D47,0.08651955064953172
CC_0E1423A4C263,0.19767722251031036
CC_0E16883EE8E6,0.41818871400479685
CC_0E1A2BA1C545,0.2245039205932386
CC_0E2B52BBA69B,0.05798977453801178
CC_0E40BAFC3530,0.1607724754649683
CC_0E48EE235179,0.08154674373473561
CC_0E4FA0FB9797,0.6205361615701025
CC_0E5162F59924,0.7699898443236353
CC_0E5E2FCAC8C2,0.27595056022591313
CC_0E68C2BE2A75,0.12917963019046577
CC_0E6C5A8D8CE4,0.1061510110647975
CC_0E6E9B0E674E,0.09724071380801858
CC_0E746EAD6CE9,0.0789734523449209
CC_0E968E7C22C1,0.2904467503372349
CC_0EA1483F50A9,0.16618001045034514
CC_0EA81362C7D1,0.16848941161868775
CC_0EAE97520873,0.33623753511635
CC_0EBCF4228FF2,0.5105728286929373
CC_0EBDEFD0BDC2,0.07350995985353137
CC_0EC6AEDA63EC,0.2540748862636856
CC_0ED61DD76795,0.10280482691370274
CC_0EE33B1B71D5,0.1356159450460615
CC_0EE7EFF13EBA,0.056959453994679825
CC_0F0F136B0991,0.15088207814723664
CC_0F0FAF218BCB,0.059344139108495036
CC_0F125B48F175,0.09394732841919837
CC_0F292A238627,0.12144486688843356
CC_0F2949A1746E,0.07733753964906032
CC_0F2B71163121,0.07959212125776659
CC_0F393F1DE2EB,0.06936904326738595
CC_0F41B187053C,0.4106584805767649
CC_0F52EDC9D383,0.11504190334502745
CC_0F62C4F36236,0.09709591916196503
CC_0F6A29CE5D45,0.17515645161841548
CC_0F7C0515A6CF,0.15201805132903629
CC_0F8D6C89202F,0.16169774289940017
CC_0F933684CC08,0.17287636503452497
CC_0F9BA54F2AF6,0.04708324066739057
CC_0FA06CE7FAE8,0.04415301671596987
CC_0FD25AA655DA,0.164409529373098
CC_0FF5570E06EC,0.6888257855094438
CC_10197FE0E34B,0.6723311136598941
CC_10355B5718CD,0.10194535734533032
CC_103A9D18EC12,0.15782039735196535
CC_1040DB6A21EA,0.12018638789550681
CC_104D2B84FC4F,0.03715180091149771
CC_104EA2802A11,0.0915802448623424
CC_105777B1BF91,0.059009191214961676
CC_1059F1B6C0C3,0.1597881206139832
CC_1061947FDD14,0.05864413792941078
CC_10689257E68C,0.38556432299881555
CC_106BFCFA7D7B,0.03496537873390222
CC_108FA04AC10D,0.09452427003500252
CC_1092915D0093,0.11449863942228733
CC_10A30F88E157,0.15837701939420404
CC_10A657027AC9,0.717301663864746
CC_10A6EAF27BF3,0.043768174602768196
CC_10B148BED568,0.40439264927148766
CC_10BB7101F191,0.03123440772406292
CC_10BC5BC3A9AD,0.37895061726633383
CC_10F27C70AB99,0.10423984184842917
CC_10FADDF63CDC,0.17008561994339175
CC_1107D9301AA0,0.0838662275214222
CC_111A6DE5D9C7,0.7426400871749888
CC_111DC3B1756E,0.26063348743424064
CC_1131156CC6F6,0.16205010355655192
CC_113B66D5D5D9,0.1057175246262447
CC_1143254EFF36,0.054175085302953216
CC_1145E5277FA7,0.274307222230217
CC_11521077BBB0,0.15008734805209428
CC_1154861ABCCB,0.5865717668693603
CC_115BCAEAE2A0,0.09978107129683789
CC_115BF13E8BFC,0.2441747497689463
CC_115EBE5044BD,0.37533490632987626
CC_1165AA07FC47,0.7287926284895718
CC_116EE8219753,0.056000285245990815
CC_1176FA3233B3,0.04892026129826399
CC_117C2A1587ED,0.0924501780504953
CC_118C0A1D14B2,0.29721779268856685
CC_118ECB589F3C,0.11048225629242531
CC_1190F13FB1FC,0.12374932039852368
CC_1192EEC65A1E,0.21811390781115852
CC_119B1FEC4D83,0.21721667730499172
CC_119C413C2580,0.1382272373022725
CC_11AB74142A2E,0.7977044762220993
CC_11C8A291FD11,0.1479103093348723
CC_11D1E9C39E41,0.06510099746211995
CC_11D600EE1BD6,0.19047234110942773
CC_11D7539AC69D,0.20405750172688736
CC_11D78BB50016,0.15249276990798982
CC_11E0C583685C,0.12125470002520351
CC_11E0D2F15AA1,0.03460851419474356
CC_11EDFE67C719,0.6687287050166286
CC_11EE85F284B8,0.22324192700570056
CC_11F700202C6D,0.1675989006253723
CC_11FB668DF543,0.10476305102121564
CC_1209FA26609D,0.033137728487559366
CC_120CA1B916D0,0.13424876354229784
CC_1210186F4D33,0.07761756377498677
CC_121F621374FC,0.24328543995632013
CC_122532C1FBCB,0.1299784915615696
CC_122B19CBC88C,0.6672559187193352
CC_123C7F0111C7,0.5941822707662763
CC_1241EE42F174,0.12971831633714503
CC_125B7100F1DD,0.13377148957920143
CC_1263B255B3B5,0.1672836105020228
CC_12878596E940,0.08860701143637784
CC_1298ED71A9E0,0.05860070995972271
CC_12B555C6F086,0.17431524590411707
CC_12D22C629874,0.18391645633490794
CC_12DD89EA0C14,0.1931680573746975
CC_12E24CDE2684,0.18611495025322577
CC_12F3B7309455,0.6186550898348292
CC_12F8E7A4BBE5,0.36275542787324466
CC_12FDEAE4873F,0.18907959300650418
CC_130F7B067939,0.362449334293663
CC_13209EDC85EE,0.6688747678106948
CC_1332B6F0E543,0.2303125787173909
CC_1334E256AEBC,0.6017291200581861
CC_1337726B2AE6,0.0879698490876168
CC_1338237BF402,0.2203015581724942
CC_1341DF38D9C1,0.17464784301750585
CC_1342F868176B,0.6930200947830433
CC_134651CCD2F8,0.15528791750948862
CC_1363E3090578,0.06276104890457983
CC_13736493B695,0.059878002570052574
CC_1392DE633D4C,0.2511281715961532
CC_139ED2E0AD76,0.08971154004817583
CC_13A5383EA098,0.6498709184855036
CC_13AA272C6861,0.05772105202106611
CC_13B74E4EE3EF,0.18628565414961992
CC_13C437E86B81,0.5178612291952183
CC_13D61B077E7C,0.07698758683237034
CC_13D7115A8FCC,0.19384992495151007
CC_13DFE319B21E,0.7725608950741857
CC_13E0F0B3FAE6,0.22231191328268385
CC_13FD88C2920A,0.7049246675890759
CC_1401CB818627,0.19622452623041003
CC_140B86E74F74,0.7765002442774882
CC_1452A0B69085,0.04381366532518442
CC_1458CA7329A7,0.2360609045109792
CC_1459E7125AFB,0.09396760761439084
CC_14633EC7F622,0.4238469483495651
CC_147B1B30DE7F,0.11537469898859465
CC_1484511F54C5,0.2837762365148665
CC_1489A941A69B,0.30734452286947833
CC_14A8B16706E9,0.08849307365634876
CC_14BE52BADB77,0.09789928518668467
CC_14D53413FBCE,0.32725186802207645
CC_14D59B58E51E,0.1511964482368922
CC_14D964327B1D,0.06605595863669879
CC_14F5D06CF093,0.136871545988176
CC_1501D63D5A80,0.37116580412693945
CC_150E3A0E5084,0.18820046332556453
CC_15152312AC56,0.06415983571382501
CC_1522BA0411C3,0.06606988565590104
CC_1534B0241A1B,0.05179368173614572
CC_153BE2BEB74C,0.13451857981574267
CC_154BBCD4DCEA,0.23447694786898624
CC_1552EC27FC0C,0.7018556678793194
CC_1566BFF4BCDC,0.34956446124738033
CC_1579BD86A63D,0.32125476810614695
CC_1583CFD90530,0.28088581053973455
CC_1584385F38C8,0.07147899910141985
CC_159656F13BE8,0.10217606154644811
CC_159B6F6AAF1E,0.07721315498086882
CC_15A4934FD96E,0.11531984425496478
CC_15B2140CE869,0.09947106209898626
CC_15C0972DE384,0.6700302491593962
CC_15C0E30FF2DC,0.11959179276819878
CC_15D617FAB434,0.05645788110853864
CC_15DA0F4FFF0E,0.3179220338769524
CC_15DAE76D15DF,0.05352829743095143
CC_15DC7C139EBC,0.3608370257109531
CC_15EB741857ED,0.06891682570379065
CC_15EC51F4C521,0.31844302511733513
CC_15F6259C7C53,0.07738712735145743
CC_15F7C012E10D,0.4726221817605558
CC_15F7C1BEC28F,0.1935043624727915
CC_15FF58854AEA,0.2632246790114046
CC_16035CDDC2F6,0.15486768713796867
CC_16095572722B,0.05435490329983622
CC_16109F1CE0A6,0.28901227936677576
CC_16150E74E4DA,0.15610111825575856
CC_1629E47AFBA5,0.07908749861520378
CC_162F4582D06D,0.6045591032666473
CC_163194DFEDDA,0.04206277426497557
CC_1640F01B7730,0.10076218040189483
CC_16460554039F,0.02953642004899754
CC_164D308CDE41,0.22439643868393683
CC_1661041F819B,0.75841470106667
CC_166829780A76,0.13149173755261861
CC_16798666E855,0.10406434646099805
CC_1684B5493414,0.21683303475456187
CC_168A8907C8F4,0.07282243982133331
CC_1690EC56D088,0.06188289514931563
CC_169853EEAB4A,0.09484488113864795
CC_169B7FD839BA,0.14395449506211452
CC_16AED1A3008A,0.1582346488340117
CC_16BAC7837C73,0.1830089190482704
CC_16D57E1EEA01,0.13693113986977082
CC_16D833E56D7A,0.18099639736577494
CC_1702487A047B,0.16373527358774176
CC_17029F78E70E,0.057289858337524334
CC_1702F3E986AE,0.07451030703006112
CC_1707181BB559,0.044014694413129656
CC_17117BF03935,0.2552871913944058
CC_1723E40C3D40,0.196627871409315
CC_174FBBE9ADD9,0.20147429533894357
CC_176E6E58FD1E,0.11875003917321067
CC_1783F37259BE,0.09203979161991649
CC_178B135605CA,0.08813933250779651
CC_179AA5165026,0.3507006965316257
CC_179DBA1C4CDB,0.3189394826591868
CC_17A1090B69C9,0.09469342863625704
CC_17AA1A4C904D,0.19887338964132856
CC_17B06C06FDC1,0.1568573608264289
CC_17B89AC1FD03,0.21806337729381015
CC_17DC33AA73F3,0.06757384038630547
CC_17DE4D267831,0.09774161212065857
CC_17E929BE0344,0.3526052109799414
CC_17EB83DECE5E,0.443295793029626
CC_17EC9982E5A6,0.14043629331863447
CC_17ED5555B4FD,0.23940316852832483
CC_17F4292DAF8D,0.10348613794702888
CC_1807B0980C86,0.06755687420832936
CC_181354A58B53,0.0792187794640935
CC_181E7266E018,0.09760846220097899
CC_182AAE7CC3CA,0.5280250660607557
CC_183EDEDC5DA7,0.09861662947067527
CC_184C47552665,0.260785105028992
CC_185A7392A475,0.2766466504650821
CC_185FEFD3233A,0.38465147986630394
CC_18676FE5FC07,0.07141992444086455
CC_18776C4FDE28,0.0934920215362112
CC_187A8AECEFBC,0.14348605059772862
CC_187E7D0B4E82,0.7227132255998583
CC_18839D393105,0.1638966401215326
CC_1888476F6CF3,0.15415365297536338
CC_188B1ED2AAA5,0.3295139910068602
CC_18A4257C3172,0.2881191329422023
CC_18A7929D9FC9,0.26493793042573494
CC_18A8695F185E,0.10779485394536602
CC_18ACE64E8F74,0.19146908878652819
CC_18BF4A29BB38,0.1382438944341074
CC_18DE36F7D294,0.16194424997778128
CC_190EB07AC1FC,0.12651570492105052
CC_19219F2C60B7,0.1539983595920574
CC_192262DB0B0F,0.0868402142644692
CC_1929746E06CD,0.6076244064905618
CC_193356E72D61,0.6915901329860044
CC_193938E8EA40,0.18460785769707783
CC_193C60092202,0.5440931350565162
CC_193F669537D1,0.14923386495475616
CC_194E13150BE5,0.049238239543206816
CC_19556DDCCDB3,0.03981152061350032
CC_195A6E9B48A2,0.14547095064119694
CC_196DEC616B33,0.09263772753214317
CC_1978B23D64A8,0.1288465438943663
CC_198562A4BD86,0.13874735388665355
CC_19864C9572BC,0.17873284098474523
CC_19868B6887C9,0.1294760724005749
CC_19969E05AB2B,0.1763892082966415
CC_199FC89885C7,0.1209072651824954
CC_19A40411B404,0.2629558255304315
CC_19A6D9B60B29,0.6553031780600409
CC_19AAB010550E,0.06490550905783771
CC_19B4743DFEEC,0.0770366805866473
CC_19B95A61D757,0.17042232869053933
CC_19E6A00F6A5B,0.08178135044942013
CC_19E8DEC29F47,0.5989126230178513
CC_19EA54976042,0.15677899829387293
CC_19FBBEA75B7F,0.14670906282535104
CC_1A039E58840A,0.05639232781853573
CC_1A075331756B,0.12997716990429903
CC_1A1E1302C432,0.1684547457318294
CC_1A37690EAEDB,0.17156256086123672
CC_1A3BF9F5BD42,0.13647266403871094
CC_1A4268FEB02E,0.1847121601440096
CC_1A5F8618A912,0.3301079441643796
CC_1A659D4D521E,0.4324104131706895
CC_1A879655902A,0.07084696753993475
CC_1A9F6DA46BC2,0.13572192189330645
CC_1AAB15E81743,0.03181229555050387
CC_1AAC389EF8A2,0.25507049179662356
CC_1AAD0CE365D9,0.12901368803637756
CC_1AAD9152C90B,0.055455279013873926
CC_1AB15BDA9296,0.06688352141837411
CC_1AB8BDA3041B,0.1754578169353483
CC_1ABB9CB074E2,0.7316727254938331
CC_1AC1B1A3978D,0.05491928795189612
CC_1AD20D1F9C08,0.732037459727981
CC_1AD881A90D1A,0.30628866416634704
CC_1AE9811724DD,0.769173496928945
CC_1AF1AAAB9D12,0.7613871176638183
CC_1AFCC4D0ABD4,0.1602568928385788
CC_1B08ADAFD1C4,0.17013081956338977
CC_1B10139C7917,0.12137801612134483
CC_1B127133B948,0.15763690846021938
CC_1B25964EA376,0.14301948074008547
CC_1B27A85C7244,0.19374488697272302
CC_1B29F4378A34,0.11890685856802177
CC_1B2EC0BD0677,0.3795431961741545
CC_1B4AAF37FB97,0.09108231942777067
CC_1B5E792F6E6C,0.2922840137250084
CC_1B7166DAA790,0.15242084438193987
CC_1B89FD901C95,0.09120943084865193
CC_1B91E3A70338,0.06765122201529658
CC_1B9D9B7184F7,0.16523295863276305
CC_1BA3FDD92B1B,0.05569164555592202
CC_1BA9B3D67170,0.1387592720110046
CC_1BAF97E2BCF2,0.10192932810272015
CC_1BB7D8A54021,0.09723162228058488
CC_1BD548A5FEF3,0.11781561006389354
CC_1BDF1893ECEB,0.2637495855289665
CC_1BF117A8AF9A,0.05634772228627423
CC_1BFA7E407428,0.6853679327904604
CC_1C0066F472E4,0.6805286581276122
CC_1C09CC2385AF,0.07049137664861523
CC_1C11467AB472,0.6523797160629532
CC_1C1627B7EE6E,0.03926576293629696
CC_1C3259B85E28,0.17773941564224222
CC_1C334ED885FA,0.03616915802643729
CC_1C376760FE39,0.08149641172491084
CC_1C39A1ADF3F2,0.15020660799818827
CC_1C450FC77478,0.12245923221014762
CC_1C48409023DF,0.4045664507700696
CC_1C4D03324C60,0.35820984949032764
CC_1C5F1E1028DB,0.03839335513946196
CC_1C6681C0AA7A,0.7885198993491609
CC_1C84CFE19CDC,0.20760241249654826
CC_1C8B3F689C6D,0.21787937412619418
CC_1C95674B902D,0.037135182293388455
CC_1C9A4C11F28F,0.17175415904415808
CC_1CA3F50BABEA,0.07656324119929714
CC_1CBF42D35AED,0.6246867450476656
CC_1CC11BEADBD5,0.13990235452169658
CC_1CC3CE396A8A,0.22012389944726019
CC_1CD2B13C2E6B,0.08351744561429844
CC_1CE0B37CA670,0.09509417423283564
CC_1CF5A99FC068,0.13418759920306356
CC_1CF71AEB6671,0.07871197157322177
CC_1CFE066F5EE4,0.18718871973747048
CC_1D00B360809D,0.07328449612987799
CC_1D1173F82F2F,0.1099457195620344
CC_1D1E06E0B393,0.16653015266674137
CC_1D2789866B1B,0.07935591118090504
CC_1D2DD7DF781A,0.20981502516447828
CC_1D313498A2DF,0.1776396069614659
CC_1D68396533F9,0.32609474828805796
CC_1D7235BA1EAF,0.18967687489401586
CC_1D7ABAF9D080,0.038497063653035846
CC_1D7FA51D0D7D,0.4774560530147441
CC_1D8CFB3589AE,0.05857902764121868
CC_1D9421A6EB19,0.3139487063572816
CC_1DA0AC68719F,0.3466094321685631
CC_1DA366D588B6,0.12087774970063771
CC_1DACBFE0296C,0.10555992032476472
CC_1DBD6A716910,0.6527604001014167
CC_1DCB75B5CBDE,0.3447470696448254
CC_1DCDADBC0E90,0.44292725294902435
CC_1DD11FAF43E8,0.13218452120195562
CC_1DD8064E71C7,0.17772129389963448
CC_1DEC926EE25C,0.11940015860530805
CC_1DECBAE4FC5B,0.06179757735746787
CC_1DFF80E6D4DF,0.05973679494969408
CC_1E025C3597E7,0.2660838806743665
CC_1E082052CCBA,0.6377716057003858
CC_1E0E30441DD1,0.21318587598710392
CC_1E20E200611C,0.148395220244356
CC_1E354C75EB9B,0.027598475547946744
CC_1E3B2C15EBCD,0.17467762217567617
CC_1E4DF11FAF55,0.15187277433288288
CC_1E4FE60DFD8D,0.7265476151955181
CC_1E5A648D299F,0.1919927821596001
CC_1E6C0A8B3841,0.6493813092957559
CC_1E7FA6E807A3,0.22477198767952578
CC_1E93F760EC93,0.2598577816416927
CC_1E99F40FA03E,0.07868133527979566
CC_1EAD09DBC23F,0.22143369536153604
CC_1EB3D53252DB,0.25433260389580853
CC_1EC889E04D69,0.10464303065844792
CC_1ECCBF6853F6,0.47787295455877354
CC_1EEC4520436C,0.16490188922978044
CC_1F2827DC99C0,0.17935180189540956
CC_1F2C184C5227,0.07102740478367778
CC_1F3FA8091B02,0.1339839148044536
CC_1F4E07BFDC8C,0.04810639845511528
CC_1F4E0E9B54BF,0.0653589133154616
CC_1F55738A6A27,0.35624044748151557
CC_1F65276D0EF8,0.12266753664080525
CC_1F65C797BD40,0.0625861201461278
CC_1F668C0AE868,0.08693237926327627
CC_1F6B19A04BD8,0.0509095689301433
CC_1F945A60367E,0.46636988969611964
CC_1FAB6F11DFCA,0.716487754187445
CC_1FACCCE95224,0.29097300172617524
CC_1FD010E5EA82,0.06935137426903681
CC_1FD2B7BCCD20,0.7194582808549131
CC_1FDAEC3D5CBB,0.11102941147668845
CC_1FDC65FE3DBE,0.13332469351585666
CC_1FE696D8A81B,0.0635556193999826
CC_20027685F59C,0.7671040335060069
CC_2009F3D77774,0.11791174999927591
CC_200C552C40F3,0.11553951334923424
CC_201459527065,0.11394240423489366
CC_20275029A688,0.06459700539399114
CC_2028DA597C34,0.22805332405577144
CC_204E557E5046,0.38771061998085227
CC_20542CFCFB39,0.04133410702147934
CC_2060F813C9B2,0.2555618528673932
CC_20813A9A7F71,0.1045201618852771
CC_208429A11E2F,0.17189730888776117
CC_208B0FE7CBAD,0.1094833679157918
CC_209A511030A7,0.03280304669820829
CC_209DD60421B5,0.062486057162793526
CC_20B26D646D62,0.1551333795895292
CC_20C47966B174,0.2212872144486376
CC_20CFE9681E4D,0.07754251867805284
CC_20D4DB0F3E3D,0.04060558566101709
CC_20DD84CE3CA0,0.1040072481398824
CC_20E57CA675DA,0.6114798056837185
CC_20F129FFBE00,0.25345173973695584
CC_20F4E0F62D2C,0.05973994228704482
CC_20FEE0B2130D,0.623296682093645
CC_2111B298C212,0.09983418147955635
CC_211315AD7633,0.24046073361417386
CC_211504721E27,0.1505986691873883
CC_2119919BCB4F,0.7941541919135577
CC_21375C9ED931,0.19298714901829753
CC_213D2A5355FB,0.22392333673518694
CC_214B50E48E94,0.16839918497958473
CC_215F86D986BA,0.13629402584381997
CC_21600308F496,0.042742494772187396
CC_2166F3F6344B,0.11659146094637227
CC_2168BBB42053,0.14066183890997347
CC_217030CE0127,0.0419022875855828
CC_2179067B405D,0.04504101963474004
CC_219B59B67193,0.19937822586262222
CC_21A9E8DB58FE,0.14477115014618672
CC_21AE679C5E95,0.24300139109534202
CC_21B98D13174C,0.10794046172680356
CC_21C81BC15002,0.10339388054449661
CC_21C9B26CFEA3,0.06378534439555
CC_21D22081A4CA,0.7505946019048078
CC_21D29CD736D3,0.32902033556654403
CC_21D3CEAF838E,0.19082949596034962
CC_21EF792A3811,0.6079212619650289
CC_21F04E996723,0.363973884207338
CC_21FB6C8AB8BF,0.437424146981832
CC_22067686F6C4,0.7132040667769377
CC_2207A39B7BB8,0.1248155828669068
CC_221053121AAB,0.21046233721569285
CC_222423774191,0.07359464823275799
CC_2230EFBC99AE,0.4121831555456781
CC_223BDED2A465,0.24933118370868823
CC_223E3CA7A07F,0.18390239809359826
CC_2250B42E48B2,0.10686838605385819
CC_225935E43583,0.1381091555666717
CC_22781E93CF84,0.17707817231882939
CC_22784AF3CB6B,0.45748674797580235
CC_22831690395E,0.23009579797862603
CC_228E6CBCC935,0.6351976226880998
CC_229338EBBA6C,0.0821886573679345
CC_229A63057E54,0.4957104357169448
CC_22A2D8A4B437,0.0845675909623332
CC_22ADE1EE9BC7,0.1284246900712468
CC_22B69E7C415A,0.038397714286650016
CC_22C590B43FEF,0.32089268447776037
CC_22F06379D8FD,0.03251499853804627
CC_22F282264A1D,0.11494975717783518
CC_22FBF5F0E1C0,0.2223993068303618
CC_2302088175A3,0.25736495879317545
CC_230672EAA654,0.02939906770855605
CC_230870B121F6,0.16779281458417894
CC_230A051B2B3E,0.046662026469682
CC_2316F57AFB7A,0.0808001097793456
CC_231D091FCD1D,0.055158556364697055
CC_231FDED1781F,0.2319309860689161
CC_2320053D1183,0.05808190866479739
CC_2320AF507566,0.17275246681098866
CC_23321FF41C3D,0.21410653719254585
CC_233470D6BE72,0.6634357896927795
CC_233C8EBC95FC,0.36581443274706005
CC_235F99F13500,0.12908456286073422
CC_235FC02CA52F,0.21215954533281706
CC_236C80CAF53D,0.19515078713560224
CC_236E7222D97C,0.07733243334145748
CC_237B86FDC93C,0.06541645965089886
CC_237E7EB2D7D8,0.08201070462816312
CC_23830081EE1A,0.6774320025563305
CC_23894AAA08DB,0.5236540734870181
CC_238CBFD6E20C,0.3762240127537734
CC_2392A4A79C9E,0.03413188271024499
CC_23A474D43C73,0.2051381416608271
CC_23A9CC59BA0D,0.02419914455694
CC_23B158D8306A,0.14064314484782048
CC_23D147F1870B,0.18369364786203185
CC_23D2E73DCFCF,0.12853414966194687
CC_23D9103D1EAB,0.028474741166752138
CC_23E142182F2F,0.6835578051876485
CC_23E43713A108,0.03905657888348486
CC_23EF2911610E,0.47985387010467306
CC_24056B76BD7D,0.04709561890768604
CC_2416ECE66177,0.1258268887690065
CC_241E65816FC2,0.07262750816653717
CC_241F7E97FBDD,0.05712109180910607
CC_24217201D7A1,0.38753705219085066
CC_242301FCCE50,0.05035193309632817
CC_242C69CF0B12,0.12259149954632104
CC_243B23702DC1,0.16702228606998548
CC_2456B9C796E4,0.11549094610661068
CC_2457D89CB88B,0.5882678837477064
CC_24667210E2AF,0.2044054231683238
CC_2468D206CAEA,0.06319397252237152
CC_2469630A4F86,0.33514362015753685
CC_2469D83D9594,0.03607634070835661
CC_248C65EF54A5,0.6405641886500197
CC_24BCCA7941E8,0.10397719323292029
CC_24BDC1CE2A3A,0.19728908560610672
CC_24BFCCDF957C,0.04450095834153069
CC_24CC8A1B1CB7,0.1379087013701431
CC_24D4B1852554,0.2098192566403005
CC_24E65FA5A32E,0.1425275393140104
CC_24EF3EDB6857,0.04215249084904128
CC_24F15A19D648,0.19685014244154694
CC_24F2410B5A19,0.12295074800859292
CC_24F27E7DE1C6,0.4770773878292588
CC_24FFFD0C983B,0.038927932698922196
CC_2504E9D5D5E4,0.11860918027567643
CC_250F6A0DB62D,0.05207317765881647
CC_2520E13DF0A2,0.7429390781822491
CC_2539C315029D,0.2843354827493426
CC_25519ED78507,0.1941014643931327
CC_255D49296DB6,0.11602552366998721
CC_255DC60FF5BD,0.0474991530122099
CC_2563C9EF9D55,0.06338004881275436
CC_25756EB9651F,0.1284065967685872
CC_257CC46D379B,0.4192743907735703
CC_258D5F80A933,0.6989076270186805
CC_259D87270257,0.21978856239320593
CC_25A41AB21C94,0.2418529921627171
CC_25ABCDCC8B71,0.08731412870552493
CC_25AF0D0569B5,0.07016004334914928
CC_25B61D393144,0.1409471346639173
CC_25B95D7288CB,0.39255376479279913
CC_25CE2F2F13BE,0.21608775181082937
CC_25D1A5971976,0.33512313680830436
CC_25D411B46F00,0.7539953535149299
CC_25E7A2DC5E41,0.06516333154456688
CC_25F4C8E51AC2,0.5307424383497509
CC_260323EFB122,0.6020499899212728
CC_260F10484312,0.0533559636463838
CC_2610D0F1D0A7,0.18667236968237383
CC_2615866F35A2,0.10474466152179318
CC_261DA4E8DBEB,0.1140610656756317
CC_2628F00B0745,0.35483365450048765
CC_26338E9AD15F,0.14017217012972144
CC_26346B99BDBE,0.6601107656973655
CC_26351DBC1AF6,0.12656206084844193
CC_2637397AA3F3,0.5996054725342682
CC_26675C32611C,0.6705297134512975
CC_266E49E49071,0.19494019133088258
CC_2696368A4DC6,0.028041856698154007
CC_2698641B68A5,0.1369877017213635
CC_269C5AE6A1A3,0.67638499901298
CC_26A06AD1206C,0.74875100786102
CC_26A358B0C10F,0.15923352456860118
CC_26B07CB02EA3,0.640193975743351
CC_26B638BEA8CE,0.12763060223961153
CC_26C33B649FC9,0.05231565971114983
CC_26D5B969A36F,0.3096054771138656
CC_26E3A1226C2D,0.15642225760024026
CC_26EEA3F0224A,0.26041851990293685
CC_26FA5E5A718C,0.147127713235273
CC_26FE119D4919,0.06163436123736329
CC_270B462BAEF3,0.032052378909574436
CC_270D929FEA9F,0.07921850895071375
CC_2731AD82BA11,0.22359076397191027
CC_274144AE3E86,0.17131973928909772
CC_274AE6E82879,0.17797920221144314
CC_2757A490C5E1,0.09148480635324407
CC_2766F6011BD0,0.3879611410415341
CC_2768E644C697,0.05730809207060333
CC_2770DF70328D,0.061954134465673674
CC_277503968C44,0.5241046933360726
CC_277CE974AA8F,0.25320481313331994
CC_277D246E39B9,0.1977758034973212
CC_27A1CC725B7A,0.06460712500085902
CC_27A798829CA8,0.780866819199847
CC_27C938FC8DC6,0.4636730879688359
CC_27CA2D819E7A,0.06815483312519408
CC_27E3712F0E38,0.12898860027709627
CC_27F3B3F43FF9,0.034467600558551824
CC_27F9832EAB8A,0.44706917140552715
CC_2809CC131F3A,0.6836814270468025
CC_2812523510C0,0.16731681964686207
CC_28151C75756D,0.04002939930503921
CC_28203CC976F9,0.11046390184508462
CC_282AFAE06F96,0.0895823079576315
CC_282C2404F4C0,0.06652677737542534
CC_2834BA2F19FC,0.19769610462090337
CC_28432E22F47D,0.5878818602650986
CC_2844882CC439,0.05595329407773944
CC_284F79726032,0.3972420918903565
CC_28544783AB15,0.4948580788529314
CC_2856104729EA,0.7142093217528077
CC_28625CD86761,0.17848004263679557
CC_2866BDB46FB1,0.0853780075812416
CC_2872415C6B36,0.07795110857528348
CC_28752737647D,0.6518552035908391
CC_2875C281EE88,0.05473604978947982
CC_287E3E9EDAC9,0.07951566709348094
CC_288A2C49D62A,0.04719858232559267
CC_288FA8CD819C,0.19947731914483477
CC_2891894CCED4,0.06616433830149451
CC_2895608A9699,0.12978619082834944
CC_28A2EF7926AE,0.6196462245115628
CC_28A7DBD2B710,0.16853752961116142
CC_28AD81DF2C51,0.1125320302604099
CC_28AEC29CEC25,0.12692632095363401
CC_28C1C3DF7928,0.11183938638332012
CC_28CA76962EC8,0.16106991700991
CC_28CD47803B6A,0.07017993228868868
CC_28DF569DBBE5,0.07981564202224747
CC_28DFE611C657,0.09566209846378507
CC_28E11E6A6C8D,0.18355281923172054
CC_28F58ADC7CBC,0.11947864443213035
CC_2916479EBC84,0.10388913485890112
CC_2917C6CB0B2C,0.14964557369050577
CC_291C7830D4B5,0.3756993287391341
CC_291FE1744E5F,0.07296896444633265
CC_293124F1ACD1,0.12918896628398857
CC_293C2D704AA9,0.3457316959932907
CC_29432A6B2555,0.11407990293734276
CC_2944B427406C,0.18261951183751637
CC_29468B7035D6,0.12345571684269338
CC_294A9A24E473,0.04243948622430798
CC_294B94EB0E07,0.2400110845938306
CC_2967C29E4C3A,0.12849970352384935
CC_29716D5835F4,0.2009025393803565
CC_297179FF2BCC,0.39006695871003966
CC_29803690C939,0.20438320136661617
CC_29821539DC4D,0.14223221698655122
CC_2983C1D2A273,0.1656114283170806
CC_298CAC5A1868,0.6447899259669785
CC_299EBE0FB429,0.15420531288812078
CC_29A1C0073882,0.4737074690975823
CC_29B6065F187B,0.335699634575372
CC_29BC66C10F87,0.6886620594465465
CC_29BF3C3D9682,0.20771535697004545
CC_29C4425FB2DA,0.18562608724730797
CC_29C5D0D72D61,0.13165508376191642
CC_29D65E313500,0.1171084842516303
CC_29FD856F47A5,0.7392959008694706
CC_2A097F88615A,0.0925380096098899
CC_2A0CB4CE1A48,0.22407368112720916
CC_2A14C1652D6D,0.20594227145482463
CC_2A1F96F80938,0.1109217244255615
CC_2A23F71805A2,0.13306460913729545
CC_2A2BF2FD0498,0.14617168202430872
CC_2A358A1D3DDF,0.6405403440236047
CC_2A3E371F0DAD,0.23698418361622292
CC_2A423FC8A330,0.3163797506686913
CC_2A43368D54F9,0.5328540228524894
CC_2A47A21C0E07,0.6768137741880587
CC_2A4CB02E7A1E,0.1279646480411048
CC_2A510080BA29,0.17406601162450258
CC_2A5316E550F0,0.08646492593434155
CC_2A59695EF90A,0.5828655260954143
CC_2A606D00CC46,0.051973998482619174
CC_2A6C69145AE0,0.07195601305737556
CC_2A6CD71471A6,0.11348118057211962
CC_2A70D6EF64E1,0.09670991774785753
CC_2A844754AE67,0.6000631104024332
CC_2A85A7B242FD,0.16386004892761397
CC_2A9A51067D7F,0.1410382719893697
CC_2AAAD4020436,0.2074396598653617
CC_2AB62BCF3704,0.07476924158673447
CC_2AC1C8DE5649,0.10625697221064483
CC_2AD10D78793D,0.7111831264238673
CC_2AD26446A7AE,0.0407875278261198
CC_2AD2D35975D1,0.08963301891530297
CC_2ADA07B0211F,0.29804903676451483
CC_2AED2D284351,0.32387709779305063
CC_2B01FDE2552D,0.24729004104562574
CC_2B06DDFD7F8A,0.07379299987084348
CC_2B08FBC0A948,0.1642600714314692
CC_2B1914218468,0.7460554438492477
CC_2B1D93E12DC9,0.18644022385680303
CC_2B248C488918,0.09516004967739117
CC_2B256891C60A,0.6122008939851961
CC_2B2801591A25,0.4031056659893991
CC_2B2B7CF1E40F,0.10528010520261362
CC_2B2F4204834B,0.220559468364026
CC_2B5443C7AB87,0.07938262144008323
CC_2B5D780AC244,0.6635175507489846
CC_2B64E67CFF13,0.05971392245665905
CC_2B6B872C8D21,0.06575380878387878
CC_2B85D931F011,0.09541037092052293
CC_2B959EF030DD,0.1459174427778081
CC_2B973D1AC16E,0.1254019427601022
CC_2B98983C2687,0.05384346281296436
CC_2BA581E7B8D2,0.09136531384336716
CC_2BB2C432C369,0.10375657816693665
CC_2BBE19587CD5,0.09217045993625991
CC_2BCB838A9581,0.1564137048802529
CC_2BD0E9336EB4,0.07213347865739878
CC_2BD1633FD528,0.09041457260987706
CC_2BD58FC8C2B9,0.03236813898146737
CC_2BD6083CAB0B,0.7818154742452007
CC_2BDD47B177E5,0.7868539911304002
CC_2BDE889EB05C,0.2541084935352931
CC_2BF8DB192A49,0.629410930662073
CC_2BFDF46F3AC2,0.1198833247002683
CC_2C00CF2FAE22,0.1533233842105845
CC_2C06DDBA1073,0.3633473581424506
CC_2C16C7838FAB,0.7930596966790241
CC_2C263A1A732C,0.163895212698992
CC_2C34105831A6,0.20446195421598384
CC_2C43FFA06F31,0.09236072095271133
CC_2C4DEE4CA1CF,0.05425623530136857
CC_2C56DB55E40E,0.08052542385456246
CC_2C59F565C183,0.1528645941887578
CC_2C7F54E56925,0.17102121497895229
CC_2C8CFCC646BE,0.03095700660990547
CC_2C91AB1DB754,0.05091085764878017
CC_2C93356976AE,0.3755233039432036
CC_2C9DADC294C8,0.06701154148254905
CC_2CA94231028A,0.24105065392294966
CC_2CC8CB17283A,0.19729051582488247
CC_2CCD42AA2376,0.1300269015314955
CC_2CCFE560A79E,0.07004293721979893
CC_2CED227E5216,0.12871125512759599
CC_2CF326E90715,0.042043097901830556
CC_2CFEA03CC6A0,0.6783129553463858
CC_2D1D032137DA,0.12566322684359604
CC_2D258781011B,0.19155638471426445
CC_2D30260A1CEC,0.21321783082046913
CC_2D35C002A9F1,0.14890620677225616
CC_2D45DEA4EB25,0.15325559909568198
CC_2D5494C13FFA,0.09598578669279609
CC_2D5EA2953E81,0.24121122783031404
CC_2D6E7894EA16,0.6548055015732341
CC_2D7DA36360AD,0.21104968458483153
CC_2D7DFEACA38C,0.29182196719496645
CC_2D836654A121,0.14638705277558994
CC_2D9CDFC6C57E,0.7224206152130654
CC_2DAC67585B03,0.19065743648078426
CC_2DAE338809DE,0.293999184533712
CC_2DB062A18C75,0.49946880048177156
CC_2DB2C55CF89E,0.7705108460072922
CC_2DBCBF870292,0.033092609494097036
CC_2DCBC03B4FA3,0.7457772741555719
CC_2DD78131B5A1,0.11949879086612411
CC_2DD7BCA75AB9,0.12500424364376503
CC_2DEB49017220,0.10530367704344368
CC_2DF6C71ED372,0.17111964523544693
CC_2DFBFA1A4FE8,0.16657580238318437
CC_2E12A41F7733,0.0802185144496195
CC_2E1A348EB1E6,0.10769932998261389
CC_2E23CB0F6F7B,0.38322808383950846
CC_2E3634587158,0.04744322413945053
CC_2E3F4B14D8DF,0.3770499972335243
CC_2E3FDDBF4F48,0.19258657684713532
CC_2E61C46BC16A,0.20489311348580125
CC_2E62AEB14351,0.2759614380207014
CC_2E6F1C0ADEB8,0.20201644507720778
CC_2E7415FAB62E,0.07375449942341117
CC_2E77F7444FDF,0.03564542749032698
CC_2E78431BE3DB,0.07453610759035556
CC_2E7D44FB8075,0.18529570666048983
CC_2E7D8539BDA6,0.3305545895838494
CC_2E7F248874AA,0.7206723855736112
CC_2E85BB8F3BB5,0.08903444547479569
CC_2E8897E4D9BB,0.2614931135840676
CC_2E8CCDE89E2D,0.26332584612825677
CC_2E927D910813,0.10977495221597547
CC_2E9891F5A2D5,0.132100893962266
CC_2EA56A7EAC04,0.24139126716326592
CC_2EB45D13B248,0.14244820899629784
CC_2EC924B0EAAE,0.10926333301279371
CC_2ECC248C96B7,0.04910226145841255
CC_2ECF0C98B06D,0.37486971514766076
CC_2ED3F6481454,0.14994263397215934
CC_2EDDF0B40ED8,0.168336424506645
CC_2EE2A139642B,0.13895124868698439
CC_2EEE072DA301,0.1788516401507268
CC_2EFEBB85DAEB,0.1614711424209263
CC_2F133BEFAA69,0.13218069898267915
CC_2F1AAE3B81F2,0.07296819731564266
CC_2F1BC47CC90E,0.036602291239480604
CC_2F2128FBBDDC,0.156975839663484
CC_2F3D3342834E,0.05787577592170655
CC_2F42D39F710B,0.6125845750256292
CC_2F4AFE398419,0.7458302747061034
CC_2F4C24B38EE6,0.07282359317273582
CC_2F508C0838A6,0.1013423967733737
CC_2F50EC193942,0.228739416891349
CC_2F5BD03D4900,0.06616272198734155
CC_2F73AF6728BC,0.04783397590519044
CC_2F7EBEAB9CF2,0.20391521183099875
CC_2F9AD2BC25F5,0.06311660562074291
CC_2FA3172ED3FE,0.7007620488076853
CC_2FBEF8808F48,0.16439447006351582
CC_2FC014F0EA3C,0.09452452023181868
CC_2FC3AD2EC986,0.23767425855173452
CC_2FCC82AC097C,0.2641428529047762
CC_2FE2ED7D464E,0.2713429926094402
CC_2FFCC9802D2A,0.17331708776703536
CC_2FFE32627DF8,0.19830987631245767
CC_300BEA90EF3F,0.14375072610190398
CC_3017B64D0364,0.21638270637388451
CC_3017E5E87C94,0.15182585668629262
CC_3028375CC87E,0.7906547599936153
CC_302A48CFCEDA,0.08631467145804736
CC_3031F96196BD,0.37857049500611667
CC_30328ADA0AE8,0.10508958212914854
CC_30451015D913,0.02860825701269514
CC_305D33AC15A9,0.7545635335261724
CC_306015CFB66A,0.18350256708250806
CC_306413849CEA,0.40977701448747006
CC_306EF0BC7CB3,0.02943217214272146
CC_3075C5B861A8,0.10264596605121082
CC_3083D9B76858,0.05289058340875908
CC_3096994A495B,0.22144736957639694
CC_30B106BC1657,0.19810974915950114
CC_30B967417C42,0.20935234894480392
CC_30CABAFF5453,0.09170976127651312
CC_30D68208FB23,0.3653688097058004
CC_30E2A90BACAD,0.18639351584775282
CC_30FFD856443D,0.6001060589020837
CC_311EF26786A8,0.08143144610218309
CC_3129843EADE6,0.7332491325853063
CC_312C34EF683B,0.05312732303919902
CC_31302B64C078,0.11795250089642126
CC_31344A25B569,0.02949605586739605
CC_31397A399AD5,0.07568470301501849
CC_3145B5EAD7AE,0.2145693574413658
CC_3146EE0BF81A,0.13022003716663388
CC_314D02632843,0.32996478421097275
CC_315133406E42,0.25815008191326444
CC_3180D1C6FB7E,0.2679771681550346
CC_31827EE8A968,0.27706693683985456
CC_319BE06CC27F,0.03889281689688302
CC_31A0A97AFFCC,0.4392132501695053
CC_31B22116E36C,0.1623834753399513
CC_31C78D9B6494,0.39429301988049154
CC_31D3FA367B41,0.12178948051637856
CC_31DAAB3E6DA7,0.17275259617444547
CC_31E36F666FB7,0.09355755673037719
CC_31E72EA14FE4,0.1228350713427564
CC_31FC6DC9482C,0.2546100433237651
CC_32076DA6AE23,0.15611262900674566
CC_3209FA12D938,0.3110710804904091
CC_320E17F947CD,0.4548223210053768
CC_3223C706DD92,0.24645901720149407
CC_322EFB2E377D,0.09484092679542366
CC_3248EB928073,0.09111187010601902
CC_325D5DC52B1F,0.07921880737181422
CC_32662A6DB78D,0.17518961583963039
CC_328DD3BA068A,0.2505442472058216
CC_328DF7798F91,0.16670747361052227
CC_3295CFEB188B,0.08970995855263772
CC_329DC79286ED,0.6577352461331729
CC_32CB77D55C73,0.1327853667184818
CC_32D129B9E651,0.11806649883290699
CC_32DB12551D37,0.6822661239265881
CC_32F00D77D5CD,0.12502208116716124
CC_32FF5F6892D9,0.2197508318121374
CC_3301EF60877F,0.12101134742179742
CC_330F334BD816,0.10774810872816859
CC_331285B3494C,0.21185168968551082
CC_331364283D5C,0.09895991652134956
CC_331718E0F54F,0.14984929549893508
CC_33194D48FF66,0.08072505598427003
CC_331E8B8BCAB8,0.06888509083202664
CC_33254134ABA9,0.7882339109160635
CC_332E42439579,0.1081014067807381
CC_333102AB964C,0.14980170118625993
CC_3338AC0E8112,0.277182522418325
CC_33656EEDE6F2,0.4188896597575953
CC_336777D934E0,0.44556860274086746
CC_336DBFE464D1,0.505752246687252
CC_3382BB2F3152,0.13265678973711958
CC_3387207793E4,0.03417298805023583
CC_33992C973839,0.1876291560740878
CC_339C36703675,0.09835649469150202
CC_339CA5814519,0.111715988237443
CC_33B157F2A921,0.11409608533969423
CC_33BBD10F239D,0.07298506369409616
CC_33D3B12EE56E,0.09279618525482451
CC_33DB68EA27CB,0.10234088422550452
CC_33F0B95E70CE,0.21997682968627963
CC_33F40275D630,0.04445557280200893
CC_33FD5DE22692,0.08174780169933327
CC_340961106343,0.13658284646242536
CC_340BB1F4CEF0,0.14449199192837803
CC_3410B11F1FA3,0.16317141632148052
CC_3424972707B6,0.6562250675429541
CC_34452758A645,0.029552551885504055
CC_344D239879D6,0.14138449713966755
CC_34503B6891CE,0.2539880172148555
CC_3451722A3813,0.09321330497224059
CC_34517B513D8E,0.4717304236106499
CC_346ECB4CF2F8,0.105538597022163
CC_3478E8B6B56A,0.07127067316270817
CC_347AFDE16722,0.07882319060047062
CC_347B1A01467F,0.039056040112772875
CC_348AA62FF484,0.2675646903536314
CC_348D3F098A4D,0.09031369944142809
CC_349290E4D0C9,0.15077026060454463
CC_349347D553D1,0.27137646145986266
CC_3495CE27BB05,0.24893773018425733
CC_34B10A654721,0.13825547775183022
CC_34BD2C5130C8,0.13999698794815527
CC_34C433439160,0.058511854411127245
CC_34CA271F73E3,0.3194624004900465
CC_34CEBEA3B15A,0.07449331400640401
CC_34E58CF793A0,0.15630894872842438
CC_34E6909B6027,0.5382012106588208
CC_34F4292A8B5C,0.21859989077965236
CC_34F6DD223594,0.048296007350715334
CC_3508A7A5E9EB,0.13485758953806454
CC_35094977DD75,0.11994050511065579
CC_350DE157CE6D,0.20607958489616787
CC_351BD5C2EE8B,0.023436474900391597
CC_35486249EDEF,0.17423415152837365
CC_354C9ABE6DDE,0.06278049175652431
CC_35578162927A,0.12404396520633061
CC_357C3E7518D3,0.7360442179921467
CC_3584C15BF11F,0.04335124938356715
CC_3588C5166872,0.07913552285409203
CC_35A68306B19E,0.23140738577141368
CC_35BFB3093D02,0.04737817202031857
CC_35C085ED37BD,0.499172553915592
CC_35C695C13279,0.06296695694446386
CC_35D1668A4C13,0.2079272845671118
CC_35D27495E0CB,0.7917969026019233
CC_35D562E1DBE1,0.7216564673492533
CC_35DCDC74A757,0.46967589810327304
CC_35EC2AB1D1EE,0.13212452207597128
CC_35EEB90317B9,0.5877308156994818
CC_361A9EAF7706,0.30926271529497884
CC_361B968FEB98,0.3048618518242687
CC_361C9FA031A7,0.7585092627890968
CC_3620C5D1B3E2,0.06560892101923713
CC_3622D7221940,0.03595821548363126
CC_363175E92F74,0.31983003819034017
CC_3638C9146BFC,0.13845034601528988
CC_3643A4C7EC5C,0.05856955555734114
CC_36690A9AE112,0.7208806598455024
CC_36719170F638,0.08748205474880583
CC_3673466BA7A7,0.0900960743720666
CC_36847054DF52,0.3506479676538949
CC_3691CE792752,0.7340091252587214
CC_36A27FE53743,0.5002825651428265
CC_36A3FB06D1D8,0.7883202525556161
CC_36B0F2AD5413,0.06904848871104913
CC_36B1B7BF5F75,0.17695947516007454
CC_36B68E66951E,0.47325360615186224
CC_36D3F09AD810,0.4647840888171808
CC_36DBD8424220,0.5750688903618619
CC_36E5645D8018,0.07637347995877271
CC_36E6592E4E23,0.16690053516346276
CC_36F143AEC864,0.09262118193587715
CC_36F2A735DF73,0.183708746865132
CC_36F81C003E8F,0.034581908961684005
CC_36FCD55EE425,0.5495952723123132
CC_3701D5DB7FA1,0.08111422677436388
CC_3706E1EB2587,0.5708378403982106
CC_370E0F8EF86F,0.5461856947278481
CC_371D47444D5B,0.6870493814153309
CC_372CFE308EA4,0.6634691521502118
CC_3731D90357A6,0.3046420109179705
CC_37322F66C543,0.04009279521470614
CC_373539DE38C5,0.11631386081172337
CC_375225700242,0.3325213295127298
CC_3762D0B6F3C2,0.10969696532136157
CC_377A277E831A,0.17035169580617138
CC_377B6066B91B,0.2847602794911217
CC_378D71726B5E,0.07392977081883105
CC_37A46BD0DCBF,0.046394983584879285
CC_37B447368F02,0.7338257839641726
CC_37BFDFE369A3,0.21578277864876855
CC_37D09FE492BD,0.07408644983443294
CC_37D3F4C07235,0.2783507951175142
CC_37DDACE48E3C,0.12347047049249024
CC_37DEF85C0A37,0.3381062071602293
CC_38020CED9EEF,0.09113966288615477
CC_382207621EC5,0.7900513960934863
CC_38374AB27F95,0.07273059700498823
CC_383A5544DD5C,0.13132089686791998
CC_383C129A5B96,0.2525929080942985
CC_3847AAA649C7,0.10592379972432053
CC_3849D992C1E3,0.08404444037663925
CC_384BB17F0F0B,0.6042711184489975
CC_3851177E5E76,0.07831754435678193
CC_3862F88850B8,0.2889295149842662
CC_3867CFCFCC94,0.22916250206362318
CC_3872ED018F85,0.20357891355178542
CC_3881A587C072,0.12837543770102766
CC_3882F8EB5EEB,0.6198623163643684
CC_38911341EA6C,0.09292557062385945
CC_389E5B71E254,0.5981796155984908
CC_38A0DBCD3728,0.06919260110503272
CC_38B3E9142747,0.08914513080185485
CC_38C1B8860300,0.059558149803071114
CC_38C8CF250B60,0.02974525497241566
CC_38D32B790B4A,0.1350092294386477
CC_38EB304A9915,0.185821097665668
CC_38F26461C872,0.7680652065518723
CC_38F942257E28,0.5465239939127546
CC_38FA5D78A8A7,0.05666005952360867
CC_3903D7BCCA95,0.0855884673819897
CC_39043D7ED04D,0.19457297941519408
CC_39098B256732,0.06520078291569678
CC_3909A2E4C679,0.12397800217663238
CC_392344DF8D55,0.3054192811539129
CC_392628C8AD47,0.10147143765115825
CC_39285F4C42BF,0.39469342036369515
CC_392A376EA1A2,0.08660064378902746
CC_3932E086F150,0.1725032071301405
CC_393D1D3640D0,0.06387588377180545
CC_3943B3490B49,0.6898361330425042
CC_394DE164DBCD,0.1363858563913789
CC_395600E84A54,0.1292940595585244
CC_395D181A7E1F,0.10690016605438854
CC_395E8CACC437,0.13085640554289432
CC_39635AC6A70E,0.054703508494562375
CC_3969352E3ABC,0.08578477150040284
CC_3985C0DF9CB5,0.5307395348928284
CC_3989F2C6A9F8,0.23645044386986103
CC_39A82672A1B2,0.07967420203442532
CC_39AA15DAE17D,0.6063840840126169
CC_39AA2A3D98CC,0.034291108246633825
CC_39AC257B00C5,0.0976777103987411
CC_39ACC63CDAEE,0.1294131127450438
CC_39CE40784C2C,0.20967919597719997
CC_39E1A306D418,0.1484446350075393
CC_39F2B11C46D7,0.0906279084743796
CC_3A10F5F50A27,0.043187722365423196
CC_3A27CF9D162A,0.5840751999532741
CC_3A297424A7F7,0.11730806686916463
CC_3A39F7930BF3,0.08749157451721981
CC_3A57566F9977,0.5892958350792438
CC_3A61121254E6,0.05488672416008576
CC_3A81C568A7F8,0.21494961327775275
CC_3A82E7050A4D,0.04375827444313314
CC_3A860AADE6CE,0.13627795404872492
CC_3A8B3FC29C9E,0.13056625640261088
CC_3A8E9056A5A2,0.11358267374425471
CC_3A9617A5777D,0.4246669349122295
CC_3A99D25777CD,0.1398882863444344
CC_3AA9E8D01340,0.5799494638972748
CC_3AAEFC09C290,0.7028897478958717
CC_3AB5E579843E,0.25581643280801336
CC_3AB77A30AD40,0.17567605017161217
CC_3AB7BA36A414,0.3036326796562786
CC_3ABA830A5BB2,0.11837111957879161
CC_3ADDDA550A57,0.10818828588395442
CC_3AE7B1151DC9,0.13362342746691208
CC_3AE9A209EE00,0.05001606962946657
CC_3B06FCD75C98,0.05854106713251387
CC_3B0722FB5E8E,0.29474527123622607
CC_3B1C51DD7429,0.180424343559634
CC_3B1F4696D710,0.6149009947838061
CC_3B224413A072,0.24147983575529564
CC_3B35C3783CCD,0.25469616315405147
CC_3B3626F3DF9F,0.2421109570441612
CC_3B4405C7E486,0.5642112053023762
CC_3B4C4A9C9D99,0.2964663523414768
CC_3B72F0E9E3F8,0.20909731836383588
CC_3BB02A95C6C1,0.7192902036819173
CC_3BB8B675C2BC,0.41798892841781965
CC_3BC51B069218,0.11268110055404618
CC_3BCA5BD201AC,0.15535020768596092
CC_3BCAC9793441,0.29358687658965243
CC_3BCBC867AC4A,0.04076330369604895
CC_3BE51412ABE7,0.425521256451022
CC_3BEA98B401CD,0.6937163707088497
CC_3BED6DF1ABF1,0.15177786015305708
CC_3BF0BF7CF827,0.7976438051750966
CC_3BF110035599,0.6025568285015652
CC_3BF213810DEE,0.647727932731369
CC_3BF21CA88D3C,0.4408085340378443
CC_3C0E29764C71,0.06413593493469263
CC_3C19509D4636,0.15425273856827876
CC_3C1B038BB068,0.15651413555721855
CC_3C594CADCA2E,0.2162316669174925
CC_3C5D909498F7,0.6701924228577741
CC_3C68D5179A01,0.12146527343504623
CC_3C83955704BA,0.7838335978388812
CC_3C93218F41B2,0.32364589468752786
CC_3C9CFC8FB4D1,0.7087931593520732
CC_3CA266EB55BE,0.11270038082047519
CC_3CE49C937F7C,0.10083878910529244
CC_3CEEB9C04F0B,0.375992613160559
CC_3CF504AD4DD9,0.063984134091988
CC_3D1092DBC5C2,0.20441175457203775
CC_3D185833E7BB,0.040727594326676754
CC_3D2309981121,0.35816135036718194
CC_3D27A0086AA6,0.16565032092920332
CC_3D3BE7D0F4D8,0.11083954876472021
CC_3D412B5EA919,0.0977813780799406
CC_3D47650C6F30,0.07870158109339784
CC_3D55D1FD8457,0.04986273485936309
CC_3D599501BA76,0.07498495769791624
CC_3D6181EE3C87,0.686030453865077
CC_3D65CC165F44,0.1187888278525305
CC_3D6CF6DB8014,0.41548679126863564
CC_3D7C14801D40,0.18096492834391276
CC_3D836BDBF866,0.6229056544453334
CC_3D8DF3A3DB71,0.7565175994242519
CC_3D9309851089,0.18851595740331573
CC_3D9ECB4274C3,0.13933234460568455
CC_3DC8A9A92802,0.3121762963219126
CC_3DDD3813D1D4,0.09960562400784201
CC_3DF3FFB3CFC7,0.124794668601485
CC_3DF88701601B,0.15672963103296317
CC_3DF91A482CFD,0.3269632212815443
CC_3DFD6349D046,0.6642376115444503
CC_3E0D54125AE0,0.18572003442636908
CC_3E10CFE1DD57,0.0465275468028374
CC_3E13CB98572B,0.1365953183289231
CC_3E142C8ACA6F,0.07860451148028161
CC_3E1BAC4E5B90,0.06151527450565884
CC_3E2DD0D1E2D8,0.14422950853453756
CC_3E403BF08A45,0.09088650279801273
CC_3E46368104AE,0.08939710010240981
CC_3E48A086B5C7,0.2544533985929831
CC_3E54451B0F6D,0.07586099950649217
CC_3E6335ED3F4F,0.09888797874974758
CC_3E87A65C50A5,0.18166924301883788
CC_3E91109E2090,0.05765517510491293
CC_3E92A1EDA618,0.23743765740891265
CC_3E94684FE270,0.44932734960484494
CC_3E9DB402F352,0.14894579873525393
CC_3EB5A15A6C04,0.7894011714674476
CC_3EB8A9A6C49D,0.08579644393163827
CC_3EC96BC884F2,0.12988462304010379
CC_3ECA9E44B90F,0.2639519081307809
CC_3ECE4EF16A44,0.16340025756242066
CC_3EDDB8E70F57,0.22566334654458461
CC_3EDF137D0E1C,0.1410276667130989
CC_3EEEE844410D,0.37888668716695484
CC_3EF4F348C967,0.12752153765061694
CC_3EF91DD11A81,0.14402907027621875
CC_3F08C55E7A40,0.19816914223309184
CC_3F171CED0CFA,0.028307969380936604
CC_3F2544EFA753,0.13452849601835631
CC_3F28F3286CCA,0.07943533234132188
CC_3F379CB37B0D,0.16343016910306368
CC_3F42D798AB1D,0.6608907719317625
CC_3F48724540D5,0.17135661737695213
CC_3F68068E2D5E,0.10426104059061153
CC_3F7FBE71B77F,0.05969076166135615
CC_3F80017B8599,0.05872119668823174
CC_3F8B17953200,0.06012224837370933
CC_3F964BADC4BC,0.7269441193947705
CC_3F9767602FCB,0.20052320426711837
CC_3FA84F0B23CE,0.0588605463660447
CC_3FB4B189143F,0.14954236123206377
CC_3FB7C976EB26,0.4824261490444728
CC_3FBCEB2F36D5,0.1294127703659615
CC_3FC4FE843245,0.11766529843912357
CC_3FD52E32FE8B,0.6995466292240815
CC_3FDB44EC6254,0.054888578837839666
CC_3FEFBD6DC62F,0.22254000886299546
CC_4005466D00ED,0.3291341213011725
CC_40095FFBC1A2,0.06168863358972816
CC_400F1887A662,0.11688467717040858
CC_40133FF3069C,0.07806691173613646
CC_401C6F0EED5A,0.10622275414555288
CC_4021AD03FA01,0.10657420988805966
CC_402E91F3A56C,0.12478684067382133
CC_403754B6988D,0.1230893648641114
CC_4052DFCB1656,0.21037644893434998
CC_40579C5C13D5,0.8005220049307558
CC_406937FF97E7,0.08286369646144587
CC_406C4233347A,0.16317569535091841
CC_4073E42E11E4,0.2576527682489551
CC_4077BB12A5F4,0.12350986219927766
CC_4077DD5B5C4F,0.12545286199878816
CC_40824D899215,0.09472685537475938
CC_408D79189FBF,0.3196463034980872
CC_40A3F1D5EA0F,0.36012326488984514
CC_40A852A592FB,0.13424200849113158
CC_40AADA91D560,0.22196486082466702
CC_40B39CB2CC58,0.037075090217104104
CC_40CE2030F058,0.05193513411090486
CC_40EA2F8481E8,0.17001089720780643
CC_40EFD7778F98,0.1466969110461167
CC_40F278D49681,0.28955420086025624
CC_40FFCF631F19,0.4095170318699883
CC_4101D1B82788,0.21137037822147847
CC_4109B79A4B06,0.03444253107975405
CC_4119348F051A,0.1281620907451615
CC_41206EE45803,0.08074482909225031
CC_412DF740DA62,0.14158983479394333
CC_413AB4CA7451,0.09838436364065108
CC_414C06C60FF7,0.7191464175640292
CC_414F50748A51,0.055084186774255146
CC_415C65EA66AA,0.05419859788952636
CC_415CED95F7CA,0.13522580628547481
CC_416584250060,0.08607399426950671
CC_416B3A1F0F0B,0.0973364220191375
CC_41735021FC7A,0.1753033443191424
CC_417858CD20F4,0.11283059466451924
CC_41902EFB3974,0.04914413434933082
CC_41A27790EFBF,0.11140944120490179
CC_41A4A223F39D,0.12296868373073284
CC_41B464757ED6,0.1353590070748495
CC_41D1A87E1136,0.42225713323277647
CC_420FE297808E,0.04432982597158134
CC_4211096D5588,0.1494042882000482
CC_421F4D78128B,0.4753029024116656
CC_422F2780C85A,0.32555226263508585
CC_423B0296BE24,0.07583385984423689
CC_423E78000AA5,0.15407516664422258
CC_4246081DD359,0.09676786249025573
CC_4249EDF2FDCC,0.7993107534362291
CC_42568C67F412,0.35356924615397145
CC_426A25EA9E21,0.7500294254227577
CC_427ECDDEECE6,0.31401184107545554
CC_4289EEC8F0A2,0.162168748710147
CC_429A7158AD07,0.15353140230072504
CC_429C51AE729D,0.036750657398490184
CC_42A0DE1E5E80,0.07973839304222288
CC_42A7D0F5388F,0.09220927468416512
CC_42B23C8C9F66,0.18728063587131277
CC_42BD3999AC3E,0.2715046892831329
CC_42C95B199130,0.4047371141236024
CC_42CD6CE97523,0.4818769637107076
CC_42DA114F12A2,0.2729581381024471
CC_42E2736AA331,0.20821444971483993
CC_42EA825C351B,0.43670710601379514
CC_42F1B2B4D258,0.5466471863098701
CC_42F4588EB38D,0.33270937915625665
CC_431F29A12E99,0.19728197829269112
CC_432EB78A198D,0.22290252603511118
CC_43383344BC72,0.19270567262061378
CC_4339187DD10A,0.06137575586082637
CC_4344A2E7EA1F,0.5374567322724961
CC_4347468ABE51,0.5728146765580988
CC_434894BC2577,0.054016657494138046
CC_4362DB93FC92,0.08857729489497744
CC_436850DDC704,0.1338148860563883
CC_43698E2EEA0A,0.09721947357104313
CC_4387F73F131E,0.1372548094639498
CC_43A33C994C70,0.34611399500340745
CC_43ACD82B5514,0.310795935771327
CC_43B37131B8FA,0.19543459709840263
CC_43BFCAF8BD20,0.1998421555519419
CC_43C060E01266,0.20826117845376857
CC_43C41AF27375,0.060289347053695666
CC_43C5AFA48B93,0.05993124501560723
CC_43C767A44C55,0.19114609342963168
CC_43DECAB53552,0.04443769028992409
CC_43E6D931158D,0.3609510797647163
CC_43E9F88019F8,0.06303861319097145
CC_43EBD6EBD675,0.0672973712711822
CC_43F81C577002,0.32420882317595145
CC_443C4E041687,0.0885304180865904
CC_443F63BF238A,0.10252876821080403
CC_4463776F9AA1,0.08578198920128616
CC_446F1EDF03C8,0.06840656367078118
CC_447BAD4F7820,0.8182550587433013
CC_447D02F917B5,0.056825096242548556
CC_447E705746E2,0.14755568838557473
CC_44A017104F93,0.6520789718306712
CC_44A1E58CDBC0,0.044354571372160354
CC_44ABCC04C418,0.0885339281213186
CC_44BF6BCCFC2E,0.048912358046018345
CC_44D0671A3B87,0.14262931264221182
CC_44DBEE3A7D81,0.17572745291128877
CC_44F7DD6A88A1,0.19835888793296724
CC_45080C42280D,0.2084421899093441
CC_4524AD74135F,0.4907646727203814
CC_45262103231F,0.21410566916452048
CC_452D8C5D039C,0.7849368078324022
CC_452DECDBC90F,0.062493908709002
CC_453C9B3A5992,0.48179311973869815
CC_4542AACA1FE4,0.10172114025608557
CC_455209549D3B,0.7825306675272626
CC_4555C804C4D0,0.062322856550017076
CC_4581E4190B2E,0.09857418335551243
CC_458912F91D6F,0.4075443169672519
CC_45913E1BE65C,0.32689084802477913
CC_4594791FB40D,0.12059859377287888
CC_459B49073E2C,0.3591936165485925
CC_459EA8E0E2EF,0.12466584885847415
CC_45A4A38557E9,0.1388103242906558
CC_45ACE2B1DB6F,0.06150136414874431
CC_45C1A92F0E8D,0.1005796400738164
CC_45D0673EDD20,0.16219555189199392
CC_45D70DC84DA0,0.11228380875577532
CC_45D96479EC1E,0.05231228526633015
CC_45E8597BF74E,0.06547821412093122
CC_45E97246F83A,0.2847231390752288
CC_45EC44761309,0.13187964690824777
CC_4603A6F83E2A,0.05085073811979311
CC_46045CEE8330,0.05896706870017604
CC_464E17187A4E,0.39064600668870275
CC_4659FB4B8536,0.13743508411162483
CC_465EF4F9B68F,0.17383236040180122
CC_4663FDE62E3A,0.2648692563592481
CC_466D54BE0809,0.09237871078895321
CC_466ED9BD34B5,0.08343323566624097
CC_466F7908E13D,0.18708966644301417
CC_4695A5525A11,0.17433235340888933
CC_46BBB8A4854A,0.05537322562785012
CC_46BC61EC8F2E,0.19035198517604657
CC_46C0DFA660B0,0.12887893492675578
CC_46C2DCF84CA0,0.09911096425698251
CC_46C38B9F0D8E,0.10506334974158062
CC_46CAB9AE7C87,0.5325559068770684
CC_46D0D1ADEA59,0.16351877224779562
CC_46DFC1AA0821,0.7535179014319463
CC_46ECA5976180,0.13097705182658625
CC_46F5F6D27991,0.08009695983026355
CC_46FE9F226120,0.23624988677687864
CC_47130CC63FC5,0.15680070937726379
CC_472330768F5F,0.09089902907469034
CC_47292EBB8BD1,0.1262467523148933
CC_4734AB1281DA,0.059892006222484175
CC_473989E6BA47,0.2749765405017336
CC_473AE07014DC,0.16142969186958267
CC_4741EF45C3DB,0.21603634637323185
CC_474586BE49EB,0.1400313443845162
CC_47490BF44944,0.3128165981680614
CC_477213DAED38,0.09048826412883856
CC_4778086276B7,0.13670110801845015
CC_47910B073CF3,0.18351003095379187
CC_47939776FDF6,0.7065985145769439
CC_4796F6A64420,0.06733196454969799
CC_4798549B52ED,0.31519960865653796
CC_47A3714E7D2E,0.30731320184142275
CC_47CE219EBAAD,0.17710635430319488
CC_47CF9074E03E,0.16699961003038985
CC_47E4537A53FD,0.15180842358681668
CC_47E8BC938FA1,0.15137162319446082
CC_47F134D17818,0.12485560583629954
CC_4812FBE05C7C,0.3581155253590298
CC_48152725FAB1,0.5197820710979962
CC_482256495FAD,0.6679906085069744
CC_4829FF15D21E,0.13933530045937031
CC_482D26D81935,0.6446912152290452
CC_4838990A8D02,0.07275968902399732
CC_4862EA9CD1DD,0.051034830503218435
CC_4862F8C1B0AC,0.08620733003312485
CC_486CD67D26CF,0.17697254180816774
CC_486D8F9AE549,0.30855201480166244
CC_4877D1BDB737,0.11816041951269199
CC_4885E34F0B26,0.13418991554452206
CC_48928CA8082E,0.15706053950690796
CC_48A74FF0E6C5,0.09080841175075563
CC_48E0791DDD62,0.07414542749497716
CC_48F620B6A472,0.10950784867222199
CC_48FDBB1D7493,0.13805987364507724
CC_4910EC928152,0.13321500775264897
CC_491C18C17767,0.0662293331219655
CC_492F65EF8D9D,0.7814506036644682
CC_493DDD53B97E,0.05279603743158737
CC_495F82AA5B9B,0.16282925272231769
CC_49618412FF86,0.08738375824278086
CC_496A7CFA344D,0.7423298412908352
CC_4983EBABAE3F,0.0669710528365178
CC_4992C1915957,0.5849846282989688
CC_4993B31028A7,0.09641881488177578
CC_49945441A644,0.1813113454453243
CC_49A80692BC68,0.1259690052771844
CC_49AB67613A58,0.16900097222057242
CC_49B05CADDD95,0.5542650900067376
CC_49C6F9AD111E,0.10770559982383993
CC_49CEB94F0B3B,0.04177912148982722
CC_49D3A79B55CD,0.08999895236051657
CC_49D6671DAE8E,0.12195195994542506
CC_49E6C539B1CF,0.05586663737470572
CC_49EEDF0DA684,0.03559261948586752
CC_49FC290E33A7,0.17490971462291677
CC_4A01CF2F67D2,0.7195598412425928
CC_4A16DC668832,0.5305715569019687
CC_4A212461781C,0.07289381728672643
CC_4A237A8E6706,0.13945284867204577
CC_4A3DFA0E27A4,0.140971365856644
CC_4A513D39DCE3,0.04853791391039576
CC_4A532B0E6165,0.16603373318842485
CC_4A5FA9F1C804,0.09673926803095517
CC_4A7BDEC665FF,0.0524122095322072
CC_4A7FC9B23222,0.3271611997814884
CC_4A8A7080FA25,0.2771652495719509
CC_4A8EFD589879,0.05655921758467949
CC_4A8F7D2B857C,0.17992144105322372
CC_4A91E8D4289D,0.39897381824448724
CC_4A93163A12F4,0.3236869015819225
CC_4A9FEF48EA65,0.12878719665226468
CC_4AA73D751AA5,0.3229863654202419
CC_4AAED0C85F70,0.14855272570593622
CC_4AB1DEF044AA,0.036600707693200354
CC_4AB5AE299217,0.18552982798626283
CC_4ABA0CDC2270,0.1835968564465647
CC_4ACFFC2F295F,0.6559716638174289
CC_4B0490BAB1B9,0.07265397832288209
CC_4B28B03CEFEA,0.09836509016923506
CC_4B420765EB9A,0.1204048335961988
CC_4B47C16D9867,0.12178585694061386
CC_4B494C4D7D03,0.41674817729992786
CC_4B4C84B015C2,0.04264386151702939
CC_4B607295E983,0.045518617525989076
CC_4B6D24E81483,0.060659566519964764
CC_4B77AF6FAF2B,0.6644531910499865
CC_4B7EC3F2FFBA,0.05598560135374191
CC_4B85318DFA50,0.1239375146066754
CC_4B9B36B36DA5,0.7328658274063995
CC_4B9E0AD5D692,0.523373333566306
CC_4BA041C9678C,0.11663465510291898
CC_4BB40F2129A6,0.09536788670296922
CC_4BB8FD274E2A,0.05464851386840111
CC_4BBB8118FBBB,0.1410786472933468
CC_4BC8CB91719F,0.1327042824241844
CC_4BE447D54BB8,0.15869076899508977
CC_4BE85B1BDB62,0.32924824878850373
CC_4BEF3C7F6395,0.2639253452630356
CC_4BF03FF61B97,0.42551937250052146
CC_4BF4C38EAE8D,0.2248682227467965
CC_4BF95B8140C8,0.09672964462274461
CC_4BFE0CB61B5A,0.4218398956008682
CC_4C2A3F254101,0.37290225878411426
CC_4C351DEB6230,0.22335028903087634
CC_4C38031A2A9E,0.10862458173289402
CC_4C3E35875F03,0.08934028291378895
CC_4C4D79F933B2,0.13359944315016722
CC_4C56497F4AB0,0.6559721061495462
CC_4C827B493CFD,0.16940517095568505
CC_4C849C6073AF,0.12006068370000239
CC_4C869E6F618A,0.1585693638277218
CC_4CA21C15763D,0.12331771791351213
CC_4CB2F1CAE684,0.1151489814764407
CC_4CC0265E0778,0.055666156891410135
CC_4CC5483903E9,0.5624273034295607
CC_4CD7C76FE235,0.42295830921308664
CC_4CE2BFED4F4C,0.08098872091725076
CC_4CE751CB58FA,0.40258993177869207
CC_4CF3E184C500,0.03972071516842203
CC_4CF668E60D64,0.2740253909156355
CC_4D1A1AF53E18,0.04440287088274668
CC_4D29155FCF33,0.18287151683594463
CC_4D2CC7618AC2,0.5420743260415113
CC_4D350FF7402B,0.34842290203408816
CC_4D38AE84E3CB,0.19516673642658863
CC_4D4140E1056D,0.10061639216650511
CC_4D5545FAB130,0.5430433105400931
CC_4D55E218946E,0.1036991518843746
CC_4D5E14BD6AFA,0.10548319447821908
CC_4D78935D66E9,0.0587382635733404
CC_4D883AAAC6C9,0.034324771124275025
CC_4D8D8108C51E,0.6202111726689441
CC_4DB40331777A,0.791614169553986
CC_4DBC8652D26F,0.08639140471696595
CC_4DC0E154EBB0,0.7144586633227369
CC_4DD5B8780C4C,0.08886148180187814
CC_4DE0070FF683,0.11365533546780517
CC_4DE688CDBC27,0.098289196444588
CC_4DF37857FCEF,0.06757967725150907
CC_4E20F0249BC6,0.7591539513534935
CC_4E2F01B7B9EE,0.16037765659948056
CC_4E41C247B4E5,0.17255137268207904
CC_4E479F6989A1,0.06665659689395459
CC_4E48AF17BC29,0.07824596329713351
CC_4E6BE67E3C4F,0.037298300801465116
CC_4E70939C5933,0.4504349552980949
CC_4E70FB172717,0.1796501010221967
CC_4E726EE8C026,0.2567824711975827
CC_4E76F48DFDEF,0.10142942626430476
CC_4EA180B2B913,0.03448467837340925
CC_4EA67A160C3E,0.6146797589080277
CC_4EE41FC91AD2,0.1856619138293173
CC_4EFECC6C2E36,0.6827340102078461
CC_4F22CB97C34F,0.042679203096106615
CC_4F2444DC6C75,0.7924948943839879
CC_4F2B7F512DD5,0.06679237337226102
CC_4F504A9744FB,0.12441245841585252
CC_4F6FEE589187,0.14691651304032635
CC_4F71AAF96C32,0.09193544072013009
CC_4F76E57C55EF,0.3512189748358925
CC_4F88D3E5AA2E,0.03962365304188724
CC_4F8A4384F6DE,0.1379384221455111
CC_4F8D83DCCF25,0.22482873221862038
CC_4F956AA47816,0.678942271441336
CC_4F99FCEA10E8,0.10402020419839639
CC_4F9F10A183F6,0.0720455639768686
CC_4FA766935F14,0.13689334908993195
CC_4FB0B9E398F2,0.3515237484646697
CC_4FD0DF6CA3AA,0.055272616015711054
CC_4FD902F7ADEC,0.08463583516596271
CC_4FF1155E3A6B,0.3762607192909798
CC_50103368F241,0.08474901824276787
CC_5012B9991935,0.10226535861288966
CC_50172FF2C2C1,0.13871265101223706
CC_5017C9BA7773,0.05920127779365579
CC_502C3D0EC4CA,0.12533869499447595
CC_504157951119,0.04764614373179987
CC_5042938B5A9A,0.43613152151203616
CC_504A57293FE4,0.8044278023235719
CC_505812CFE43B,0.35750410475600936
CC_505A6EB06E39,0.32860978296551224
CC_5064CCE0EF29,0.20917235073895593
CC_507BDF639FB5,0.190293749522711
CC_507E53684AB6,0.14144437140597682
CC_5087A0D1765D,0.2329407479415171
CC_509229AEC221,0.18224394084344092
CC_5092D3A72B03,0.21662689346644654
CC_5092DF691F74,0.5158714669119393
CC_5094BB59416F,0.23645378208506435
CC_509926B384D8,0.7706345546290168
CC_50A6C96DA7D3,0.05553883779523491
CC_50AE75A10F3B,0.27913669922917744
CC_50D4BB93EB1A,0.06998387982298265
CC_50DF7B02E356,0.17695420471483686
CC_50EB53CFE7F8,0.05300241423982281
CC_50FC7D563CE4,0.16211005109710824
CC_5100E6EAA3FF,0.19388667959199618
CC_510F2944B2A0,0.1185214787129635
CC_5128881AAD54,0.15629214715173312
CC_5138941DB7A2,0.1647552191601881
CC_5139EF8BEAFB,0.15896343706859206
CC_513E5EEC6B04,0.1136605596667697
CC_51427EF15375,0.27539518385014244
CC_5147B281DA64,0.38311284643538
CC_515D968ED36E,0.08566530377287943
CC_5176FF858154,0.1244829584216045
CC_517CB40FB016,0.08673175143192491
CC_51884D5F3E4D,0.10927823788378414
CC_51AE98263438,0.13716547812429236
CC_51C9CE782368,0.1571892439158728
CC_51CC80D1570F,0.062083137650882574
CC_51D2E3476902,0.07394859621732722
CC_51E05E706D64,0.1275909370033622
CC_51E5A5E9801C,0.05165752379829482
CC_51F5DA44F9A0,0.37743349861154024
CC_51F6BDD355F4,0.054720625638057845
CC_51FE657FE212,0.08949308885701554
CC_520950C9BAA3,0.06528767302520933
CC_520B1D31AB99,0.12167940327373912
CC_522550E1761D,0.7544390005901572
CC_524CD519E76B,0.09727512746633266
CC_524FE9E3DAD3,0.4315141570179881
CC_52629A025048,0.11114981458551529
CC_526765FC100C,0.23564490258202173
CC_526E56249FFA,0.3264198361197108
CC_528B42A34966,0.2700091260914508
CC_5292B36E4882,0.23111054085657462
CC_529A2F110236,0.13749156389849396
CC_529BC4ADAD6A,0.2062375386445999
CC_52C1C5A6F887,0.08856205513670179
CC_52C3B674FDFD,0.21818251779879916
CC_52CCBB8F9964,0.08428069854516974
CC_52D21FFA24DE,0.7260345974347341
CC_52D32EDBAA78,0.18316671062117407
CC_52D7821A8363,0.13688120283571634
CC_52D9087EBCD6,0.81086409918555
CC_52DD62E1AC2E,0.18255673145888368
CC_52E8B04F0FA0,0.11814792579317313
CC_52E965E9E2C3,0.14850456605536802
CC_530BA492842A,0.30013077346497186
CC_530F6E906D6B,0.035188923406842654
CC_531FCFBE3B13,0.08355888440126441
CC_5320DFEAD897,0.17983226046881196
CC_53319AE7B829,0.66828449516364
CC_53481151859F,0.04472570687904046
CC_534D4FC05F82,0.1957120395187649
CC_53687DA8C9E5,0.34606589825547046
CC_53795A7B7751,0.03960420869223037
CC_538328A6B3BA,0.46494677333940687
CC_5385266461B1,0.17663546534068722
CC_53891CB35BF8,0.1540716914915358
CC_53A6E1083B13,0.06892581581017285
CC_53A77DA726A4,0.06836201616035545
CC_53ADBC2F6E34,0.2251729937753428
CC_53B249809561,0.09191651592733613
CC_53B2DF5B019C,0.05552465908576265
CC_53C1F3E031A3,0.17883063152386242
CC_53CBF2E8AD05,0.40604832727213436
CC_53D04793ED9D,0.07062581367757116
CC_53E23A9B6F74,0.07149354831434376
CC_53EB59C99100,0.3946039292764356
CC_53EB9AC04311,0.10444393055834125
CC_53EC732C9B30,0.031678285678551375
CC_540122E71534,0.14677355532064323
CC_5405C89DF8BD,0.6980081881056504
CC_540D69F5BA23,0.15809114814616515
CC_5414446319CC,0.6999528637291981
CC_5418410F95A2,0.08141768876637273
CC_5431A01C30E4,0.08911469503256633
CC_5452437FC605,0.3853494704676222
CC_5452979BF98D,0.0635655303223451
CC_546EE83F84A4,0.5064815142899272
CC_5473268241FC,0.15513599207872428
CC_5474EE64D859,0.2858932851780731
CC_5476E2B2FCA0,0.12586554865993424
CC_54892024F98D,0.1768508770256175
CC_54B33C66DCF7,0.10103132014928795
CC_54CF66B660B4,0.4261000869190749
CC_54D3A35EC69F,0.06763478959495009
CC_54D6AE2665AA,0.1136356269720909
CC_54D93974E62F,0.3260233736081606
CC_54F5F552A0F2,0.12636126817716906
CC_54FC3B361BDA,0.08364939384897802
CC_550135E8FAC6,0.14322283332482966
CC_55020AD0D117,0.13017779551122302
CC_55094AF7EFEF,0.10127319421738157
CC_55126E23462E,0.0433129344487191
CC_554C21CCAF3E,0.09800142704957007
CC_554C912C7DBE,0.08248354777007319
CC_556B02A2B401,0.2861430675226112
CC_557A0B0CD0F4,0.16714047945473562
CC_559A14E729EB,0.3124591634874842
CC_559F0DD4E4A7,0.3194210187590515
CC_55A82B4E57F6,0.14930208979926854
CC_55A98ABE4C75,0.13078564462366368
CC_55A9D45EA466,0.04483057576923759
CC_55CB872FF50B,0.2514461293325959
CC_55D9E3D58435,0.17982784933937782
CC_55DFF3C3BB46,0.08139729159553166
CC_55EDC3996984,0.1585258695800515
CC_56013299D8C5,0.09344223728410464
CC_560B519C1F50,0.08218465230011975
CC_560CABF0F5D0,0.22112574409099758
CC_56178AD87948,0.25419388042785707
CC_5619A7BB54EA,0.113044240147535
CC_5624319D7B28,0.10406880256166433
CC_5625119D6C37,0.2073057282405268
CC_562BE7245E1B,0.7077694940905235
CC_563684010DF5,0.5712878508575807
CC_563EA9A29338,0.10622473141011163
CC_564590AFB575,0.037673245576414695
CC_565E01191BF6,0.6082801754326395
CC_56612A039382,0.05735450533156271
CC_5665FB827721,0.5821264023754842
CC_566932C3CC97,0.10108663547208574
CC_5671D59B2A51,0.1285543469107966
CC_567E7DD24A97,0.09223697436461684
CC_567F47F37683,0.039580237916137975
CC_56847A91065C,0.0972193304521747
CC_5698480F8634,0.058881854209307805
CC_5698B024CECC,0.5811021796436341
CC_569DC051A2EA,0.11239906758206258
CC_56A322152604,0.3259913851442128
CC_56BFD9A8335D,0.33154147616975294
CC_56C9379BADB6,0.040723958865985205
CC_56D410FD8F56,0.350625464775295
CC_56D4549919EA,0.17372125281584339
CC_56D918CA6353,0.1219647933758739
CC_56DB30CE666D,0.1530088156179729
CC_56E760C3206D,0.24110113768699187
CC_56F73F905615,0.8147617651798518
CC_570683C088DB,0.1399371162345748
CC_571C6AFD00ED,0.38509454626794537
CC_5725663C3B89,0.11084288467852976
CC_57291D7667C8,0.17064133501843692
CC_57313F6E7927,0.18990727237495686
CC_5735F9B859AF,0.624409526346698
CC_573B34826B2B,0.6402007061891415
CC_5744447CAF7A,0.059112146064571436
CC_574CC0FC7B05,0.10666689127559238
CC_5759E2982909,0.07414630941477374
CC_575CCCCDD7B6,0.6463039228225802
CC_57603A37D19F,0.03668960036477854
CC_57639D4995CF,0.21740473196062543
CC_576E6676FD55,0.07092239325372898
CC_5775C148E05C,0.12140843357040439
CC_5798E560E9F3,0.7645710238440334
CC_57A486F61065,0.6101881950261256
CC_57A726458B99,0.059332867134387825
CC_57B0D41BD7D3,0.35266147168822437
CC_57B501E60C35,0.07553561722936573
CC_57CA90509CB1,0.7268968618844378
CC_57CB7673547B,0.0732224943802252
CC_57DE479CB61A,0.7370147415867767
CC_57E7F1A6B895,0.037495758958949105
CC_57F13C4115FA,0.35537680787968395
CC_57F480CA9A42,0.08809339871262055
CC_57FDFC6DE726,0.2645525464692505
CC_5810468B76BE,0.15442054131548222
CC_5810F212B2EE,0.31466558669957884
CC_5817759E7007,0.14582510498269227
CC_5818B5089B3C,0.11249717661848208
CC_582C78363EB6,0.10466888228594493
CC_58391600720C,0.15261713652510034
CC_583D7B177F85,0.076242133233395
CC_584C11014F63,0.13989303075626278
CC_584CDC12578D,0.0662333466930787
CC_5852F443C55D,0.09072325325241298
CC_58565AF0F70A,0.5067383912402424
CC_58568DF9AECF,0.17027321770294776
CC_5859EE6309D5,0.43670179149384936
CC_5872B45E1C19,0.7332261565642815
CC_58797A417EEA,0.22971484707067247
CC_587A4844B482,0.2291723671861402
CC_587C0CC3DD82,0.6498274772676383
CC_5881A04052CE,0.09879191159389863
CC_589A4E02EF81,0.14456522005369432
CC_58AB46E5655E,0.15877797905505173
CC_58B0CFC9F3D2,0.052958663582266655
CC_58BEFDA6B4C6,0.11872166789689596
CC_58D95C7247D5,0.05707760498206492
CC_58DBF3409D48,0.059857803600516526
CC_58E35A47B880,0.1779162193612904
CC_58E40EFF57CF,0.40543266782299425
CC_58F551219BD6,0.04787823076767891
CC_58FA76C6C45C,0.5807582736103634
CC_59018149723B,0.05773005435141339
CC_5904459ACECB,0.7861853325516737
CC_59088B2886E8,0.03148143489094014
CC_590D2E0AD18E,0.5811714582363201
CC_59146CA05E8C,0.05890647988858751
CC_592592397DC2,0.4989818842275456
CC_5926F5B4E054,0.15537291441273765
CC_592A5A163624,0.32998342889710475
CC_5941C323917F,0.07757226913785673
CC_594E4E86A1C6,0.22035884944031073
CC_595ADAA76A32,0.08867927989195692
CC_596A20270C3D,0.18350785600698324
CC_5970E93E11DF,0.28362516970936225
CC_597AD111527C,0.11826254501643488
CC_597FDFFA265C,0.0867817526348022
CC_599C287D2BAA,0.3777231755307071
CC_599E345094D2,0.133047774330835
CC_59A4741B5A92,0.18426272917040937
CC_59BB3A5BA2A3,0.6099514035059549
CC_59BFD1200F6B,0.19242640331581903
CC_59C07CCAF4E0,0.20622542724217136
CC_59C49474B501,0.1455992228270106
CC_59CFBC2CA471,0.5700013313141695
CC_59D62BE0C0C6,0.10759272305248999
CC_59D86F572716,0.11673576773394145
CC_59DF71FBA4B0,0.044526084651566565
CC_59ECB7465DCD,0.0639606521621846
CC_59ED43A803B3,0.03267841257394501
CC_59F5E81F4EA0,0.1360971589396327
CC_5A10371BE7B1,0.801118358304607
CC_5A2F9A594A05,0.5735920848791588
CC_5A38E46246FC,0.4284273900165696
CC_5A3F52B0A07B,0.2145152920856658
CC_5A5507A49F6D,0.09725243251761476
CC_5A58A5E6DE82,0.10912983273342641
CC_5A5BB6DC1018,0.2128196523786667
CC_5A5C0DF50E01,0.11892239921496106
CC_5A633C535360,0.08924776115473232
CC_5A67E62D8D5E,0.6275381927100787
CC_5A6BA0007593,0.11619080837961669
CC_5A7513434C72,0.038254732115322
CC_5A756D8AE60D,0.24620966529335273
CC_5A7C13841B7A,0.649509697165984
CC_5A7CBB6E8716,0.22081891989052388
CC_5A83A1E25A2B,0.35711643557350725
CC_5A86EB53A14D,0.7218048339374483
CC_5A89E13CE597,0.1880819859031787
CC_5A9466D0CF9F,0.10771104670449214
CC_5A95331BD0C5,0.11497200093784146
CC_5A9F63C3E428,0.07284249915017235
CC_5ABC76FF707A,0.06084041668648192
CC_5AD0F1B43457,0.09897152496245279
CC_5AD82250C271,0.039942855156757696
CC_5ADD27165E38,0.7253856063292459
CC_5AF32E5C8018,0.04201151541373738
CC_5AF3690FA0B0,0.18297974039925463
CC_5AFDFAA63B45,0.15999096514302547
CC_5B025DA26FE6,0.049613387655350255
CC_5B07C7DE7E7E,0.2268649030305779
CC_5B08171A6880,0.1915969960089285
CC_5B09FB1A0BE2,0.06927566365236162
CC_5B0D6BA12702,0.46000683952377996
CC_5B0EF2D4C3CC,0.15235443226267636
CC_5B195D88C182,0.36852723697092704
CC_5B1F6FE71A38,0.061519298958068264
CC_5B247961602E,0.06625634367673497
CC_5B276421F4CD,0.05137100272158775
CC_5B289AFA1662,0.2658427854439881
CC_5B3A16421A31,0.054486550172633264
CC_5B3E78897EB7,0.06965703975911501
CC_5B480B44A9B1,0.14415714000175572
CC_5B546C3A21F8,0.18008208063012204
CC_5B5BC4023EE7,0.12773754541165638
CC_5B6D63DD34B7,0.09299956424088107
CC_5B6E868912E6,0.06830314171482725
CC_5B818D2581FB,0.13317528323573077
CC_5B82E8BB921F,0.3095630388401179
CC_5B8E8DA14EE6,0.18149697738649012
CC_5B900A135A69,0.08394323303057874
CC_5BB64BDF3C99,0.10759218687708927
CC_5BCB2C79D1CA,0.22915499463607353
CC_5C072DB8586F,0.05603235806127979
CC_5C0BEC2A0850,0.0682698942125756
CC_5C24010127D1,0.32728139954984353
CC_5C2DAF5E0EB7,0.4018310497272395
CC_5C3E8DB90978,0.14655180260351952
CC_5C4A7CE69975,0.29681266143796114
CC_5C5766F933B0,0.4752734315764541
CC_5C5808240054,0.09345883257999554
CC_5C5D6E15EA27,0.21028765063396024
CC_5C60C4545922,0.11330211175374337
CC_5C626D70F6D6,0.1528633675131421
CC_5C670F0622BF,0.059476041828454285
CC_5C799E57EF53,0.0536742438907398
CC_5C7B44735AF4,0.16298132423186698
CC_5C7D8DF047E9,0.18059942672775953
CC_5C80F394EFC3,0.12684259645418222
CC_5C99E6189441,0.08662616511059343
CC_5CA9AB4A6AB4,0.12250167635586315
CC_5CB78ADD2432,0.136938983034066
CC_5CDE37CE08CF,0.05348791852407221
CC_5CE258D12432,0.3706192118860806
CC_5CEEF006ABF9,0.05328000828766725
CC_5CFD2850E277,0.24111720894052152
CC_5D01F71B9FAD,0.09989732949262867
CC_5D065A455A45,0.17318923438105216
CC_5D0AA7D4954A,0.25947429750632434
CC_5D242448B812,0.1182009268919009
CC_5D2C5115BDD2,0.17376419896334572
CC_5D3273E039AF,0.6969222999093068
CC_5D398BB3365B,0.09005943845027482
CC_5D3C1CE64952,0.09730875183806661
CC_5D4B0EBB5CD6,0.10971161857634827
CC_5D5E897588D3,0.09424516828029056
CC_5D65F25FFB8D,0.055724955951562634
CC_5D665A86C465,0.11328598349277935
CC_5D80C353E475,0.10391319457808477
CC_5D8895A0AB4C,0.17058705002463947
CC_5D88A673BF50,0.21121262306738278
CC_5D89688B69A9,0.38753704513824694
CC_5D8AC8E18A8E,0.07720393851088367
CC_5D8E7DC2FA6A,0.5401358024285405
CC_5DA29AD9E85E,0.0572822796497602
CC_5DB286EAC626,0.2954441962467599
CC_5DBC1BB95B84,0.7952657600797671
CC_5DC0A465470D,0.04550438982932378
CC_5DF82CB03C3F,0.11026736851722871
CC_5E001C93F359,0.054210401604729515
CC_5E029094A55C,0.6704710541903753
CC_5E0808121A65,0.15054439839109993
CC_5E1117E4E593,0.15166151129947758
CC_5E1541060A97,0.7213535798118913
CC_5E1C11540C0B,0.0974926728277162
CC_5E1DC0E143F2,0.1634913671312134
CC_5E206AC277E4,0.2593090099503638
CC_5E22B4BC8B12,0.09205263387190529
CC_5E22D889B6BF,0.10562366297726049
CC_5E38425EC99F,0.7212683154984414
CC_5E3A70C2077A,0.161685023647535
CC_5E5607D275CA,0.12294177053521389
CC_5E73C3D2B3EE,0.17430901347589778
CC_5E7F23A07A71,0.0993057399255558
CC_5E80A96974B8,0.22425514765196536
CC_5E8C0453B9B8,0.2963520190838842
CC_5EA599FBA5E0,0.5634849146287937
CC_5EB379BA6C7A,0.11907566150290975
CC_5EBB96F65AFE,0.4360801152728016
CC_5EC41568C2E1,0.10025839698900173
CC_5EDB5C924107,0.26416360624912105
CC_5EEE5D0FF8D3,0.19695166854313823
CC_5EEF07FFC243,0.08140186715499034
CC_5EEFD690759A,0.08403132646258779
CC_5EF2176F01D5,0.1135596387931287
CC_5F17CA33D26B,0.07491356490520998
CC_5F20750D6658,0.19287706287363987
CC_5F2CE32A6EC3,0.12357991338652119
CC_5F328EE757B6,0.05010033084496063
CC_5F35B8D87D06,0.22309606551764538
CC_5F390BA40E83,0.6905718008646138
CC_5F59092CA9B2,0.11893367351445898
CC_5F5916E96E19,0.16115624388830369
CC_5F5E835B9E6E,0.07818636530773158
CC_5F648D39D67F,0.5843510261667764
CC_5F6D4104C808,0.17262870066434116
CC_5F72EBE104D4,0.03336188875940908
CC_5F765C41F051,0.05430647144855655
CC_5F8859A6F0DB,0.03361988795419669
CC_5F88ACC7C384,0.11722082408790724
CC_5F89DFA97B7C,0.5168152240183824
CC_5F93A3E31DD6,0.5641493140385377
CC_5F9A44423DD4,0.14645384446803492
CC_5FAA7965BD71,0.11531494383472807
CC_5FAFA265CA02,0.35127202097040733
CC_5FBE1A34704F,0.1755943695499878
CC_5FCAA919577A,0.21042045620824004
CC_5FCD208ADD77,0.20861207264107148
CC_5FECD2BB0094,0.09112087604698241
CC_5FFDE52E6B7A,0.09483061305307357
CC_6002BFD3F26A,0.15239316182590298
CC_600311592F72,0.05321768698402411
CC_600AE12112D6,0.2669225249995476
CC_601C3178E38D,0.19007051768424976
CC_6037EEA42F2C,0.35313165439844096
CC_604C08F76272,0.6749803599653967
CC_604C72AC662C,0.14837481066908864
CC_60510AFA8A87,0.1418256995674732
CC_605E2E26E52A,0.20491030555137732
CC_605E3904CD8E,0.1162141589015302
CC_60611B935106,0.1518794785998069
CC_6061787228F8,0.15673932749787123
CC_607270A72DFD,0.24965006314209529
CC_60738E418DB3,0.11081025691677598
CC_60961DF8A134,0.14542289125546046
CC_609B7A7FA165,0.07368043351231922
CC_60AC5C892D01,0.11405590069753858
CC_60C09FF84412,0.16692261012974632
CC_60C87349D73D,0.3231971995895083
CC_60DA2FBF1FBF,0.10698942489295485
CC_60DA539A39FD,0.16972954912567045
CC_60E974A0B278,0.06484767247917966
CC_60EF7D647EFC,0.052962802366891076
CC_60F525A39898,0.030236971281382384
CC_610009B69EBA,0.670006451575065
CC_610FDDF5FE54,0.1509902209457651
CC_612C06CB5FF4,0.10576147912755968
CC_61307D82CC26,0.6658632138462438
CC_615030FD33CC,0.7340105226661545
CC_61649241FE59,0.16286412214449264
CC_6170051A606A,0.17350608640570664
CC_6179A630658E,0.08253618215761646
CC_617BD59427E7,0.0891068076503814
CC_617EC8BD5153,0.2303619841650683
CC_6191E14D21BE,0.059051891771759915
CC_61A798B8D222,0.043748203685553586
CC_61B4A983D1A1,0.07269274797650097
CC_61C9732AA682,0.7291099191219378
CC_61DC64E37471,0.05777117049516694
CC_61EAF14033DB,0.11489579675851908
CC_61F18E0C218F,0.06963668660712867
CC_61F1A1263F5B,0.16198680219978
CC_6209EA426553,0.04790649719596983
CC_622BD8CB3807,0.28714757601148017
CC_6234A9617A7F,0.09257447601610364
CC_623AC074EB25,0.18631834313495277
CC_623FAACE8A80,0.047088203202931625
CC_6244E2935407,0.2554430928592443
CC_624535E11F69,0.04685637003256379
CC_624EA2917CDD,0.6615466551462215
CC_62565D08DDDD,0.7678773719674226
CC_6268ACD3F95B,0.5130532792267803
CC_626B61F4789A,0.6136924690972463
CC_629193C2A090,0.26354165426827497
CC_62933641AC43,0.28617055123229707
CC_629480877536,0.35763806382163743
CC_629CB045D9FE,0.08715858089482417
CC_62A84BC400F0,0.2774974798600521
CC_62C36DF81797,0.170049909221067
CC_62CC835CAE4A,0.6324011467235886
CC_62D4192F126E,0.746098621144307
CC_62D7A3C9483D,0.05739711140241649
CC_62DF1B99B4DA,0.11781894950330124
CC_62ED7BA3E620,0.03812290007786545
CC_62FC001AFC78,0.09207799674256872
CC_630412B4AFDA,0.170467223169634
CC_630903AD39C1,0.03647585663631306
CC_630938DCC1B5,0.05697022466286336
CC_630ACED773E9,0.44993582875409166
CC_631E1690D913,0.06931032602002987
CC_633A7C7FC25F,0.25382573414155163
CC_6342051D8FEA,0.23408071586083654
CC_634CE4E8AE49,0.1992733664512205
CC_6359692F5EF6,0.13112059825932368
CC_637278423A6D,0.2442658544454947
CC_6377AB848081,0.10086809777111751
CC_6381A65E0A3D,0.0957122647651577
CC_63871B4814E2,0.11533250559581029
CC_638AD269F05C,0.03160141721358313
CC_6391AE0FB83F,0.15173412449686435
CC_639703EE2ABD,0.039152997937946965
CC_639750C87A7A,0.7308811680837464
CC_639B1DCECD2F,0.1541811291794296
CC_63A869443AC0,0.4250103475017635
CC_63CCEE26BCAE,0.04952404390184115
CC_63D51CECB6D2,0.2454175421816738
CC_63E53402FC02,0.038688167730288034
CC_63FC6895901C,0.1425327735880455
CC_63FC8A97D9C1,0.12405723551829459
CC_64117B93EF73,0.3601029088982421
CC_642D9C325F1D,0.31519937931696607
CC_6436B950E22B,0.1949306657503987
CC_6445BD3DDB6E,0.03427955093885135
CC_645C15569E42,0.11406681408558293
CC_646472AD66EF,0.08544991751197831
CC_646B8254357E,0.15707355237999265
CC_647F4BB4983D,0.6745665231974707
CC_6489ECEEFD0E,0.09708484431409282
CC_64946E57306A,0.035020864954190926
CC_64976830B0B7,0.3430082523934327
CC_64BA10F3FAA1,0.09690454723825465
CC_64BA39A0DFC6,0.08930350296781733
CC_64CF9A79EBFC,0.10551829390162679
CC_64F0E0473D1E,0.09402351644697332
CC_65006C2AB2D4,0.7626448107658674
CC_6500BD19FA06,0.3158569097440249
CC_6504DCAA90E1,0.08807506909136179
CC_6509C7361994,0.17127797433226705
CC_651486189673,0.11100055861782984
CC_65194BAE506A,0.18998540787415946
CC_652539353439,0.15828058930479197
CC_653CE5FA5A76,0.3217479970361229
CC_6560C2F4EDA4,0.1996319844874575
CC_656137F98187,0.6345633581194935
CC_6575B4B39113,0.038269982056516855
CC_657F629D31E2,0.23130435346079062
CC_6580B7583ADE,0.20640187234412552
CC_658477BA75D6,0.04735869791844006
CC_658B7867BE7C,0.12005976222051837
CC_6593FE5349F2,0.08840520160548809
CC_659EE0F05A75,0.3494755230091093
CC_65A0D8134410,0.23157587031563637
CC_65ADD5A19F64,0.11074807036068285
CC_65C3F0F73BB1,0.08697241174818376
CC_65C47521C285,0.052400388252463646
CC_65C4EE0B737C,0.24057040644601638
CC_65CB68404333,0.19979458924579663
CC_65D6DFF1B766,0.11857939906970243
CC_65F1545C35E1,0.19261584500168982
CC_6602547E2FCF,0.20523640786057695
CC_6615D7044816,0.27054661643206346
CC_66244D4B72EA,0.09721811896393412
CC_662E5AAE07A8,0.04607347567193835
CC_66322B339E84,0.04461078632683978
CC_6634FD4B1CD5,0.7732558886389341
CC_663DCEF4923E,0.21403029122037043
CC_663FE5BF918D,0.4249456307698439
CC_6645798E740D,0.08473511094457817
CC_6649736C8321,0.7795359631890155
CC_664E1026C4D9,0.24653983772237711
CC_665603C4A33B,0.06437284110623177
CC_665BDD9C8039,0.37658341560365205
CC_665F2AD58363,0.21912953443187821
CC_666767444BC3,0.2136671280413222
CC_666C0A2A8674,0.05810509436184407
CC_666F2BCDC7D7,0.18769934495465007
CC_66775178B226,0.06658477389084486
CC_667B6F8C846A,0.650148718698472
CC_667E909835A4,0.1932766721901543
CC_66809C278FCC,0.20407533040341802
CC_669CCC44CFCD,0.07102108512163496
CC_66B0BD3F6516,0.2901656007451414
CC_66BF02C05DD8,0.15879461914042425
CC_66C491256BE4,0.06313562389932076
CC_66CEFA65F912,0.3494527640529309
CC_66E025DB3282,0.6418133393315368
CC_66E7B423A32F,0.6421629847248655
CC_66ED26E7BAD9,0.0781273090960943
CC_66F7FF7735C3,0.19044080683116604
CC_66FD0CE6D57B,0.057963405980853644
CC_66FFFE05C2E8,0.09547110896894019
CC_6700012A39B8,0.13775021252561842
CC_670FC6A064F0,0.20853665218682482
CC_672932B65802,0.07663879984499378
CC_6742C6478F98,0.20536620425091934
CC_6745321663BF,0.05695278398588324
CC_67579CF57290,0.14387064203525182
CC_675F7483FB90,0.198836336051658
CC_676ACFAA6131,0.681756296482532
CC_676B423C495A,0.6109282988393424
CC_6771C0D1CB1F,0.05444635928155835
CC_677EE0369CA7,0.07747354401597761
CC_677FE35855A9,0.20850177589703708
CC_678091614A14,0.12341507599089882
CC_678A43ED0803,0.6173206929044025
CC_67955C210226,0.09047062165257644
CC_6797E0B01112,0.21891546503184595
CC_679D90941842,0.15274956284292124
CC_67C05273700B,0.1178254660150761
CC_67D5172B6450,0.17466946572920578
CC_67E8CF412D93,0.10292851035953215
CC_67F6576A6836,0.27069921695002785
CC_67F985A00A12,0.05072353203060294
CC_6801AD1D4478,0.07607117529094873
CC_6803BFA94B17,0.0549815082918311
CC_680B16E5E240,0.1344892784384908
CC_680F2D0F4F6C,0.10438064788981218
CC_68221E1393E1,0.11238552118688207
CC_6822590B968C,0.1773817837428368
CC_682D8EBCEE94,0.2132247638999708
CC_68429B4AE401,0.4135688234838707
CC_686B26BDD061,0.057413225486981266
CC_687518442359,0.45129956791029935
CC_6875DA61F422,0.2373926598565464
CC_68A3D749608C,0.19599902081432985
CC_68A9C3CE2557,0.10646920364717284
CC_68B9F8C6D9D6,0.6367728702074338
CC_68BC65E3C84A,0.41968501740179387
CC_68CC4D1D898F,0.07522637187722822
CC_68D0ACBD2D0F,0.030381142252148604
CC_68DA8D5488B3,0.07922248517017243
CC_68E675A69AF3,0.15434440330938912
CC_68FC9E6FA27E,0.187955289791908
CC_69322F7C4CE3,0.12693818669706944
CC_693710EAD59A,0.1864456625269403
CC_69387752F41F,0.5588051210595719
CC_693B71DDFE67,0.17135710709527213
CC_693D4AEDA3A2,0.11086614600822994
CC_6952171BCD2D,0.1557648131739987
CC_69547DEB412A,0.2483696543350633
CC_695E80DBA42A,0.07397962240124109
CC_69717E76CFAF,0.45005280850350005
CC_69741BF89A2D,0.124552246632884
CC_69825C70EEE9,0.2033664677429678
CC_6985C268DC74,0.4567025241550304
CC_698886C4AD90,0.14760537347712835
CC_6999901A6060,0.16167835389800533
CC_699ABD34646F,0.07525459294229009
CC_69A98DC7A907,0.06365197141063131
CC_69AA6E0DDE10,0.24174489571929442
CC_69AD5A48A78B,0.22878947420300594
CC_69BA7BFF98E2,0.12719460140788091
CC_69BBE365C097,0.050255881261227764
CC_69CD95A00D9C,0.03878034279805441
CC_69D328691680,0.08133398668695072
CC_69D39C9F36F2,0.24079936372896898
CC_69E09390CD64,0.08507217274609855
CC_69FD49E90AC9,0.3558573503910818
CC_6A099AFE73BC,0.1745187303342211
CC_6A099E6C91BA,0.3251901482707167
CC_6A19EB191A81,0.02783392667610359
CC_6A39017046FE,0.08372735390412615
CC_6A4A401F2920,0.38004414134981634
CC_6A5261180031,0.07519976406618391
CC_6A7432494840,0.17737147069776377
CC_6A7963180D20,0.38482317676173017
CC_6A7D7E5F814F,0.5968942060597343
CC_6A8B8BBA749E,0.1531189617356144
CC_6A8DFDB0621D,0.14297601122422246
CC_6A93C436E2FF,0.10777102970493782
CC_6A97F81D9A0A,0.16707344848981492
CC_6A9D1622B4DE,0.30480099497180974
CC_6AA6589445C1,0.675245978426776
CC_6AA7A87F59FD,0.15120720648645683
CC_6AADD44C0B52,0.09282341209220049
CC_6AB4A5EBA3F6,0.23403424833598524
CC_6ABA7D0ABAC5,0.14023007126077655
CC_6ACF1E52BE8E,0.1294408932133014
CC_6AD3513459CB,0.08129863372188945
CC_6AD4238EE77D,0.20067476407989315
CC_6ADD0FE5DD74,0.6338905932521611
CC_6AE2737BD3A8,0.0921325221847088
CC_6AE48C1F2448,0.15274761859764072
CC_6B00A666A420,0.6662584505739193
CC_6B07C3992304,0.06364360411187342
CC_6B0A72BBD800,0.6418374464669578
CC_6B12B975F2EC,0.3221244543213636
CC_6B12C9507F32,0.17412611319027438
CC_6B34719D93AC,0.6336345628628277
CC_6B34740DD355,0.16703349764468528
CC_6B41081727AD,0.2146486317069795
CC_6B4902892E70,0.08546863494707367
CC_6B5BC2D89077,0.724817797228724
CC_6B65242C2CCC,0.16505998840281524
CC_6B823BACBE75,0.3371599967873259
CC_6B83E1A959C2,0.2425840582487041
CC_6B84FB3DE604,0.03079419849702291
CC_6B8AABAA752E,0.19851821773553446
CC_6B8AC0DEE990,0.3612397227106312
CC_6BA45C072D40,0.1557620256726739
CC_6BA72ECB5027,0.11892219187621286
CC_6BB560F020BD,0.07509530939834037
CC_6BDF0B68C126,0.022902171834754587
CC_6BF0A9437728,0.1383064269164946
CC_6BF3B9097199,0.15089541355986896
CC_6BF7A1EF31B9,0.16644190403066741
CC_6C29DF49246A,0.07617367839707988
CC_6C3C86C2125E,0.10119702852132353
CC_6C42FF6D7218,0.6651828366258168
CC_6C541A482CF2,0.19660787130706656
CC_6C585A6BFE01,0.7981636229299871
CC_6C5CE36700D0,0.17735357789357026
CC_6C62C2094733,0.07753223781635071
CC_6C66539A9D02,0.25180357392488545
CC_6C684505E498,0.08504559268313472
CC_6C6E40927C35,0.03243674322682748
CC_6C7736F51C12,0.6980496536900722
CC_6C781CEB6F52,0.09131065785574616
CC_6C7E39BF4744,0.14397344183710614
CC_6C9EE9BAECEE,0.06439328044918094
CC_6CA0F076091A,0.10065348442243911
CC_6CAD299645B0,0.18848975194007883
CC_6CC3C50BA394,0.11375944732782098
CC_6CC593C5385D,0.034672229882561356
CC_6CDA4B24C602,0.2837406907549548
CC_6CE31AFF7813,0.06383708347448548
CC_6CECB68DE9C1,0.3489242352089454
CC_6CECD3DBA212,0.17539004322718144
CC_6CF17D012682,0.20132640285396244
CC_6CFCDF903310,0.14401430379670413
CC_6D08B5E62654,0.09263072367838684
CC_6D0F60667273,0.2890826020375388
CC_6D127EE83945,0.04658460352732243
CC_6D134DB29068,0.3999119375163833
CC_6D141A49D94E,0.6137812861867826
CC_6D148C0A624D,0.1676826984546071
CC_6D1EFDDE2EED,0.057834372301408754
CC_6D22B938D7B9,0.07494484494321882
CC_6D27409F4956,0.09112168458400761
CC_6D2F0EBBCA4D,0.24460283180767095
CC_6D43BE30E8B8,0.25090781736971624
CC_6D4EDEAF67C7,0.1902997445429474
CC_6D72571304DC,0.4961717491454891
CC_6D7C62C7C161,0.04911856842622793
CC_6D8A18C28AF0,0.07396811223115012
CC_6D8B35007242,0.09300534405435662
CC_6D93A9E49E3B,0.17950681126912316
CC_6D9C644A082B,0.11959518872719
CC_6D9F52BD4D0E,0.13607265455029566
CC_6DA058F9B631,0.28501640588897126
CC_6DA1F8DF9CDC,0.2221736239392217
CC_6DB000AEF16A,0.10372891945293132
CC_6DB5025899E3,0.20213318865130311
CC_6DD6FA2FA0C6,0.0990384023573989
CC_6DE4E4C1A31D,0.18659176212159156
CC_6E09CBC15C94,0.4913815296022406
CC_6E353816938F,0.05129254858594444
CC_6E3AB992A5C9,0.15459319284403536
CC_6E420A2FE490,0.1507490207442892
CC_6E46D01888D5,0.154509525376127
CC_6E4702162475,0.06219819399071147
CC_6E548AF15091,0.23618711755758526
CC_6E5C9A2DA27E,0.035122830704116245
CC_6E610F3976CB,0.17781992595216445
CC_6E614FF9BE02,0.6304563742390796
CC_6E68D46447E2,0.10414357201340882
CC_6E712C21215D,0.03984822522568861
CC_6E84DED41B8B,0.12017387868082346
CC_6E8557E30DC9,0.6267224968444707
CC_6E8963475D35,0.22111562767440032
CC_6E9880CA0BF9,0.32415427834389854
CC_6E9FCD68ED52,0.6873096586222726
CC_6EB194A93F60,0.1333193486823666
CC_6EB370F511F7,0.06371364827022882
CC_6EC722B2BC2F,0.17455704371061365
CC_6ED1B0EE4B6C,0.25272616753253724
CC_6ED65E7CABA2,0.10321435658937783
CC_6EDA84B653B8,0.3771524641407469
CC_6EEE8E7C1D1C,0.1834679591472161
CC_6EF17801ADD6,0.1441238756676797
CC_6EF337CC4BA9,0.30128766582519273
CC_6EF464EC9FCF,0.1018599843942169
CC_6EF6B8AE7DCD,0.03648522352172307
CC_6EF8C59D8395,0.8336062105470746
CC_6F2146FE362E,0.052732428695934766
CC_6F2408B665A6,0.4079263709085149
CC_6F2B8E925D59,0.031665817791863546
CC_6F3034E96848,0.12654248753576897
CC_6F3559ACC2F5,0.037119919609826385
CC_6F46C5897DA8,0.40791588654533417
CC_6F49ECAE902C,0.0681084213204273
CC_6F4B818665D3,0.1363984261368998
CC_6F4E696A1F88,0.267941937889718
CC_6F54BD66C0EA,0.17213803248658285
CC_6F786C433998,0.09796135116230159
CC_6F78BF56B0C0,0.09114470688880061
CC_6F8346F138C1,0.4096121736352184
CC_6F86CFDB23D6,0.04797511764809033
CC_6F8E30AE9457,0.16903131091279794
CC_6FC25B27AC26,0.08128811069928583
CC_6FC8BE007FE9,0.15202665150307065
CC_6FC8DA40122A,0.19197963390921274
CC_6FD8BAB1DA3E,0.057496184580189305
CC_6FE4FD09A9D8,0.09172270904551164
CC_6FE78CB02174,0.03658447424895536
CC_6FEB8EDBF2A4,0.20196986017540636
CC_6FFCF2DAD0A4,0.0798782528113072
CC_7002034B0979,0.07218166958052315
CC_7006523D45E4,0.08058197652832186
CC_70097151A773,0.06706406754031043
CC_7011BC95A91B,0.0344924234515733
CC_7020F3C11A3F,0.16370929076412516
CC_70306409A3E8,0.34216552001230255
CC_706B18DA7204,0.12846771138410523
CC_70703A59C070,0.17877893572432263
CC_70749DDFF595,0.1520189219866195
CC_7079CE5127A3,0.03508022182650574
CC_7087A46F0AB7,0.0859520108690556
CC_708B73EBD939,0.15980755427905322
CC_709315667BCA,0.07867779332266954
CC_709970475B6D,0.629194316436201
CC_70A56ADAC199,0.05262827290676936
CC_70ABB244502D,0.04107146856975312
CC_70B0176647CE,0.12881496418811403
CC_70D3353DA1C3,0.06936138672475624
CC_70D652DF4E91,0.13851897824223985
CC_70E3121BFDC4,0.0975810985400771
CC_70E5FB8B072D,0.03865101182950682
CC_70EFECA3FAEB,0.17934388665695855
CC_70F59DA18BCA,0.39991580511390756
CC_7100129A0AFF,0.10080902334329098
CC_7113554E33B9,0.06160083491966531
CC_71260405461D,0.07146619784134682
CC_712677251322,0.19888623815568696
CC_712D31B2785D,0.08140606046603993
CC_713052DB1E2E,0.06583424904835057
CC_7139C2D6F1AC,0.11458556928787886
CC_71427FC8FA49,0.25195595314553854
CC_714912E93A71,0.13651494131227418
CC_717A5C2ED311,0.2353055789803007
CC_717C94F5C8F1,0.06684811932052497
CC_718F067F4DA0,0.037920019751186376
CC_719E714DD38C,0.045764310017962224
CC_71B169C874D0,0.16413364820359563
CC_71BB5070615C,0.13762552839949377
CC_71D37D6D19C6,0.2162663862221634
CC_71DC80205F42,0.1625920179604176
CC_71DEB636B8CD,0.6258248626378665
CC_71E4CBAA1211,0.15822451185837694
CC_71E787049755,0.10553851745737315
CC_71F1EF5575AC,0.09173726613868262
CC_7201DD8EB33B,0.21303686715174502
CC_7202C8CE2317,0.31126597613007523
CC_720B06583C57,0.03581199216317382
CC_721DEC038BAF,0.07985565627273052
CC_72219BCC83E3,0.1464401456529093
CC_7223DABA7E98,0.0936000332515336
CC_7233459FF7B8,0.20257964980780307
CC_7238A8A6767A,0.22818608747308575
CC_724559551664,0.6842819431739522
CC_7248EB4B76CF,0.060262092625389216
CC_7259B5314D92,0.07922222615672894
CC_725CA03102FE,0.04130327282773773
CC_726E05E5A555,0.10292076884665055
CC_7276AEED6D4A,0.06112162979746555
CC_72A18E8D6670,0.035054197885151
CC_72CDBC38202A,0.40005723242833
CC_72D8B2ABA2D1,0.7228234327499685
CC_72E4590D362B,0.3839197184777162
CC_72E8542AE4BA,0.04244523882216391
CC_73010B6E55DD,0.6316494533299781
CC_7309A4693D52,0.15397936552098831
CC_730C2A3FF1BF,0.183035507362322
CC_731C1BCED024,0.602973700327824
CC_732C325832D8,0.17985279143080618
CC_732DFCAA0A75,0.19413057019384128
CC_73322A6A24B1,0.754766772127941
CC_7336B19A18AB,0.22397228189953905
CC_733AF1D123B8,0.3363977003645545
CC_7344A0E90AFC,0.11015362779573457
CC_7348C2B475B7,0.11693006929298172
CC_735E1A78B058,0.07815912257938394
CC_735ED2A02DC4,0.14291997539883078
CC_736015DE4E3D,0.353619810460166
CC_736A42761E55,0.10714478486696509
CC_736C0436B98D,0.1514256980616398
CC_7379212919FD,0.08973941447755923
CC_73859CD59E75,0.5990145199993098
CC_738B201B1CF9,0.10864564877818365
CC_738DCB11942F,0.061715056723613576
CC_739198ACE582,0.11766909736877354
CC_739D093D7B69,0.10819916268899417
CC_73A7FC903662,0.1632891602815892
CC_73A8927DCEB9,0.09160572804346251
CC_73B575BBBBE3,0.17172223367449374
CC_73B6B9AD2002,0.048304857841361515
CC_73C28D72A5A3,0.5390375064193319
CC_73C38DBDF9A7,0.11911989599016067
CC_73D44BEF6754,0.3714700422208668
CC_73D4C1D7C022,0.06988362110592435
CC_73EF383F3C2E,0.16056907595101017
CC_73F34B1607C1,0.06412487606805609
CC_74137206902D,0.1002493682875259
CC_74198E5EC366,0.07512713134464669
CC_744FB5804A8C,0.635238200841356
CC_7451E64B6D47,0.14680807764588383
CC_745A64878AF1,0.08344733672964463
CC_746B196CECA1,0.1350763796187689
CC_746C06898D5B,0.6420572220731362
CC_746DE1EED0DD,0.25676545832992037
CC_7476938CF6A0,0.4940071446435346
CC_747CFDB7E305,0.07966365690477203
CC_74845374E870,0.7519840284915498
CC_74AD8D3B192C,0.6983413637227494
CC_74B90A15B270,0.11699800372406213
CC_74BA5D46E909,0.6744336377524665
CC_74BE0AD5E21D,0.19878509920359777
CC_74C33B66F002,0.13961905612953868
CC_74C9C3F17421,0.05171726099760325
CC_74E4BD5C07D2,0.07013761940229576
CC_750D90249EFD,0.10968036431301148
CC_750DA21B7EDD,0.33599270757605526
CC_750E6537383A,0.2348833273865723
CC_75137D6F9DCB,0.11224608766355705
CC_75173A8A11D1,0.35376550339560636
CC_751DDC1FC2AD,0.10086372061761714
CC_75357E0206F5,0.08612824745612915
CC_753D160E3A58,0.11585001129024769
CC_754447632F75,0.03993898218629571
CC_7549363C5D36,0.06562469217161017
CC_754F3894627C,0.10816330947263597
CC_7562CD43897F,0.1552788641323804
CC_756A077EC614,0.4125547866799426
CC_756D3492443F,0.2892352723157482
CC_75783B3E6C6E,0.04355344216751769
CC_7598068A716C,0.03775755263150425
CC_75A37D8C1F6C,0.618618742934876
CC_75ABDDA24C26,0.12484562103832267
CC_75B287424E59,0.34564006579571505
CC_75B2B88876B6,0.09328775813366673
CC_75B324FCDD4A,0.256393664904757
CC_75C1466E61E2,0.26263309766084486
CC_75CCCD9D4568,0.1006060749053507
CC_75D2DAF4491C,0.3448868582315862
CC_75D54090AAD4,0.09524986401653211
CC_75F1927E5941,0.6894333923183462
CC_75F99AD6844A,0.3068918743039336
CC_75FBA505C727,0.2730676380339529
CC_7615CC930B76,0.13890341284359137
CC_76168488EBB0,0.5273404589906026
CC_76197A77D666,0.028888464613281047
CC_761F48F8E962,0.2542289061523702
CC_764C6ADC6D1A,0.08308075138574496
CC_7658A6B0910B,0.041952279478354455
CC_766347951B7B,0.5866344680658896
CC_76857712D8F5,0.3515762104095277
CC_76A0DF2549B7,0.0997952321933645
CC_76A636414AEB,0.26103324364665653
CC_76B01540CDD1,0.18216891435204535
CC_76B420FC66EB,0.1030714297566942
CC_76B6BCD2EBAF,0.07443633607679945
CC_76B7A0029620,0.1158285657630905
CC_76BA435EF2AC,0.15522823448456652
CC_76BCC1AFDA4D,0.07164853006869965
CC_76C35913E797,0.13085447710698916
CC_76DE3DF1DEE3,0.17618872749415873
CC_76DFA4CD068B,0.07936401974677705
CC_76DFE3568C72,0.27888320142963663
CC_76E201F1E036,0.3618016987593721
CC_76E83166FE0A,0.14292613824898087
CC_76FD9E9D9ED0,0.16538524166610996
CC_7720BBD06736,0.3458481933275974
CC_77340228F356,0.6781865598633142
CC_773CBBCBAFFE,0.11345439151626431
CC_773E9B092923,0.1155286426646846
CC_773F22C3E42F,0.04035794238343912
CC_774ED295BF96,0.1594560589307412
CC_7751ED6DF76C,0.042957551077866335
CC_77571749B970,0.13305037862353503
CC_776F8B3BAC08,0.10409565408344318
CC_777889F9694E,0.03665432464039034
CC_777D08513AE8,0.07948427741565921
CC_777E3D988EFD,0.25177232211905964
CC_7795BEDE05E8,0.31430409033236695
CC_77A9EA3A6784,0.0944144557229859
CC_77B1AB7960A9,0.19043154867933765
CC_77B6EA810549,0.28537324186979707
CC_77B9889C9BFD,0.18915252638012192
CC_77BC55DC92B6,0.12410857187595081
CC_77D1DFCB0A8B,0.05121812078776961
CC_77D9AC43DFE1,0.2061528883553212
CC_77E6EF1CF2F7,0.4171236658603744
CC_77FFA8E6B36D,0.10514731289337476
CC_7801661A9DC2,0.1670605296808908
CC_78069B1BD931,0.14996440179185627
CC_780828B48716,0.1183547424923434
CC_782130B98F34,0.10541317695821822
CC_78273789B3C5,0.7719329484912889
CC_78296783E4EA,0.19306437847725277
CC_782B06291D87,0.056645375799429215
CC_783A2D4C89F9,0.443355141804631
CC_784407E16923,0.10267976381810903
CC_78491B6255F2,0.4103973079824669
CC_784F17AC712F,0.06613553621885868
CC_7852FC3BBADB,0.09146015670673396
CC_7866E4CE528E,0.7296988385383951
CC_7867E7C01013,0.18927837217797985
CC_7869F609EC2E,0.17463520140594033
CC_7874F14ABD7F,0.17999492063357964
CC_78774E05FF12,0.16266311977380832
CC_78815A352067,0.11311488625253724
CC_788FF4549766,0.2754646233824679
CC_789977501322,0.10918606254739395
CC_789B2BA880E7,0.04031252073654831
CC_789D87F51AA1,0.06431281689341913
CC_789DC3C358CB,0.21223671118981066
CC_78A036DF6320,0.6894738115871808
CC_78A3EA63B7EF,0.04194883376338384
CC_78BF1B8FC1CA,0.11508706277003813
CC_78C96E7015BA,0.6483810283321474
CC_78CC84FA2CE2,0.1965571368925903
CC_78F0087076CF,0.2211001001457225
CC_78FAA95F5B5F,0.12723493015221693
CC_79033EFDE096,0.12913867343342156
CC_79086C18A963,0.13006494832443505
CC_790DA2ED9F5B,0.13065201820781358
CC_7928811F7D86,0.1018578719809613
CC_79345478FCE5,0.19833740137327038
CC_7936C8D65B95,0.13105915947977595
CC_7948C5509411,0.5051364446995684
CC_794ADB0677CD,0.12832811063133315
CC_794FF8E7F876,0.05054465341675869
CC_79500EA652BC,0.5512831153699043
CC_795083A66DB5,0.03787987193280365
CC_7950D4B773CF,0.11895538690183796
CC_7955AEB49759,0.14355965290471617
CC_7964F862DFA3,0.39912460182133225
CC_797A700CF967,0.46245017773691754
CC_798180DDF677,0.3704987323493587
CC_7981ABA9C370,0.10623820768727266
CC_798B2DC03C5A,0.07341631232557852
CC_79BD986C23CA,0.07716448814125448
CC_79C6BA680815,0.5246128711089506
CC_79D694E6F5AF,0.2551801420347186
CC_79ED9A0F6E49,0.4395907102712272
CC_79FA2512E5A2,0.15719089550663068
CC_7A0024F6FA60,0.24548273696695308
CC_7A193A453F27,0.03412475557399998
CC_7A1F071DC5D4,0.39536927793326837
CC_7A5D96BC99AA,0.7293401583312193
CC_7A6B51562949,0.3114468772500521
CC_7A6D7F9654DD,0.43974944252922976
CC_7A778E010F33,0.2898560703171795
CC_7A7FB841B669,0.5951489264687202
CC_7A91013D31E1,0.12570530242434835
CC_7A9117596769,0.055093489849619065
CC_7AAF340DCE8F,0.18044017471160775
CC_7AB146267981,0.2181894908498107
CC_7AB2A9CC8424,0.23017654169496302
CC_7AC1DF18CBA4,0.22798453565213733
CC_7AC4240DD225,0.3423115793634917
CC_7ACB325BD924,0.18185275174578258
CC_7ACB88002397,0.4995205993275355
CC_7ACD4F370AED,0.18280268463093896
CC_7AD4072A9F82,0.05661191767079126
CC_7ADEECDE4D73,0.21147848936190888
CC_7AEB48D8C5E0,0.0862182646948954
CC_7AFA5CD2B29E,0.11017682315133623
CC_7B092786DDB0,0.05188324424919922
CC_7B1B35D5628E,0.04867151286598831
CC_7B210557F04A,0.12325768878828329
CC_7B369A7C1D3F,0.1667868469122417
CC_7B4002591821,0.6913280715634624
CC_7B42BD80D79A,0.19538347633804615
CC_7B44FDF08B93,0.09255929891504087
CC_7B501C32CAE5,0.061991557260494184
CC_7B88520D4FA2,0.39284471351492817
CC_7B8ABE6E552B,0.21965352475393057
CC_7B8D2E07908E,0.38271089110327255
CC_7BA150468D19,0.6382399174073936
CC_7BB159FCEB53,0.27017396702915064
CC_7BDD72710831,0.07226781936141094
CC_7BE02C65B967,0.1516521674880098
CC_7BE382988C1C,0.6257668601809737
CC_7BE6110DBAA1,0.34897990209903507
CC_7C0B14BB0573,0.1556284094583767
CC_7C0CF5558904,0.6935732058133757
CC_7C13E7F561DA,0.6375871454842689
CC_7C46F7F667F3,0.09874345190514718
CC_7C510CE0521B,0.08662902447035567
CC_7C61B5D39E49,0.46119525660865485
CC_7C6770DDA182,0.12634520739488025
CC_7C6DBF78A610,0.10114936769847566
CC_7C7B0438E3AB,0.18636656376738608
CC_7C87DFBC3176,0.09810224512392304
CC_7C9528E94215,0.3341069896281864
CC_7C9ADE65CF81,0.09817828684718036
CC_7CB6CD1B9DD0,0.040463137604316024
CC_7CB7C7E55BE6,0.15770226554440311
CC_7CCC3A690325,0.18059188116473757
CC_7CE5689488DB,0.04021793344271812
CC_7CEB758A9814,0.04974320243673373
CC_7CF7443D923A,0.052921441020301635
CC_7D0D597690BF,0.18262742702264925
CC_7D0EA0307817,0.04336420303607668
CC_7D12E6FF25C3,0.1278404798484743
CC_7D28D39AED1F,0.6754737125907855
CC_7D2D19D832FF,0.06680457488550406
CC_7D34A67E1369,0.06294757833469986
CC_7D4388B41EB9,0.17989544887682785
CC_7D46FE573D79,0.08206342932858647
CC_7D7810799F2E,0.04634348980627251
CC_7D79241150C8,0.1350378502436625
CC_7D7B92EF2655,0.1517816833641123
CC_7D8C2495C1F7,0.08442962717642613
CC_7DA4F1BA24A1,0.6292805082656746
CC_7DAF18939084,0.05521284178002234
CC_7DB8BA427410,0.06811939115346244
CC_7DC9456F1161,0.03904241571440831
CC_7DD2CBE0F0BC,0.21964338664621877
CC_7DD495158BFD,0.6116851836844805
CC_7DD5411F7A14,0.2984633752723738
CC_7DF099A7A092,0.24024130782784786
CC_7DF27D2AC111,0.047192187049769
CC_7E0CA072EF93,0.07182379131093275
CC_7E0DA100F5F2,0.17520203074382856
CC_7E1086EFDED5,0.03461894590930613
CC_7E12E0F3CF6D,0.11637720837923479
CC_7E178CE78FB8,0.07755502469599984
CC_7E1C1A6D0E9A,0.17284488356432376
CC_7E2A76850DF6,0.7855370958529901
CC_7E3ACB15C69D,0.11401767299225163
CC_7E3F3373A73D,0.7218889172284539
CC_7E42A3D0737F,0.11308641068500394
CC_7E4679C534D7,0.25282547964894053
CC_7E53FEEB19B1,0.27247632862803006
CC_7E71CE7FC603,0.24180179336473506
CC_7E8333DBAEB4,0.3815016393685295
CC_7E843438DE4A,0.05309748395352107
CC_7E8E4747C0D0,0.6753432658175789
CC_7E952828C1B5,0.08593955065100603
CC_7EA6431FE6F5,0.13076746984629414
CC_7EA7BA7621C3,0.2623251213267062
CC_7EA8F24B3010,0.1085253608583722
CC_7EAB28B0309C,0.06176547695585248
CC_7EB4A5BDA97E,0.08510220571998431
CC_7EB4B0A36534,0.10365064262435217
CC_7EB791F4AB2E,0.11817821176518159
CC_7EB883C9D5F9,0.03677299271621617
CC_7EC59C577F02,0.06882448787500123
CC_7ED2683D26DD,0.06600353737511362
CC_7EDB3440E0AB,0.5880587325607862
CC_7EE12013C7DF,0.19795737483418124
CC_7EF824CC0D3C,0.14993872529327823
CC_7F09C6F6321D,0.7126224855881036
CC_7F1AD40DA179,0.21416925755462593
CC_7F1D38A39164,0.08405819542181192
CC_7F22B7D326CC,0.206428414573422
CC_7F2614F1AAAE,0.22913565910204142
CC_7F2CDC7C1634,0.04210622983626433
CC_7F2D46DF9BC7,0.15675674954989285
CC_7F57A90B69E0,0.24868758873876706
CC_7F633226A676,0.2975822704192318
CC_7F753D809267,0.677203152450025
CC_7F7EBF25AED7,0.03581028208709177
CC_7F8496CC5779,0.041711806184365235
CC_7F88D9C5D258,0.08209189310636894
CC_7F8AB4DCA794,0.14060213796042664
CC_7F8CC9509418,0.31782141324408975
CC_7F9069571F79,0.3083984540550895
CC_7F9AD27E079E,0.17866543456772233
CC_7FA281AC1C7A,0.09953838792982572
CC_7FA389E90548,0.08838024227444286
CC_7FBF4A48AF55,0.04658452541794641
CC_7FC40175A8E1,0.2645639542748607
CC_7FD58EE7029D,0.07213848912426526
CC_7FD7F635C341,0.047660894273543974
CC_7FDD458DA059,0.24973991582977303
CC_7FE85C259E03,0.10282577555855552
CC_7FE8CD30D7E0,0.10180383995343362
CC_7FFA32DE7B04,0.18107883534334962
CC_8014F1E2C5BF,0.040733013884955024
CC_8015895C1C29,0.24639037074355452
CC_802BA7E39A13,0.06314058952092572
CC_80300D23C3FE,0.34330706132550837
CC_80465303B6E2,0.19577484390590713
CC_805ADFD46B84,0.060368296317815054
CC_8060F40D9522,0.18223681154754484
CC_80621E822131,0.056705434015278736
CC_806654B580B5,0.4040391512630045
CC_806CFD6A52BA,0.04307919805883967
CC_807935BBEB7F,0.05237892248974056
CC_807C57E626E4,0.07771073841726538
CC_807C91C98684,0.031236739581706443
CC_8096B589BB07,0.16318848667364666
CC_809D60155E9D,0.06600951192007946
CC_80A2189E5125,0.4870550205623456
CC_80AF87F62770,0.17917309549013372
CC_80C03DF9CC57,0.20965643408799187
CC_80D9B6563750,0.5686653062381686
CC_80E9638ABD4B,0.04839104432141591
CC_80F7171B71CF,0.1079258717781319
CC_80F9983BC18B,0.06083391241088578
CC_811109A98EFF,0.10404656445232577
CC_8129480B056D,0.3343161860476471
CC_8134E5DA9FEB,0.5573098609927689
CC_8140399AD344,0.12194682404657325
CC_8140E278B6A0,0.24881260307635705
CC_814E0F756757,0.446236771115638
CC_815FAAABFC91,0.2230649394368222
CC_816B28807CED,0.0746690933775607
CC_81821F9F2307,0.5146342696090558
CC_8186D7991EB8,0.05188499979047725
CC_819E203180C8,0.8059465914810087
CC_81A5E3141BDA,0.5229299748380273
CC_81B5CED8EE79,0.12110551444568243
CC_81B91198E00D,0.6976151682493945
CC_81BADC379C8B,0.23578871525059503
CC_81BF8EA390F7,0.05902482945601648
CC_81C5FC962C72,0.05582115707444635
CC_81DDBFAF1CB6,0.051310178628111436
CC_81DE637E6138,0.03229827617968399
CC_81F389DEC9C5,0.08407497995948728
CC_81F647806849,0.13115817134572783
CC_820D491B2903,0.7458793717575005
CC_82172863AA45,0.259864652384839
CC_82195FBE9366,0.051874501514272794
CC_821F503DA953,0.09785741899905669
CC_8221AF9B0B93,0.7411177016486814
CC_8222D1C47857,0.06118892387400786
CC_824BB6CD2B25,0.05397854127783976
CC_825192411933,0.10801729565433041
CC_8270E213EDF5,0.21478022010969483
CC_82839CC161E8,0.06688543684551357
CC_828A0B6D7291,0.08720039267037283
CC_828EDE22A438,0.04065664253694981
CC_82928B5ABD45,0.31072812578395315
CC_82A7FE954659,0.17754820696456375
CC_82ABE1FFFA1F,0.14469045716813156
CC_82BDFA01C41F,0.11930915832916555
CC_82C20057CB4A,0.10847895041965055
CC_82E52529A567,0.21047920123963249
CC_82EFBFCF68AB,0.12808832857213814
CC_83092F58B321,0.12486616141453188
CC_83098B4BBD4A,0.10485735382969155
CC_831F9E623C5F,0.1795525448261472
CC_8326C8A3D569,0.10823267465486272
CC_832730F42A18,0.12885763094672625
CC_832A44C3F2A0,0.05356137550072268
CC_832EBAE498AE,0.6903033213592417
CC_833B196A70F3,0.7171179519813089
CC_833E14DFF4C6,0.16882092704882198
CC_834092035687,0.3443559012782622
CC_8351244DE3CB,0.06403575462599134
CC_835B90025058,0.045480425412241704
CC_836534CEDFD3,0.11079460542893087
CC_837ADC1EA55A,0.19771075932061388
CC_83884D799788,0.19266356980346167
CC_83947255841B,0.12206136205255522
CC_83A5A3022ADF,0.7713049552715014
CC_83ABA98906DE,0.07298262064695939
CC_83C75D07414A,0.42547749065645624
CC_83CBA767432F,0.7091866849306707
CC_83D342F53F36,0.15229523741712847
CC_83D5CA2A23C2,0.046181804342593516
CC_83E002D6D82D,0.1752094598602052
CC_83FE1BCC83E6,0.30843793264335395
CC_840E5B830DB4,0.04432775177090174
CC_842525788FC1,0.1918322550409517
CC_843076C8EB9E,0.29387138942464924
CC_8442C97EE91A,0.1278538005953242
CC_844C3C30ED67,0.11576041523702606
CC_844E345D2636,0.1682104027296696
CC_844F26E92B12,0.18840195401922777
CC_845032D8A261,0.26808677573493234
CC_845223F606E2,0.2684502616809345
CC_846F5B19B110,0.3365305732618003
CC_84797EA9ABF9,0.2715611699863645
CC_848D59D48081,0.1724430028302909
CC_84AB057BFCCA,0.06226433616623489
CC_84B0BA112537,0.05540176358447427
CC_84B8FCEDADD5,0.07855225081806329
CC_84C61A6BE99D,0.08177505626856053
CC_84CDF830F68F,0.07641409636087595
CC_84D5B88572DC,0.22704492640633728
CC_84FABECED186,0.11922850934431337
CC_8503F43FB29C,0.19445315972296134
CC_850ACB004EE2,0.07803334662884737
CC_850B114489CE,0.0884669545013497
CC_850CC17BB13B,0.1412055762606305
CC_8518C159BDE6,0.13786933911054383
CC_85299261146C,0.09532305187245277
CC_853986C52A17,0.044185016915357464
CC_853ABBECF2E1,0.7899657691912065
CC_853BF4485D85,0.18058748346949405
CC_853EED03843B,0.07582587149826711
CC_853FD1B551B1,0.15233976258340293
CC_854AAA98CC0C,0.7724787699503863
CC_854F8AB5F1FE,0.038075516668505
CC_855E2A785BAA,0.10630184960727068
CC_85614CA68432,0.0643195085134298
CC_856B92B23BB5,0.7778942765313955
CC_856DF4A30E13,0.6958840425603061
CC_858704DBD5A6,0.06652058323411582
CC_859EF0AAA74A,0.05010014782743355
CC_859FB710961E,0.14443016606582382
CC_85A0EB3C9884,0.5983567856429297
CC_85C887BB996A,0.09106364262170977
CC_85D9A6C9CA60,0.11401908501880709
CC_85DAF10E61A1,0.6024691377359686
CC_85DEF8ECB524,0.12710718435889373
CC_85E2E0B8B15F,0.6983740198799974
CC_85F018DC47FC,0.2988579768577723
CC_85F376B33951,0.18001454090948543
CC_85F745E1D307,0.14857956573046166
CC_85FAFB430486,0.270818229451933
CC_860D4B868C17,0.024738077795092534
CC_8614E30C9FCE,0.4368633922169301
CC_861F5DC22035,0.04364645033609676
CC_8624ABB391B1,0.1710063099339131
CC_862BAB422756,0.3234832887151503
CC_8642F98E5504,0.16639973458458074
CC_8655B8862C81,0.1665023135644195
CC_865FCEE75A8E,0.03559377511469707
CC_867372811CCD,0.43207918036508847
CC_867695B5C296,0.5507205696189328
CC_8682B1F914ED,0.16051984721702464
CC_8691DF144B92,0.4953196447892943
CC_86AD259FA5B1,0.14466361708756742
CC_86AEC21936BB,0.7237445182064108
CC_86B1D15F8424,0.044514576711995255
CC_86C2A6EC5712,0.7147172269991053
CC_86CF816B494B,0.05873799173261228
CC_86D4D58B1D0C,0.16768440840375204
CC_86E2C4E17CB6,0.045677175543818185
CC_86E9E191E3CA,0.3795031179660522
CC_87000C16C856,0.10252866099006061
CC_8703DD5FA02C,0.19449575773789549
CC_87065B1F429D,0.11356592158069466
CC_87434BBA1CE7,0.03611824647392395
CC_87450EA8CD55,0.6818075464841351
CC_87480F785786,0.07648537738629768
CC_8777EA6EBFD4,0.04062443353906042
CC_877A35E76904,0.06981175472484925
CC_877B37D01563,0.12630329312710512
CC_879759A5EFB8,0.36211072071823214
CC_8798AF2651BC,0.1418526620108095
CC_879989FB3B92,0.5747703261346133
CC_87A3BECEE5A4,0.11910901515552763
CC_87B7CDF4BDDE,0.03839008556806581
CC_87C13E620006,0.24827187781827845
CC_87E3AFB080F8,0.1276320554164483
CC_880044F77ACC,0.09317191995469043
CC_8809BCAC74A9,0.03765501540608355
CC_880E0019DB5D,0.03055737194675663
CC_880F027D886E,0.1261777569225962
CC_8812BC579F7D,0.08177322129360573
CC_88225FE57D82,0.20030838678674867
CC_88315318E9DA,0.34323679609283003
CC_883864E584A8,0.08260201660468301
CC_88469BAD58C4,0.04733792257860672
CC_8854EE679596,0.08270786011899263
CC_886273CC4072,0.07806315281128333
CC_8866B6D4524F,0.2241396697001507
CC_88A943606806,0.3299662301543549
CC_88E916A3F984,0.7983618047681533
CC_88FDC55C31A4,0.12434123024960005
CC_890D5EE59076,0.028299323597899984
CC_890F721517F2,0.10125458165604445
CC_89129D16418A,0.33274650973711006
CC_8917F02F9326,0.13866842556230674
CC_8920B6584A43,0.07028117570073683
CC_8929DF270419,0.7137693880979875
CC_892B119F0E5C,0.19184088980447073
CC_89302456B9D5,0.6486412233320789
CC_893FAA6D1F04,0.7453270328967732
CC_895AF697BFBB,0.2992754789202768
CC_8961FF892F79,0.030093504141192072
CC_897674493060,0.07393668410137705
CC_898AFCD28B03,0.12941523702208535
CC_898CC919D10F,0.18998159062862136
CC_89A711195EEB,0.16535907859437166
CC_89B4DF07DF12,0.07444614815399715
CC_89B941079E10,0.11604334565256998
CC_89B97E9FF67A,0.1044004435371054
CC_89C5162E8055,0.19420672620859997
CC_89CA0F1E2DBF,0.23768708580056583
CC_89DEE29A78AA,0.111807544536739
CC_89E089707730,0.1553605938204801
CC_89F0B865A6D4,0.11767688520616806
CC_8A04C5D4D02D,0.062123378408036896
CC_8A081AA1FB92,0.3198257852605543
CC_8A0C640E7A89,0.5439453490174821
CC_8A12B68246A6,0.05429485165935863
CC_8A14A46B280C,0.15150019767386294
CC_8A165A18560F,0.26121924308141
CC_8A19196788FA,0.06580283618448143
CC_8A25FA445037,0.11237635713240007
CC_8A29EA87B295,0.1290194941437811
CC_8A2AC87CB22A,0.05054360229020499
CC_8A34634E7423,0.6290806020940276
CC_8A38BC1AFE57,0.07508669799906693
CC_8A4CAF0CD0F3,0.11627814783028081
CC_8A5A0429CAB0,0.14067050151793264
CC_8A6E60FAE870,0.08271097305614335
CC_8A7DA054E397,0.6964612488838607
CC_8A7F5FF4B421,0.2726527437637376
CC_8A8249A44847,0.11591470159736539
CC_8A8BCE16DF45,0.13935679063346945
CC_8A8EC764734B,0.0715609129219539
CC_8AB553BFA00A,0.09611880352292396
CC_8AB57DC077EE,0.6166020656369866
CC_8ABA5808D313,0.06815049838840292
CC_8ABDD9A05C87,0.345616953525369
CC_8AC7520DBCCF,0.17570761581986627
CC_8AC7F8BABF28,0.06425103221597586
CC_8AD67FB3A5CC,0.742251309188785
CC_8ADDCF5EDCC1,0.09812498637707813
CC_8AF1C3A0799E,0.7354527687456132
CC_8B388FAED0B6,0.11368524503498885
CC_8B46CA903D09,0.028254969162598287
CC_8B5819403FC8,0.7312506370400247
CC_8B581B8207A9,0.1376006213639443
CC_8B6DBEF19F46,0.15259386864751384
CC_8B8326C4C229,0.127738682287848
CC_8B850FDCFC83,0.08844143664263679
CC_8B8F41F19B72,0.07551135576450305
CC_8BAF98C60957,0.13650537267328572
CC_8BB0824B181E,0.04837702048346522
CC_8BB963DAD9E2,0.17064278626203838
CC_8BBF5F939D7C,0.14420885293904426
CC_8BCBDCF4DFF1,0.09001291622546764
CC_8BCE343561CB,0.7355870295938667
CC_8BDA87361657,0.10058927448051658
CC_8BE68A4DB87C,0.0647149790117769
CC_8BE9BBD879A5,0.04729330541590053
CC_8BED85B91011,0.4125626783548117
CC_8BF68E552DA2,0.18948761006969705
CC_8BF832E6464E,0.8031242539734686
CC_8C1561920E84,0.23179819286837536
CC_8C2A7D9A667A,0.15229321681397473
CC_8C3A5DFE70B9,0.1880259184712173
CC_8C534CCBDA4C,0.19887890047734763
CC_8C6472A3EEAB,0.05654454039325436
CC_8C6B4854D16C,0.21241837784472756
CC_8C76DE4F58D4,0.07264394822885548
CC_8C7DA3F4F88F,0.06943887661476676
CC_8C8527DE7DD7,0.0741028437653731
CC_8C9416612FDE,0.4360165059456862
CC_8C9973F02AD6,0.33559612491096635
CC_8CA1DB61A2AC,0.04723278798607529
CC_8CA59CAE22F6,0.18913501729796434
CC_8CAFD04A6EDD,0.11762952590966094
CC_8CCCC389913B,0.6571188688700664
CC_8CCEF12DC7B9,0.19383276842050312
CC_8CDCD714BD1F,0.7969399492796586
CC_8CEC7987D1B1,0.07850798396028943
CC_8CF621ADAC0A,0.28155303335297555
CC_8CF8FE2A4B82,0.39587560362111623
CC_8D048396D9D5,0.10673076913688438
CC_8D1089C58563,0.5516055846365416
CC_8D35A37FC4B1,0.0850618887351945
CC_8D41E12FE5B6,0.1503078729177426
CC_8D4A859839EF,0.1485067015425407
CC_8D4AD431C55F,0.10742278727631946
CC_8D4D882CA579,0.12081578841943855
CC_8D6151025078,0.12319641926465763
CC_8D637233FE54,0.1478665597866451
CC_8D6AEBA2D7EC,0.09689315038974457
CC_8D6E16DED971,0.17910061076605724
CC_8D7329F79BBD,0.47545807340498286
CC_8D7B7307C43F,0.09637350864522609
CC_8D7B9D4936EC,0.736138754726976
CC_8D80B1B44AE1,0.395961380627234
CC_8D9516D61143,0.41618899944401266
CC_8DBB8445786A,0.08979326328274477
CC_8DC5B86D9DCC,0.7505856610783443
CC_8DC6465998DD,0.20203150932184194
CC_8DDD0EDA9CB2,0.1542531720386201
CC_8DDEF0265CB4,0.06433800106275275
CC_8DE06BEB95A1,0.10057695323724061
CC_8DEBB5B14A14,0.15930595995405883
CC_8DF5BE7F759C,0.0677621196257109
CC_8E0ADCC71F85,0.04518071510915961
CC_8E0BD86F6F0E,0.11691573299717278
CC_8E143BFCF3E5,0.11903750948513617
CC_8E170A60D71C,0.3851736173061533
CC_8E1C3A21FAEE,0.11067833447994377
CC_8E408E18F060,0.10362815419150925
CC_8E42FB163DA5,0.8006893451688853
CC_8E47536D29BE,0.26325996423290654
CC_8E50AFFC5BBD,0.0430401103528982
CC_8E5FB1035354,0.16397325322107903
CC_8E7B9B8DD1A3,0.09562432587462248
CC_8E85B08196AF,0.04000335693445817
CC_8E96FC75AE5A,0.07163201714301731
CC_8ECAB5A6C7B9,0.07396399249722513
CC_8ECC4C7A6638,0.5177095796449691
CC_8ED6F13C35F5,0.16228609224482976
CC_8EE5E9467038,0.1645163362877114
CC_8F037E5AE692,0.060209279808869365
CC_8F1A418D96B3,0.29197612644532533
CC_8F1C4014F91A,0.14037845706877228
CC_8F30A5FC9D49,0.09227298579453469
CC_8F3456F298F7,0.24892118822468945
CC_8F393D485C29,0.1503697653772405
CC_8F4A41130110,0.04667126817611148
CC_8F7AA6E4D486,0.12286255944561766
CC_8F887BE25314,0.1703722140687115
CC_8F90CD1A5E00,0.16738980313356353
CC_8F9B26042C4A,0.12411919625083179
CC_8FA9423E65C6,0.12187668161635422
CC_8FBA6C32E0A5,0.270852072266463
CC_8FC1C50C41E7,0.08490334298743142
CC_8FD005425792,0.06883559448150682
CC_8FD6A223135B,0.12686795200375933
CC_9002450E1B5A,0.04228344614770598
CC_901CE62199C7,0.3957604979700373
CC_901D2136E1F9,0.1726291867371901
CC_902648F62345,0.16016084252547397
CC_902BF0612E70,0.16002505856940744
CC_9036F7423277,0.20038549336973524
CC_903AD2767BAE,0.7159214650061398
CC_903E4BA690FA,0.279213864099951
CC_904386E31210,0.05203031751133559
CC_904EA6C846F8,0.4263685264862609
CC_90549DD3CC39,0.1383469155154833
CC_905739E5494F,0.08406924036635954
CC_906F852C69D6,0.6701148034542295
CC_907911F4930A,0.2532544236658203
CC_90798A7273BD,0.1373366529553866
CC_907F3A8AFCFB,0.07805893861068844
CC_907FA7722881,0.11045647470996295
CC_90812D9F30FE,0.08662860645897225
CC_90870A89F310,0.04134158329228688
CC_90894CA021C3,0.6104664557197682
CC_9092C5EBF5F6,0.057766473256004716
CC_90A10D649D9C,0.6904014348373189
CC_90BF8E127519,0.5659917070693443
CC_90DBB385A7F3,0.7026213218130263
CC_90EAD308012B,0.316333691296201
CC_90F4BF0B868D,0.11342760660764088
CC_90FA39516EAF,0.07490677659811323
CC_9117894F31C2,0.20745365840496366
CC_911ED63BB556,0.33660500871005816
CC_912730AE6E8F,0.2871244061260475
CC_912CA7EE4C26,0.1262305482343326
CC_912DA46AAED2,0.08589418453583911
CC_9132E67EA479,0.16116081074442845
CC_913D95FB31E0,0.14807847034342214
CC_91529F20D461,0.7587046577800131
CC_91586318C780,0.041170059683732836
CC_915F2708219D,0.15809042728705136
CC_916CCF9CBC08,0.03257379669841765
CC_916CF77A29CC,0.08614100301474917
CC_9189E4FF82C5,0.14820997555815274
CC_91A27CB6139A,0.1299678358623095
CC_91B7A4A15A37,0.6313109552902791
CC_91C2077BA6D7,0.07691865617696915
CC_91C4CC43EEE5,0.14933639002365495
CC_91C55BE33AC7,0.06196084559389883
CC_91C81BC58B49,0.05352144474291083
CC_91DE12EE18A7,0.3851568983432579
CC_91DED13CDCD9,0.1471453347359694
CC_91EF639761F8,0.1578315730963433
CC_91F23A7E743A,0.32866996233120144
CC_91F4C5E889C7,0.7285763083423744
CC_920E91EB28A7,0.18292880228711653
CC_921481F5F77E,0.10321062640633061
CC_92221DB27176,0.16705743752531307
CC_9224D5677C66,0.09464430888712211
CC_9230B9656F93,0.19974981002760278
CC_9231D0F8A993,0.703814963896991
CC_923727159A8F,0.0477086231196779
CC_9248706729D9,0.045630953182501266
CC_924AEB5DD991,0.21772303780201707
CC_9250BA851692,0.3640298802985822
CC_925BACE3417D,0.0998643560701534
CC_9260CD0D7C0A,0.11466576078545093
CC_9285EB21B38A,0.10675683981143452
CC_92A09F03DAB5,0.7927869085105665
CC_92BC35D7F9CD,0.0903591882630621
CC_92C5FE9E5B12,0.682596115248562
CC_92DC8CF8C902,0.08903078896588972
CC_92E006664648,0.2916334318529893
CC_92E4EFB9F0DD,0.1268578964521161
CC_92E621E0298E,0.1865208764446739
CC_92F412AC7D22,0.07162356308048362
CC_92F42886B7E4,0.19909471044267
CC_9301E23D376D,0.6053659992935058
CC_931133320380,0.2120303374232323
CC_9314B6D8B7F2,0.07886289392369036
CC_9337E3B43211,0.197627826711255
CC_933E044F26DB,0.08726512101219863
CC_934BB89938A3,0.10139202404385239
CC_935296A995DA,0.12835373245352655
CC_935326AF26E2,0.18125208727946143
CC_935B72B8E7F0,0.06225680789047772
CC_936FF3C9BE68,0.04396675611799272
CC_937FFE1718BC,0.03941955777873868
CC_939F92AEE460,0.7926722952439313
CC_93A4365B25CF,0.8029092166318892
CC_93AB9D6A7EFA,0.09610675757103053
CC_93C719738590,0.7995849780799176
CC_93CB48930B37,0.19121361270379836
CC_93D24FAFD21D,0.09800877329378313
CC_93DB5F477493,0.13216744243861053
CC_93E1CAFAD44D,0.07259221762733138
CC_93EC9F853123,0.22319614622555164
CC_93FEAF515A8E,0.053410288145142745
CC_94063A67F136,0.3297012734556203
CC_9406E32819F5,0.06473232979831885
CC_940971CBC1A4,0.16722487721371904
CC_940ADC8DEA3F,0.136013208901077
CC_940C7E8E0C52,0.23605624049014612
CC_941DD2E1DE56,0.16292981397340428
CC_941FC1FD0D55,0.2118089801304377
CC_943B720DB5BB,0.09871501948191341
CC_9440309323A0,0.1495755782321264
CC_944B461BC558,0.06784892150522687
CC_9453654BACE9,0.20176094110682424
CC_945888CEAF10,0.37411674215938484
CC_9458D4A483A8,0.11451266040704405
CC_9464BA7E98B9,0.07200771592184094
CC_94794B478A5C,0.29107156334363754
CC_947E58EFF90A,0.10187326357472266
CC_948537FC17AA,0.7557072146320628
CC_949576D25153,0.07502461337688929
CC_949B8CEAD619,0.08791011203887511
CC_94B4E05906A9,0.14010890720805047
CC_94C3B6F3B0CC,0.14311006446288288
CC_94C3D9D8FBF3,0.6350644783409226
CC_94CD530B2099,0.06978809252028381
CC_94E9D1E527E6,0.03331699795981341
CC_950450C0845E,0.41770789196674796
CC_95169A4360C6,0.05106747243023435
CC_951A69571676,0.05842263464395463
CC_95232636844F,0.23383435407767394
CC_953A5913EDD3,0.16843612178293432
CC_953B678083F9,0.08907672688947814
CC_9541BD0604B6,0.14527132086051464
CC_954404C1BEE6,0.38580961760286303
CC_95444ED71872,0.07715064977488299
CC_9544B86C78A6,0.7257614608347243
CC_954AD7E7C8F1,0.17569639910147788
CC_95525CC6C854,0.14828267738776857
CC_95573B318A91,0.0428953633222255
CC_9569309DC18E,0.08547781288611052
CC_956A2DF28600,0.2013652222488111
CC_957C7A0D7B72,0.33547576530545653
CC_958BECCA0BAB,0.44086402016780685
CC_95A6C4DA2F12,0.58532712398733
CC_95AB75B5BBBB,0.12786783354209463
CC_95C1274DD7DF,0.03207485046253951
CC_95CD8F6A8CBA,0.04174487821324026
CC_95DD4DC604BD,0.17033006295996175
CC_95E1AC08266F,0.11864339981924237
CC_95E3DDCB74EF,0.05578931095327194
CC_9601384AC971,0.41528493420268614
CC_9608A73A8025,0.15884365733475253
CC_961F3BFBDDAC,0.8419209156949694
CC_96206C1277EB,0.2744111466189709
CC_96396AE6347C,0.20792691868342056
CC_96416D2A937F,0.22413621119173543
CC_964C2E0B00C1,0.2024279921026913
CC_9657A2A04BAF,0.2406876726889161
CC_9662D713B7BB,0.20259619668248846
CC_9664F83B7F1D,0.18840323612920085
CC_968AF836D0C4,0.05139028210951296
CC_96A6735A4317,0.07406527019085304
CC_96BC62A4A0AD,0.20074517233204436
CC_96CD75668A6C,0.05025009249835758
CC_96D928252719,0.37467441651807687
CC_96E40BDE9A6C,0.1088318566837978
CC_970116768415,0.21095440259715595
CC_970E94875C2B,0.7597553083455932
CC_9721C8A61D80,0.06990550917674052
CC_972313B0F814,0.16190826298718325
CC_972FD8FFFF63,0.5224907466044739
CC_97478A77EC17,0.17500545418085434
CC_974D14774BD8,0.05740792557873002
CC_974D86BD39FD,0.048611192228583816
CC_97508465AB76,0.11571277285006798
CC_975689C0CD6E,0.06241427418996896
CC_975967702106,0.04689799440231833
CC_975F3F07ED23,0.0542445014561561
CC_976E0D9A64ED,0.37703749426569055
CC_977145B2B363,0.39453640128799694
CC_9772CABFE1D2,0.8040515647374338
CC_9773C1E6AC8B,0.6266541121542952
CC_97832657396B,0.45322822190863354
CC_97963C337FD3,0.5102353527016508
CC_97978B581F20,0.180518451965819
CC_97A9ECF23955,0.19778613589059646
CC_97ACD6D965F3,0.08868244568955583
CC_97C69AF6E34B,0.7206373711084415
CC_97D0E7256861,0.6697750191549675
CC_97DEBFBE2BDE,0.2762461880389382
CC_97ED469F2950,0.11592617363346447
CC_97EE84ABA6BF,0.3219553322705215
CC_9801B22BF375,0.10733209050384473
CC_9803B6D4D780,0.24347405559896068
CC_980E90C8A301,0.10739731525154764
CC_9814B3D08A69,0.08306015587628285
CC_9821BD45BB0D,0.1725968790275661
CC_9829FA0350F7,0.03753273240893362
CC_982CAA309A38,0.17671894701445168
CC_98346EBF382E,0.1570530937742077
CC_986698CCC6AA,0.1357635083192136
CC_988FC580CD50,0.11743152321841084
CC_989795BA3DD2,0.06652029677833281
CC_9897A1DFE807,0.08490603599113758
CC_98A2C8F4E956,0.08423869185905716
CC_98A3E6CDC707,0.13555721447100905
CC_98CE15EE1565,0.07471870927626045
CC_98D036D16215,0.05555474865929219
CC_98D09B14EE3D,0.39897929559926143
CC_98DB782DF852,0.052972624173603516
CC_98E2EA67BC97,0.0787307823672031
CC_98E6E7CF74AF,0.09380830039107554
CC_98EEEB2A83DF,0.6549451278973151
CC_98F3D3194788,0.12857519748914886
CC_98F8A8CF4F9C,0.33292695459227184
CC_98F91BAB57EE,0.14867168277734244
CC_98FA377070FB,0.19364129021407953
CC_9900D0479959,0.3333040387467557
CC_99061A735C6D,0.23406914236940035
CC_99093EC1A2C2,0.1283977456337851
CC_99376CA4DC26,0.04579468356240836
CC_993A588895DA,0.13843211327626895
CC_993EE6417CED,0.08763895851138637
CC_99559319913F,0.04369834714952843
CC_9970123DCC41,0.3053380741956579
CC_998BB6848FDE,0.08259033385858475
CC_99958287B2A9,0.46874245379528917
CC_999BAB2D16FA,0.4206929603692797
CC_999C7029261D,0.74867569489938
CC_99AA61D1896E,0.08099413886972505
CC_99C03E7D99CE,0.049946192903346655
CC_99C62022794F,0.08594707821120498
CC_99D46BE6593A,0.160831256684912
CC_99D5A5371B39,0.14616815646811604
CC_99D79709AD9F,0.7522206041643562
CC_99D7DDAA460A,0.15183609009911428
CC_99FC44B3C58A,0.11706376493631007
CC_9A02B2A17C07,0.09389420674142017
CC_9A05DE55D408,0.18454287399396455
CC_9A0C42AA09BD,0.37600515298760595
CC_9A2B390551F6,0.04914931561791519
CC_9A2D66206BD1,0.5039758041248495
CC_9A366E181FA0,0.15607133671634285
CC_9A39365FA850,0.6473944366743994
CC_9A42833BA860,0.04029936053091571
CC_9A4911A0140F,0.09409769417470236
CC_9A4FE1E8E0C5,0.400387479012148
CC_9A51017C734F,0.33837115728157197
CC_9A5DCCD62D0A,0.35044769481813587
CC_9A602F492510,0.18753286341738423
CC_9A66BDD34B89,0.03662049431784957
CC_9A6AB0AB1E67,0.04908737773715846
CC_9A7049ED5656,0.6185197921170469
CC_9A7AF31828E5,0.11593285210625787
CC_9AA750377C6F,0.12964957150487166
CC_9AB359C82202,0.05073128561341275
CC_9AB7BF77EE83,0.7623061434991187
CC_9ACAC8474B9F,0.024615447087417183
CC_9ACCA4FB9101,0.07220062252854961
CC_9AE1529AF9E0,0.12434567807573027
CC_9AEE181F1156,0.2434235313127831
CC_9AFD130D3725,0.10302692647887064
CC_9B09C3353732,0.09430292599068527
CC_9B0D37817EBB,0.09021557063584842
CC_9B290B59155F,0.41759860557006057
CC_9B2D487C64B0,0.09620970323906529
CC_9B3DEC76ABF7,0.06772363840442211
CC_9B4F778D0A6E,0.17206176478584898
CC_9B581A92C2A3,0.41803828386019076
CC_9B5CA8C38414,0.16539360737778053
CC_9B6E82167593,0.19243564783319145
CC_9B6F6B2BCC05,0.3448370083712156
CC_9B7FC3DA1594,0.3712355198266352
CC_9B957DC280F6,0.17510545973667507
CC_9B997DF20042,0.37447102433715307
CC_9B9BC4B83736,0.08949131714762869
CC_9BBE1A16C04A,0.15101361262914095
CC_9BC63F1A568C,0.26623878583646055
CC_9BCB0166227D,0.2620287777906987
CC_9BD3DC96ACC5,0.13006567689150272
CC_9BDC5A0E43C7,0.4421068897203955
CC_9BF9485A3F9D,0.24989959176565077
CC_9BFE93FF2145,0.23921209995136877
CC_9C0470A0536E,0.2033883736550149
CC_9C205AF09E47,0.5241033883541601
CC_9C30DC5C1E46,0.06562110079301331
CC_9C325B6CAD11,0.04571406735081738
CC_9C4A200D0BFB,0.40767086139718034
CC_9C5EAF238007,0.25292670663840017
CC_9C601C6BBD37,0.06236648734054793
CC_9C606C2C92CC,0.06796719428707218
CC_9C6192D3A16B,0.07600783268221031
CC_9C84FB9B1469,0.07253798099371048
CC_9C989433D637,0.2741979065245091
CC_9C9B2FEB4937,0.1437827843657164
CC_9CA7FBE1DD54,0.11957732979855132
CC_9CACA50F80F2,0.17684224198814316
CC_9CB40D552388,0.06063255584969307
CC_9CB8127D17F0,0.036658897023474094
CC_9CB9CE2989CF,0.7185289494913265
CC_9CCE51CD83ED,0.7866042854533661
CC_9CDD2F3D0BE7,0.0446900149764487
CC_9CDEC693AA99,0.40534001561200655
CC_9CE9091AA9A9,0.21921375953799416
CC_9D007C60D29F,0.06597653137846846
CC_9D017774D4FC,0.6577333739337036
CC_9D095EC1F232,0.2647685525445141
CC_9D1A1281C8FB,0.31103072069466264
CC_9D23F42B7996,0.460728448747229
CC_9D2FBC479646,0.6656544067658039
CC_9D363365CAFD,0.08783858266968635
CC_9D44E4543573,0.181539759436147
CC_9D45F67E3B01,0.08805758246450365
CC_9D535DD207D2,0.0865753938577083
CC_9D53ED53A15A,0.5625180417053739
CC_9D5D97AEE98B,0.5278945354394018
CC_9D5F2A5B6913,0.08907148010669436
CC_9D6BC1C470B0,0.49298173395371414
CC_9D71FBDE765A,0.047310327806479396
CC_9D73939E357F,0.1275352472535339
CC_9D82F401BD88,0.6315456966115468
CC_9D8B4454BE84,0.2590333975054477
CC_9D92537645DB,0.06641027702956304
CC_9D95ADE03ED1,0.2262237573926178
CC_9D98FE7A1809,0.04553030797698744
CC_9D9D59757786,0.0729071660342554
CC_9DAEB38616AC,0.14933187283824134
CC_9DD55CC0E928,0.022750917451328283
CC_9DD6B460CDFB,0.26298176105665627
CC_9DD80B5E3729,0.09165036322483026
CC_9DD82B4310AC,0.4365941379312601
CC_9DD9389E8AE0,0.09897993240124697
CC_9DDA8ACEB3D8,0.08474809693750845
CC_9DDCD898D01D,0.12680133372265845
CC_9DDD90B42A27,0.7982602011966805
CC_9DF1807A4316,0.04018286340015246
CC_9DF786FD2620,0.46028513004103694
CC_9DF7B9B3C8F8,0.08428863285680767
CC_9DFF6E2AC586,0.13805954944741483
CC_9E0546BD7BD6,0.12919784988246955
CC_9E0BE8227931,0.08904725202535882
CC_9E1A205BA261,0.4525775011658336
CC_9E2967559B00,0.060112660753057816
CC_9E323A031449,0.7253288976192322
CC_9E377CC03D51,0.046014128616117464
CC_9E3B83584C12,0.17738162014299985
CC_9E3D46FF5709,0.5665020443754156
CC_9E4FA91B86A9,0.08638448906000845
CC_9E53534DCD6B,0.12225017764373874
CC_9E73656FC8C0,0.7175909697141676
CC_9E7430675033,0.18241679161973193
CC_9E84CACDD7B6,0.3881248315846802
CC_9E84E0E4C5BE,0.29934217909080985
CC_9E9C65275B4C,0.0820980027429668
CC_9E9CB6473D59,0.2355599764723364
CC_9EA4F11BE6C2,0.1588335863645957
CC_9EBE3F26F2FB,0.07114858512964531
CC_9EC23AB6C573,0.3171003159042451
CC_9EC34DDD0E53,0.05421371976905568
CC_9ED8EDFE8C55,0.08438231301198482
CC_9EF352F179D2,0.08313088421588374
CC_9EF505400F8B,0.6620653203306769
CC_9EF66D83B743,0.3174891238367899
CC_9F051572BFE4,0.2438505138995286
CC_9F151A782BAC,0.2294229776061761
CC_9F1A5DF4619C,0.38674284590916147
CC_9F1BF78ECD7A,0.08076901401713969
CC_9F263092AD72,0.16771639853821793
CC_9F36EC36A9E6,0.08357805205611446
CC_9F3D52242888,0.1571753349084331
CC_9F41F312CDBB,0.31580253603194464
CC_9F425167F9ED,0.14629836423741382
CC_9F6981E0009A,0.3126423829881896
CC_9F706DFE0AE7,0.03391866647368876
CC_9F7B525DD52D,0.3366566723960929
CC_9F8D5A5A9DAC,0.1548340425244886
CC_9F8FAE57E6A8,0.13455054479915918
CC_9FD1AB8E65FE,0.049094697836021925
CC_9FD2689202D5,0.13043692330164752
CC_9FDBB5C2CD09,0.04021188053700016
CC_9FE52BD71CA2,0.09538783986824931
CC_9FE8E62EB24D,0.09878651369469582
CC_9FEA59AEA00C,0.27022054130951917
CC_9FEA77B36A29,0.3911908425392644
CC_9FEE9701D16D,0.2520431752029105
CC_9FF35BA60E6E,0.2817621115821965
CC_A0003F08B22E,0.14247987152638145
CC_A00AE2543224,0.060869596067578316
CC_A02A29DECDC6,0.108864453059394
CC_A0336C21117C,0.6524890377199606
CC_A053B42BBE0B,0.07143561531531419
CC_A0591F16FA37,0.03144337141723363
CC_A05F962C80FF,0.16824653046070753
CC_A07B0549E53F,0.06136204547424767
CC_A09F230CCF5D,0.661829422428367
CC_A0AED6346ECD,0.20030393532741764
CC_A0C4A796643F,0.11401847010567162
CC_A0D6DDFB430F,0.06609537377052957
CC_A0DF672F9C4E,0.13774905757763234
CC_A0E8C7C5558A,0.3057514976084763
CC_A0E9269DF22C,0.4866824970366393
CC_A0F1DB5CB28C,0.09778594486048989
CC_A0F42B26F8F0,0.058301880621098354
CC_A0F8F80EDFB0,0.0709567215188352
CC_A10AD9550E4D,0.03247852028500391
CC_A10EB26E5EE1,0.16443809465481748
CC_A111B065F623,0.06392137766278481
CC_A113D95B4AB2,0.14803800291179733
CC_A1320C0F0129,0.727118384144221
CC_A1348D850EFD,0.7735619370437568
CC_A13D08B372E8,0.06090301525817992
CC_A143E64BD9D6,0.32983066093900715
CC_A14B0A24DC3C,0.11259823882026579
CC_A15137F25F7C,0.07980458540558166
CC_A152DBEC5BE7,0.0571608037952302
CC_A1591CFF6D81,0.04396441528677684
CC_A168CCB582C6,0.3537796142577567
CC_A17DC38133CE,0.7731181860983899
CC_A185D5EA3DE8,0.6462142317474348
CC_A19C842508E0,0.1286781641066236
CC_A1B648DA406D,0.029377393117053195
CC_A1BF7028CAA8,0.024639862613942947
CC_A1D035FA36E1,0.0796624415667293
CC_A1DD653D41A7,0.09547042742341608
CC_A1E3AD4B934C,0.3053827032601205
CC_A1E58421CE87,0.045779099173586905
CC_A219144EDEFE,0.05376224724342725
CC_A21FCEEBB3C3,0.43352589487657556
CC_A220E4278D79,0.04464045179577245
CC_A2231BDC961C,0.24700267662314654
CC_A234E219EFC7,0.3179553779159271
CC_A239B1BD81FF,0.064672872899416
CC_A23D8CFFA31F,0.08407324078890863
CC_A23F463F4B4D,0.042193020768617286
CC_A23FFDC4A7A4,0.09373203588407408
CC_A2423E273F84,0.10439119729035987
CC_A2493E6036AD,0.313695010854017
CC_A25C54470CED,0.0899579506212807
CC_A25FA690BBBC,0.12437807784694813
CC_A2636CF7C075,0.10436742309125785
CC_A26C22870E3D,0.45867765906249575
CC_A26F6A272B3F,0.13895862790265756
CC_A27CDC9BCBAA,0.18253805167152545
CC_A27E5269DA60,0.18994391919096137
CC_A28D4A46B6FA,0.10946440956375644
CC_A28EB319030E,0.04829683758435058
CC_A294D3A59462,0.7900110088234997
CC_A29D8034C304,0.05683004698691037
CC_A2A109409963,0.05169693988299326
CC_A2A4FA5F9962,0.12122331925837396
CC_A2A7E30C59D0,0.15231330374048024
CC_A2B5D2D4E269,0.525125710926859
CC_A2BB24180208,0.28751942103520745
CC_A2CF1DFEFE46,0.470561428102194
CC_A2D6090EA5B8,0.15601299069835545
CC_A300BC40BC9D,0.045234700389857135
CC_A3212501F639,0.192408334920383
CC_A3278A566572,0.06140676279988571
CC_A327EBE4F783,0.1834586873127123
CC_A32FB6659B01,0.07872182365129737
CC_A33915EE72B6,0.2314398381474448
CC_A33D350BE79E,0.1777509063123099
CC_A3553B8AA8F6,0.10184890068674601
CC_A36EB077BF3C,0.02732114018656374
CC_A3753EB66DEC,0.11690083914271596
CC_A378342AC9BB,0.15802066235751422
CC_A379E9455C60,0.16172328392624358
CC_A387ADBD7249,0.10513044355218923
CC_A39E961FC29F,0.15226879281584257
CC_A39FA1EF0B16,0.2820027265709008
CC_A3A4E39FB04D,0.16175290489017924
CC_A3A751BE68D2,0.03782491883752448
CC_A3ABB3C5E9D5,0.6507749776917813
CC_A3AF9C2C68F1,0.1889226663586704
CC_A3BEA14873AD,0.13368638411022188
CC_A3C2FEE13C37,0.14545041572858075
CC_A3D6435D5F17,0.17767359388825205
CC_A3E3E51AD0E7,0.04968344830720815
CC_A40566694D53,0.23550312576535398
CC_A410C0DC7125,0.044738156209182776
CC_A42168D2B94B,0.08567135938875367
CC_A43CED9AFEF5,0.4302670572605344
CC_A4475A788D13,0.12742914618572232
CC_A44D677C0C07,0.045604918329138336
CC_A44E2673E71E,0.04304142410223155
CC_A44E79A96425,0.34157464982816366
CC_A462CA147DB9,0.12145982994191755
CC_A4660E424386,0.21009376911940103
CC_A476C9F116F6,0.1641251267434976
CC_A47C83B6EE2B,0.15210074170156337
CC_A47F8594678C,0.2707907972994167
CC_A48A7592F96A,0.0573360498153896
CC_A49195E659EE,0.0655057536370385
CC_A498A936AD21,0.11109940089609535
CC_A4BE6692361C,0.6129989423424314
CC_A4BF2115580C,0.06240808363857321
CC_A4CACCD14A0E,0.11347224928086982
CC_A4CE57A1AB74,0.07543737447397707
CC_A4DE4F1B5F93,0.19623135404257547
CC_A4E300558DAB,0.06384494504016487
CC_A4E972915D89,0.7438012480925809
CC_A4EEA04CF3D0,0.2124905911450383
CC_A4F400E9A0ED,0.053248913627735636
CC_A4F550D7F95B,0.1996502044499045
CC_A4FB91B1BF31,0.15644693586406835
CC_A500C1ED0A33,0.19468160560036735
CC_A50471962A96,0.6929604558292017
CC_A5161D8AA57D,0.11591164133261576
CC_A519C84307D2,0.08061717564440812
CC_A5277A9BE02B,0.7081014039821221
CC_A53578FCEA71,0.12526958583566816
CC_A54EAD1CCE27,0.1377829470032973
CC_A5512DA239BF,0.1528143722304676
CC_A5545DF298BE,0.06614322787977045
CC_A556EEF3010C,0.44318222422292075
CC_A56756C65136,0.3270201022552856
CC_A5852E06D2D5,0.2550601969986581
CC_A5886994671C,0.15992814689322882
CC_A594D8B41A99,0.0576804689070325
CC_A59C6A6B71C3,0.06961172909064553
CC_A5A06987AF5C,0.1969747151014698
CC_A5A1512FEEFD,0.17588050077701423
CC_A5ACE4284283,0.1608079313219143
CC_A5B10F07BCD5,0.11263627990423702
CC_A5BC9ACDB4CD,0.07642990326078072
CC_A5BF8B260922,0.43883017263986784
CC_A5C52379AE06,0.29419289901795526
CC_A5DD4441568D,0.03132286923119515
CC_A5FE3BE2949D,0.04156475252890073
CC_A60EF94F09C4,0.3450724169948797
CC_A628BE74CB45,0.14116462059654633
CC_A6292E9B43AD,0.06423788580618459
CC_A638610BF8F8,0.10649909834383382
CC_A63BBA86CE9A,0.317392549156686
CC_A63BDDAC43CB,0.06864000048898966
CC_A6409E37A735,0.13121763234735526
CC_A655EC341406,0.1492086231472513
CC_A6562E47BFC7,0.20756397246854275
CC_A6563A22D668,0.7145639543294742
CC_A6601278C1BD,0.08763068621966197
CC_A683678AC9FC,0.37590766198582654
CC_A6864FE80A94,0.07490258378324367
CC_A69117CC3C24,0.13820359953738204
CC_A69928C7D217,0.20008332398731465
CC_A6A8BAF7124A,0.3063385546373045
CC_A6B7DFC69AAE,0.5815516765622903
CC_A6BB595B55AA,0.06471247804747846
CC_A6C5284C4586,0.11533102810759614
CC_A6CB0D0191D3,0.08932698300382855
CC_A6FA3FA9F0FB,0.11053337826951808
CC_A6FDADD23BD7,0.03988471718566805
CC_A6FE3938F001,0.19542841353895826
CC_A71DB65F0BBA,0.6151254220492084
CC_A730F4964FD4,0.11829568788195921
CC_A73C02C58DDA,0.1118379507659871
CC_A746BC2289C7,0.277810205101587
CC_A766C3608214,0.11383127745451557
CC_A76F48111A8D,0.12745316337914347
CC_A77AEC8AD2D1,0.02596120910947132
CC_A781174166B3,0.18797083729782885
CC_A79024286DFF,0.06440423777562325
CC_A792720B875E,0.09450443898315727
CC_A7952C2BC5B6,0.07880911102961816
CC_A7954EE1A1C4,0.05079640766066715
CC_A7991E6B3CAD,0.22577459855495877
CC_A7B141DF4AAF,0.0659848379027303
CC_A7BE2CED0B93,0.050895049825182864
CC_A7CF446093DD,0.26364032813513083
CC_A7D1C6692090,0.09418583121858809
CC_A7D6CAB54328,0.4579577402258293
CC_A7D8D1DA4EA6,0.10397646204221349
CC_A8102BA6933F,0.0545063576764511
CC_A81C1EDC5FE0,0.09048906603560822
CC_A82C0FDDC303,0.24857869591746753
CC_A83F92C0CABC,0.15129252668789805
CC_A849B0F60EEC,0.05743107771906311
CC_A852AAB180D7,0.04660563203791632
CC_A8536626873D,0.18576464872518708
CC_A85F953FFD40,0.34850876313373386
CC_A865A3F1E28A,0.6743969088545977
CC_A867253FC73C,0.7383988125884071
CC_A877592FE1AF,0.06494279351406787
CC_A8AE26057851,0.17845964510243426
CC_A8D50530622B,0.1551363765795145
CC_A8D5C834B061,0.7290517146973869
CC_A8DF49EED27D,0.7933660021149308
CC_A8FB53A944AA,0.10061167621982511
CC_A8FF19BCFB18,0.162567870599734
CC_A9042AA97760,0.0630790751951585
CC_A917D68B7F33,0.05547630911357387
CC_A925B3023F01,0.15217169530406113
CC_A93A49678A0E,0.6924244921716359
CC_A944C14551E0,0.1243547374485992
CC_A949A4D6CFDF,0.029113116564203116
CC_A96085AAACBB,0.4247389377614674
CC_A968E7B519AC,0.5342867749339685
CC_A96F61DA3920,0.25923380831397524
CC_A98AA461487F,0.04789020581714491
CC_A98DE37F48B1,0.02815611897683388
CC_A99526CAE7B8,0.09531614459886412
CC_A9997F50D935,0.1172130110990231
CC_A99C3B09B728,0.06250866770290933
CC_A9A0DADE60F5,0.2654052574059342
CC_A9E27E0F8BF7,0.112901267374934
CC_AA06B8C44B08,0.5765157375607736
CC_AA078692F54D,0.048348635029644954
CC_AA3181148667,0.11831819442948109
CC_AA36C8AD0AD4,0.10632016537129457
CC_AA36F0397FF6,0.08976309922561035
CC_AA3A8989A632,0.654076199154147
CC_AA4A1B7522D9,0.0919444473415959
CC_AA4AE0378324,0.23017182094832322
CC_AA5E4D5A692F,0.15309571484593404
CC_AA68EABEE4B1,0.07923321813901024
CC_AA6B5A7A5B67,0.10621130396025152
CC_AA6BD423C239,0.39591282891617186
CC_AA7074B42A4C,0.5343473643457627
CC_AA7A7F3159DC,0.09845484801939014
CC_AA7BDEB972E4,0.101629151549825
CC_AA83426311A1,0.07960972567267804
CC_AA8F7D307212,0.15018065836071195
CC_AA994120654B,0.07060951171218602
CC_AA99CC1D0A77,0.10726729788957722
CC_AA9DF917E958,0.14528176347803373
CC_AA9FC6678135,0.3321380168238326
CC_AAA47EC0D4CE,0.07544022297511763
CC_AAD9F600283C,0.10493044283633082
CC_AADF003A3927,0.06959391561603462
CC_AAECFE806C8D,0.23677909349371545
CC_AAF2022B9CD1,0.23094873733061405
CC_AAF445E4CCF4,0.06655158283117182
CC_AAFDCAA5CA06,0.6558254857598116
CC_AB0384E131D8,0.1839046196386909
CC_AB0A4F4A2968,0.20817392379570648
CC_AB108580856A,0.08937314601189836
CC_AB10FED15FC0,0.8136476064004332
CC_AB176233A184,0.0675560799134183
CC_AB250982887C,0.11646393757959386
CC_AB25C565EA6F,0.08961966004403038
CC_AB31BDAE74E0,0.23599403273108577
CC_AB38A76F5698,0.37317086707571223
CC_AB38F588BDD4,0.17168206437113304
CC_AB3DB55C9A2E,0.17083544736866813
CC_AB42A7DA8FAE,0.1735108752023476
CC_AB486E8855F7,0.10796046434826406
CC_AB4A79BF0F21,0.03989698764025998
CC_AB7472FE1C8B,0.04739345864190689
CC_AB78F64D1DA0,0.12569421571865982
CC_AB821E2FB031,0.05394753673614322
CC_AB873276D910,0.05108806535784305
CC_AB8CF3C05B61,0.11049305144799831
CC_AB8DD8448ABE,0.3488230160328414
CC_AB953366A38C,0.10971263286594207
CC_ABB193697B23,0.6211970847789151
CC_ABB3F0A040BD,0.12384945891634232
CC_ABB618AD3E52,0.2128978115977576
CC_ABC0DA7DAFA5,0.04316319373549737
CC_ABC49E43DF40,0.6091570270164598
CC_ABD89F61734F,0.11040339661526984
CC_ABE04CDC2866,0.6015472147305514
CC_ABE98746DB91,0.5415522219429694
CC_ABFDF22BBD97,0.06702208792061155
CC_AC0498A54CAD,0.22143409594922234
CC_AC1C23EA2767,0.3133392613132012
CC_AC1E028B2A1A,0.10099442013572343
CC_AC255B902EEB,0.14923198652661118
CC_AC44A88F7869,0.07926844587054632
CC_AC51CBCACA63,0.10234243262720047
CC_AC723E5F5EFA,0.04181637555659723
CC_AC7994A5FDC4,0.12060056966735697
CC_AC7EFDBCF2E8,0.7255711058474557
CC_AC8A45716CD8,0.1349899469075469
CC_AC8FB78319A0,0.033106584623754126
CC_AC95C517E726,0.08677084199054913
CC_ACA4C6C9316D,0.05441632220244132
CC_ACAD97A186F4,0.08561982134273968
CC_ACC12168D6A9,0.15804439283575888
CC_ACC53294D3A0,0.09967736773351164
CC_ACC6A74A8BEC,0.07689478816620784
CC_ACD94D2B1200,0.0610934726494965
CC_ACD988315902,0.041271191372905816
CC_ACDA59536C9B,0.1349492106506221
CC_ACE5A4081F6E,0.16738496797546848
CC_ACF4F9A2CCFC,0.184652562114199
CC_AD0D7D212968,0.30596002825887814
CC_AD131D09EB0F,0.10798342490813215
CC_AD13C87CF26E,0.1907019043804541
CC_AD2050A0C79D,0.2082193373374335
CC_AD276D71D3A7,0.298720797364825
CC_AD2C54521FE4,0.2045293260427003
CC_AD2E59624FEC,0.4146755351004556
CC_AD3A36AF2840,0.27387082054897705
CC_AD3D286D0B68,0.17747007992580788
CC_AD46818E459F,0.6406716164869258
CC_AD4BB2E22EA9,0.2001129912614423
CC_AD4F7F88242F,0.3030824694740988
CC_AD58ADCD54CE,0.697124430354269
CC_AD71619FA389,0.11665880275079071
CC_AD84592B950B,0.07416767683853183
CC_AD9898C0E8D2,0.1300319153875114
CC_ADC70A21D661,0.29054178106079387
CC_ADCF16189AF2,0.2270253893376592
CC_ADD894E6E4F4,0.34511476329344204
CC_ADE899835555,0.1376052427237888
CC_AE0D73A1EE19,0.3911291749544996
CC_AE0F08EA3935,0.1957472947541191
CC_AE23B59E6FC8,0.30366046246442363
CC_AE289E013D60,0.0877075871286375
CC_AE34D3F7F224,0.7372639663912228
CC_AE4069D8B4F6,0.1862906685509818
CC_AE4896E2BE76,0.7485466611767326
CC_AE51DCFE0671,0.06679857551035974
CC_AE69FEA8DA68,0.1613169255657849
CC_AE7C129CC90F,0.24088501327051864
CC_AE7CD49F20AB,0.17683715835161773
CC_AE89526E0335,0.18909781634937775
CC_AE8D62CF30C0,0.09781710068875274
CC_AE8D9CE8D6FE,0.04123267205952051
CC_AEB019CB9065,0.18244042798425464
CC_AED1D50AF584,0.08836450300661843
CC_AEE546316FB0,0.2290329400036574
CC_AEE5FA00FA6C,0.42476209520376107
CC_AEEC765D157B,0.03955402813862659
CC_AEEE44D6C8A4,0.02554605700131327
CC_AF14FF3EF570,0.31141642636648614
CC_AF1C3ACBA6B2,0.132925254050359
CC_AF1E911C98B6,0.3044487743698549
CC_AF337F410520,0.08065383500138301
CC_AF3C7BC3BA40,0.10135653505090994
CC_AF41E4075C87,0.19305090313166073
CC_AF6B4405276D,0.7166224152932397
CC_AF78FE0BDBEE,0.09367946895995416
CC_AF8238D9082F,0.04100969511993264
CC_AF8CA6EE53C3,0.06425829763554017
CC_AF9AFA7C49A8,0.1108360763270963
CC_AFA1E3D3C685,0.17999677107381973
CC_AFA680030CB4,0.6249297231634211
CC_AFB351270B8B,0.04046025388647592
CC_AFC405AE0029,0.07554375084967319
CC_AFF90422E4FC,0.3828573646414186
CC_AFFBE2744B87,0.7720876591026549
CC_B0043CA53FCE,0.08730795231808106
CC_B01B2BD4EFD7,0.24751577815128067
CC_B01E87EB9940,0.13423692776920684
CC_B0273E66E2A5,0.15788816420314752
CC_B03E98085A9F,0.06948010874271202
CC_B0420D8C42DC,0.490729273307313
CC_B0497BEB9F6B,0.1468917360165221
CC_B04A5E60B69D,0.08656110698818649
CC_B04D5517A193,0.12318021836888633
CC_B05FF3A960A0,0.24284928490419144
CC_B06A532EC131,0.25483566318608786
CC_B06D33A6761F,0.16964046949048417
CC_B074D4472CE4,0.04298536346757731
CC_B07CE95BCD88,0.3165301340547496
CC_B07D79368225,0.1189049578937249
CC_B07DD1ABABCE,0.7377221214931362
CC_B086C2D77820,0.1645515672800842
CC_B088DE9C9E3B,0.24354989641112793
CC_B0CD7932067B,0.10827988337976974
CC_B0CF90073A5E,0.6494606228473938
CC_B0D397D86639,0.6368035961322077
CC_B0EF4FD19FEA,0.09515156338605332
CC_B0F2F9514AA3,0.0850378957198011
CC_B0F3B79F51C8,0.15592067999787695
CC_B0F4041B1C76,0.03061422100457386
CC_B10FE31C61D5,0.10665454619969574
CC_B114E8F19D65,0.14313579731250897
CC_B117F0E3CAAE,0.14422354432085088
CC_B11D58F331A9,0.04080667969488928
CC_B1262188BC41,0.0984401622739403
CC_B12FFB2FF21F,0.07650544039193014
CC_B13253F34A9F,0.03775343819112187
CC_B137E2BBB53B,0.0801042831783276
CC_B13FEA7CDB99,0.08174488984240777
CC_B1481ED21111,0.0385851303577386
CC_B15BE5C9976A,0.23934722359252145
CC_B15EB6933578,0.08933012470321498
CC_B163CCB3BE4D,0.12496991735382271
CC_B16DC354FD71,0.388209601918168
CC_B1777349EB15,0.15745593131156432
CC_B17C6CE0231F,0.24796278106971767
CC_B17CA8C22E5C,0.13172896461587197
CC_B18F3C9C30E4,0.1577672578513855
CC_B19CD93DDC96,0.06063965663088006
CC_B1A647674B84,0.1011354043941986
CC_B1AEC2E5E33B,0.245016564575411
CC_B1B5C81AC0A6,0.06133157660325756
CC_B1B932EFD646,0.1419070343933538
CC_B1C3C0B52B88,0.28251737384305614
CC_B1C7216344F3,0.06891816980689237
CC_B1C982DBBD12,0.2980737765795311
CC_B1D81F8197B3,0.3387408107215098
CC_B1DF1DCBDC7E,0.5607822083331089
CC_B1E2C36607CB,0.0697338505257837
CC_B21351C93D8C,0.1412426976674192
CC_B2174860AB11,0.7237067531151675
CC_B235818E6A04,0.21458605643293882
CC_B23CDE30F00B,0.07364592327206809
CC_B23DE4971DF0,0.44476651384908955
CC_B23ECF574D8E,0.06328704675976093
CC_B24C41DDFBDA,0.23634647119831506
CC_B25EC73B9510,0.1411065308781847
CC_B25F69904D0F,0.08519757070628739
CC_B25FB6C11D05,0.690449401889656
CC_B264F2B92259,0.583371438309468
CC_B26B8FC23F1B,0.0645386685471016
CC_B272E29922B5,0.13643684122991454
CC_B27AA8E27BE7,0.11905643242927616
CC_B2A68FD3C236,0.1114400334593427
CC_B2AC50C00979,0.09596965506449925
CC_B2B16D7B821C,0.21358285988182052
CC_B2B32F1511E4,0.1467754521943849
CC_B2C241A93527,0.06938993097598756
CC_B2CB104FED6B,0.6588494599593665
CC_B2D352013F92,0.10530514975421551
CC_B2DF694BAB08,0.09990736150707147
CC_B2E993A9343F,0.21969644647538994
CC_B2EF61C93AB6,0.14316025867581
CC_B2F94405EA89,0.1098474451276546
CC_B2FC07BF6251,0.05257902376433686
CC_B301A65B4164,0.11258153614262997
CC_B313E3A208A2,0.22258213954578826
CC_B318FF5D976D,0.12772256114475397
CC_B32AEF0A2299,0.05288975657635904
CC_B33BD3C618EA,0.06863369568755723
CC_B348627365A2,0.12834136833069018
CC_B35109450BDD,0.04542701853145338
CC_B3528B870544,0.10095806593291684
CC_B3530E7CF8F5,0.11983604125168573
CC_B35C5B1DB9C1,0.06914224907811715
CC_B35FF59389D4,0.18763539833400367
CC_B3812C6700F2,0.6656937921999319
CC_B38280B483B8,0.12486741720476649
CC_B38B694A18EF,0.49753298780841004
CC_B392BDECD913,0.3458930256309434
CC_B398DF1ABAD4,0.04828228904620781
CC_B39E75E151A1,0.1149418895104927
CC_B39FD0E249E8,0.04553823531338158
CC_B3AA0891CA5E,0.400484983304082
CC_B3B1C8EBE5C1,0.1288050683192088
CC_B3BBA28E2D39,0.4609818106649258
CC_B3C4DB0303A7,0.11146904809463648
CC_B3D32FE823B2,0.03212179397782823
CC_B3DA429C6C8F,0.09062675331971626
CC_B3DC5786AB0F,0.19926848150351514
CC_B3EA537531A3,0.16878911680492703
CC_B4096D3A38CE,0.04538026999721774
CC_B41EADCCC95F,0.05767083326038418
CC_B421940B9A48,0.6409197819370076
CC_B42B3B83935C,0.8177361776098833
CC_B436B1CA6B2F,0.05475839773943725
CC_B439B06AF274,0.2884562080765439
CC_B4482E7879F4,0.07129586650320985
CC_B4660022C612,0.10929716656294632
CC_B46B899B4A63,0.1546705608921461
CC_B470280A580D,0.14412695056342295
CC_B471D3BF0C72,0.553984166068278
CC_B4751DEE43CD,0.1700529395072118
CC_B482C254BAA5,0.048889715545098994
CC_B4889D036D3C,0.7026572683223986
CC_B4950F811C90,0.13102252919670837
CC_B49A6DE7A340,0.32582380857901116
CC_B49CD4C13DE8,0.35790257134214576
CC_B4A90370CA96,0.48894952326744834
CC_B4ADE6BC8A10,0.6870051302498648
CC_B4B6F805888C,0.03551248830401234
CC_B4B8F66BF4ED,0.6738186078543812
CC_B4C6F80DEE44,0.038376528454507036
CC_B4CCE78C09EE,0.14608272568120245
CC_B4D68D1C1C55,0.17514535596372272
CC_B4DAED63089A,0.1547952754609202
CC_B4DD9841E6FD,0.24392561432918547
CC_B4EF6743DDCF,0.0757387366264677
CC_B4F67F73D097,0.09852619462832282
CC_B50EB15EBA18,0.10326238138637436
CC_B51DCAAF4549,0.15630822217969648
CC_B51DFF8702D0,0.5188347170725847
CC_B520A001BF69,0.1006418443947433
CC_B529919BF24E,0.6525813806517946
CC_B542342650A1,0.10026909346958293
CC_B54A106E91E4,0.061377956235656006
CC_B54CFFC21F2B,0.1261494899954606
CC_B55C134C04A5,0.22214292070273256
CC_B55C2DBF6D3C,0.20348685991427443
CC_B569705352B4,0.1112432957175071
CC_B56E74A967C3,0.04846480849363591
CC_B57519F33EEF,0.05549768450667062
CC_B582E4405D85,0.08556431085341806
CC_B585A11F7BA7,0.13898593590270064
CC_B59726D36AEF,0.22833290479171944
CC_B5995E4F1A21,0.12722117713365705
CC_B5AC2AAF871B,0.7420979109779478
CC_B5AD19125E1B,0.21779813967250505
CC_B5B1E42858AC,0.05953020005255783
CC_B5B7599E8BC6,0.06209158886566004
CC_B5CAE0595637,0.1928926806221684
CC_B5D49843A799,0.34653294243001326
CC_B5DDFC7AEE78,0.1038561677214562
CC_B5E29344F63C,0.1902572217330742
CC_B5EE5AE6378A,0.5172096544042113
CC_B5F2A93AD996,0.09570413227196319
CC_B5F611613A78,0.06790860813191132
CC_B6055039255A,0.7563334456745526
CC_B607B2B0AFB7,0.05509207172013085
CC_B60CFD0F39F9,0.07554705597323565
CC_B620087B1C52,0.3966614431577903
CC_B6203BBBD151,0.10620308668236036
CC_B622662E664A,0.16478143289838626
CC_B62C9A2BC846,0.1603156349334373
CC_B636210548E5,0.330340863111241
CC_B642C6714501,0.06082720831653042
CC_B64F81B8A263,0.143506695700731
CC_B65CA581B9BD,0.1440411842534745
CC_B65D1B9B6F67,0.11901111017985097
CC_B661A8FCA431,0.055741582090038086
CC_B66AC40957D6,0.13619178938749704
CC_B672B35D1162,0.7040016183527722
CC_B68379D197F6,0.10757954684594741
CC_B6923D10FDA2,0.14383119326453395
CC_B69CC776BBE6,0.2445212424739798
CC_B69E50D76B29,0.10545741559317695
CC_B69EAA8C296F,0.22290115456591625
CC_B69F7CB8CDA0,0.0941979254112737
CC_B6B4AD157354,0.15930182941993087
CC_B6BD764CB8B9,0.20850831082531202
CC_B6BEC3F4BE91,0.14945180601842822
CC_B6C13F4A610D,0.3111435693868982
CC_B6C1C3B5766B,0.10619225614941528
CC_B6C72241926C,0.1606479795470624
CC_B6CB40E245D7,0.5949145506172961
CC_B6EE58A108C5,0.06931625362815658
CC_B706F631F5BA,0.0402019054346572
CC_B71DC1206985,0.1551858202390564
CC_B72284CED807,0.19313027206350544
CC_B727865A5B5F,0.6565130560402715
CC_B72FD7EFA6BD,0.19782617940828517
CC_B7365B5A3392,0.7695031090127071
CC_B73820D308C9,0.12192967568576371
CC_B743560D847F,0.09035767933654279
CC_B76EF26F7C9A,0.3074251002095051
CC_B7764FC130E8,0.4683382269102447
CC_B77B73B95532,0.1515983986534299
CC_B77D6653C7D4,0.04079105877507812
CC_B77DA6B77DEB,0.2734775067209038
CC_B783AE19622D,0.16542353769753065
CC_B78761738CAF,0.020877444808257817
CC_B787BA135B5D,0.3960691307374445
CC_B78B4449EA19,0.1348849921575761
CC_B78B4B7F80B5,0.22561416301153264
CC_B78BEE888CA6,0.07555150972273701
CC_B791FEE1CF37,0.03301665655675589
CC_B79A58AA4441,0.10013012696750627
CC_B79BEC538198,0.11411404456724526
CC_B79DD53178D3,0.07446095936910097
CC_B7A7EFD85149,0.19022503444283445
CC_B7B5F2A15C41,0.11798749462757152
CC_B7BC46A7D4DF,0.0960929414186342
CC_B7CBC65D9AF9,0.5090996342691821
CC_B7D40C5C891F,0.09472440770686297
CC_B7D4337C4797,0.33999989376590795
CC_B7DA04826165,0.3247893222056467
CC_B7DC19DA1440,0.142337518982311
CC_B829EC622F0D,0.5619501341956868
CC_B82B9C0C7B85,0.6145023117586212
CC_B82C55DEE5E6,0.3126505527313714
CC_B8475B977AD2,0.6984513968130488
CC_B84BD2F4EB01,0.21279435214481637
CC_B86DA7D69F20,0.04466998814072937
CC_B87989F406EB,0.18002937628808277
CC_B88B702183E7,0.03151093232465633
CC_B89B80945ADE,0.2082881214979017
CC_B8A3A44BFE8A,0.44702969351063915
CC_B8A7A6548AE6,0.1983246212009374
CC_B8A8FB83065B,0.17032803362564736
CC_B8AAC20D626E,0.18841001034525892
CC_B8AC99873641,0.06397442001936843
CC_B8C9673B7834,0.08357741891352496
CC_B8D5FEB15CC8,0.07206364804223186
CC_B8DA64A33076,0.532538317381601
CC_B8E912A01706,0.623791286853333
CC_B90869280808,0.14889318938401652
CC_B908EC99951B,0.27553180521846254
CC_B90CBF2A6775,0.058084009609093386
CC_B91080C1ADA5,0.370627713818244
CC_B918FB42AFD2,0.17860658209854965
CC_B92CA425080F,0.1253699378959524
CC_B937F632B71D,0.18255877823299047
CC_B94477C20476,0.39378758875890596
CC_B9483A5C922C,0.13772372247945527
CC_B954EC1C63B5,0.38853465851758884
CC_B95580F93537,0.05138383431584833
CC_B96086044329,0.07506465827014917
CC_B96EB0A91589,0.19731529721546281
CC_B98357C70A41,0.6295338486148032
CC_B9929A66C2FD,0.6617872053268511
CC_B9BB52E4C529,0.11101104819570654
CC_B9BD45744855,0.7731838047110948
CC_B9BFDE4662AE,0.11917198316152618
CC_B9CEAF324145,0.03076674580114953
CC_B9E89F42B509,0.21772616162712588
CC_B9E8A3887223,0.20986768825095012
CC_B9FC67268C45,0.2176031732479481
CC_B9FE9DFEB3DC,0.11074978137903108
CC_BA041E14DD98,0.06813383468478806
CC_BA0619F54427,0.11471231452386374
CC_BA15072C4EC2,0.26251843344375475
CC_BA183CDC5429,0.8108007427484619
CC_BA43646012D2,0.39081793706849266
CC_BA4F7E494E71,0.48873335451537264
CC_BA557F75E2DD,0.1943817862453402
CC_BA740903CBDF,0.1371818624850269
CC_BA77722A827A,0.5190026648356665
CC_BA78E47BB021,0.23325907195216433
CC_BA8C427054F4,0.039881752880421395
CC_BAA19F8D2563,0.09918528146307307
CC_BAA1BBFF8C6C,0.28440743833683435
CC_BABA44B5FB12,0.09046113457926319
CC_BAC25BCCEAD2,0.06681021896124563
CC_BAC74D0014D3,0.47420831609454234
CC_BAD99E36CC71,0.22681535219027132
CC_BADE7EB1D16D,0.7721978377461225
CC_BAE7410803AC,0.17132895877791698
CC_BAEBBF8054FB,0.11856138337411716
CC_BB054686B6F2,0.04167848166442982
CC_BB05D9DF72BD,0.060197492290696764
CC_BB0D54068D07,0.7985659412753559
CC_BB15DE5E0DA0,0.7273539584713278
CC_BB1A57AA813F,0.13783035020703716
CC_BB1CABE261EB,0.1712054049172767
CC_BB2BC46FCF61,0.24130705637478217
CC_BB2E5437EE04,0.04751384270210733
CC_BB2EF1FF6131,0.09582443648365788
CC_BB2F56C6BF57,0.10988974674444701
CC_BB35CEC5314E,0.09600675389357718
CC_BB39E3597B61,0.04438298957652644
CC_BB3A9EECD51E,0.08019294746970292
CC_BB44CDEE5103,0.19536258979139076
CC_BB458116ABA4,0.3617605174253652
CC_BB5F6936F6FE,0.19490862525146407
CC_BB666F8A551E,0.07380788108004788
CC_BB7355E735D2,0.11732595771902435
CC_BB8A2F186D6A,0.04259381279883498
CC_BB9FDED12C65,0.6851214660047384
CC_BBA8C316C8F8,0.07061875292006364
CC_BBADC7DC73EA,0.19807033366229926
CC_BBAEA7980B09,0.4229110559600715
CC_BBBA078A6429,0.7511817177821187
CC_BBBFC3EC2C72,0.3873963352552538
CC_BBD34B3225EE,0.030652375477777695
CC_BBE6C58C59A4,0.4195543545369406
CC_BBEBBE1E226D,0.11485766240649758
CC_BBED56D34D38,0.11755554323366252
CC_BC0244FBDAF6,0.1801291430740924
CC_BC099E880236,0.16567257637187488
CC_BC0F05C89E25,0.11369697717401336
CC_BC1BD06C1085,0.12340798558816911
CC_BC21E8824A34,0.43642649600212613
CC_BC23655B2BF4,0.052501195432551516
CC_BC24F9024F49,0.05282850536754793
CC_BC2A58939715,0.09846908606561347
CC_BC2B90F226E0,0.21655639980309294
CC_BC31382964E4,0.053612064339068524
CC_BC31DA3EAFFF,0.13373024227994598
CC_BC3A6CF6FD16,0.1216340705905498
CC_BC410BDD9ED8,0.25236264774647454
CC_BC458960887E,0.13049066343225912
CC_BC484C329704,0.15103767439814042
CC_BC4D6D6D4553,0.33439586714423764
CC_BC5A59D88AFC,0.09506172658333424
CC_BC736DA19A00,0.17955936516355886
CC_BC7B9D13978F,0.15772750091170928
CC_BC84BF34D69E,0.26686735708142356
CC_BC95D473C9CE,0.17072397784924703
CC_BC96FC9DCFE7,0.11985541167345515
CC_BCA0D6159C23,0.19864796310004718
CC_BCAE73132BA2,0.08607285356581271
CC_BCBBF055366F,0.044422011676931564
CC_BCC94F494979,0.08051794808902794
CC_BCF75F8B9A5D,0.11433465601806113
CC_BD10F4F15094,0.08682066806846028
CC_BD1A2052ACD5,0.7999163381525838
CC_BD217C39702F,0.3611562032902296
CC_BD2A9D4B9FAA,0.2248029797497147
CC_BD3EDD1630E8,0.05811949933266865
CC_BD4AAFE9EFEE,0.06079012386556183
CC_BD59D1252975,0.10656722094345956
CC_BD607BE97C17,0.09232500654541662
CC_BD889F165227,0.10206783534786752
CC_BD900B6BCF65,0.15583251784794575
CC_BD9967660461,0.4373549245334597
CC_BDABB99ADE2A,0.17723136830190392
CC_BDB07C66EDBD,0.43177704608861317
CC_BDB71DAAE50B,0.09772947023912543
CC_BDCB91FACECF,0.13818373216649346
CC_BDE1E398B4E4,0.06561980415784172
CC_BDE8D325637B,0.6488391155189147
CC_BDE9E7F390AE,0.09012494717942864
CC_BDECF392D7F9,0.1662582395477045
CC_BDF401C3BBCA,0.14460778572250543
CC_BDF53C42C5BC,0.19854961687876538
CC_BDFE5778530F,0.3492263773066834
CC_BE05EB5976EC,0.746230982555919
CC_BE08A6D5E76D,0.04172375599263223
CC_BE146CE5BEE6,0.17730827891959128
CC_BE24C1EE877A,0.11481329354198025
CC_BE27E98C4BED,0.07018110542166028
CC_BE32DACBF6C2,0.10988960206721293
CC_BE3F52F9C9EA,0.13532759566062938
CC_BE3FC1024389,0.14800331101858033
CC_BE4595898BF9,0.10024091349774367
CC_BE4F1F53F4B6,0.08361522518094235
CC_BE648663620C,0.18022589838780922
CC_BE6627F3B9EE,0.6661054028190441
CC_BE673F70B591,0.3565491269149369
CC_BE704640727F,0.03131816349844008
CC_BE7295B354DA,0.36266850886249025
CC_BE760A430ACD,0.19236635817031017
CC_BE8A340F3876,0.04985130920269171
CC_BE9CB8845101,0.24650956950319453
CC_BEA12286E57C,0.1371569236227831
CC_BEB24EB997CA,0.12323831235439123
CC_BEB80CCF2ED0,0.04309870701779163
CC_BEB86014B5BF,0.19088479587111806
CC_BEC035C8801A,0.13994676504099313
CC_BEE1B858F0C3,0.3134516687706682
CC_BEE664893442,0.20087371750482014
CC_BEE75A33F038,0.04696820308884126
CC_BEF22728402F,0.6843377832915392
CC_BEF8AB2DF19D,0.37436081871573484
CC_BF03683CC755,0.12350514076615385
CC_BF066CB8F7A0,0.17057991670137485
CC_BF154A9FEE8D,0.13374071732979742
CC_BF17E635C67F,0.11421063347668103
CC_BF196AFA6AE6,0.13897843678020208
CC_BF2012FCFE14,0.21588517092176282
CC_BF3733356D4B,0.45791268442823896
CC_BF376C8D14ED,0.5312492127618555
CC_BF3BF8B9F646,0.10786296186427899
CC_BF588A5FF18D,0.6477150180483248
CC_BF7C643B8874,0.044247097977739104
CC_BF8919F14394,0.15134173168154313
CC_BF8B759EE1EF,0.07627113110900688
CC_BF971FA7A950,0.14811968649223262
CC_BFACE960372A,0.12033671863148915
CC_BFBF917EFEB7,0.6324595460804703
CC_BFCAE2959708,0.04503229896555376
CC_BFD80ECB739A,0.2376945656395583
CC_BFDEC7E68821,0.06873511568470962
CC_BFE3AD881F4C,0.048975122011217495
CC_BFE511C0F9F3,0.5452297784156063
CC_BFEE9CF8A6E9,0.07871601130720907
CC_BFF8E82FE4BE,0.1397129201723219
CC_BFF9E8C0FE28,0.5727393665394196
CC_BFFCB2882E26,0.047283456175615746
CC_BFFDCACC1E4F,0.11102676054286531
CC_C003A15648F3,0.08818392852710816
CC_C004160ABB18,0.15313409181798474
CC_C012746F45D6,0.09645228908826947
CC_C033B4EC89DA,0.13654842248503832
CC_C03578357D0D,0.40993030280632614
CC_C040C14F27A0,0.052430105195404975
CC_C0474C48C443,0.1276889556247618
CC_C04A1EF46A13,0.24788414497024483
CC_C067DA2C5F99,0.41715289853903237
CC_C0731DB0CD7F,0.6603562637178301
CC_C07C70AA1AF0,0.13147086617618653
CC_C0877F4DBC62,0.09455389202799198
CC_C0896CE6B4E2,0.08366335849236059
CC_C089B0517E81,0.08810221135371595
CC_C08B9066A5BB,0.17804135601892965
CC_C08DFB22BC71,0.09298553533056741
CC_C0A2108BEC82,0.20936497553865846
CC_C0A6B0787F91,0.10699468635936289
CC_C0B29B279C90,0.12550380104160935
CC_C0B7151247C2,0.09546446355901486
CC_C0BEDCC974E6,0.09804310215234516
CC_C0C6F913C2CB,0.6846385977802343
CC_C0C7EAB055B1,0.18930815744523521
CC_C0CCCF588BEB,0.24666066215524673
CC_C0D65A1BC1DF,0.619980090255538
CC_C0D6ADDF1E0F,0.0752087471855404
CC_C0E49708EB44,0.21732914077157622
CC_C0F32BA57D17,0.044826716841332166
CC_C1094828B26C,0.31921860254511814
CC_C124E4C094F3,0.26179855137338043
CC_C12ECF48FA03,0.15271753980832825
CC_C12F5F7E5C54,0.10046517430977521
CC_C131509731A1,0.1975135822763356
CC_C14173B64C58,0.19119319305506285
CC_C14A4D39F494,0.3757949622136081
CC_C14DC9106B7E,0.2416461407875016
CC_C1624A910E58,0.033045589894724434
CC_C1645FA6EE7C,0.09019737142110124
CC_C165A26E7C1D,0.7172210094186928
CC_C16824A69631,0.06420893031821862
CC_C177831DEDC2,0.06916431379363859
CC_C1815DD481ED,0.7041571469834771
CC_C18313F97FC1,0.2822815706174173
CC_C18A7BC23071,0.2978442575363367
CC_C1941883C762,0.11718185989052309
CC_C1A0989CDF23,0.025176012914647484
CC_C1A8C99D910A,0.12850112733292424
CC_C1B057BAE0BB,0.29046146496905967
CC_C1B5D9A95708,0.07738008069720165
CC_C1C28181E30E,0.10492708001293927
CC_C1E8CA45E983,0.10337944245927774
CC_C1F4DD05F5FB,0.2056512899373762
CC_C205BAC0D181,0.07937856224829945
CC_C208790016F7,0.0757208465062636
CC_C219E603FD0B,0.06583386228215285
CC_C2323893E922,0.13938005837897807
CC_C236A614F73D,0.11536859720456952
CC_C241491551A8,0.10236162794586591
CC_C247E0377048,0.12079205391357659
CC_C24FBA584039,0.24421033468136433
CC_C25078D044CC,0.22746025595576375
CC_C255BE787955,0.21249253237867366
CC_C25ECB5C5FD8,0.07467738446992728
CC_C276E722FB1B,0.3073717477797889
CC_C279090E1F74,0.7832269651503116
CC_C279CA96D14A,0.13137835737428719
CC_C283330B9999,0.0366889261691217
CC_C289AF57EB24,0.26797500683460845
CC_C29558864857,0.12168148792145388
CC_C29846DE78AC,0.6323327979797881
CC_C2AEE09D92AD,0.10973857758911829
CC_C2BBFB603032,0.35452139195981197
CC_C2C2B2EEBA69,0.04360875549489289
CC_C2D1CBB42952,0.16406685512010571
CC_C2D4587A871F,0.7115915105100354
CC_C2D583F20739,0.36557571089127333
CC_C2D9086A8C67,0.07515325205052782
CC_C2E8FA308586,0.14756945575203195
CC_C2EA104630E3,0.09467663257085303
CC_C30ED2C6265A,0.04889442504150836
CC_C31BA9FD4FFF,0.2935473887235857
CC_C31DC3117984,0.1959428815735086
CC_C33142B2E26E,0.4115844552551296
CC_C340668CE604,0.0745036930271895
CC_C36580241000,0.1345342156641396
CC_C3664AFC710F,0.09601165254059918
CC_C3676D2ADC91,0.19846847851970692
CC_C368AC6AE19C,0.03927059046248329
CC_C38B446B7432,0.18709093804023225
CC_C38BE6D69E61,0.05585204268286627
CC_C38FB634E7B9,0.06021678382172416
CC_C3913A125FC9,0.15967089143639096
CC_C392AC1AABDB,0.14640273264360001
CC_C3A37C3EDCC5,0.3179553945762807
CC_C3A42A96D260,0.25118849536122434
CC_C3CA355F78BC,0.10912661562022707
CC_C3CD972B25E9,0.1457516589733938
CC_C3CE9FCB05EA,0.0521932815550393
CC_C3DA12B31CD5,0.07880929428941778
CC_C3EF46D2CF29,0.14723363541457538
CC_C3F301EAE202,0.19652121206819279
CC_C404C200B723,0.1073373592858993
CC_C40BEE2EAD73,0.2534560147438763
CC_C40CA3E960D9,0.14316252770642696
CC_C40E0EEBA53A,0.15225700795747377
CC_C42183D7A586,0.08634031588418742
CC_C427199DAC5F,0.4433405850558432
CC_C445AEF194CA,0.08446258495398695
CC_C45051D20EC8,0.12314577199945312
CC_C47FCA703A69,0.28599498776213916
CC_C4965C6C6935,0.3263627513459793
CC_C498BD798847,0.04680608010672352
CC_C49A42D1C3CA,0.09255162625679712
CC_C4A2F5B06976,0.05796233140482025
CC_C4B632AEB96F,0.15669548346693538
CC_C4D194378554,0.03027480667941232
CC_C4D90E9CA5E9,0.11344169673507162
CC_C4D941D5A5F9,0.14524195486514704
CC_C4EB2486A9B1,0.1768215447179955
CC_C4EC2923D96F,0.30280094058442253
CC_C4EC9ACAE8C4,0.7220489013368913
CC_C4FB2ECB13DD,0.2508557009551661
CC_C50467EBCC58,0.09974677216303773
CC_C50C5E2A77CA,0.14660045477268877
CC_C50D7FAA75C1,0.03854585717568336
CC_C51FE3F4D2F3,0.16277019110250324
CC_C5234F4713B7,0.0655858349938272
CC_C55110310E14,0.10234259663351827
CC_C563D509181A,0.08361168585564942
CC_C5736F4887D6,0.777241768274785
CC_C57C4F09442B,0.08513792428917
CC_C59D2CA55CAD,0.799440015222513
CC_C5AD04ABF022,0.08906179133996384
CC_C5AF7BF4B951,0.03629268408897095
CC_C5C5FD9FCFE4,0.6456852065542953
CC_C5D9A89022EF,0.21736178246463495
CC_C5E1FA10BD6B,0.15933674986126134
CC_C6039EF0459B,0.16772464631154804
CC_C6133F44EB0E,0.10861648039290793
CC_C637C1142503,0.7782779377205835
CC_C65496C86EAE,0.17037791897953994
CC_C67C2B86A807,0.12335686931088066
CC_C690CF8AF3B4,0.10310105225076323
CC_C69204FFED48,0.30734813909360276
CC_C69DD80E5055,0.10378149899809318
CC_C6AE389CA79C,0.06332817191329373
CC_C6AFA8AF33BB,0.07671344280706414
CC_C6B56B2869A6,0.404451563079411
CC_C6B61E03B42D,0.19284756810012166
CC_C6C2B357FDF2,0.10604702054843382
CC_C6C4A4A318E4,0.11097482586637833
CC_C6DECDCC7956,0.1838781020632756
CC_C6F134ABD932,0.6051929389340087
CC_C6F24128D8D3,0.16832283678084675
CC_C6F8C5E3D746,0.11967571148303313
CC_C6FB2BDCC78F,0.3835811677691437
CC_C70DBEB08378,0.8222358703879245
CC_C71AAC6F9607,0.12049290846835531
CC_C73D1C53BEC0,0.35926465555273185
CC_C7423B380FD2,0.05709057505635378
CC_C747ABF2B4BC,0.08407444579331073
CC_C74F0C45C093,0.13643224956940375
CC_C75307665BCF,0.2161011033677247
CC_C76473DBFF83,0.3298534728849808
CC_C7652C2D1CC7,0.20496628414971485
CC_C77B38900325,0.2540616277912544
CC_C782A94E6754,0.04294152000449267
CC_C786E0FDA098,0.7670801223963659
CC_C794632B3AAC,0.36739389886025947
CC_C795250A7B3F,0.09694455350752462
CC_C79BF5794AD9,0.05205432812937058
CC_C7A2A7BF85C5,0.07289407364001493
CC_C7A2CEDA36CD,0.4803921472222908
CC_C7AAAC514CD0,0.06612753262196323
CC_C7B39AE8206F,0.12741846523198624
CC_C7BA884F8DCA,0.14742672206632765
CC_C7BC592C11DB,0.049992967489568094
CC_C7CB29EBCEE1,0.04366922621432373
CC_C7D2BE35C77A,0.08370670357323348
CC_C7E56C7FFA19,0.18242895403315346
CC_C7ED63E403A8,0.07776552307428686
CC_C7EFF4BBEE1E,0.06845853756416789
CC_C7F1C90A261F,0.15417408089926005
CC_C7F38C2DEDFF,0.18599220952308418
CC_C807F881A35F,0.2632099645863573
CC_C808346EF2A7,0.04287085222082103
CC_C822401D05A0,0.12837815453898765
CC_C82D0EB32984,0.10508353373148885
CC_C82DE4520088,0.19831860716457098
CC_C84080607284,0.07403469883423663
CC_C85DEB66D6EC,0.2982460739176088
CC_C8601860B3AB,0.2933783898761953
CC_C86B56E5B000,0.11081659702829888
CC_C874E7D8B96A,0.06390739325345621
CC_C88F02C38654,0.14919707256713377
CC_C895990DF270,0.1793535363835846
CC_C896D6E93110,0.39180862744132705
CC_C8A57920FB6B,0.10209717169971735
CC_C8C2CEAC6750,0.4809770468000145
CC_C8CBB38CF4B6,0.40968414810698595
CC_C8DF2AEC8023,0.15114900096071032
CC_C8E24B1925A2,0.18296952031937153
CC_C8E2F0CA5050,0.679817600836123
CC_C8E875AAFD58,0.28065657996622895
CC_C8EF7366016A,0.07019614412710407
CC_C8F1FB9C56E5,0.08635903020699345
CC_C8F2FF7E6DAF,0.1111094906488414
CC_C916DC82A00B,0.32477876729039157
CC_C91FF308D57A,0.06453679282684947
CC_C9297D88CD26,0.3437574982030527
CC_C932D885E1AA,0.19606827052653944
CC_C947A66A6A34,0.16940197344069918
CC_C953D19C82A6,0.266625061682241
CC_C960365C1125,0.2485845337683998
CC_C96221203852,0.21242797681381842
CC_C967937FC81A,0.677935667064723
CC_C97434767545,0.1946545597008444
CC_C974620D4D4F,0.29469216879321125
CC_C9749B07E3CC,0.14082144596740528
CC_C979F86EC4EB,0.061603476915955094
CC_C9882357496D,0.06214358917692137
CC_C98B5F2B994A,0.0927671212685727
CC_C98CA453DC7F,0.12494092730727871
CC_C996515164AF,0.6888026265399838
CC_C9A1B8F512F3,0.4326759102639678
CC_C9E008678B77,0.1020542609974666
CC_C9E89E3728DA,0.18051941305044256
CC_C9EE0357CF4D,0.15866875182019555
CC_C9F15C15BA6A,0.12008743633498098
CC_C9F3BB887EB9,0.17686681877072835
CC_CA0906B9B58E,0.06577624906060778
CC_CA16B9133E4F,0.29423075276075206
CC_CA2524A5C7AF,0.2866758845618347
CC_CA2A17C9CD44,0.4799130386634368
CC_CA32C61E255B,0.10733356940348857
CC_CA37F92A8BC6,0.14023970763419583
CC_CA3C9D0F42A2,0.5760799124136012
CC_CA4669FF2379,0.10622102545075332
CC_CA486E08F176,0.050644215032157935
CC_CA5CF069C36C,0.07236254013792306
CC_CA6AB58D2C8D,0.2845127950832995
CC_CA6EDCBFA9E3,0.17314667829869462
CC_CA6FB58C11F4,0.07069561724957427
CC_CA7902338F91,0.16568388604921536
CC_CA7BE11DCB92,0.11538548775964651
CC_CA87A148C386,0.06892886781614718
CC_CA8E7E45347C,0.13609239349795754
CC_CA9214D0E170,0.1657754693527781
CC_CAA07EABEF71,0.05882432978238282
CC_CABC0190A9BF,0.5027359520700199
CC_CABF171B8582,0.560613071749691
CC_CAC2F989A2D6,0.21632705606270192
CC_CAC50FF13A43,0.4812160602752833
CC_CAC9C52B6FB8,0.24361030865841526
CC_CAE19DE8446F,0.06659896394427477
CC_CAE5F6D8328C,0.4762254816531778
CC_CAFA0C6DBCEB,0.0723142132593777
CC_CAFE5D6E3E1D,0.11434270573537059
CC_CB02A97FAC1F,0.20322539798418246
CC_CB1155AAC7EB,0.14714014453759583
CC_CB1B2FC5769C,0.16649820076982086
CC_CB1BD3C19303,0.16576826640524642
CC_CB2423DD4809,0.7830622547965467
CC_CB33381406F3,0.6440027364595811
CC_CB3CBA971E97,0.08238076512134959
CC_CB45CB5C940D,0.17227802589838137
CC_CB4A2667F8CE,0.21103206875246325
CC_CB4EA92BE238,0.06371261754086117
CC_CB4EE5CC0B09,0.16483523790401297
CC_CB50BDD92A4D,0.2265847511322106
CC_CB6A55831080,0.08122753723596546
CC_CB6CE149111A,0.13738086978861913
CC_CB6F9DA78019,0.038758689900176266
CC_CB722FAA608D,0.22756333807074913
CC_CBA786C05C1C,0.724069670134571
CC_CBA9A6206DCB,0.14758342095757856
CC_CBB7AE2847B6,0.20204769853197926
CC_CBB9DDEAC819,0.02841422662094583
CC_CBC30D127BA4,0.09500682858552613
CC_CBE67EF0D3C5,0.5098821704638752
CC_CBEC318365B3,0.3675600070090326
CC_CBED6669EDA7,0.07747849657304295
CC_CBF1B052FA7E,0.0808376131398933
CC_CBFC7EFF2F94,0.1229913233498015
CC_CC27394B5E35,0.09037475018601254
CC_CC2A7B3D7A55,0.15864425279005556
CC_CC34B2523794,0.1511143892907716
CC_CC34E9023873,0.7022068447463241
CC_CC37D81F02A7,0.6502247899180955
CC_CC4822AEDB83,0.6997113099009372
CC_CC5D6CAE5ADB,0.2891281696273831
CC_CC6D27804EF0,0.06716449602624912
CC_CC71D4876B90,0.110365476787303
CC_CC75EA7F2C8F,0.10891789101678462
CC_CC9214A5C0CF,0.08984855305110732
CC_CCA2B8D2446C,0.39404870029456984
CC_CCAB3E56FD92,0.19103722681446758
CC_CCAF321D46D7,0.030423787833939318
CC_CCB46EA56584,0.20981258417336907
CC_CCB60CB8754C,0.1300324949617377
CC_CCD759553325,0.05597056076768654
CC_CCDC28D49832,0.15223931356111947
CC_CCE55029E621,0.651288128900023
CC_CCEA133D7268,0.510880601001051
CC_CCED6CEBC3D6,0.3808730815364807
CC_CCEE76415B51,0.3198765865628763
CC_CD1326D52AE1,0.6390913065752292
CC_CD35EEA81CE8,0.3314383107738691
CC_CD373485942B,0.09805046332334627
CC_CD379DD39658,0.3001784630770923
CC_CD37D5CF0EB0,0.16908797266588615
CC_CD380545A7A4,0.08672697214492185
CC_CD3A378249BA,0.2748834959788537
CC_CD415B1C7741,0.03888858749350988
CC_CD4976814F28,0.03644735056601843
CC_CD4F5F1C357B,0.27427418080484345
CC_CD54829713AF,0.08157379497639139
CC_CD5E3556D5AB,0.1591340289376933
CC_CD6C797F3C4F,0.07961843914328273
CC_CD7BA8F6C4BD,0.11476703800746019
CC_CD8352F0478D,0.19323569510542593
CC_CD972E578564,0.7881909922526181
CC_CDA1B20179B6,0.12745568582863276
CC_CDA2A36B81B4,0.2612735530664043
CC_CDF6354EC332,0.07302559209483095
CC_CE01E17132E0,0.036070303227081095
CC_CE1280B30475,0.14945173648017895
CC_CE134F878294,0.050031521719603816
CC_CE229894AC00,0.12661225381368701
CC_CE26907B9D30,0.42429274124372124
CC_CE2755B42DAC,0.07428858199666623
CC_CE2BD7F74421,0.27805327543012737
CC_CE3784121355,0.1536572878666415
CC_CE41F9FF509E,0.18960254307049687
CC_CE5AF0E9A157,0.09541090010719777
CC_CE5EA019DCAA,0.08181134805563886
CC_CE6460FE39F6,0.1367024377503542
CC_CE72D1734761,0.630196300169891
CC_CE7FC560768D,0.3682976668930491
CC_CE871DB3950F,0.3264629005480767
CC_CE8D1564C4F1,0.12816231464696864
CC_CE93240526A9,0.28849806051730476
CC_CE980FCAB154,0.29535085887670326
CC_CEA0FAD348F8,0.0879102637380251
CC_CEA369A3451F,0.057854787411816
CC_CEBA67081418,0.2516190265192061
CC_CEC0C00FE770,0.5129089385747383
CC_CEC3B21D2982,0.3773974520977011
CC_CECEC680F701,0.1763366927582224
CC_CEDB263DB07B,0.0366948767987004
CC_CEDF9C14DC79,0.2765711010496245
CC_CEF23255BE06,0.054785242596268095
CC_CEF8C71C4E8B,0.39297457209163156
CC_CEF91FDD41AE,0.39253530985066304
CC_CF0B68684C3D,0.09573748100130902
CC_CF149865368F,0.10238358343248025
CC_CF2A7A5582C2,0.19347745238187675
CC_CF2B3E37CF2E,0.3834470206217021
CC_CF2F163CE005,0.1689737468283326
CC_CF3C063DF626,0.147641086511672
CC_CF3E91DB8220,0.30499999747734063
CC_CF3FB5744443,0.7326385693728402
CC_CF4991B8EFE9,0.11651289720241584
CC_CF53FD3AC9AD,0.03572420248290382
CC_CF5A140B279D,0.2023069447459892
CC_CF613A7162B6,0.11593256852169971
CC_CF6A8A460B19,0.10290312876347726
CC_CF792E77A16D,0.05406395225085739
CC_CF7BAF373E0A,0.035947760072037205
CC_CF8B1D0015C4,0.14500027693062073
CC_CF8D0517B79F,0.08046233915738306
CC_CF92037ACA93,0.20966583047266113
CC_CF960A300F40,0.2885750423701908
CC_CF96B6335E6C,0.19316808303651134
CC_CF9880D67A7D,0.16785490218700883
CC_CF9B249283A7,0.705971090327395
CC_CFABF7407978,0.22118303956854315
CC_CFB2AE99EABF,0.13155153152338536
CC_CFC0BC440771,0.12800554789464197
CC_CFC235739F25,0.5499049252129438
CC_CFC6E8954325,0.056425639247996436
CC_CFD37EDB214D,0.2436371365785098
CC_CFD93C04478A,0.5831021910051377
CC_CFE0AA5381FD,0.6088246418920811
CC_CFEB021AA137,0.051682416035581435
CC_CFF6E2A6A3F9,0.2682042846101651
CC_CFFDC4947256,0.1568385565494349
CC_D009368CE434,0.04931422294475783
CC_D02E59E08B02,0.0378321387325867
CC_D03848B7353E,0.053844841157508816
CC_D03A69B1563D,0.14265447941256526
CC_D0576802096E,0.08851964643527394
CC_D0582E0F3440,0.04755220900741147
CC_D059D0BEC5D5,0.37475477563747855
CC_D05C4A8F2A25,0.12201759585311703
CC_D05FBA9B9040,0.6937442241195508
CC_D0653EA71CAD,0.18514361340413493
CC_D076A984B786,0.14125664214734035
CC_D08FC2D99CF5,0.21141303739256065
CC_D09942A02904,0.12616713006067612
CC_D0A8EA2D37F2,0.14215132528362745
CC_D0AAD35C800F,0.11195311493552051
CC_D0D666EC0244,0.09562493154351612
CC_D0F3F68F4452,0.46157148452165153
CC_D0FBDE8ABAA7,0.12604521273858904
CC_D103D50237D9,0.23376077537569287
CC_D11E5A30CF3B,0.26411918048783006
CC_D122B30AE7CB,0.5340525701366632
CC_D1679B40D83A,0.09624751670181617
CC_D1760785D631,0.24473874830204906
CC_D18088587757,0.23974131788428066
CC_D184160042B7,0.3225521290673653
CC_D1886485E8B4,0.14418375928134958
CC_D1893DD5B4D4,0.09300852260103637
CC_D18B60E035CE,0.7461863822610872
CC_D191D099789D,0.08026041101805884
CC_D1BDB41E7FF6,0.07305082751734554
CC_D1BE2E6E9C9F,0.17315579180591495
CC_D1BFB29BF61C,0.09255196081446529
CC_D1C259F80E13,0.08713939238030578
CC_D1C63DA9CA93,0.12869977092073803
CC_D1C931E4F305,0.07929519851974484
CC_D1CE25F271BE,0.16319560039299247
CC_D1D2127A0C67,0.05666280296988208
CC_D1D31EA359F4,0.13484441614895792
CC_D1DB888BD9B0,0.10687270952489973
CC_D1E82B9DD102,0.16480269986222307
CC_D1EF68A649AA,0.12537288392256246
CC_D1F05E69F80F,0.060235475223927734
CC_D1F6FE158DCF,0.23856766874474028
CC_D205612FD566,0.6647380726499512
CC_D21474C31E3C,0.6909892519032015
CC_D2195A061A0E,0.6086090038240718
CC_D2199CC1CB08,0.03078391056425168
CC_D21FCD9DFE53,0.5439100492456936
CC_D233B2C8062B,0.40505489884071755
CC_D234CF2C21AE,0.6676283709967925
CC_D2373015DF41,0.04689220678782806
CC_D239CBE1012A,0.11326120671098394
CC_D2591377E980,0.7324854146750812
CC_D25E25C831B5,0.06528350884697184
CC_D262BB13DAAF,0.27302188125430155
CC_D272BC699F38,0.05509747095926076
CC_D2813C835750,0.7782070759359859
CC_D285B0D67016,0.024866113789638305
CC_D28FB525E310,0.25374821369152933
CC_D2AFEE04E96F,0.04025970845845694
CC_D2BBAA423304,0.2188061465858811
CC_D2BE8B4011D7,0.06149728037939389
CC_D2C49D2FEBF8,0.19292798914270481
CC_D2D09498D333,0.152496314793507
CC_D2D187DA334A,0.15415629214410842
CC_D2D47A5386CE,0.23556060158374123
CC_D2E98F50621A,0.03673275250666286
CC_D2F265035F0A,0.04409928255222276
CC_D2F91355C6D0,0.15345959797258674
CC_D2FC934F8324,0.14213342453155575
CC_D3044C67CFFB,0.04748028746492944
CC_D313F2C49E46,0.3342418966930089
CC_D31FFB053D60,0.12378096320973003
CC_D336DB6323BB,0.2943465390335246
CC_D343A7CBA377,0.07399766668703062
CC_D345AF4C4B61,0.19509819181978746
CC_D34FA9410740,0.08173450406949384
CC_D354C5D1665A,0.15356058602465533
CC_D35E96480AF8,0.28052110523457985
CC_D3616386D6D2,0.1445104363645015
CC_D365173E852D,0.7697693340800102
CC_D3683C6CFC5C,0.6455688366276144
CC_D373463038E0,0.05240371283661754
CC_D379CF8E3FAB,0.7283884048844284
CC_D37B4CA7F3D8,0.041566739117904206
CC_D37B5B3CA4BE,0.7047629734541212
CC_D39265D7B6C9,0.051653463250301526
CC_D39E3F732408,0.07463249883507705
CC_D3A7B21165B3,0.33315747636209897
CC_D3A9028A4660,0.053188249105400695
CC_D3A948322BD5,0.7260275661663378
CC_D3B95DB5E6C1,0.31871953403831244
CC_D3C8C5014D5C,0.20851187698341966
CC_D3D80929AF52,0.0876447374995022
CC_D3F25136073A,0.1557161456269273
CC_D4102AD032BE,0.2581590102168684
CC_D416EFCEAD89,0.05524840608913043
CC_D41C5030494A,0.6826560513514802
CC_D42E477596A3,0.05056466454976173
CC_D432C89BADA8,0.12096855567476561
CC_D434638E9569,0.11845187000893113
CC_D4518F98BB77,0.0853381616274478
CC_D452847F2A4C,0.0893065768464095
CC_D454056F92E6,0.23170354115885244
CC_D461FB973AB2,0.8084732799301115
CC_D462250B13D3,0.4344175735871031
CC_D48E686A834A,0.6758758802203482
CC_D48FFD985E51,0.07137783060438962
CC_D49263A1BDF7,0.13303485738219667
CC_D49668C65C33,0.03245489619053567
CC_D49D9C57A849,0.09001750194912153
CC_D4A029A150E4,0.1601708040252613
CC_D4AC998C0BC8,0.7118236809369469
CC_D4B02AAFC697,0.11989629032886708
CC_D4BDF0F4FE9E,0.12835116806438343
CC_D4BF2778371B,0.17154081317272052
CC_D4C0F4DB3501,0.1696045843206629
CC_D4C6DD8A364F,0.1358892983845763
CC_D4CDE2A1E174,0.14959021515143245
CC_D4E7EE35695B,0.17135060313232758
CC_D4ED652E86DF,0.29761507852551483
CC_D4F844B54B84,0.038447200634137924
CC_D4FA0055DB4A,0.03906387441627839
CC_D4FDCBAFEC74,0.7222198130612827
CC_D517D90E105F,0.095535237064704
CC_D52B87A01028,0.2469328400804139
CC_D530C3D1DBF8,0.675342474100527
CC_D5327E41EBA2,0.10803778968652214
CC_D53C8BCA531F,0.08065404329154127
CC_D540C7ABF683,0.6836887829658127
CC_D54105FC1349,0.3350716077004561
CC_D550CE8B9313,0.748793317606667
CC_D55C5B432387,0.16962828638749683
CC_D5646FCC5E14,0.579252383154109
CC_D56F34613338,0.13731235626281232
CC_D573AF0F1674,0.10529478879415882
CC_D586E2C2B3EF,0.2036739429210655
CC_D589E388CA02,0.0562096904562214
CC_D58EBD954E68,0.33608157524298876
CC_D59AFE884BDD,0.4796184714222974
CC_D5AC596A85E1,0.16215817060791674
CC_D5B99B578573,0.043147877098737186
CC_D5CBF4A4D3B3,0.10427359894970736
CC_D5CE05EAA837,0.20443810447351557
CC_D5D36A6C8DB3,0.07925672020528737
CC_D5D8D545736F,0.08454429946096359
CC_D5ECFAF8C1A3,0.0743359812938516
CC_D605715F737A,0.15227986396221743
CC_D617428B4B0E,0.3834278776075578
CC_D61E8E5C4414,0.12836122797127034
CC_D652B5F05769,0.18855646100522622
CC_D6564D0CB9A8,0.1971704057106371
CC_D66183657419,0.06316631285630502
CC_D66BDD3E1AA7,0.10930910042045328
CC_D66DA331534A,0.1009489138211592
CC_D687A780C0E6,0.05173095178001308
CC_D6AE871A4C9C,0.11283239936676792
CC_D6B7AF1FBDD4,0.4957395169825428
CC_D6B874308353,0.5629472870135195
CC_D6B8F47FE484,0.5327933428505762
CC_D6CB1BFDCEEA,0.1082629498949867
CC_D6D47D7E1C51,0.03567366644824138
CC_D6DE060699C6,0.1491880497475626
CC_D6E06014457F,0.7907687509144519
CC_D6E8E17EA449,0.32614307679208676
CC_D6F216AB1C4A,0.16026345528014058
CC_D6F5E3A51C8A,0.09303202704673266
CC_D6FB3B76D7A0,0.5843393802652409
CC_D6FBCD4BA3DA,0.2861234574267558
CC_D70918916097,0.5054101942607099
CC_D73B1B9B81A5,0.05399634202343847
CC_D73E9E24BB48,0.12793034967469374
CC_D74AA0F20466,0.12501783124968296
CC_D750070C44BB,0.7139298395319982
CC_D7529675CB7D,0.17024311792014496
CC_D75C8CDB510B,0.6616671026722376
CC_D76009C47709,0.30187958760299505
CC_D771775A58F5,0.18862057818895855
CC_D77F9D613EF7,0.18072185351496356
CC_D7999C3EDE22,0.20025910404167124
CC_D79BF1D26499,0.1801771891493778
CC_D79C05885899,0.13103663306773297
CC_D79D4F15D10C,0.039610657115325035
CC_D7A11E3512D2,0.046872251486505256
CC_D7AD7A7279C4,0.15307270532693917
CC_D7B35055AF0D,0.17129252467826295
CC_D7D99409D57E,0.31640046133674116
CC_D7E403181D8F,0.11266826007219119
CC_D808C7BA9399,0.131964921629304
CC_D80DE8B544F3,0.03730035760222559
CC_D81D19AEFB77,0.029121736837541316
CC_D81F317F6384,0.1261959267143941
CC_D844D9DF962C,0.07848861971151225
CC_D847D978387D,0.05364169355169344
CC_D85C7B85C440,0.22770233649695526
CC_D885591596E7,0.08536459211541526
CC_D887D07BDE23,0.3786499197992448
CC_D88ACC0CFDA5,0.11409174297866664
CC_D88BDD0F510C,0.053159903608418574
CC_D8956424CB37,0.41217934501804465
CC_D8959BB99A7F,0.3264770542749802
CC_D89A9A14B5E8,0.05034294125590623
CC_D8AD01F3CCE7,0.04401011922303648
CC_D8B4122DC296,0.12120395735037215
CC_D8C38B187875,0.7253905612490184
CC_D8E55509595E,0.050111029190111865
CC_D8E6B90C37A3,0.12850088895936868
CC_D8F1AECFCC2F,0.05693588544823416
CC_D8F7672C70D7,0.04030004397683623
CC_D8F7E904E7DF,0.15928827895549258
CC_D8FEF1C99F88,0.6790863746585343
CC_D90761F9E9C9,0.39558984060601
CC_D90D9D5C8FEB,0.08190457649728938
CC_D912917A4F4E,0.7283259951142924
CC_D91ECE64FD0C,0.11019533705498649
CC_D9325E5695D5,0.05280851829269076
CC_D9563654A397,0.20174128472931133
CC_D95766A6C24F,0.12434703240924283
CC_D95939B1BBFA,0.06308083585277785
CC_D96729C38BC9,0.09466564675006713
CC_D9791EFF766C,0.2145056705410892
CC_D97AA7C54F6D,0.09628906155822883
CC_D98BA5CE8EE6,0.4734697775018274
CC_D991DAD5413D,0.1288510075598266
CC_D995C89AA359,0.2163904441647366
CC_D9A54F55AD6A,0.09289429722296048
CC_D9B87A96C353,0.22442277516203862
CC_D9C42B0B6A0C,0.17252808851102822
CC_D9D487E78FAF,0.6706358952919507
CC_D9D744A66B09,0.08832753104721355
CC_D9DA3F6E2E7E,0.14152416847238608
CC_D9E5792258E4,0.09296563433509383
CC_D9E6B9CBEB77,0.04781281976958787
CC_D9F0CDB02AC6,0.14026127554393827
CC_DA0201D1BCF2,0.10834095018680576
CC_DA0500AFE692,0.05918952198293857
CC_DA0E0BD3880D,0.39197660624868214
CC_DA10F53AE655,0.6575490210685566
CC_DA1643A835A2,0.10233380153886527
CC_DA1C5BAB7E35,0.5215650537766587
CC_DA1DC6A6371D,0.21365147745942337
CC_DA1E6B31DD2A,0.6550400755997863
CC_DA1F282809D0,0.03338231194365109
CC_DA226442D919,0.7417768560794441
CC_DA31EC318B1F,0.05317930621111946
CC_DA33597C6459,0.16169649138975634
CC_DA43CFB5CC2F,0.19163655707140556
CC_DA481C72B8A4,0.2528368082760927
CC_DA55447636EB,0.04534948271704786
CC_DA5AE34842E3,0.0874607950636889
CC_DA6880B018AC,0.18384812525319089
CC_DA700A961616,0.14536592562972592
CC_DA7E65F1E6AA,0.07218010876844322
CC_DA80FAA7FE30,0.09474394896876526
CC_DA8DCCC1199D,0.3239694984125532
CC_DA8EA724C1D3,0.4156697767803068
CC_DA8FA65D1924,0.038064934748051435
CC_DA99D1E41C3E,0.05538240477447114
CC_DA9C3BEFD0B3,0.18542286669457578
CC_DAA3B7FE1C62,0.07778550285990075
CC_DAACE4211B34,0.16080070386538475
CC_DAD239E56638,0.761198163351297
CC_DAD4BC090253,0.06813778051284153
CC_DAEDBA26BA12,0.3024882099666265
CC_DB1EB08EB40E,0.13032448321800172
CC_DB2314ED6960,0.07189324151405797
CC_DB25E05EC5CD,0.41687009041234946
CC_DB3BE0C87882,0.058498798138988735
CC_DB44628BC147,0.19033425759228495
CC_DB562E602BA8,0.10931425586834655
CC_DB61D7F5F8F2,0.6925944035230798
CC_DB6498598C32,0.17946412926978697
CC_DB6B59FB6E30,0.03810637902174586
CC_DB801B947698,0.29468390202085937
CC_DBB8C467FF1D,0.11038426143843344
CC_DBCD21C2C322,0.06859425986222159
CC_DBDB148E45DD,0.09565128426458552
CC_DBDF9BFA7E87,0.10274616987482627
CC_DBF5CD2D854F,0.21364567690494585
CC_DC0077DE6E39,0.20278141535753205
CC_DC23159A1F99,0.05599862382368592
CC_DC2458827FD8,0.23028922661989443
CC_DC2BE35D58AC,0.27355400836407084
CC_DC49C8D3F7EC,0.5584262734474296
CC_DC5DE66826E9,0.10181683769521963
CC_DC6063FC6464,0.08299281347289217
CC_DC771AE1B4BA,0.6810493593691869
CC_DC7DEBC30E17,0.43185327637227344
CC_DC978F3A711F,0.6576685786607229
CC_DCA2140C7BC4,0.19381682086854932
CC_DCA5CE7C9DC3,0.13758532919510372
CC_DCB5798049B2,0.14146349980003783
CC_DCD10C95C942,0.5259268449136926
CC_DCD145E8E729,0.2946393964715868
CC_DCE0BFC03B86,0.04912045188059831
CC_DCE75AE2FB52,0.05595446198544073
CC_DCFCEEF21BA7,0.3611076828367608
CC_DD12A8C462FA,0.07485165091060705
CC_DD14867350AC,0.1713984519366284
CC_DD232BC8881D,0.20327477890857784
CC_DD2473D34D68,0.21215810637221433
CC_DD2B5C4CD318,0.061440594715815686
CC_DD4EC06C3A92,0.2781327851077639
CC_DD5299DA8C1C,0.08654157786428146
CC_DD59BFF18ABC,0.15408549200240046
CC_DD6777E1B05C,0.048370497038056376
CC_DD6EE1501B89,0.08113963373672296
CC_DD78B52AE022,0.12899165084527717
CC_DD7983A07B43,0.6385605501348719
CC_DD80B5CC495F,0.11620258235655179
CC_DD8956B71825,0.6273990808571599
CC_DD8D40E7E2A9,0.09019584867159999
CC_DD9972D0B63E,0.13071796930941967
CC_DDAE70634ED3,0.0999361892349803
CC_DDB4A9FF2B03,0.1000604979323617
CC_DDB68302DA2A,0.14981936329996615
CC_DDB9DEC9C037,0.07024888423343348
CC_DDC610D2B2F0,0.06174200926760577
CC_DDCAEC6BD9F0,0.21061335859609945
CC_DDDF665EBD93,0.31722664140802886
CC_DDE66EBF2157,0.06258523629930732
CC_DDE8B7E9C7F4,0.31610024321337793
CC_DE019FC36D28,0.359557781727211
CC_DE07076B04D5,0.13808791393537662
CC_DE07AECD2361,0.0357942640687816
CC_DE08A4514010,0.5595105278499577
CC_DE093FAC5293,0.46209898223255513
CC_DE17BC1C2324,0.0627841270800041
CC_DE1B13B3E504,0.035625848692931145
CC_DE4264861B73,0.09319564199895025
CC_DE4810B88C51,0.2866565557636983
CC_DE4EE8A16896,0.15238948905141034
CC_DE523A2403BB,0.09845944388091085
CC_DE52860CFBBE,0.22392797031914782
CC_DE593193FB9C,0.19478576722590066
CC_DE5A9B499ED4,0.08584169858697699
CC_DE6AFFA63ABD,0.09288032740959155
CC_DE7CEC14CCD5,0.7087656551341082
CC_DE7D7B5BBB14,0.6568860789351261
CC_DE81AAB7BF48,0.06612951846273382
CC_DE8956D433E2,0.6593842116407198
CC_DE8FB8D1CB71,0.3254975388702563
CC_DE90D07B269D,0.21723091836391517
CC_DE9A62529780,0.15655912484372403
CC_DEA425EA8441,0.10733203694937948
CC_DEBE01582EFF,0.19506766607747308
CC_DEBFD4E79A38,0.052221605752187414
CC_DEC97F13CB8C,0.19383307196730304
CC_DECF1507C86D,0.15710858577124018
CC_DED24C8D047A,0.09791883499570661
CC_DEF4AEBD31C8,0.2100889118001984
CC_DF062F698349,0.10393709346282462
CC_DF13D5CB626A,0.09474258629005322
CC_DF15C526CDC5,0.04332164491440874
CC_DF1F6C68F7D2,0.1411206155714833
CC_DF3EB88F509B,0.08806465528056985
CC_DF4E332C886F,0.026118906333896123
CC_DF514171DC30,0.16269913345313952
CC_DF536CEAE5C0,0.06648712619522228
CC_DF5806CC2CFF,0.1292138451600518
CC_DF715690EF20,0.25786910921198747
CC_DF718A37AF15,0.1029640299906692
CC_DF7276DD74AA,0.11358658250369538
CC_DF750B2D6872,0.34985991484613876
CC_DF9FB6670627,0.06942775316267523
CC_DFA65A0125D9,0.05077103035690577
CC_DFAE355359B8,0.18672789672394316
CC_DFEA562F7BCF,0.3143187639512213
CC_DFEDAF0F0D6E,0.039709363606567114
CC_DFF6F74C64B5,0.6736501643744423
CC_DFF87DF16763,0.1289052809126843
CC_E00D8ECE9FA9,0.14516054716748866
CC_E027E36615C0,0.5332149555133481
CC_E02E23CE49A8,0.09074773632305277
CC_E030B3AEBF19,0.13918937365005948
CC_E031A4C862C1,0.17998937957225275
CC_E0339B331F4F,0.0890065275836342
CC_E038981B2FEE,0.1285722442896858
CC_E0463868968B,0.15094378312406456
CC_E05A8621B581,0.32140758689437776
CC_E07FB0312232,0.1562135336687544
CC_E088594E0624,0.24313449966459852
CC_E09AC3B1E534,0.10503171652578908
CC_E0AC29AFCF97,0.19169645220085435
CC_E0BAC6E0D0DA,0.09074692494285724
CC_E0DDDA07F0A1,0.1757868684181882
CC_E0DF45AB72B6,0.22599937375933227
CC_E0E1F8E7379E,0.11322914125053342
CC_E0EF095444A5,0.1713978265176133
CC_E102E4F7F8B4,0.20058637090033404
CC_E109B4CA6A8D,0.12704116081961284
CC_E11470A2D92C,0.44212170281700774
CC_E117B8A6ADC6,0.02883326934394682
CC_E128015073F3,0.06876454114798433
CC_E131D5EB9237,0.19509189262170212
CC_E14A24095E9F,0.09768493235647946
CC_E14CADF89123,0.5385971394376522
CC_E16876025011,0.0532250168317147
CC_E16C71C15D04,0.6738537446638903
CC_E16F1BB83653,0.05163584843326249
CC_E17448FB08EF,0.5527440467971663
CC_E17AAACEB07D,0.08084840686645223
CC_E1875522DC57,0.15135217843287835
CC_E18A0734641A,0.11317590410354292
CC_E18A22453843,0.08115361024784756
CC_E1B4E3360C0F,0.1825944283801998
CC_E1B5AE645169,0.057124317741217415
CC_E1B71F6B7DD2,0.31936349086616744
CC_E1D073F693A2,0.30763141085040696
CC_E1EA83C31C66,0.09778673232481289
CC_E1ECAE226485,0.2564531876365879
CC_E1F0C5076481,0.06675040812319309
CC_E1F78CE289D8,0.04350827411278587
CC_E1FBCECE0A54,0.22839638581313126
CC_E1FD46CA26D5,0.0930948315120049
CC_E20E7C7164A6,0.7264593751774404
CC_E211E2698C14,0.03502571249877964
CC_E21B4F587C45,0.14435055703934885
CC_E22A278A1386,0.0589003963167657
CC_E24078C03B7C,0.1567665101533899
CC_E2452737F950,0.15019217418942957
CC_E246119AA09C,0.5805002452516566
CC_E246942C7310,0.0846142179998878
CC_E2474A334F3D,0.09095206101209377
CC_E2489637D0E8,0.13537458733734611
CC_E2521AF9C2A2,0.08602491009315162
CC_E253F4AC4762,0.5623804518568211
CC_E257805D0F0A,0.20488396425283523
CC_E25A924EDB70,0.09900031821429658
CC_E25B5D5502AD,0.09226170927777105
CC_E2619E24BEDD,0.657198425733682
CC_E274DAF3C064,0.07111046752951034
CC_E2787CBDFBF1,0.13530176753044917
CC_E28AE2E68BB7,0.6703232146751095
CC_E2C3E272D059,0.23779754840104186
CC_E2D653061523,0.40229622208024796
CC_E2ECDC7D23EE,0.13904886359227056
CC_E2F0E725C3AB,0.05780916860709595
CC_E2F7712CD056,0.19024342680408782
CC_E2FD7FCF0AD5,0.7973558662499254
CC_E308C7DFB2F2,0.13322970510857612
CC_E30B791D5F11,0.22168276418394195
CC_E315F7A94400,0.35233826287042597
CC_E31DAB1E73F5,0.05237826556694896
CC_E32034C97E83,0.22657571690536352
CC_E32DBED5EAC1,0.2599683304671062
CC_E32DDDDEE3CB,0.19462502590326938
CC_E343EC3EB052,0.6911832787274107
CC_E34A04E78D60,0.13633076493858065
CC_E3503B565AD0,0.25054371386071805
CC_E356B05ADD56,0.198384966880213
CC_E35D02BE6780,0.020246357554009674
CC_E369AAECB2B1,0.49947864247498996
CC_E36ACDB4F96F,0.436602804973378
CC_E36C7F0E1657,0.8227825333787944
CC_E381FD4674D5,0.03518425343507096
CC_E38E3835121E,0.041608258129854664
CC_E3A70438A0C1,0.29707551467570087
CC_E3B5C76189F3,0.23106879786254403
CC_E3B7B7E57889,0.18597878114615685
CC_E3CCC0D886D9,0.18052816241318773
CC_E3DD8AD10171,0.30898702712709214
CC_E3E230CF20A1,0.2406458628090885
CC_E3E4B2543CCB,0.07540014719970042
CC_E3E5DF01E014,0.17252430626567164
CC_E3EB157288A2,0.09575823175782165
CC_E3FBDA203EDF,0.155548606912722
CC_E404FCA6CB2B,0.700056759265556
CC_E4054F9C8442,0.2941651775121836
CC_E405D808772F,0.03552090731705586
CC_E4137B250609,0.4059722524643098
CC_E41482A7E968,0.07073534653822895
CC_E421FA1874F4,0.10669530949350434
CC_E42C38BBBD04,0.16001423902204537
CC_E42D90BFB285,0.04420515466425484
CC_E42EFC05C891,0.0836864574790132
CC_E430F3C75969,0.0874310132434654
CC_E4576D6B6478,0.11329114282808507
CC_E46B27A13728,0.41120588803741753
CC_E4783FB590D4,0.1773071095752183
CC_E489009C6500,0.1552177813310308
CC_E493CB46177D,0.11026378713114794
CC_E496AFA9B40A,0.32136155427638985
CC_E4A2FFE0EE1F,0.12430073433166622
CC_E4C553538385,0.30162606475841636
CC_E4C7B5501ED1,0.1621285031795986
CC_E4C8A5A60F51,0.17921080924618127
CC_E4C94AB69214,0.37116132128977497
CC_E4D75244E8B8,0.19918476876834829
CC_E4D9A8EEDBAE,0.20122372614136944
CC_E4DF787730AA,0.12166306622112627
CC_E4E0DC070132,0.14924290354604322
CC_E4E3C08B7F86,0.06113501040455804
CC_E4FEEB4389C9,0.3585520028386431
CC_E50598344DD9,0.40703850481496345
CC_E50C634A9A18,0.027146075900648
CC_E5107337FDD7,0.0450271077581099
CC_E511BFCFEC9E,0.6721871187583948
CC_E51318749E09,0.11811815231686382
CC_E53FE6708AD9,0.6963019969215812
CC_E54290FEA34D,0.11493700816331971
CC_E54B723C018B,0.041888596041665754
CC_E554618F383B,0.10510539436176763
CC_E557336955A2,0.10695596808101412
CC_E55B48E73651,0.16769859746750443
CC_E55D8DC645B9,0.05644597911542268
CC_E575DA02C575,0.2564653455583251
CC_E576BD98A727,0.2097376940061911
CC_E578DC77656B,0.13166634455779364
CC_E57F3EAFD9A3,0.14432911609658533
CC_E59A01603B7D,0.3170759034522993
CC_E59B2D974CB3,0.19343886054766873
CC_E5A1C44F0F07,0.6344756159670337
CC_E5A8BDF6BFC1,0.16347135350328384
CC_E5B284DA0E5D,0.09233346146844773
CC_E5B8363BB378,0.6120833820124546
CC_E5D8BFFA5F88,0.058214150757130545
CC_E5DA04902EFD,0.26837573041143314
CC_E5F53CFC20EC,0.07760371673069799
CC_E5FAECE63C59,0.5534780906370347
CC_E5FB6E872C58,0.08844446097646341
CC_E6045565E7ED,0.09206535496035503
CC_E60845ADC7F1,0.037018876514272325
CC_E61567D6B392,0.13263478950849822
CC_E62174AFA94C,0.14134701577013256
CC_E6247DD14641,0.09792798480776825
CC_E6289A61F0ED,0.09900546127259535
CC_E62E32FB6FBB,0.02816212566405289
CC_E62F6BE942DC,0.2531525335889685
CC_E63E49B128AE,0.07401086101937297
CC_E63F89885A3E,0.7704279061066079
CC_E6466E6A92CB,0.23443052693163152
CC_E64BC95F8B2A,0.8322892384421063
CC_E64C652BBAB2,0.08454864293013928
CC_E659DB355476,0.17916177643864561
CC_E65C8BA5A7CE,0.06924222899653698
CC_E65F39446752,0.34041027195292084
CC_E67395791589,0.18753171910336575
CC_E67622A69EEF,0.07878162754896662
CC_E680830CAEF3,0.06453438269506284
CC_E6823643AC4C,0.6684880753058264
CC_E683F33931BB,0.12718233035472326
CC_E68841DEB163,0.08722121823125004
CC_E68B2C33D180,0.15364872180824418
CC_E68EE6EC2618,0.043882873116277796
CC_E69508D3D3F1,0.22403376407137415
CC_E698F1348426,0.2183062388168913
CC_E6A178F3709D,0.136760225511336
CC_E6A4B6E8619C,0.6716578013183874
CC_E6B3887C66BB,0.30360748320930786
CC_E6B6BBBDBEDB,0.2917942529137225
CC_E6DBD0F9DC3B,0.07551433246296899
CC_E6F090F70DDD,0.3199092296867039
CC_E6F2D8CB45C6,0.11003096104263757
CC_E6F8FBEDA2A7,0.0902900017787962
CC_E70854CDFE9C,0.05342056927881569
CC_E71C05F07F85,0.0632392636643492
CC_E72797CABC60,0.08026434029275624
CC_E727C1153226,0.09148207330626054
CC_E73489D828C7,0.12323495190857489
CC_E7355465CE6A,0.08246987691605426
CC_E73CDBC743FF,0.21802176005506466
CC_E74F00E75A4F,0.060287287875886296
CC_E751F7E19192,0.15172964430909658
CC_E7522AD6431A,0.5692182476275407
CC_E7523630D2D9,0.25764858475874686
CC_E767372DD95A,0.590022814546662
CC_E76C5DFD3BA6,0.1863356904021899
CC_E77326438575,0.2198642930455697
CC_E77E29E11EB1,0.14571967530368102
CC_E78F20B3223F,0.6984037788921276
CC_E79A23E64518,0.0975163581419112
CC_E7AC69AEA182,0.7623575639497127
CC_E7B754CA9668,0.04647131596199721
CC_E7BA60365AE8,0.1640182851692777
CC_E7C95D4A741C,0.07348851825824157
CC_E7D3D728EC5B,0.20575765066906893
CC_E7E4D5F851D3,0.0719811962649827
CC_E7EA49D37B64,0.3645383929423329
CC_E7EF11A24F73,0.7868256304124166
CC_E7F6F9A7EC65,0.06711385857033246
CC_E7FBC7F69DBB,0.20871732690677416
CC_E80B1A55A74D,0.16168796834465093
CC_E824AB0AFDBB,0.19892917347055095
CC_E826DAC92D9D,0.27606669672865347
CC_E83AB7100D06,0.12546096742543622
CC_E83E6D31EC76,0.2561516682256966
CC_E86650461FBE,0.16392517278496938
CC_E868A3754B11,0.8305555304567394
CC_E86A993F7D05,0.09337579641479214
CC_E87992FBEE80,0.6471128702593794
CC_E87B909C4DDD,0.18134740166222413
CC_E8828BA7EE08,0.12722326319106703
CC_E886157F6FBD,0.3554246795840685
CC_E88711C5C98E,0.10559980005307101
CC_E887680BB6CC,0.16501544416971436
CC_E8909BF77D8D,0.10540398991945127
CC_E8A82DA3A246,0.16768983720839042
CC_E8AC7545DBD3,0.09054153282612955
CC_E8BA6B224C3E,0.11243792952534548
CC_E8C6CA45BF72,0.17072553356430603
CC_E8D2E3126A8F,0.6792351223250594
CC_E8E55DAC4FF9,0.05834651328248336
CC_E8EB77AF3F78,0.8325272926849271
CC_E8F2C6905503,0.364868982252598
CC_E90831F897A9,0.17999255640677483
CC_E90B14D51185,0.5427373956937994
CC_E9188329C9E7,0.09351046174419197
CC_E91E1C0C0C61,0.6105476016345208
CC_E91E9D34C5F3,0.1207011328681308
CC_E91F555DBA96,0.1313302360447316
CC_E932CFF4B4A4,0.2444925721613469
CC_E93643CB34CA,0.1668502567246338
CC_E937CA493910,0.15345162884554958
CC_E9409A50B4BF,0.5237093575724332
CC_E96711AD5512,0.053303559376484747
CC_E96A3E6912B4,0.49442886548145637
CC_E98AEE74B9BC,0.21675199573836648
CC_E992FB78BC2D,0.2922903229720879
CC_E9A3AECEE3A9,0.07788669454128955
CC_E9BDA7766728,0.25732113829789005
CC_E9BF1AFE86C3,0.19924015735953315
CC_E9CA055AD1A3,0.09701251781308885
CC_E9CA0A56E917,0.23317894226061608
CC_E9D3453F53AC,0.6310730365279937
CC_E9D46EFFA839,0.20506368730470267
CC_E9ED872B6037,0.03757582152966028
CC_E9F40C1B559E,0.1267837470375458
CC_EA06928C0AA9,0.26437114544461116
CC_EA0A46F64C80,0.11503411892128845
CC_EA114B15FC04,0.5241745049902026
CC_EA1F3F67BA2E,0.0826589071961239
CC_EA21618614D1,0.7054062657976301
CC_EA26B5A89181,0.23305410184166234
CC_EA26C6C27662,0.17623093402741835
CC_EA3B5AC76649,0.21312136829458064
CC_EA4E669C8528,0.08082880137760903
CC_EA6917E7A5C2,0.7362120616630005
CC_EA8A25862433,0.15339038627991225
CC_EA901D7CA670,0.15797668189498357
CC_EAA2BCE323EE,0.7458912584803439
CC_EAA6D5189190,0.11700695247702289
CC_EAAA8DD7FAAF,0.15209201196386746
CC_EAB7408CCE0E,0.3326825499287541
CC_EABEDB3C4827,0.1355547090435279
CC_EAC6D83D1BFC,0.03140365506709708
CC_EAD7F3E9DAD1,0.06050017892024315
CC_EADC7D8196C2,0.3261424440174196
CC_EAE608E24E29,0.03930199621663161
CC_EB05AD2C7C27,0.037597216500041615
CC_EB1DA337E2D1,0.1441413021562472
CC_EB1F425EC937,0.1031283498524532
CC_EB2FE764BF6D,0.13818272073416124
CC_EB55483587DE,0.10564199240949367
CC_EB569B3E2E12,0.6552566228903135
CC_EB57E6E6C96C,0.22725753107610697
CC_EB5A0FE0605C,0.13940617758651028
CC_EB64EC97D01D,0.11573040775185015
CC_EB691249B91A,0.20487630683641633
CC_EB7C50A7D4C1,0.4741502478220122
CC_EB7C52FDBEC3,0.16234876597936448
CC_EB86FED24535,0.27243430486415754
CC_EB89DECC2021,0.11108661132258081
CC_EB999F9D6095,0.19137865298145057
CC_EBA2F85924CE,0.06637159424640565
CC_EBAC5A53FD11,0.09082379357851683
CC_EBB109EF7619,0.19334213023895014
CC_EBBD00C18763,0.044113438186385405
CC_EBCA68C7854D,0.0687518618222275
CC_EBCBDE122879,0.1524096597700991
CC_EBDF6C88BBA5,0.07288093443653063
CC_EBEDAC91ED43,0.09603869359389777
CC_EBEEC4183FDE,0.05306444961837588
CC_EBFD9D007253,0.47697098351233247
CC_EC1ABC58E09A,0.16270531740747263
CC_EC26EABA68DC,0.7882459376530218
CC_EC2A485A3E71,0.202274187271781
CC_EC3B9E2FE47B,0.09217509064774651
CC_EC505F03EE5F,0.035696659630911176
CC_EC5317EC6706,0.17988297528502567
CC_EC5B7FBD1EA7,0.14202878783489187
CC_EC5C7471FFC5,0.05461018024009745
CC_EC5D92B3617B,0.2056117750253902
CC_EC5E214BFED0,0.6453230826989992
CC_EC6406527201,0.10686928169968998
CC_EC79022358C6,0.32426515920475507
CC_EC831A90189F,0.10454297548459138
CC_EC87C131FADC,0.0591883255932216
CC_EC88785D6F39,0.2197869009267395
CC_EC9173F5284E,0.04110312891608235
CC_ECB7B3B6272E,0.0668277774179907
CC_ECBF4CED56D1,0.1264233446322663
CC_ECBF80B94EAE,0.790546893334561
CC_ECC78B7AE3F1,0.5995013604753063
CC_ECC7E9E691F5,0.162143749866541
CC_ECC9235F612E,0.23524432135253054
CC_ECCB0BD557DC,0.16345091890713584
CC_ECCCB1B4EA8F,0.0971832337434697
CC_ECDDF4983DD9,0.045261052005367564
CC_ECEE93C4F564,0.5799121551767988
CC_ED07BD8B2CB3,0.05344115342594127
CC_ED0F4A02A01C,0.2424234743486023
CC_ED11D72A1D3B,0.06545139227469704
CC_ED165FC5A06F,0.05292961203834359
CC_ED2B6A40ABC7,0.2539192689641829
CC_ED390F22A931,0.0867622837423347
CC_ED40E7CE5177,0.21166316141144983
CC_ED4E4B13DB1A,0.0415558847157064
CC_ED4F22572419,0.15190930586228568
CC_ED5AE5CB1DC5,0.052370162424768774
CC_ED6090A4E6E4,0.24077695893865314
CC_ED645D91E6A5,0.10265573363753999
CC_ED6B045B6075,0.16146616387778293
CC_ED9313C71C57,0.14854063898753625
CC_ED9BCE7C776F,0.7501234220564537
CC_ED9D4644716C,0.19076781328252734
CC_EDA794402358,0.2710025438920146
CC_EDAADACD4DED,0.13614155997678629
CC_EDBAD2E989FB,0.15061919786750527
CC_EDC98B474E76,0.32121813729158
CC_EDD1FD49A66A,0.766271936387547
CC_EDD448008C0C,0.7101305363604345
CC_EDDA3B790095,0.06385650589251307
CC_EDF95BF0E3D6,0.17740943324648867
CC_EE03D7C2BC69,0.0645455796339994
CC_EE0D95184E81,0.04588593352619151
CC_EE0FF690C214,0.4397548593701924
CC_EE2412C352D5,0.09199970690659569
CC_EE2A010019CF,0.06183894069775971
CC_EE2AC730827E,0.05449506280066418
CC_EE3236E6A9FD,0.12659578087421436
CC_EE3759EA49FF,0.15609331723625375
CC_EE38C78AD88B,0.40221846967042096
CC_EE3CE0FD6B77,0.5882195676485329
CC_EE6B7E58FC63,0.042612904585236255
CC_EE6E02464067,0.3100450235562887
CC_EE6E1FA7A753,0.13983186161063732
CC_EE6FCE6C233A,0.22444833880711043
CC_EE88C07B9333,0.08484108626315526
CC_EE9004165810,0.06449294580199864
CC_EE9BD17AD343,0.050000754737005354
CC_EEA608D5A455,0.15751031101201785
CC_EEAFDB1BB486,0.5265395046572431
CC_EEB482736C41,0.239768200057673
CC_EEBD9DA093E1,0.046841173879732766
CC_EEF23DDD2262,0.11374834890587866
CC_EEFBDC9AD94A,0.07993463608760673
CC_EF05000895F4,0.5141453825516872
CC_EF16B2CE0988,0.3826871426309101
CC_EF1DD3F0CBDF,0.06760711903994276
CC_EF2D82085BB9,0.10028734781755606
CC_EF2DBE79D656,0.24981338305005513
CC_EF3000C48A4C,0.06976713554836415
CC_EF359AF608EA,0.03347528019532428
CC_EF362432D758,0.3363450382189692
CC_EF548B30F1B6,0.22833568748894603
CC_EF5B403DFD7E,0.09984969162063864
CC_EF66DA0DDF9C,0.3019801292749108
CC_EF70BA4AEEC4,0.16663241568987183
CC_EF83DD56FCC5,0.06896056027289152
CC_EF8B642A6F8D,0.07446352764950606
CC_EFA1EB27DA19,0.04132079674196986
CC_EFAE84EA9BDE,0.07093731614316698
CC_EFB26BEA106E,0.31787636545402054
CC_EFBB51CD8502,0.2237605357884387
CC_EFC18E9B3B55,0.11514862581936161
CC_EFC4B0020E2D,0.1408213615102299
CC_EFC9FA5108D9,0.16760675081006915
CC_EFE45D9B9D9C,0.047522604114639475
CC_EFF27FA98DF1,0.07339658439738403
CC_F000DA497736,0.25022009198357675
CC_F00107DE219E,0.6572378959896827
CC_F009FC54A64B,0.7615219903178355
CC_F01DF28C6BFF,0.09475819966832139
CC_F037C91F63BF,0.1257139568641512
CC_F03FADA95A03,0.739545472964106
CC_F05235F3C894,0.10953982577743673
CC_F0649FEBFEB8,0.4761410776879663
CC_F066C78B5C0D,0.13430460360764285
CC_F07313626618,0.6319589717192167
CC_F0783F6A56F5,0.7697022754084215
CC_F0791523691A,0.1548197500940807
CC_F080750455CE,0.0646449259019991
CC_F0809EBB0B51,0.029909949890356502
CC_F08259F86E23,0.17388967420712792
CC_F0929F859702,0.17984197738932034
CC_F0A7203CCA39,0.18274916398282565
CC_F0CD4DD9C63C,0.15173304257185077
CC_F0D29AD328E5,0.15792070185338514
CC_F0D339E5B80C,0.05293507808910701
CC_F0D3BC14FA77,0.08817150922792297
CC_F0E16D28D49D,0.1679182450156136
CC_F0EBE2C00A7B,0.05461190886887762
CC_F0F137758DC2,0.05586172646377049
CC_F0F6BD40CA43,0.33367808392520104
CC_F0F6FCF6010F,0.18090555799736197
CC_F0FBC9D4ECA1,0.03167785760656727
CC_F0FEE924096C,0.2518614652057794
CC_F1074E035DE6,0.05824016290911688
CC_F108D26930FF,0.3811807425076392
CC_F10DB853B9DF,0.40669053595420146
CC_F10E06D52D76,0.125934776847538
CC_F11F5F477B91,0.65478865612613
CC_F14913B5BE1B,0.758612520844369
CC_F156C1647E3D,0.08204232180731927
CC_F1598097E314,0.7005312414661122
CC_F1641E3AAB3C,0.04695162458708832
CC_F166878FB959,0.05092013303472795
CC_F17540FE7C9F,0.13621625385141126
CC_F175BB08B29E,0.05421695859740669
CC_F1782AF286D0,0.3778343535479297
CC_F1796AD4B774,0.5826965610890104
CC_F17B3A3A5E56,0.6574038876243959
CC_F1858D6F0080,0.14221225766062573
CC_F18689FA8E29,0.0649081159103868
CC_F18A82B0F153,0.13741538822425495
CC_F1AE7142A128,0.09347350250523444
CC_F1B43DD57C9C,0.11490539902957524
CC_F1BCB7676492,0.08680283676630468
CC_F1C8B8BB90AE,0.1290960389175926
CC_F1E044CD2D75,0.269659064096541
CC_F1FCB96B5E14,0.26605363635718393
CC_F2067E92A939,0.14750544835967505
CC_F21512554CC9,0.08340232697874622
CC_F243956B7575,0.08656150107498892
CC_F24FBC9FD3F7,0.33961040171663276
CC_F252EB3F208B,0.07414401706347054
CC_F25D793346CA,0.36279264699917624
CC_F25EB1ED5AD9,0.0690825227932174
CC_F265A0AE845F,0.7182640631787671
CC_F274BB4AEBE0,0.05138076754994078
CC_F28BF2185131,0.10963598591886223
CC_F29077E45AF0,0.24315193688558417
CC_F2988560CAB8,0.3734289748088607
CC_F2993AB36C56,0.0883515958824929
CC_F29D6C65779E,0.07074853693409251
CC_F2D2BADD0000,0.06259774326104595
CC_F2E4AEB73D57,0.12705629843273547
CC_F2E630BAF431,0.05085086608451611
CC_F2EFCB40AE74,0.1571639447297844
CC_F2F085891915,0.7017995705991926
CC_F3030E2C80A0,0.22135100812584468
CC_F3044C7C16BB,0.06523812256017336
CC_F30B21CB4603,0.09554349293028715
CC_F3140FCE870A,0.08292673655688361
CC_F32A84B321FC,0.17654997226591362
CC_F339FF584607,0.32398112242245525
CC_F33CEE0F6DBE,0.43872088663614206
CC_F33DAF3E9CF0,0.11114191484801553
CC_F34EC3FF202F,0.07156319298990516
CC_F35A6C383B39,0.17721169766042363
CC_F360E0FF27CA,0.061665027408186
CC_F36B7AEC0086,0.11402909053975661
CC_F370665BECB8,0.547458064707503
CC_F373A60E53E8,0.03325116856898497
CC_F373BDAE18B2,0.06494923946944015
CC_F3745BC63340,0.06857190819601702
CC_F37DC9169301,0.14806092253628494
CC_F394E57C5243,0.2156217529041479
CC_F39E98FD418D,0.07476062742993833
CC_F39F51452381,0.03638382937005008
CC_F3A52465664E,0.0613295614975072
CC_F3A8CF761A0F,0.24069899540014464
CC_F3BF1709E29A,0.4021535895164806
CC_F3BF72C29211,0.0757477137181904
CC_F3CF35465CF1,0.04938412702142707
CC_F3E2186DBD4F,0.2834727012456889
CC_F3F0F9B9B56E,0.15811938170437906
CC_F3F185395BE1,0.1458297587154747
CC_F3F68E6599E7,0.07521448135152659
CC_F3F7763C9DFE,0.17467075705026636
CC_F3FFF13592CE,0.058588206218045225
CC_F410C3CE89E1,0.15489495749557347
CC_F410C8B811FE,0.0613496024401987
CC_F4132072D78E,0.12029406657999867
CC_F4157B8E5B32,0.5086979267148922
CC_F41CF067E828,0.1095438365184086
CC_F41DC456E539,0.04217217568125038
CC_F41EEF55A0EC,0.039282671194207114
CC_F426B5C1F07D,0.33374584392275497
CC_F437875F9000,0.23259682495292053
CC_F43C961F8A30,0.1387837234928985
CC_F43D9BF23472,0.0503362790436121
CC_F444BE033109,0.14366595605187307
CC_F4481124F17A,0.15773224555748672
CC_F44EAAF80F70,0.14035438522126223
CC_F4521F6D3492,0.5425557652877949
CC_F46BD9AB1B68,0.139005571016885
CC_F4763AA0B824,0.5277226688582296
CC_F47976F33E20,0.21324693721275206
CC_F47E588D4470,0.18779323272463014
CC_F4A2777912C2,0.13674281576599595
CC_F4A6C2B23685,0.05957489604206931
CC_F4B3EAEEEA8B,0.043326111828650454
CC_F4C6CD1E720C,0.06653127859238753
CC_F4D05DA98C83,0.06743559305516938
CC_F4D15889CDE0,0.1542451701368179
CC_F4DEC1E6173D,0.04001707114475202
CC_F4EFAD6AF8BD,0.3247196502126596
CC_F4F7835A1FA2,0.23571912875513018
CC_F500597795FB,0.17165827705154896
CC_F5197FA9580F,0.6912602490822155
CC_F5240F59146F,0.08261237381962214
CC_F534A0B87C3B,0.15201685908462592
CC_F536972BFE98,0.13824221414974625
CC_F54FDFE5A5C8,0.07897346512404693
CC_F55727F65F86,0.212463620629406
CC_F558EBDCDD6D,0.12964691479269788
CC_F56D569AC51F,0.09272859628258831
CC_F5714D180EE1,0.13290732525946622
CC_F576ED9554AD,0.3326876234698476
CC_F57C2559358E,0.2006665907357237
CC_F5AA72FC0972,0.09637755880854806
CC_F5AE7DEA2B48,0.08409003238642063
CC_F5C6A5E9D495,0.18212551398643964
CC_F5E0731F2181,0.2189918969127698
CC_F5F4F3B03FE8,0.725230877367588
CC_F604D7B9CBD9,0.19463625256337552
CC_F60F13391D61,0.17985414833735924
CC_F618D72DF162,0.08015989341278738
CC_F620B15ACC5D,0.0783123746830993
CC_F62D426D6614,0.14023140792469202
CC_F634999D5C1D,0.027036438846025447
CC_F636E5BAEE47,0.19109557525705306
CC_F6461B692240,0.7173547253542268
CC_F65BAD63AED0,0.20034785141250278
CC_F65DD2AC57E8,0.28091170727796433
CC_F66C6577674C,0.05591104832314053
CC_F670896FE959,0.20279583296617426
CC_F67376F272EA,0.6875020881344647
CC_F67FFE9E884E,0.29144829941094774
CC_F683C99F06C1,0.16031562862277565
CC_F68523E2CE7A,0.7573290613274539
CC_F68E62F9AA0F,0.02784172457055522
CC_F69604E05962,0.08185604476831179
CC_F6B8913740B3,0.09679455382446497
CC_F6BB4952DD35,0.2518784883927334
CC_F6C0B7AC57B5,0.6077470637798421
CC_F6D2B06E6E8B,0.5729991736050419
CC_F6EB30A84C9F,0.279599141838219
CC_F70345A4792A,0.11390922645626783
CC_F7068C1F77B3,0.34851167623718105
CC_F70B0EA8C0E7,0.055296979313633116
CC_F71CC97FCE83,0.10211689148748052
CC_F722224A84F4,0.6577510069644539
CC_F72D1046063A,0.2617828604989279
CC_F72DAB32A281,0.05675735944721305
CC_F733AA5C0ED9,0.06208895901865022
CC_F74043C1BBEB,0.06216544413591843
CC_F74A31E36137,0.06438727123870361
CC_F756B167634F,0.1683756076964599
CC_F75CBE8E1B92,0.48603100179924186
CC_F761F7EEAD39,0.13119194990483832
CC_F79303D62FCD,0.07353006520509084
CC_F795134B52E6,0.6432847850691548
CC_F79533E83ECA,0.08782564822431302
CC_F79F9A7ED432,0.7493479826625107
CC_F7B2FC73E020,0.04122208479114362
CC_F7CF24594B20,0.05769268056580347
CC_F7D31937AA89,0.04304453488685841
CC_F7EFD378035D,0.3912377086548791
CC_F8014B1E00D6,0.03962000481844995
CC_F80ADE95A7C8,0.05896191534234074
CC_F82E58E476A9,0.12128724616620418
CC_F82EB123CC19,0.1700435000152239
CC_F83088660331,0.1296638397248527
CC_F83C6DF6A815,0.549648108872236
CC_F8620C4F7581,0.16693459961240759
CC_F869F4DA5077,0.7957394451811679
CC_F86B1C53EAF4,0.19214700075378566
CC_F87B7F26FF51,0.2403528536578803
CC_F8803D1C899B,0.05649517027540761
CC_F892E51AC9DD,0.05105952979072927
CC_F89C185743F0,0.1307914848765784
CC_F8A4D45C3769,0.1024681899029597
CC_F8AD68EA5A16,0.22811550489175692
CC_F8B4DBD0CE8A,0.36124830263493124
CC_F8F3E551F166,0.27582532402222615
CC_F8F9FE2C9B65,0.25601397587828845
CC_F912A50D0DD1,0.15629457408734548
CC_F91B7C2B1AFD,0.11279683233170903
CC_F925251D4BF0,0.41389204446005495
CC_F925ADD60E7B,0.043009827526676224
CC_F9282C144479,0.06781820520264265
CC_F92EE3287CC8,0.08450113137913311
CC_F93332608FE1,0.16522830841673983
CC_F94070DE3B81,0.05954380729359373
CC_F94C81428D20,0.20738476828602534
CC_F95DFFDA9B12,0.39827322923793396
CC_F96A53B02447,0.6040340823024992
CC_F96A965CDCB0,0.6583887781228404
CC_F9721FEDBE9E,0.17174382067691168
CC_F97C3E145882,0.26384169607744246
CC_F97C64C64052,0.09058710886440027
CC_F98660A07E6A,0.7923384791021191
CC_F98BA4B13724,0.08227450253653132
CC_F9A3F3A76B1A,0.12454350744382349
CC_F9A8E2B3A703,0.11524977643732798
CC_F9B3E7E7F2A9,0.4210320904341698
CC_F9D7D0B1E4A8,0.6712509375118856
CC_F9EDA4EDDD44,0.045299499810288815
CC_F9F2176B12FE,0.05073551396827093
CC_F9F90E76CA5B,0.11128226561104071
CC_FA0157249C01,0.10817299853893228
CC_FA169BCA835F,0.06898135620244751
CC_FA19B61BCABB,0.13635394345298307
CC_FA1DD203C293,0.25942732636657595
CC_FA2E30269BC1,0.1871072423381955
CC_FA304CE8E045,0.22455182530184822
CC_FA310759A257,0.6614903631946859
CC_FA32397E7B8C,0.10287156902029324
CC_FA33D97B84D4,0.10080218174106118
CC_FA38991B9434,0.03143600843198338
CC_FA4079FFF1E5,0.21514922195460706
CC_FA716665CD8F,0.08373573645786378
CC_FA770268B207,0.1759854145821163
CC_FA7A2F59245B,0.45818146580896135
CC_FA8205104EBF,0.09858075456172324
CC_FA8370AF8740,0.06007852748593832
CC_FA858F1025FF,0.12770641347352168
CC_FA86320CF6B0,0.058821914449052895
CC_FA8B341CD3EA,0.23298137592875973
CC_FA9057AAF95B,0.09216802245915502
CC_FA97314C666C,0.05559101329807634
CC_FA974C1D91AD,0.37034174583202967
CC_FAA0E5BC9F44,0.7208717813626626
CC_FAA2694D8578,0.3007633369978155
CC_FAAFFC74BC35,0.6845103426738564
CC_FABA6DCF8E45,0.037923253384823497
CC_FABC53294AC1,0.17892873053891684
CC_FAC52B8E66DA,0.10615507861788392
CC_FAD284D8DAC8,0.8233157935071389
CC_FAE70CA5999C,0.13533565051381613
CC_FAF1CCB40132,0.11145239855680089
CC_FAF93D8B3B59,0.06151060465096721
CC_FB09E5481B64,0.10099766806160157
CC_FB150A1F7C3B,0.12250982633440777
CC_FB1808471515,0.3757690420544789
CC_FB296D823CF6,0.07376145790679083
CC_FB301E1FA7FF,0.03656353017141972
CC_FB33C958A19E,0.4158117886026568
CC_FB40D63FC3D3,0.1742646195782968
CC_FB45A1837AD7,0.10199405633547552
CC_FB45B79CED15,0.10402677868125126
CC_FB52260232E3,0.056877098939397075
CC_FB6A0A7B8813,0.28314861105656436
CC_FB6ED10D82D2,0.08931191902251745
CC_FB78DE84AF05,0.032028101179386884
CC_FB8DF8F93E7F,0.2055203903150966
CC_FB8F89048B89,0.09190465546134723
CC_FB9C3E77A49E,0.12256615056353501
CC_FBA40CEAEA18,0.08253169221057885
CC_FBA998938FE5,0.1567716847788356
CC_FBADBAFCD1B3,0.2734671430957394
CC_FBCB85E21ADD,0.1646923526740956
CC_FBCD00EE4402,0.17190162821977706
CC_FBD40DFBA5D5,0.2931700993545612
CC_FBDECF3DACAE,0.21876146833321417
CC_FBE4E2F652EB,0.21244119669862066
CC_FBEA9510C687,0.2659432026105009
CC_FBED1E2E1CC0,0.13671697773191746
CC_FBF54E48EB13,0.05233641871144947
CC_FC1E279EF320,0.05417919491950618
CC_FC2E1D460089,0.08688827324811477
CC_FC31CBD20CDF,0.16980253317727623
CC_FC41D8134A1C,0.06355929657084312
CC_FC44D7EF257E,0.051079697306477836
CC_FC4A649BDD07,0.22173609295266236
CC_FC51BCDBB6B2,0.13119779848517282
CC_FC57B6E79AAC,0.18827084804265862
CC_FC6AA879D9CF,0.1168674591104116
CC_FC7A926F3A64,0.6510984926561432
CC_FC83CB9C71CD,0.03878506001696139
CC_FC9E6D511294,0.14418646261785695
CC_FCA657E69930,0.38635187712803903
CC_FCB451237214,0.7833507410887671
CC_FCC7E51DF812,0.568815987157807
CC_FCD42ECC012B,0.04995827401984547
CC_FCE8FAEAAEF1,0.10983072930399351
CC_FCFAE9BE2522,0.4041290579786744
CC_FCFDB5DFE5D4,0.09525577542462044
CC_FD24FC7961A5,0.07596827789874516
CC_FD2793DCB5EF,0.11417259363220082
CC_FD2EEF724088,0.12784799288948073
CC_FD3205367675,0.08869664461235224
CC_FD3A21CDCA7C,0.11731169751897694
CC_FD3C4C2FB68C,0.152586507786014
CC_FD41687DC1A0,0.15793393899847713
CC_FD44B4E31EFE,0.09894154785704967
CC_FD5721556AB7,0.06788887810825783
CC_FD643C174587,0.35944670264997286
CC_FD6BFA30DD9E,0.2443871076138476
CC_FD7C9DD7F11B,0.14858225558796886
CC_FD7F2D90CF8C,0.056771148255497755
CC_FD8C4F601909,0.0454974792217409
CC_FD90B45AA24E,0.0865134691409524
CC_FD95457772AB,0.06194333524162265
CC_FD9D9B58DB1A,0.19967585590547293
CC_FDA918AEB5D6,0.6196934140883043
CC_FDD4C2065540,0.3317619266261469
CC_FDE57A2C5156,0.1835141937674573
CC_FDE9920975F6,0.25320312496183595
CC_FDEC856F9C6D,0.06432078689910847
CC_FDEED2AA92A3,0.4211028640036988
CC_FDF5607ECC1B,0.05011404636584771
CC_FDFED3D7E70E,0.19415771603939708
CC_FE0324F99784,0.12321970166904829
CC_FE0A18D6570D,0.042736411465256786
CC_FE0DACAC84BC,0.25077282777293985
CC_FE16586C9FAB,0.25523921610213945
CC_FE16FBC86237,0.16609326276655673
CC_FE1C808C4515,0.06380710508148779
CC_FE1E64201B9F,0.10575167975193207
CC_FE33D60E29EB,0.028589607797386733
CC_FE3ACE674BEA,0.15804665791591394
CC_FE468E9AA9D9,0.027093405605670848
CC_FE5AA923C220,0.16145183947950442
CC_FE6C777DDC19,0.05895701293841339
CC_FE6DD8C8EC90,0.24925405963236677
CC_FE7A84AAA8F7,0.11133836546153004
CC_FE7DB6B410A4,0.12768323060087508
CC_FE8691B1F3D9,0.07180978667155698
CC_FE874279A94B,0.10507903057260194
CC_FEA61499305D,0.1943837537683805
CC_FEC22B334AC5,0.15275728576786196
CC_FF045F9508F2,0.16473471506156767
CC_FF0EFF711598,0.2675230785799572
CC_FF12F53D5676,0.0520223926463142
CC_FF13D426EC1C,0.1758361920352048
CC_FF16A7C8600F,0.22845470953004499
CC_FF2236DC115C,0.43488144124011135
CC_FF2725428B6F,0.06893116445617915
CC_FF3176D91690,0.12415089429667009
CC_FF393D295D66,0.04585768625851212
CC_FF4598202C5F,0.6564910587133188
CC_FF463A4B3D04,0.3300293578992719
CC_FF4703F7664E,0.04678620139742149
CC_FF86EC3C0851,0.4591599037551901
CC_FF8A580DD831,0.15273283277530414
CC_FF8BD8697ADE,0.13910571261716828
CC_FFA681A2054A,0.0433422036489963
CC_FFB6B2D2BB2A,0.372359815219769
CC_FFBFA27643F8,0.14851181283149084
CC_FFC81CC80F9D,0.13777530156493537
CC_FFCC9C0763D4,0.10269618794622609
CC_FFD4E33DC920,0.5607889462465286
CC_FFDE11143038,0.06237282435037242
CC_FFEF28047C4F,0.36656866363784707
