client_id,prob_default
CC_0012A082B7B7,0.13897775856455802
CC_0012BC27DFB6,0.16048042315763994
CC_001563B2143D,0.11691052925035852
CC_001B46930B6F,0.10355130090354951
CC_001D771E1C9F,0.04315786838595334
CC_0028BD91E759,0.09259693731773655
CC_0029971D7EF4,0.23821309736978993
CC_002B8C00B239,0.03205217720161023
CC_0035DFA86185,0.7441702075015907
CC_0042D11A6D0F,0.06252376918562308
CC_004D21A4ABB6,0.12712175399050094
CC_004EE05FC2EF,0.45263692159294383
CC_0050E546EDCE,0.7055464132433122
CC_005D7F31F785,0.054250855250668945
CC_0079996ED779,0.2072972526612666
CC_0082B4E1D9CE,0.03479530957227467
CC_00B01C73CEB8,0.17745841601843793
CC_00B74FFEEA53,0.2098056910433722
CC_00BF6791C18C,0.12105967313550423
CC_00C5E30B288C,0.3174610404328494
CC_00C68CE1CC12,0.39169077671619973
CC_00CC4148959F,0.17698390279082746
CC_00D428772D30,0.39249320198922655
CC_00D5806C7783,0.10319778863734586
CC_00D5C677C2AE,0.5008696009299505
CC_00DA781C4D66,0.07815738241951052
CC_00E7E2D6B548,0.21765928913520333
CC_012BC0A68DC1,0.09199870955619091
CC_014911033882,0.17126068610598055
CC_014F7EF4E595,0.6639562274880539
CC_016501B25F2B,0.04190351147623079
CC_016767D9B049,0.04145997219568151
CC_017598512EA2,0.11492932379663323
CC_01941532C804,0.2188275167162526
CC_01A66C6E22FF,0.7854246256684867
CC_01A684355200,0.16785681836689198
CC_01AC62740827,0.10871574312627881
CC_01B0EFE5DB79,0.2933271983654874
CC_01B876B2988F,0.21217147661743474
CC_01CBB64C1DB1,0.3608484774378703
CC_01DBD993A1FC,0.05856939569595373
CC_01DC49D55C2D,0.0309628841817286
CC_01EF18A3ADBC,0.5460146226948587
CC_020252D37557,0.16994546227922502
CC_020BCDBCA8CA,0.3323127378259756
CC_021A6DD97ED4,0.18192302879044306
CC_022054506F33,0.06750509314065795
CC_0225D6231EAA,0.06865817341742195
CC_024B524B0176,0.032515089013882385
CC_0256303A6DC0,0.22665949035833835
CC_02589E6E4714,0.054755092877682585
CC_025927626E10,0.7167558472170623
CC_0283023DB294,0.02836507616413843
CC_02903C6FC0C0,0.1917619100592512
CC_0296E572CF21,0.03658486498216326
CC_02999E509460,0.5970902795771187
CC_029E835D91BB,0.07095613084588759
CC_02A32EC3526B,0.06123195546307908
CC_02A393632CD3,0.2919701085340579
CC_02A3E21B28BC,0.7646976538699395
CC_02A4B4644529,0.0785049606245289
CC_02B43865B30E,0.0557588547000146
CC_02B5A1A178A2,0.1678751990435766
CC_02BC4785773C,0.2283164602017152
CC_02BEDD9627DD,0.6900208706485325
CC_02CD2C1EFBB0,0.11580529104404984
CC_02D4430492D3,0.3414857591714602
CC_02F79A06858B,0.10370016240725945
CC_02FA254C9D43,0.0357796526159059
CC_03062402B4EE,0.05245088353266969
CC_03072CF2EC63,0.3569928568442168
CC_0315369B079D,0.09556902096844816
CC_03199242A810,0.14826922554922295
CC_03214BA76DB4,0.2077043712849692
CC_032735A44CC6,0.06737526041002916
CC_0330340F2FE5,0.18696148901915782
CC_033236FAAFDB,0.17476059297433483
CC_0337298F948C,0.03525804251629725
CC_0341CAE5E2E8,0.22703212132624256
CC_03434E2371CD,0.3361096565259444
CC_03547AAB948A,0.21800160701121601
CC_0354D0453D8E,0.11650084700294723
CC_03592E51F427,0.7960306666465342
CC_0365DEB525A3,0.09774450768848918
CC_036782052BC9,0.34928700380448563
CC_036977A50F1A,0.1478537181199179
CC_03720D08B8C2,0.2871483542037605
CC_038AE599BCA8,0.3372396687688609
CC_039E67CDFE1E,0.2710627505927476
CC_03AC962FC717,0.180593952773338
CC_03B00DFA3A85,0.7328663653194847
CC_03BC6380E968,0.49639380499026753
CC_03BC730E0B02,0.0221532116766713
CC_03BD4F22DA3D,0.1470455379703834
CC_03C7E1EF6F69,0.7932697734355187
CC_03C9FA383477,0.0958410770587932
CC_03D1AAE90CA6,0.06534985086207651
CC_03DBB9598F39,0.15220679697362494
CC_03F18B43797C,0.08802015434237026
CC_03F80118E46D,0.06288862076095608
CC_0405E0151A6D,0.19129009425113214
CC_041FEE6C805E,0.3457341066581307
CC_042F88EE269B,0.18800193963273876
CC_043D98ED7F98,0.1700374889991808
CC_044C3537B769,0.1590702948019229
CC_045932C46685,0.11990686513512422
CC_04629624AA8D,0.19029372256423965
CC_04690B4A6AF1,0.2464339817958956
CC_046CF40369FB,0.12823293795538832
CC_046D6EC816AB,0.39413137880839616
CC_0475CD95EDC9,0.11624705502829494
CC_04796F06B82B,0.12673340828689722
CC_04AC7C1CE736,0.28850604024699167
CC_04AEDD051B96,0.31639964717524294
CC_04B42AD0E01A,0.3713967962882795
CC_04BBD1DB360C,0.3187685124877842
CC_04C767FFDA0F,0.4971978737692204
CC_04C7B819B9B9,0.0773873473470564
CC_04D127A775DE,0.08155522937988058
CC_04D9ED00053F,0.06074062235291838
CC_04E0EFC4F548,0.30301186588336143
CC_04E6848903E8,0.0328733710781173
CC_04F69D03ECE1,0.24794245381201768
CC_04FA1CFA1DEB,0.20392173023773177
CC_04FA6842AC62,0.027564628106511842
CC_0502F3791166,0.27543024136974736
CC_050B514E15FD,0.15028590834381123
CC_051ADBD6D835,0.11278411635648625
CC_051B4644216C,0.06399085701343354
CC_051C0A644DD3,0.02369184786193384
CC_051CBF566856,0.041852829653870466
CC_051EEA9AE819,0.15928675013015467
CC_0520E27BE904,0.14130779291600684
CC_05224448D290,0.11237763953937721
CC_0525DE4744C0,0.042153009500416505
CC_052F5CD81EFE,0.18144131111578993
CC_05368FAD2E6D,0.06570855899174304
CC_053788B82006,0.09930007950912947
CC_05471A48C6F5,0.16854742400447298
CC_056DBA1A87BA,0.06438919726877684
CC_05901F3E7A0D,0.17610263688962902
CC_05906BC8ED3F,0.13779660283128675
CC_059D55E32C78,0.08368422004008547
CC_05A12EF84A86,0.5098830707901723
CC_05A42D035609,0.159951470466012
CC_05AD75A5CE38,0.043150592241927396
CC_05BBD4B92613,0.540893419327144
CC_05C8EF6500D7,0.7622792789241843
CC_05DDB7B07497,0.06980230217969274
CC_05ECAE6E0774,0.2262098654255619
CC_05F11F14DF9E,0.32728649254714726
CC_05FA9192590F,0.130873261056341
CC_05FD764FB154,0.7256162199302998
CC_0608DBB4DF03,0.2745430320297101
CC_06198383F6D4,0.10142655746711757
CC_06199EBE2B05,0.18621639390694694
CC_062A8881A331,0.06873763694872759
CC_062F74350907,0.041688110575975226
CC_0635AD30F004,0.7678769438336461
CC_0639F539946C,0.2818707322495483
CC_063DDB42CF5C,0.06978155202969966
CC_06405C00E240,0.27340034848012507
CC_064920FC9DAC,0.07092028288877833
CC_0650AB329174,0.7840258405555411
CC_066941B109B9,0.18598215867710632
CC_066AA16F5874,0.27932780646804034
CC_06732311FB8B,0.1656170014559571
CC_06780061F889,0.12691691261643698
CC_068A81B06B74,0.46596665701285533
CC_06A1C5FE269B,0.3128762480137534
CC_06AA7138DAF8,0.030866967942823745
CC_06C0DD0D066E,0.735071074253979
CC_06C97CFBD476,0.12758302494755558
CC_06D15F523C05,0.19489127207736878
CC_06D35787AD65,0.03592677483513575
CC_06DA375201A2,0.08704880388186227
CC_06DB455FF19B,0.6668804132280122
CC_06F3674E7313,0.48419449759803745
CC_070232DF9996,0.11302989699056004
CC_07141FA77DBF,0.0918290852165691
CC_0715F11CC8CA,0.21670307498349373
CC_07168A9C843C,0.19276464605578986
CC_072AB9F855DD,0.03732502120661474
CC_07337AF6AC2A,0.12526521469833032
CC_07434E4E5C28,0.060319614882710315
CC_074381358A2C,0.02845756231846269
CC_074E7CA75E8A,0.2819234835718383
CC_075D0C618BAB,0.19148564254084438
CC_075D804F7851,0.08866938982650191
CC_0765961D818F,0.43409529706863115
CC_07698F10563E,0.05381656623191719
CC_0773B9BA9E18,0.33034489343812484
CC_0784ABDA7F8C,0.18395013688015838
CC_0790C9F9EC9C,0.08249079692712274
CC_07A996E6CA6C,0.26622891652397157
CC_07B588ED677A,0.1545331308322706
CC_07B730FD7F82,0.17496189857834896
CC_07BE6961D039,0.07064874530800445
CC_07D23A6BAF5C,0.13720994165596867
CC_07E08196A3DB,0.05400254032717235
CC_07E4850039B3,0.11820113247537536
CC_07FAAF8B2D23,0.03848337398982005
CC_07FB3FD9BE0B,0.10410078530270375
CC_080CB94A724F,0.2810739813763948
CC_0837C56711FE,0.08328444933435838
CC_084100A049EE,0.045174067802664475
CC_084113D0951B,0.30015879485515085
CC_0843DDCDD601,0.6540294575170702
CC_0846C14EAAFE,0.06117163867527739
CC_085091ADED2C,0.2339683693397327
CC_087943B4A5D2,0.16906950040515983
CC_08A97B98C405,0.1468717434013495
CC_08AA321BC4AD,0.17197180677834042
CC_08AA44ECBDD5,0.05903889972258076
CC_08AE2EE9D798,0.18952429628059736
CC_08B149462891,0.1851164327862926
CC_08C71A8D2D58,0.04888905580162201
CC_08D645F7B257,0.03985692918013348
CC_08D80BF0B273,0.052957118899310415
CC_08F52B1BE431,0.27188065539752665
CC_0903571AC7E7,0.1529986608956721
CC_090D528C09D0,0.45993820785485295
CC_09106BA6CFC9,0.08997024212087497
CC_0915905A5D48,0.1289697133425915
CC_0918F67CDF01,0.1606404188162198
CC_0925D0B6276C,0.15777948118639748
CC_092A2830E36A,0.7818097689112076
CC_0951489C8F79,0.02672695584483227
CC_0951FA4D5513,0.09063590587386902
CC_095C712064EA,0.09909616926370383
CC_0969AA7BEC71,0.07691193367255009
CC_0974840BED49,0.7713034474975137
CC_097BD371F652,0.08716144205863652
CC_097C8139DBD1,0.05381300490731247
CC_0981CA4DBCE0,0.022070380052458934
CC_09A5D2F129A4,0.2494688610249982
CC_09A9BE38080D,0.09428632429418772
CC_09CDC42E000B,0.1667069870474255
CC_09D8DBAB2A42,0.0959574065832024
CC_09EBB1960580,0.034781154491320104
CC_09EBF206FEE6,0.2114281692598936
CC_09F2AE996181,0.08771305101026039
CC_09F45833F53F,0.1648978015678782
CC_09F4F5C5B4EA,0.7548656422774922
CC_0A04BF4005F8,0.2023119535239248
CC_0A0E563D1060,0.08034861637042315
CC_0A0F781A999D,0.18936793214987555
CC_0A1138C37BC0,0.18477384938421293
CC_0A334A16524B,0.06872975655608768
CC_0A359CD5D73A,0.06514168810384226
CC_0A3E2C273DB5,0.058101988070648446
CC_0A4705B1E08B,0.03810374960419127
CC_0A67EB7C5282,0.1588805645803264
CC_0A6CD64871E5,0.3343479152049554
CC_0A75643FDC7B,0.0622376100550322
CC_0A8066F501AC,0.0418098888365866
CC_0A83017D027D,0.19510796534503455
CC_0A9AB7441D5B,0.3220718577791303
CC_0AAA72FA148E,0.356205973035431
CC_0AAC488C8AE4,0.4609260854914228
CC_0AC2DB82398C,0.31906572377661624
CC_0ACA2C49A497,0.14124477052482004
CC_0AD4BBEA75ED,0.02966615973080612
CC_0ADCD6553B8C,0.06670128895280178
CC_0ADE56B56C41,0.031139503542869894
CC_0AF4B5B4162F,0.7282113319039472
CC_0AF9BD814AC7,0.10821292929498728
CC_0B083BE0FEA3,0.1167765386276178
CC_0B1384331163,0.06169724781616276
CC_0B216C6AF0F2,0.020855592249461416
CC_0B3465DB0684,0.6005353024942865
CC_0B442B91679E,0.1544507641710474
CC_0B455175F494,0.09862763576497477
CC_0B4C01B4002C,0.2241628537855168
CC_0B544A526D6C,0.06870982554879894
CC_0B5B19AFCD18,0.06554603478397035
CC_0B5BD2D224BF,0.06580650601337835
CC_0B6407C2C9BD,0.16034516036034727
CC_0B73F59991EE,0.09534482441848793
CC_0B7579216681,0.07447215411156308
CC_0B7F3B4B32C1,0.3000616193600988
CC_0B830A67900A,0.14255230321888177
CC_0B84250F96B8,0.20628547574356043
CC_0B92212B8E27,0.28076232357970793
CC_0BB43BC4B3BC,0.11449403542459716
CC_0BB992973640,0.06500619667421974
CC_0BBC41297846,0.1174149355048835
CC_0BDDB468A1E0,0.30406110672190706
CC_0C00A631C2B4,0.07004477958849893
CC_0C011AF6C857,0.354591103456367
CC_0C0459AB67DE,0.13441929112934872
CC_0C18B07E451D,0.14408614025369065
CC_0C19EB845CA2,0.2885293825123585
CC_0C1A736F37CC,0.08496477200649286
CC_0C335C9D86F7,0.7798930385286725
CC_0C4C24D066E9,0.17930313137942205
CC_0C5499989AF4,0.1782889813564864
CC_0C95548CC1BD,0.16717978640742637
CC_0CA2DE660B41,0.22564918459600408
CC_0CA6D8CFCF2B,0.22999015675732232
CC_0CA9DF9C5C15,0.06312493609685443
CC_0CA9F52C92A8,0.18460562940610004
CC_0CAFB6C41CE7,0.12929206641484564
CC_0CB27D5313F1,0.5873726715074485
CC_0CC9DDDB8B44,0.041417222517273186
CC_0CCA18595BA5,0.27048656497010654
CC_0CD90568D3E6,0.2557332164461895
CC_0CE0D56B0584,0.07103252457158796
CC_0CEA028BF961,0.27077863197235047
CC_0CF67D68AF16,0.3491736893856081
CC_0CFAA0FB0691,0.06435490522558357
CC_0CFFD2785D2D,0.08380073595477541
CC_0D28AF91CE97,0.1640316422389599
CC_0D34E55A580B,0.1289636695485194
CC_0D3663B6524E,0.7520268954713275
CC_0D3C2864ACD2,0.3389465049288346
CC_0D5F4BE8132C,0.1575536071673211
CC_0D6D5ACB0889,0.18417711121106572
CC_0D7BFE8CC0D5,0.12752479003234524
CC_0D8852AAB481,0.2226311017646404
CC_0D97EF394C79,0.41711837692801046
CC_0DA8FDDE6DD0,0.058368893674630426
CC_0DABB89E37CE,0.08441240690811064
CC_0DAF0F2FAA86,0.10463699205029436
CC_0DB9E5F8EDAD,0.08269030356480613
CC_0DBC64F88C05,0.15328356558409054
CC_0DBDF018E822,0.13191932912388296
CC_0DC31A5A1096,0.04663071261516477
CC_0DC3870F23D0,0.0346199039881507
CC_0DD39F5D7C0D,0.07006997855458275
CC_0DDC2C18BBDE,0.04812436203068906
CC_0DE09CAA93E5,0.17524777505269346
CC_0DEA4477FDC1,0.13158568714460633
CC_0DED63EF6639,0.19296979112987642
CC_0DED7DBF26F6,0.2818850299103812
CC_0DF01CD21B9D,0.17117058322105183
CC_0DF6A478C01B,0.2196029524423202
CC_0DFE1A3FA5AE,0.17250273093659
CC_0E07D5FB24B2,0.14354903072316919
CC_0E0CD9F23A5F,0.691631029979657
CC_0E121FCB1D47,0.07070770742629941
CC_0E1423A4C263,0.19308774504963988
CC_0E16883EE8E6,0.4261213997559453
CC_0E1A2BA1C545,0.21513699539888256
CC_0E2B52BBA69B,0.048565236349706754
CC_0E40BAFC3530,0.1624667754234188
CC_0E48EE235179,0.07803543058807855
CC_0E4FA0FB9797,0.6466473855976277
CC_0E5162F59924,0.7605811806301477
CC_0E5E2FCAC8C2,0.2631937172021448
CC_0E68C2BE2A75,0.14487493593108602
CC_0E6C5A8D8CE4,0.09726253205482296
CC_0E6E9B0E674E,0.09652674030937179
CC_0E746EAD6CE9,0.06850921286297132
CC_0E968E7C22C1,0.3044279483415892
CC_0EA1483F50A9,0.16077476238055743
CC_0EA81362C7D1,0.20343235193607906
CC_0EAE97520873,0.3149177264757777
CC_0EBCF4228FF2,0.5202622127815448
CC_0EBDEFD0BDC2,0.05485906505606261
CC_0EC6AEDA63EC,0.22473813938578607
CC_0ED61DD76795,0.1071293854294351
CC_0EE33B1B71D5,0.13891093885803985
CC_0EE7EFF13EBA,0.06247494283635728
CC_0F0F136B0991,0.14448733015504717
CC_0F0FAF218BCB,0.04849069831968326
CC_0F125B48F175,0.07679478761099998
CC_0F292A238627,0.0998940273169622
CC_0F2949A1746E,0.07501018144661709
CC_0F2B71163121,0.08148060253842448
CC_0F393F1DE2EB,0.07464985208472022
CC_0F41B187053C,0.39295275403717067
CC_0F52EDC9D383,0.11275297004898238
CC_0F62C4F36236,0.10209910532683657
CC_0F6A29CE5D45,0.16612285518308795
CC_0F7C0515A6CF,0.14712414599290063
CC_0F8D6C89202F,0.16785926319731942
CC_0F933684CC08,0.19432878453684765
CC_0F9BA54F2AF6,0.04615829825984022
CC_0FA06CE7FAE8,0.03937675102071902
CC_0FD25AA655DA,0.15972128915719186
CC_0FF5570E06EC,0.6593123926029403
CC_10197FE0E34B,0.6701188076169475
CC_10355B5718CD,0.10288892510659745
CC_103A9D18EC12,0.15651725295510494
CC_1040DB6A21EA,0.11150170794977589
CC_104D2B84FC4F,0.036313250921735506
CC_104EA2802A11,0.08737886053783661
CC_105777B1BF91,0.06339702815267233
CC_1059F1B6C0C3,0.17050190668959708
CC_1061947FDD14,0.05267640819891582
CC_10689257E68C,0.3433048905948644
CC_106BFCFA7D7B,0.03264033738584974
CC_108FA04AC10D,0.09635793530690245
CC_1092915D0093,0.11888914609748631
CC_10A30F88E157,0.15115832674759108
CC_10A657027AC9,0.726115285937304
CC_10A6EAF27BF3,0.04900690105335695
CC_10B148BED568,0.43633333923123524
CC_10BB7101F191,0.02858758304280908
CC_10BC5BC3A9AD,0.4098608154910521
CC_10F27C70AB99,0.09915276921384619
CC_10FADDF63CDC,0.17668806638991938
CC_1107D9301AA0,0.0780549258330871
CC_111A6DE5D9C7,0.7455608844918385
CC_111DC3B1756E,0.2188642596305861
CC_1131156CC6F6,0.15177640418664767
CC_113B66D5D5D9,0.11904453332313628
CC_1143254EFF36,0.05142666342886479
CC_1145E5277FA7,0.2590200402715652
CC_11521077BBB0,0.16258543287773733
CC_1154861ABCCB,0.587437408365834
CC_115BCAEAE2A0,0.10324921544225965
CC_115BF13E8BFC,0.22962369885338774
CC_115EBE5044BD,0.36447925719114094
CC_1165AA07FC47,0.7278211405406605
CC_116EE8219753,0.05704350409665901
CC_1176FA3233B3,0.043079980911486654
CC_117C2A1587ED,0.09629885185690851
CC_118C0A1D14B2,0.2917581948351085
CC_118ECB589F3C,0.11683270552462972
CC_1190F13FB1FC,0.11987987767619573
CC_1192EEC65A1E,0.26786198247647175
CC_119B1FEC4D83,0.23279740641953373
CC_119C413C2580,0.17140341419609928
CC_11AB74142A2E,0.7995458442640394
CC_11C8A291FD11,0.165402926599843
CC_11D1E9C39E41,0.06098155930589577
CC_11D600EE1BD6,0.17740229516306066
CC_11D7539AC69D,0.1850183230384972
CC_11D78BB50016,0.14543021790023755
CC_11E0C583685C,0.11956903235263508
CC_11E0D2F15AA1,0.03529366398837849
CC_11EDFE67C719,0.6516135964631162
CC_11EE85F284B8,0.23534464854211193
CC_11F700202C6D,0.15613565735385765
CC_11FB668DF543,0.10285812785130179
CC_1209FA26609D,0.031819209013128194
CC_120CA1B916D0,0.1278140900456745
CC_1210186F4D33,0.07059854455326232
CC_121F621374FC,0.24585121825348777
CC_122532C1FBCB,0.13198578370693476
CC_122B19CBC88C,0.6364858483558562
CC_123C7F0111C7,0.5958277050270074
CC_1241EE42F174,0.14700373159903923
CC_125B7100F1DD,0.14162132410680586
CC_1263B255B3B5,0.1955512529665154
CC_12878596E940,0.07570054422559377
CC_1298ED71A9E0,0.06243199347174995
CC_12B555C6F086,0.18066086813271254
CC_12D22C629874,0.17142078038644884
CC_12DD89EA0C14,0.19867769379407987
CC_12E24CDE2684,0.16974899426252238
CC_12F3B7309455,0.6199503283549525
CC_12F8E7A4BBE5,0.3535261273651392
CC_12FDEAE4873F,0.21189968479523522
CC_130F7B067939,0.3584342384893996
CC_13209EDC85EE,0.6582512187187253
CC_1332B6F0E543,0.25206124218631243
CC_1334E256AEBC,0.5606884375357587
CC_1337726B2AE6,0.08273454065223815
CC_1338237BF402,0.20844868965328728
CC_1341DF38D9C1,0.17955351721087043
CC_1342F868176B,0.6977579347033012
CC_134651CCD2F8,0.12252111796516
CC_1363E3090578,0.06202173330621095
CC_13736493B695,0.07048973074425204
CC_1392DE633D4C,0.29352662449963546
CC_139ED2E0AD76,0.08873474051975155
CC_13A5383EA098,0.6346689120028355
CC_13AA272C6861,0.05975320141149355
CC_13B74E4EE3EF,0.19676596143607233
CC_13C437E86B81,0.49170541234274645
CC_13D61B077E7C,0.07028555576270962
CC_13D7115A8FCC,0.1636676520196516
CC_13DFE319B21E,0.7791332277204988
CC_13E0F0B3FAE6,0.21035184435205728
CC_13FD88C2920A,0.686976957628497
CC_1401CB818627,0.2010246674893204
CC_140B86E74F74,0.7702397181475465
CC_1452A0B69085,0.041439086359330926
CC_1458CA7329A7,0.24479213006702746
CC_1459E7125AFB,0.07881025540587504
CC_14633EC7F622,0.3989060062808561
CC_147B1B30DE7F,0.11952010416434883
CC_1484511F54C5,0.2983577987114194
CC_1489A941A69B,0.2954127058462129
CC_14A8B16706E9,0.08387103069466209
CC_14BE52BADB77,0.1009376469635942
CC_14D53413FBCE,0.3200710582823971
CC_14D59B58E51E,0.1382780880598169
CC_14D964327B1D,0.05593952680031636
CC_14F5D06CF093,0.12506474331252862
CC_1501D63D5A80,0.34154964636256835
CC_150E3A0E5084,0.2145324155415295
CC_15152312AC56,0.07166415094457715
CC_1522BA0411C3,0.05650954495568092
CC_1534B0241A1B,0.047572299829001366
CC_153BE2BEB74C,0.1294264275247114
CC_154BBCD4DCEA,0.25556492487883764
CC_1552EC27FC0C,0.7069981848288885
CC_1566BFF4BCDC,0.3297696577663504
CC_1579BD86A63D,0.3161782385941456
CC_1583CFD90530,0.27918060829594826
CC_1584385F38C8,0.0679732719826136
CC_159656F13BE8,0.09916542651493357
CC_159B6F6AAF1E,0.0900220562116529
CC_15A4934FD96E,0.12362877710340087
CC_15B2140CE869,0.10092825856803592
CC_15C0972DE384,0.6520711888948643
CC_15C0E30FF2DC,0.11130453149166511
CC_15D617FAB434,0.050424171979640935
CC_15DA0F4FFF0E,0.31437287016118837
CC_15DAE76D15DF,0.049917083505901856
CC_15DC7C139EBC,0.33770241619025543
CC_15EB741857ED,0.08233349485783023
CC_15EC51F4C521,0.3052604149051931
CC_15F6259C7C53,0.07734426348949877
CC_15F7C012E10D,0.4319650416351512
CC_15F7C1BEC28F,0.19348440342813356
CC_15FF58854AEA,0.2501367167185759
CC_16035CDDC2F6,0.16152237569014818
CC_16095572722B,0.05007480505283199
CC_16109F1CE0A6,0.26655525039602657
CC_16150E74E4DA,0.15580128066495225
CC_1629E47AFBA5,0.07923174130123548
CC_162F4582D06D,0.6068645491484537
CC_163194DFEDDA,0.03480714388598312
CC_1640F01B7730,0.10494485457628633
CC_16460554039F,0.02657514437152958
CC_164D308CDE41,0.22487104709860145
CC_1661041F819B,0.7476937592161534
CC_166829780A76,0.1296922727236438
CC_16798666E855,0.10918780963273207
CC_1684B5493414,0.2300175603772756
CC_168A8907C8F4,0.06676675066839916
CC_1690EC56D088,0.06540672238815655
CC_169853EEAB4A,0.09510919761900219
CC_169B7FD839BA,0.14796102541446696
CC_16AED1A3008A,0.15053700635001926
CC_16BAC7837C73,0.18192520102539733
CC_16D57E1EEA01,0.1401062485266261
CC_16D833E56D7A,0.19099319539633888
CC_1702487A047B,0.18960394679962583
CC_17029F78E70E,0.05675633793491991
CC_1702F3E986AE,0.07498653154777776
CC_1707181BB559,0.04194171119246566
CC_17117BF03935,0.22176273527158757
CC_1723E40C3D40,0.23857710660880466
CC_174FBBE9ADD9,0.20694618299933087
CC_176E6E58FD1E,0.10867685681969108
CC_1783F37259BE,0.09391961876629198
CC_178B135605CA,0.08606061673052831
CC_179AA5165026,0.35409114110781464
CC_179DBA1C4CDB,0.31142091687624013
CC_17A1090B69C9,0.11067911587870004
CC_17AA1A4C904D,0.2063082264974436
CC_17B06C06FDC1,0.1510830017621905
CC_17B89AC1FD03,0.21461723275934885
CC_17DC33AA73F3,0.05695112237072282
CC_17DE4D267831,0.08993567389035825
CC_17E929BE0344,0.3692179173391403
CC_17EB83DECE5E,0.4392692966502325
CC_17EC9982E5A6,0.14031561612017657
CC_17ED5555B4FD,0.2495544868216904
CC_17F4292DAF8D,0.10461455914513934
CC_1807B0980C86,0.06934117137918366
CC_181354A58B53,0.0724542139762448
CC_181E7266E018,0.10203441073663293
CC_182AAE7CC3CA,0.4760053438931964
CC_183EDEDC5DA7,0.08472766555584953
CC_184C47552665,0.26442769424123336
CC_185A7392A475,0.2949342738904839
CC_185FEFD3233A,0.40957682705183784
CC_18676FE5FC07,0.07403899159583888
CC_18776C4FDE28,0.08619452325521798
CC_187A8AECEFBC,0.15269484836044905
CC_187E7D0B4E82,0.7145481168475394
CC_18839D393105,0.15506847054333478
CC_1888476F6CF3,0.14703338018837228
CC_188B1ED2AAA5,0.3228367599527664
CC_18A4257C3172,0.28566167581431284
CC_18A7929D9FC9,0.30318781598898925
CC_18A8695F185E,0.11304987412916218
CC_18ACE64E8F74,0.20958144186805155
CC_18BF4A29BB38,0.13837135848831855
CC_18DE36F7D294,0.14587600908606663
CC_190EB07AC1FC,0.12825163702887782
CC_19219F2C60B7,0.1732808563266332
CC_192262DB0B0F,0.08256955033698674
CC_1929746E06CD,0.6112538270510874
CC_193356E72D61,0.6556612379760899
CC_193938E8EA40,0.18490748416690178
CC_193C60092202,0.5245703647284244
CC_193F669537D1,0.17691838275504018
CC_194E13150BE5,0.05021763012962138
CC_19556DDCCDB3,0.035389669753144545
CC_195A6E9B48A2,0.12668165945089566
CC_196DEC616B33,0.0954616127800553
CC_1978B23D64A8,0.12291311389318939
CC_198562A4BD86,0.120985864939575
CC_19864C9572BC,0.15899479372701297
CC_19868B6887C9,0.12788558987754045
CC_19969E05AB2B,0.16444808561648713
CC_199FC89885C7,0.12856127912845924
CC_19A40411B404,0.2640144814307399
CC_19A6D9B60B29,0.663657123725591
CC_19AAB010550E,0.06351351229766485
CC_19B4743DFEEC,0.0809266481035964
CC_19B95A61D757,0.1731366195564057
CC_19E6A00F6A5B,0.0632965343635846
CC_19E8DEC29F47,0.5850904433058564
CC_19EA54976042,0.1576738928063064
CC_19FBBEA75B7F,0.14007837639268922
CC_1A039E58840A,0.05459511012001722
CC_1A075331756B,0.11792960911983688
CC_1A1E1302C432,0.1557966430868731
CC_1A37690EAEDB,0.1627494941031517
CC_1A3BF9F5BD42,0.1456574381415351
CC_1A4268FEB02E,0.17393028273955574
CC_1A5F8618A912,0.31250634909563213
CC_1A659D4D521E,0.4025375603458825
CC_1A879655902A,0.06737933986124087
CC_1A9F6DA46BC2,0.11922022250007724
CC_1AAB15E81743,0.031386376563675294
CC_1AAC389EF8A2,0.23236399690637125
CC_1AAD0CE365D9,0.13585371694339776
CC_1AAD9152C90B,0.052375076423938564
CC_1AB15BDA9296,0.06734331267618207
CC_1AB8BDA3041B,0.19224796401691424
CC_1ABB9CB074E2,0.7067760370294986
CC_1AC1B1A3978D,0.05600032609791375
CC_1AD20D1F9C08,0.7190347853492585
CC_1AD881A90D1A,0.3100557267731894
CC_1AE9811724DD,0.7648100286776396
CC_1AF1AAAB9D12,0.7443701470586908
CC_1AFCC4D0ABD4,0.16805450009194706
CC_1B08ADAFD1C4,0.17556339932034248
CC_1B10139C7917,0.12421755417725638
CC_1B127133B948,0.16758010891548825
CC_1B25964EA376,0.15879512053322878
CC_1B27A85C7244,0.18708329875623828
CC_1B29F4378A34,0.1368580064008362
CC_1B2EC0BD0677,0.34683461280351385
CC_1B4AAF37FB97,0.08713041706462424
CC_1B5E792F6E6C,0.31684710593043985
CC_1B7166DAA790,0.17244030312873151
CC_1B89FD901C95,0.09641784750621138
CC_1B91E3A70338,0.07407464689573212
CC_1B9D9B7184F7,0.1650774869620028
CC_1BA3FDD92B1B,0.05673240394408459
CC_1BA9B3D67170,0.16361354494544658
CC_1BAF97E2BCF2,0.0978284962199924
CC_1BB7D8A54021,0.07746808206423716
CC_1BD548A5FEF3,0.11363940427685335
CC_1BDF1893ECEB,0.24922739473291727
CC_1BF117A8AF9A,0.054500381590349076
CC_1BFA7E407428,0.695833054880172
CC_1C0066F472E4,0.6886496282794564
CC_1C09CC2385AF,0.06363696057505451
CC_1C11467AB472,0.6493331960336441
CC_1C1627B7EE6E,0.03754526660474237
CC_1C3259B85E28,0.16657817746903253
CC_1C334ED885FA,0.03351220050443123
CC_1C376760FE39,0.07797076712490694
CC_1C39A1ADF3F2,0.15542468388552652
CC_1C450FC77478,0.13306336564912863
CC_1C48409023DF,0.4015175757407924
CC_1C4D03324C60,0.35509005114933223
CC_1C5F1E1028DB,0.03557314895125389
CC_1C6681C0AA7A,0.7769577671634122
CC_1C84CFE19CDC,0.21572015299108085
CC_1C8B3F689C6D,0.23185978265407423
CC_1C95674B902D,0.04435669183158246
CC_1C9A4C11F28F,0.1644301314906022
CC_1CA3F50BABEA,0.07980472427825885
CC_1CBF42D35AED,0.6180816862386111
CC_1CC11BEADBD5,0.11673608514531797
CC_1CC3CE396A8A,0.22870095257718262
CC_1CD2B13C2E6B,0.08421771498076176
CC_1CE0B37CA670,0.07641072879947783
CC_1CF5A99FC068,0.1327443025950247
CC_1CF71AEB6671,0.07267249982455873
CC_1CFE066F5EE4,0.19563975984893034
CC_1D00B360809D,0.0608968280201143
CC_1D1173F82F2F,0.11320106380099729
CC_1D1E06E0B393,0.17539228541771873
CC_1D2789866B1B,0.0713029566790669
CC_1D2DD7DF781A,0.18997939433625155
CC_1D313498A2DF,0.1802868985118637
CC_1D68396533F9,0.33653412012511613
CC_1D7235BA1EAF,0.19457197732522297
CC_1D7ABAF9D080,0.043400242009028756
CC_1D7FA51D0D7D,0.48164237466583326
CC_1D8CFB3589AE,0.05807846174547394
CC_1D9421A6EB19,0.3332911045908092
CC_1DA0AC68719F,0.3370610443348734
CC_1DA366D588B6,0.10784771759930767
CC_1DACBFE0296C,0.10942486203951943
CC_1DBD6A716910,0.6580710222734484
CC_1DCB75B5CBDE,0.33683970116409956
CC_1DCDADBC0E90,0.4314500438756341
CC_1DD11FAF43E8,0.13066897698886815
CC_1DD8064E71C7,0.1616599892053165
CC_1DEC926EE25C,0.11634327609735914
CC_1DECBAE4FC5B,0.06293783798909035
CC_1DFF80E6D4DF,0.06304477769762726
CC_1E025C3597E7,0.23381687442448318
CC_1E082052CCBA,0.6222705033554085
CC_1E0E30441DD1,0.20861402105165244
CC_1E20E200611C,0.14190125884424962
CC_1E354C75EB9B,0.02787091757393966
CC_1E3B2C15EBCD,0.18659718612400655
CC_1E4DF11FAF55,0.1658805734740367
CC_1E4FE60DFD8D,0.7324657557326084
CC_1E5A648D299F,0.17901782766113983
CC_1E6C0A8B3841,0.6207000606361133
CC_1E7FA6E807A3,0.2162912932637496
CC_1E93F760EC93,0.27367547566722183
CC_1E99F40FA03E,0.06208121414020312
CC_1EAD09DBC23F,0.19930553621446412
CC_1EB3D53252DB,0.25021331490925613
CC_1EC889E04D69,0.10124569134176922
CC_1ECCBF6853F6,0.4714008931211259
CC_1EEC4520436C,0.19307229091679037
CC_1F2827DC99C0,0.1706345455758286
CC_1F2C184C5227,0.08308489416317313
CC_1F3FA8091B02,0.1405689799562523
CC_1F4E07BFDC8C,0.046908051464583045
CC_1F4E0E9B54BF,0.06022538471379158
CC_1F55738A6A27,0.3447773354648651
CC_1F65276D0EF8,0.10357278540006103
CC_1F65C797BD40,0.05480505944158408
CC_1F668C0AE868,0.09151651772550931
CC_1F6B19A04BD8,0.043399067245960356
CC_1F945A60367E,0.4473484179234156
CC_1FAB6F11DFCA,0.6892621681375214
CC_1FACCCE95224,0.2798747992870153
CC_1FD010E5EA82,0.06303188396019992
CC_1FD2B7BCCD20,0.7022634411080122
CC_1FDAEC3D5CBB,0.11271492270646731
CC_1FDC65FE3DBE,0.1373721311651665
CC_1FE696D8A81B,0.05802833440913309
CC_20027685F59C,0.7596422690205515
CC_2009F3D77774,0.1320278883954058
CC_200C552C40F3,0.12037676005818662
CC_201459527065,0.1198036668661921
CC_20275029A688,0.08356544141568018
CC_2028DA597C34,0.20605160993805058
CC_204E557E5046,0.37383955588919515
CC_20542CFCFB39,0.04160450456316449
CC_2060F813C9B2,0.262529633874542
CC_20813A9A7F71,0.09469309982605834
CC_208429A11E2F,0.1820814198099269
CC_208B0FE7CBAD,0.08987096297906871
CC_209A511030A7,0.03271650406931158
CC_209DD60421B5,0.06690926642783714
CC_20B26D646D62,0.16283478696082165
CC_20C47966B174,0.19883915638420607
CC_20CFE9681E4D,0.08766663779628728
CC_20D4DB0F3E3D,0.033590597475299404
CC_20DD84CE3CA0,0.10245036578647193
CC_20E57CA675DA,0.6011072820722908
CC_20F129FFBE00,0.24859350393649926
CC_20F4E0F62D2C,0.065536370120068
CC_20FEE0B2130D,0.6209829678658798
CC_2111B298C212,0.10851729052472592
CC_211315AD7633,0.1974374411108623
CC_211504721E27,0.14192140952421195
CC_2119919BCB4F,0.7981865082894687
CC_21375C9ED931,0.20545099036839948
CC_213D2A5355FB,0.21510400087281745
CC_214B50E48E94,0.1597766050850914
CC_215F86D986BA,0.14565637210146157
CC_21600308F496,0.04091574984153981
CC_2166F3F6344B,0.10604206233390283
CC_2168BBB42053,0.1311766971449327
CC_217030CE0127,0.034960778880301205
CC_2179067B405D,0.03727793482390685
CC_219B59B67193,0.21123722695010116
CC_21A9E8DB58FE,0.11695615659355343
CC_21AE679C5E95,0.22873439830950382
CC_21B98D13174C,0.11152443275913308
CC_21C81BC15002,0.08453239705902162
CC_21C9B26CFEA3,0.06715843377540917
CC_21D22081A4CA,0.7463147789319341
CC_21D29CD736D3,0.3204505729445494
CC_21D3CEAF838E,0.18993587274137708
CC_21EF792A3811,0.6315304400350942
CC_21F04E996723,0.34982415518870025
CC_21FB6C8AB8BF,0.47066171263292195
CC_22067686F6C4,0.7042079455677113
CC_2207A39B7BB8,0.1240222519401881
CC_221053121AAB,0.18402477770335324
CC_222423774191,0.06776019463914454
CC_2230EFBC99AE,0.4319069979806818
CC_223BDED2A465,0.2553694547351196
CC_223E3CA7A07F,0.18097966769445928
CC_2250B42E48B2,0.10995424029066125
CC_225935E43583,0.12706223337516828
CC_22781E93CF84,0.17576113477293775
CC_22784AF3CB6B,0.4336177170476244
CC_22831690395E,0.2348846486250899
CC_228E6CBCC935,0.5965814674617282
CC_229338EBBA6C,0.0874595416144096
CC_229A63057E54,0.49112860387335466
CC_22A2D8A4B437,0.08617694331408675
CC_22ADE1EE9BC7,0.1394738638316177
CC_22B69E7C415A,0.034940636390944704
CC_22C590B43FEF,0.3145687589186579
CC_22F06379D8FD,0.02827966424094974
CC_22F282264A1D,0.12590702649554703
CC_22FBF5F0E1C0,0.2268796319814282
CC_2302088175A3,0.2548168452846419
CC_230672EAA654,0.028478835077515877
CC_230870B121F6,0.1610189446959792
CC_230A051B2B3E,0.04327528262297814
CC_2316F57AFB7A,0.08579814468643321
CC_231D091FCD1D,0.047413713178846933
CC_231FDED1781F,0.2578180559615899
CC_2320053D1183,0.04817891728178879
CC_2320AF507566,0.17919556449443969
CC_23321FF41C3D,0.22867566731627828
CC_233470D6BE72,0.6327279423851851
CC_233C8EBC95FC,0.40206876489164506
CC_235F99F13500,0.15766934947331984
CC_235FC02CA52F,0.21584873998787113
CC_236C80CAF53D,0.20202108623593562
CC_236E7222D97C,0.07366738546038949
CC_237B86FDC93C,0.0494729227396737
CC_237E7EB2D7D8,0.0881887459699832
CC_23830081EE1A,0.6190413375010229
CC_23894AAA08DB,0.4759221830503861
CC_238CBFD6E20C,0.37866494629690894
CC_2392A4A79C9E,0.0315359840033103
CC_23A474D43C73,0.2227770631949471
CC_23A9CC59BA0D,0.020291766083655637
CC_23B158D8306A,0.13259926067840927
CC_23D147F1870B,0.1816314768184103
CC_23D2E73DCFCF,0.12917769719978583
CC_23D9103D1EAB,0.0271796091027877
CC_23E142182F2F,0.6789690637122967
CC_23E43713A108,0.034179106733596726
CC_23EF2911610E,0.5052275269705752
CC_24056B76BD7D,0.04490705282295206
CC_2416ECE66177,0.13432330592991187
CC_241E65816FC2,0.06869583766794757
CC_241F7E97FBDD,0.047938352305802776
CC_24217201D7A1,0.39309482469385093
CC_242301FCCE50,0.041024491959875745
CC_242C69CF0B12,0.11074830316036474
CC_243B23702DC1,0.1919422172289479
CC_2456B9C796E4,0.1258563020963293
CC_2457D89CB88B,0.6255511783016318
CC_24667210E2AF,0.21946828901518406
CC_2468D206CAEA,0.05879685941520981
CC_2469630A4F86,0.3508237155802172
CC_2469D83D9594,0.030558053762773697
CC_248C65EF54A5,0.630587340433616
CC_24BCCA7941E8,0.09169645808594414
CC_24BDC1CE2A3A,0.2068714613231318
CC_24BFCCDF957C,0.04429797714830638
CC_24CC8A1B1CB7,0.12464056319993448
CC_24D4B1852554,0.20860993564151628
CC_24E65FA5A32E,0.15848644302924164
CC_24EF3EDB6857,0.03450753851364881
CC_24F15A19D648,0.162907916060649
CC_24F2410B5A19,0.1515821541875343
CC_24F27E7DE1C6,0.46192046558804334
CC_24FFFD0C983B,0.028310171900985708
CC_2504E9D5D5E4,0.1359691623548528
CC_250F6A0DB62D,0.052076196639538594
CC_2520E13DF0A2,0.7070522790383602
CC_2539C315029D,0.29208350556122115
CC_25519ED78507,0.17902539623911862
CC_255D49296DB6,0.12613878714872206
CC_255DC60FF5BD,0.03813159655316654
CC_2563C9EF9D55,0.05437678399446592
CC_25756EB9651F,0.12011690332905402
CC_257CC46D379B,0.4285863891735923
CC_258D5F80A933,0.6769933501011276
CC_259D87270257,0.2555365148882877
CC_25A41AB21C94,0.23608083547291114
CC_25ABCDCC8B71,0.10148389921269906
CC_25AF0D0569B5,0.06912224676973618
CC_25B61D393144,0.1605714316575249
CC_25B95D7288CB,0.392401346094175
CC_25CE2F2F13BE,0.22158318392450102
CC_25D1A5971976,0.33033542555841855
CC_25D411B46F00,0.7450856816302839
CC_25E7A2DC5E41,0.0563591514033254
CC_25F4C8E51AC2,0.5426659493702601
CC_260323EFB122,0.5297175416876856
CC_260F10484312,0.06016106060924359
CC_2610D0F1D0A7,0.188873030100039
CC_2615866F35A2,0.09759038871957793
CC_261DA4E8DBEB,0.11513794308891828
CC_2628F00B0745,0.3927837560088913
CC_26338E9AD15F,0.13774572888412037
CC_26346B99BDBE,0.6529185395896026
CC_26351DBC1AF6,0.12102130638793018
CC_2637397AA3F3,0.6019287511957312
CC_26675C32611C,0.6658157334169041
CC_266E49E49071,0.19747799944025105
CC_2696368A4DC6,0.026662490558930302
CC_2698641B68A5,0.15626334708643744
CC_269C5AE6A1A3,0.6727931855440306
CC_26A06AD1206C,0.7499504350244582
CC_26A358B0C10F,0.15890768211155923
CC_26B07CB02EA3,0.5474585702809844
CC_26B638BEA8CE,0.13041906522255037
CC_26C33B649FC9,0.056774902787062806
CC_26D5B969A36F,0.3294246296194512
CC_26E3A1226C2D,0.15731291628189276
CC_26EEA3F0224A,0.2592462769598531
CC_26FA5E5A718C,0.1391235598563403
CC_26FE119D4919,0.054179773884750204
CC_270B462BAEF3,0.028649794016768634
CC_270D929FEA9F,0.08079415774880844
CC_2731AD82BA11,0.20745502779834313
CC_274144AE3E86,0.14361602164288487
CC_274AE6E82879,0.15115197327231386
CC_2757A490C5E1,0.08114645586041237
CC_2766F6011BD0,0.3796784905793799
CC_2768E644C697,0.044137634912862045
CC_2770DF70328D,0.0727043511151125
CC_277503968C44,0.5039435683106597
CC_277CE974AA8F,0.2743306404513638
CC_277D246E39B9,0.19736314519445086
CC_27A1CC725B7A,0.06313851478252475
CC_27A798829CA8,0.7666410876099581
CC_27C938FC8DC6,0.46440110501844645
CC_27CA2D819E7A,0.0613562414442258
CC_27E3712F0E38,0.12474112085527986
CC_27F3B3F43FF9,0.03320376184153905
CC_27F9832EAB8A,0.46830126342715855
CC_2809CC131F3A,0.6580481569586988
CC_2812523510C0,0.15857144792268646
CC_28151C75756D,0.042664687232944976
CC_28203CC976F9,0.1001494566163865
CC_282AFAE06F96,0.09458963685253494
CC_282C2404F4C0,0.07470813390344974
CC_2834BA2F19FC,0.21157921524381734
CC_28432E22F47D,0.5690755966473044
CC_2844882CC439,0.053225702316832886
CC_284F79726032,0.408619990879186
CC_28544783AB15,0.49125146058539443
CC_2856104729EA,0.6864919018855107
CC_28625CD86761,0.17163415632581808
CC_2866BDB46FB1,0.09214701050755797
CC_2872415C6B36,0.07317790632744148
CC_28752737647D,0.6187502515802048
CC_2875C281EE88,0.05440923306493317
CC_287E3E9EDAC9,0.07846199906939158
CC_288A2C49D62A,0.04893464453172355
CC_288FA8CD819C,0.1922121819273431
CC_2891894CCED4,0.07069283951718656
CC_2895608A9699,0.14333079312144809
CC_28A2EF7926AE,0.600536416330773
CC_28A7DBD2B710,0.1719526214856993
CC_28AD81DF2C51,0.11551437577541711
CC_28AEC29CEC25,0.1593507925779087
CC_28C1C3DF7928,0.10183245682336754
CC_28CA76962EC8,0.17633462086694948
CC_28CD47803B6A,0.07301589810153797
CC_28DF569DBBE5,0.08265719164906783
CC_28DFE611C657,0.10102004009983026
CC_28E11E6A6C8D,0.16802743898442232
CC_28F58ADC7CBC,0.12203314891377387
CC_2916479EBC84,0.11686941689840254
CC_2917C6CB0B2C,0.1559274518850982
CC_291C7830D4B5,0.3653924793441027
CC_291FE1744E5F,0.07336212149988978
CC_293124F1ACD1,0.1342360073454283
CC_293C2D704AA9,0.3610335546156468
CC_29432A6B2555,0.11946359924512832
CC_2944B427406C,0.16565143274774138
CC_29468B7035D6,0.12909000046567526
CC_294A9A24E473,0.046083686396654555
CC_294B94EB0E07,0.26486643027821677
CC_2967C29E4C3A,0.13574873343656327
CC_29716D5835F4,0.2157851484706576
CC_297179FF2BCC,0.40556028821675627
CC_29803690C939,0.2112192666231157
CC_29821539DC4D,0.13303056263844126
CC_2983C1D2A273,0.17839605075938203
CC_298CAC5A1868,0.6280918572045087
CC_299EBE0FB429,0.13775971636935894
CC_29A1C0073882,0.47859682232069345
CC_29B6065F187B,0.36167917375454184
CC_29BC66C10F87,0.630977287734164
CC_29BF3C3D9682,0.17059869463443858
CC_29C4425FB2DA,0.1974227509748956
CC_29C5D0D72D61,0.10654684476281455
CC_29D65E313500,0.130726596643029
CC_29FD856F47A5,0.7328735600004697
CC_2A097F88615A,0.08756362167256873
CC_2A0CB4CE1A48,0.21877454078763792
CC_2A14C1652D6D,0.22399276663018408
CC_2A1F96F80938,0.1209389546431438
CC_2A23F71805A2,0.13624176216022926
CC_2A2BF2FD0498,0.13906146576183387
CC_2A358A1D3DDF,0.630270751417666
CC_2A3E371F0DAD,0.2680912407441658
CC_2A423FC8A330,0.3084071333711951
CC_2A43368D54F9,0.5006109058440312
CC_2A47A21C0E07,0.6615736764130754
CC_2A4CB02E7A1E,0.12670770845807788
CC_2A510080BA29,0.18919214287300268
CC_2A5316E550F0,0.08473420765225351
CC_2A59695EF90A,0.5861484938678647
CC_2A606D00CC46,0.04964674555398167
CC_2A6C69145AE0,0.08676426748327004
CC_2A6CD71471A6,0.11064450966926481
CC_2A70D6EF64E1,0.08671409207713002
CC_2A844754AE67,0.5930670741103345
CC_2A85A7B242FD,0.15321048914404262
CC_2A9A51067D7F,0.15043118170220704
CC_2AAAD4020436,0.20374710788146694
CC_2AB62BCF3704,0.0815476523246141
CC_2AC1C8DE5649,0.11760514633940328
CC_2AD10D78793D,0.7005951587736736
CC_2AD26446A7AE,0.040411103800970086
CC_2AD2D35975D1,0.09839977787218504
CC_2ADA07B0211F,0.2931795148716795
CC_2AED2D284351,0.31658741628608256
CC_2B01FDE2552D,0.24467361554886236
CC_2B06DDFD7F8A,0.06774175113298622
CC_2B08FBC0A948,0.17071705245835586
CC_2B1914218468,0.7248268374811451
CC_2B1D93E12DC9,0.16827170945149167
CC_2B248C488918,0.08314055826631452
CC_2B256891C60A,0.6230364477886271
CC_2B2801591A25,0.38335969957632526
CC_2B2B7CF1E40F,0.11300340247673023
CC_2B2F4204834B,0.19296044282688748
CC_2B5443C7AB87,0.0653172198201319
CC_2B5D780AC244,0.6700749524959364
CC_2B64E67CFF13,0.05107797572457251
CC_2B6B872C8D21,0.0691602108253111
CC_2B85D931F011,0.08060957265881841
CC_2B959EF030DD,0.14601925147383593
CC_2B973D1AC16E,0.1302844181341845
CC_2B98983C2687,0.04893470138590744
CC_2BA581E7B8D2,0.09458790401829953
CC_2BB2C432C369,0.12905322863289753
CC_2BBE19587CD5,0.08649367631766446
CC_2BCB838A9581,0.15155765558015427
CC_2BD0E9336EB4,0.06804974268957889
CC_2BD1633FD528,0.09241331852985521
CC_2BD58FC8C2B9,0.029515979875443778
CC_2BD6083CAB0B,0.7733177794087028
CC_2BDD47B177E5,0.7780399870918586
CC_2BDE889EB05C,0.2799868910232298
CC_2BF8DB192A49,0.6018517163600905
CC_2BFDF46F3AC2,0.11935551890030849
CC_2C00CF2FAE22,0.1528125664163546
CC_2C06DDBA1073,0.3549878005801779
CC_2C16C7838FAB,0.7981895543983246
CC_2C263A1A732C,0.1868618085350583
CC_2C34105831A6,0.19628797674832266
CC_2C43FFA06F31,0.08564757479690129
CC_2C4DEE4CA1CF,0.05932496325160154
CC_2C56DB55E40E,0.08767350474362459
CC_2C59F565C183,0.14531239804400978
CC_2C7F54E56925,0.16789193126986918
CC_2C8CFCC646BE,0.029680691216801072
CC_2C91AB1DB754,0.05630369090981499
CC_2C93356976AE,0.3722954981138329
CC_2C9DADC294C8,0.06885348373711339
CC_2CA94231028A,0.2620887649960122
CC_2CC8CB17283A,0.1929858812262067
CC_2CCD42AA2376,0.13853163483134157
CC_2CCFE560A79E,0.06282748330879681
CC_2CED227E5216,0.12675759256929628
CC_2CF326E90715,0.03836972117893326
CC_2CFEA03CC6A0,0.6474941821368377
CC_2D1D032137DA,0.10558920019599292
CC_2D258781011B,0.18400909182293884
CC_2D30260A1CEC,0.21665907486625152
CC_2D35C002A9F1,0.14892879872902903
CC_2D45DEA4EB25,0.15084990778508717
CC_2D5494C13FFA,0.08567014252747737
CC_2D5EA2953E81,0.23080817950917587
CC_2D6E7894EA16,0.6518656534638263
CC_2D7DA36360AD,0.2325834460945331
CC_2D7DFEACA38C,0.30172761868496156
CC_2D836654A121,0.14662046874430507
CC_2D9CDFC6C57E,0.7256180302907282
CC_2DAC67585B03,0.2125711317918112
CC_2DAE338809DE,0.2889148467798982
CC_2DB062A18C75,0.49462526672024487
CC_2DB2C55CF89E,0.7733111230788755
CC_2DBCBF870292,0.0333609161927937
CC_2DCBC03B4FA3,0.7539938043981711
CC_2DD78131B5A1,0.11944622337280096
CC_2DD7BCA75AB9,0.1311144193331675
CC_2DEB49017220,0.10589067487132128
CC_2DF6C71ED372,0.14514092297514483
CC_2DFBFA1A4FE8,0.1514992697281597
CC_2E12A41F7733,0.06733888304131155
CC_2E1A348EB1E6,0.11980583406258194
CC_2E23CB0F6F7B,0.3631735348946441
CC_2E3634587158,0.05673337103554854
CC_2E3F4B14D8DF,0.35387283003800346
CC_2E3FDDBF4F48,0.19212051365033533
CC_2E61C46BC16A,0.16214486237867393
CC_2E62AEB14351,0.32375452220672185
CC_2E6F1C0ADEB8,0.18642878687913342
CC_2E7415FAB62E,0.08068325112299159
CC_2E77F7444FDF,0.03771687546049331
CC_2E78431BE3DB,0.08444514942652467
CC_2E7D44FB8075,0.15049453969510276
CC_2E7D8539BDA6,0.3012205323007581
CC_2E7F248874AA,0.7098374535156482
CC_2E85BB8F3BB5,0.08291387006183648
CC_2E8897E4D9BB,0.23883179492404824
CC_2E8CCDE89E2D,0.2383110076148042
CC_2E927D910813,0.11218527772804042
CC_2E9891F5A2D5,0.13632417989811624
CC_2EA56A7EAC04,0.2695358359408013
CC_2EB45D13B248,0.1350584906048191
CC_2EC924B0EAAE,0.11982067239514879
CC_2ECC248C96B7,0.04468687564009355
CC_2ECF0C98B06D,0.3747043877547015
CC_2ED3F6481454,0.15730535484154912
CC_2EDDF0B40ED8,0.14326562739149612
CC_2EE2A139642B,0.13449940177181682
CC_2EEE072DA301,0.19828184519024983
CC_2EFEBB85DAEB,0.15102180537581167
CC_2F133BEFAA69,0.14417824961131281
CC_2F1AAE3B81F2,0.08340267925502691
CC_2F1BC47CC90E,0.039307304612548784
CC_2F2128FBBDDC,0.15817185111499332
CC_2F3D3342834E,0.07103033770557138
CC_2F42D39F710B,0.6169648575027898
CC_2F4AFE398419,0.6839331926798169
CC_2F4C24B38EE6,0.05276592526663157
CC_2F508C0838A6,0.08880474585373799
CC_2F50EC193942,0.21993432984887268
CC_2F5BD03D4900,0.06321398109539748
CC_2F73AF6728BC,0.041059573904793215
CC_2F7EBEAB9CF2,0.19127990909107231
CC_2F9AD2BC25F5,0.06374651897920772
CC_2FA3172ED3FE,0.67687816994352
CC_2FBEF8808F48,0.16788075223328103
CC_2FC014F0EA3C,0.09765313396970202
CC_2FC3AD2EC986,0.2519121760505787
CC_2FCC82AC097C,0.29643383638457865
CC_2FE2ED7D464E,0.2626933424974277
CC_2FFCC9802D2A,0.18658100903220343
CC_2FFE32627DF8,0.20784978126459847
CC_300BEA90EF3F,0.1609366807278358
CC_3017B64D0364,0.21451512310833815
CC_3017E5E87C94,0.14362447337957523
CC_3028375CC87E,0.7926649061374986
CC_302A48CFCEDA,0.07345318028911632
CC_3031F96196BD,0.3507993170572993
CC_30328ADA0AE8,0.09273864193441927
CC_30451015D913,0.026293773574888255
CC_305D33AC15A9,0.7497481715998018
CC_306015CFB66A,0.15326275310471638
CC_306413849CEA,0.428834546506287
CC_306EF0BC7CB3,0.02634528506046062
CC_3075C5B861A8,0.09684735200197936
CC_3083D9B76858,0.04299657548423945
CC_3096994A495B,0.2018464717959853
CC_30B106BC1657,0.1879647979960224
CC_30B967417C42,0.20994454280916006
CC_30CABAFF5453,0.08094105936558668
CC_30D68208FB23,0.35240136052852844
CC_30E2A90BACAD,0.1715455769218529
CC_30FFD856443D,0.603161793476575
CC_311EF26786A8,0.08806243055629849
CC_3129843EADE6,0.685621110158899
CC_312C34EF683B,0.04876409761222881
CC_31302B64C078,0.11465779075568813
CC_31344A25B569,0.027251842635479306
CC_31397A399AD5,0.07331323795050423
CC_3145B5EAD7AE,0.22007613901616152
CC_3146EE0BF81A,0.1378242612899763
CC_314D02632843,0.32594726920867745
CC_315133406E42,0.24289571433519208
CC_3180D1C6FB7E,0.25620044787514584
CC_31827EE8A968,0.29443233043440636
CC_319BE06CC27F,0.03523545884198227
CC_31A0A97AFFCC,0.47744151371791876
CC_31B22116E36C,0.165131395578007
CC_31C78D9B6494,0.389806744658672
CC_31D3FA367B41,0.11523232399185837
CC_31DAAB3E6DA7,0.16515689651363064
CC_31E36F666FB7,0.08524021429459386
CC_31E72EA14FE4,0.1020938346271334
CC_31FC6DC9482C,0.23035948069839668
CC_32076DA6AE23,0.1552615425794696
CC_3209FA12D938,0.3056766985760434
CC_320E17F947CD,0.43076383190483075
CC_3223C706DD92,0.24269460483136523
CC_322EFB2E377D,0.10359618960454445
CC_3248EB928073,0.07504885191377089
CC_325D5DC52B1F,0.08129247941564674
CC_32662A6DB78D,0.1686859416414378
CC_328DD3BA068A,0.2393675204089809
CC_328DF7798F91,0.15858645020576623
CC_3295CFEB188B,0.08794630120472086
CC_329DC79286ED,0.6865114927230991
CC_32CB77D55C73,0.1288917402789041
CC_32D129B9E651,0.09698114002044597
CC_32DB12551D37,0.6528890912201196
CC_32F00D77D5CD,0.11432945023105548
CC_32FF5F6892D9,0.2231627641021448
CC_3301EF60877F,0.12867746636934652
CC_330F334BD816,0.11793872557081231
CC_331285B3494C,0.21441209132539024
CC_331364283D5C,0.11446168196442116
CC_331718E0F54F,0.17113109618648276
CC_33194D48FF66,0.08082224667351505
CC_331E8B8BCAB8,0.06670340462718947
CC_33254134ABA9,0.7800437459973828
CC_332E42439579,0.1023105134150478
CC_333102AB964C,0.15290092378908143
CC_3338AC0E8112,0.2617777913282778
CC_33656EEDE6F2,0.39166052944761626
CC_336777D934E0,0.4599865576498615
CC_336DBFE464D1,0.5192322523295139
CC_3382BB2F3152,0.14394678920351522
CC_3387207793E4,0.03600178251815463
CC_33992C973839,0.20929939079802137
CC_339C36703675,0.09170003578258623
CC_339CA5814519,0.1103562400194581
CC_33B157F2A921,0.12857798377522373
CC_33BBD10F239D,0.0659883401428756
CC_33D3B12EE56E,0.08676173174411536
CC_33DB68EA27CB,0.10088725437992116
CC_33F0B95E70CE,0.22514563987707223
CC_33F40275D630,0.05072074391118567
CC_33FD5DE22692,0.0831289303088388
CC_340961106343,0.11784794275764135
CC_340BB1F4CEF0,0.14844248017464745
CC_3410B11F1FA3,0.16092598306144312
CC_3424972707B6,0.6517258468819512
CC_34452758A645,0.026234774102308497
CC_344D239879D6,0.137687195235527
CC_34503B6891CE,0.2206946144242794
CC_3451722A3813,0.07424348020296642
CC_34517B513D8E,0.46782993261404693
CC_346ECB4CF2F8,0.09771255248758084
CC_3478E8B6B56A,0.06415003894032277
CC_347AFDE16722,0.08518038109546716
CC_347B1A01467F,0.044094124644791274
CC_348AA62FF484,0.2953190961364226
CC_348D3F098A4D,0.09032987547842136
CC_349290E4D0C9,0.14476926420065275
CC_349347D553D1,0.2696156049087573
CC_3495CE27BB05,0.2558691495695953
CC_34B10A654721,0.15390675312025398
CC_34BD2C5130C8,0.13195750023286917
CC_34C433439160,0.06113084533660433
CC_34CA271F73E3,0.30945459970464906
CC_34CEBEA3B15A,0.06889049592764408
CC_34E58CF793A0,0.16144768066261286
CC_34E6909B6027,0.5109511597406391
CC_34F4292A8B5C,0.1952076289156518
CC_34F6DD223594,0.04386964498002813
CC_3508A7A5E9EB,0.14970267189815126
CC_35094977DD75,0.14926520112758718
CC_350DE157CE6D,0.1591746547934491
CC_351BD5C2EE8B,0.020754101688626823
CC_35486249EDEF,0.21158596297525611
CC_354C9ABE6DDE,0.06498855222711872
CC_35578162927A,0.11234790388790061
CC_357C3E7518D3,0.7426236106023898
CC_3584C15BF11F,0.035310026317824914
CC_3588C5166872,0.08659107798890303
CC_35A68306B19E,0.25447481297942925
CC_35BFB3093D02,0.045409011008807745
CC_35C085ED37BD,0.5297454044334805
CC_35C695C13279,0.07169906760266706
CC_35D1668A4C13,0.22020644835476266
CC_35D27495E0CB,0.7775705713984553
CC_35D562E1DBE1,0.7001881910707617
CC_35DCDC74A757,0.47874060521649137
CC_35EC2AB1D1EE,0.14664839037847582
CC_35EEB90317B9,0.6043028337096101
CC_361A9EAF7706,0.2873349970423932
CC_361B968FEB98,0.30316077578189
CC_361C9FA031A7,0.7625324171731203
CC_3620C5D1B3E2,0.06210439409845283
CC_3622D7221940,0.03292210794708637
CC_363175E92F74,0.3106032071534447
CC_3638C9146BFC,0.158027282396067
CC_3643A4C7EC5C,0.05899947199702997
CC_36690A9AE112,0.7345824777996988
CC_36719170F638,0.0881980052520378
CC_3673466BA7A7,0.0788369989961542
CC_36847054DF52,0.34775855191590976
CC_3691CE792752,0.7378892696239197
CC_36A27FE53743,0.4949400552590135
CC_36A3FB06D1D8,0.7751728992287643
CC_36B0F2AD5413,0.060041015625211934
CC_36B1B7BF5F75,0.17201139184256642
CC_36B68E66951E,0.4551926909842031
CC_36D3F09AD810,0.4299236177094594
CC_36DBD8424220,0.5547845272351437
CC_36E5645D8018,0.08407157068778102
CC_36E6592E4E23,0.17998614505672972
CC_36F143AEC864,0.09233951307812888
CC_36F2A735DF73,0.18748181644784861
CC_36F81C003E8F,0.031595275771547936
CC_36FCD55EE425,0.5455272317735618
CC_3701D5DB7FA1,0.08031991201531366
CC_3706E1EB2587,0.5694576934710766
CC_370E0F8EF86F,0.5807624464233517
CC_371D47444D5B,0.6896924137584615
CC_372CFE308EA4,0.6511947212449105
CC_3731D90357A6,0.24736540884783365
CC_37322F66C543,0.03103600544789894
CC_373539DE38C5,0.1340324018656297
CC_375225700242,0.32524929905556044
CC_3762D0B6F3C2,0.12018511114273474
CC_377A277E831A,0.1470835961604351
CC_377B6066B91B,0.28302912781210965
CC_378D71726B5E,0.07422636149852907
CC_37A46BD0DCBF,0.041214233294207196
CC_37B447368F02,0.7078556277807615
CC_37BFDFE369A3,0.21767479098325127
CC_37D09FE492BD,0.07608446723920037
CC_37D3F4C07235,0.3015261614986334
CC_37DDACE48E3C,0.1309598750553025
CC_37DEF85C0A37,0.3061175523020455
CC_38020CED9EEF,0.08565563030882636
CC_382207621EC5,0.7943160002494427
CC_38374AB27F95,0.08049028791945996
CC_383A5544DD5C,0.13340251155537725
CC_383C129A5B96,0.24282034564203614
CC_3847AAA649C7,0.1209677248333989
CC_3849D992C1E3,0.08578956171817922
CC_384BB17F0F0B,0.6158217824184331
CC_3851177E5E76,0.07895607856021361
CC_3862F88850B8,0.2869841619436954
CC_3867CFCFCC94,0.24984906800364548
CC_3872ED018F85,0.17930094772056732
CC_3881A587C072,0.13787258468227426
CC_3882F8EB5EEB,0.5964125131770572
CC_38911341EA6C,0.09039498344377805
CC_389E5B71E254,0.6057318521215594
CC_38A0DBCD3728,0.07114993647445786
CC_38B3E9142747,0.08911429308645984
CC_38C1B8860300,0.049138314631411405
CC_38C8CF250B60,0.027077925032919975
CC_38D32B790B4A,0.13891763038780058
CC_38EB304A9915,0.18347016478530143
CC_38F26461C872,0.7644249408599588
CC_38F942257E28,0.5396338110429417
CC_38FA5D78A8A7,0.05125186135177802
CC_3903D7BCCA95,0.06547847929718728
CC_39043D7ED04D,0.19543545583220126
CC_39098B256732,0.06665197060103713
CC_3909A2E4C679,0.14092705378111403
CC_392344DF8D55,0.33925547713220044
CC_392628C8AD47,0.09868394684230195
CC_39285F4C42BF,0.4091176843339627
CC_392A376EA1A2,0.09600214944460693
CC_3932E086F150,0.17585831217715697
CC_393D1D3640D0,0.06803109175690872
CC_3943B3490B49,0.6695315902191659
CC_394DE164DBCD,0.1411439436030284
CC_395600E84A54,0.1316849690294848
CC_395D181A7E1F,0.10293872742619824
CC_395E8CACC437,0.13368641643565202
CC_39635AC6A70E,0.0628625709574006
CC_3969352E3ABC,0.09687065440589336
CC_3985C0DF9CB5,0.5682969734641654
CC_3989F2C6A9F8,0.20629222774216138
CC_39A82672A1B2,0.07793597718532466
CC_39AA15DAE17D,0.595008994847679
CC_39AA2A3D98CC,0.02969683394011273
CC_39AC257B00C5,0.10196990213867158
CC_39ACC63CDAEE,0.11774040254786206
CC_39CE40784C2C,0.20253061667211314
CC_39E1A306D418,0.14623397970743532
CC_39F2B11C46D7,0.08448119497809486
CC_3A10F5F50A27,0.049669769574442094
CC_3A27CF9D162A,0.5957054269811162
CC_3A297424A7F7,0.11438949442854188
CC_3A39F7930BF3,0.0893286616600957
CC_3A57566F9977,0.5937432920619463
CC_3A61121254E6,0.04751602301059398
CC_3A81C568A7F8,0.1955908391358621
CC_3A82E7050A4D,0.037113636719381615
CC_3A860AADE6CE,0.1532845654236518
CC_3A8B3FC29C9E,0.1345301466936471
CC_3A8E9056A5A2,0.09262301738163746
CC_3A9617A5777D,0.4491968262891937
CC_3A99D25777CD,0.14802933621320546
CC_3AA9E8D01340,0.5686675812100654
CC_3AAEFC09C290,0.7231866917016901
CC_3AB5E579843E,0.2669216171782095
CC_3AB77A30AD40,0.18186298265025463
CC_3AB7BA36A414,0.3416947328519474
CC_3ABA830A5BB2,0.11393173680611382
CC_3ADDDA550A57,0.10583644602676662
CC_3AE7B1151DC9,0.13246406510633138
CC_3AE9A209EE00,0.042029477209406974
CC_3B06FCD75C98,0.05936792920365252
CC_3B0722FB5E8E,0.29024229319821937
CC_3B1C51DD7429,0.18222087600670972
CC_3B1F4696D710,0.6147011886802243
CC_3B224413A072,0.2497408751484495
CC_3B35C3783CCD,0.26183219770233396
CC_3B3626F3DF9F,0.23325997301794216
CC_3B4405C7E486,0.5508554785875618
CC_3B4C4A9C9D99,0.2585990847263334
CC_3B72F0E9E3F8,0.23068538527611943
CC_3BB02A95C6C1,0.7182100930766712
CC_3BB8B675C2BC,0.37838849476080005
CC_3BC51B069218,0.10755802738783991
CC_3BCA5BD201AC,0.1731050012572376
CC_3BCAC9793441,0.31002828352640444
CC_3BCBC867AC4A,0.03934521174609309
CC_3BE51412ABE7,0.4367540302307953
CC_3BEA98B401CD,0.6790933340518832
CC_3BED6DF1ABF1,0.1779813294984775
CC_3BF0BF7CF827,0.7803033016826604
CC_3BF110035599,0.6106284314067926
CC_3BF213810DEE,0.666585846433466
CC_3BF21CA88D3C,0.46528876483930653
CC_3C0E29764C71,0.058550666467383126
CC_3C19509D4636,0.1662674335556637
CC_3C1B038BB068,0.17313222201672873
CC_3C594CADCA2E,0.20236783803613076
CC_3C5D909498F7,0.6254762874810784
CC_3C68D5179A01,0.1193890784841776
CC_3C83955704BA,0.7700001290819187
CC_3C93218F41B2,0.2920726350584565
CC_3C9CFC8FB4D1,0.6927852450050829
CC_3CA266EB55BE,0.12293970587480939
CC_3CE49C937F7C,0.09325161605896173
CC_3CEEB9C04F0B,0.3747381895291195
CC_3CF504AD4DD9,0.06355972568002521
CC_3D1092DBC5C2,0.21612801312118451
CC_3D185833E7BB,0.037076583864415535
CC_3D2309981121,0.33358401464172394
CC_3D27A0086AA6,0.2019827733427781
CC_3D3BE7D0F4D8,0.12555471028491488
CC_3D412B5EA919,0.08632626187862681
CC_3D47650C6F30,0.06580603691714756
CC_3D55D1FD8457,0.05461986244856279
CC_3D599501BA76,0.07983973647614234
CC_3D6181EE3C87,0.6695636002911322
CC_3D65CC165F44,0.1489806861542615
CC_3D6CF6DB8014,0.37951081627422323
CC_3D7C14801D40,0.18113792923828662
CC_3D836BDBF866,0.6518539187090369
CC_3D8DF3A3DB71,0.7434369205817173
CC_3D9309851089,0.18946925024028793
CC_3D9ECB4274C3,0.12062086719819319
CC_3DC8A9A92802,0.31232129095537897
CC_3DDD3813D1D4,0.09205504183519311
CC_3DF3FFB3CFC7,0.10876599250514282
CC_3DF88701601B,0.15560790678930148
CC_3DF91A482CFD,0.31929236344227574
CC_3DFD6349D046,0.6526576380365487
CC_3E0D54125AE0,0.18196630742694092
CC_3E10CFE1DD57,0.04575660399266228
CC_3E13CB98572B,0.13600542106228064
CC_3E142C8ACA6F,0.0873741736521051
CC_3E1BAC4E5B90,0.07585659609867249
CC_3E2DD0D1E2D8,0.15189892946285738
CC_3E403BF08A45,0.0902493672307294
CC_3E46368104AE,0.09768819967627401
CC_3E48A086B5C7,0.24305339818817717
CC_3E54451B0F6D,0.0888076070504324
CC_3E6335ED3F4F,0.07951779955875449
CC_3E87A65C50A5,0.15183534962659367
CC_3E91109E2090,0.06188939208474657
CC_3E92A1EDA618,0.2538588515893088
CC_3E94684FE270,0.44287904232477004
CC_3E9DB402F352,0.14783293026009892
CC_3EB5A15A6C04,0.7953670118226004
CC_3EB8A9A6C49D,0.10410748594249
CC_3EC96BC884F2,0.1268688865099976
CC_3ECA9E44B90F,0.2988165655908367
CC_3ECE4EF16A44,0.16221548912806466
CC_3EDDB8E70F57,0.21299099320734002
CC_3EDF137D0E1C,0.1368114277169853
CC_3EEEE844410D,0.36602788655429447
CC_3EF4F348C967,0.11763336231152567
CC_3EF91DD11A81,0.1402467584763909
CC_3F08C55E7A40,0.19299481645562372
CC_3F171CED0CFA,0.024908852459655996
CC_3F2544EFA753,0.14237768991356722
CC_3F28F3286CCA,0.07778225522581553
CC_3F379CB37B0D,0.19234570761095415
CC_3F42D798AB1D,0.6353690847288432
CC_3F48724540D5,0.16688324928441695
CC_3F68068E2D5E,0.11274089354738226
CC_3F7FBE71B77F,0.05820023914848656
CC_3F80017B8599,0.046327888700994406
CC_3F8B17953200,0.06637534930145358
CC_3F964BADC4BC,0.7317783984691817
CC_3F9767602FCB,0.20277492898757607
CC_3FA84F0B23CE,0.04618517808229243
CC_3FB4B189143F,0.15333083538116385
CC_3FB7C976EB26,0.48300953245166606
CC_3FBCEB2F36D5,0.13054318197769843
CC_3FC4FE843245,0.12653349968643457
CC_3FD52E32FE8B,0.6662090109855232
CC_3FDB44EC6254,0.0599742670906183
CC_3FEFBD6DC62F,0.2429156926814497
CC_4005466D00ED,0.3264863340824852
CC_40095FFBC1A2,0.058163667919351
CC_400F1887A662,0.11339484603450405
CC_40133FF3069C,0.0817796013060485
CC_401C6F0EED5A,0.1121794522236289
CC_4021AD03FA01,0.11107556327972459
CC_402E91F3A56C,0.12242145617546021
CC_403754B6988D,0.11483505383438426
CC_4052DFCB1656,0.22402955110938738
CC_40579C5C13D5,0.8033228210069293
CC_406937FF97E7,0.08790830414630049
CC_406C4233347A,0.1922766352763366
CC_4073E42E11E4,0.25247918994165625
CC_4077BB12A5F4,0.10441094425761585
CC_4077DD5B5C4F,0.1227877538133974
CC_40824D899215,0.0805924202045821
CC_408D79189FBF,0.31355414724990205
CC_40A3F1D5EA0F,0.36028615730567937
CC_40A852A592FB,0.1162488316063924
CC_40AADA91D560,0.21349899772036343
CC_40B39CB2CC58,0.031305719332787044
CC_40CE2030F058,0.05757247756198359
CC_40EA2F8481E8,0.17191916983110092
CC_40EFD7778F98,0.1561394401488009
CC_40F278D49681,0.2746664963701176
CC_40FFCF631F19,0.39647267558078575
CC_4101D1B82788,0.2077434903366569
CC_4109B79A4B06,0.037044030959886946
CC_4119348F051A,0.10792520634372207
CC_41206EE45803,0.07475712850640837
CC_412DF740DA62,0.140135581710417
CC_413AB4CA7451,0.10638224571280414
CC_414C06C60FF7,0.7177525430127045
CC_414F50748A51,0.05408122554600151
CC_415C65EA66AA,0.044690255282855994
CC_415CED95F7CA,0.135449811230997
CC_416584250060,0.09727410320019664
CC_416B3A1F0F0B,0.10139159542410661
CC_41735021FC7A,0.1805682453052706
CC_417858CD20F4,0.09570539394056737
CC_41902EFB3974,0.03997107318402714
CC_41A27790EFBF,0.13034061712117118
CC_41A4A223F39D,0.10185587148392394
CC_41B464757ED6,0.13527029267261995
CC_41D1A87E1136,0.43560963055518015
CC_420FE297808E,0.04379797102021933
CC_4211096D5588,0.13585617304555597
CC_421F4D78128B,0.47638617488838086
CC_422F2780C85A,0.3217520415751154
CC_423B0296BE24,0.07549498415681424
CC_423E78000AA5,0.14879777624622884
CC_4246081DD359,0.09841146410396952
CC_4249EDF2FDCC,0.7920670970790886
CC_42568C67F412,0.36921948088207357
CC_426A25EA9E21,0.7416945040975609
CC_427ECDDEECE6,0.3061953722336236
CC_4289EEC8F0A2,0.18304326456011616
CC_429A7158AD07,0.15589760542174166
CC_429C51AE729D,0.03953095150696506
CC_42A0DE1E5E80,0.07601380233527764
CC_42A7D0F5388F,0.08841982658145359
CC_42B23C8C9F66,0.20223842034290523
CC_42BD3999AC3E,0.2435743503874692
CC_42C95B199130,0.40995753291658293
CC_42CD6CE97523,0.451144787623815
CC_42DA114F12A2,0.24937303433275004
CC_42E2736AA331,0.20025884037012973
CC_42EA825C351B,0.4554159454030032
CC_42F1B2B4D258,0.539408039939634
CC_42F4588EB38D,0.30125406335308447
CC_431F29A12E99,0.24057413933165586
CC_432EB78A198D,0.2448800252394535
CC_43383344BC72,0.18148028570065694
CC_4339187DD10A,0.06078030298985468
CC_4344A2E7EA1F,0.5002683895173523
CC_4347468ABE51,0.5805321150578951
CC_434894BC2577,0.04596691086736472
CC_4362DB93FC92,0.0985083877481743
CC_436850DDC704,0.13591774586166372
CC_43698E2EEA0A,0.10253055972273954
CC_4387F73F131E,0.14563745290457872
CC_43A33C994C70,0.34685063141654326
CC_43ACD82B5514,0.29248322490371803
CC_43B37131B8FA,0.21189912589746585
CC_43BFCAF8BD20,0.17153570403424157
CC_43C060E01266,0.2088582977728367
CC_43C41AF27375,0.054101705136737815
CC_43C5AFA48B93,0.06298525193845421
CC_43C767A44C55,0.2032283999756064
CC_43DECAB53552,0.043343361192185334
CC_43E6D931158D,0.3606453209438735
CC_43E9F88019F8,0.05513884924753913
CC_43EBD6EBD675,0.06411783704115397
CC_43F81C577002,0.3165787334403772
CC_443C4E041687,0.07529906881878828
CC_443F63BF238A,0.10415393489198807
CC_4463776F9AA1,0.08982130232051153
CC_446F1EDF03C8,0.05996292934441063
CC_447BAD4F7820,0.8149148436930835
CC_447D02F917B5,0.05774827384452692
CC_447E705746E2,0.15221757659711507
CC_44A017104F93,0.650401275458771
CC_44A1E58CDBC0,0.04821634613544751
CC_44ABCC04C418,0.07538142554033897
CC_44BF6BCCFC2E,0.04714398113973211
CC_44D0671A3B87,0.13523593902624392
CC_44DBEE3A7D81,0.19540383702738978
CC_44F7DD6A88A1,0.2229548578056726
CC_45080C42280D,0.19646892561770524
CC_4524AD74135F,0.4639982600680308
CC_45262103231F,0.20268389025172118
CC_452D8C5D039C,0.7815337397601161
CC_452DECDBC90F,0.06720719650483739
CC_453C9B3A5992,0.4883908610097774
CC_4542AACA1FE4,0.10783418911131037
CC_455209549D3B,0.7798290041508735
CC_4555C804C4D0,0.0661094063534452
CC_4581E4190B2E,0.10792432317202813
CC_458912F91D6F,0.4354078816562241
CC_45913E1BE65C,0.32098161223378097
CC_4594791FB40D,0.11457341290620585
CC_459B49073E2C,0.3621117882955581
CC_459EA8E0E2EF,0.13606838737787552
CC_45A4A38557E9,0.1352327846554972
CC_45ACE2B1DB6F,0.05909282634287312
CC_45C1A92F0E8D,0.09800185404010568
CC_45D0673EDD20,0.1715519443617502
CC_45D70DC84DA0,0.11258739470133654
CC_45D96479EC1E,0.057585508582911255
CC_45E8597BF74E,0.06362171295504025
CC_45E97246F83A,0.28155386544785255
CC_45EC44761309,0.14184288794022373
CC_4603A6F83E2A,0.0597418054432582
CC_46045CEE8330,0.05686492812370657
CC_464E17187A4E,0.4074857020778683
CC_4659FB4B8536,0.14264060628201977
CC_465EF4F9B68F,0.1551206636712085
CC_4663FDE62E3A,0.27528258314896703
CC_466D54BE0809,0.07569083802010981
CC_466ED9BD34B5,0.07367977507683815
CC_466F7908E13D,0.2023225877880473
CC_4695A5525A11,0.18809308878432773
CC_46BBB8A4854A,0.05049842475274777
CC_46BC61EC8F2E,0.19972411431294934
CC_46C0DFA660B0,0.12654591262452713
CC_46C2DCF84CA0,0.1054227542857408
CC_46C38B9F0D8E,0.10149383450753811
CC_46CAB9AE7C87,0.526598194447965
CC_46D0D1ADEA59,0.17798456721927639
CC_46DFC1AA0821,0.7704928298086472
CC_46ECA5976180,0.12100623738233054
CC_46F5F6D27991,0.09035249970023462
CC_46FE9F226120,0.22640868061950878
CC_47130CC63FC5,0.1828697247919452
CC_472330768F5F,0.08608867183483186
CC_47292EBB8BD1,0.12337914283970525
CC_4734AB1281DA,0.06290832648947745
CC_473989E6BA47,0.2761287709156272
CC_473AE07014DC,0.1663414859852722
CC_4741EF45C3DB,0.22196698227835604
CC_474586BE49EB,0.1479923136295494
CC_47490BF44944,0.32206334362033395
CC_477213DAED38,0.08102823879082258
CC_4778086276B7,0.1554688316148169
CC_47910B073CF3,0.16466554684750515
CC_47939776FDF6,0.706973454498055
CC_4796F6A64420,0.06773050410143043
CC_4798549B52ED,0.31542329855256457
CC_47A3714E7D2E,0.3012444802266562
CC_47CE219EBAAD,0.1706112044876591
CC_47CF9074E03E,0.16636225290318524
CC_47E4537A53FD,0.15242168139541096
CC_47E8BC938FA1,0.14367959115444934
CC_47F134D17818,0.13569186774022407
CC_4812FBE05C7C,0.34985162070985104
CC_48152725FAB1,0.5326487845110955
CC_482256495FAD,0.6745972687782613
CC_4829FF15D21E,0.14036831458211535
CC_482D26D81935,0.6361026342748628
CC_4838990A8D02,0.05342831937557807
CC_4862EA9CD1DD,0.05212045935278123
CC_4862F8C1B0AC,0.08709246484317555
CC_486CD67D26CF,0.17064529149877883
CC_486D8F9AE549,0.33489385159764445
CC_4877D1BDB737,0.12018008365441125
CC_4885E34F0B26,0.12982559040854144
CC_48928CA8082E,0.15694749249729395
CC_48A74FF0E6C5,0.08550295014904644
CC_48E0791DDD62,0.06892377892405921
CC_48F620B6A472,0.10607755861312629
CC_48FDBB1D7493,0.135039401880252
CC_4910EC928152,0.13592849061876258
CC_491C18C17767,0.059475735688898565
CC_492F65EF8D9D,0.7814544755704802
CC_493DDD53B97E,0.05616956222235827
CC_495F82AA5B9B,0.16904223984018552
CC_49618412FF86,0.08127657947433539
CC_496A7CFA344D,0.7565344964944835
CC_4983EBABAE3F,0.0669633036032298
CC_4992C1915957,0.55836571857168
CC_4993B31028A7,0.0883613009178622
CC_49945441A644,0.17684064900118104
CC_49A80692BC68,0.11671517480875201
CC_49AB67613A58,0.173166933868241
CC_49B05CADDD95,0.5753059841978597
CC_49C6F9AD111E,0.08688378796563576
CC_49CEB94F0B3B,0.04287555974327877
CC_49D3A79B55CD,0.07958742123046901
CC_49D6671DAE8E,0.1193021324177524
CC_49E6C539B1CF,0.05854420980433982
CC_49EEDF0DA684,0.032628248296343615
CC_49FC290E33A7,0.1895812831134585
CC_4A01CF2F67D2,0.7280244959861832
CC_4A16DC668832,0.530560944463321
CC_4A212461781C,0.0704419291460135
CC_4A237A8E6706,0.15086079538106575
CC_4A3DFA0E27A4,0.13407792231347562
CC_4A513D39DCE3,0.045556188235961775
CC_4A532B0E6165,0.17218199029322984
CC_4A5FA9F1C804,0.10276897490401737
CC_4A7BDEC665FF,0.05691992417488659
CC_4A7FC9B23222,0.34133251098876566
CC_4A8A7080FA25,0.262060225143078
CC_4A8EFD589879,0.06118871467694295
CC_4A8F7D2B857C,0.16278302756164909
CC_4A91E8D4289D,0.39988127789296696
CC_4A93163A12F4,0.3131445158806717
CC_4A9FEF48EA65,0.11755040146390737
CC_4AA73D751AA5,0.31482444415434396
CC_4AAED0C85F70,0.14466368263375712
CC_4AB1DEF044AA,0.03993791835747909
CC_4AB5AE299217,0.21531246635172738
CC_4ABA0CDC2270,0.1788086938026107
CC_4ACFFC2F295F,0.5949786558467614
CC_4B0490BAB1B9,0.07524727799383574
CC_4B28B03CEFEA,0.08947225787387417
CC_4B420765EB9A,0.11636092989627303
CC_4B47C16D9867,0.12133638576557587
CC_4B494C4D7D03,0.4306748358347393
CC_4B4C84B015C2,0.038701616468872505
CC_4B607295E983,0.04463819747708659
CC_4B6D24E81483,0.062462074071759924
CC_4B77AF6FAF2B,0.6507164442669255
CC_4B7EC3F2FFBA,0.05957548812334128
CC_4B85318DFA50,0.12186788055918993
CC_4B9B36B36DA5,0.7416827396119894
CC_4B9E0AD5D692,0.545582158234404
CC_4BA041C9678C,0.1235495642946
CC_4BB40F2129A6,0.11503171886497907
CC_4BB8FD274E2A,0.05316201468096603
CC_4BBB8118FBBB,0.14815659413064503
CC_4BC8CB91719F,0.13454027959752726
CC_4BE447D54BB8,0.1756420407711054
CC_4BE85B1BDB62,0.32798821018760504
CC_4BEF3C7F6395,0.2553537121128099
CC_4BF03FF61B97,0.42988741543146597
CC_4BF4C38EAE8D,0.23138545839804375
CC_4BF95B8140C8,0.09241242490751558
CC_4BFE0CB61B5A,0.4207823579133873
CC_4C2A3F254101,0.3639203093887017
CC_4C351DEB6230,0.23804991687877125
CC_4C38031A2A9E,0.10097810594730391
CC_4C3E35875F03,0.10028763959917045
CC_4C4D79F933B2,0.11503322320009267
CC_4C56497F4AB0,0.643760759511707
CC_4C827B493CFD,0.18180406797580362
CC_4C849C6073AF,0.1334662323597884
CC_4C869E6F618A,0.13871346201490667
CC_4CA21C15763D,0.13322921571980068
CC_4CB2F1CAE684,0.11713232692751803
CC_4CC0265E0778,0.050846835908618285
CC_4CC5483903E9,0.5461079746513456
CC_4CD7C76FE235,0.436237722461165
CC_4CE2BFED4F4C,0.08374866377848178
CC_4CE751CB58FA,0.4150636951716078
CC_4CF3E184C500,0.040855446084906946
CC_4CF668E60D64,0.2443538181161809
CC_4D1A1AF53E18,0.03815022344259943
CC_4D29155FCF33,0.22775081682988207
CC_4D2CC7618AC2,0.5618704599019593
CC_4D350FF7402B,0.33514841721531424
CC_4D38AE84E3CB,0.18363298254602267
CC_4D4140E1056D,0.0889321793490822
CC_4D5545FAB130,0.5534256101750398
CC_4D55E218946E,0.08230193134916301
CC_4D5E14BD6AFA,0.09729911991102246
CC_4D78935D66E9,0.06270619424034152
CC_4D883AAAC6C9,0.02899951643929108
CC_4D8D8108C51E,0.6024377790379052
CC_4DB40331777A,0.796845748756265
CC_4DBC8652D26F,0.09353953743275836
CC_4DC0E154EBB0,0.6966148913072345
CC_4DD5B8780C4C,0.10604355712603493
CC_4DE0070FF683,0.1152151121532031
CC_4DE688CDBC27,0.09151116024861486
CC_4DF37857FCEF,0.06384522764793671
CC_4E20F0249BC6,0.752891745425919
CC_4E2F01B7B9EE,0.16555104091061562
CC_4E41C247B4E5,0.14546732795472353
CC_4E479F6989A1,0.06604613082414006
CC_4E48AF17BC29,0.08217898463565698
CC_4E6BE67E3C4F,0.04052257882038504
CC_4E70939C5933,0.48050347915079006
CC_4E70FB172717,0.18772198868467166
CC_4E726EE8C026,0.22044189131743946
CC_4E76F48DFDEF,0.09573655840441403
CC_4EA180B2B913,0.03498364974934112
CC_4EA67A160C3E,0.609323590062278
CC_4EE41FC91AD2,0.2070600378214552
CC_4EFECC6C2E36,0.652083216591766
CC_4F22CB97C34F,0.037836467461499206
CC_4F2444DC6C75,0.7832608293882286
CC_4F2B7F512DD5,0.07342423802842252
CC_4F504A9744FB,0.11699012321314414
CC_4F6FEE589187,0.15385225988505866
CC_4F71AAF96C32,0.09380852050586147
CC_4F76E57C55EF,0.39693794345467887
CC_4F88D3E5AA2E,0.03685693577851222
CC_4F8A4384F6DE,0.1390387405526542
CC_4F8D83DCCF25,0.22384340569231417
CC_4F956AA47816,0.7033206639263472
CC_4F99FCEA10E8,0.11197907581928099
CC_4F9F10A183F6,0.0762824346596856
CC_4FA766935F14,0.13178367970223162
CC_4FB0B9E398F2,0.322550820043675
CC_4FD0DF6CA3AA,0.043730997748363296
CC_4FD902F7ADEC,0.0873283784525154
CC_4FF1155E3A6B,0.4207196816245252
CC_50103368F241,0.08629806619805946
CC_5012B9991935,0.10551123747227299
CC_50172FF2C2C1,0.13723810811108034
CC_5017C9BA7773,0.05258985118061228
CC_502C3D0EC4CA,0.12815106801060025
CC_504157951119,0.04726607094250038
CC_5042938B5A9A,0.444756401600615
CC_504A57293FE4,0.7995367349191631
CC_505812CFE43B,0.35683604980373873
CC_505A6EB06E39,0.3192395348632512
CC_5064CCE0EF29,0.21937111006396237
CC_507BDF639FB5,0.1790263524612214
CC_507E53684AB6,0.14735356319486065
CC_5087A0D1765D,0.2313748318039973
CC_509229AEC221,0.20093309319840197
CC_5092D3A72B03,0.24837709542070172
CC_5092DF691F74,0.4739213615058041
CC_5094BB59416F,0.21220305618946328
CC_509926B384D8,0.7546319675284818
CC_50A6C96DA7D3,0.04722310454801773
CC_50AE75A10F3B,0.3076835201317156
CC_50D4BB93EB1A,0.06963296778926746
CC_50DF7B02E356,0.20546843318410007
CC_50EB53CFE7F8,0.05508648698884097
CC_50FC7D563CE4,0.17481939973232813
CC_5100E6EAA3FF,0.1850678373563655
CC_510F2944B2A0,0.13595488889264257
CC_5128881AAD54,0.14570765070932715
CC_5138941DB7A2,0.1275040340233603
CC_5139EF8BEAFB,0.13890149703420476
CC_513E5EEC6B04,0.11804155643023176
CC_51427EF15375,0.28077457727522176
CC_5147B281DA64,0.3979897997865596
CC_515D968ED36E,0.08264383765313835
CC_5176FF858154,0.10636064223895922
CC_517CB40FB016,0.07903470302504975
CC_51884D5F3E4D,0.10963809922993846
CC_51AE98263438,0.14086045083848692
CC_51C9CE782368,0.18978634421231386
CC_51CC80D1570F,0.05463097133862451
CC_51D2E3476902,0.06585249868835069
CC_51E05E706D64,0.12495017055922944
CC_51E5A5E9801C,0.053730318068605606
CC_51F5DA44F9A0,0.3821199255178706
CC_51F6BDD355F4,0.0472934985839035
CC_51FE657FE212,0.08261242810709503
CC_520950C9BAA3,0.059384200742306936
CC_520B1D31AB99,0.12130056551025983
CC_522550E1761D,0.7555638330206009
CC_524CD519E76B,0.09131656366547454
CC_524FE9E3DAD3,0.4331996515686436
CC_52629A025048,0.11990862552871237
CC_526765FC100C,0.23169215890364353
CC_526E56249FFA,0.3021535911989568
CC_528B42A34966,0.2783403161734139
CC_5292B36E4882,0.23462239035706794
CC_529A2F110236,0.13184171220069865
CC_529BC4ADAD6A,0.20925686000211285
CC_52C1C5A6F887,0.09288254968056614
CC_52C3B674FDFD,0.22768883114076055
CC_52CCBB8F9964,0.08642593600433325
CC_52D21FFA24DE,0.7353102881375563
CC_52D32EDBAA78,0.19529242522816093
CC_52D7821A8363,0.1261413294088169
CC_52D9087EBCD6,0.8004277753722335
CC_52DD62E1AC2E,0.2043284156026176
CC_52E8B04F0FA0,0.14549758244362754
CC_52E965E9E2C3,0.14750133956571287
CC_530BA492842A,0.2960685225814742
CC_530F6E906D6B,0.040652855011392
CC_531FCFBE3B13,0.09243462919861432
CC_5320DFEAD897,0.18023357817389657
CC_53319AE7B829,0.6465734875666681
CC_53481151859F,0.04344182696890459
CC_534D4FC05F82,0.17952977633233005
CC_53687DA8C9E5,0.3449885016362502
CC_53795A7B7751,0.04879025226094
CC_538328A6B3BA,0.4673031976208069
CC_5385266461B1,0.18949827878183007
CC_53891CB35BF8,0.15564048757170407
CC_53A6E1083B13,0.0679173573998163
CC_53A77DA726A4,0.06903092614377004
CC_53ADBC2F6E34,0.2426318132479972
CC_53B249809561,0.09698711137642457
CC_53B2DF5B019C,0.05361652251627605
CC_53C1F3E031A3,0.16963136809101323
CC_53CBF2E8AD05,0.3988992976823317
CC_53D04793ED9D,0.07545456529758479
CC_53E23A9B6F74,0.06162787880454042
CC_53EB59C99100,0.4334542382227189
CC_53EB9AC04311,0.11629779665656553
CC_53EC732C9B30,0.029508053886705132
CC_540122E71534,0.1289741104920977
CC_5405C89DF8BD,0.6824627011088857
CC_540D69F5BA23,0.13220704635950523
CC_5414446319CC,0.6826435660038466
CC_5418410F95A2,0.08485446445211964
CC_5431A01C30E4,0.08068222705761327
CC_5452437FC605,0.38226898647438534
CC_5452979BF98D,0.06051256405849664
CC_546EE83F84A4,0.5116396904807282
CC_5473268241FC,0.15951999495636873
CC_5474EE64D859,0.2716642209089529
CC_5476E2B2FCA0,0.1387217253220011
CC_54892024F98D,0.1995750814443484
CC_54B33C66DCF7,0.09409325593552367
CC_54CF66B660B4,0.45253214239970807
CC_54D3A35EC69F,0.06578591958024908
CC_54D6AE2665AA,0.10995955494814783
CC_54D93974E62F,0.322280400019224
CC_54F5F552A0F2,0.1242013348372974
CC_54FC3B361BDA,0.09785868634685128
CC_550135E8FAC6,0.13660483094480186
CC_55020AD0D117,0.14416651416963544
CC_55094AF7EFEF,0.10566846570466316
CC_55126E23462E,0.033109809081001605
CC_554C21CCAF3E,0.12133842844726897
CC_554C912C7DBE,0.06466021311407831
CC_556B02A2B401,0.26483049157056354
CC_557A0B0CD0F4,0.1783036658751726
CC_559A14E729EB,0.30817343498035743
CC_559F0DD4E4A7,0.3272232952699506
CC_55A82B4E57F6,0.13886744734771939
CC_55A98ABE4C75,0.13451019746239018
CC_55A9D45EA466,0.03919959582931933
CC_55CB872FF50B,0.25497730717672856
CC_55D9E3D58435,0.18085589441830152
CC_55DFF3C3BB46,0.07685124303304194
CC_55EDC3996984,0.16150328918752124
CC_56013299D8C5,0.098168900226495
CC_560B519C1F50,0.08308290978382715
CC_560CABF0F5D0,0.2225594320253633
CC_56178AD87948,0.24524861670785242
CC_5619A7BB54EA,0.11968910829244711
CC_5624319D7B28,0.10696703361539302
CC_5625119D6C37,0.21152327533131493
CC_562BE7245E1B,0.693204750461488
CC_563684010DF5,0.5761616016243787
CC_563EA9A29338,0.11018484657211719
CC_564590AFB575,0.034991483494911144
CC_565E01191BF6,0.5826568036569926
CC_56612A039382,0.06809633396501316
CC_5665FB827721,0.5723985330019601
CC_566932C3CC97,0.09935711113073464
CC_5671D59B2A51,0.12375493523151337
CC_567E7DD24A97,0.09230230722176555
CC_567F47F37683,0.03655346923458233
CC_56847A91065C,0.10243616617802953
CC_5698480F8634,0.05681121773736727
CC_5698B024CECC,0.5906889692138306
CC_569DC051A2EA,0.10916095633335085
CC_56A322152604,0.31590329660150074
CC_56BFD9A8335D,0.3309399258126302
CC_56C9379BADB6,0.03218315103754926
CC_56D410FD8F56,0.3782620758345977
CC_56D4549919EA,0.1801102941346065
CC_56D918CA6353,0.1240773173568665
CC_56DB30CE666D,0.1847453239846879
CC_56E760C3206D,0.2509330400552449
CC_56F73F905615,0.8140883323284545
CC_570683C088DB,0.15478115004407295
CC_571C6AFD00ED,0.3561368701752124
CC_5725663C3B89,0.12351594884696407
CC_57291D7667C8,0.1517777472018515
CC_57313F6E7927,0.18260999078998494
CC_5735F9B859AF,0.6148216158583909
CC_573B34826B2B,0.6290640324549178
CC_5744447CAF7A,0.06455147143636503
CC_574CC0FC7B05,0.10728884515052
CC_5759E2982909,0.06471933715179295
CC_575CCCCDD7B6,0.6296465369547299
CC_57603A37D19F,0.03865262643306566
CC_57639D4995CF,0.2128383366228435
CC_576E6676FD55,0.06572049343273353
CC_5775C148E05C,0.12169172238415
CC_5798E560E9F3,0.761326447904733
CC_57A486F61065,0.5809549138168995
CC_57A726458B99,0.059144491358020364
CC_57B0D41BD7D3,0.3463902206276614
CC_57B501E60C35,0.0781105647445994
CC_57CA90509CB1,0.7341698615953871
CC_57CB7673547B,0.06445260920577571
CC_57DE479CB61A,0.7246286894436326
CC_57E7F1A6B895,0.031136199923445462
CC_57F13C4115FA,0.34055643128869184
CC_57F480CA9A42,0.08265739152616357
CC_57FDFC6DE726,0.29019027254461627
CC_5810468B76BE,0.1472034261459445
CC_5810F212B2EE,0.3241345518635935
CC_5817759E7007,0.13852008736987545
CC_5818B5089B3C,0.10626799584307012
CC_582C78363EB6,0.09553579647818952
CC_58391600720C,0.1318778450780984
CC_583D7B177F85,0.07934810120378925
CC_584C11014F63,0.13832335287538816
CC_584CDC12578D,0.059833584671752246
CC_5852F443C55D,0.07797531463957774
CC_58565AF0F70A,0.5435956750854833
CC_58568DF9AECF,0.18217602551893852
CC_5859EE6309D5,0.4726794831377232
CC_5872B45E1C19,0.749300638565443
CC_58797A417EEA,0.21291961013362518
CC_587A4844B482,0.21883934525531765
CC_587C0CC3DD82,0.6541487245540392
CC_5881A04052CE,0.092455668158726
CC_589A4E02EF81,0.14116583381636094
CC_58AB46E5655E,0.1464459581342899
CC_58B0CFC9F3D2,0.0564348518807228
CC_58BEFDA6B4C6,0.12172853196761013
CC_58D95C7247D5,0.04821972166665245
CC_58DBF3409D48,0.06276023816409838
CC_58E35A47B880,0.16292166152220683
CC_58E40EFF57CF,0.40258828184175266
CC_58F551219BD6,0.04251385646010795
CC_58FA76C6C45C,0.5694259168545901
CC_59018149723B,0.05638840726237197
CC_5904459ACECB,0.7707151911051007
CC_59088B2886E8,0.036240984134700935
CC_590D2E0AD18E,0.5885190291675542
CC_59146CA05E8C,0.060777210568595766
CC_592592397DC2,0.5175340307955267
CC_5926F5B4E054,0.16752756429607063
CC_592A5A163624,0.3267261238511141
CC_5941C323917F,0.07404426974605571
CC_594E4E86A1C6,0.22245717459749775
CC_595ADAA76A32,0.08554252779224601
CC_596A20270C3D,0.16417446021838777
CC_5970E93E11DF,0.25882255429713763
CC_597AD111527C,0.12138600344426406
CC_597FDFFA265C,0.09265500591537182
CC_599C287D2BAA,0.3827640756476359
CC_599E345094D2,0.1438888906735198
CC_59A4741B5A92,0.1777881753859451
CC_59BB3A5BA2A3,0.5456564457541904
CC_59BFD1200F6B,0.17882673955345002
CC_59C07CCAF4E0,0.22055871078368974
CC_59C49474B501,0.13482845498362678
CC_59CFBC2CA471,0.5658661459149619
CC_59D62BE0C0C6,0.0939587568693202
CC_59D86F572716,0.12553352450267863
CC_59DF71FBA4B0,0.04433021620347778
CC_59ECB7465DCD,0.06143607430252626
CC_59ED43A803B3,0.03203401958171549
CC_59F5E81F4EA0,0.15678819301849606
CC_5A10371BE7B1,0.7966167327386751
CC_5A2F9A594A05,0.5707116261158933
CC_5A38E46246FC,0.4174139981086232
CC_5A3F52B0A07B,0.21123523047797865
CC_5A5507A49F6D,0.09455720276704924
CC_5A58A5E6DE82,0.10417809385931684
CC_5A5BB6DC1018,0.18695469309675847
CC_5A5C0DF50E01,0.12509566473576594
CC_5A633C535360,0.10019658031423029
CC_5A67E62D8D5E,0.6148659722320798
CC_5A6BA0007593,0.11915476799540525
CC_5A7513434C72,0.03451782400175206
CC_5A756D8AE60D,0.231319363923909
CC_5A7C13841B7A,0.6335368147235001
CC_5A7CBB6E8716,0.23244657000176422
CC_5A83A1E25A2B,0.3393833058735202
CC_5A86EB53A14D,0.7256450833043595
CC_5A89E13CE597,0.14985979234853108
CC_5A9466D0CF9F,0.11197704916676574
CC_5A95331BD0C5,0.11512950518068796
CC_5A9F63C3E428,0.07105598943159717
CC_5ABC76FF707A,0.05650332967275433
CC_5AD0F1B43457,0.11205663901892685
CC_5AD82250C271,0.0361951409365342
CC_5ADD27165E38,0.7076559044648049
CC_5AF32E5C8018,0.03763556453950626
CC_5AF3690FA0B0,0.19163444690758666
CC_5AFDFAA63B45,0.15228557316578473
CC_5B025DA26FE6,0.0500270298941964
CC_5B07C7DE7E7E,0.23019788158228555
CC_5B08171A6880,0.17345231179029505
CC_5B09FB1A0BE2,0.07323197864541786
CC_5B0D6BA12702,0.45210584680780513
CC_5B0EF2D4C3CC,0.17360484718284874
CC_5B195D88C182,0.37616217523779416
CC_5B1F6FE71A38,0.05662715070901461
CC_5B247961602E,0.057030053264109135
CC_5B276421F4CD,0.04096012970956347
CC_5B289AFA1662,0.24519122266661525
CC_5B3A16421A31,0.05364040130839751
CC_5B3E78897EB7,0.07118606074601366
CC_5B480B44A9B1,0.11729300897124487
CC_5B546C3A21F8,0.18119339785251845
CC_5B5BC4023EE7,0.16364334683038556
CC_5B6D63DD34B7,0.09246697138987192
CC_5B6E868912E6,0.05426100926542813
CC_5B818D2581FB,0.1476893961772957
CC_5B82E8BB921F,0.28581242991069444
CC_5B8E8DA14EE6,0.1730940170082766
CC_5B900A135A69,0.08517467225003253
CC_5BB64BDF3C99,0.11057376433072712
CC_5BCB2C79D1CA,0.22528027833077066
CC_5C072DB8586F,0.056884968602465155
CC_5C0BEC2A0850,0.05978649319070498
CC_5C24010127D1,0.3480464629031229
CC_5C2DAF5E0EB7,0.4104820657339824
CC_5C3E8DB90978,0.12143481618364707
CC_5C4A7CE69975,0.2918176549740561
CC_5C5766F933B0,0.47423796416385283
CC_5C5808240054,0.09296630125745414
CC_5C5D6E15EA27,0.18092486331376956
CC_5C60C4545922,0.11752619668647882
CC_5C626D70F6D6,0.14755140468655267
CC_5C670F0622BF,0.051629141599376996
CC_5C799E57EF53,0.05969449701594794
CC_5C7B44735AF4,0.18090653183722538
CC_5C7D8DF047E9,0.17237019643157894
CC_5C80F394EFC3,0.12787655766165335
CC_5C99E6189441,0.1073002389316269
CC_5CA9AB4A6AB4,0.11639465650248951
CC_5CB78ADD2432,0.14172767511614287
CC_5CDE37CE08CF,0.046231113112534486
CC_5CE258D12432,0.34078198181850405
CC_5CEEF006ABF9,0.060524994632395995
CC_5CFD2850E277,0.2348542248232426
CC_5D01F71B9FAD,0.10502918295154391
CC_5D065A455A45,0.2037185922475503
CC_5D0AA7D4954A,0.22677787076807038
CC_5D242448B812,0.11987073875548955
CC_5D2C5115BDD2,0.19129695373283045
CC_5D3273E039AF,0.6657306899991872
CC_5D398BB3365B,0.06776211903836662
CC_5D3C1CE64952,0.07281103817492322
CC_5D4B0EBB5CD6,0.12095109295206705
CC_5D5E897588D3,0.09546900637560439
CC_5D65F25FFB8D,0.043412431975806506
CC_5D665A86C465,0.1134878619604822
CC_5D80C353E475,0.10491324972238178
CC_5D8895A0AB4C,0.17806127667223565
CC_5D88A673BF50,0.20904976006333154
CC_5D89688B69A9,0.3868356875140413
CC_5D8AC8E18A8E,0.07052545134877344
CC_5D8E7DC2FA6A,0.5560413948586403
CC_5DA29AD9E85E,0.04996828345906848
CC_5DB286EAC626,0.28414509451787273
CC_5DBC1BB95B84,0.7958884342417111
CC_5DC0A465470D,0.046770191033305236
CC_5DF82CB03C3F,0.11174752077691542
CC_5E001C93F359,0.06144710748536078
CC_5E029094A55C,0.6583828694136027
CC_5E0808121A65,0.13618740737028734
CC_5E1117E4E593,0.13251314897279176
CC_5E1541060A97,0.7102161330381457
CC_5E1C11540C0B,0.10848938509437075
CC_5E1DC0E143F2,0.17719524740068054
CC_5E206AC277E4,0.2539503491619973
CC_5E22B4BC8B12,0.08839868902343899
CC_5E22D889B6BF,0.12813507143404296
CC_5E38425EC99F,0.7033738881070493
CC_5E3A70C2077A,0.1548105320980705
CC_5E5607D275CA,0.1310526767476039
CC_5E73C3D2B3EE,0.17105864755819808
CC_5E7F23A07A71,0.09385208084552671
CC_5E80A96974B8,0.22521822723841967
CC_5E8C0453B9B8,0.2713001350620575
CC_5EA599FBA5E0,0.5433155212966196
CC_5EB379BA6C7A,0.11738109242549893
CC_5EBB96F65AFE,0.40298184403249193
CC_5EC41568C2E1,0.09572971538389138
CC_5EDB5C924107,0.2901116977931737
CC_5EEE5D0FF8D3,0.20092408688161417
CC_5EEF07FFC243,0.066460695085019
CC_5EEFD690759A,0.08561166835115452
CC_5EF2176F01D5,0.1101944084365278
CC_5F17CA33D26B,0.06959963681336771
CC_5F20750D6658,0.18625066956321812
CC_5F2CE32A6EC3,0.11895181516726099
CC_5F328EE757B6,0.044618173064692235
CC_5F35B8D87D06,0.22942570075880228
CC_5F390BA40E83,0.6952237542658966
CC_5F59092CA9B2,0.10658811488773379
CC_5F5916E96E19,0.15910807084041742
CC_5F5E835B9E6E,0.08189973183548986
CC_5F648D39D67F,0.5708190652472414
CC_5F6D4104C808,0.17007704814301772
CC_5F72EBE104D4,0.02812652279693127
CC_5F765C41F051,0.055461360509626474
CC_5F8859A6F0DB,0.026947699081929618
CC_5F88ACC7C384,0.11359966945660466
CC_5F89DFA97B7C,0.5520702191259104
CC_5F93A3E31DD6,0.5839346973755062
CC_5F9A44423DD4,0.14492159790464393
CC_5FAA7965BD71,0.12080159533307688
CC_5FAFA265CA02,0.3472619628576902
CC_5FBE1A34704F,0.17387965947836198
CC_5FCAA919577A,0.1984630794611847
CC_5FCD208ADD77,0.18142457926186706
CC_5FECD2BB0094,0.08657761540197162
CC_5FFDE52E6B7A,0.08415568669164142
CC_6002BFD3F26A,0.14450014729430344
CC_600311592F72,0.05357789780756214
CC_600AE12112D6,0.2745522564351886
CC_601C3178E38D,0.17675251954401827
CC_6037EEA42F2C,0.36505134538967
CC_604C08F76272,0.6702848538210505
CC_604C72AC662C,0.15611760530019808
CC_60510AFA8A87,0.16809401258796608
CC_605E2E26E52A,0.1935217360348116
CC_605E3904CD8E,0.1537199587343519
CC_60611B935106,0.15354112396817426
CC_6061787228F8,0.12981821655992615
CC_607270A72DFD,0.24314117145133735
CC_60738E418DB3,0.12438670008812222
CC_60961DF8A134,0.11496472740978261
CC_609B7A7FA165,0.07452693872657754
CC_60AC5C892D01,0.09197769304566095
CC_60C09FF84412,0.17216274942576812
CC_60C87349D73D,0.3205345846855874
CC_60DA2FBF1FBF,0.11592694637510985
CC_60DA539A39FD,0.1814971517632583
CC_60E974A0B278,0.06922331471058668
CC_60EF7D647EFC,0.052767585106260735
CC_60F525A39898,0.025862117388655674
CC_610009B69EBA,0.6749434311799267
CC_610FDDF5FE54,0.1548661155794402
CC_612C06CB5FF4,0.10306263194883691
CC_61307D82CC26,0.6687650676231618
CC_615030FD33CC,0.7115212234057677
CC_61649241FE59,0.16790774472265602
CC_6170051A606A,0.1521532244585696
CC_6179A630658E,0.07724992644472128
CC_617BD59427E7,0.09988396702354489
CC_617EC8BD5153,0.21771275620007333
CC_6191E14D21BE,0.05473091416913228
CC_61A798B8D222,0.039092917110051896
CC_61B4A983D1A1,0.06917591877982758
CC_61C9732AA682,0.7107790148064657
CC_61DC64E37471,0.05315589058257254
CC_61EAF14033DB,0.1212602957736664
CC_61F18E0C218F,0.07235164821444798
CC_61F1A1263F5B,0.1602890703980865
CC_6209EA426553,0.04644552346441407
CC_622BD8CB3807,0.30323016525929075
CC_6234A9617A7F,0.10125679072718512
CC_623AC074EB25,0.18679317693786668
CC_623FAACE8A80,0.054069965871828156
CC_6244E2935407,0.24333478229892597
CC_624535E11F69,0.05416159326600213
CC_624EA2917CDD,0.696381850023695
CC_62565D08DDDD,0.7771704797502021
CC_6268ACD3F95B,0.5209951442935823
CC_626B61F4789A,0.614752119514451
CC_629193C2A090,0.24222947056154598
CC_62933641AC43,0.2803444028147799
CC_629480877536,0.34998881439591006
CC_629CB045D9FE,0.09104921047909523
CC_62A84BC400F0,0.28050007839912633
CC_62C36DF81797,0.17510821191158388
CC_62CC835CAE4A,0.608044302870971
CC_62D4192F126E,0.7248414601000956
CC_62D7A3C9483D,0.061426213417939295
CC_62DF1B99B4DA,0.08737486817669145
CC_62ED7BA3E620,0.03757919901579729
CC_62FC001AFC78,0.08555391955683603
CC_630412B4AFDA,0.16520114663152682
CC_630903AD39C1,0.0397569000808227
CC_630938DCC1B5,0.05511192790837429
CC_630ACED773E9,0.4646707357909253
CC_631E1690D913,0.07290930488756417
CC_633A7C7FC25F,0.24110185026356912
CC_6342051D8FEA,0.23685077270862068
CC_634CE4E8AE49,0.1613539441602485
CC_6359692F5EF6,0.13705381781090287
CC_637278423A6D,0.23133067282741293
CC_6377AB848081,0.10833146725026832
CC_6381A65E0A3D,0.09506185657276855
CC_63871B4814E2,0.11819497180486012
CC_638AD269F05C,0.025215282130738412
CC_6391AE0FB83F,0.1550972765655601
CC_639703EE2ABD,0.038731501423031264
CC_639750C87A7A,0.7399238758903905
CC_639B1DCECD2F,0.1737719209071753
CC_63A869443AC0,0.4292007579584617
CC_63CCEE26BCAE,0.04945255372877333
CC_63D51CECB6D2,0.2530003307898706
CC_63E53402FC02,0.03248395362380507
CC_63FC6895901C,0.1556941405580523
CC_63FC8A97D9C1,0.11609297643742732
CC_64117B93EF73,0.3489062127896755
CC_642D9C325F1D,0.29565997779606357
CC_6436B950E22B,0.19113950434779092
CC_6445BD3DDB6E,0.03192728078988225
CC_645C15569E42,0.10774918929576688
CC_646472AD66EF,0.0911224136193659
CC_646B8254357E,0.14791253142734173
CC_647F4BB4983D,0.6862986094035692
CC_6489ECEEFD0E,0.10272929839328337
CC_64946E57306A,0.03269104270236092
CC_64976830B0B7,0.3467992345862089
CC_64BA10F3FAA1,0.09143073076209891
CC_64BA39A0DFC6,0.0861359799152503
CC_64CF9A79EBFC,0.10008433291952551
CC_64F0E0473D1E,0.08742718729932296
CC_65006C2AB2D4,0.7580932541082148
CC_6500BD19FA06,0.3179172198718637
CC_6504DCAA90E1,0.09482031081374542
CC_6509C7361994,0.17203980860889687
CC_651486189673,0.08390412180078197
CC_65194BAE506A,0.1841055584080744
CC_652539353439,0.18748802877937426
CC_653CE5FA5A76,0.302856630977066
CC_6560C2F4EDA4,0.19239312474625142
CC_656137F98187,0.6372431295534458
CC_6575B4B39113,0.042437051551866514
CC_657F629D31E2,0.22237762729843988
CC_6580B7583ADE,0.2159325869644227
CC_658477BA75D6,0.0460536355577777
CC_658B7867BE7C,0.09889631248964714
CC_6593FE5349F2,0.09005074352493253
CC_659EE0F05A75,0.3603882373704671
CC_65A0D8134410,0.22271008862184727
CC_65ADD5A19F64,0.1016955514992193
CC_65C3F0F73BB1,0.0870232401662402
CC_65C47521C285,0.03806054381656474
CC_65C4EE0B737C,0.2248787003579627
CC_65CB68404333,0.1924811575342647
CC_65D6DFF1B766,0.1117687645091508
CC_65F1545C35E1,0.23183357274432354
CC_6602547E2FCF,0.21729986757933767
CC_6615D7044816,0.2828843233716352
CC_66244D4B72EA,0.10556650489730576
CC_662E5AAE07A8,0.042034524458791876
CC_66322B339E84,0.038569586540535855
CC_6634FD4B1CD5,0.761441033869094
CC_663DCEF4923E,0.19163303379460883
CC_663FE5BF918D,0.4172046101333106
CC_6645798E740D,0.07074464611732505
CC_6649736C8321,0.7742470280428818
CC_664E1026C4D9,0.2553758559532244
CC_665603C4A33B,0.06965785135609232
CC_665BDD9C8039,0.3740193482156393
CC_665F2AD58363,0.20331001389080425
CC_666767444BC3,0.22574398887731928
CC_666C0A2A8674,0.05140806716576973
CC_666F2BCDC7D7,0.17387518419082884
CC_66775178B226,0.05093519182280826
CC_667B6F8C846A,0.6070362135661228
CC_667E909835A4,0.2177989657810046
CC_66809C278FCC,0.17651228192404875
CC_669CCC44CFCD,0.06735270672086673
CC_66B0BD3F6516,0.32496809657214426
CC_66BF02C05DD8,0.14389579038611083
CC_66C491256BE4,0.06017882087277021
CC_66CEFA65F912,0.3608668546938101
CC_66E025DB3282,0.6087240476424962
CC_66E7B423A32F,0.6605126251101916
CC_66ED26E7BAD9,0.08154550619381731
CC_66F7FF7735C3,0.17787062278495036
CC_66FD0CE6D57B,0.05742997116700879
CC_66FFFE05C2E8,0.09651099524834587
CC_6700012A39B8,0.10875688218544516
CC_670FC6A064F0,0.21620340976281352
CC_672932B65802,0.08050881724344053
CC_6742C6478F98,0.20827624120556526
CC_6745321663BF,0.058142711682593266
CC_67579CF57290,0.13643180442672986
CC_675F7483FB90,0.19150163596117803
CC_676ACFAA6131,0.6568337962000711
CC_676B423C495A,0.6091405875824158
CC_6771C0D1CB1F,0.05633620810650901
CC_677EE0369CA7,0.08663089029548987
CC_677FE35855A9,0.17709499021277625
CC_678091614A14,0.11795752843926795
CC_678A43ED0803,0.6158707496284679
CC_67955C210226,0.09233786630361265
CC_6797E0B01112,0.22839661152547522
CC_679D90941842,0.14068257173886067
CC_67C05273700B,0.11857592037054779
CC_67D5172B6450,0.1655019267388741
CC_67E8CF412D93,0.10423717975082313
CC_67F6576A6836,0.2540417659307076
CC_67F985A00A12,0.05098009545276528
CC_6801AD1D4478,0.07598653137682129
CC_6803BFA94B17,0.04989423558071135
CC_680B16E5E240,0.14022765531585524
CC_680F2D0F4F6C,0.10309998150567926
CC_68221E1393E1,0.11714594115425606
CC_6822590B968C,0.16634760059301118
CC_682D8EBCEE94,0.21298343324744995
CC_68429B4AE401,0.4028892817524252
CC_686B26BDD061,0.05518663512142484
CC_687518442359,0.4196302822021035
CC_6875DA61F422,0.26502831225132906
CC_68A3D749608C,0.19158652467747933
CC_68A9C3CE2557,0.10241623277586999
CC_68B9F8C6D9D6,0.6249952197125068
CC_68BC65E3C84A,0.37717146937743307
CC_68CC4D1D898F,0.07008776988360486
CC_68D0ACBD2D0F,0.03592955436410556
CC_68DA8D5488B3,0.0709870309858975
CC_68E675A69AF3,0.1737259960750378
CC_68FC9E6FA27E,0.18773843040336657
CC_69322F7C4CE3,0.12812050651195256
CC_693710EAD59A,0.19625763356688036
CC_69387752F41F,0.5369339242753385
CC_693B71DDFE67,0.15393415369603974
CC_693D4AEDA3A2,0.11086124148585705
CC_6952171BCD2D,0.14687822412859294
CC_69547DEB412A,0.2181541514829612
CC_695E80DBA42A,0.06860772636053852
CC_69717E76CFAF,0.4130751640670945
CC_69741BF89A2D,0.12034363497615087
CC_69825C70EEE9,0.1986494330651026
CC_6985C268DC74,0.46407745018552216
CC_698886C4AD90,0.1330956513686942
CC_6999901A6060,0.1489706168247502
CC_699ABD34646F,0.08565187048109434
CC_69A98DC7A907,0.06788155570294926
CC_69AA6E0DDE10,0.26166947131434015
CC_69AD5A48A78B,0.19759401408019472
CC_69BA7BFF98E2,0.12650714784479816
CC_69BBE365C097,0.05410948696559746
CC_69CD95A00D9C,0.03323065169384808
CC_69D328691680,0.0888365474400672
CC_69D39C9F36F2,0.24632891973617144
CC_69E09390CD64,0.08560101736975574
CC_69FD49E90AC9,0.3206920967761015
CC_6A099AFE73BC,0.19397142230469278
CC_6A099E6C91BA,0.36725798269697224
CC_6A19EB191A81,0.02448846804811511
CC_6A39017046FE,0.081882703519981
CC_6A4A401F2920,0.3691441505338801
CC_6A5261180031,0.08097156974622054
CC_6A7432494840,0.1790909364396881
CC_6A7963180D20,0.3650635048317651
CC_6A7D7E5F814F,0.5889213412451563
CC_6A8B8BBA749E,0.14308185783444288
CC_6A8DFDB0621D,0.137046299165386
CC_6A93C436E2FF,0.10762574244368456
CC_6A97F81D9A0A,0.17869474737606325
CC_6A9D1622B4DE,0.33572886893383636
CC_6AA6589445C1,0.6785440443070316
CC_6AA7A87F59FD,0.15315951488530563
CC_6AADD44C0B52,0.07034822548802859
CC_6AB4A5EBA3F6,0.24415833838552653
CC_6ABA7D0ABAC5,0.13708412871133815
CC_6ACF1E52BE8E,0.1306396940212119
CC_6AD3513459CB,0.09640157305215992
CC_6AD4238EE77D,0.19058235886464714
CC_6ADD0FE5DD74,0.6253245582101405
CC_6AE2737BD3A8,0.07947869370620719
CC_6AE48C1F2448,0.14256356996307085
CC_6B00A666A420,0.6838067284535341
CC_6B07C3992304,0.06868842209626669
CC_6B0A72BBD800,0.664836956957539
CC_6B12B975F2EC,0.2858095041830195
CC_6B12C9507F32,0.21127046283755696
CC_6B34719D93AC,0.6142247579168738
CC_6B34740DD355,0.15036386788815648
CC_6B41081727AD,0.2249050780942884
CC_6B4902892E70,0.08661940704091842
CC_6B5BC2D89077,0.7068614644123721
CC_6B65242C2CCC,0.15502488730759018
CC_6B823BACBE75,0.32820521762615523
CC_6B83E1A959C2,0.23291317301452819
CC_6B84FB3DE604,0.03302693352115693
CC_6B8AABAA752E,0.1939575047491333
CC_6B8AC0DEE990,0.36733199723332594
CC_6BA45C072D40,0.18446286350459884
CC_6BA72ECB5027,0.1208349084584289
CC_6BB560F020BD,0.07691531560083327
CC_6BDF0B68C126,0.020344007876292453
CC_6BF0A9437728,0.1339745574548114
CC_6BF3B9097199,0.16357035896846595
CC_6BF7A1EF31B9,0.15679153218506975
CC_6C29DF49246A,0.07783356229820783
CC_6C3C86C2125E,0.08453567049472271
CC_6C42FF6D7218,0.6993308147450057
CC_6C541A482CF2,0.19495973786463786
CC_6C585A6BFE01,0.7991379353111867
CC_6C5CE36700D0,0.17514116010728492
CC_6C62C2094733,0.06730516924631681
CC_6C66539A9D02,0.2685394987676781
CC_6C684505E498,0.07772619662678948
CC_6C6E40927C35,0.03626183205045894
CC_6C7736F51C12,0.6485448684515434
CC_6C781CEB6F52,0.09642089950140252
CC_6C7E39BF4744,0.13470064625856307
CC_6C9EE9BAECEE,0.0725600701036923
CC_6CA0F076091A,0.11468681797286037
CC_6CAD299645B0,0.18334449367674818
CC_6CC3C50BA394,0.1247781582725816
CC_6CC593C5385D,0.030758030772240964
CC_6CDA4B24C602,0.2992496040278988
CC_6CE31AFF7813,0.06931782962334941
CC_6CECB68DE9C1,0.3207236143609794
CC_6CECD3DBA212,0.16437183470699884
CC_6CF17D012682,0.18340691058301084
CC_6CFCDF903310,0.13662890659405813
CC_6D08B5E62654,0.09457932474501828
CC_6D0F60667273,0.2749778460503744
CC_6D127EE83945,0.04630736529633967
CC_6D134DB29068,0.40569787675716285
CC_6D141A49D94E,0.6179639230685874
CC_6D148C0A624D,0.15462690648567545
CC_6D1EFDDE2EED,0.06547922844042839
CC_6D22B938D7B9,0.06614434548280745
CC_6D27409F4956,0.08260502764600663
CC_6D2F0EBBCA4D,0.22515971206453225
CC_6D43BE30E8B8,0.2509783573707986
CC_6D4EDEAF67C7,0.18544699647818624
CC_6D72571304DC,0.5060998626908303
CC_6D7C62C7C161,0.05247716551290141
CC_6D8A18C28AF0,0.08013171514617749
CC_6D8B35007242,0.09848040483253456
CC_6D93A9E49E3B,0.17975272134932527
CC_6D9C644A082B,0.11427974905412022
CC_6D9F52BD4D0E,0.13664864589726483
CC_6DA058F9B631,0.2973172186291793
CC_6DA1F8DF9CDC,0.21625993029266788
CC_6DB000AEF16A,0.09309631044486297
CC_6DB5025899E3,0.1992047709667642
CC_6DD6FA2FA0C6,0.10568203687302508
CC_6DE4E4C1A31D,0.19641045009498775
CC_6E09CBC15C94,0.5238340600914446
CC_6E353816938F,0.05013616012612998
CC_6E3AB992A5C9,0.15448892279593385
CC_6E420A2FE490,0.13875863125724378
CC_6E46D01888D5,0.1445562615448186
CC_6E4702162475,0.05796011334802831
CC_6E548AF15091,0.2492187275617737
CC_6E5C9A2DA27E,0.034083433457200184
CC_6E610F3976CB,0.1883655462749833
CC_6E614FF9BE02,0.6163033592641667
CC_6E68D46447E2,0.11221669913264104
CC_6E712C21215D,0.034070872518214515
CC_6E84DED41B8B,0.13044407233495342
CC_6E8557E30DC9,0.6147013199780589
CC_6E8963475D35,0.2122680053249991
CC_6E9880CA0BF9,0.3165467256752185
CC_6E9FCD68ED52,0.7031028026781214
CC_6EB194A93F60,0.1488154682311293
CC_6EB370F511F7,0.06275512979241521
CC_6EC722B2BC2F,0.17732705118508602
CC_6ED1B0EE4B6C,0.24497236353174362
CC_6ED65E7CABA2,0.10740113013126246
CC_6EDA84B653B8,0.37702881625068785
CC_6EEE8E7C1D1C,0.19153845436763167
CC_6EF17801ADD6,0.1456887013187646
CC_6EF337CC4BA9,0.2980726507500616
CC_6EF464EC9FCF,0.1042744501001204
CC_6EF6B8AE7DCD,0.03392169270606271
CC_6EF8C59D8395,0.8353176944423608
CC_6F2146FE362E,0.05839402900644919
CC_6F2408B665A6,0.3631754619269372
CC_6F2B8E925D59,0.02831195168128762
CC_6F3034E96848,0.14277888717862963
CC_6F3559ACC2F5,0.03654087050782459
CC_6F46C5897DA8,0.4078627187885924
CC_6F49ECAE902C,0.07513713545814006
CC_6F4B818665D3,0.13443164089142967
CC_6F4E696A1F88,0.26725550371942763
CC_6F54BD66C0EA,0.16359242188298584
CC_6F786C433998,0.0961542413212356
CC_6F78BF56B0C0,0.094217728107271
CC_6F8346F138C1,0.42912068053991953
CC_6F86CFDB23D6,0.042405332055640066
CC_6F8E30AE9457,0.1513674842245586
CC_6FC25B27AC26,0.08116198251976442
CC_6FC8BE007FE9,0.14682078509977162
CC_6FC8DA40122A,0.18390701456938333
CC_6FD8BAB1DA3E,0.06097728861023817
CC_6FE4FD09A9D8,0.08020375852765381
CC_6FE78CB02174,0.037332450680149336
CC_6FEB8EDBF2A4,0.19008400644890489
CC_6FFCF2DAD0A4,0.07909619374470518
CC_7002034B0979,0.07903121832969866
CC_7006523D45E4,0.0687823789922625
CC_70097151A773,0.05495275351685919
CC_7011BC95A91B,0.04253008819275842
CC_7020F3C11A3F,0.16751023121240932
CC_70306409A3E8,0.3687104229964691
CC_706B18DA7204,0.1203548730757861
CC_70703A59C070,0.17369267722028262
CC_70749DDFF595,0.13889240784968904
CC_7079CE5127A3,0.025492605705786882
CC_7087A46F0AB7,0.09403126183938333
CC_708B73EBD939,0.17027897317929108
CC_709315667BCA,0.06576940244325186
CC_709970475B6D,0.6166008134431227
CC_70A56ADAC199,0.05748450508986934
CC_70ABB244502D,0.03654656606859882
CC_70B0176647CE,0.1358407343805857
CC_70D3353DA1C3,0.0691539479412249
CC_70D652DF4E91,0.13843193474046106
CC_70E3121BFDC4,0.1065894654727583
CC_70E5FB8B072D,0.034000255513586784
CC_70EFECA3FAEB,0.17767440034543225
CC_70F59DA18BCA,0.37887997083286823
CC_7100129A0AFF,0.12358668076537996
CC_7113554E33B9,0.0687836573971026
CC_71260405461D,0.06679949811608651
CC_712677251322,0.197174385663914
CC_712D31B2785D,0.06799827993537454
CC_713052DB1E2E,0.07031155628871855
CC_7139C2D6F1AC,0.09936293209693133
CC_71427FC8FA49,0.25053276080822706
CC_714912E93A71,0.12852250726266268
CC_717A5C2ED311,0.22782660227496615
CC_717C94F5C8F1,0.06592307610629908
CC_718F067F4DA0,0.03187476897811202
CC_719E714DD38C,0.04368637328376314
CC_71B169C874D0,0.17343808170965194
CC_71BB5070615C,0.1364660696419016
CC_71D37D6D19C6,0.20243468010355115
CC_71DC80205F42,0.17019768885106057
CC_71DEB636B8CD,0.607192603048277
CC_71E4CBAA1211,0.17631728491751153
CC_71E787049755,0.10632343990268858
CC_71F1EF5575AC,0.08203064168492011
CC_7201DD8EB33B,0.21762236895736803
CC_7202C8CE2317,0.3066793521899365
CC_720B06583C57,0.04057129343769007
CC_721DEC038BAF,0.080950987004168
CC_72219BCC83E3,0.1546863261743448
CC_7223DABA7E98,0.10844313301913791
CC_7233459FF7B8,0.2436871398009265
CC_7238A8A6767A,0.2352965235578031
CC_724559551664,0.6736259617852349
CC_7248EB4B76CF,0.05894119655310125
CC_7259B5314D92,0.06704336717761938
CC_725CA03102FE,0.04710695028517366
CC_726E05E5A555,0.12471626984330553
CC_7276AEED6D4A,0.06293923510736246
CC_72A18E8D6670,0.03251997159154672
CC_72CDBC38202A,0.39110758991975003
CC_72D8B2ABA2D1,0.7191684371323144
CC_72E4590D362B,0.3712969482432226
CC_72E8542AE4BA,0.03691502363884347
CC_73010B6E55DD,0.6252874944256678
CC_7309A4693D52,0.15612973344436434
CC_730C2A3FF1BF,0.1833305955690313
CC_731C1BCED024,0.6285594740231082
CC_732C325832D8,0.17761777492079128
CC_732DFCAA0A75,0.19437261314556115
CC_73322A6A24B1,0.7308808805021162
CC_7336B19A18AB,0.21933562058062445
CC_733AF1D123B8,0.3105540100813825
CC_7344A0E90AFC,0.1127435084613411
CC_7348C2B475B7,0.11972734506806246
CC_735E1A78B058,0.07411749637748014
CC_735ED2A02DC4,0.16275924868271427
CC_736015DE4E3D,0.38447107970333605
CC_736A42761E55,0.10736384061648077
CC_736C0436B98D,0.16991501700046285
CC_7379212919FD,0.09393051208519354
CC_73859CD59E75,0.5901639928133818
CC_738B201B1CF9,0.10552235924819052
CC_738DCB11942F,0.06644070918496253
CC_739198ACE582,0.11500344494533526
CC_739D093D7B69,0.10916845329522018
CC_73A7FC903662,0.16630950262862793
CC_73A8927DCEB9,0.09545468338665716
CC_73B575BBBBE3,0.13153339783078874
CC_73B6B9AD2002,0.048033247032007655
CC_73C28D72A5A3,0.5633507300789855
CC_73C38DBDF9A7,0.11519708676070024
CC_73D44BEF6754,0.3946080700399621
CC_73D4C1D7C022,0.07740172112983609
CC_73EF383F3C2E,0.17816043262348977
CC_73F34B1607C1,0.06218294496486202
CC_74137206902D,0.12122548148186377
CC_74198E5EC366,0.07832163634311629
CC_744FB5804A8C,0.6301975996006501
CC_7451E64B6D47,0.15688760153833536
CC_745A64878AF1,0.08239454024665302
CC_746B196CECA1,0.1614590875834218
CC_746C06898D5B,0.6218880428473266
CC_746DE1EED0DD,0.2604572657557822
CC_7476938CF6A0,0.547819292889732
CC_747CFDB7E305,0.07599294746877466
CC_74845374E870,0.7373809737889128
CC_74AD8D3B192C,0.6799866137607923
CC_74B90A15B270,0.09911814435971689
CC_74BA5D46E909,0.6631304564407239
CC_74BE0AD5E21D,0.1969980856294154
CC_74C33B66F002,0.12952741896286782
CC_74C9C3F17421,0.05037121299779801
CC_74E4BD5C07D2,0.07090864170128966
CC_750D90249EFD,0.12254933959080141
CC_750DA21B7EDD,0.33808866763985723
CC_750E6537383A,0.2677309058153695
CC_75137D6F9DCB,0.11061002032372502
CC_75173A8A11D1,0.3480520848674312
CC_751DDC1FC2AD,0.09441571265537146
CC_75357E0206F5,0.08462477280968342
CC_753D160E3A58,0.11024926958512735
CC_754447632F75,0.042722289968328685
CC_7549363C5D36,0.07597633465153783
CC_754F3894627C,0.08125309904666554
CC_7562CD43897F,0.13237668742863484
CC_756A077EC614,0.38009990453782716
CC_756D3492443F,0.2900989936246181
CC_75783B3E6C6E,0.044651873605884435
CC_7598068A716C,0.027036340671004425
CC_75A37D8C1F6C,0.6272589357300871
CC_75ABDDA24C26,0.14064143297967435
CC_75B287424E59,0.36343504548213823
CC_75B2B88876B6,0.09026431551625189
CC_75B324FCDD4A,0.23718229408001085
CC_75C1466E61E2,0.25050696404323014
CC_75CCCD9D4568,0.08942177862906157
CC_75D2DAF4491C,0.3096907231180209
CC_75D54090AAD4,0.11022883394663155
CC_75F1927E5941,0.6643258460714572
CC_75F99AD6844A,0.30315757622705924
CC_75FBA505C727,0.2816011448867842
CC_7615CC930B76,0.12413689490999724
CC_76168488EBB0,0.5516897211947952
CC_76197A77D666,0.026042130938121813
CC_761F48F8E962,0.26474077597326967
CC_764C6ADC6D1A,0.07541255275920182
CC_7658A6B0910B,0.042601560418766955
CC_766347951B7B,0.5906894901439474
CC_76857712D8F5,0.3382564136596655
CC_76A0DF2549B7,0.10491799732371548
CC_76A636414AEB,0.23921529545637682
CC_76B01540CDD1,0.17926007181614206
CC_76B420FC66EB,0.10654131871675515
CC_76B6BCD2EBAF,0.061509382620279315
CC_76B7A0029620,0.10595374002649649
CC_76BA435EF2AC,0.1318668099186103
CC_76BCC1AFDA4D,0.07344987599716227
CC_76C35913E797,0.16234897140872698
CC_76DE3DF1DEE3,0.17988203340157236
CC_76DFA4CD068B,0.08465835727419942
CC_76DFE3568C72,0.31739303627899695
CC_76E201F1E036,0.36570732896806984
CC_76E83166FE0A,0.14713956039800455
CC_76FD9E9D9ED0,0.16392139617184104
CC_7720BBD06736,0.3184874697615023
CC_77340228F356,0.6681868096066774
CC_773CBBCBAFFE,0.11591296749965255
CC_773E9B092923,0.10231320402875527
CC_773F22C3E42F,0.03321566434758026
CC_774ED295BF96,0.1755439959764521
CC_7751ED6DF76C,0.03995440868845671
CC_77571749B970,0.15068275386576474
CC_776F8B3BAC08,0.11110741034234785
CC_777889F9694E,0.03229041408062559
CC_777D08513AE8,0.07507702709736283
CC_777E3D988EFD,0.3012233988053883
CC_7795BEDE05E8,0.3262860889786018
CC_77A9EA3A6784,0.07328773468306012
CC_77B1AB7960A9,0.1975218516125156
CC_77B6EA810549,0.26478028860431335
CC_77B9889C9BFD,0.16876020738037234
CC_77BC55DC92B6,0.12227422472687872
CC_77D1DFCB0A8B,0.05302134221639457
CC_77D9AC43DFE1,0.20085768147149047
CC_77E6EF1CF2F7,0.41471260205856175
CC_77FFA8E6B36D,0.11637397677191909
CC_7801661A9DC2,0.15148380645240617
CC_78069B1BD931,0.1414902421646681
CC_780828B48716,0.1052810515252861
CC_782130B98F34,0.10324393291010628
CC_78273789B3C5,0.7748034533967746
CC_78296783E4EA,0.193743632793619
CC_782B06291D87,0.059483721246614295
CC_783A2D4C89F9,0.43638609212507895
CC_784407E16923,0.08599235653968021
CC_78491B6255F2,0.43530093593211017
CC_784F17AC712F,0.06511638419243661
CC_7852FC3BBADB,0.09937867289002053
CC_7866E4CE528E,0.7269872297691803
CC_7867E7C01013,0.19208508515553396
CC_7869F609EC2E,0.17540885670388556
CC_7874F14ABD7F,0.19712325390039404
CC_78774E05FF12,0.16994121932225925
CC_78815A352067,0.08835709343434658
CC_788FF4549766,0.22116240167706908
CC_789977501322,0.1255522805514468
CC_789B2BA880E7,0.03646498077707587
CC_789D87F51AA1,0.0547373604366697
CC_789DC3C358CB,0.2162704879287441
CC_78A036DF6320,0.6747262089976245
CC_78A3EA63B7EF,0.04300042819395244
CC_78BF1B8FC1CA,0.11842135207155813
CC_78C96E7015BA,0.6261433858446861
CC_78CC84FA2CE2,0.1877003425458899
CC_78F0087076CF,0.22387286107714416
CC_78FAA95F5B5F,0.12055942374827522
CC_79033EFDE096,0.11806925679510015
CC_79086C18A963,0.13608833812603596
CC_790DA2ED9F5B,0.11842236361228606
CC_7928811F7D86,0.09645509776661945
CC_79345478FCE5,0.19497090588248833
CC_7936C8D65B95,0.14602893809758818
CC_7948C5509411,0.5090349146787898
CC_794ADB0677CD,0.14121060124236906
CC_794FF8E7F876,0.05014766927836608
CC_79500EA652BC,0.5588500919252046
CC_795083A66DB5,0.035005619130489024
CC_7950D4B773CF,0.1430776667077874
CC_7955AEB49759,0.1389422523859659
CC_7964F862DFA3,0.3920396948055612
CC_797A700CF967,0.4781598978813724
CC_798180DDF677,0.355313625181925
CC_7981ABA9C370,0.0977443138170275
CC_798B2DC03C5A,0.07520584487753064
CC_79BD986C23CA,0.06981236045190736
CC_79C6BA680815,0.5429855833292045
CC_79D694E6F5AF,0.24724486917685778
CC_79ED9A0F6E49,0.41980029189446644
CC_79FA2512E5A2,0.1620339674644961
CC_7A0024F6FA60,0.24439293598169656
CC_7A193A453F27,0.025777335536645372
CC_7A1F071DC5D4,0.42682196968808506
CC_7A5D96BC99AA,0.7235529792327463
CC_7A6B51562949,0.30983798296742693
CC_7A6D7F9654DD,0.43274680935643006
CC_7A778E010F33,0.2876105609865566
CC_7A7FB841B669,0.6035524799385943
CC_7A91013D31E1,0.12982558659692833
CC_7A9117596769,0.04828809460541099
CC_7AAF340DCE8F,0.18229522988563002
CC_7AB146267981,0.21118642018206066
CC_7AB2A9CC8424,0.29411145787344695
CC_7AC1DF18CBA4,0.22709092648821005
CC_7AC4240DD225,0.3356016345625028
CC_7ACB325BD924,0.17463598260159252
CC_7ACB88002397,0.5181020248436964
CC_7ACD4F370AED,0.17073436429539762
CC_7AD4072A9F82,0.06040357673758574
CC_7ADEECDE4D73,0.21394376845322566
CC_7AEB48D8C5E0,0.07580090488746882
CC_7AFA5CD2B29E,0.1110232396650998
CC_7B092786DDB0,0.04898209902255056
CC_7B1B35D5628E,0.05176837122324829
CC_7B210557F04A,0.10025544914713261
CC_7B369A7C1D3F,0.15027616072990282
CC_7B4002591821,0.6666839723414708
CC_7B42BD80D79A,0.1958887105444181
CC_7B44FDF08B93,0.09924056142255747
CC_7B501C32CAE5,0.05763280251253042
CC_7B88520D4FA2,0.3874960413894408
CC_7B8ABE6E552B,0.19441493781437746
CC_7B8D2E07908E,0.3870034439502682
CC_7BA150468D19,0.6465470025074307
CC_7BB159FCEB53,0.2937264732719158
CC_7BDD72710831,0.07466371730342419
CC_7BE02C65B967,0.13544775239016635
CC_7BE382988C1C,0.6201804758896008
CC_7BE6110DBAA1,0.3427646972088414
CC_7C0B14BB0573,0.14414468753417758
CC_7C0CF5558904,0.6813934904765688
CC_7C13E7F561DA,0.612911938992598
CC_7C46F7F667F3,0.12443916992910055
CC_7C510CE0521B,0.083027486826739
CC_7C61B5D39E49,0.4928990980619389
CC_7C6770DDA182,0.11595213284747957
CC_7C6DBF78A610,0.0987758471185263
CC_7C7B0438E3AB,0.18660808828869146
CC_7C87DFBC3176,0.09981270472030071
CC_7C9528E94215,0.3179144835657256
CC_7C9ADE65CF81,0.11037193436254553
CC_7CB6CD1B9DD0,0.04246827833334921
CC_7CB7C7E55BE6,0.15154446584677306
CC_7CCC3A690325,0.18158571818698066
CC_7CE5689488DB,0.04310140766896643
CC_7CEB758A9814,0.0504046191019044
CC_7CF7443D923A,0.04716019042590586
CC_7D0D597690BF,0.17661005274099123
CC_7D0EA0307817,0.04583645905417306
CC_7D12E6FF25C3,0.14327031455765596
CC_7D28D39AED1F,0.6924923281749232
CC_7D2D19D832FF,0.06335044379105464
CC_7D34A67E1369,0.06497418992583061
CC_7D4388B41EB9,0.1718950053182891
CC_7D46FE573D79,0.07292943277982453
CC_7D7810799F2E,0.042677314640291196
CC_7D79241150C8,0.1293518617366719
CC_7D7B92EF2655,0.13926357813936066
CC_7D8C2495C1F7,0.06886641442178171
CC_7DA4F1BA24A1,0.6003810686921167
CC_7DAF18939084,0.059265640848822215
CC_7DB8BA427410,0.0689390367059031
CC_7DC9456F1161,0.03544365550454903
CC_7DD2CBE0F0BC,0.19014535824529172
CC_7DD495158BFD,0.6096273595336034
CC_7DD5411F7A14,0.2943651075662002
CC_7DF099A7A092,0.23293612246760553
CC_7DF27D2AC111,0.040046419663448116
CC_7E0CA072EF93,0.06976462699659251
CC_7E0DA100F5F2,0.176665544324359
CC_7E1086EFDED5,0.03308720968155421
CC_7E12E0F3CF6D,0.11958530907383724
CC_7E178CE78FB8,0.08548803089678833
CC_7E1C1A6D0E9A,0.15618754619700806
CC_7E2A76850DF6,0.7798174310225332
CC_7E3ACB15C69D,0.13757709785700686
CC_7E3F3373A73D,0.725239236080168
CC_7E42A3D0737F,0.10853653255833756
CC_7E4679C534D7,0.28322977810497574
CC_7E53FEEB19B1,0.268068138511908
CC_7E71CE7FC603,0.22043527204229454
CC_7E8333DBAEB4,0.3940694653229447
CC_7E843438DE4A,0.05513334423028525
CC_7E8E4747C0D0,0.6711562325121037
CC_7E952828C1B5,0.10003905570209906
CC_7EA6431FE6F5,0.14492881349693693
CC_7EA7BA7621C3,0.2518262543357194
CC_7EA8F24B3010,0.10758073104746829
CC_7EAB28B0309C,0.059187350418167514
CC_7EB4A5BDA97E,0.08986659217052742
CC_7EB4B0A36534,0.10825291696548395
CC_7EB791F4AB2E,0.1143849256105433
CC_7EB883C9D5F9,0.03392413999122075
CC_7EC59C577F02,0.05969810993640119
CC_7ED2683D26DD,0.05933711760751173
CC_7EDB3440E0AB,0.5933609612284455
CC_7EE12013C7DF,0.18950329559610155
CC_7EF824CC0D3C,0.14669938740896354
CC_7F09C6F6321D,0.7052836483121585
CC_7F1AD40DA179,0.2113940078500644
CC_7F1D38A39164,0.08322794094943557
CC_7F22B7D326CC,0.190758966259092
CC_7F2614F1AAAE,0.25584751515846704
CC_7F2CDC7C1634,0.04245304194901474
CC_7F2D46DF9BC7,0.15328514356385103
CC_7F57A90B69E0,0.22247594066191123
CC_7F633226A676,0.31446257767325103
CC_7F753D809267,0.6398189348952363
CC_7F7EBF25AED7,0.03240144395864669
CC_7F8496CC5779,0.04179655081031787
CC_7F88D9C5D258,0.08749014213355824
CC_7F8AB4DCA794,0.13983187611495965
CC_7F8CC9509418,0.315066023404479
CC_7F9069571F79,0.2794898653770642
CC_7F9AD27E079E,0.18556522516936158
CC_7FA281AC1C7A,0.1019631787388649
CC_7FA389E90548,0.07980113018857275
CC_7FBF4A48AF55,0.044391392577684596
CC_7FC40175A8E1,0.27454977797580116
CC_7FD58EE7029D,0.0729397970939665
CC_7FD7F635C341,0.04424326019174035
CC_7FDD458DA059,0.254125116695774
CC_7FE85C259E03,0.1097339486363655
CC_7FE8CD30D7E0,0.10829004786971311
CC_7FFA32DE7B04,0.16287599109825618
CC_8014F1E2C5BF,0.03620633938722757
CC_8015895C1C29,0.2518419182384655
CC_802BA7E39A13,0.06107225938319108
CC_80300D23C3FE,0.3295805545602437
CC_80465303B6E2,0.19750631131704965
CC_805ADFD46B84,0.05724982837767266
CC_8060F40D9522,0.19789101389033636
CC_80621E822131,0.051128461826805804
CC_806654B580B5,0.410486897383014
CC_806CFD6A52BA,0.032639074293417475
CC_807935BBEB7F,0.054013541131600465
CC_807C57E626E4,0.07168123999783468
CC_807C91C98684,0.030551723915596126
CC_8096B589BB07,0.16709571024722025
CC_809D60155E9D,0.0669030178262973
CC_80A2189E5125,0.5143675226496369
CC_80AF87F62770,0.1782819576471967
CC_80C03DF9CC57,0.20872319181165494
CC_80D9B6563750,0.5496101760957951
CC_80E9638ABD4B,0.043921511811562154
CC_80F7171B71CF,0.11379787477314796
CC_80F9983BC18B,0.06347439745518946
CC_811109A98EFF,0.09363844006141048
CC_8129480B056D,0.31050126137386225
CC_8134E5DA9FEB,0.5797746358982456
CC_8140399AD344,0.11892546193224182
CC_8140E278B6A0,0.21706350616836
CC_814E0F756757,0.4421010253218267
CC_815FAAABFC91,0.19891402420203502
CC_816B28807CED,0.07192655551578103
CC_81821F9F2307,0.5164250700490427
CC_8186D7991EB8,0.05130045282299937
CC_819E203180C8,0.8142760350579912
CC_81A5E3141BDA,0.5259077482883698
CC_81B5CED8EE79,0.12585837704857455
CC_81B91198E00D,0.7037917313565112
CC_81BADC379C8B,0.22798929932978917
CC_81BF8EA390F7,0.05407256837987694
CC_81C5FC962C72,0.05752988617519815
CC_81DDBFAF1CB6,0.05262426812298486
CC_81DE637E6138,0.030016361938363455
CC_81F389DEC9C5,0.07689270769536011
CC_81F647806849,0.11408064561890902
CC_820D491B2903,0.7417824053694199
CC_82172863AA45,0.29292859862161713
CC_82195FBE9366,0.052010692671117825
CC_821F503DA953,0.08433502617653402
CC_8221AF9B0B93,0.7353298918928735
CC_8222D1C47857,0.07353494549179246
CC_824BB6CD2B25,0.055489425372088744
CC_825192411933,0.0887201458640566
CC_8270E213EDF5,0.21273674578856983
CC_82839CC161E8,0.0541394985152832
CC_828A0B6D7291,0.08883438664105317
CC_828EDE22A438,0.04200464832752653
CC_82928B5ABD45,0.3068560740878807
CC_82A7FE954659,0.18434299656153963
CC_82ABE1FFFA1F,0.15675225140548277
CC_82BDFA01C41F,0.11986159386446915
CC_82C20057CB4A,0.10522661839349928
CC_82E52529A567,0.19557711467357636
CC_82EFBFCF68AB,0.10955050051141142
CC_83092F58B321,0.13385205315767162
CC_83098B4BBD4A,0.1231609371267478
CC_831F9E623C5F,0.16581639684687988
CC_8326C8A3D569,0.11200972800315911
CC_832730F42A18,0.14200965482007186
CC_832A44C3F2A0,0.04853045878202637
CC_832EBAE498AE,0.6997227419006182
CC_833B196A70F3,0.7135232223976813
CC_833E14DFF4C6,0.15837688592481852
CC_834092035687,0.32305732976265433
CC_8351244DE3CB,0.07090924716889714
CC_835B90025058,0.04471953263488432
CC_836534CEDFD3,0.12451717397977374
CC_837ADC1EA55A,0.18865652573130595
CC_83884D799788,0.20254590621720853
CC_83947255841B,0.11535430993948498
CC_83A5A3022ADF,0.759084990086081
CC_83ABA98906DE,0.06793401462379475
CC_83C75D07414A,0.4083084797250802
CC_83CBA767432F,0.7149284295164428
CC_83D342F53F36,0.14989497057498635
CC_83D5CA2A23C2,0.034865650486175494
CC_83E002D6D82D,0.1739220771883308
CC_83FE1BCC83E6,0.29956156339654183
CC_840E5B830DB4,0.03472575136566668
CC_842525788FC1,0.20253075747088073
CC_843076C8EB9E,0.28807133898222104
CC_8442C97EE91A,0.11370854631725928
CC_844C3C30ED67,0.11731968860705323
CC_844E345D2636,0.19602747462362996
CC_844F26E92B12,0.19194808754930287
CC_845032D8A261,0.2624982764985593
CC_845223F606E2,0.2571176412768049
CC_846F5B19B110,0.3561781959681215
CC_84797EA9ABF9,0.272249119788293
CC_848D59D48081,0.1824598163490989
CC_84AB057BFCCA,0.050629232023717725
CC_84B0BA112537,0.05785182795124025
CC_84B8FCEDADD5,0.08419956454937508
CC_84C61A6BE99D,0.08388437428338605
CC_84CDF830F68F,0.07694947921120278
CC_84D5B88572DC,0.2510761223866682
CC_84FABECED186,0.11684253144167811
CC_8503F43FB29C,0.1885602531424745
CC_850ACB004EE2,0.08570181055392634
CC_850B114489CE,0.09618747881943601
CC_850CC17BB13B,0.15272494982497337
CC_8518C159BDE6,0.13693279233528738
CC_85299261146C,0.09381199703941404
CC_853986C52A17,0.043002481442855636
CC_853ABBECF2E1,0.795462448274813
CC_853BF4485D85,0.19492681576127202
CC_853EED03843B,0.07230305780732596
CC_853FD1B551B1,0.16658792625457194
CC_854AAA98CC0C,0.7630982196748008
CC_854F8AB5F1FE,0.03889611765967808
CC_855E2A785BAA,0.10893229602216564
CC_85614CA68432,0.05992267195434922
CC_856B92B23BB5,0.7633316036876234
CC_856DF4A30E13,0.6921004922270058
CC_858704DBD5A6,0.05750947857808766
CC_859EF0AAA74A,0.049084015819898574
CC_859FB710961E,0.14523359205817105
CC_85A0EB3C9884,0.6024516525904472
CC_85C887BB996A,0.09214495921277
CC_85D9A6C9CA60,0.13842691547874758
CC_85DAF10E61A1,0.6149620912203348
CC_85DEF8ECB524,0.13133706225528446
CC_85E2E0B8B15F,0.6941736473494218
CC_85F018DC47FC,0.29320342811052014
CC_85F376B33951,0.17143526490495792
CC_85F745E1D307,0.12755612749413411
CC_85FAFB430486,0.29942807539235916
CC_860D4B868C17,0.019337560521439798
CC_8614E30C9FCE,0.394445667726923
CC_861F5DC22035,0.04712074919494899
CC_8624ABB391B1,0.16473667576238019
CC_862BAB422756,0.3455963631446308
CC_8642F98E5504,0.17220179084864506
CC_8655B8862C81,0.17833641785374235
CC_865FCEE75A8E,0.03487820615399147
CC_867372811CCD,0.4304433533771882
CC_867695B5C296,0.5224887218317884
CC_8682B1F914ED,0.17045828533643448
CC_8691DF144B92,0.5158527668646944
CC_86AD259FA5B1,0.14696467450458167
CC_86AEC21936BB,0.7270235066404742
CC_86B1D15F8424,0.037544737240588134
CC_86C2A6EC5712,0.7197054393767267
CC_86CF816B494B,0.058739096140972974
CC_86D4D58B1D0C,0.15901188707696934
CC_86E2C4E17CB6,0.04514192143281075
CC_86E9E191E3CA,0.41656763261340685
CC_87000C16C856,0.11082468911209933
CC_8703DD5FA02C,0.18760407769390197
CC_87065B1F429D,0.11538683209402978
CC_87434BBA1CE7,0.035372099701886525
CC_87450EA8CD55,0.6838274878112445
CC_87480F785786,0.07149925367855503
CC_8777EA6EBFD4,0.03907583536548965
CC_877A35E76904,0.07245826016927778
CC_877B37D01563,0.1361944325388757
CC_879759A5EFB8,0.35540323172830207
CC_8798AF2651BC,0.14061956779200413
CC_879989FB3B92,0.5679620483785953
CC_87A3BECEE5A4,0.13230223462506802
CC_87B7CDF4BDDE,0.04201715431375838
CC_87C13E620006,0.26810940461281396
CC_87E3AFB080F8,0.1437851889678956
CC_880044F77ACC,0.09835802985074131
CC_8809BCAC74A9,0.037733168973160106
CC_880E0019DB5D,0.0335937272050658
CC_880F027D886E,0.1254011114237825
CC_8812BC579F7D,0.07469968257238932
CC_88225FE57D82,0.20952396203231843
CC_88315318E9DA,0.3330203225465803
CC_883864E584A8,0.07121398997852799
CC_88469BAD58C4,0.0485941003297677
CC_8854EE679596,0.0876491496654166
CC_886273CC4072,0.07674130000273476
CC_8866B6D4524F,0.24532138130943298
CC_88A943606806,0.35620052666955115
CC_88E916A3F984,0.805785684165327
CC_88FDC55C31A4,0.12241407252518251
CC_890D5EE59076,0.02743661034456596
CC_890F721517F2,0.10365291340542387
CC_89129D16418A,0.34921891254112036
CC_8917F02F9326,0.14089872330529998
CC_8920B6584A43,0.06176679927218569
CC_8929DF270419,0.7194123019415358
CC_892B119F0E5C,0.1838292770412896
CC_89302456B9D5,0.6752989402175849
CC_893FAA6D1F04,0.7401345519334184
CC_895AF697BFBB,0.2921442423197973
CC_8961FF892F79,0.030080309866571495
CC_897674493060,0.07081937004921979
CC_898AFCD28B03,0.1200776959208538
CC_898CC919D10F,0.17794958105776237
CC_89A711195EEB,0.15613596618746553
CC_89B4DF07DF12,0.07052053320706997
CC_89B941079E10,0.09981716617359637
CC_89B97E9FF67A,0.11150280019582788
CC_89C5162E8055,0.16629636904096945
CC_89CA0F1E2DBF,0.24094641316336513
CC_89DEE29A78AA,0.10744850946232955
CC_89E089707730,0.16306165388904842
CC_89F0B865A6D4,0.09927617160620686
CC_8A04C5D4D02D,0.07122570456379307
CC_8A081AA1FB92,0.33644994396907313
CC_8A0C640E7A89,0.5400293422009523
CC_8A12B68246A6,0.042289903375377184
CC_8A14A46B280C,0.16033001329235672
CC_8A165A18560F,0.31820379033784085
CC_8A19196788FA,0.06585180899946069
CC_8A25FA445037,0.12157144283286653
CC_8A29EA87B295,0.13412222185016978
CC_8A2AC87CB22A,0.05296367526537918
CC_8A34634E7423,0.6185890335644566
CC_8A38BC1AFE57,0.07504146411813838
CC_8A4CAF0CD0F3,0.09140567741645855
CC_8A5A0429CAB0,0.13686197442612824
CC_8A6E60FAE870,0.08340693427832553
CC_8A7DA054E397,0.6823562194018009
CC_8A7F5FF4B421,0.25885585616580276
CC_8A8249A44847,0.12414805403425844
CC_8A8BCE16DF45,0.13158325120795455
CC_8A8EC764734B,0.07448925399077758
CC_8AB553BFA00A,0.0990660329289238
CC_8AB57DC077EE,0.6643134483888312
CC_8ABA5808D313,0.06437204012730804
CC_8ABDD9A05C87,0.3504124917025703
CC_8AC7520DBCCF,0.1629842880506896
CC_8AC7F8BABF28,0.06284829542767115
CC_8AD67FB3A5CC,0.7486180880429976
CC_8ADDCF5EDCC1,0.08748571795855478
CC_8AF1C3A0799E,0.7333973637462965
CC_8B388FAED0B6,0.12129975103007956
CC_8B46CA903D09,0.027649926165308092
CC_8B5819403FC8,0.669356896313162
CC_8B581B8207A9,0.13539838470566984
CC_8B6DBEF19F46,0.1589337952791818
CC_8B8326C4C229,0.11734938892460482
CC_8B850FDCFC83,0.08577710977159717
CC_8B8F41F19B72,0.07630004081629146
CC_8BAF98C60957,0.1430890518257919
CC_8BB0824B181E,0.05384369115930317
CC_8BB963DAD9E2,0.1560278169184915
CC_8BBF5F939D7C,0.15237063574355275
CC_8BCBDCF4DFF1,0.08948982872231198
CC_8BCE343561CB,0.7407782555817117
CC_8BDA87361657,0.0963264128199077
CC_8BE68A4DB87C,0.07860336999005858
CC_8BE9BBD879A5,0.045316285771662926
CC_8BED85B91011,0.396825094796398
CC_8BF68E552DA2,0.1923471097789063
CC_8BF832E6464E,0.8048623351319923
CC_8C1561920E84,0.2312672205170232
CC_8C2A7D9A667A,0.16950370057294592
CC_8C3A5DFE70B9,0.1871341845413847
CC_8C534CCBDA4C,0.21829699697119603
CC_8C6472A3EEAB,0.05169062277075291
CC_8C6B4854D16C,0.2566319508361954
CC_8C76DE4F58D4,0.06706749958031027
CC_8C7DA3F4F88F,0.07567389789213996
CC_8C8527DE7DD7,0.07903268554397865
CC_8C9416612FDE,0.3991324294202062
CC_8C9973F02AD6,0.33446145270076444
CC_8CA1DB61A2AC,0.04510863665535717
CC_8CA59CAE22F6,0.15339652496645226
CC_8CAFD04A6EDD,0.11316563903814505
CC_8CCCC389913B,0.6258536390584063
CC_8CCEF12DC7B9,0.18994664689130125
CC_8CDCD714BD1F,0.7973325873719956
CC_8CEC7987D1B1,0.08439133928685202
CC_8CF621ADAC0A,0.2928952872367463
CC_8CF8FE2A4B82,0.39207688714962474
CC_8D048396D9D5,0.10002247352874427
CC_8D1089C58563,0.5441816662453818
CC_8D35A37FC4B1,0.08933416346430875
CC_8D41E12FE5B6,0.13584230160418365
CC_8D4A859839EF,0.15472650973038035
CC_8D4AD431C55F,0.08807096925192903
CC_8D4D882CA579,0.12007716377066936
CC_8D6151025078,0.10462696113426698
CC_8D637233FE54,0.16220264875716517
CC_8D6AEBA2D7EC,0.0972500710084158
CC_8D6E16DED971,0.18897274220348217
CC_8D7329F79BBD,0.44326453464592397
CC_8D7B7307C43F,0.09064441286509317
CC_8D7B9D4936EC,0.7037225694453162
CC_8D80B1B44AE1,0.38805681861010044
CC_8D9516D61143,0.41206611824733164
CC_8DBB8445786A,0.09662404564443514
CC_8DC5B86D9DCC,0.752210752637434
CC_8DC6465998DD,0.1806358441703862
CC_8DDD0EDA9CB2,0.14451402818399234
CC_8DDEF0265CB4,0.05680376736296448
CC_8DE06BEB95A1,0.10378541042482457
CC_8DEBB5B14A14,0.14949792096891135
CC_8DF5BE7F759C,0.06123966698366511
CC_8E0ADCC71F85,0.05149183252142857
CC_8E0BD86F6F0E,0.09221104949721685
CC_8E143BFCF3E5,0.11742341791055878
CC_8E170A60D71C,0.3751638482777892
CC_8E1C3A21FAEE,0.10131101761504022
CC_8E408E18F060,0.10398077950727114
CC_8E42FB163DA5,0.801672389603961
CC_8E47536D29BE,0.2879606489562111
CC_8E50AFFC5BBD,0.050779073160145335
CC_8E5FB1035354,0.17026753832574631
CC_8E7B9B8DD1A3,0.09475559723520742
CC_8E85B08196AF,0.032269966340001455
CC_8E96FC75AE5A,0.07575129094974772
CC_8ECAB5A6C7B9,0.07762570857899267
CC_8ECC4C7A6638,0.5051270055895141
CC_8ED6F13C35F5,0.16547828812096496
CC_8EE5E9467038,0.18137520361266612
CC_8F037E5AE692,0.04822608057368209
CC_8F1A418D96B3,0.30962555022592164
CC_8F1C4014F91A,0.13918897356497056
CC_8F30A5FC9D49,0.08840854444380028
CC_8F3456F298F7,0.2329459745008855
CC_8F393D485C29,0.1370229790385402
CC_8F4A41130110,0.04563008578782034
CC_8F7AA6E4D486,0.11192350607880829
CC_8F887BE25314,0.15777492717273622
CC_8F90CD1A5E00,0.15848360716584584
CC_8F9B26042C4A,0.11572252986878173
CC_8FA9423E65C6,0.10354315307792045
CC_8FBA6C32E0A5,0.2746043210973177
CC_8FC1C50C41E7,0.08722384610863954
CC_8FD005425792,0.06270966293353494
CC_8FD6A223135B,0.1435965055558003
CC_9002450E1B5A,0.045500502554970956
CC_901CE62199C7,0.3859519219640037
CC_901D2136E1F9,0.17637725366841284
CC_902648F62345,0.1652185458617625
CC_902BF0612E70,0.15807506561710077
CC_9036F7423277,0.2014851807055637
CC_903AD2767BAE,0.7147458399372115
CC_903E4BA690FA,0.31896021106651495
CC_904386E31210,0.05290051419195237
CC_904EA6C846F8,0.403756400311393
CC_90549DD3CC39,0.12306693135328874
CC_905739E5494F,0.09125797241644287
CC_906F852C69D6,0.6417473758056389
CC_907911F4930A,0.2513064117587288
CC_90798A7273BD,0.13957387077760805
CC_907F3A8AFCFB,0.062364748295166424
CC_907FA7722881,0.10812749066097563
CC_90812D9F30FE,0.0950125333526202
CC_90870A89F310,0.03587351546155245
CC_90894CA021C3,0.5775859053378776
CC_9092C5EBF5F6,0.05183531533776774
CC_90A10D649D9C,0.6888631928656657
CC_90BF8E127519,0.5682669980423937
CC_90DBB385A7F3,0.7023788103373891
CC_90EAD308012B,0.31188251470440076
CC_90F4BF0B868D,0.11474233103025039
CC_90FA39516EAF,0.08230321049699083
CC_9117894F31C2,0.16480232508610615
CC_911ED63BB556,0.3680491061827135
CC_912730AE6E8F,0.28177984965683006
CC_912CA7EE4C26,0.1255004604926951
CC_912DA46AAED2,0.08142072256023684
CC_9132E67EA479,0.14076420554561703
CC_913D95FB31E0,0.16680151924277786
CC_91529F20D461,0.7568292345501904
CC_91586318C780,0.040582275254727435
CC_915F2708219D,0.1610594186937351
CC_916CCF9CBC08,0.031627951817465576
CC_916CF77A29CC,0.09174035618605697
CC_9189E4FF82C5,0.14872123510127358
CC_91A27CB6139A,0.145469697905629
CC_91B7A4A15A37,0.6083302274057171
CC_91C2077BA6D7,0.07897145730792204
CC_91C4CC43EEE5,0.1435382139296909
CC_91C55BE33AC7,0.059770235594180876
CC_91C81BC58B49,0.05028453422972712
CC_91DE12EE18A7,0.3774676629476036
CC_91DED13CDCD9,0.16677877896033116
CC_91EF639761F8,0.15318579201229293
CC_91F23A7E743A,0.3310927929274178
CC_91F4C5E889C7,0.7293389133921626
CC_920E91EB28A7,0.19010387043834948
CC_921481F5F77E,0.10004244838009535
CC_92221DB27176,0.17962234461572535
CC_9224D5677C66,0.1194237136827066
CC_9230B9656F93,0.20260028042156014
CC_9231D0F8A993,0.7184068741155683
CC_923727159A8F,0.0471861389527475
CC_9248706729D9,0.03743041609623271
CC_924AEB5DD991,0.20747186039698934
CC_9250BA851692,0.3027842961787893
CC_925BACE3417D,0.09907015033178368
CC_9260CD0D7C0A,0.12348713831949071
CC_9285EB21B38A,0.11399953898924994
CC_92A09F03DAB5,0.79124461913471
CC_92BC35D7F9CD,0.11193345302452623
CC_92C5FE9E5B12,0.68231401543333
CC_92DC8CF8C902,0.09256293647146434
CC_92E006664648,0.2555362937465656
CC_92E4EFB9F0DD,0.11096161390103401
CC_92E621E0298E,0.18547026331754335
CC_92F412AC7D22,0.07184642091675478
CC_92F42886B7E4,0.2016181049286594
CC_9301E23D376D,0.5954950363361583
CC_931133320380,0.19355101529564644
CC_9314B6D8B7F2,0.07358337491642464
CC_9337E3B43211,0.18916214179456795
CC_933E044F26DB,0.09237584192432931
CC_934BB89938A3,0.09434490358058532
CC_935296A995DA,0.13095091197217426
CC_935326AF26E2,0.17073958880421264
CC_935B72B8E7F0,0.052315344793732205
CC_936FF3C9BE68,0.041809413534770745
CC_937FFE1718BC,0.03791700256913965
CC_939F92AEE460,0.783700895601833
CC_93A4365B25CF,0.7919545451098182
CC_93AB9D6A7EFA,0.09488416582625593
CC_93C719738590,0.7999754725780264
CC_93CB48930B37,0.20149322770180628
CC_93D24FAFD21D,0.0994269161320461
CC_93DB5F477493,0.13519586959531224
CC_93E1CAFAD44D,0.06566334926439424
CC_93EC9F853123,0.20415427386266355
CC_93FEAF515A8E,0.042988550433793134
CC_94063A67F136,0.3069253684262364
CC_9406E32819F5,0.06650188404849688
CC_940971CBC1A4,0.16303478229065382
CC_940ADC8DEA3F,0.1192234585410529
CC_940C7E8E0C52,0.21767742314656668
CC_941DD2E1DE56,0.1543791391452402
CC_941FC1FD0D55,0.1995453286614865
CC_943B720DB5BB,0.09972373103660043
CC_9440309323A0,0.14722020618235354
CC_944B461BC558,0.06606621752399366
CC_9453654BACE9,0.20047724666178707
CC_945888CEAF10,0.35219127838929776
CC_9458D4A483A8,0.11329713899453821
CC_9464BA7E98B9,0.07607467041118313
CC_94794B478A5C,0.29428864326677406
CC_947E58EFF90A,0.0985741432700806
CC_948537FC17AA,0.7615451750195407
CC_949576D25153,0.08655385038942827
CC_949B8CEAD619,0.0917233217760732
CC_94B4E05906A9,0.12926281081425636
CC_94C3B6F3B0CC,0.13319456408218824
CC_94C3D9D8FBF3,0.6331946077131356
CC_94CD530B2099,0.07190229342298152
CC_94E9D1E527E6,0.030076952618455777
CC_950450C0845E,0.39535261340032035
CC_95169A4360C6,0.0453487778422988
CC_951A69571676,0.054676107330162316
CC_95232636844F,0.2174907202849748
CC_953A5913EDD3,0.17340662338481339
CC_953B678083F9,0.0849467772278295
CC_9541BD0604B6,0.17917669759689864
CC_954404C1BEE6,0.3937050726818194
CC_95444ED71872,0.08543120225893278
CC_9544B86C78A6,0.707497050231024
CC_954AD7E7C8F1,0.15625951746200922
CC_95525CC6C854,0.14599996475221005
CC_95573B318A91,0.04339019736034207
CC_9569309DC18E,0.09080006843602273
CC_956A2DF28600,0.20173137994889276
CC_957C7A0D7B72,0.3467533581734616
CC_958BECCA0BAB,0.45432479639607704
CC_95A6C4DA2F12,0.609541847418138
CC_95AB75B5BBBB,0.12822206494890445
CC_95C1274DD7DF,0.026644959818060924
CC_95CD8F6A8CBA,0.03867160211404646
CC_95DD4DC604BD,0.18176449231360547
CC_95E1AC08266F,0.14418144133162578
CC_95E3DDCB74EF,0.059140260061583405
CC_9601384AC971,0.44196922120066195
CC_9608A73A8025,0.1643416933022032
CC_961F3BFBDDAC,0.8447787084026557
CC_96206C1277EB,0.2812263562149181
CC_96396AE6347C,0.19877009323027295
CC_96416D2A937F,0.19974192375687982
CC_964C2E0B00C1,0.18479958953749875
CC_9657A2A04BAF,0.21934052413655614
CC_9662D713B7BB,0.22533964982538673
CC_9664F83B7F1D,0.18196641883537287
CC_968AF836D0C4,0.0513638576323488
CC_96A6735A4317,0.07274753106468651
CC_96BC62A4A0AD,0.21654131271604768
CC_96CD75668A6C,0.05875538659571988
CC_96D928252719,0.38189992877075263
CC_96E40BDE9A6C,0.11797506982433309
CC_970116768415,0.2277174964402899
CC_970E94875C2B,0.7525697760105514
CC_9721C8A61D80,0.07265062909930725
CC_972313B0F814,0.17040711415634954
CC_972FD8FFFF63,0.531362210686933
CC_97478A77EC17,0.1763787792178264
CC_974D14774BD8,0.060999897136035104
CC_974D86BD39FD,0.04770862729684274
CC_97508465AB76,0.12326679412944272
CC_975689C0CD6E,0.06260526623205682
CC_975967702106,0.04604883836570987
CC_975F3F07ED23,0.051158367951171055
CC_976E0D9A64ED,0.357424738970997
CC_977145B2B363,0.39672371937663264
CC_9772CABFE1D2,0.7912380180003675
CC_9773C1E6AC8B,0.598189946601803
CC_97832657396B,0.47829473710934933
CC_97963C337FD3,0.47521430171696233
CC_97978B581F20,0.1710020543801773
CC_97A9ECF23955,0.2396453998104539
CC_97ACD6D965F3,0.09219151511728112
CC_97C69AF6E34B,0.7119310799237981
CC_97D0E7256861,0.6704905501019898
CC_97DEBFBE2BDE,0.27116386147507676
CC_97ED469F2950,0.1163722376511271
CC_97EE84ABA6BF,0.32541644020827987
CC_9801B22BF375,0.11778016016513485
CC_9803B6D4D780,0.2733777346587435
CC_980E90C8A301,0.10654610631042769
CC_9814B3D08A69,0.08303486514341521
CC_9821BD45BB0D,0.16752295840698794
CC_9829FA0350F7,0.03383554373937513
CC_982CAA309A38,0.18952871621455242
CC_98346EBF382E,0.1413255851170819
CC_986698CCC6AA,0.14723780255158336
CC_988FC580CD50,0.12605140048477612
CC_989795BA3DD2,0.05875101382483394
CC_9897A1DFE807,0.08555805761838572
CC_98A2C8F4E956,0.07887178293422983
CC_98A3E6CDC707,0.10461596301288362
CC_98CE15EE1565,0.056637633880901
CC_98D036D16215,0.057084115155637
CC_98D09B14EE3D,0.40186313559666575
CC_98DB782DF852,0.051923413977425024
CC_98E2EA67BC97,0.07479234788224814
CC_98E6E7CF74AF,0.07669134099436997
CC_98EEEB2A83DF,0.6245826626203612
CC_98F3D3194788,0.1219992013245764
CC_98F8A8CF4F9C,0.3287305283265537
CC_98F91BAB57EE,0.16401354738184215
CC_98FA377070FB,0.18386063159500377
CC_9900D0479959,0.3326577431469152
CC_99061A735C6D,0.22907748703966171
CC_99093EC1A2C2,0.128898137991048
CC_99376CA4DC26,0.04707300158962632
CC_993A588895DA,0.13409802599671022
CC_993EE6417CED,0.08340642321821021
CC_99559319913F,0.04276789502845679
CC_9970123DCC41,0.32479887140913805
CC_998BB6848FDE,0.08273737148770097
CC_99958287B2A9,0.5071523080171036
CC_999BAB2D16FA,0.4258162331145603
CC_999C7029261D,0.7407480370098471
CC_99AA61D1896E,0.08424402817673447
CC_99C03E7D99CE,0.049028373632144545
CC_99C62022794F,0.08473245574168357
CC_99D46BE6593A,0.17386087502527997
CC_99D5A5371B39,0.16115526961448684
CC_99D79709AD9F,0.7657606343074317
CC_99D7DDAA460A,0.1663675288885399
CC_99FC44B3C58A,0.1201937060765039
CC_9A02B2A17C07,0.09912548287301724
CC_9A05DE55D408,0.2067645246709362
CC_9A0C42AA09BD,0.3857125879017301
CC_9A2B390551F6,0.04273905350248269
CC_9A2D66206BD1,0.5316200475205992
CC_9A366E181FA0,0.15236591323840892
CC_9A39365FA850,0.6181440000045424
CC_9A42833BA860,0.04106438050800527
CC_9A4911A0140F,0.08954587752140156
CC_9A4FE1E8E0C5,0.4331799677424135
CC_9A51017C734F,0.3480355819947939
CC_9A5DCCD62D0A,0.3611274990499723
CC_9A602F492510,0.1952171517474226
CC_9A66BDD34B89,0.037709242752081575
CC_9A6AB0AB1E67,0.04498090812235041
CC_9A7049ED5656,0.5628962062304166
CC_9A7AF31828E5,0.08568325987688433
CC_9AA750377C6F,0.12297936410529847
CC_9AB359C82202,0.04934876875973572
CC_9AB7BF77EE83,0.7459364154353132
CC_9ACAC8474B9F,0.021914391852000746
CC_9ACCA4FB9101,0.07318445808832183
CC_9AE1529AF9E0,0.12341562810957624
CC_9AEE181F1156,0.2582366406268522
CC_9AFD130D3725,0.10934744635930016
CC_9B09C3353732,0.08258135432672478
CC_9B0D37817EBB,0.08404833345433746
CC_9B290B59155F,0.3783415424173543
CC_9B2D487C64B0,0.08303584917527912
CC_9B3DEC76ABF7,0.07263399226723263
CC_9B4F778D0A6E,0.18455249511563243
CC_9B581A92C2A3,0.3866324669362833
CC_9B5CA8C38414,0.1699231771444618
CC_9B6E82167593,0.1987742912400573
CC_9B6F6B2BCC05,0.34595543585876976
CC_9B7FC3DA1594,0.3441003656720395
CC_9B957DC280F6,0.15439028948179628
CC_9B997DF20042,0.3854408788606024
CC_9B9BC4B83736,0.07992719765549883
CC_9BBE1A16C04A,0.16002605409899984
CC_9BC63F1A568C,0.264208601219
CC_9BCB0166227D,0.24089617022354665
CC_9BD3DC96ACC5,0.1199733821339651
CC_9BDC5A0E43C7,0.41662150992327973
CC_9BF9485A3F9D,0.2412196109594496
CC_9BFE93FF2145,0.25831320685813974
CC_9C0470A0536E,0.23348609299495893
CC_9C205AF09E47,0.5418365453892772
CC_9C30DC5C1E46,0.06604458305374711
CC_9C325B6CAD11,0.03805811263311368
CC_9C4A200D0BFB,0.40847577712736693
CC_9C5EAF238007,0.2604594713824984
CC_9C601C6BBD37,0.05860737293008243
CC_9C606C2C92CC,0.06027052970005427
CC_9C6192D3A16B,0.0626784786448435
CC_9C84FB9B1469,0.06682574200622624
CC_9C989433D637,0.2824455634194015
CC_9C9B2FEB4937,0.15457628446365992
CC_9CA7FBE1DD54,0.15118991746540786
CC_9CACA50F80F2,0.18979545731493258
CC_9CB40D552388,0.07228253210720802
CC_9CB8127D17F0,0.03382111393553569
CC_9CB9CE2989CF,0.7101128581443465
CC_9CCE51CD83ED,0.7848878385021827
CC_9CDD2F3D0BE7,0.04513880635414766
CC_9CDEC693AA99,0.3832451242455094
CC_9CE9091AA9A9,0.2423612088552506
CC_9D007C60D29F,0.06394377885660862
CC_9D017774D4FC,0.6625408738098688
CC_9D095EC1F232,0.27505807142247685
CC_9D1A1281C8FB,0.33848366593801826
CC_9D23F42B7996,0.47460028304513197
CC_9D2FBC479646,0.6913474424660053
CC_9D363365CAFD,0.08049283195880105
CC_9D44E4543573,0.20257777147448147
CC_9D45F67E3B01,0.08547307569430118
CC_9D535DD207D2,0.08891088236642972
CC_9D53ED53A15A,0.577478346451767
CC_9D5D97AEE98B,0.5056007851271647
CC_9D5F2A5B6913,0.09460786251121654
CC_9D6BC1C470B0,0.5231365365559425
CC_9D71FBDE765A,0.044957767128638616
CC_9D73939E357F,0.11721145586558504
CC_9D82F401BD88,0.6490549523751619
CC_9D8B4454BE84,0.2559690012607564
CC_9D92537645DB,0.06139969817671335
CC_9D95ADE03ED1,0.22982075416489012
CC_9D98FE7A1809,0.04757906165389589
CC_9D9D59757786,0.06661012616526572
CC_9DAEB38616AC,0.15255467919220875
CC_9DD55CC0E928,0.01957855693715113
CC_9DD6B460CDFB,0.2486958340845722
CC_9DD80B5E3729,0.09069424659432002
CC_9DD82B4310AC,0.4485672726631519
CC_9DD9389E8AE0,0.08743331925285944
CC_9DDA8ACEB3D8,0.07831893058782932
CC_9DDCD898D01D,0.1337421036021273
CC_9DDD90B42A27,0.8033899819423107
CC_9DF1807A4316,0.03597615146512467
CC_9DF786FD2620,0.45355817044362756
CC_9DF7B9B3C8F8,0.07141500576742404
CC_9DFF6E2AC586,0.15469335226631314
CC_9E0546BD7BD6,0.14233556870952496
CC_9E0BE8227931,0.10010385428613877
CC_9E1A205BA261,0.42430417406348164
CC_9E2967559B00,0.05051399871379508
CC_9E323A031449,0.7110683106000197
CC_9E377CC03D51,0.04785399643875682
CC_9E3B83584C12,0.16619168253387578
CC_9E3D46FF5709,0.576218820339357
CC_9E4FA91B86A9,0.06938277405931824
CC_9E53534DCD6B,0.12718715926296498
CC_9E73656FC8C0,0.7257366916020906
CC_9E7430675033,0.18515676433739603
CC_9E84CACDD7B6,0.3847023785562212
CC_9E84E0E4C5BE,0.2977925294193806
CC_9E9C65275B4C,0.09137256312729153
CC_9E9CB6473D59,0.2556774890200729
CC_9EA4F11BE6C2,0.17002842183119715
CC_9EBE3F26F2FB,0.06651325413890816
CC_9EC23AB6C573,0.35194246472385815
CC_9EC34DDD0E53,0.04495511948560839
CC_9ED8EDFE8C55,0.063710687085372
CC_9EF352F179D2,0.0749834943017148
CC_9EF505400F8B,0.6444405315266565
CC_9EF66D83B743,0.2949879332848541
CC_9F051572BFE4,0.21776212056092364
CC_9F151A782BAC,0.22566435658336337
CC_9F1A5DF4619C,0.3730715145019796
CC_9F1BF78ECD7A,0.08637870044597334
CC_9F263092AD72,0.15812380488664723
CC_9F36EC36A9E6,0.09129927122611299
CC_9F3D52242888,0.1814701427241824
CC_9F41F312CDBB,0.3129748483394029
CC_9F425167F9ED,0.17252104882310293
CC_9F6981E0009A,0.31120195766020314
CC_9F706DFE0AE7,0.03022708195547687
CC_9F7B525DD52D,0.3720863348633606
CC_9F8D5A5A9DAC,0.16438102855797723
CC_9F8FAE57E6A8,0.14188306963829242
CC_9FD1AB8E65FE,0.04228822497131837
CC_9FD2689202D5,0.12966276868294155
CC_9FDBB5C2CD09,0.03714343170107866
CC_9FE52BD71CA2,0.10680736880089628
CC_9FE8E62EB24D,0.09462760952885416
CC_9FEA59AEA00C,0.2814281011488001
CC_9FEA77B36A29,0.3775671016043191
CC_9FEE9701D16D,0.2698809248419089
CC_9FF35BA60E6E,0.28235959181124337
CC_A0003F08B22E,0.15725210539758244
CC_A00AE2543224,0.06998523176688003
CC_A02A29DECDC6,0.10846888198647038
CC_A0336C21117C,0.6342255416253973
CC_A053B42BBE0B,0.07377584354595236
CC_A0591F16FA37,0.0308865805283655
CC_A05F962C80FF,0.16789729267237719
CC_A07B0549E53F,0.06282988226889984
CC_A09F230CCF5D,0.6524511228499201
CC_A0AED6346ECD,0.20025104567647495
CC_A0C4A796643F,0.1006065822012111
CC_A0D6DDFB430F,0.06341144544723377
CC_A0DF672F9C4E,0.12136755972764798
CC_A0E8C7C5558A,0.28745609435159714
CC_A0E9269DF22C,0.4976580926561647
CC_A0F1DB5CB28C,0.10207844987633155
CC_A0F42B26F8F0,0.05937811949206297
CC_A0F8F80EDFB0,0.060745400968434476
CC_A10AD9550E4D,0.026603091778012677
CC_A10EB26E5EE1,0.18921710122694618
CC_A111B065F623,0.07510024718571093
CC_A113D95B4AB2,0.14628418418669212
CC_A1320C0F0129,0.7177619291889783
CC_A1348D850EFD,0.7767124207180074
CC_A13D08B372E8,0.06043054859496119
CC_A143E64BD9D6,0.3637777720644875
CC_A14B0A24DC3C,0.11221298555407572
CC_A15137F25F7C,0.07711086296978417
CC_A152DBEC5BE7,0.05651447684442533
CC_A1591CFF6D81,0.0435190009800378
CC_A168CCB582C6,0.3754413886333855
CC_A17DC38133CE,0.763706201704562
CC_A185D5EA3DE8,0.631357936604735
CC_A19C842508E0,0.14201861337719637
CC_A1B648DA406D,0.027207556320068722
CC_A1BF7028CAA8,0.022189748006421643
CC_A1D035FA36E1,0.08260757562108344
CC_A1DD653D41A7,0.09084230163200437
CC_A1E3AD4B934C,0.30720312767398683
CC_A1E58421CE87,0.048489079294290284
CC_A219144EDEFE,0.059089418273064645
CC_A21FCEEBB3C3,0.4473472761024164
CC_A220E4278D79,0.03770251012242183
CC_A2231BDC961C,0.2525897397910313
CC_A234E219EFC7,0.35776620836822753
CC_A239B1BD81FF,0.06424502970419742
CC_A23D8CFFA31F,0.07460812971927067
CC_A23F463F4B4D,0.03627287374215874
CC_A23FFDC4A7A4,0.09308675522810037
CC_A2423E273F84,0.1213521702051931
CC_A2493E6036AD,0.31248589292532936
CC_A25C54470CED,0.08959466992943102
CC_A25FA690BBBC,0.12367769108138019
CC_A2636CF7C075,0.09234241053085615
CC_A26C22870E3D,0.4576186718737417
CC_A26F6A272B3F,0.13788099773143722
CC_A27CDC9BCBAA,0.1798120441279314
CC_A27E5269DA60,0.20289844502649387
CC_A28D4A46B6FA,0.10816630899041033
CC_A28EB319030E,0.04586021470972944
CC_A294D3A59462,0.7889270227460463
CC_A29D8034C304,0.05797941053573749
CC_A2A109409963,0.05272522039325918
CC_A2A4FA5F9962,0.11535278869973009
CC_A2A7E30C59D0,0.15233315220887705
CC_A2B5D2D4E269,0.5468078845562878
CC_A2BB24180208,0.2707309451774007
CC_A2CF1DFEFE46,0.4949416642515553
CC_A2D6090EA5B8,0.16223245739904776
CC_A300BC40BC9D,0.044729659608189795
CC_A3212501F639,0.19389248209784293
CC_A3278A566572,0.0626080677234257
CC_A327EBE4F783,0.18285203364880445
CC_A32FB6659B01,0.0741501631051174
CC_A33915EE72B6,0.2593044454424988
CC_A33D350BE79E,0.1824594521627671
CC_A3553B8AA8F6,0.09959657382026682
CC_A36EB077BF3C,0.0289990870463451
CC_A3753EB66DEC,0.12107003724904619
CC_A378342AC9BB,0.16851997850733125
CC_A379E9455C60,0.14578090521467557
CC_A387ADBD7249,0.09653254115368617
CC_A39E961FC29F,0.15569790987594562
CC_A39FA1EF0B16,0.26899771996137567
CC_A3A4E39FB04D,0.17210972978465794
CC_A3A751BE68D2,0.035275269542773206
CC_A3ABB3C5E9D5,0.634569361237931
CC_A3AF9C2C68F1,0.1840444473071432
CC_A3BEA14873AD,0.1315878756339679
CC_A3C2FEE13C37,0.15792444608095513
CC_A3D6435D5F17,0.1597020860036969
CC_A3E3E51AD0E7,0.04747050773599329
CC_A40566694D53,0.2322279749805383
CC_A410C0DC7125,0.04191822720160839
CC_A42168D2B94B,0.08806319134842702
CC_A43CED9AFEF5,0.4453354466175684
CC_A4475A788D13,0.13505999125277135
CC_A44D677C0C07,0.04121102680533799
CC_A44E2673E71E,0.04471940287477825
CC_A44E79A96425,0.37128526781894766
CC_A462CA147DB9,0.11156328989847478
CC_A4660E424386,0.21184346968691356
CC_A476C9F116F6,0.15244005454018061
CC_A47C83B6EE2B,0.1474046119646059
CC_A47F8594678C,0.28522476503597693
CC_A48A7592F96A,0.059110116800456414
CC_A49195E659EE,0.06511822053151022
CC_A498A936AD21,0.11671415798234672
CC_A4BE6692361C,0.5897010123670836
CC_A4BF2115580C,0.07655368139570001
CC_A4CACCD14A0E,0.11380338872307091
CC_A4CE57A1AB74,0.06544270100714394
CC_A4DE4F1B5F93,0.21721409583822607
CC_A4E300558DAB,0.058922848231061774
CC_A4E972915D89,0.7454345279323735
CC_A4EEA04CF3D0,0.19132153888489278
CC_A4F400E9A0ED,0.05169310691666973
CC_A4F550D7F95B,0.20190842288897945
CC_A4FB91B1BF31,0.20454732575074971
CC_A500C1ED0A33,0.19217221696921583
CC_A50471962A96,0.6864775664214615
CC_A5161D8AA57D,0.11867648268627798
CC_A519C84307D2,0.0769271211945434
CC_A5277A9BE02B,0.7124611910543557
CC_A53578FCEA71,0.1249734311922024
CC_A54EAD1CCE27,0.1559766249749417
CC_A5512DA239BF,0.1481249690746651
CC_A5545DF298BE,0.07452423589241292
CC_A556EEF3010C,0.44886193632369853
CC_A56756C65136,0.3176049825083034
CC_A5852E06D2D5,0.24290175329191271
CC_A5886994671C,0.1486133692230619
CC_A594D8B41A99,0.05056830235524221
CC_A59C6A6B71C3,0.07332526889388755
CC_A5A06987AF5C,0.20945313601524587
CC_A5A1512FEEFD,0.16668314058046266
CC_A5ACE4284283,0.1546333939330723
CC_A5B10F07BCD5,0.10000223252541314
CC_A5BC9ACDB4CD,0.07276479417451973
CC_A5BF8B260922,0.4358646008168099
CC_A5C52379AE06,0.27257083255314596
CC_A5DD4441568D,0.028907179131720917
CC_A5FE3BE2949D,0.03667457997690933
CC_A60EF94F09C4,0.3385611510256517
CC_A628BE74CB45,0.13340712880785727
CC_A6292E9B43AD,0.061782549036696666
CC_A638610BF8F8,0.10720765015571293
CC_A63BBA86CE9A,0.31157623625624964
CC_A63BDDAC43CB,0.06875481378720466
CC_A6409E37A735,0.14013660316769974
CC_A655EC341406,0.12669617393384933
CC_A6562E47BFC7,0.20479967201745736
CC_A6563A22D668,0.720693102919918
CC_A6601278C1BD,0.10441473601264328
CC_A683678AC9FC,0.3581518542796972
CC_A6864FE80A94,0.09679030823992477
CC_A69117CC3C24,0.17145136622566493
CC_A69928C7D217,0.16775779109311587
CC_A6A8BAF7124A,0.29306515445397574
CC_A6B7DFC69AAE,0.5713379499923642
CC_A6BB595B55AA,0.0514867250667498
CC_A6C5284C4586,0.09131456933401072
CC_A6CB0D0191D3,0.08092879340795675
CC_A6FA3FA9F0FB,0.11150172958624316
CC_A6FDADD23BD7,0.044780930604982845
CC_A6FE3938F001,0.18115713909669778
CC_A71DB65F0BBA,0.6325598667807425
CC_A730F4964FD4,0.12559285772442683
CC_A73C02C58DDA,0.11836579141308254
CC_A746BC2289C7,0.2987598727799612
CC_A766C3608214,0.1270353624275841
CC_A76F48111A8D,0.14297321633901441
CC_A77AEC8AD2D1,0.02213764101566239
CC_A781174166B3,0.1855032825415819
CC_A79024286DFF,0.062110552222148896
CC_A792720B875E,0.10047734601708322
CC_A7952C2BC5B6,0.08341815737313343
CC_A7954EE1A1C4,0.042458254742238036
CC_A7991E6B3CAD,0.22859828793592626
CC_A7B141DF4AAF,0.06241878085944663
CC_A7BE2CED0B93,0.05200879189594134
CC_A7CF446093DD,0.2660767258089912
CC_A7D1C6692090,0.07918174460138928
CC_A7D6CAB54328,0.45147519546698234
CC_A7D8D1DA4EA6,0.1288510110171138
CC_A8102BA6933F,0.04912234034626743
CC_A81C1EDC5FE0,0.09118573484264536
CC_A82C0FDDC303,0.21875831808433888
CC_A83F92C0CABC,0.14980990385287743
CC_A849B0F60EEC,0.05928977657697735
CC_A852AAB180D7,0.042867956442532995
CC_A8536626873D,0.21692249163344673
CC_A85F953FFD40,0.35368880601471764
CC_A865A3F1E28A,0.6825476542243678
CC_A867253FC73C,0.736869520625663
CC_A877592FE1AF,0.05831915354148427
CC_A8AE26057851,0.1776693386850997
CC_A8D50530622B,0.1300589758776489
CC_A8D5C834B061,0.7101176086619199
CC_A8DF49EED27D,0.7943841107714378
CC_A8FB53A944AA,0.09174407478903972
CC_A8FF19BCFB18,0.15205920694016722
CC_A9042AA97760,0.056486643345229307
CC_A917D68B7F33,0.04830353025386259
CC_A925B3023F01,0.15747700549851223
CC_A93A49678A0E,0.690602574360832
CC_A944C14551E0,0.10992496750199054
CC_A949A4D6CFDF,0.026932694004641395
CC_A96085AAACBB,0.3994395679915899
CC_A968E7B519AC,0.5640344494348835
CC_A96F61DA3920,0.2697014829573785
CC_A98AA461487F,0.045285942270454474
CC_A98DE37F48B1,0.029079791740107677
CC_A99526CAE7B8,0.08897890319047458
CC_A9997F50D935,0.12272717657319818
CC_A99C3B09B728,0.05594633193048302
CC_A9A0DADE60F5,0.2318860224369083
CC_A9E27E0F8BF7,0.11210364625465394
CC_AA06B8C44B08,0.5941117193054399
CC_AA078692F54D,0.04318074114621763
CC_AA3181148667,0.12056751153106765
CC_AA36C8AD0AD4,0.09286587197394089
CC_AA36F0397FF6,0.09570438032120024
CC_AA3A8989A632,0.6428175669353619
CC_AA4A1B7522D9,0.09533859183093563
CC_AA4AE0378324,0.22690971821555683
CC_AA5E4D5A692F,0.17396528104375777
CC_AA68EABEE4B1,0.09012619285585047
CC_AA6B5A7A5B67,0.0832664598784144
CC_AA6BD423C239,0.4030560739303243
CC_AA7074B42A4C,0.4941140212188535
CC_AA7A7F3159DC,0.10029675292553172
CC_AA7BDEB972E4,0.1144145459373645
CC_AA83426311A1,0.07813702297428564
CC_AA8F7D307212,0.14708022720925398
CC_AA994120654B,0.07603137846950783
CC_AA99CC1D0A77,0.1092466535828113
CC_AA9DF917E958,0.1426758094986474
CC_AA9FC6678135,0.3293262991235473
CC_AAA47EC0D4CE,0.08620923682539086
CC_AAD9F600283C,0.10607602668655207
CC_AADF003A3927,0.0719580620842829
CC_AAECFE806C8D,0.24014177688370006
CC_AAF2022B9CD1,0.1783811747146012
CC_AAF445E4CCF4,0.07740028071732133
CC_AAFDCAA5CA06,0.6703106198132017
CC_AB0384E131D8,0.1893561858453372
CC_AB0A4F4A2968,0.21954681419128344
CC_AB108580856A,0.08630814716398813
CC_AB10FED15FC0,0.8102420780920078
CC_AB176233A184,0.05322949336592822
CC_AB250982887C,0.11223105813792186
CC_AB25C565EA6F,0.0725616030490607
CC_AB31BDAE74E0,0.2353944996974951
CC_AB38A76F5698,0.37261948436417236
CC_AB38F588BDD4,0.16838574859001093
CC_AB3DB55C9A2E,0.18838253521941317
CC_AB42A7DA8FAE,0.19019436654034852
CC_AB486E8855F7,0.11524066215475694
CC_AB4A79BF0F21,0.042920279360044486
CC_AB7472FE1C8B,0.04997252864499929
CC_AB78F64D1DA0,0.12184251533584564
CC_AB821E2FB031,0.062539312098985
CC_AB873276D910,0.04960158856683283
CC_AB8CF3C05B61,0.09975351318081867
CC_AB8DD8448ABE,0.323299029349782
CC_AB953366A38C,0.10384288217925149
CC_ABB193697B23,0.6266707352102042
CC_ABB3F0A040BD,0.1301391993321848
CC_ABB618AD3E52,0.22670175741180285
CC_ABC0DA7DAFA5,0.03993625238332761
CC_ABC49E43DF40,0.6246679690661482
CC_ABD89F61734F,0.12001444029583228
CC_ABE04CDC2866,0.5793725183184629
CC_ABE98746DB91,0.5563574622051538
CC_ABFDF22BBD97,0.06479150170356039
CC_AC0498A54CAD,0.2258980051256794
CC_AC1C23EA2767,0.3132557630753995
CC_AC1E028B2A1A,0.10390074934119145
CC_AC255B902EEB,0.17253442167409894
CC_AC44A88F7869,0.06598761657602274
CC_AC51CBCACA63,0.11475283192297517
CC_AC723E5F5EFA,0.042201681902210034
CC_AC7994A5FDC4,0.1058396530642707
CC_AC7EFDBCF2E8,0.7265055376638847
CC_AC8A45716CD8,0.13143170010178606
CC_AC8FB78319A0,0.03224474969253476
CC_AC95C517E726,0.10265387318676042
CC_ACA4C6C9316D,0.05807759271641348
CC_ACAD97A186F4,0.08702851294881303
CC_ACC12168D6A9,0.15502642223698337
CC_ACC53294D3A0,0.08571815816771519
CC_ACC6A74A8BEC,0.06610342500886968
CC_ACD94D2B1200,0.06667044812832879
CC_ACD988315902,0.03628517214565923
CC_ACDA59536C9B,0.11966890058383384
CC_ACE5A4081F6E,0.17733378050766513
CC_ACF4F9A2CCFC,0.18820847978626357
CC_AD0D7D212968,0.29607963314092645
CC_AD131D09EB0F,0.12234926353890324
CC_AD13C87CF26E,0.18983394671305565
CC_AD2050A0C79D,0.1596482981290489
CC_AD276D71D3A7,0.29455717933200465
CC_AD2C54521FE4,0.20278248067812543
CC_AD2E59624FEC,0.3867398453476706
CC_AD3A36AF2840,0.2597175389829527
CC_AD3D286D0B68,0.17413552009740624
CC_AD46818E459F,0.6180206335419707
CC_AD4BB2E22EA9,0.20816269736813076
CC_AD4F7F88242F,0.31515452455509885
CC_AD58ADCD54CE,0.6958191660201299
CC_AD71619FA389,0.1191842877774108
CC_AD84592B950B,0.07037437128302665
CC_AD9898C0E8D2,0.12842201788394703
CC_ADC70A21D661,0.3294576245437267
CC_ADCF16189AF2,0.226512918034891
CC_ADD894E6E4F4,0.3445153878053338
CC_ADE899835555,0.1454942865520665
CC_AE0D73A1EE19,0.37836260269300903
CC_AE0F08EA3935,0.17049898894555574
CC_AE23B59E6FC8,0.2983841856996985
CC_AE289E013D60,0.07831292039757398
CC_AE34D3F7F224,0.7261959808486773
CC_AE4069D8B4F6,0.21397631382465693
CC_AE4896E2BE76,0.7173240558470231
CC_AE51DCFE0671,0.07332058681575011
CC_AE69FEA8DA68,0.15280468755271032
CC_AE7C129CC90F,0.22364878677688754
CC_AE7CD49F20AB,0.16937831159667144
CC_AE89526E0335,0.18324890963084384
CC_AE8D62CF30C0,0.09314134684854564
CC_AE8D9CE8D6FE,0.035417920247294676
CC_AEB019CB9065,0.17316356876862177
CC_AED1D50AF584,0.11248878819071143
CC_AEE546316FB0,0.2346590930832164
CC_AEE5FA00FA6C,0.4296647369782791
CC_AEEC765D157B,0.03877556249395901
CC_AEEE44D6C8A4,0.022618763696139105
CC_AF14FF3EF570,0.3241200706055325
CC_AF1C3ACBA6B2,0.12141062778741249
CC_AF1E911C98B6,0.2988431845721399
CC_AF337F410520,0.08448273426652617
CC_AF3C7BC3BA40,0.10080103732544653
CC_AF41E4075C87,0.1804359407825091
CC_AF6B4405276D,0.70173764224241
CC_AF78FE0BDBEE,0.10584317812793692
CC_AF8238D9082F,0.048882034374232046
CC_AF8CA6EE53C3,0.06524291270205683
CC_AF9AFA7C49A8,0.10669972798529989
CC_AFA1E3D3C685,0.18263930551143048
CC_AFA680030CB4,0.6265047683412377
CC_AFB351270B8B,0.03788412708448077
CC_AFC405AE0029,0.08238660389331451
CC_AFF90422E4FC,0.37975432581932683
CC_AFFBE2744B87,0.7688231812439518
CC_B0043CA53FCE,0.08133320627130364
CC_B01B2BD4EFD7,0.25450679918176666
CC_B01E87EB9940,0.15178206553016532
CC_B0273E66E2A5,0.16584360292925276
CC_B03E98085A9F,0.0660748946517509
CC_B0420D8C42DC,0.508612089334235
CC_B0497BEB9F6B,0.13601645129177536
CC_B04A5E60B69D,0.0879287972316209
CC_B04D5517A193,0.12774766337118415
CC_B05FF3A960A0,0.22145911371514548
CC_B06A532EC131,0.2846699172997048
CC_B06D33A6761F,0.1428134781003252
CC_B074D4472CE4,0.04523084658639702
CC_B07CE95BCD88,0.30781307759695287
CC_B07D79368225,0.12881035654008233
CC_B07DD1ABABCE,0.7236648905228833
CC_B086C2D77820,0.17329227176659193
CC_B088DE9C9E3B,0.2347905944943952
CC_B0CD7932067B,0.10643184150369664
CC_B0CF90073A5E,0.6544124271108522
CC_B0D397D86639,0.6453710565608592
CC_B0EF4FD19FEA,0.09506702108778037
CC_B0F2F9514AA3,0.08356894526893753
CC_B0F3B79F51C8,0.15921947749108184
CC_B0F4041B1C76,0.026670275856595968
CC_B10FE31C61D5,0.09999916038582102
CC_B114E8F19D65,0.16944170519087373
CC_B117F0E3CAAE,0.14827419966574043
CC_B11D58F331A9,0.03588686853532405
CC_B1262188BC41,0.1179136611578922
CC_B12FFB2FF21F,0.08321033657841068
CC_B13253F34A9F,0.03105437125408591
CC_B137E2BBB53B,0.07448949376545755
CC_B13FEA7CDB99,0.07477083046723065
CC_B1481ED21111,0.0339677262511528
CC_B15BE5C9976A,0.2329422028253576
CC_B15EB6933578,0.08456563192488681
CC_B163CCB3BE4D,0.11116569795903739
CC_B16DC354FD71,0.37427253933394844
CC_B1777349EB15,0.1647223604273071
CC_B17C6CE0231F,0.2643502791064139
CC_B17CA8C22E5C,0.12772174439707157
CC_B18F3C9C30E4,0.14000554073106336
CC_B19CD93DDC96,0.0572528248783921
CC_B1A647674B84,0.11458481698367495
CC_B1AEC2E5E33B,0.24635665850830543
CC_B1B5C81AC0A6,0.06124017464502306
CC_B1B932EFD646,0.1506185889901945
CC_B1C3C0B52B88,0.2745698398071327
CC_B1C7216344F3,0.08267138099357947
CC_B1C982DBBD12,0.32347435917313194
CC_B1D81F8197B3,0.34479373553528464
CC_B1DF1DCBDC7E,0.5521945516596594
CC_B1E2C36607CB,0.06760772666881687
CC_B21351C93D8C,0.12541738337105124
CC_B2174860AB11,0.7150082599784109
CC_B235818E6A04,0.21740821792632908
CC_B23CDE30F00B,0.08636289143000099
CC_B23DE4971DF0,0.43702522213131323
CC_B23ECF574D8E,0.05428768818354715
CC_B24C41DDFBDA,0.22486084158487146
CC_B25EC73B9510,0.14253713176234667
CC_B25F69904D0F,0.07452736919157804
CC_B25FB6C11D05,0.6795466253781828
CC_B264F2B92259,0.5777581619199248
CC_B26B8FC23F1B,0.0577269360599091
CC_B272E29922B5,0.12654624432927195
CC_B27AA8E27BE7,0.11424213637560625
CC_B2A68FD3C236,0.08728769658358501
CC_B2AC50C00979,0.09317465583926196
CC_B2B16D7B821C,0.19454994873219666
CC_B2B32F1511E4,0.14799778529201918
CC_B2C241A93527,0.07432877269139754
CC_B2CB104FED6B,0.6689144837232988
CC_B2D352013F92,0.10813349526338356
CC_B2DF694BAB08,0.10091444580391752
CC_B2E993A9343F,0.2029939816064178
CC_B2EF61C93AB6,0.14578840294948267
CC_B2F94405EA89,0.11415493314109731
CC_B2FC07BF6251,0.04562250931446683
CC_B301A65B4164,0.11275903113168585
CC_B313E3A208A2,0.21195314147714062
CC_B318FF5D976D,0.13591527896967878
CC_B32AEF0A2299,0.05788679459033637
CC_B33BD3C618EA,0.07679835935151602
CC_B348627365A2,0.1328544053023349
CC_B35109450BDD,0.03697017449789882
CC_B3528B870544,0.09387573275253204
CC_B3530E7CF8F5,0.13223182106711054
CC_B35C5B1DB9C1,0.07270063204572581
CC_B35FF59389D4,0.19819701935941597
CC_B3812C6700F2,0.6383502445781655
CC_B38280B483B8,0.13374568376483692
CC_B38B694A18EF,0.48544037125883704
CC_B392BDECD913,0.34090823613575905
CC_B398DF1ABAD4,0.04426339092181093
CC_B39E75E151A1,0.12010385992948223
CC_B39FD0E249E8,0.04595085872111944
CC_B3AA0891CA5E,0.38921539961277163
CC_B3B1C8EBE5C1,0.13651871234612578
CC_B3BBA28E2D39,0.4187217117787851
CC_B3C4DB0303A7,0.0940222907698422
CC_B3D32FE823B2,0.027369866896068316
CC_B3DA429C6C8F,0.07966148389032274
CC_B3DC5786AB0F,0.18642227595626204
CC_B3EA537531A3,0.15612742509968858
CC_B4096D3A38CE,0.03862756730602171
CC_B41EADCCC95F,0.05581274510734165
CC_B421940B9A48,0.6287475240578541
CC_B42B3B83935C,0.8107822299656793
CC_B436B1CA6B2F,0.055096068106906634
CC_B439B06AF274,0.2844727198963471
CC_B4482E7879F4,0.07478911956783317
CC_B4660022C612,0.10768716997504213
CC_B46B899B4A63,0.13867679434980906
CC_B470280A580D,0.1399575981242313
CC_B471D3BF0C72,0.5584737546441482
CC_B4751DEE43CD,0.17067427492977544
CC_B482C254BAA5,0.05221374072117363
CC_B4889D036D3C,0.7129712426313299
CC_B4950F811C90,0.1435474289037552
CC_B49A6DE7A340,0.33572241546992476
CC_B49CD4C13DE8,0.3494220192243537
CC_B4A90370CA96,0.4932098658839341
CC_B4ADE6BC8A10,0.669314517134156
CC_B4B6F805888C,0.03584624747572541
CC_B4B8F66BF4ED,0.6740839958300124
CC_B4C6F80DEE44,0.028885342476566992
CC_B4CCE78C09EE,0.15967813369307993
CC_B4D68D1C1C55,0.16548586918764557
CC_B4DAED63089A,0.16304476925804123
CC_B4DD9841E6FD,0.25837403150378085
CC_B4EF6743DDCF,0.07120681248509819
CC_B4F67F73D097,0.09230986412691143
CC_B50EB15EBA18,0.1136221223216255
CC_B51DCAAF4549,0.15553482959452058
CC_B51DFF8702D0,0.5419581968837838
CC_B520A001BF69,0.09107573214124834
CC_B529919BF24E,0.6546621381116671
CC_B542342650A1,0.08719532399955167
CC_B54A106E91E4,0.05184399287866244
CC_B54CFFC21F2B,0.12381572871753427
CC_B55C134C04A5,0.21035111255891253
CC_B55C2DBF6D3C,0.19543163303043007
CC_B569705352B4,0.10863671901090022
CC_B56E74A967C3,0.05719731703874349
CC_B57519F33EEF,0.05037462325430503
CC_B582E4405D85,0.08631989320794106
CC_B585A11F7BA7,0.12103684147280352
CC_B59726D36AEF,0.19654303597929762
CC_B5995E4F1A21,0.13153605531606702
CC_B5AC2AAF871B,0.7257811455852244
CC_B5AD19125E1B,0.21186881118087758
CC_B5B1E42858AC,0.05743192284002517
CC_B5B7599E8BC6,0.06718712843237172
CC_B5CAE0595637,0.22235275377140074
CC_B5D49843A799,0.33533708373869453
CC_B5DDFC7AEE78,0.10539109187563324
CC_B5E29344F63C,0.19693074003934527
CC_B5EE5AE6378A,0.49697180208922326
CC_B5F2A93AD996,0.10073817402675922
CC_B5F611613A78,0.06977742608754517
CC_B6055039255A,0.751565170331903
CC_B607B2B0AFB7,0.05819142087474834
CC_B60CFD0F39F9,0.07599729825827775
CC_B620087B1C52,0.42308774139768696
CC_B6203BBBD151,0.10373863764271381
CC_B622662E664A,0.1719464440925867
CC_B62C9A2BC846,0.15993557890427965
CC_B636210548E5,0.3580012696605951
CC_B642C6714501,0.06260916874188456
CC_B64F81B8A263,0.12702344191520862
CC_B65CA581B9BD,0.14679556156334694
CC_B65D1B9B6F67,0.12022020344987897
CC_B661A8FCA431,0.04640163722812507
CC_B66AC40957D6,0.1344113065327981
CC_B672B35D1162,0.7117851965854691
CC_B68379D197F6,0.09745971314819482
CC_B6923D10FDA2,0.14290899617865663
CC_B69CC776BBE6,0.24765579166791502
CC_B69E50D76B29,0.10875440516047141
CC_B69EAA8C296F,0.20664573695744254
CC_B69F7CB8CDA0,0.1017490692139423
CC_B6B4AD157354,0.15749319854259264
CC_B6BD764CB8B9,0.20570973112278723
CC_B6BEC3F4BE91,0.13309916331815144
CC_B6C13F4A610D,0.29518178531594974
CC_B6C1C3B5766B,0.11292452984272097
CC_B6C72241926C,0.15378758897706368
CC_B6CB40E245D7,0.5738641726241351
CC_B6EE58A108C5,0.06474517910017538
CC_B706F631F5BA,0.03660463503085604
CC_B71DC1206985,0.14482030182041436
CC_B72284CED807,0.1899248043054843
CC_B727865A5B5F,0.5822648723257235
CC_B72FD7EFA6BD,0.1937582357170367
CC_B7365B5A3392,0.7649463846081078
CC_B73820D308C9,0.11655249798965614
CC_B743560D847F,0.09690576098802545
CC_B76EF26F7C9A,0.3029169616794272
CC_B7764FC130E8,0.4554164658214225
CC_B77B73B95532,0.11920724295162602
CC_B77D6653C7D4,0.03276955044763727
CC_B77DA6B77DEB,0.2677830301314088
CC_B783AE19622D,0.15806534594365668
CC_B78761738CAF,0.01657153083998567
CC_B787BA135B5D,0.39260776057262625
CC_B78B4449EA19,0.13064288982809502
CC_B78B4B7F80B5,0.24213066071533743
CC_B78BEE888CA6,0.07479044439881799
CC_B791FEE1CF37,0.03685611949412667
CC_B79A58AA4441,0.08996593740854168
CC_B79BEC538198,0.12002414295985851
CC_B79DD53178D3,0.07642611096083572
CC_B7A7EFD85149,0.18489546173848387
CC_B7B5F2A15C41,0.13698728224871248
CC_B7BC46A7D4DF,0.10328969173393131
CC_B7CBC65D9AF9,0.4948466436464055
CC_B7D40C5C891F,0.08175361949029344
CC_B7D4337C4797,0.340401557985889
CC_B7DA04826165,0.32833581574212656
CC_B7DC19DA1440,0.14708961846922122
CC_B829EC622F0D,0.5736959764133506
CC_B82B9C0C7B85,0.6137864965308315
CC_B82C55DEE5E6,0.29743705410536636
CC_B8475B977AD2,0.6892717927382042
CC_B84BD2F4EB01,0.1996005768459249
CC_B86DA7D69F20,0.04249111023177803
CC_B87989F406EB,0.16489810508432512
CC_B88B702183E7,0.0344311944397937
CC_B89B80945ADE,0.2068165736015699
CC_B8A3A44BFE8A,0.44742989013450096
CC_B8A7A6548AE6,0.18419850150975076
CC_B8A8FB83065B,0.16665733731239352
CC_B8AAC20D626E,0.18444203064320358
CC_B8AC99873641,0.06856942494958632
CC_B8C9673B7834,0.07966660022710681
CC_B8D5FEB15CC8,0.07765421153259783
CC_B8DA64A33076,0.5615559916762972
CC_B8E912A01706,0.5869677440833678
CC_B90869280808,0.13606866349675423
CC_B908EC99951B,0.2595149428010496
CC_B90CBF2A6775,0.05154517792894185
CC_B91080C1ADA5,0.33213758598103915
CC_B918FB42AFD2,0.1715913589550478
CC_B92CA425080F,0.12603712487691768
CC_B937F632B71D,0.17588944329725256
CC_B94477C20476,0.374224404083111
CC_B9483A5C922C,0.12888663390085095
CC_B954EC1C63B5,0.40522274526466506
CC_B95580F93537,0.045977231752651025
CC_B96086044329,0.06832642795962897
CC_B96EB0A91589,0.24139617171474137
CC_B98357C70A41,0.6334626182829214
CC_B9929A66C2FD,0.6790612022090456
CC_B9BB52E4C529,0.12197143468565594
CC_B9BD45744855,0.7604476459739632
CC_B9BFDE4662AE,0.11748798738050639
CC_B9CEAF324145,0.028491146750379878
CC_B9E89F42B509,0.21949646269211942
CC_B9E8A3887223,0.2168213205985351
CC_B9FC67268C45,0.2680654774106028
CC_B9FE9DFEB3DC,0.10170356480441542
CC_BA041E14DD98,0.07463652138139748
CC_BA0619F54427,0.10568725759932603
CC_BA15072C4EC2,0.2549016259211279
CC_BA183CDC5429,0.8169735586588875
CC_BA43646012D2,0.3961516854664793
CC_BA4F7E494E71,0.47045315146914773
CC_BA557F75E2DD,0.18578153932609917
CC_BA740903CBDF,0.12251532509611297
CC_BA77722A827A,0.5306962859390958
CC_BA78E47BB021,0.23192895964019655
CC_BA8C427054F4,0.032481901093864854
CC_BAA19F8D2563,0.09181356444137559
CC_BAA1BBFF8C6C,0.293664113823484
CC_BABA44B5FB12,0.08413604872484562
CC_BAC25BCCEAD2,0.07603874165845842
CC_BAC74D0014D3,0.483606496351744
CC_BAD99E36CC71,0.24650913063074947
CC_BADE7EB1D16D,0.7733563826598153
CC_BAE7410803AC,0.15246315632641871
CC_BAEBBF8054FB,0.12643605963638194
CC_BB054686B6F2,0.04603823514324962
CC_BB05D9DF72BD,0.06205686449265277
CC_BB0D54068D07,0.7958427519437308
CC_BB15DE5E0DA0,0.7218893510598701
CC_BB1A57AA813F,0.14368781628652535
CC_BB1CABE261EB,0.1645441984784
CC_BB2BC46FCF61,0.21105618685129418
CC_BB2E5437EE04,0.049034127038036356
CC_BB2EF1FF6131,0.08870612256670815
CC_BB2F56C6BF57,0.11300500942359812
CC_BB35CEC5314E,0.10376335997823226
CC_BB39E3597B61,0.037283899069537094
CC_BB3A9EECD51E,0.08088375793976241
CC_BB44CDEE5103,0.19243204296541827
CC_BB458116ABA4,0.35095171352519605
CC_BB5F6936F6FE,0.22106699923942313
CC_BB666F8A551E,0.08334235504282328
CC_BB7355E735D2,0.11429511861087457
CC_BB8A2F186D6A,0.03894131693567864
CC_BB9FDED12C65,0.6584133485852647
CC_BBA8C316C8F8,0.07124611362148549
CC_BBADC7DC73EA,0.20531727128375826
CC_BBAEA7980B09,0.4693371356306874
CC_BBBA078A6429,0.7478172267533223
CC_BBBFC3EC2C72,0.3920712066661196
CC_BBD34B3225EE,0.028930441995724032
CC_BBE6C58C59A4,0.41671492878702854
CC_BBEBBE1E226D,0.10562698227069889
CC_BBED56D34D38,0.1316368447196245
CC_BC0244FBDAF6,0.18092454772082295
CC_BC099E880236,0.18984950567996173
CC_BC0F05C89E25,0.11963748163684809
CC_BC1BD06C1085,0.1153500587987013
CC_BC21E8824A34,0.45108512175375104
CC_BC23655B2BF4,0.057197137167389986
CC_BC24F9024F49,0.0505370799141714
CC_BC2A58939715,0.10199136816370111
CC_BC2B90F226E0,0.20809113805877272
CC_BC31382964E4,0.040991310153414603
CC_BC31DA3EAFFF,0.12650934417830567
CC_BC3A6CF6FD16,0.1250050535721987
CC_BC410BDD9ED8,0.2504132802543874
CC_BC458960887E,0.143633348373544
CC_BC484C329704,0.1557470083697558
CC_BC4D6D6D4553,0.33714809889450337
CC_BC5A59D88AFC,0.08413080916986748
CC_BC736DA19A00,0.17103458829587215
CC_BC7B9D13978F,0.19162730573188838
CC_BC84BF34D69E,0.2801738769174152
CC_BC95D473C9CE,0.18634970974820775
CC_BC96FC9DCFE7,0.1184855327979658
CC_BCA0D6159C23,0.18968829510903398
CC_BCAE73132BA2,0.07521572190751558
CC_BCBBF055366F,0.05057804433827694
CC_BCC94F494979,0.09243049798042349
CC_BCF75F8B9A5D,0.12292173721413197
CC_BD10F4F15094,0.0865568476562109
CC_BD1A2052ACD5,0.8035491238125183
CC_BD217C39702F,0.3875061543127186
CC_BD2A9D4B9FAA,0.24822661070668983
CC_BD3EDD1630E8,0.04359076056548067
CC_BD4AAFE9EFEE,0.05707065309122554
CC_BD59D1252975,0.0820379087220202
CC_BD607BE97C17,0.09351218776044892
CC_BD889F165227,0.10581870834624102
CC_BD900B6BCF65,0.15708781295036897
CC_BD9967660461,0.4638045451537962
CC_BDABB99ADE2A,0.17436032394726997
CC_BDB07C66EDBD,0.4905028615790209
CC_BDB71DAAE50B,0.09863665134399596
CC_BDCB91FACECF,0.12154742905685575
CC_BDE1E398B4E4,0.06354192048696242
CC_BDE8D325637B,0.6454710717514671
CC_BDE9E7F390AE,0.09982072214145085
CC_BDECF392D7F9,0.15477915147279028
CC_BDF401C3BBCA,0.13189881467504624
CC_BDF53C42C5BC,0.22412317443090768
CC_BDFE5778530F,0.3371414708517364
CC_BE05EB5976EC,0.7402383278648172
CC_BE08A6D5E76D,0.043174986757674186
CC_BE146CE5BEE6,0.17956086104763744
CC_BE24C1EE877A,0.1277320891100036
CC_BE27E98C4BED,0.07161807685267282
CC_BE32DACBF6C2,0.10554555584960731
CC_BE3F52F9C9EA,0.13036994667844537
CC_BE3FC1024389,0.15091724792959166
CC_BE4595898BF9,0.09327069173748959
CC_BE4F1F53F4B6,0.0857859902014744
CC_BE648663620C,0.17232801622206287
CC_BE6627F3B9EE,0.686675117438809
CC_BE673F70B591,0.35031741027623575
CC_BE704640727F,0.02981556083268156
CC_BE7295B354DA,0.3592776165544703
CC_BE760A430ACD,0.20642340339494594
CC_BE8A340F3876,0.046324957370673436
CC_BE9CB8845101,0.1858845547038237
CC_BEA12286E57C,0.13966774510132898
CC_BEB24EB997CA,0.10815747188683637
CC_BEB80CCF2ED0,0.04910989891905983
CC_BEB86014B5BF,0.19132844515893485
CC_BEC035C8801A,0.13299211510374845
CC_BEE1B858F0C3,0.34619629402728036
CC_BEE664893442,0.20451028433437102
CC_BEE75A33F038,0.04537244073618141
CC_BEF22728402F,0.6259308017098023
CC_BEF8AB2DF19D,0.39456883414701616
CC_BF03683CC755,0.12939346946469216
CC_BF066CB8F7A0,0.18253705941657367
CC_BF154A9FEE8D,0.1340294712983305
CC_BF17E635C67F,0.10542576242137403
CC_BF196AFA6AE6,0.16682590869988845
CC_BF2012FCFE14,0.1961868101050458
CC_BF3733356D4B,0.42938578047451326
CC_BF376C8D14ED,0.534366329868414
CC_BF3BF8B9F646,0.1074466166705392
CC_BF588A5FF18D,0.6663082575327293
CC_BF7C643B8874,0.036088198492308425
CC_BF8919F14394,0.14783123097076842
CC_BF8B759EE1EF,0.06417025895741736
CC_BF971FA7A950,0.14079787396685556
CC_BFACE960372A,0.11255036003821324
CC_BFBF917EFEB7,0.638557894237179
CC_BFCAE2959708,0.0422820051069366
CC_BFD80ECB739A,0.2261241619193159
CC_BFDEC7E68821,0.06321986038554533
CC_BFE3AD881F4C,0.0482181817967494
CC_BFE511C0F9F3,0.5492197222633521
CC_BFEE9CF8A6E9,0.08855212338180035
CC_BFF8E82FE4BE,0.1401433382478388
CC_BFF9E8C0FE28,0.5355065017520446
CC_BFFCB2882E26,0.04324286769439971
CC_BFFDCACC1E4F,0.10114755159868327
CC_C003A15648F3,0.09762743675701877
CC_C004160ABB18,0.14533775384438838
CC_C012746F45D6,0.1059145574742881
CC_C033B4EC89DA,0.13366018128992213
CC_C03578357D0D,0.4348411213571209
CC_C040C14F27A0,0.05108246399475862
CC_C0474C48C443,0.1374113711255145
CC_C04A1EF46A13,0.24638328642829396
CC_C067DA2C5F99,0.42280029470668234
CC_C0731DB0CD7F,0.6265405060693795
CC_C07C70AA1AF0,0.13633240112065542
CC_C0877F4DBC62,0.09959085323455624
CC_C0896CE6B4E2,0.07129101223479292
CC_C089B0517E81,0.07399260683920891
CC_C08B9066A5BB,0.19652618294891128
CC_C08DFB22BC71,0.09424768914282794
CC_C0A2108BEC82,0.1978308373441655
CC_C0A6B0787F91,0.1029002138373229
CC_C0B29B279C90,0.11213209644417302
CC_C0B7151247C2,0.10514757182858107
CC_C0BEDCC974E6,0.0927485835528595
CC_C0C6F913C2CB,0.6824688616640768
CC_C0C7EAB055B1,0.1897555293124597
CC_C0CCCF588BEB,0.2538004161108681
CC_C0D65A1BC1DF,0.5676011909334424
CC_C0D6ADDF1E0F,0.07439474051084036
CC_C0E49708EB44,0.21758081451725486
CC_C0F32BA57D17,0.03946183833803635
CC_C1094828B26C,0.313025169117014
CC_C124E4C094F3,0.25212854691462316
CC_C12ECF48FA03,0.1835961870164588
CC_C12F5F7E5C54,0.10854314584925254
CC_C131509731A1,0.2121811112732791
CC_C14173B64C58,0.18272780622671725
CC_C14A4D39F494,0.3713359165207797
CC_C14DC9106B7E,0.2921866830881592
CC_C1624A910E58,0.034732464016215395
CC_C1645FA6EE7C,0.09143831492220367
CC_C165A26E7C1D,0.7214824720337303
CC_C16824A69631,0.057695535611095014
CC_C177831DEDC2,0.08075052096633416
CC_C1815DD481ED,0.6859197060652187
CC_C18313F97FC1,0.31678352538761817
CC_C18A7BC23071,0.2887965949539977
CC_C1941883C762,0.12052317112171625
CC_C1A0989CDF23,0.02161545235331929
CC_C1A8C99D910A,0.11010578532889119
CC_C1B057BAE0BB,0.27649498561453617
CC_C1B5D9A95708,0.08458703294070313
CC_C1C28181E30E,0.0987956826064871
CC_C1E8CA45E983,0.09589487306889657
CC_C1F4DD05F5FB,0.17994278136825548
CC_C205BAC0D181,0.06669493187130193
CC_C208790016F7,0.0755806280590614
CC_C219E603FD0B,0.059097342769687464
CC_C2323893E922,0.12971742066588984
CC_C236A614F73D,0.11600596503511218
CC_C241491551A8,0.11758322930533952
CC_C247E0377048,0.12012961416984885
CC_C24FBA584039,0.2654382940014815
CC_C25078D044CC,0.18513560674223956
CC_C255BE787955,0.2125123843231822
CC_C25ECB5C5FD8,0.061032382841517394
CC_C276E722FB1B,0.29764845121514494
CC_C279090E1F74,0.7740848522449
CC_C279CA96D14A,0.13645319345452248
CC_C283330B9999,0.04582986656631592
CC_C289AF57EB24,0.27034873699987017
CC_C29558864857,0.11742709934434298
CC_C29846DE78AC,0.6064199788349609
CC_C2AEE09D92AD,0.10431834531133959
CC_C2BBFB603032,0.34977996620349466
CC_C2C2B2EEBA69,0.04257285245646891
CC_C2D1CBB42952,0.17062360061733106
CC_C2D4587A871F,0.7094356585307027
CC_C2D583F20739,0.35198423960188296
CC_C2D9086A8C67,0.08221387552924053
CC_C2E8FA308586,0.16763972306873623
CC_C2EA104630E3,0.1007028166347746
CC_C30ED2C6265A,0.049561676832176285
CC_C31BA9FD4FFF,0.2795332315802548
CC_C31DC3117984,0.17000401164985807
CC_C33142B2E26E,0.42723810472600565
CC_C340668CE604,0.07338637058617986
CC_C36580241000,0.1408833815899516
CC_C3664AFC710F,0.10564381406634767
CC_C3676D2ADC91,0.20989016714728256
CC_C368AC6AE19C,0.03472560342229507
CC_C38B446B7432,0.18164710577284493
CC_C38BE6D69E61,0.058162533859398485
CC_C38FB634E7B9,0.06972197394026484
CC_C3913A125FC9,0.1687176932542084
CC_C392AC1AABDB,0.1405191956977084
CC_C3A37C3EDCC5,0.3430730132308508
CC_C3A42A96D260,0.23431964741838457
CC_C3CA355F78BC,0.1005098288172794
CC_C3CD972B25E9,0.14095342130016209
CC_C3CE9FCB05EA,0.05035746371391962
CC_C3DA12B31CD5,0.09166607424247003
CC_C3EF46D2CF29,0.17552464269432172
CC_C3F301EAE202,0.17863232879324797
CC_C404C200B723,0.10656617089810662
CC_C40BEE2EAD73,0.24940907161230444
CC_C40CA3E960D9,0.14023532379787695
CC_C40E0EEBA53A,0.16409559978968388
CC_C42183D7A586,0.08983168386907739
CC_C427199DAC5F,0.46414815408825005
CC_C445AEF194CA,0.07371386815784328
CC_C45051D20EC8,0.12950688282644018
CC_C47FCA703A69,0.30153725977394613
CC_C4965C6C6935,0.33479037672065703
CC_C498BD798847,0.04662225736716569
CC_C49A42D1C3CA,0.08693532670564587
CC_C4A2F5B06976,0.055398379267166675
CC_C4B632AEB96F,0.15744776036880476
CC_C4D194378554,0.029725352841516044
CC_C4D90E9CA5E9,0.11732215194501272
CC_C4D941D5A5F9,0.14775768408188356
CC_C4EB2486A9B1,0.2029916932584031
CC_C4EC2923D96F,0.2974859016841408
CC_C4EC9ACAE8C4,0.6879794833424648
CC_C4FB2ECB13DD,0.2774202440447363
CC_C50467EBCC58,0.07775479581808381
CC_C50C5E2A77CA,0.14591975417278907
CC_C50D7FAA75C1,0.04036499376004672
CC_C51FE3F4D2F3,0.17076469662299726
CC_C5234F4713B7,0.07418185702561657
CC_C55110310E14,0.10522007615224829
CC_C563D509181A,0.08413905849554523
CC_C5736F4887D6,0.7503296784472304
CC_C57C4F09442B,0.09427072810030186
CC_C59D2CA55CAD,0.810919809269425
CC_C5AD04ABF022,0.08525903220261064
CC_C5AF7BF4B951,0.03269536060341045
CC_C5C5FD9FCFE4,0.6522791286056981
CC_C5D9A89022EF,0.20181916391771582
CC_C5E1FA10BD6B,0.1743033389138482
CC_C6039EF0459B,0.1588530871415023
CC_C6133F44EB0E,0.09983393736937379
CC_C637C1142503,0.7721829198888488
CC_C65496C86EAE,0.1209918618304438
CC_C67C2B86A807,0.1363771872990694
CC_C690CF8AF3B4,0.1087355207579503
CC_C69204FFED48,0.3082084184382865
CC_C69DD80E5055,0.10670489024669896
CC_C6AE389CA79C,0.060478520603972796
CC_C6AFA8AF33BB,0.09338761031115135
CC_C6B56B2869A6,0.37247059321674014
CC_C6B61E03B42D,0.23114092037300946
CC_C6C2B357FDF2,0.1057473606624592
CC_C6C4A4A318E4,0.11942497283494252
CC_C6DECDCC7956,0.1856689799498062
CC_C6F134ABD932,0.6179964174396363
CC_C6F24128D8D3,0.16580434969813956
CC_C6F8C5E3D746,0.10816915284864015
CC_C6FB2BDCC78F,0.38231994221825916
CC_C70DBEB08378,0.8139113078526865
CC_C71AAC6F9607,0.1097551752573367
CC_C73D1C53BEC0,0.3557768599314046
CC_C7423B380FD2,0.05841790117314791
CC_C747ABF2B4BC,0.07984950358096651
CC_C74F0C45C093,0.14974510865285082
CC_C75307665BCF,0.21611429667073068
CC_C76473DBFF83,0.3216304363707694
CC_C7652C2D1CC7,0.21950793190616175
CC_C77B38900325,0.24457593297839064
CC_C782A94E6754,0.03906865397412139
CC_C786E0FDA098,0.7615966140345
CC_C794632B3AAC,0.40788699185064586
CC_C795250A7B3F,0.10425576318429813
CC_C79BF5794AD9,0.042349341965962975
CC_C7A2A7BF85C5,0.060398194702966326
CC_C7A2CEDA36CD,0.4944593413658839
CC_C7AAAC514CD0,0.08039449413751246
CC_C7B39AE8206F,0.1297730824626997
CC_C7BA884F8DCA,0.15053635405007454
CC_C7BC592C11DB,0.04539512847076074
CC_C7CB29EBCEE1,0.04136090603005114
CC_C7D2BE35C77A,0.08662724856198264
CC_C7E56C7FFA19,0.16826602309933222
CC_C7ED63E403A8,0.07829682060029103
CC_C7EFF4BBEE1E,0.061841860359245875
CC_C7F1C90A261F,0.15479772012962273
CC_C7F38C2DEDFF,0.1771136814771776
CC_C807F881A35F,0.2474080977385641
CC_C808346EF2A7,0.03976184619033508
CC_C822401D05A0,0.13350354606330012
CC_C82D0EB32984,0.09092921704785759
CC_C82DE4520088,0.17831400092603106
CC_C84080607284,0.06773327191206852
CC_C85DEB66D6EC,0.29162856110361124
CC_C8601860B3AB,0.28943767032110057
CC_C86B56E5B000,0.1184221002094466
CC_C874E7D8B96A,0.06271339770634823
CC_C88F02C38654,0.17411182661106767
CC_C895990DF270,0.17277435700728958
CC_C896D6E93110,0.3809810113614077
CC_C8A57920FB6B,0.08034875698064173
CC_C8C2CEAC6750,0.4608524497319697
CC_C8CBB38CF4B6,0.4265718848420871
CC_C8DF2AEC8023,0.138508676590211
CC_C8E24B1925A2,0.20101083954046434
CC_C8E2F0CA5050,0.669133508236616
CC_C8E875AAFD58,0.26277760102251474
CC_C8EF7366016A,0.07069204334787796
CC_C8F1FB9C56E5,0.0999514949821372
CC_C8F2FF7E6DAF,0.1043005476548608
CC_C916DC82A00B,0.3170116523120365
CC_C91FF308D57A,0.056527862820430305
CC_C9297D88CD26,0.34926051933877317
CC_C932D885E1AA,0.18290181659461874
CC_C947A66A6A34,0.13916753451490305
CC_C953D19C82A6,0.2888343185005516
CC_C960365C1125,0.2566831468166896
CC_C96221203852,0.258155223580142
CC_C967937FC81A,0.6697217146090781
CC_C97434767545,0.20693874369267276
CC_C974620D4D4F,0.28903282933634555
CC_C9749B07E3CC,0.13439630441540756
CC_C979F86EC4EB,0.05773693754895989
CC_C9882357496D,0.06779123282669025
CC_C98B5F2B994A,0.09881973354208673
CC_C98CA453DC7F,0.13050963150815337
CC_C996515164AF,0.7129392259378187
CC_C9A1B8F512F3,0.4322936742717311
CC_C9E008678B77,0.08340252728950519
CC_C9E89E3728DA,0.20851615482999053
CC_C9EE0357CF4D,0.17441050307764144
CC_C9F15C15BA6A,0.13145494920141756
CC_C9F3BB887EB9,0.17934367928475933
CC_CA0906B9B58E,0.07524380269758871
CC_CA16B9133E4F,0.3089065663046234
CC_CA2524A5C7AF,0.29791223823621893
CC_CA2A17C9CD44,0.45937738486352453
CC_CA32C61E255B,0.10488936886415538
CC_CA37F92A8BC6,0.13602216011453203
CC_CA3C9D0F42A2,0.5783701007634112
CC_CA4669FF2379,0.11063646140023604
CC_CA486E08F176,0.05453531064050651
CC_CA5CF069C36C,0.07417652053148754
CC_CA6AB58D2C8D,0.260158433063031
CC_CA6EDCBFA9E3,0.18011864481334633
CC_CA6FB58C11F4,0.07251516577943792
CC_CA7902338F91,0.14461085038653898
CC_CA7BE11DCB92,0.12876281130091216
CC_CA87A148C386,0.07026104297036445
CC_CA8E7E45347C,0.1634441678775485
CC_CA9214D0E170,0.15563239321514977
CC_CAA07EABEF71,0.06231952310663649
CC_CABC0190A9BF,0.5281784322069897
CC_CABF171B8582,0.5882577641317634
CC_CAC2F989A2D6,0.22160874962785548
CC_CAC50FF13A43,0.4772362082115054
CC_CAC9C52B6FB8,0.25321186178022537
CC_CAE19DE8446F,0.06390599805122979
CC_CAE5F6D8328C,0.5045659109176237
CC_CAFA0C6DBCEB,0.0585168511968583
CC_CAFE5D6E3E1D,0.11582688099452333
CC_CB02A97FAC1F,0.2030681234847483
CC_CB1155AAC7EB,0.1392241272074161
CC_CB1B2FC5769C,0.1793570815066981
CC_CB1BD3C19303,0.1618686050676512
CC_CB2423DD4809,0.7749825242213908
CC_CB33381406F3,0.6458238932728197
CC_CB3CBA971E97,0.09522572954632938
CC_CB45CB5C940D,0.19340806920744857
CC_CB4A2667F8CE,0.21752372816141516
CC_CB4EA92BE238,0.060041991597300864
CC_CB4EE5CC0B09,0.1686253238651501
CC_CB50BDD92A4D,0.21277896895399803
CC_CB6A55831080,0.07022348654597044
CC_CB6CE149111A,0.13479258744404948
CC_CB6F9DA78019,0.030372665062339703
CC_CB722FAA608D,0.2089638314870157
CC_CBA786C05C1C,0.7376471589612841
CC_CBA9A6206DCB,0.15473199639085355
CC_CBB7AE2847B6,0.19552790593191083
CC_CBB9DDEAC819,0.029744272694143765
CC_CBC30D127BA4,0.08170711136228916
CC_CBE67EF0D3C5,0.47504911145295625
CC_CBEC318365B3,0.39361262211124604
CC_CBED6669EDA7,0.08075433140753961
CC_CBF1B052FA7E,0.0777424290512055
CC_CBFC7EFF2F94,0.13793419124337786
CC_CC27394B5E35,0.07908261475501888
CC_CC2A7B3D7A55,0.1511263431650764
CC_CC34B2523794,0.14335429918861053
CC_CC34E9023873,0.6979312670411084
CC_CC37D81F02A7,0.6400061484999557
CC_CC4822AEDB83,0.6983919318409115
CC_CC5D6CAE5ADB,0.25772520332079657
CC_CC6D27804EF0,0.07232750865943055
CC_CC71D4876B90,0.0980323205003289
CC_CC75EA7F2C8F,0.09319975456671781
CC_CC9214A5C0CF,0.08981566279044666
CC_CCA2B8D2446C,0.4073474263805035
CC_CCAB3E56FD92,0.18287999154176576
CC_CCAF321D46D7,0.027793318198325992
CC_CCB46EA56584,0.2173470027494045
CC_CCB60CB8754C,0.13356995120785167
CC_CCD759553325,0.06257579021956285
CC_CCDC28D49832,0.1489285651391158
CC_CCE55029E621,0.6444249336152529
CC_CCEA133D7268,0.4684221778926957
CC_CCED6CEBC3D6,0.3893775995107376
CC_CCEE76415B51,0.3108597500953547
CC_CD1326D52AE1,0.6684732428808609
CC_CD35EEA81CE8,0.2990535824927764
CC_CD373485942B,0.08352919313517188
CC_CD379DD39658,0.29496153085800414
CC_CD37D5CF0EB0,0.1719987504996957
CC_CD380545A7A4,0.07810729640210468
CC_CD3A378249BA,0.21959908553507562
CC_CD415B1C7741,0.03858545077822789
CC_CD4976814F28,0.03828339801126531
CC_CD4F5F1C357B,0.2757179817186839
CC_CD54829713AF,0.08034281769361987
CC_CD5E3556D5AB,0.17537454095456412
CC_CD6C797F3C4F,0.06933136313743854
CC_CD7BA8F6C4BD,0.11830226062017199
CC_CD8352F0478D,0.18725052900904776
CC_CD972E578564,0.7731610807614822
CC_CDA1B20179B6,0.11384118134122168
CC_CDA2A36B81B4,0.2561777092366245
CC_CDF6354EC332,0.07263546628861119
CC_CE01E17132E0,0.033358125874837566
CC_CE1280B30475,0.14372432931687856
CC_CE134F878294,0.05373646557947053
CC_CE229894AC00,0.11000508719706001
CC_CE26907B9D30,0.4470877743113482
CC_CE2755B42DAC,0.06671590252220941
CC_CE2BD7F74421,0.2674520563720036
CC_CE3784121355,0.1499277676260744
CC_CE41F9FF509E,0.21244947140504505
CC_CE5AF0E9A157,0.07321567112619734
CC_CE5EA019DCAA,0.07646014301484505
CC_CE6460FE39F6,0.12140287831169122
CC_CE72D1734761,0.6484174876316214
CC_CE7FC560768D,0.3544431900979884
CC_CE871DB3950F,0.31760520070014986
CC_CE8D1564C4F1,0.1404610075913773
CC_CE93240526A9,0.296486260462787
CC_CE980FCAB154,0.2858875793251002
CC_CEA0FAD348F8,0.08331809962328096
CC_CEA369A3451F,0.058311710767645214
CC_CEBA67081418,0.2429937849212883
CC_CEC0C00FE770,0.5382767368637991
CC_CEC3B21D2982,0.39282056205742566
CC_CECEC680F701,0.18142586458394894
CC_CEDB263DB07B,0.03500365869847577
CC_CEDF9C14DC79,0.26364262113875164
CC_CEF23255BE06,0.05888403733847984
CC_CEF8C71C4E8B,0.405794792922053
CC_CEF91FDD41AE,0.38204007114558197
CC_CF0B68684C3D,0.09201649607584175
CC_CF149865368F,0.10349060147523884
CC_CF2A7A5582C2,0.18212664244776344
CC_CF2B3E37CF2E,0.3912594440347716
CC_CF2F163CE005,0.16750942085641643
CC_CF3C063DF626,0.17341929853051924
CC_CF3E91DB8220,0.28956110183687755
CC_CF3FB5744443,0.7075447403388091
CC_CF4991B8EFE9,0.10151323054962058
CC_CF53FD3AC9AD,0.033056989127023574
CC_CF5A140B279D,0.2083514621589979
CC_CF613A7162B6,0.1216562868310177
CC_CF6A8A460B19,0.10187294332747228
CC_CF792E77A16D,0.04948978500840424
CC_CF7BAF373E0A,0.033182919715452855
CC_CF8B1D0015C4,0.15236092163132287
CC_CF8D0517B79F,0.08051839876508164
CC_CF92037ACA93,0.20055770605069334
CC_CF960A300F40,0.27547397140937113
CC_CF96B6335E6C,0.16040278385962506
CC_CF9880D67A7D,0.18238449415565544
CC_CF9B249283A7,0.701554354747902
CC_CFABF7407978,0.20809184432206534
CC_CFB2AE99EABF,0.12565306537275833
CC_CFC0BC440771,0.13456610525686918
CC_CFC235739F25,0.568450802011459
CC_CFC6E8954325,0.05807693795402498
CC_CFD37EDB214D,0.22791665691719326
CC_CFD93C04478A,0.58584630232309
CC_CFE0AA5381FD,0.585524292547692
CC_CFEB021AA137,0.0484340972002511
CC_CFF6E2A6A3F9,0.29935977086125587
CC_CFFDC4947256,0.16924299140486815
CC_D009368CE434,0.04903075573419776
CC_D02E59E08B02,0.04146583669963505
CC_D03848B7353E,0.053093042524614525
CC_D03A69B1563D,0.14398871971770189
CC_D0576802096E,0.09074129644406881
CC_D0582E0F3440,0.052355688890052814
CC_D059D0BEC5D5,0.3769760664679809
CC_D05C4A8F2A25,0.1346872810181519
CC_D05FBA9B9040,0.7169262309978096
CC_D0653EA71CAD,0.15992902100960737
CC_D076A984B786,0.1472287968578543
CC_D08FC2D99CF5,0.20777759659081427
CC_D09942A02904,0.11203220529347094
CC_D0A8EA2D37F2,0.15394796316810225
CC_D0AAD35C800F,0.11851833874888718
CC_D0D666EC0244,0.09366959122370133
CC_D0F3F68F4452,0.47894154432596514
CC_D0FBDE8ABAA7,0.09487187100463138
CC_D103D50237D9,0.24098884505703083
CC_D11E5A30CF3B,0.2576523953830674
CC_D122B30AE7CB,0.548169368329547
CC_D1679B40D83A,0.09498947806866806
CC_D1760785D631,0.2646806922689523
CC_D18088587757,0.25145233407802847
CC_D184160042B7,0.3156217162949135
CC_D1886485E8B4,0.15205116301792998
CC_D1893DD5B4D4,0.10319898739179673
CC_D18B60E035CE,0.7347177401812282
CC_D191D099789D,0.08266809463607896
CC_D1BDB41E7FF6,0.07722186375703743
CC_D1BE2E6E9C9F,0.18347113065686088
CC_D1BFB29BF61C,0.08208409678410193
CC_D1C259F80E13,0.091840724295911
CC_D1C63DA9CA93,0.1070431592436668
CC_D1C931E4F305,0.06040359055904768
CC_D1CE25F271BE,0.14263558347585914
CC_D1D2127A0C67,0.05555157170250964
CC_D1D31EA359F4,0.13620737177125292
CC_D1DB888BD9B0,0.11401480907653604
CC_D1E82B9DD102,0.1634343215850625
CC_D1EF68A649AA,0.13057133177513108
CC_D1F05E69F80F,0.05496500824381825
CC_D1F6FE158DCF,0.2722645126807255
CC_D205612FD566,0.6211113759794145
CC_D21474C31E3C,0.6825340999656764
CC_D2195A061A0E,0.6140271084022211
CC_D2199CC1CB08,0.028424524710349085
CC_D21FCD9DFE53,0.5443866921660705
CC_D233B2C8062B,0.42033326924503434
CC_D234CF2C21AE,0.6559970682469431
CC_D2373015DF41,0.04672307338420321
CC_D239CBE1012A,0.11049667886407763
CC_D2591377E980,0.7290814708562421
CC_D25E25C831B5,0.07729862734114762
CC_D262BB13DAAF,0.2862398364511157
CC_D272BC699F38,0.060660460254047685
CC_D2813C835750,0.7650147001706291
CC_D285B0D67016,0.02315982206695501
CC_D28FB525E310,0.2655483428742045
CC_D2AFEE04E96F,0.03263385941369017
CC_D2BBAA423304,0.19348409288405477
CC_D2BE8B4011D7,0.05419575120727966
CC_D2C49D2FEBF8,0.1915538796443058
CC_D2D09498D333,0.16095036592405332
CC_D2D187DA334A,0.1225340099565503
CC_D2D47A5386CE,0.2668681601917783
CC_D2E98F50621A,0.038725823267351356
CC_D2F265035F0A,0.04671734794793239
CC_D2F91355C6D0,0.1584802702294736
CC_D2FC934F8324,0.14290643760073135
CC_D3044C67CFFB,0.04810265202010353
CC_D313F2C49E46,0.334580992621275
CC_D31FFB053D60,0.11942946120864667
CC_D336DB6323BB,0.31682399552283225
CC_D343A7CBA377,0.06245475539577677
CC_D345AF4C4B61,0.18563781133812468
CC_D34FA9410740,0.08489273013233564
CC_D354C5D1665A,0.16173204640782135
CC_D35E96480AF8,0.3099609817873795
CC_D3616386D6D2,0.13648189931482085
CC_D365173E852D,0.7637527754443509
CC_D3683C6CFC5C,0.6446075085107474
CC_D373463038E0,0.05174605835181645
CC_D379CF8E3FAB,0.7187366295175852
CC_D37B4CA7F3D8,0.045375002415815824
CC_D37B5B3CA4BE,0.6837726538644171
CC_D39265D7B6C9,0.05299752311001913
CC_D39E3F732408,0.0662261332570003
CC_D3A7B21165B3,0.3064680175510422
CC_D3A9028A4660,0.04316314754637682
CC_D3A948322BD5,0.6908714174714328
CC_D3B95DB5E6C1,0.2801685488598963
CC_D3C8C5014D5C,0.18018505377388463
CC_D3D80929AF52,0.09571478005186441
CC_D3F25136073A,0.191456653173121
CC_D4102AD032BE,0.2414320934149768
CC_D416EFCEAD89,0.04505907263466669
CC_D41C5030494A,0.6793261288502006
CC_D42E477596A3,0.05258511103919278
CC_D432C89BADA8,0.13369235775940397
CC_D434638E9569,0.11789908545669422
CC_D4518F98BB77,0.08898943997067232
CC_D452847F2A4C,0.09131664610188428
CC_D454056F92E6,0.24975584893362585
CC_D461FB973AB2,0.8166122738621397
CC_D462250B13D3,0.4132870710921019
CC_D48E686A834A,0.6890806965949834
CC_D48FFD985E51,0.07470266244618139
CC_D49263A1BDF7,0.12109238718099155
CC_D49668C65C33,0.028724790805630417
CC_D49D9C57A849,0.10116710809149496
CC_D4A029A150E4,0.18336027202779298
CC_D4AC998C0BC8,0.702474722691121
CC_D4B02AAFC697,0.13635859419946167
CC_D4BDF0F4FE9E,0.11352945499873182
CC_D4BF2778371B,0.17475773226160474
CC_D4C0F4DB3501,0.17448786614262998
CC_D4C6DD8A364F,0.1445653945626658
CC_D4CDE2A1E174,0.16260577723723513
CC_D4E7EE35695B,0.152206185558209
CC_D4ED652E86DF,0.29263844395793653
CC_D4F844B54B84,0.03778053968233927
CC_D4FA0055DB4A,0.03298973275877484
CC_D4FDCBAFEC74,0.7097545712714993
CC_D517D90E105F,0.09536762332287291
CC_D52B87A01028,0.23836171835838504
CC_D530C3D1DBF8,0.646814062635209
CC_D5327E41EBA2,0.10345544922772817
CC_D53C8BCA531F,0.0851686177682553
CC_D540C7ABF683,0.6780585368648939
CC_D54105FC1349,0.35677903791268184
CC_D550CE8B9313,0.7488587172082308
CC_D55C5B432387,0.1720546965138522
CC_D5646FCC5E14,0.5827884153507017
CC_D56F34613338,0.12970920315385406
CC_D573AF0F1674,0.10797833200760074
CC_D586E2C2B3EF,0.1956938003637989
CC_D589E388CA02,0.06402465474169344
CC_D58EBD954E68,0.31447182716474487
CC_D59AFE884BDD,0.48050376578755194
CC_D5AC596A85E1,0.162889026386339
CC_D5B99B578573,0.045025065486442584
CC_D5CBF4A4D3B3,0.10042297247390192
CC_D5CE05EAA837,0.20643581425465152
CC_D5D36A6C8DB3,0.08017185001385421
CC_D5D8D545736F,0.08307313334689247
CC_D5ECFAF8C1A3,0.06068694766671294
CC_D605715F737A,0.14488660903996667
CC_D617428B4B0E,0.3822637247224799
CC_D61E8E5C4414,0.14029413576478297
CC_D652B5F05769,0.17462897898334634
CC_D6564D0CB9A8,0.194812557215105
CC_D66183657419,0.06846665673817388
CC_D66BDD3E1AA7,0.1118199566747313
CC_D66DA331534A,0.09834713480725518
CC_D687A780C0E6,0.04396536105154562
CC_D6AE871A4C9C,0.09810361035089302
CC_D6B7AF1FBDD4,0.49439907280342665
CC_D6B874308353,0.5979030058733856
CC_D6B8F47FE484,0.5152329440638145
CC_D6CB1BFDCEEA,0.11918305163084823
CC_D6D47D7E1C51,0.03637425106312295
CC_D6DE060699C6,0.13938444143743361
CC_D6E06014457F,0.7923268913079089
CC_D6E8E17EA449,0.32033143349759935
CC_D6F216AB1C4A,0.15391784112025578
CC_D6F5E3A51C8A,0.10054266493383911
CC_D6FB3B76D7A0,0.5832312925274192
CC_D6FBCD4BA3DA,0.2803016153132454
CC_D70918916097,0.5243098620023491
CC_D73B1B9B81A5,0.04686045500260009
CC_D73E9E24BB48,0.12254287740939965
CC_D74AA0F20466,0.13516775891361307
CC_D750070C44BB,0.7121100967831032
CC_D7529675CB7D,0.166257664422459
CC_D75C8CDB510B,0.6582071402381013
CC_D76009C47709,0.28695007735046374
CC_D771775A58F5,0.20060028023995247
CC_D77F9D613EF7,0.1896430057956425
CC_D7999C3EDE22,0.1875282264740864
CC_D79BF1D26499,0.19472235918354897
CC_D79C05885899,0.1260448433077157
CC_D79D4F15D10C,0.030502695985703834
CC_D7A11E3512D2,0.053714532333330664
CC_D7AD7A7279C4,0.14400169729041573
CC_D7B35055AF0D,0.1826833891366364
CC_D7D99409D57E,0.32349138250992904
CC_D7E403181D8F,0.1289732328999005
CC_D808C7BA9399,0.1251436472761315
CC_D80DE8B544F3,0.041168665360490624
CC_D81D19AEFB77,0.03213216703823896
CC_D81F317F6384,0.14492891385872678
CC_D844D9DF962C,0.06551271751637883
CC_D847D978387D,0.04097150155496142
CC_D85C7B85C440,0.2483676856471053
CC_D885591596E7,0.09404662949594346
CC_D887D07BDE23,0.38239354783914425
CC_D88ACC0CFDA5,0.10171440028314366
CC_D88BDD0F510C,0.05661548959491769
CC_D8956424CB37,0.4069682276760299
CC_D8959BB99A7F,0.2720620178950588
CC_D89A9A14B5E8,0.056147601212684174
CC_D8AD01F3CCE7,0.051467828630658796
CC_D8B4122DC296,0.110920440903085
CC_D8C38B187875,0.7203286157381753
CC_D8E55509595E,0.050992690432409934
CC_D8E6B90C37A3,0.1076163424057551
CC_D8F1AECFCC2F,0.060839494579765896
CC_D8F7672C70D7,0.0309459574623571
CC_D8F7E904E7DF,0.1612366926806822
CC_D8FEF1C99F88,0.6580174024023315
CC_D90761F9E9C9,0.41657269530874796
CC_D90D9D5C8FEB,0.0816462909096543
CC_D912917A4F4E,0.7378700178501759
CC_D91ECE64FD0C,0.10273017007554988
CC_D9325E5695D5,0.04266107054085621
CC_D9563654A397,0.19944548155953198
CC_D95766A6C24F,0.10115023785562147
CC_D95939B1BBFA,0.0551752253247343
CC_D96729C38BC9,0.07326838072081875
CC_D9791EFF766C,0.21905741096744052
CC_D97AA7C54F6D,0.11167199182558278
CC_D98BA5CE8EE6,0.48983258810851504
CC_D991DAD5413D,0.14991283236018269
CC_D995C89AA359,0.2142148514853489
CC_D9A54F55AD6A,0.1115001510790481
CC_D9B87A96C353,0.2235230046949367
CC_D9C42B0B6A0C,0.18488235538118103
CC_D9D487E78FAF,0.6696185249978678
CC_D9D744A66B09,0.11218784988995917
CC_D9DA3F6E2E7E,0.16461703384798781
CC_D9E5792258E4,0.07547122873257398
CC_D9E6B9CBEB77,0.051577250530038025
CC_D9F0CDB02AC6,0.14076038418664152
CC_DA0201D1BCF2,0.10972190896139815
CC_DA0500AFE692,0.05793929831114218
CC_DA0E0BD3880D,0.322041808368317
CC_DA10F53AE655,0.6433081802211945
CC_DA1643A835A2,0.0961707183988612
CC_DA1C5BAB7E35,0.5495070042126764
CC_DA1DC6A6371D,0.21952446135759052
CC_DA1E6B31DD2A,0.6374091787636559
CC_DA1F282809D0,0.028588672024683598
CC_DA226442D919,0.719958560524636
CC_DA31EC318B1F,0.05538912901012183
CC_DA33597C6459,0.16350570026038846
CC_DA43CFB5CC2F,0.20114732278937153
CC_DA481C72B8A4,0.2683997380152294
CC_DA55447636EB,0.045832752750697384
CC_DA5AE34842E3,0.07295916667251942
CC_DA6880B018AC,0.16051056825837792
CC_DA700A961616,0.15036622658665372
CC_DA7E65F1E6AA,0.07273017808802906
CC_DA80FAA7FE30,0.10255390146802312
CC_DA8DCCC1199D,0.3153092218836783
CC_DA8EA724C1D3,0.42299329692159254
CC_DA8FA65D1924,0.03540570707861923
CC_DA99D1E41C3E,0.05157059023773537
CC_DA9C3BEFD0B3,0.17899776852518423
CC_DAA3B7FE1C62,0.07286067990959477
CC_DAACE4211B34,0.16237889084547402
CC_DAD239E56638,0.7578260269081003
CC_DAD4BC090253,0.07695315493738822
CC_DAEDBA26BA12,0.31049006995324413
CC_DB1EB08EB40E,0.13913523475671935
CC_DB2314ED6960,0.07272188545378741
CC_DB25E05EC5CD,0.4339452276959227
CC_DB3BE0C87882,0.053754939102978766
CC_DB44628BC147,0.18928508163552654
CC_DB562E602BA8,0.1129425072956867
CC_DB61D7F5F8F2,0.6945886473314796
CC_DB6498598C32,0.17724164872505074
CC_DB6B59FB6E30,0.04223093393775004
CC_DB801B947698,0.27420924390515167
CC_DBB8C467FF1D,0.12212087417598066
CC_DBCD21C2C322,0.07638716200670007
CC_DBDB148E45DD,0.0983947739284505
CC_DBDF9BFA7E87,0.08610783424960611
CC_DBF5CD2D854F,0.22142030091355175
CC_DC0077DE6E39,0.18464287799646079
CC_DC23159A1F99,0.06138620127840961
CC_DC2458827FD8,0.2386895022983616
CC_DC2BE35D58AC,0.24637383290236345
CC_DC49C8D3F7EC,0.5385551429805281
CC_DC5DE66826E9,0.10836493734081393
CC_DC6063FC6464,0.07199457891639155
CC_DC771AE1B4BA,0.6577645536766135
CC_DC7DEBC30E17,0.4187415650607342
CC_DC978F3A711F,0.6514202643155789
CC_DCA2140C7BC4,0.19157159252975461
CC_DCA5CE7C9DC3,0.15263647500264207
CC_DCB5798049B2,0.1447755302778423
CC_DCD10C95C942,0.5397960235052647
CC_DCD145E8E729,0.2932191152167768
CC_DCE0BFC03B86,0.040845847440875216
CC_DCE75AE2FB52,0.06144096511627484
CC_DCFCEEF21BA7,0.3594919324048209
CC_DD12A8C462FA,0.05614284073071149
CC_DD14867350AC,0.19586632188426
CC_DD232BC8881D,0.19706031437297872
CC_DD2473D34D68,0.21978840100686578
CC_DD2B5C4CD318,0.0552911126964887
CC_DD4EC06C3A92,0.265726694639934
CC_DD5299DA8C1C,0.08518487629386993
CC_DD59BFF18ABC,0.164494252662063
CC_DD6777E1B05C,0.05087086387267776
CC_DD6EE1501B89,0.09033550218083589
CC_DD78B52AE022,0.1308519024540668
CC_DD7983A07B43,0.6225054476964513
CC_DD80B5CC495F,0.09921875904562372
CC_DD8956B71825,0.6451637699760759
CC_DD8D40E7E2A9,0.09022582135669127
CC_DD9972D0B63E,0.11873394658061563
CC_DDAE70634ED3,0.09724607807124086
CC_DDB4A9FF2B03,0.09924669193853483
CC_DDB68302DA2A,0.1741340887710962
CC_DDB9DEC9C037,0.0888961531074231
CC_DDC610D2B2F0,0.05500503369688721
CC_DDCAEC6BD9F0,0.17961268898943594
CC_DDDF665EBD93,0.2897273765117203
CC_DDE66EBF2157,0.07162224794610797
CC_DDE8B7E9C7F4,0.3104264736442317
CC_DE019FC36D28,0.36088164933059097
CC_DE07076B04D5,0.14991881369706545
CC_DE07AECD2361,0.032393107707525765
CC_DE08A4514010,0.5708528307001424
CC_DE093FAC5293,0.4553500443774267
CC_DE17BC1C2324,0.07682627174122722
CC_DE1B13B3E504,0.03384468572600477
CC_DE4264861B73,0.09330104556327204
CC_DE4810B88C51,0.2795480846132468
CC_DE4EE8A16896,0.14562282765870546
CC_DE523A2403BB,0.09777083455617011
CC_DE52860CFBBE,0.22715302144756286
CC_DE593193FB9C,0.18362028611666847
CC_DE5A9B499ED4,0.09033125135493272
CC_DE6AFFA63ABD,0.07441927616234792
CC_DE7CEC14CCD5,0.719907082185131
CC_DE7D7B5BBB14,0.6515985614382612
CC_DE81AAB7BF48,0.06804243968736882
CC_DE8956D433E2,0.6374352340223757
CC_DE8FB8D1CB71,0.3630356635777342
CC_DE90D07B269D,0.2022857237920052
CC_DE9A62529780,0.15032848435551044
CC_DEA425EA8441,0.12579601990667436
CC_DEBE01582EFF,0.1888721919455902
CC_DEBFD4E79A38,0.058667102714374184
CC_DEC97F13CB8C,0.19094372681307653
CC_DECF1507C86D,0.15678833472152076
CC_DED24C8D047A,0.10390064211511296
CC_DEF4AEBD31C8,0.19554723877103303
CC_DF062F698349,0.1037672018019167
CC_DF13D5CB626A,0.1081739020119466
CC_DF15C526CDC5,0.04472091483624887
CC_DF1F6C68F7D2,0.1519368341251293
CC_DF3EB88F509B,0.08521472304567386
CC_DF4E332C886F,0.023612806655945433
CC_DF514171DC30,0.1575664629408349
CC_DF536CEAE5C0,0.04998911752985076
CC_DF5806CC2CFF,0.1271549604236441
CC_DF715690EF20,0.2061406217663673
CC_DF718A37AF15,0.09604362872264419
CC_DF7276DD74AA,0.115273246877867
CC_DF750B2D6872,0.28046478952817844
CC_DF9FB6670627,0.06288413891528827
CC_DFA65A0125D9,0.043337420462153164
CC_DFAE355359B8,0.18004976350293977
CC_DFEA562F7BCF,0.3157879697977696
CC_DFEDAF0F0D6E,0.037281427278971165
CC_DFF6F74C64B5,0.6577114580246838
CC_DFF87DF16763,0.11095681349327738
CC_E00D8ECE9FA9,0.13878231597564133
CC_E027E36615C0,0.5045858342152694
CC_E02E23CE49A8,0.08644303419323607
CC_E030B3AEBF19,0.13820985240622372
CC_E031A4C862C1,0.17494653594242926
CC_E0339B331F4F,0.10519826733967313
CC_E038981B2FEE,0.13055345047347972
CC_E0463868968B,0.15192035133120224
CC_E05A8621B581,0.31345046996849957
CC_E07FB0312232,0.1462848495019496
CC_E088594E0624,0.24801265421224405
CC_E09AC3B1E534,0.09752062818469466
CC_E0AC29AFCF97,0.17293380522259
CC_E0BAC6E0D0DA,0.08317277085059437
CC_E0DDDA07F0A1,0.1755747487507734
CC_E0DF45AB72B6,0.21141611929040477
CC_E0E1F8E7379E,0.1184649572570399
CC_E0EF095444A5,0.16677902704153422
CC_E102E4F7F8B4,0.21929243908068086
CC_E109B4CA6A8D,0.13577824153208795
CC_E11470A2D92C,0.4039382756814429
CC_E117B8A6ADC6,0.027605224125791736
CC_E128015073F3,0.06738614495175882
CC_E131D5EB9237,0.19661915989547948
CC_E14A24095E9F,0.09536982956474088
CC_E14CADF89123,0.5306867352238522
CC_E16876025011,0.05314815670128593
CC_E16C71C15D04,0.6755786976275986
CC_E16F1BB83653,0.05596645261265555
CC_E17448FB08EF,0.5422802909856372
CC_E17AAACEB07D,0.08340787863191773
CC_E1875522DC57,0.18992990355251416
CC_E18A0734641A,0.1052957259583313
CC_E18A22453843,0.06583815696958835
CC_E1B4E3360C0F,0.18269196980371333
CC_E1B5AE645169,0.05616381257591887
CC_E1B71F6B7DD2,0.3262862125516909
CC_E1D073F693A2,0.3072497498988847
CC_E1EA83C31C66,0.1018884946884186
CC_E1ECAE226485,0.2577920395677363
CC_E1F0C5076481,0.06960704285842298
CC_E1F78CE289D8,0.03735936913646318
CC_E1FBCECE0A54,0.24092083886189025
CC_E1FD46CA26D5,0.09680847853044575
CC_E20E7C7164A6,0.7040344390656688
CC_E211E2698C14,0.03200178769608086
CC_E21B4F587C45,0.14270088988691315
CC_E22A278A1386,0.05874043645992824
CC_E24078C03B7C,0.15381700824322356
CC_E2452737F950,0.1490336546510715
CC_E246119AA09C,0.5801419007662683
CC_E246942C7310,0.07867441789569946
CC_E2474A334F3D,0.09028093605674131
CC_E2489637D0E8,0.12252848701312224
CC_E2521AF9C2A2,0.07137840698854159
CC_E253F4AC4762,0.5766343319256007
CC_E257805D0F0A,0.18753102342473546
CC_E25A924EDB70,0.09654624085691947
CC_E25B5D5502AD,0.10471147764392479
CC_E2619E24BEDD,0.6786351624060366
CC_E274DAF3C064,0.07559826522655089
CC_E2787CBDFBF1,0.14362883711088956
CC_E28AE2E68BB7,0.6589677885770632
CC_E2C3E272D059,0.22840781520553655
CC_E2D653061523,0.4366323870788453
CC_E2ECDC7D23EE,0.13638454930528238
CC_E2F0E725C3AB,0.06492476436170205
CC_E2F7712CD056,0.19006829026364286
CC_E2FD7FCF0AD5,0.7969096777284082
CC_E308C7DFB2F2,0.13085832968219846
CC_E30B791D5F11,0.21441648117556242
CC_E315F7A94400,0.34578264820854393
CC_E31DAB1E73F5,0.049519945736614834
CC_E32034C97E83,0.22648184463926452
CC_E32DBED5EAC1,0.2544850022320885
CC_E32DDDDEE3CB,0.22412560358014183
CC_E343EC3EB052,0.6703520883485101
CC_E34A04E78D60,0.12682805161697414
CC_E3503B565AD0,0.26934387373427776
CC_E356B05ADD56,0.20490887664743374
CC_E35D02BE6780,0.018361771250056922
CC_E369AAECB2B1,0.4965628566765618
CC_E36ACDB4F96F,0.42947097526289324
CC_E36C7F0E1657,0.8182872823337313
CC_E381FD4674D5,0.032984080523571394
CC_E38E3835121E,0.04404044823728061
CC_E3A70438A0C1,0.2737910162993034
CC_E3B5C76189F3,0.24390774768176626
CC_E3B7B7E57889,0.18970174801145623
CC_E3CCC0D886D9,0.21444786905620028
CC_E3DD8AD10171,0.3391580557041636
CC_E3E230CF20A1,0.20860502419600802
CC_E3E4B2543CCB,0.07578692794821362
CC_E3E5DF01E014,0.17666361805011144
CC_E3EB157288A2,0.0828981323454627
CC_E3FBDA203EDF,0.16757312471618546
CC_E404FCA6CB2B,0.6822759302639716
CC_E4054F9C8442,0.2815316442221774
CC_E405D808772F,0.040179858199683886
CC_E4137B250609,0.42720701066701905
CC_E41482A7E968,0.05593015912780179
CC_E421FA1874F4,0.11235131045581781
CC_E42C38BBBD04,0.1697887332849139
CC_E42D90BFB285,0.04138565508117416
CC_E42EFC05C891,0.0865764656878954
CC_E430F3C75969,0.10239836132784155
CC_E4576D6B6478,0.11319587697963696
CC_E46B27A13728,0.40432372082285106
CC_E4783FB590D4,0.17452563226255038
CC_E489009C6500,0.14909897621673887
CC_E493CB46177D,0.08997254986117598
CC_E496AFA9B40A,0.3439468555737187
CC_E4A2FFE0EE1F,0.1181618600114413
CC_E4C553538385,0.3249513760958458
CC_E4C7B5501ED1,0.1251473991594485
CC_E4C8A5A60F51,0.1809874063952397
CC_E4C94AB69214,0.375480267910412
CC_E4D75244E8B8,0.19180354789089515
CC_E4D9A8EEDBAE,0.21088294217108983
CC_E4DF787730AA,0.1404343638020252
CC_E4E0DC070132,0.1680810562139236
CC_E4E3C08B7F86,0.05081393028524278
CC_E4FEEB4389C9,0.3206801132347704
CC_E50598344DD9,0.4100881199104793
CC_E50C634A9A18,0.02804387476723098
CC_E5107337FDD7,0.04031763732684437
CC_E511BFCFEC9E,0.6904013419285356
CC_E51318749E09,0.12283116059246432
CC_E53FE6708AD9,0.6886003378180722
CC_E54290FEA34D,0.10577293374799392
CC_E54B723C018B,0.03687440328066805
CC_E554618F383B,0.109726473518869
CC_E557336955A2,0.1277102195495013
CC_E55B48E73651,0.21233561681321936
CC_E55D8DC645B9,0.057061300716435226
CC_E575DA02C575,0.25624819619410605
CC_E576BD98A727,0.21603316114067403
CC_E578DC77656B,0.12953597441948914
CC_E57F3EAFD9A3,0.14381905946614562
CC_E59A01603B7D,0.30606202405980243
CC_E59B2D974CB3,0.18208388282380455
CC_E5A1C44F0F07,0.5926897588428364
CC_E5A8BDF6BFC1,0.16953330465440958
CC_E5B284DA0E5D,0.08461338839889689
CC_E5B8363BB378,0.6101421768554047
CC_E5D8BFFA5F88,0.062103579636147765
CC_E5DA04902EFD,0.3286832954842581
CC_E5F53CFC20EC,0.08978026108768798
CC_E5FAECE63C59,0.5345823057574458
CC_E5FB6E872C58,0.07820545425242438
CC_E6045565E7ED,0.09261269444218392
CC_E60845ADC7F1,0.037491217384036366
CC_E61567D6B392,0.11952518000666293
CC_E62174AFA94C,0.1332161487288067
CC_E6247DD14641,0.09440977836548785
CC_E6289A61F0ED,0.0760957192396151
CC_E62E32FB6FBB,0.027221997455553554
CC_E62F6BE942DC,0.2560971315175626
CC_E63E49B128AE,0.08173692062738355
CC_E63F89885A3E,0.7697831496264406
CC_E6466E6A92CB,0.22460174758894885
CC_E64BC95F8B2A,0.8355184254702394
CC_E64C652BBAB2,0.08703304787864202
CC_E659DB355476,0.1730911639459714
CC_E65C8BA5A7CE,0.06433349972468719
CC_E65F39446752,0.3645053144219419
CC_E67395791589,0.18812080583063936
CC_E67622A69EEF,0.08498949448096371
CC_E680830CAEF3,0.055371030260857726
CC_E6823643AC4C,0.6636926279474373
CC_E683F33931BB,0.11995683051299677
CC_E68841DEB163,0.06952264523460291
CC_E68B2C33D180,0.159266351776433
CC_E68EE6EC2618,0.04019360958279583
CC_E69508D3D3F1,0.24562760783540083
CC_E698F1348426,0.20802988629831137
CC_E6A178F3709D,0.12549901823428114
CC_E6A4B6E8619C,0.6647232666527263
CC_E6B3887C66BB,0.2949461070590006
CC_E6B6BBBDBEDB,0.3246027907763467
CC_E6DBD0F9DC3B,0.06706027069129603
CC_E6F090F70DDD,0.35886255072703277
CC_E6F2D8CB45C6,0.11370660678294903
CC_E6F8FBEDA2A7,0.06881267428856525
CC_E70854CDFE9C,0.05347114991080067
CC_E71C05F07F85,0.06042801172789839
CC_E72797CABC60,0.07939506445375184
CC_E727C1153226,0.08979921593841386
CC_E73489D828C7,0.11825797932089269
CC_E7355465CE6A,0.07231730355042397
CC_E73CDBC743FF,0.2138444626548903
CC_E74F00E75A4F,0.0580262958015528
CC_E751F7E19192,0.16108785555981492
CC_E7522AD6431A,0.5494861978644447
CC_E7523630D2D9,0.2690710980388002
CC_E767372DD95A,0.5873433091690206
CC_E76C5DFD3BA6,0.19283451974867483
CC_E77326438575,0.21771342517753356
CC_E77E29E11EB1,0.16298166138440323
CC_E78F20B3223F,0.688164778462834
CC_E79A23E64518,0.10502202917773501
CC_E7AC69AEA182,0.7511758053175923
CC_E7B754CA9668,0.045986947756114775
CC_E7BA60365AE8,0.16695546259322325
CC_E7C95D4A741C,0.06680859668581632
CC_E7D3D728EC5B,0.18561361432539514
CC_E7E4D5F851D3,0.07088604134767171
CC_E7EA49D37B64,0.35374472375600385
CC_E7EF11A24F73,0.7786474367085117
CC_E7F6F9A7EC65,0.0755598175368041
CC_E7FBC7F69DBB,0.2178299741300955
CC_E80B1A55A74D,0.1891697027237511
CC_E824AB0AFDBB,0.20315991617756052
CC_E826DAC92D9D,0.26087964659001606
CC_E83AB7100D06,0.13689876067507273
CC_E83E6D31EC76,0.24132039803521665
CC_E86650461FBE,0.17187710826685618
CC_E868A3754B11,0.8263372168246206
CC_E86A993F7D05,0.08823665147368581
CC_E87992FBEE80,0.6317446821202782
CC_E87B909C4DDD,0.21022142171275596
CC_E8828BA7EE08,0.12315074014807573
CC_E886157F6FBD,0.3381876412767097
CC_E88711C5C98E,0.12393120462624438
CC_E887680BB6CC,0.19103131937153878
CC_E8909BF77D8D,0.10954439950032127
CC_E8A82DA3A246,0.1709846891038384
CC_E8AC7545DBD3,0.08340898891296947
CC_E8BA6B224C3E,0.11367150415104586
CC_E8C6CA45BF72,0.17688416545778246
CC_E8D2E3126A8F,0.6699007283139056
CC_E8E55DAC4FF9,0.04642034907780844
CC_E8EB77AF3F78,0.8333366927377823
CC_E8F2C6905503,0.36500452020777846
CC_E90831F897A9,0.18657375096447507
CC_E90B14D51185,0.55232174800921
CC_E9188329C9E7,0.08220058074682221
CC_E91E1C0C0C61,0.6125570558413551
CC_E91E9D34C5F3,0.11857823162566819
CC_E91F555DBA96,0.13793664809542994
CC_E932CFF4B4A4,0.25014932329819745
CC_E93643CB34CA,0.1670383261846775
CC_E937CA493910,0.14189725716235668
CC_E9409A50B4BF,0.533624990847207
CC_E96711AD5512,0.05576041796890493
CC_E96A3E6912B4,0.4983303506806851
CC_E98AEE74B9BC,0.19653070925408644
CC_E992FB78BC2D,0.25928066617147505
CC_E9A3AECEE3A9,0.07170988252327952
CC_E9BDA7766728,0.2989976193794778
CC_E9BF1AFE86C3,0.21231379433245498
CC_E9CA055AD1A3,0.0985286143922382
CC_E9CA0A56E917,0.22524644239762284
CC_E9D3453F53AC,0.6352253486453906
CC_E9D46EFFA839,0.19746279960149535
CC_E9ED872B6037,0.035662581437002974
CC_E9F40C1B559E,0.10820385217546138
CC_EA06928C0AA9,0.25696455663761253
CC_EA0A46F64C80,0.08897294497677258
CC_EA114B15FC04,0.5222076056202165
CC_EA1F3F67BA2E,0.08871795972773816
CC_EA21618614D1,0.658122235355551
CC_EA26B5A89181,0.2003964280647037
CC_EA26C6C27662,0.1818636282367082
CC_EA3B5AC76649,0.19681203257400487
CC_EA4E669C8528,0.08402232382890873
CC_EA6917E7A5C2,0.6806064863403949
CC_EA8A25862433,0.13853179898137727
CC_EA901D7CA670,0.16277461104588542
CC_EAA2BCE323EE,0.7267118650242093
CC_EAA6D5189190,0.10165700552900594
CC_EAAA8DD7FAAF,0.15605379572653555
CC_EAB7408CCE0E,0.30013970890769226
CC_EABEDB3C4827,0.1347763237732041
CC_EAC6D83D1BFC,0.03052086752665334
CC_EAD7F3E9DAD1,0.06576307432389461
CC_EADC7D8196C2,0.31920720845330414
CC_EAE608E24E29,0.03762208524487204
CC_EB05AD2C7C27,0.02882695717002607
CC_EB1DA337E2D1,0.14074695775291085
CC_EB1F425EC937,0.12071986775589272
CC_EB2FE764BF6D,0.12208289797557331
CC_EB55483587DE,0.10701340954784078
CC_EB569B3E2E12,0.6252880382723922
CC_EB57E6E6C96C,0.21611298733614875
CC_EB5A0FE0605C,0.16372363254206262
CC_EB64EC97D01D,0.11974998388797478
CC_EB691249B91A,0.1913047408920972
CC_EB7C50A7D4C1,0.4981314981162057
CC_EB7C52FDBEC3,0.13581209883207965
CC_EB86FED24535,0.27932528810331325
CC_EB89DECC2021,0.09928042060116365
CC_EB999F9D6095,0.1908425143852326
CC_EBA2F85924CE,0.06660547934269762
CC_EBAC5A53FD11,0.09821670961076923
CC_EBB109EF7619,0.18076403483244946
CC_EBBD00C18763,0.03846820652344031
CC_EBCA68C7854D,0.07360243577683823
CC_EBCBDE122879,0.15391514840173734
CC_EBDF6C88BBA5,0.06519435796061995
CC_EBEDAC91ED43,0.1045496203719955
CC_EBEEC4183FDE,0.04705328742560286
CC_EBFD9D007253,0.4663887229973175
CC_EC1ABC58E09A,0.16548883350214114
CC_EC26EABA68DC,0.7966907393792018
CC_EC2A485A3E71,0.18353480671354772
CC_EC3B9E2FE47B,0.09593028954612612
CC_EC505F03EE5F,0.029162488838897598
CC_EC5317EC6706,0.19183821659169545
CC_EC5B7FBD1EA7,0.13933615750247993
CC_EC5C7471FFC5,0.050747710631796256
CC_EC5D92B3617B,0.20147610255740764
CC_EC5E214BFED0,0.6527856370901169
CC_EC6406527201,0.1072395932929254
CC_EC79022358C6,0.33471565815120763
CC_EC831A90189F,0.10184337477380004
CC_EC87C131FADC,0.054482581651611114
CC_EC88785D6F39,0.2034140542320924
CC_EC9173F5284E,0.0314494268643519
CC_ECB7B3B6272E,0.05766077171270281
CC_ECBF4CED56D1,0.1203957326740297
CC_ECBF80B94EAE,0.7774424606099211
CC_ECC78B7AE3F1,0.6031711192295688
CC_ECC7E9E691F5,0.1701087392461605
CC_ECC9235F612E,0.25211873686710573
CC_ECCB0BD557DC,0.16855658167353704
CC_ECCCB1B4EA8F,0.09325321572794705
CC_ECDDF4983DD9,0.04730217576054066
CC_ECEE93C4F564,0.5984692248511312
CC_ED07BD8B2CB3,0.05498676953953813
CC_ED0F4A02A01C,0.24719992349239142
CC_ED11D72A1D3B,0.06932579645519064
CC_ED165FC5A06F,0.052175149544859134
CC_ED2B6A40ABC7,0.27896779853197284
CC_ED390F22A931,0.0970651060559672
CC_ED40E7CE5177,0.19718598455665998
CC_ED4E4B13DB1A,0.041868858240223586
CC_ED4F22572419,0.15968047985369083
CC_ED5AE5CB1DC5,0.06091222035801899
CC_ED6090A4E6E4,0.24441235772135814
CC_ED645D91E6A5,0.11012234867788478
CC_ED6B045B6075,0.18277730726985777
CC_ED9313C71C57,0.15797663474415502
CC_ED9BCE7C776F,0.7405194403852998
CC_ED9D4644716C,0.16858358416289487
CC_EDA794402358,0.24372830388191885
CC_EDAADACD4DED,0.12778288750280548
CC_EDBAD2E989FB,0.13598838659145507
CC_EDC98B474E76,0.2707015404953791
CC_EDD1FD49A66A,0.7624113107782257
CC_EDD448008C0C,0.6866497122759005
CC_EDDA3B790095,0.064216726981291
CC_EDF95BF0E3D6,0.1663162100381929
CC_EE03D7C2BC69,0.0741545683710721
CC_EE0D95184E81,0.04226069743616816
CC_EE0FF690C214,0.42661222687318745
CC_EE2412C352D5,0.08715160155151655
CC_EE2A010019CF,0.057262404119558644
CC_EE2AC730827E,0.05854573986181371
CC_EE3236E6A9FD,0.10822694999418911
CC_EE3759EA49FF,0.17265773820507824
CC_EE38C78AD88B,0.41293241091396626
CC_EE3CE0FD6B77,0.5847147269526721
CC_EE6B7E58FC63,0.04030958106272964
CC_EE6E02464067,0.3105074543266272
CC_EE6E1FA7A753,0.13141995840769513
CC_EE6FCE6C233A,0.20704283522110728
CC_EE88C07B9333,0.09058318674586584
CC_EE9004165810,0.07358174649565043
CC_EE9BD17AD343,0.051383917782314575
CC_EEA608D5A455,0.1529030158972706
CC_EEAFDB1BB486,0.5345884749609774
CC_EEB482736C41,0.21722464690587598
CC_EEBD9DA093E1,0.044041239497465814
CC_EEF23DDD2262,0.12254590549420746
CC_EEFBDC9AD94A,0.07707476376437257
CC_EF05000895F4,0.4963914783733938
CC_EF16B2CE0988,0.3729446653177214
CC_EF1DD3F0CBDF,0.057024300932202274
CC_EF2D82085BB9,0.09815784270569175
CC_EF2DBE79D656,0.2494534448175092
CC_EF3000C48A4C,0.0761297013369565
CC_EF359AF608EA,0.031703709554090624
CC_EF362432D758,0.35373853023914925
CC_EF548B30F1B6,0.21680026204448952
CC_EF5B403DFD7E,0.10095259451597607
CC_EF66DA0DDF9C,0.26775248071484953
CC_EF70BA4AEEC4,0.16140207717760352
CC_EF83DD56FCC5,0.0751528773385785
CC_EF8B642A6F8D,0.07009545084796245
CC_EFA1EB27DA19,0.038083176106383496
CC_EFAE84EA9BDE,0.0718846760208796
CC_EFB26BEA106E,0.3406734319595315
CC_EFBB51CD8502,0.25718874319138113
CC_EFC18E9B3B55,0.12012963464293235
CC_EFC4B0020E2D,0.13278604114147563
CC_EFC9FA5108D9,0.14270077204463325
CC_EFE45D9B9D9C,0.05223903377014674
CC_EFF27FA98DF1,0.07036971814214499
CC_F000DA497736,0.24946914471637624
CC_F00107DE219E,0.6761669704349315
CC_F009FC54A64B,0.7624249105926337
CC_F01DF28C6BFF,0.0901783016464574
CC_F037C91F63BF,0.1228232171688791
CC_F03FADA95A03,0.7337656311142485
CC_F05235F3C894,0.10334055199628997
CC_F0649FEBFEB8,0.4824455057459436
CC_F066C78B5C0D,0.1374669178058301
CC_F07313626618,0.6145489180434643
CC_F0783F6A56F5,0.7677049700859107
CC_F0791523691A,0.15046440229993538
CC_F080750455CE,0.06275549120696186
CC_F0809EBB0B51,0.02444303735475546
CC_F08259F86E23,0.17368151817043492
CC_F0929F859702,0.18402893495775885
CC_F0A7203CCA39,0.1714793162826922
CC_F0CD4DD9C63C,0.13791942782110034
CC_F0D29AD328E5,0.15375705827873498
CC_F0D339E5B80C,0.05352987775070611
CC_F0D3BC14FA77,0.0782103975574598
CC_F0E16D28D49D,0.17323663802013506
CC_F0EBE2C00A7B,0.051820984699810446
CC_F0F137758DC2,0.057221827374296194
CC_F0F6BD40CA43,0.30475623903625493
CC_F0F6FCF6010F,0.17138995909649807
CC_F0FBC9D4ECA1,0.029670503720667762
CC_F0FEE924096C,0.2719231800861929
CC_F1074E035DE6,0.048302977100963276
CC_F108D26930FF,0.392568853577917
CC_F10DB853B9DF,0.41804102891362066
CC_F10E06D52D76,0.13675021906734172
CC_F11F5F477B91,0.6185479644469969
CC_F14913B5BE1B,0.7486474477823654
CC_F156C1647E3D,0.0770772468491785
CC_F1598097E314,0.6893682961206438
CC_F1641E3AAB3C,0.05218302630876735
CC_F166878FB959,0.0540168326214379
CC_F17540FE7C9F,0.12552592853754282
CC_F175BB08B29E,0.04923502159668979
CC_F1782AF286D0,0.37143288452926715
CC_F1796AD4B774,0.5647931700991224
CC_F17B3A3A5E56,0.6301654849633662
CC_F1858D6F0080,0.15244326052911067
CC_F18689FA8E29,0.0716253802405579
CC_F18A82B0F153,0.1395400953756913
CC_F1AE7142A128,0.11157119472616217
CC_F1B43DD57C9C,0.1178999980806003
CC_F1BCB7676492,0.07877544880716
CC_F1C8B8BB90AE,0.12978246437750696
CC_F1E044CD2D75,0.2580310050971345
CC_F1FCB96B5E14,0.2615773393432976
CC_F2067E92A939,0.15141775566422433
CC_F21512554CC9,0.0710264508172751
CC_F243956B7575,0.0850519286617285
CC_F24FBC9FD3F7,0.3229768688459387
CC_F252EB3F208B,0.10243906209593032
CC_F25D793346CA,0.401888991741123
CC_F25EB1ED5AD9,0.053828904496648594
CC_F265A0AE845F,0.717410261860138
CC_F274BB4AEBE0,0.05610987892755542
CC_F28BF2185131,0.10375177973889091
CC_F29077E45AF0,0.2196811905330075
CC_F2988560CAB8,0.368825687523447
CC_F2993AB36C56,0.07996738682588087
CC_F29D6C65779E,0.06375321400376442
CC_F2D2BADD0000,0.0637820209476635
CC_F2E4AEB73D57,0.10725557876266581
CC_F2E630BAF431,0.04894605547425284
CC_F2EFCB40AE74,0.16773256405529557
CC_F2F085891915,0.71393897016396
CC_F3030E2C80A0,0.2119626178362775
CC_F3044C7C16BB,0.059074298150392
CC_F30B21CB4603,0.10183628231872277
CC_F3140FCE870A,0.08260061373713537
CC_F32A84B321FC,0.19976463785264792
CC_F339FF584607,0.31173042503320686
CC_F33CEE0F6DBE,0.4226120191649355
CC_F33DAF3E9CF0,0.11482959230652243
CC_F34EC3FF202F,0.07753354638068699
CC_F35A6C383B39,0.17529326684552418
CC_F360E0FF27CA,0.06653172156449202
CC_F36B7AEC0086,0.10917181602641915
CC_F370665BECB8,0.559139469820263
CC_F373A60E53E8,0.02925878973137578
CC_F373BDAE18B2,0.07604015435912226
CC_F3745BC63340,0.0710448759013175
CC_F37DC9169301,0.1473519215320941
CC_F394E57C5243,0.22914540685094895
CC_F39E98FD418D,0.07930793086263921
CC_F39F51452381,0.036583171851221195
CC_F3A52465664E,0.05431346398319325
CC_F3A8CF761A0F,0.22418567935315195
CC_F3BF1709E29A,0.45016879007616895
CC_F3BF72C29211,0.08395674244910477
CC_F3CF35465CF1,0.04094754236717481
CC_F3E2186DBD4F,0.2815883125091123
CC_F3F0F9B9B56E,0.15877957938912424
CC_F3F185395BE1,0.15534618959409044
CC_F3F68E6599E7,0.07175751131266797
CC_F3F7763C9DFE,0.1878475224984743
CC_F3FFF13592CE,0.06403865488047103
CC_F410C3CE89E1,0.17829204986597136
CC_F410C8B811FE,0.06711933884240193
CC_F4132072D78E,0.11998161258692622
CC_F4157B8E5B32,0.5417541315286335
CC_F41CF067E828,0.11764288862264671
CC_F41DC456E539,0.03272219016223307
CC_F41EEF55A0EC,0.0435198183603307
CC_F426B5C1F07D,0.3428723168043777
CC_F437875F9000,0.20761362087594004
CC_F43C961F8A30,0.13878638760021506
CC_F43D9BF23472,0.05322270421587709
CC_F444BE033109,0.14442432803694996
CC_F4481124F17A,0.15286694628996123
CC_F44EAAF80F70,0.14505138014364188
CC_F4521F6D3492,0.5358413183534474
CC_F46BD9AB1B68,0.14442564751101633
CC_F4763AA0B824,0.5245957780632515
CC_F47976F33E20,0.2108661337821772
CC_F47E588D4470,0.18226268325331074
CC_F4A2777912C2,0.12609362518550427
CC_F4A6C2B23685,0.052368759863886234
CC_F4B3EAEEEA8B,0.0384657819225767
CC_F4C6CD1E720C,0.0782070209971168
CC_F4D05DA98C83,0.051351727956350124
CC_F4D15889CDE0,0.14168198205156768
CC_F4DEC1E6173D,0.03230308289128103
CC_F4EFAD6AF8BD,0.2982156620280555
CC_F4F7835A1FA2,0.22964100807843396
CC_F500597795FB,0.14633745010513613
CC_F5197FA9580F,0.6748752647169792
CC_F5240F59146F,0.07434451079009514
CC_F534A0B87C3B,0.1528027875501946
CC_F536972BFE98,0.12816815610407273
CC_F54FDFE5A5C8,0.09221356731131641
CC_F55727F65F86,0.20742037232421068
CC_F558EBDCDD6D,0.1257030858092848
CC_F56D569AC51F,0.09691712322968571
CC_F5714D180EE1,0.12151312267315079
CC_F576ED9554AD,0.3460440425863453
CC_F57C2559358E,0.2112369558143069
CC_F5AA72FC0972,0.09301813944991691
CC_F5AE7DEA2B48,0.07323527241384468
CC_F5C6A5E9D495,0.15573948470682095
CC_F5E0731F2181,0.24894140230865325
CC_F5F4F3B03FE8,0.7169202462920835
CC_F604D7B9CBD9,0.18187415242097218
CC_F60F13391D61,0.16662676912078428
CC_F618D72DF162,0.07255127055354044
CC_F620B15ACC5D,0.074543279838794
CC_F62D426D6614,0.13917289948431585
CC_F634999D5C1D,0.024100921067524643
CC_F636E5BAEE47,0.174419628797579
CC_F6461B692240,0.7211438175291294
CC_F65BAD63AED0,0.17723728407569186
CC_F65DD2AC57E8,0.27763142547381264
CC_F66C6577674C,0.05290636148714245
CC_F670896FE959,0.17653604268694073
CC_F67376F272EA,0.6894207350820645
CC_F67FFE9E884E,0.2908707915308331
CC_F683C99F06C1,0.1671875208556305
CC_F68523E2CE7A,0.755944132687969
CC_F68E62F9AA0F,0.024082479488976266
CC_F69604E05962,0.08279004216516894
CC_F6B8913740B3,0.100688283199346
CC_F6BB4952DD35,0.3225364283736921
CC_F6C0B7AC57B5,0.6046505605622268
CC_F6D2B06E6E8B,0.5893255899232785
CC_F6EB30A84C9F,0.27593963060353965
CC_F70345A4792A,0.12137921305533006
CC_F7068C1F77B3,0.3435426909821626
CC_F70B0EA8C0E7,0.05609417173939366
CC_F71CC97FCE83,0.1049735841082523
CC_F722224A84F4,0.6409586223697984
CC_F72D1046063A,0.22915661173451918
CC_F72DAB32A281,0.048776331758803596
CC_F733AA5C0ED9,0.06419303296331605
CC_F74043C1BBEB,0.06232381410957931
CC_F74A31E36137,0.06364308062342966
CC_F756B167634F,0.17474730291152402
CC_F75CBE8E1B92,0.485518071326387
CC_F761F7EEAD39,0.14716131968629306
CC_F79303D62FCD,0.07882818680754308
CC_F795134B52E6,0.6339587181573111
CC_F79533E83ECA,0.09252709006918722
CC_F79F9A7ED432,0.7523156267321274
CC_F7B2FC73E020,0.0408649260159718
CC_F7CF24594B20,0.053800007057286645
CC_F7D31937AA89,0.041308450656050766
CC_F7EFD378035D,0.4082863296171372
CC_F8014B1E00D6,0.039347438604931284
CC_F80ADE95A7C8,0.05014302049814329
CC_F82E58E476A9,0.09914327484095499
CC_F82EB123CC19,0.16423227176753
CC_F83088660331,0.12187397747659437
CC_F83C6DF6A815,0.5667205485531289
CC_F8620C4F7581,0.16179495929421203
CC_F869F4DA5077,0.7622034932855362
CC_F86B1C53EAF4,0.17736001188409917
CC_F87B7F26FF51,0.2422780346980768
CC_F8803D1C899B,0.049767251494898045
CC_F892E51AC9DD,0.0396861627508478
CC_F89C185743F0,0.10311851980509443
CC_F8A4D45C3769,0.09763807138425573
CC_F8AD68EA5A16,0.20521654863243352
CC_F8B4DBD0CE8A,0.3546984869617906
CC_F8F3E551F166,0.2704396261074514
CC_F8F9FE2C9B65,0.2533874320981401
CC_F912A50D0DD1,0.17182971478381764
CC_F91B7C2B1AFD,0.12079889712931613
CC_F925251D4BF0,0.37296080499467116
CC_F925ADD60E7B,0.03626027670602135
CC_F9282C144479,0.06263040876192497
CC_F92EE3287CC8,0.08183430253757143
CC_F93332608FE1,0.172638119948423
CC_F94070DE3B81,0.05768808227016664
CC_F94C81428D20,0.20744022632295558
CC_F95DFFDA9B12,0.39275221485026146
CC_F96A53B02447,0.6123070328670616
CC_F96A965CDCB0,0.6507305390249257
CC_F9721FEDBE9E,0.1953317223305143
CC_F97C3E145882,0.25097302889582707
CC_F97C64C64052,0.08274339342982628
CC_F98660A07E6A,0.790624673407393
CC_F98BA4B13724,0.07792245559327984
CC_F9A3F3A76B1A,0.1456466518453815
CC_F9A8E2B3A703,0.12743323654661534
CC_F9B3E7E7F2A9,0.4189776794483707
CC_F9D7D0B1E4A8,0.6812638643908919
CC_F9EDA4EDDD44,0.05386475677938859
CC_F9F2176B12FE,0.0495976454125376
CC_F9F90E76CA5B,0.09193688710083132
CC_FA0157249C01,0.11419524016092314
CC_FA169BCA835F,0.06217304016824876
CC_FA19B61BCABB,0.13043049199073373
CC_FA1DD203C293,0.25230070322838516
CC_FA2E30269BC1,0.18768581665423217
CC_FA304CE8E045,0.19926156346103996
CC_FA310759A257,0.6545506795971634
CC_FA32397E7B8C,0.08821808498258016
CC_FA33D97B84D4,0.10147105597445524
CC_FA38991B9434,0.023328325861651414
CC_FA4079FFF1E5,0.21152035282262704
CC_FA716665CD8F,0.07481874728592866
CC_FA770268B207,0.19117860330427217
CC_FA7A2F59245B,0.4607865076586859
CC_FA8205104EBF,0.12323629311752748
CC_FA8370AF8740,0.052777091639959604
CC_FA858F1025FF,0.12242434603948968
CC_FA86320CF6B0,0.05111176560674689
CC_FA8B341CD3EA,0.21101710456865946
CC_FA9057AAF95B,0.09016665005414676
CC_FA97314C666C,0.0543520678565643
CC_FA974C1D91AD,0.366119382053195
CC_FAA0E5BC9F44,0.6869334560262705
CC_FAA2694D8578,0.2705711362009279
CC_FAAFFC74BC35,0.6762328051587436
CC_FABA6DCF8E45,0.03621929153447364
CC_FABC53294AC1,0.1654164135951026
CC_FAC52B8E66DA,0.11749569477525657
CC_FAD284D8DAC8,0.8250039452564231
CC_FAE70CA5999C,0.13750025950324107
CC_FAF1CCB40132,0.10675433421044879
CC_FAF93D8B3B59,0.06929066167701572
CC_FB09E5481B64,0.08835362586199443
CC_FB150A1F7C3B,0.12673961755260638
CC_FB1808471515,0.3765432978105694
CC_FB296D823CF6,0.07289971612085333
CC_FB301E1FA7FF,0.027312612862943474
CC_FB33C958A19E,0.4284096368257689
CC_FB40D63FC3D3,0.1898095464596759
CC_FB45A1837AD7,0.10372401816380311
CC_FB45B79CED15,0.10827687987487533
CC_FB52260232E3,0.061922165397975806
CC_FB6A0A7B8813,0.25892920019153753
CC_FB6ED10D82D2,0.10375234916003633
CC_FB78DE84AF05,0.035220761420883664
CC_FB8DF8F93E7F,0.1810150402736488
CC_FB8F89048B89,0.08653203881276031
CC_FB9C3E77A49E,0.12382781507937629
CC_FBA40CEAEA18,0.07714112432243318
CC_FBA998938FE5,0.17860423124650987
CC_FBADBAFCD1B3,0.27962731192149026
CC_FBCB85E21ADD,0.16972763313091188
CC_FBCD00EE4402,0.1668231511455972
CC_FBD40DFBA5D5,0.31708509867513696
CC_FBDECF3DACAE,0.23454424416147132
CC_FBE4E2F652EB,0.2133388827369298
CC_FBEA9510C687,0.2528139229772003
CC_FBED1E2E1CC0,0.1556087001062112
CC_FBF54E48EB13,0.061868055320825295
CC_FC1E279EF320,0.053651829968261684
CC_FC2E1D460089,0.10258932946011778
CC_FC31CBD20CDF,0.1749401370808039
CC_FC41D8134A1C,0.06934230564569913
CC_FC44D7EF257E,0.048817159124550716
CC_FC4A649BDD07,0.2174570977991765
CC_FC51BCDBB6B2,0.12997565146589718
CC_FC57B6E79AAC,0.20154301285525783
CC_FC6AA879D9CF,0.11041092940423664
CC_FC7A926F3A64,0.6318500918179949
CC_FC83CB9C71CD,0.03063944264548915
CC_FC9E6D511294,0.14427251808644986
CC_FCA657E69930,0.404081871058119
CC_FCB451237214,0.7764358680117551
CC_FCC7E51DF812,0.5573400266333912
CC_FCD42ECC012B,0.043596009433577027
CC_FCE8FAEAAEF1,0.10993960509983373
CC_FCFAE9BE2522,0.43351640630211946
CC_FCFDB5DFE5D4,0.10197632517923305
CC_FD24FC7961A5,0.09043489157383042
CC_FD2793DCB5EF,0.11872467701908297
CC_FD2EEF724088,0.12728530743345395
CC_FD3205367675,0.08240763485148314
CC_FD3A21CDCA7C,0.12099254641436497
CC_FD3C4C2FB68C,0.14624539868572006
CC_FD41687DC1A0,0.16960020734822295
CC_FD44B4E31EFE,0.0982537244688867
CC_FD5721556AB7,0.06304039399002319
CC_FD643C174587,0.34254747976680294
CC_FD6BFA30DD9E,0.2568815018432264
CC_FD7C9DD7F11B,0.14046368031080433
CC_FD7F2D90CF8C,0.05631614539492401
CC_FD8C4F601909,0.047362647848096996
CC_FD90B45AA24E,0.07706848207948916
CC_FD95457772AB,0.05712704800153291
CC_FD9D9B58DB1A,0.21549499272173575
CC_FDA918AEB5D6,0.6258623473786472
CC_FDD4C2065540,0.33119211548035193
CC_FDE57A2C5156,0.17965566182902432
CC_FDE9920975F6,0.2519445714664506
CC_FDEC856F9C6D,0.0604079936032012
CC_FDEED2AA92A3,0.44668360361132764
CC_FDF5607ECC1B,0.043875296484407245
CC_FDFED3D7E70E,0.1771561847180049
CC_FE0324F99784,0.11992755482163005
CC_FE0A18D6570D,0.04280709692318836
CC_FE0DACAC84BC,0.24579457220225573
CC_FE16586C9FAB,0.2751739717080491
CC_FE16FBC86237,0.158454359624181
CC_FE1C808C4515,0.055426980583618515
CC_FE1E64201B9F,0.10962656396007248
CC_FE33D60E29EB,0.027749756343777104
CC_FE3ACE674BEA,0.15883500207043266
CC_FE468E9AA9D9,0.023035408787030816
CC_FE5AA923C220,0.16631597029466266
CC_FE6C777DDC19,0.05302235772370047
CC_FE6DD8C8EC90,0.25530931899987325
CC_FE7A84AAA8F7,0.1207820822069194
CC_FE7DB6B410A4,0.12784135055773024
CC_FE8691B1F3D9,0.0681830956520148
CC_FE874279A94B,0.07766304355139675
CC_FEA61499305D,0.1847091974604087
CC_FEC22B334AC5,0.1601011117345847
CC_FF045F9508F2,0.1865026703126797
CC_FF0EFF711598,0.24850794752073366
CC_FF12F53D5676,0.04382203523637514
CC_FF13D426EC1C,0.1682655682529004
CC_FF16A7C8600F,0.21462204986180916
CC_FF2236DC115C,0.44282759017603235
CC_FF2725428B6F,0.07543198032498566
CC_FF3176D91690,0.1170412438552729
CC_FF393D295D66,0.04438096146930902
CC_FF4598202C5F,0.6448732543319782
CC_FF463A4B3D04,0.33524184539747454
CC_FF4703F7664E,0.04648848518060799
CC_FF86EC3C0851,0.481512312080578
CC_FF8A580DD831,0.16013140712299084
CC_FF8BD8697ADE,0.12987983239136114
CC_FFA681A2054A,0.039275395095835955
CC_FFB6B2D2BB2A,0.36139437288803083
CC_FFBFA27643F8,0.1347142221893931
CC_FFC81CC80F9D,0.1497079833029348
CC_FFCC9C0763D4,0.10631498173319902
CC_FFD4E33DC920,0.579813942768636
CC_FFDE11143038,0.06002739706988602
CC_FFEF28047C4F,0.3743554436821642
