client_id,prob_default
CC_0012A082B7B7,0.1375878525666787
CC_0012BC27DFB6,0.15600705261317613
CC_001563B2143D,0.11835693801442193
CC_001B46930B6F,0.10417579930675677
CC_001D771E1C9F,0.04367323149645355
CC_0028BD91E759,0.08938844343657269
CC_0029971D7EF4,0.23851785033354744
CC_002B8C00B239,0.03362957869018121
CC_0035DFA86185,0.75051454585057
CC_0042D11A6D0F,0.062137452269677484
CC_004D21A4ABB6,0.12578757890292552
CC_004EE05FC2EF,0.4571305267077708
CC_0050E546EDCE,0.7053992567666941
CC_005D7F31F785,0.054716492442871925
CC_0079996ED779,0.2066974701611045
CC_0082B4E1D9CE,0.037610572737458284
CC_00B01C73CEB8,0.17565521301191425
CC_00B74FFEEA53,0.20793907026629813
CC_00BF6791C18C,0.12114262707227218
CC_00C5E30B288C,0.31871169071343664
CC_00C68CE1CC12,0.39444917330693163
CC_00CC4148959F,0.1777179731142725
CC_00D428772D30,0.402747385076777
CC_00D5806C7783,0.10068536357369542
CC_00D5C677C2AE,0.5022402818632496
CC_00DA781C4D66,0.07834649711535684
CC_00E7E2D6B548,0.21694604406308785
CC_012BC0A68DC1,0.09086835568903688
CC_014911033882,0.16730971856922489
CC_014F7EF4E595,0.6648456861093305
CC_016501B25F2B,0.04232791474115713
CC_016767D9B049,0.041417215584942976
CC_017598512EA2,0.11612857034260489
CC_01941532C804,0.21640861965257585
CC_01A66C6E22FF,0.7821336379504006
CC_01A684355200,0.16823987376769856
CC_01AC62740827,0.10861588795995862
CC_01B0EFE5DB79,0.29640507587565446
CC_01B876B2988F,0.21193417557971955
CC_01CBB64C1DB1,0.36402471410558285
CC_01DBD993A1FC,0.05777742536975397
CC_01DC49D55C2D,0.03205864643017853
CC_01EF18A3ADBC,0.5472937164166934
CC_020252D37557,0.17212667620306865
CC_020BCDBCA8CA,0.3313508747490117
CC_021A6DD97ED4,0.17992956680534333
CC_022054506F33,0.0666724591517983
CC_0225D6231EAA,0.06644919710562716
CC_024B524B0176,0.032681124737328565
CC_0256303A6DC0,0.22446954117219586
CC_02589E6E4714,0.055181786324026046
CC_025927626E10,0.7244250128322043
CC_0283023DB294,0.029769882313832624
CC_02903C6FC0C0,0.19349154301393237
CC_0296E572CF21,0.037791173998416416
CC_02999E509460,0.5974737813438321
CC_029E835D91BB,0.07161787931721918
CC_02A32EC3526B,0.062364776295211005
CC_02A393632CD3,0.2958864930105381
CC_02A3E21B28BC,0.7642558470266725
CC_02A4B4644529,0.0795172898277254
CC_02B43865B30E,0.0572118866415773
CC_02B5A1A178A2,0.1660848730010343
CC_02BC4785773C,0.22797208370923958
CC_02BEDD9627DD,0.6929471306551922
CC_02CD2C1EFBB0,0.11420512895375662
CC_02D4430492D3,0.34366370386918627
CC_02F79A06858B,0.10262141708464222
CC_02FA254C9D43,0.0363996857319933
CC_03062402B4EE,0.05169987817470954
CC_03072CF2EC63,0.36040037899763033
CC_0315369B079D,0.096595480476579
CC_03199242A810,0.14779151700219498
CC_03214BA76DB4,0.20626345206024413
CC_032735A44CC6,0.06852863613932678
CC_0330340F2FE5,0.18725770591004887
CC_033236FAAFDB,0.1765427090975857
CC_0337298F948C,0.03737078605481224
CC_0341CAE5E2E8,0.22437985626157114
CC_03434E2371CD,0.3388462784640811
CC_03547AAB948A,0.22467823675248144
CC_0354D0453D8E,0.11419190698837835
CC_03592E51F427,0.7933016298300415
CC_0365DEB525A3,0.09766946451052985
CC_036782052BC9,0.3508974953123856
CC_036977A50F1A,0.14468479370220652
CC_03720D08B8C2,0.2837560743610281
CC_038AE599BCA8,0.3361158101578525
CC_039E67CDFE1E,0.27325633797868654
CC_03AC962FC717,0.17780596499838777
CC_03B00DFA3A85,0.7319478819568468
CC_03BC6380E968,0.49274505609789493
CC_03BC730E0B02,0.02407750124825394
CC_03BD4F22DA3D,0.14958434879956448
CC_03C7E1EF6F69,0.7939269618422832
CC_03C9FA383477,0.0956020398336903
CC_03D1AAE90CA6,0.06449181843407886
CC_03DBB9598F39,0.14876090308867423
CC_03F18B43797C,0.08805660137688737
CC_03F80118E46D,0.06348164396130175
CC_0405E0151A6D,0.19123329204930717
CC_041FEE6C805E,0.34551746953327367
CC_042F88EE269B,0.19513828747211864
CC_043D98ED7F98,0.1682088489700179
CC_044C3537B769,0.1611821108452985
CC_045932C46685,0.12019379789901792
CC_04629624AA8D,0.19098164484582364
CC_04690B4A6AF1,0.24772105703952466
CC_046CF40369FB,0.1260029976129122
CC_046D6EC816AB,0.39476688103779106
CC_0475CD95EDC9,0.11633071437318862
CC_04796F06B82B,0.12914244900723637
CC_04AC7C1CE736,0.2983415607325427
CC_04AEDD051B96,0.3173646857584862
CC_04B42AD0E01A,0.3675117144875615
CC_04BBD1DB360C,0.3240552195087716
CC_04C767FFDA0F,0.4957490156212886
CC_04C7B819B9B9,0.08102862507589409
CC_04D127A775DE,0.08160343555314709
CC_04D9ED00053F,0.06027983182605535
CC_04E0EFC4F548,0.30721623527022063
CC_04E6848903E8,0.03317376164291873
CC_04F69D03ECE1,0.24748395045277982
CC_04FA1CFA1DEB,0.20368007166853613
CC_04FA6842AC62,0.02886460682481755
CC_0502F3791166,0.2776030730510613
CC_050B514E15FD,0.15190411422427422
CC_051ADBD6D835,0.11041805415037295
CC_051B4644216C,0.06385803984329468
CC_051C0A644DD3,0.024562415006707722
CC_051CBF566856,0.0418564593092299
CC_051EEA9AE819,0.1591088498853843
CC_0520E27BE904,0.13852512119460625
CC_05224448D290,0.11374269167804926
CC_0525DE4744C0,0.04565378740772674
CC_052F5CD81EFE,0.18241724019964523
CC_05368FAD2E6D,0.06800162478151321
CC_053788B82006,0.09979358571416437
CC_05471A48C6F5,0.16674611753927437
CC_056DBA1A87BA,0.06509820555937977
CC_05901F3E7A0D,0.17877385256057618
CC_05906BC8ED3F,0.1355056106458155
CC_059D55E32C78,0.08335690455569991
CC_05A12EF84A86,0.5050810044390546
CC_05A42D035609,0.1551676595790233
CC_05AD75A5CE38,0.04473865003306862
CC_05BBD4B92613,0.5320886736678786
CC_05C8EF6500D7,0.7653263492992946
CC_05DDB7B07497,0.06942621842400458
CC_05ECAE6E0774,0.22956591215416583
CC_05F11F14DF9E,0.3292879526557686
CC_05FA9192590F,0.1312605204519964
CC_05FD764FB154,0.7231638372611142
CC_0608DBB4DF03,0.2721882828877849
CC_06198383F6D4,0.10221771151477785
CC_06199EBE2B05,0.1867954007210582
CC_062A8881A331,0.0677884434375113
CC_062F74350907,0.04269153948555382
CC_0635AD30F004,0.7714152519947142
CC_0639F539946C,0.2827596178322509
CC_063DDB42CF5C,0.0686249065218478
CC_06405C00E240,0.2713579496753704
CC_064920FC9DAC,0.07203952913858402
CC_0650AB329174,0.7817876188851208
CC_066941B109B9,0.1872518202596454
CC_066AA16F5874,0.28281146847801103
CC_06732311FB8B,0.16678765077666058
CC_06780061F889,0.12453969002426168
CC_068A81B06B74,0.46052813953910643
CC_06A1C5FE269B,0.3129873590574995
CC_06AA7138DAF8,0.03224436264511068
CC_06C0DD0D066E,0.7385988980689455
CC_06C97CFBD476,0.12553345844250494
CC_06D15F523C05,0.19498394975417407
CC_06D35787AD65,0.037831128000078186
CC_06DA375201A2,0.08460605377048412
CC_06DB455FF19B,0.6714942793687144
CC_06F3674E7313,0.4844056990346364
CC_070232DF9996,0.11425243410938746
CC_07141FA77DBF,0.09338827963209237
CC_0715F11CC8CA,0.2180075602033434
CC_07168A9C843C,0.19172992500723707
CC_072AB9F855DD,0.037953536456307745
CC_07337AF6AC2A,0.12374429982428187
CC_07434E4E5C28,0.061157844860520824
CC_074381358A2C,0.028903342671276103
CC_074E7CA75E8A,0.2741381141012485
CC_075D0C618BAB,0.19414536990285558
CC_075D804F7851,0.08779976377457063
CC_0765961D818F,0.4407039692765082
CC_07698F10563E,0.053026585976223416
CC_0773B9BA9E18,0.3257506368046855
CC_0784ABDA7F8C,0.17830059680578259
CC_0790C9F9EC9C,0.08196239563993774
CC_07A996E6CA6C,0.265399535354946
CC_07B588ED677A,0.15539380354301735
CC_07B730FD7F82,0.1788802731773179
CC_07BE6961D039,0.06975576180555225
CC_07D23A6BAF5C,0.13305068410981344
CC_07E08196A3DB,0.05372801845387526
CC_07E4850039B3,0.11428957062061681
CC_07FAAF8B2D23,0.03924747761738224
CC_07FB3FD9BE0B,0.1039885927970767
CC_080CB94A724F,0.27951559344025767
CC_0837C56711FE,0.08212058459696106
CC_084100A049EE,0.046580900110787436
CC_084113D0951B,0.2941974713311953
CC_0843DDCDD601,0.6482958601140453
CC_0846C14EAAFE,0.06110040167697611
CC_085091ADED2C,0.23232479097554598
CC_087943B4A5D2,0.1747188204836984
CC_08A97B98C405,0.14736810563582747
CC_08AA321BC4AD,0.1755429966907781
CC_08AA44ECBDD5,0.05934820648300218
CC_08AE2EE9D798,0.19182390697689555
CC_08B149462891,0.18395115930121914
CC_08C71A8D2D58,0.04907216833157231
CC_08D645F7B257,0.041904694228125275
CC_08D80BF0B273,0.05144945364581952
CC_08F52B1BE431,0.2719099799663567
CC_0903571AC7E7,0.15607136575545782
CC_090D528C09D0,0.4603733753330343
CC_09106BA6CFC9,0.08980412265638742
CC_0915905A5D48,0.1337804585739024
CC_0918F67CDF01,0.1585487928057003
CC_0925D0B6276C,0.15888895000717324
CC_092A2830E36A,0.7820618539603084
CC_0951489C8F79,0.02874042213959284
CC_0951FA4D5513,0.08955476734200278
CC_095C712064EA,0.09568555054890904
CC_0969AA7BEC71,0.07589897864420823
CC_0974840BED49,0.773284615415577
CC_097BD371F652,0.08742930435745089
CC_097C8139DBD1,0.05561872182012231
CC_0981CA4DBCE0,0.023512132073993847
CC_09A5D2F129A4,0.25123424957586504
CC_09A9BE38080D,0.09492705842441
CC_09CDC42E000B,0.16707585936375421
CC_09D8DBAB2A42,0.0991768415354818
CC_09EBB1960580,0.03667969683972319
CC_09EBF206FEE6,0.21060730089376448
CC_09F2AE996181,0.08584762435158544
CC_09F45833F53F,0.16359449344259497
CC_09F4F5C5B4EA,0.7592099336047409
CC_0A04BF4005F8,0.20246901285438135
CC_0A0E563D1060,0.08133445023269618
CC_0A0F781A999D,0.1878976757809696
CC_0A1138C37BC0,0.18301062754905928
CC_0A334A16524B,0.0672926837381103
CC_0A359CD5D73A,0.06610144708976587
CC_0A3E2C273DB5,0.05894015285802069
CC_0A4705B1E08B,0.03959104604527046
CC_0A67EB7C5282,0.15710619205579365
CC_0A6CD64871E5,0.3330580869603509
CC_0A75643FDC7B,0.06180900110869256
CC_0A8066F501AC,0.04137528462825666
CC_0A83017D027D,0.18703770225747673
CC_0A9AB7441D5B,0.3200579907651317
CC_0AAA72FA148E,0.3555301643076808
CC_0AAC488C8AE4,0.459060894218669
CC_0AC2DB82398C,0.31461195189987745
CC_0ACA2C49A497,0.13930267355386383
CC_0AD4BBEA75ED,0.03109419835572529
CC_0ADCD6553B8C,0.06514999126063448
CC_0ADE56B56C41,0.032212330936436266
CC_0AF4B5B4162F,0.7277136352316758
CC_0AF9BD814AC7,0.10734744190514452
CC_0B083BE0FEA3,0.11570673985574804
CC_0B1384331163,0.06120959850825532
CC_0B216C6AF0F2,0.021841371235028408
CC_0B3465DB0684,0.5856446379138424
CC_0B442B91679E,0.1575182598711077
CC_0B455175F494,0.0955883213035919
CC_0B4C01B4002C,0.2214090015433943
CC_0B544A526D6C,0.06832248920260087
CC_0B5B19AFCD18,0.06529317713291938
CC_0B5BD2D224BF,0.06405791888115905
CC_0B6407C2C9BD,0.15373397574770736
CC_0B73F59991EE,0.09187676434017195
CC_0B7579216681,0.07560384901553197
CC_0B7F3B4B32C1,0.29522708406280207
CC_0B830A67900A,0.1400348999855028
CC_0B84250F96B8,0.2118469092094834
CC_0B92212B8E27,0.27655781412318947
CC_0BB43BC4B3BC,0.11515330789701235
CC_0BB992973640,0.06262192148882265
CC_0BBC41297846,0.11474283058048301
CC_0BDDB468A1E0,0.3071257711419271
CC_0C00A631C2B4,0.07275482759737567
CC_0C011AF6C857,0.35183979646364494
CC_0C0459AB67DE,0.13257895790897994
CC_0C18B07E451D,0.14373780047563958
CC_0C19EB845CA2,0.29313003877759025
CC_0C1A736F37CC,0.08277500105130237
CC_0C335C9D86F7,0.7799249343608949
CC_0C4C24D066E9,0.17871165855764667
CC_0C5499989AF4,0.17470631082151888
CC_0C95548CC1BD,0.16640167748638413
CC_0CA2DE660B41,0.22680990487845287
CC_0CA6D8CFCF2B,0.22933713845221138
CC_0CA9DF9C5C15,0.0637317279966699
CC_0CA9F52C92A8,0.1837300895201991
CC_0CAFB6C41CE7,0.12811409010579056
CC_0CB27D5313F1,0.5864878498388065
CC_0CC9DDDB8B44,0.043554700931217966
CC_0CCA18595BA5,0.27224798326775435
CC_0CD90568D3E6,0.2562262065266556
CC_0CE0D56B0584,0.0731808431896065
CC_0CEA028BF961,0.26906989049718855
CC_0CF67D68AF16,0.34945971015342975
CC_0CFAA0FB0691,0.06435873040160987
CC_0CFFD2785D2D,0.08385944608107435
CC_0D28AF91CE97,0.158641279793863
CC_0D34E55A580B,0.1268766038294211
CC_0D3663B6524E,0.7521193059352138
CC_0D3C2864ACD2,0.3405561967531812
CC_0D5F4BE8132C,0.15663737475673403
CC_0D6D5ACB0889,0.18874841404072137
CC_0D7BFE8CC0D5,0.12990799718168464
CC_0D8852AAB481,0.21931791954411506
CC_0D97EF394C79,0.4151453092061389
CC_0DA8FDDE6DD0,0.05784909029062704
CC_0DABB89E37CE,0.08459447429940622
CC_0DAF0F2FAA86,0.10320474477377933
CC_0DB9E5F8EDAD,0.0819503686910538
CC_0DBC64F88C05,0.15563584067280184
CC_0DBDF018E822,0.132884706430277
CC_0DC31A5A1096,0.04743950645788181
CC_0DC3870F23D0,0.03660628435758777
CC_0DD39F5D7C0D,0.06690983306781767
CC_0DDC2C18BBDE,0.048099145309272784
CC_0DE09CAA93E5,0.1727173168277236
CC_0DEA4477FDC1,0.13342655858575525
CC_0DED63EF6639,0.1906921090033754
CC_0DED7DBF26F6,0.28116752750316754
CC_0DF01CD21B9D,0.1734333043876709
CC_0DF6A478C01B,0.2203921034968752
CC_0DFE1A3FA5AE,0.16934727242526582
CC_0E07D5FB24B2,0.14434365725189685
CC_0E0CD9F23A5F,0.7005019577428597
CC_0E121FCB1D47,0.06942213274095589
CC_0E1423A4C263,0.19258893878166866
CC_0E16883EE8E6,0.42513532935849957
CC_0E1A2BA1C545,0.21654849520149044
CC_0E2B52BBA69B,0.05151611877408273
CC_0E40BAFC3530,0.1594174328742219
CC_0E48EE235179,0.07941381847620246
CC_0E4FA0FB9797,0.6386702459860714
CC_0E5162F59924,0.7565782088481203
CC_0E5E2FCAC8C2,0.2669285886853243
CC_0E68C2BE2A75,0.1409365487508748
CC_0E6C5A8D8CE4,0.09816678722847336
CC_0E6E9B0E674E,0.09543665423282245
CC_0E746EAD6CE9,0.06976092212626067
CC_0E968E7C22C1,0.30935695069349045
CC_0EA1483F50A9,0.16086048905656425
CC_0EA81362C7D1,0.20277623826694668
CC_0EAE97520873,0.31810811963384417
CC_0EBCF4228FF2,0.5106276090195208
CC_0EBDEFD0BDC2,0.05567486881815374
CC_0EC6AEDA63EC,0.2141679078311408
CC_0ED61DD76795,0.10715100521117948
CC_0EE33B1B71D5,0.14006327400973417
CC_0EE7EFF13EBA,0.06166654090150965
CC_0F0F136B0991,0.14179046754311544
CC_0F0FAF218BCB,0.048258887237486406
CC_0F125B48F175,0.07841403438571329
CC_0F292A238627,0.10057878914925297
CC_0F2949A1746E,0.07571319089464035
CC_0F2B71163121,0.08158276779513318
CC_0F393F1DE2EB,0.07573233452157443
CC_0F41B187053C,0.39267506714081435
CC_0F52EDC9D383,0.10916753170619044
CC_0F62C4F36236,0.09966669157589371
CC_0F6A29CE5D45,0.16964984702169666
CC_0F7C0515A6CF,0.14819091262950684
CC_0F8D6C89202F,0.1664986553337101
CC_0F933684CC08,0.19431809370277014
CC_0F9BA54F2AF6,0.046713448554844474
CC_0FA06CE7FAE8,0.040037741603023494
CC_0FD25AA655DA,0.1595073529550516
CC_0FF5570E06EC,0.6621183573121096
CC_10197FE0E34B,0.6757070169858357
CC_10355B5718CD,0.10409172607350699
CC_103A9D18EC12,0.15863884979147463
CC_1040DB6A21EA,0.11306797847206604
CC_104D2B84FC4F,0.03670419521057855
CC_104EA2802A11,0.08520103895248521
CC_105777B1BF91,0.06179782823506655
CC_1059F1B6C0C3,0.16957482418214
CC_1061947FDD14,0.0533669670162983
CC_10689257E68C,0.35113491263664337
CC_106BFCFA7D7B,0.03575706764274711
CC_108FA04AC10D,0.09705602463569334
CC_1092915D0093,0.12008628772150955
CC_10A30F88E157,0.15325138208905384
CC_10A657027AC9,0.7283428245141224
CC_10A6EAF27BF3,0.050987781859504255
CC_10B148BED568,0.4270762383061589
CC_10BB7101F191,0.0313579791903691
CC_10BC5BC3A9AD,0.40338038604324655
CC_10F27C70AB99,0.09985682293054207
CC_10FADDF63CDC,0.17655564068693785
CC_1107D9301AA0,0.07994866018595777
CC_111A6DE5D9C7,0.7457433008405451
CC_111DC3B1756E,0.22245845260706287
CC_1131156CC6F6,0.15267367180614771
CC_113B66D5D5D9,0.1170718934986596
CC_1143254EFF36,0.05179778321959398
CC_1145E5277FA7,0.26336114105748276
CC_11521077BBB0,0.16453760799390676
CC_1154861ABCCB,0.586688456977073
CC_115BCAEAE2A0,0.10074080182441283
CC_115BF13E8BFC,0.22737963743500084
CC_115EBE5044BD,0.36565563108934995
CC_1165AA07FC47,0.7314353158056452
CC_116EE8219753,0.05529903331136417
CC_1176FA3233B3,0.04426385417707327
CC_117C2A1587ED,0.09375862967987802
CC_118C0A1D14B2,0.29485013222627
CC_118ECB589F3C,0.1158296033135089
CC_1190F13FB1FC,0.12005871135081111
CC_1192EEC65A1E,0.27434823233140126
CC_119B1FEC4D83,0.23084777939765586
CC_119C413C2580,0.16295791763128065
CC_11AB74142A2E,0.798859681545724
CC_11C8A291FD11,0.16606148736342463
CC_11D1E9C39E41,0.060026131704289845
CC_11D600EE1BD6,0.1817022027650299
CC_11D7539AC69D,0.18619502143834504
CC_11D78BB50016,0.14499405193667111
CC_11E0C583685C,0.11971622718128881
CC_11E0D2F15AA1,0.03594086578085013
CC_11EDFE67C719,0.6513014855987931
CC_11EE85F284B8,0.23443060286370773
CC_11F700202C6D,0.15429632719527925
CC_11FB668DF543,0.10420127106924672
CC_1209FA26609D,0.03257085783843753
CC_120CA1B916D0,0.12739009194604603
CC_1210186F4D33,0.07716358773040566
CC_121F621374FC,0.24649633813422955
CC_122532C1FBCB,0.13027332501447034
CC_122B19CBC88C,0.640675740933373
CC_123C7F0111C7,0.5985759244780451
CC_1241EE42F174,0.14911479229107527
CC_125B7100F1DD,0.1435806693137124
CC_1263B255B3B5,0.19760125280576185
CC_12878596E940,0.07299965790599965
CC_1298ED71A9E0,0.06409533419668653
CC_12B555C6F086,0.178392242916864
CC_12D22C629874,0.17261585934807938
CC_12DD89EA0C14,0.19881078021851245
CC_12E24CDE2684,0.17519962186131433
CC_12F3B7309455,0.6131817958638544
CC_12F8E7A4BBE5,0.3559177817277363
CC_12FDEAE4873F,0.2050926844780926
CC_130F7B067939,0.3628814059714879
CC_13209EDC85EE,0.6570606663620018
CC_1332B6F0E543,0.2520410387132515
CC_1334E256AEBC,0.5674493281302482
CC_1337726B2AE6,0.08359131701047409
CC_1338237BF402,0.2075732144441852
CC_1341DF38D9C1,0.18043802363271894
CC_1342F868176B,0.6929001685404079
CC_134651CCD2F8,0.12398760769448455
CC_1363E3090578,0.06119275524157075
CC_13736493B695,0.07257317655916155
CC_1392DE633D4C,0.2937571884257583
CC_139ED2E0AD76,0.08959255585490809
CC_13A5383EA098,0.6299100753674569
CC_13AA272C6861,0.06078902492061519
CC_13B74E4EE3EF,0.19668579247133616
CC_13C437E86B81,0.4941959124520676
CC_13D61B077E7C,0.0687709701032319
CC_13D7115A8FCC,0.16131826589011689
CC_13DFE319B21E,0.77438266314655
CC_13E0F0B3FAE6,0.2110664098102149
CC_13FD88C2920A,0.6831184230893552
CC_1401CB818627,0.1957840938810368
CC_140B86E74F74,0.7698602481413435
CC_1452A0B69085,0.04161102529816552
CC_1458CA7329A7,0.24103668264767963
CC_1459E7125AFB,0.07691447454470093
CC_14633EC7F622,0.3949147353799952
CC_147B1B30DE7F,0.11660004400089251
CC_1484511F54C5,0.2936937991934537
CC_1489A941A69B,0.29497613419957047
CC_14A8B16706E9,0.08130290820434108
CC_14BE52BADB77,0.09875579257242847
CC_14D53413FBCE,0.3203308364244898
CC_14D59B58E51E,0.13751971677306093
CC_14D964327B1D,0.055551554375412586
CC_14F5D06CF093,0.12996247512671005
CC_1501D63D5A80,0.3480581776609179
CC_150E3A0E5084,0.21530986785866324
CC_15152312AC56,0.06944318730773663
CC_1522BA0411C3,0.056185214510666714
CC_1534B0241A1B,0.04720698100686012
CC_153BE2BEB74C,0.1293550506700168
CC_154BBCD4DCEA,0.2506246755245788
CC_1552EC27FC0C,0.715048564844224
CC_1566BFF4BCDC,0.3282808152798844
CC_1579BD86A63D,0.3183675869077176
CC_1583CFD90530,0.2813135825972055
CC_1584385F38C8,0.06544021965984698
CC_159656F13BE8,0.09850661541319702
CC_159B6F6AAF1E,0.08976964993180349
CC_15A4934FD96E,0.12172179551714814
CC_15B2140CE869,0.09632123046179106
CC_15C0972DE384,0.6544985468964931
CC_15C0E30FF2DC,0.11085087547906824
CC_15D617FAB434,0.04975046698714125
CC_15DA0F4FFF0E,0.31518613667521395
CC_15DAE76D15DF,0.04935658715791674
CC_15DC7C139EBC,0.33669892144358404
CC_15EB741857ED,0.08089783924515107
CC_15EC51F4C521,0.3014547758939151
CC_15F6259C7C53,0.07716678488828169
CC_15F7C012E10D,0.4327223782426879
CC_15F7C1BEC28F,0.19836145076585127
CC_15FF58854AEA,0.24526077281526404
CC_16035CDDC2F6,0.15830995477640125
CC_16095572722B,0.04907629471616744
CC_16109F1CE0A6,0.26513287131188634
CC_16150E74E4DA,0.15673405413999536
CC_1629E47AFBA5,0.07804864813322604
CC_162F4582D06D,0.6060910187359089
CC_163194DFEDDA,0.03697743056420758
CC_1640F01B7730,0.10415967268813099
CC_16460554039F,0.028255703907612072
CC_164D308CDE41,0.2289770621713188
CC_1661041F819B,0.7537804366687526
CC_166829780A76,0.1285507562774897
CC_16798666E855,0.10917142351376938
CC_1684B5493414,0.2267010701726512
CC_168A8907C8F4,0.06704416922512285
CC_1690EC56D088,0.06489862933488008
CC_169853EEAB4A,0.09656528597997487
CC_169B7FD839BA,0.1483370566965362
CC_16AED1A3008A,0.1556690708693556
CC_16BAC7837C73,0.17903409096489176
CC_16D57E1EEA01,0.13965349691202616
CC_16D833E56D7A,0.18963100818881004
CC_1702487A047B,0.18899180424446965
CC_17029F78E70E,0.05708023392194929
CC_1702F3E986AE,0.07532531995964713
CC_1707181BB559,0.04289087061247131
CC_17117BF03935,0.22174246005641424
CC_1723E40C3D40,0.24280648257648654
CC_174FBBE9ADD9,0.20558771285759464
CC_176E6E58FD1E,0.10593400085356884
CC_1783F37259BE,0.09090332205687525
CC_178B135605CA,0.08817747967559211
CC_179AA5165026,0.35192538563359255
CC_179DBA1C4CDB,0.3143060222727394
CC_17A1090B69C9,0.10849821113215602
CC_17AA1A4C904D,0.20485616194913644
CC_17B06C06FDC1,0.1509022447681088
CC_17B89AC1FD03,0.21222099461091243
CC_17DC33AA73F3,0.057676086232011876
CC_17DE4D267831,0.09028423505814288
CC_17E929BE0344,0.3676352815342169
CC_17EB83DECE5E,0.43809628255466443
CC_17EC9982E5A6,0.14098489382012164
CC_17ED5555B4FD,0.24617860770091532
CC_17F4292DAF8D,0.10139482249389137
CC_1807B0980C86,0.07020537615976152
CC_181354A58B53,0.07380612684217669
CC_181E7266E018,0.10018532658333237
CC_182AAE7CC3CA,0.46546804356418214
CC_183EDEDC5DA7,0.08397666603715706
CC_184C47552665,0.26405930266455374
CC_185A7392A475,0.3001787554886931
CC_185FEFD3233A,0.40906013449913775
CC_18676FE5FC07,0.07425432306553544
CC_18776C4FDE28,0.08445581354648521
CC_187A8AECEFBC,0.15326131836960213
CC_187E7D0B4E82,0.7140293703520186
CC_18839D393105,0.15588862351435712
CC_1888476F6CF3,0.14474086959219845
CC_188B1ED2AAA5,0.32500894537935093
CC_18A4257C3172,0.28565113584806123
CC_18A7929D9FC9,0.30080090573233453
CC_18A8695F185E,0.10997376495228675
CC_18ACE64E8F74,0.21140817312927213
CC_18BF4A29BB38,0.13235948324233135
CC_18DE36F7D294,0.14278040298323885
CC_190EB07AC1FC,0.12639290522240104
CC_19219F2C60B7,0.17595009856779228
CC_192262DB0B0F,0.08308473266957032
CC_1929746E06CD,0.6162671295494482
CC_193356E72D61,0.6505460003088949
CC_193938E8EA40,0.18357394434039545
CC_193C60092202,0.5187743843869776
CC_193F669537D1,0.1800131240416365
CC_194E13150BE5,0.05141902375288232
CC_19556DDCCDB3,0.03460277189980552
CC_195A6E9B48A2,0.12407435667898171
CC_196DEC616B33,0.09623981139263622
CC_1978B23D64A8,0.12175738260938755
CC_198562A4BD86,0.12304180607596918
CC_19864C9572BC,0.1612852840776077
CC_19868B6887C9,0.12809047207111152
CC_19969E05AB2B,0.1645743462203339
CC_199FC89885C7,0.12848926433209334
CC_19A40411B404,0.26126572632131195
CC_19A6D9B60B29,0.6577271233817653
CC_19AAB010550E,0.06277690439486158
CC_19B4743DFEEC,0.0817782159210394
CC_19B95A61D757,0.17652091898478434
CC_19E6A00F6A5B,0.06347653583847714
CC_19E8DEC29F47,0.5885562005979078
CC_19EA54976042,0.1593263775900669
CC_19FBBEA75B7F,0.13979230882574153
CC_1A039E58840A,0.055958544328904763
CC_1A075331756B,0.11896934660054886
CC_1A1E1302C432,0.1563386388778989
CC_1A37690EAEDB,0.16390008666087788
CC_1A3BF9F5BD42,0.14156078917997872
CC_1A4268FEB02E,0.17239197573067183
CC_1A5F8618A912,0.31043638418187125
CC_1A659D4D521E,0.40308280553630454
CC_1A879655902A,0.06785290968122486
CC_1A9F6DA46BC2,0.11932329289035284
CC_1AAB15E81743,0.032870067359923615
CC_1AAC389EF8A2,0.23042787932207787
CC_1AAD0CE365D9,0.13289630416544565
CC_1AAD9152C90B,0.05201475704587468
CC_1AB15BDA9296,0.06635979386399235
CC_1AB8BDA3041B,0.19229146463178326
CC_1ABB9CB074E2,0.7053616926092421
CC_1AC1B1A3978D,0.05678114000613171
CC_1AD20D1F9C08,0.7198806786357084
CC_1AD881A90D1A,0.3135493666973542
CC_1AE9811724DD,0.765503879600181
CC_1AF1AAAB9D12,0.7531804438564808
CC_1AFCC4D0ABD4,0.16208373997539025
CC_1B08ADAFD1C4,0.170985637408951
CC_1B10139C7917,0.12050795634989217
CC_1B127133B948,0.16464459647794988
CC_1B25964EA376,0.15427023218622377
CC_1B27A85C7244,0.18726571685657178
CC_1B29F4378A34,0.13068109278084772
CC_1B2EC0BD0677,0.34115657767874175
CC_1B4AAF37FB97,0.08678168613461475
CC_1B5E792F6E6C,0.3220552884856633
CC_1B7166DAA790,0.17171620984057534
CC_1B89FD901C95,0.09359361965528165
CC_1B91E3A70338,0.07397549134363704
CC_1B9D9B7184F7,0.16554785143261797
CC_1BA3FDD92B1B,0.056620358917377336
CC_1BA9B3D67170,0.1612588933630908
CC_1BAF97E2BCF2,0.09495172336994961
CC_1BB7D8A54021,0.07567946167852743
CC_1BD548A5FEF3,0.1185783435267876
CC_1BDF1893ECEB,0.24972559454153845
CC_1BF117A8AF9A,0.05570387455154686
CC_1BFA7E407428,0.7033151999384994
CC_1C0066F472E4,0.6892963087548599
CC_1C09CC2385AF,0.06312280660423579
CC_1C11467AB472,0.6490749026915085
CC_1C1627B7EE6E,0.03862994356778964
CC_1C3259B85E28,0.1643789306428602
CC_1C334ED885FA,0.03541817414449247
CC_1C376760FE39,0.0802786319994482
CC_1C39A1ADF3F2,0.1545317915981351
CC_1C450FC77478,0.13096553279923207
CC_1C48409023DF,0.4119938631124118
CC_1C4D03324C60,0.3545750113202705
CC_1C5F1E1028DB,0.03714056185627234
CC_1C6681C0AA7A,0.7782923828812985
CC_1C84CFE19CDC,0.2148119252097213
CC_1C8B3F689C6D,0.2317274086898123
CC_1C95674B902D,0.044522896926836704
CC_1C9A4C11F28F,0.16693028858604841
CC_1CA3F50BABEA,0.07923195277101112
CC_1CBF42D35AED,0.6176041959618803
CC_1CC11BEADBD5,0.11952082879263609
CC_1CC3CE396A8A,0.2308398316775544
CC_1CD2B13C2E6B,0.08329752007156774
CC_1CE0B37CA670,0.07791475608452345
CC_1CF5A99FC068,0.13341744113804138
CC_1CF71AEB6671,0.0742909904617075
CC_1CFE066F5EE4,0.19641335086431977
CC_1D00B360809D,0.061719124190241614
CC_1D1173F82F2F,0.11351245848181545
CC_1D1E06E0B393,0.17294823353727373
CC_1D2789866B1B,0.07666406556360988
CC_1D2DD7DF781A,0.18771612677421984
CC_1D313498A2DF,0.17935285602778933
CC_1D68396533F9,0.3346605343644635
CC_1D7235BA1EAF,0.19056439631394556
CC_1D7ABAF9D080,0.04514073602634311
CC_1D7FA51D0D7D,0.486195481269684
CC_1D8CFB3589AE,0.05896898271405207
CC_1D9421A6EB19,0.33682602239587167
CC_1DA0AC68719F,0.3362034621611557
CC_1DA366D588B6,0.10621797832766285
CC_1DACBFE0296C,0.10981744436264312
CC_1DBD6A716910,0.6575433316483069
CC_1DCB75B5CBDE,0.3370597013845187
CC_1DCDADBC0E90,0.4251990189020301
CC_1DD11FAF43E8,0.13257988931841552
CC_1DD8064E71C7,0.15921555859803446
CC_1DEC926EE25C,0.11691972619515728
CC_1DECBAE4FC5B,0.06283834784548951
CC_1DFF80E6D4DF,0.06299548093991755
CC_1E025C3597E7,0.23019229736893065
CC_1E082052CCBA,0.6258969521377927
CC_1E0E30441DD1,0.20375872584238702
CC_1E20E200611C,0.1386348554772628
CC_1E354C75EB9B,0.029915826955425044
CC_1E3B2C15EBCD,0.18145876934200117
CC_1E4DF11FAF55,0.17018921315889385
CC_1E4FE60DFD8D,0.7370341034318564
CC_1E5A648D299F,0.1825116197890236
CC_1E6C0A8B3841,0.627933612052219
CC_1E7FA6E807A3,0.21626211735513495
CC_1E93F760EC93,0.27415214174887836
CC_1E99F40FA03E,0.06200942864933968
CC_1EAD09DBC23F,0.19870619150216762
CC_1EB3D53252DB,0.25173240766615845
CC_1EC889E04D69,0.1018883634636928
CC_1ECCBF6853F6,0.47935924664404517
CC_1EEC4520436C,0.19324789026390463
CC_1F2827DC99C0,0.1717704818533191
CC_1F2C184C5227,0.08321263628226815
CC_1F3FA8091B02,0.14009251790784694
CC_1F4E07BFDC8C,0.04723188553554843
CC_1F4E0E9B54BF,0.06001662293146308
CC_1F55738A6A27,0.3431184998387691
CC_1F65276D0EF8,0.10680721741632071
CC_1F65C797BD40,0.05495177063087972
CC_1F668C0AE868,0.09185688896123595
CC_1F6B19A04BD8,0.043569160453163905
CC_1F945A60367E,0.45758912588831774
CC_1FAB6F11DFCA,0.680519435519952
CC_1FACCCE95224,0.28381487039349873
CC_1FD010E5EA82,0.0635246911592375
CC_1FD2B7BCCD20,0.6924630316261524
CC_1FDAEC3D5CBB,0.10905717771565143
CC_1FDC65FE3DBE,0.13673125048624793
CC_1FE696D8A81B,0.05807611682707091
CC_20027685F59C,0.7587348959197278
CC_2009F3D77774,0.1348664022203253
CC_200C552C40F3,0.12183752502060383
CC_201459527065,0.11868206284333044
CC_20275029A688,0.0829645376307614
CC_2028DA597C34,0.2043808722108605
CC_204E557E5046,0.3648532471278903
CC_20542CFCFB39,0.042827345729253334
CC_2060F813C9B2,0.26479397777073044
CC_20813A9A7F71,0.09875049482177409
CC_208429A11E2F,0.17390573363537892
CC_208B0FE7CBAD,0.09220585979075628
CC_209A511030A7,0.03639509050824358
CC_209DD60421B5,0.06630087177855523
CC_20B26D646D62,0.15905992755961107
CC_20C47966B174,0.2014780237263602
CC_20CFE9681E4D,0.08590129860640572
CC_20D4DB0F3E3D,0.03527062276962462
CC_20DD84CE3CA0,0.09923740947968501
CC_20E57CA675DA,0.6071059915645954
CC_20F129FFBE00,0.2509584850863784
CC_20F4E0F62D2C,0.06626621353873852
CC_20FEE0B2130D,0.6159205219905164
CC_2111B298C212,0.10566381020159873
CC_211315AD7633,0.19603521280724961
CC_211504721E27,0.1468683465528658
CC_2119919BCB4F,0.7954430588337239
CC_21375C9ED931,0.20434873137600487
CC_213D2A5355FB,0.21239830703947937
CC_214B50E48E94,0.15428268574287712
CC_215F86D986BA,0.14362749135423816
CC_21600308F496,0.04268615040107433
CC_2166F3F6344B,0.10401471258850134
CC_2168BBB42053,0.1280378810898964
CC_217030CE0127,0.03617837777505055
CC_2179067B405D,0.037592090172067216
CC_219B59B67193,0.20993114531312917
CC_21A9E8DB58FE,0.12075441391892291
CC_21AE679C5E95,0.23140879882227314
CC_21B98D13174C,0.10955901024326294
CC_21C81BC15002,0.08604875238708394
CC_21C9B26CFEA3,0.06777119305214475
CC_21D22081A4CA,0.752942098074763
CC_21D29CD736D3,0.3208992680580194
CC_21D3CEAF838E,0.1884308764631064
CC_21EF792A3811,0.6343833290211547
CC_21F04E996723,0.3599096397608028
CC_21FB6C8AB8BF,0.47597676429640445
CC_22067686F6C4,0.6984802748834491
CC_2207A39B7BB8,0.12440583458760993
CC_221053121AAB,0.18189549647598255
CC_222423774191,0.06774083063398974
CC_2230EFBC99AE,0.4355809608231916
CC_223BDED2A465,0.26044485089021113
CC_223E3CA7A07F,0.18673183410784075
CC_2250B42E48B2,0.10915256287093492
CC_225935E43583,0.1315436683028603
CC_22781E93CF84,0.17673640573493382
CC_22784AF3CB6B,0.43622371418124234
CC_22831690395E,0.23258743877678661
CC_228E6CBCC935,0.5955377279724856
CC_229338EBBA6C,0.08939141241343038
CC_229A63057E54,0.49253607219896317
CC_22A2D8A4B437,0.08981113494134005
CC_22ADE1EE9BC7,0.13826289126004515
CC_22B69E7C415A,0.03546789380144756
CC_22C590B43FEF,0.31785057435559344
CC_22F06379D8FD,0.029082558421185893
CC_22F282264A1D,0.1242222519448692
CC_22FBF5F0E1C0,0.2275077460336995
CC_2302088175A3,0.25746404513981913
CC_230672EAA654,0.02947640000290395
CC_230870B121F6,0.15885975029206734
CC_230A051B2B3E,0.04501199089257607
CC_2316F57AFB7A,0.08637428302028374
CC_231D091FCD1D,0.04804106464745451
CC_231FDED1781F,0.25280549638478794
CC_2320053D1183,0.05091477381684066
CC_2320AF507566,0.17757994885757972
CC_23321FF41C3D,0.2294373762217037
CC_233470D6BE72,0.6343128454122896
CC_233C8EBC95FC,0.4028990278543738
CC_235F99F13500,0.16039390444318835
CC_235FC02CA52F,0.20918654224131766
CC_236C80CAF53D,0.19927637204546733
CC_236E7222D97C,0.07380380808862329
CC_237B86FDC93C,0.05061097991631608
CC_237E7EB2D7D8,0.08681024113234839
CC_23830081EE1A,0.6213292938118764
CC_23894AAA08DB,0.4782959612752081
CC_238CBFD6E20C,0.3786321846076097
CC_2392A4A79C9E,0.03258041167169253
CC_23A474D43C73,0.22203248254017555
CC_23A9CC59BA0D,0.021723893751050955
CC_23B158D8306A,0.134367579523788
CC_23D147F1870B,0.18056765132671826
CC_23D2E73DCFCF,0.13160325762010977
CC_23D9103D1EAB,0.02853620937127844
CC_23E142182F2F,0.6762397836246816
CC_23E43713A108,0.03503246716445931
CC_23EF2911610E,0.5052390289542765
CC_24056B76BD7D,0.04498751887973919
CC_2416ECE66177,0.1331583245576838
CC_241E65816FC2,0.07237287035575433
CC_241F7E97FBDD,0.048384850218890586
CC_24217201D7A1,0.390741111553391
CC_242301FCCE50,0.043034789376673224
CC_242C69CF0B12,0.11007364667289135
CC_243B23702DC1,0.19129868959341653
CC_2456B9C796E4,0.12518987384323596
CC_2457D89CB88B,0.636094451966736
CC_24667210E2AF,0.21940972322931673
CC_2468D206CAEA,0.057905019688337396
CC_2469630A4F86,0.34836420309035177
CC_2469D83D9594,0.03308415650686836
CC_248C65EF54A5,0.6344239139007781
CC_24BCCA7941E8,0.0897832232246013
CC_24BDC1CE2A3A,0.20863540975117367
CC_24BFCCDF957C,0.043114690455457336
CC_24CC8A1B1CB7,0.12674337557927856
CC_24D4B1852554,0.21073200339466722
CC_24E65FA5A32E,0.16216814315007733
CC_24EF3EDB6857,0.03554155643003412
CC_24F15A19D648,0.1642945926275615
CC_24F2410B5A19,0.1480627544995174
CC_24F27E7DE1C6,0.45510091859223123
CC_24FFFD0C983B,0.02985059603713659
CC_2504E9D5D5E4,0.1381998531220702
CC_250F6A0DB62D,0.05300815071724664
CC_2520E13DF0A2,0.70433503307487
CC_2539C315029D,0.2972761615077532
CC_25519ED78507,0.18047167266586828
CC_255D49296DB6,0.12336407246067406
CC_255DC60FF5BD,0.041278125467498344
CC_2563C9EF9D55,0.055070145363915426
CC_25756EB9651F,0.12162059249195495
CC_257CC46D379B,0.4236512682812844
CC_258D5F80A933,0.6719461825020583
CC_259D87270257,0.25682886982442277
CC_25A41AB21C94,0.23517468023198265
CC_25ABCDCC8B71,0.10494526880421176
CC_25AF0D0569B5,0.06981446824967083
CC_25B61D393144,0.1628202127428447
CC_25B95D7288CB,0.39611322635472906
CC_25CE2F2F13BE,0.22253125987777816
CC_25D1A5971976,0.3334591549274039
CC_25D411B46F00,0.744416520794065
CC_25E7A2DC5E41,0.057463696755735615
CC_25F4C8E51AC2,0.5435361809366386
CC_260323EFB122,0.5397399741310116
CC_260F10484312,0.059440219408795555
CC_2610D0F1D0A7,0.18953527719443442
CC_2615866F35A2,0.09731551403638916
CC_261DA4E8DBEB,0.11574735297629517
CC_2628F00B0745,0.38814444772973794
CC_26338E9AD15F,0.13736172537265767
CC_26346B99BDBE,0.6541033702655115
CC_26351DBC1AF6,0.12582871289720177
CC_2637397AA3F3,0.5974258558988506
CC_26675C32611C,0.6744672812632231
CC_266E49E49071,0.1940024513663181
CC_2696368A4DC6,0.028744597070832864
CC_2698641B68A5,0.1593779403175946
CC_269C5AE6A1A3,0.6729695646868622
CC_26A06AD1206C,0.7539633116819089
CC_26A358B0C10F,0.1590511530420691
CC_26B07CB02EA3,0.55270017617535
CC_26B638BEA8CE,0.12950375177762702
CC_26C33B649FC9,0.05892360074848008
CC_26D5B969A36F,0.32638042579709864
CC_26E3A1226C2D,0.159366124907676
CC_26EEA3F0224A,0.25986736820519196
CC_26FA5E5A718C,0.1410870647159233
CC_26FE119D4919,0.05485230622925728
CC_270B462BAEF3,0.030821525184382567
CC_270D929FEA9F,0.0794435473607881
CC_2731AD82BA11,0.20702424843197587
CC_274144AE3E86,0.14175877762058095
CC_274AE6E82879,0.1553161225097406
CC_2757A490C5E1,0.08188217818779388
CC_2766F6011BD0,0.3778135137056625
CC_2768E644C697,0.04544803509411682
CC_2770DF70328D,0.0708628563982947
CC_277503968C44,0.5048332463120166
CC_277CE974AA8F,0.27662371345207787
CC_277D246E39B9,0.19906450367349093
CC_27A1CC725B7A,0.06290639700858085
CC_27A798829CA8,0.7629555138399052
CC_27C938FC8DC6,0.4650169645784505
CC_27CA2D819E7A,0.06340683649697171
CC_27E3712F0E38,0.12876624093892328
CC_27F3B3F43FF9,0.03488894153521866
CC_27F9832EAB8A,0.4708042028806784
CC_2809CC131F3A,0.6506674774668928
CC_2812523510C0,0.15452638710351468
CC_28151C75756D,0.04433029871285803
CC_28203CC976F9,0.10171445882619672
CC_282AFAE06F96,0.09262527330145712
CC_282C2404F4C0,0.07524720179898646
CC_2834BA2F19FC,0.2135977565786579
CC_28432E22F47D,0.5690295115597508
CC_2844882CC439,0.052713698570883025
CC_284F79726032,0.4031626277916799
CC_28544783AB15,0.49010348900526407
CC_2856104729EA,0.6866655700687269
CC_28625CD86761,0.17708975202917443
CC_2866BDB46FB1,0.09350646370855845
CC_2872415C6B36,0.07407438853503719
CC_28752737647D,0.6173591485154803
CC_2875C281EE88,0.052141284544800964
CC_287E3E9EDAC9,0.0776977608422936
CC_288A2C49D62A,0.04871697589502086
CC_288FA8CD819C,0.19069668441812032
CC_2891894CCED4,0.07098369902650604
CC_2895608A9699,0.14102539022411217
CC_28A2EF7926AE,0.5931071461699726
CC_28A7DBD2B710,0.17196088995629252
CC_28AD81DF2C51,0.11571817417890942
CC_28AEC29CEC25,0.1672557308721557
CC_28C1C3DF7928,0.10085335469558417
CC_28CA76962EC8,0.17597172551455426
CC_28CD47803B6A,0.0706692806440738
CC_28DF569DBBE5,0.08076274159057202
CC_28DFE611C657,0.10137813656836704
CC_28E11E6A6C8D,0.1646984045892861
CC_28F58ADC7CBC,0.12225699889040206
CC_2916479EBC84,0.11664935903876408
CC_2917C6CB0B2C,0.15093715178489367
CC_291C7830D4B5,0.36793425939310126
CC_291FE1744E5F,0.07501665201789612
CC_293124F1ACD1,0.13487859633263632
CC_293C2D704AA9,0.3607221777254093
CC_29432A6B2555,0.12141677809464194
CC_2944B427406C,0.16334252255460482
CC_29468B7035D6,0.12839428093645913
CC_294A9A24E473,0.04780757898159482
CC_294B94EB0E07,0.2620972239897975
CC_2967C29E4C3A,0.13529096732873955
CC_29716D5835F4,0.2141257364447446
CC_297179FF2BCC,0.41627063904701556
CC_29803690C939,0.21027905954750375
CC_29821539DC4D,0.13602398360628726
CC_2983C1D2A273,0.17242376517015523
CC_298CAC5A1868,0.6200901629680355
CC_299EBE0FB429,0.13976849972404154
CC_29A1C0073882,0.47768220567657727
CC_29B6065F187B,0.3645217355580744
CC_29BC66C10F87,0.6304080019446189
CC_29BF3C3D9682,0.16685595908359852
CC_29C4425FB2DA,0.19830064715134277
CC_29C5D0D72D61,0.10881938925845999
CC_29D65E313500,0.1358971752363483
CC_29FD856F47A5,0.7348688449902965
CC_2A097F88615A,0.08856607300144115
CC_2A0CB4CE1A48,0.21969201039059363
CC_2A14C1652D6D,0.22412869824651846
CC_2A1F96F80938,0.12031273054240363
CC_2A23F71805A2,0.13556155401515962
CC_2A2BF2FD0498,0.13633103879966926
CC_2A358A1D3DDF,0.6326053423014745
CC_2A3E371F0DAD,0.26897254700704126
CC_2A423FC8A330,0.3094983694491387
CC_2A43368D54F9,0.5110912108641222
CC_2A47A21C0E07,0.6520953460965734
CC_2A4CB02E7A1E,0.12476753729818438
CC_2A510080BA29,0.18799335710283466
CC_2A5316E550F0,0.08601090829675527
CC_2A59695EF90A,0.581030248640458
CC_2A606D00CC46,0.048375492553288366
CC_2A6C69145AE0,0.0856443620707727
CC_2A6CD71471A6,0.10862901526173593
CC_2A70D6EF64E1,0.08514514063981879
CC_2A844754AE67,0.6005989825533575
CC_2A85A7B242FD,0.15959092266270836
CC_2A9A51067D7F,0.15074007350744664
CC_2AAAD4020436,0.20489837302847624
CC_2AB62BCF3704,0.08190425589926048
CC_2AC1C8DE5649,0.11695333938024893
CC_2AD10D78793D,0.7036375765852033
CC_2AD26446A7AE,0.04049438453889444
CC_2AD2D35975D1,0.09772904593401882
CC_2ADA07B0211F,0.29644142842631777
CC_2AED2D284351,0.31794582672505173
CC_2B01FDE2552D,0.24612148567152597
CC_2B06DDFD7F8A,0.06838581974637291
CC_2B08FBC0A948,0.16771976657053275
CC_2B1914218468,0.7361861643185241
CC_2B1D93E12DC9,0.16755317420972932
CC_2B248C488918,0.08212672475894149
CC_2B256891C60A,0.6238154543532033
CC_2B2801591A25,0.38410442234607534
CC_2B2B7CF1E40F,0.11173190651625925
CC_2B2F4204834B,0.18921967628465797
CC_2B5443C7AB87,0.06622986995564797
CC_2B5D780AC244,0.6725825450491217
CC_2B64E67CFF13,0.05209739467284817
CC_2B6B872C8D21,0.0682749142009756
CC_2B85D931F011,0.0807990177083526
CC_2B959EF030DD,0.1466128909435751
CC_2B973D1AC16E,0.12809895596464765
CC_2B98983C2687,0.04854346295445098
CC_2BA581E7B8D2,0.09595499190869188
CC_2BB2C432C369,0.1300109369901264
CC_2BBE19587CD5,0.08367754178145154
CC_2BCB838A9581,0.14912299986904093
CC_2BD0E9336EB4,0.06823957712128162
CC_2BD1633FD528,0.09117493493783453
CC_2BD58FC8C2B9,0.030764620669763675
CC_2BD6083CAB0B,0.7736671934732857
CC_2BDD47B177E5,0.7782312170793868
CC_2BDE889EB05C,0.2731864123018889
CC_2BF8DB192A49,0.610295753808008
CC_2BFDF46F3AC2,0.11645293162136941
CC_2C00CF2FAE22,0.14695452919604488
CC_2C06DDBA1073,0.35714316995000417
CC_2C16C7838FAB,0.7969042520669282
CC_2C263A1A732C,0.1891213848372254
CC_2C34105831A6,0.19396125008270593
CC_2C43FFA06F31,0.08510527571365423
CC_2C4DEE4CA1CF,0.06061821543829215
CC_2C56DB55E40E,0.08816830159511835
CC_2C59F565C183,0.14591077789197218
CC_2C7F54E56925,0.16975830707573997
CC_2C8CFCC646BE,0.031185899981313988
CC_2C91AB1DB754,0.05532737850600145
CC_2C93356976AE,0.3751083813256481
CC_2C9DADC294C8,0.06818277479133784
CC_2CA94231028A,0.26191180937034486
CC_2CC8CB17283A,0.19368716346924594
CC_2CCD42AA2376,0.13659288271462583
CC_2CCFE560A79E,0.06140658094014988
CC_2CED227E5216,0.12558656769545096
CC_2CF326E90715,0.04016030514788365
CC_2CFEA03CC6A0,0.6446313727690569
CC_2D1D032137DA,0.10728952131967084
CC_2D258781011B,0.1848104143919104
CC_2D30260A1CEC,0.22015104487010528
CC_2D35C002A9F1,0.1490890347595823
CC_2D45DEA4EB25,0.15054609502262298
CC_2D5494C13FFA,0.08573020745010534
CC_2D5EA2953E81,0.23192406706481994
CC_2D6E7894EA16,0.6460772370618932
CC_2D7DA36360AD,0.2321979749695683
CC_2D7DFEACA38C,0.30185330621098694
CC_2D836654A121,0.14838580747819885
CC_2D9CDFC6C57E,0.7250099915731572
CC_2DAC67585B03,0.21094377046772017
CC_2DAE338809DE,0.28718645478555993
CC_2DB062A18C75,0.4904978479725802
CC_2DB2C55CF89E,0.7730143816079498
CC_2DBCBF870292,0.03521225282166139
CC_2DCBC03B4FA3,0.7506847650239962
CC_2DD78131B5A1,0.11980846528654815
CC_2DD7BCA75AB9,0.1296162542520095
CC_2DEB49017220,0.10667163546052244
CC_2DF6C71ED372,0.14687725019022344
CC_2DFBFA1A4FE8,0.15175883913747107
CC_2E12A41F7733,0.06718711536166705
CC_2E1A348EB1E6,0.11642361362625331
CC_2E23CB0F6F7B,0.3637743122385493
CC_2E3634587158,0.057022324569568496
CC_2E3F4B14D8DF,0.3543192270638861
CC_2E3FDDBF4F48,0.1934796567340041
CC_2E61C46BC16A,0.16662299635604313
CC_2E62AEB14351,0.321372153496024
CC_2E6F1C0ADEB8,0.18469435008415647
CC_2E7415FAB62E,0.0786136243051907
CC_2E77F7444FDF,0.038039620089201094
CC_2E78431BE3DB,0.08355566598590837
CC_2E7D44FB8075,0.15308133488623726
CC_2E7D8539BDA6,0.2976627052337202
CC_2E7F248874AA,0.7186548329561068
CC_2E85BB8F3BB5,0.08387630067859476
CC_2E8897E4D9BB,0.2367188118434796
CC_2E8CCDE89E2D,0.23931959129033087
CC_2E927D910813,0.11638580417564955
CC_2E9891F5A2D5,0.1346279894088234
CC_2EA56A7EAC04,0.265093489333195
CC_2EB45D13B248,0.1290544566385473
CC_2EC924B0EAAE,0.11836416506901143
CC_2ECC248C96B7,0.04540556857276205
CC_2ECF0C98B06D,0.3729520574600896
CC_2ED3F6481454,0.1586895453133224
CC_2EDDF0B40ED8,0.14295927472283676
CC_2EE2A139642B,0.13800692769790424
CC_2EEE072DA301,0.19569753303498472
CC_2EFEBB85DAEB,0.15610360700372736
CC_2F133BEFAA69,0.1428684882622698
CC_2F1AAE3B81F2,0.0842758166584289
CC_2F1BC47CC90E,0.0411944062171722
CC_2F2128FBBDDC,0.15798915234082397
CC_2F3D3342834E,0.07115798020305666
CC_2F42D39F710B,0.6132712374540086
CC_2F4AFE398419,0.683386989665859
CC_2F4C24B38EE6,0.052493878439858074
CC_2F508C0838A6,0.08705595041297585
CC_2F50EC193942,0.2186280263807297
CC_2F5BD03D4900,0.06624283879165206
CC_2F73AF6728BC,0.04256073847156131
CC_2F7EBEAB9CF2,0.19135916458339405
CC_2F9AD2BC25F5,0.0632888574821843
CC_2FA3172ED3FE,0.6796425312372449
CC_2FBEF8808F48,0.16680444929738594
CC_2FC014F0EA3C,0.09491579168998042
CC_2FC3AD2EC986,0.2548407236324457
CC_2FCC82AC097C,0.2912935301590549
CC_2FE2ED7D464E,0.26465500373019984
CC_2FFCC9802D2A,0.18053442020670948
CC_2FFE32627DF8,0.2084566155607182
CC_300BEA90EF3F,0.15826500497288784
CC_3017B64D0364,0.21232253139855348
CC_3017E5E87C94,0.1427657991321686
CC_3028375CC87E,0.7920308405365692
CC_302A48CFCEDA,0.07270018167663134
CC_3031F96196BD,0.35113120722541324
CC_30328ADA0AE8,0.09213913097159644
CC_30451015D913,0.027157869218005982
CC_305D33AC15A9,0.7512477010960887
CC_306015CFB66A,0.1562890896785996
CC_306413849CEA,0.42669930200344397
CC_306EF0BC7CB3,0.027305328538236043
CC_3075C5B861A8,0.0956795316552132
CC_3083D9B76858,0.043327151747039654
CC_3096994A495B,0.20359597999760307
CC_30B106BC1657,0.18762370846489246
CC_30B967417C42,0.20554404124924808
CC_30CABAFF5453,0.08233742119429198
CC_30D68208FB23,0.35547745136243275
CC_30E2A90BACAD,0.16920326472731773
CC_30FFD856443D,0.6078370425969021
CC_311EF26786A8,0.08795474345258972
CC_3129843EADE6,0.6825138534598403
CC_312C34EF683B,0.04808689044042429
CC_31302B64C078,0.11548436730302972
CC_31344A25B569,0.028228864253475892
CC_31397A399AD5,0.0735150963767618
CC_3145B5EAD7AE,0.22354572993732208
CC_3146EE0BF81A,0.1356477949774687
CC_314D02632843,0.3249170828399963
CC_315133406E42,0.24471525147548914
CC_3180D1C6FB7E,0.25397440934551707
CC_31827EE8A968,0.2945473178939075
CC_319BE06CC27F,0.03647099042637852
CC_31A0A97AFFCC,0.4798142641795332
CC_31B22116E36C,0.16678718855717295
CC_31C78D9B6494,0.3837569802134358
CC_31D3FA367B41,0.1189168189024255
CC_31DAAB3E6DA7,0.16522926501150864
CC_31E36F666FB7,0.08148237244338637
CC_31E72EA14FE4,0.10396269285823721
CC_31FC6DC9482C,0.2313913535439121
CC_32076DA6AE23,0.16011155755486006
CC_3209FA12D938,0.30772228876450053
CC_320E17F947CD,0.429325953407074
CC_3223C706DD92,0.23988014827374768
CC_322EFB2E377D,0.1026502964175976
CC_3248EB928073,0.07623604076052795
CC_325D5DC52B1F,0.08481968828122813
CC_32662A6DB78D,0.1679186983088647
CC_328DD3BA068A,0.2360085079570509
CC_328DF7798F91,0.15480721053102212
CC_3295CFEB188B,0.08793684154388005
CC_329DC79286ED,0.691574484943847
CC_32CB77D55C73,0.125968284860344
CC_32D129B9E651,0.09564144734724664
CC_32DB12551D37,0.6486784090100808
CC_32F00D77D5CD,0.11174645846867765
CC_32FF5F6892D9,0.21825833786875218
CC_3301EF60877F,0.12708779626447012
CC_330F334BD816,0.1177239785144281
CC_331285B3494C,0.2131111187843493
CC_331364283D5C,0.11381910915411726
CC_331718E0F54F,0.17506903723866932
CC_33194D48FF66,0.08117387140991116
CC_331E8B8BCAB8,0.06634936976859915
CC_33254134ABA9,0.7818964972651254
CC_332E42439579,0.09746127038177539
CC_333102AB964C,0.1489364698314003
CC_3338AC0E8112,0.25619440474890676
CC_33656EEDE6F2,0.39402980279883965
CC_336777D934E0,0.4712921621989704
CC_336DBFE464D1,0.5219684597057898
CC_3382BB2F3152,0.14016472110019584
CC_3387207793E4,0.03792938990840102
CC_33992C973839,0.21215807286855162
CC_339C36703675,0.09306656185093584
CC_339CA5814519,0.10649333760005879
CC_33B157F2A921,0.12239278252344349
CC_33BBD10F239D,0.06510470314083208
CC_33D3B12EE56E,0.08656209491034828
CC_33DB68EA27CB,0.10227465522243252
CC_33F0B95E70CE,0.22110935483888672
CC_33F40275D630,0.05049115095947785
CC_33FD5DE22692,0.08175324501779363
CC_340961106343,0.11923385239542292
CC_340BB1F4CEF0,0.1459220387108187
CC_3410B11F1FA3,0.1597468685779495
CC_3424972707B6,0.6517742402136804
CC_34452758A645,0.028278684304969128
CC_344D239879D6,0.13683213520948534
CC_34503B6891CE,0.22253848164226153
CC_3451722A3813,0.07231545596019036
CC_34517B513D8E,0.4704978702090339
CC_346ECB4CF2F8,0.09924487933700564
CC_3478E8B6B56A,0.06225055207849949
CC_347AFDE16722,0.08492727459491083
CC_347B1A01467F,0.043774127959533796
CC_348AA62FF484,0.291875093124768
CC_348D3F098A4D,0.08889918974708111
CC_349290E4D0C9,0.14539206397857607
CC_349347D553D1,0.2702973115672962
CC_3495CE27BB05,0.2572395426011175
CC_34B10A654721,0.15205218912082183
CC_34BD2C5130C8,0.13506604145922785
CC_34C433439160,0.05998961755098918
CC_34CA271F73E3,0.30503336881306736
CC_34CEBEA3B15A,0.0686359785572444
CC_34E58CF793A0,0.1587335103468891
CC_34E6909B6027,0.512327101902305
CC_34F4292A8B5C,0.1964906309346753
CC_34F6DD223594,0.04454158817311855
CC_3508A7A5E9EB,0.1478612144634606
CC_35094977DD75,0.14768835666182328
CC_350DE157CE6D,0.16002609913904703
CC_351BD5C2EE8B,0.022160304715137087
CC_35486249EDEF,0.2112446469273631
CC_354C9ABE6DDE,0.06539721513679253
CC_35578162927A,0.11342862906657275
CC_357C3E7518D3,0.7441530559033676
CC_3584C15BF11F,0.03564519181844982
CC_3588C5166872,0.08731310372774556
CC_35A68306B19E,0.2562952977875886
CC_35BFB3093D02,0.0470924430808138
CC_35C085ED37BD,0.5333087258189153
CC_35C695C13279,0.07120923324789587
CC_35D1668A4C13,0.22053156403056282
CC_35D27495E0CB,0.7805320756574871
CC_35D562E1DBE1,0.6953287426797439
CC_35DCDC74A757,0.47724303596607476
CC_35EC2AB1D1EE,0.14379591889833365
CC_35EEB90317B9,0.6041824500078172
CC_361A9EAF7706,0.28606496702597034
CC_361B968FEB98,0.3083248549473902
CC_361C9FA031A7,0.7686932124717126
CC_3620C5D1B3E2,0.06181183366355203
CC_3622D7221940,0.035023012742295676
CC_363175E92F74,0.31382213990179975
CC_3638C9146BFC,0.15520072246620606
CC_3643A4C7EC5C,0.059180111209781894
CC_36690A9AE112,0.7269486918639096
CC_36719170F638,0.08852465378654652
CC_3673466BA7A7,0.07984449271395883
CC_36847054DF52,0.3455338165409614
CC_3691CE792752,0.7421002739550456
CC_36A27FE53743,0.49959455832037913
CC_36A3FB06D1D8,0.7760961088472015
CC_36B0F2AD5413,0.05918550146358218
CC_36B1B7BF5F75,0.1710700847499882
CC_36B68E66951E,0.45719625000719877
CC_36D3F09AD810,0.43073584368760204
CC_36DBD8424220,0.5541595001619679
CC_36E5645D8018,0.08610313866572038
CC_36E6592E4E23,0.17886965345867512
CC_36F143AEC864,0.09213241483717584
CC_36F2A735DF73,0.18887868834403665
CC_36F81C003E8F,0.033064146707210335
CC_36FCD55EE425,0.5369203858212872
CC_3701D5DB7FA1,0.07891391514358641
CC_3706E1EB2587,0.5651166283063684
CC_370E0F8EF86F,0.585393071462753
CC_371D47444D5B,0.6956796195032289
CC_372CFE308EA4,0.6504457662077759
CC_3731D90357A6,0.25181674321994163
CC_37322F66C543,0.03442879212487043
CC_373539DE38C5,0.13473009981168665
CC_375225700242,0.3222195353076366
CC_3762D0B6F3C2,0.12007476293602784
CC_377A277E831A,0.14891882173033047
CC_377B6066B91B,0.2820436546665567
CC_378D71726B5E,0.07740362146313459
CC_37A46BD0DCBF,0.04227367068901442
CC_37B447368F02,0.711946240459918
CC_37BFDFE369A3,0.219841005182146
CC_37D09FE492BD,0.07411001983935948
CC_37D3F4C07235,0.304222812130004
CC_37DDACE48E3C,0.13001775624052633
CC_37DEF85C0A37,0.30737373889770053
CC_38020CED9EEF,0.08504657820126063
CC_382207621EC5,0.7924142916934354
CC_38374AB27F95,0.0807040775817262
CC_383A5544DD5C,0.13248253027573823
CC_383C129A5B96,0.23682449338454392
CC_3847AAA649C7,0.11932133791210431
CC_3849D992C1E3,0.08409675839530192
CC_384BB17F0F0B,0.6106838394621992
CC_3851177E5E76,0.0773770865367252
CC_3862F88850B8,0.2888570668789766
CC_3867CFCFCC94,0.24487742915428806
CC_3872ED018F85,0.17518257259413178
CC_3881A587C072,0.13548439692034905
CC_3882F8EB5EEB,0.5973474202962875
CC_38911341EA6C,0.0879452331480603
CC_389E5B71E254,0.6078571775635001
CC_38A0DBCD3728,0.07753023993572465
CC_38B3E9142747,0.09445264003005284
CC_38C1B8860300,0.04967731133655141
CC_38C8CF250B60,0.028324348215628403
CC_38D32B790B4A,0.13739761477919227
CC_38EB304A9915,0.18231685178111656
CC_38F26461C872,0.7573831023974348
CC_38F942257E28,0.543293200811693
CC_38FA5D78A8A7,0.050592479275936846
CC_3903D7BCCA95,0.06608339888813389
CC_39043D7ED04D,0.19181274528945405
CC_39098B256732,0.06561389204869092
CC_3909A2E4C679,0.13933701558066808
CC_392344DF8D55,0.34156858221458597
CC_392628C8AD47,0.09852637886299542
CC_39285F4C42BF,0.4036275148450174
CC_392A376EA1A2,0.09508459561032903
CC_3932E086F150,0.17398567389009129
CC_393D1D3640D0,0.06853859180102295
CC_3943B3490B49,0.6786334087638091
CC_394DE164DBCD,0.13991095907685985
CC_395600E84A54,0.12926521706774058
CC_395D181A7E1F,0.10455581338820938
CC_395E8CACC437,0.1350467631900682
CC_39635AC6A70E,0.06291248882202774
CC_3969352E3ABC,0.09491384500379718
CC_3985C0DF9CB5,0.5614388993619082
CC_3989F2C6A9F8,0.21412062456190614
CC_39A82672A1B2,0.07942330541894463
CC_39AA15DAE17D,0.6060719934108663
CC_39AA2A3D98CC,0.030495415950641036
CC_39AC257B00C5,0.10348159200774601
CC_39ACC63CDAEE,0.11876586404335124
CC_39CE40784C2C,0.2027850456374195
CC_39E1A306D418,0.14694119186362972
CC_39F2B11C46D7,0.08633040185644215
CC_3A10F5F50A27,0.04988051413525102
CC_3A27CF9D162A,0.5973913229817648
CC_3A297424A7F7,0.11465704524385
CC_3A39F7930BF3,0.08953477965700998
CC_3A57566F9977,0.5926686950687118
CC_3A61121254E6,0.047721194051837015
CC_3A81C568A7F8,0.19579658280868595
CC_3A82E7050A4D,0.03857683920958897
CC_3A860AADE6CE,0.14895118289015785
CC_3A8B3FC29C9E,0.13226212039968915
CC_3A8E9056A5A2,0.09608287441847264
CC_3A9617A5777D,0.4532581546818349
CC_3A99D25777CD,0.14434733738950284
CC_3AA9E8D01340,0.5701089796477884
CC_3AAEFC09C290,0.7162139741831912
CC_3AB5E579843E,0.26834109830652086
CC_3AB77A30AD40,0.17776531890580627
CC_3AB7BA36A414,0.33568992919883156
CC_3ABA830A5BB2,0.11558634531397868
CC_3ADDDA550A57,0.10278380478676663
CC_3AE7B1151DC9,0.13301417490610695
CC_3AE9A209EE00,0.04366091269932997
CC_3B06FCD75C98,0.05883876100855631
CC_3B0722FB5E8E,0.2929160284257514
CC_3B1C51DD7429,0.18074073791882506
CC_3B1F4696D710,0.6144564734177983
CC_3B224413A072,0.2510392875159121
CC_3B35C3783CCD,0.26474820783445885
CC_3B3626F3DF9F,0.23318601376865342
CC_3B4405C7E486,0.5498857595587315
CC_3B4C4A9C9D99,0.25606394009347777
CC_3B72F0E9E3F8,0.23699290030221984
CC_3BB02A95C6C1,0.7202965828879783
CC_3BB8B675C2BC,0.3729792721480841
CC_3BC51B069218,0.11006350572299924
CC_3BCA5BD201AC,0.1702034384126322
CC_3BCAC9793441,0.30966478949216
CC_3BCBC867AC4A,0.040035019848168776
CC_3BE51412ABE7,0.431804947575517
CC_3BEA98B401CD,0.6777305190713152
CC_3BED6DF1ABF1,0.17749574645347255
CC_3BF0BF7CF827,0.7873246396627205
CC_3BF110035599,0.6131056071549716
CC_3BF213810DEE,0.6650369758473982
CC_3BF21CA88D3C,0.46371539566162917
CC_3C0E29764C71,0.057953218731878434
CC_3C19509D4636,0.16271277176719545
CC_3C1B038BB068,0.16802106729090244
CC_3C594CADCA2E,0.20149327998200323
CC_3C5D909498F7,0.6262246203394599
CC_3C68D5179A01,0.11784656904254462
CC_3C83955704BA,0.7748809407578915
CC_3C93218F41B2,0.28569064901810914
CC_3C9CFC8FB4D1,0.691267589797717
CC_3CA266EB55BE,0.11981876279780238
CC_3CE49C937F7C,0.0911037267092665
CC_3CEEB9C04F0B,0.3761149713716035
CC_3CF504AD4DD9,0.06749134687428732
CC_3D1092DBC5C2,0.2181524338568182
CC_3D185833E7BB,0.03862186721866255
CC_3D2309981121,0.33271847078778544
CC_3D27A0086AA6,0.20282782634183535
CC_3D3BE7D0F4D8,0.12639941203036914
CC_3D412B5EA919,0.0873216482853093
CC_3D47650C6F30,0.06464973870175032
CC_3D55D1FD8457,0.05497181328829987
CC_3D599501BA76,0.07821979439123894
CC_3D6181EE3C87,0.6660408922393664
CC_3D65CC165F44,0.1441423712332467
CC_3D6CF6DB8014,0.3802565480478336
CC_3D7C14801D40,0.179116839711759
CC_3D836BDBF866,0.6473428037085391
CC_3D8DF3A3DB71,0.7469184340363091
CC_3D9309851089,0.1884928651461662
CC_3D9ECB4274C3,0.11928031048349294
CC_3DC8A9A92802,0.3154263693133079
CC_3DDD3813D1D4,0.09236028404721644
CC_3DF3FFB3CFC7,0.10732313877887978
CC_3DF88701601B,0.15568847161934057
CC_3DF91A482CFD,0.32114854235178847
CC_3DFD6349D046,0.6500088615738492
CC_3E0D54125AE0,0.180965640845537
CC_3E10CFE1DD57,0.046155119072135854
CC_3E13CB98572B,0.1365893432352348
CC_3E142C8ACA6F,0.09103431881100779
CC_3E1BAC4E5B90,0.07472620987587673
CC_3E2DD0D1E2D8,0.15303587123291143
CC_3E403BF08A45,0.08997333451692821
CC_3E46368104AE,0.09710571542182111
CC_3E48A086B5C7,0.24106939602910007
CC_3E54451B0F6D,0.08969511643171528
CC_3E6335ED3F4F,0.078822909123419
CC_3E87A65C50A5,0.15052299287465454
CC_3E91109E2090,0.06100482918011397
CC_3E92A1EDA618,0.25515269800049417
CC_3E94684FE270,0.44640786425690604
CC_3E9DB402F352,0.15073662033731733
CC_3EB5A15A6C04,0.7904817127696746
CC_3EB8A9A6C49D,0.10340244231902085
CC_3EC96BC884F2,0.12219645962698401
CC_3ECA9E44B90F,0.2960259697239251
CC_3ECE4EF16A44,0.1613047285279982
CC_3EDDB8E70F57,0.20955369925014022
CC_3EDF137D0E1C,0.1387170285480301
CC_3EEEE844410D,0.3663808768947098
CC_3EF4F348C967,0.11739761611861338
CC_3EF91DD11A81,0.14063228883589213
CC_3F08C55E7A40,0.19143970447923728
CC_3F171CED0CFA,0.026482409064858957
CC_3F2544EFA753,0.1412701789411686
CC_3F28F3286CCA,0.0785732853751145
CC_3F379CB37B0D,0.18646127367273924
CC_3F42D798AB1D,0.6379399691190908
CC_3F48724540D5,0.16508474794530234
CC_3F68068E2D5E,0.11075543378044524
CC_3F7FBE71B77F,0.05811437701310984
CC_3F80017B8599,0.047885464060770884
CC_3F8B17953200,0.06652823376503494
CC_3F964BADC4BC,0.7361739038097435
CC_3F9767602FCB,0.20430664905122653
CC_3FA84F0B23CE,0.04678394802760701
CC_3FB4B189143F,0.15245740109355113
CC_3FB7C976EB26,0.4780022750136548
CC_3FBCEB2F36D5,0.13635684715124358
CC_3FC4FE843245,0.12607399412947076
CC_3FD52E32FE8B,0.6655813222990301
CC_3FDB44EC6254,0.05778299121550817
CC_3FEFBD6DC62F,0.24530178993545015
CC_4005466D00ED,0.3255856859060473
CC_40095FFBC1A2,0.05720119509950325
CC_400F1887A662,0.11271876820316412
CC_40133FF3069C,0.0819563357971302
CC_401C6F0EED5A,0.11004170073762747
CC_4021AD03FA01,0.1173973523079804
CC_402E91F3A56C,0.12078810273710322
CC_403754B6988D,0.11309402253029316
CC_4052DFCB1656,0.22507230753115143
CC_40579C5C13D5,0.7999771136387394
CC_406937FF97E7,0.08628584751878107
CC_406C4233347A,0.18650380820405138
CC_4073E42E11E4,0.258426738025366
CC_4077BB12A5F4,0.10338887240809114
CC_4077DD5B5C4F,0.12335268253270648
CC_40824D899215,0.080995584365605
CC_408D79189FBF,0.31492692627862345
CC_40A3F1D5EA0F,0.36502090836788836
CC_40A852A592FB,0.11684317008607473
CC_40AADA91D560,0.2126781416481252
CC_40B39CB2CC58,0.03198112613632418
CC_40CE2030F058,0.056169820199263296
CC_40EA2F8481E8,0.1710133388679925
CC_40EFD7778F98,0.15461676926703158
CC_40F278D49681,0.2760950092945522
CC_40FFCF631F19,0.38970220550055434
CC_4101D1B82788,0.20834241231469414
CC_4109B79A4B06,0.03735580851991282
CC_4119348F051A,0.10993018393845691
CC_41206EE45803,0.07418284524969701
CC_412DF740DA62,0.13747928260742512
CC_413AB4CA7451,0.10539453917317854
CC_414C06C60FF7,0.7131030020409601
CC_414F50748A51,0.05445442811589772
CC_415C65EA66AA,0.04749699862355983
CC_415CED95F7CA,0.1378358482257748
CC_416584250060,0.10164099109634715
CC_416B3A1F0F0B,0.1022022391018142
CC_41735021FC7A,0.17567994551790153
CC_417858CD20F4,0.09639255640028585
CC_41902EFB3974,0.0418347358373503
CC_41A27790EFBF,0.1300800987864414
CC_41A4A223F39D,0.10992329243850953
CC_41B464757ED6,0.13125874154586975
CC_41D1A87E1136,0.43748706775681345
CC_420FE297808E,0.04426558276848743
CC_4211096D5588,0.14256579396355668
CC_421F4D78128B,0.4644882534699695
CC_422F2780C85A,0.3210164071347843
CC_423B0296BE24,0.0736278256766295
CC_423E78000AA5,0.1505383432202355
CC_4246081DD359,0.09674437068236438
CC_4249EDF2FDCC,0.7940832520216335
CC_42568C67F412,0.36566738183383624
CC_426A25EA9E21,0.7359025530911598
CC_427ECDDEECE6,0.3001373928892489
CC_4289EEC8F0A2,0.18189803329069754
CC_429A7158AD07,0.15114555475133806
CC_429C51AE729D,0.04136810464156752
CC_42A0DE1E5E80,0.0752599947553715
CC_42A7D0F5388F,0.08789725217465567
CC_42B23C8C9F66,0.19983111220698113
CC_42BD3999AC3E,0.23872326164642113
CC_42C95B199130,0.4187269763241999
CC_42CD6CE97523,0.4434920862647379
CC_42DA114F12A2,0.24694124074053958
CC_42E2736AA331,0.20189625381583165
CC_42EA825C351B,0.4510165304815982
CC_42F1B2B4D258,0.5455947386552049
CC_42F4588EB38D,0.298294861900417
CC_431F29A12E99,0.2360452108369468
CC_432EB78A198D,0.2449609824780548
CC_43383344BC72,0.1810126912765989
CC_4339187DD10A,0.0613297805559484
CC_4344A2E7EA1F,0.5009587420463265
CC_4347468ABE51,0.582169519709129
CC_434894BC2577,0.046800946334344326
CC_4362DB93FC92,0.0990055326039898
CC_436850DDC704,0.1374668084058351
CC_43698E2EEA0A,0.10719874982406194
CC_4387F73F131E,0.14572394612889958
CC_43A33C994C70,0.35700593610589126
CC_43ACD82B5514,0.29777930059958085
CC_43B37131B8FA,0.21008333935171775
CC_43BFCAF8BD20,0.1724116059731834
CC_43C060E01266,0.20642746623735928
CC_43C41AF27375,0.0542380955432762
CC_43C5AFA48B93,0.06299560288961922
CC_43C767A44C55,0.20603683079721838
CC_43DECAB53552,0.04448905332074086
CC_43E6D931158D,0.3642049214052212
CC_43E9F88019F8,0.05750329797950243
CC_43EBD6EBD675,0.06550158901847375
CC_43F81C577002,0.31957002703556986
CC_443C4E041687,0.07540088169769564
CC_443F63BF238A,0.10438957657038184
CC_4463776F9AA1,0.09384114900313147
CC_446F1EDF03C8,0.06136421503548379
CC_447BAD4F7820,0.8174691285276405
CC_447D02F917B5,0.05661821048689903
CC_447E705746E2,0.15287363537734416
CC_44A017104F93,0.6458386941627199
CC_44A1E58CDBC0,0.04816737244111739
CC_44ABCC04C418,0.07626968892572028
CC_44BF6BCCFC2E,0.046513994659332085
CC_44D0671A3B87,0.1316617456859985
CC_44DBEE3A7D81,0.1911536332978826
CC_44F7DD6A88A1,0.22530352803533094
CC_45080C42280D,0.1939278941714948
CC_4524AD74135F,0.45128699533513195
CC_45262103231F,0.2019800755308659
CC_452D8C5D039C,0.7830406036495379
CC_452DECDBC90F,0.06819681115798414
CC_453C9B3A5992,0.48367804581014817
CC_4542AACA1FE4,0.10850077140174406
CC_455209549D3B,0.7790553688395556
CC_4555C804C4D0,0.06551584026912614
CC_4581E4190B2E,0.10812400126815588
CC_458912F91D6F,0.4324020370221002
CC_45913E1BE65C,0.32240894753546223
CC_4594791FB40D,0.11711622959645536
CC_459B49073E2C,0.3577375254968906
CC_459EA8E0E2EF,0.1339048089057614
CC_45A4A38557E9,0.13350994891509277
CC_45ACE2B1DB6F,0.06025255709877643
CC_45C1A92F0E8D,0.097183448231524
CC_45D0673EDD20,0.1640718361497132
CC_45D70DC84DA0,0.1113440504076769
CC_45D96479EC1E,0.06066762282884892
CC_45E8597BF74E,0.06418373422591209
CC_45E97246F83A,0.2841358097617159
CC_45EC44761309,0.13696844211333276
CC_4603A6F83E2A,0.05882913608437809
CC_46045CEE8330,0.059559540472646604
CC_464E17187A4E,0.41123548398668297
CC_4659FB4B8536,0.14598046507561938
CC_465EF4F9B68F,0.15359910544587707
CC_4663FDE62E3A,0.2772276990974027
CC_466D54BE0809,0.07661690029579389
CC_466ED9BD34B5,0.07338047783162191
CC_466F7908E13D,0.20718317442422335
CC_4695A5525A11,0.18024427076124824
CC_46BBB8A4854A,0.05299842008066072
CC_46BC61EC8F2E,0.20114120344658792
CC_46C0DFA660B0,0.12418149784537326
CC_46C2DCF84CA0,0.10840915369936142
CC_46C38B9F0D8E,0.09856076639913286
CC_46CAB9AE7C87,0.5400908933394896
CC_46D0D1ADEA59,0.17964776344826786
CC_46DFC1AA0821,0.7738084523981581
CC_46ECA5976180,0.1249363477594831
CC_46F5F6D27991,0.09012369623423491
CC_46FE9F226120,0.22837641531244957
CC_47130CC63FC5,0.1819165540687355
CC_472330768F5F,0.08744845265546254
CC_47292EBB8BD1,0.12475518422071136
CC_4734AB1281DA,0.062030131695557496
CC_473989E6BA47,0.27730796402773616
CC_473AE07014DC,0.16612021300050134
CC_4741EF45C3DB,0.22066186110025804
CC_474586BE49EB,0.14513510379655303
CC_47490BF44944,0.31930474406149884
CC_477213DAED38,0.08165592671687419
CC_4778086276B7,0.15584620291674872
CC_47910B073CF3,0.1718808063466577
CC_47939776FDF6,0.7127084929034102
CC_4796F6A64420,0.06560366006097602
CC_4798549B52ED,0.3075048765646925
CC_47A3714E7D2E,0.3039961299099727
CC_47CE219EBAAD,0.16911220692019444
CC_47CF9074E03E,0.16712029449364046
CC_47E4537A53FD,0.14834866191730248
CC_47E8BC938FA1,0.1414325604932331
CC_47F134D17818,0.13440525142923154
CC_4812FBE05C7C,0.3529868804002777
CC_48152725FAB1,0.5357098170063255
CC_482256495FAD,0.6714049081259813
CC_4829FF15D21E,0.13955951973119152
CC_482D26D81935,0.6333916546605592
CC_4838990A8D02,0.05544944091346004
CC_4862EA9CD1DD,0.05002777917839893
CC_4862F8C1B0AC,0.08756061354294076
CC_486CD67D26CF,0.17226270756057616
CC_486D8F9AE549,0.33637783295588225
CC_4877D1BDB737,0.12188162045113246
CC_4885E34F0B26,0.12852354000993285
CC_48928CA8082E,0.15728306603852749
CC_48A74FF0E6C5,0.08607967728190566
CC_48E0791DDD62,0.06954512402970346
CC_48F620B6A472,0.10702688162733706
CC_48FDBB1D7493,0.1336125147802702
CC_4910EC928152,0.1367014868785311
CC_491C18C17767,0.059962494661778123
CC_492F65EF8D9D,0.7808193066387781
CC_493DDD53B97E,0.055428460035804664
CC_495F82AA5B9B,0.16376181450410587
CC_49618412FF86,0.08002005102084783
CC_496A7CFA344D,0.7581683796656264
CC_4983EBABAE3F,0.06667270113723933
CC_4992C1915957,0.5529640753189262
CC_4993B31028A7,0.08417158741683373
CC_49945441A644,0.17779688474538416
CC_49A80692BC68,0.11291609021691727
CC_49AB67613A58,0.1688606189183518
CC_49B05CADDD95,0.5646458437019815
CC_49C6F9AD111E,0.08563026630153066
CC_49CEB94F0B3B,0.04381675287245561
CC_49D3A79B55CD,0.07769304966792673
CC_49D6671DAE8E,0.11930295257643542
CC_49E6C539B1CF,0.05916407578891117
CC_49EEDF0DA684,0.03258675182536017
CC_49FC290E33A7,0.1911195361058911
CC_4A01CF2F67D2,0.7280170595134187
CC_4A16DC668832,0.5338819010159663
CC_4A212461781C,0.07111667077049261
CC_4A237A8E6706,0.14489092319473004
CC_4A3DFA0E27A4,0.13438391674100403
CC_4A513D39DCE3,0.04683394367026261
CC_4A532B0E6165,0.17202648975975218
CC_4A5FA9F1C804,0.10116214935033092
CC_4A7BDEC665FF,0.05574456117517569
CC_4A7FC9B23222,0.3395499299790521
CC_4A8A7080FA25,0.26483435398578226
CC_4A8EFD589879,0.06054088289036426
CC_4A8F7D2B857C,0.16336358937169246
CC_4A91E8D4289D,0.3950308768611096
CC_4A93163A12F4,0.31535076592390654
CC_4A9FEF48EA65,0.11684354307404583
CC_4AA73D751AA5,0.3165437936765819
CC_4AAED0C85F70,0.14238475834228437
CC_4AB1DEF044AA,0.0406674818206879
CC_4AB5AE299217,0.2181580184950162
CC_4ABA0CDC2270,0.18066288829594462
CC_4ACFFC2F295F,0.6019292289351189
CC_4B0490BAB1B9,0.07368480587433203
CC_4B28B03CEFEA,0.09041077952293936
CC_4B420765EB9A,0.116691123763809
CC_4B47C16D9867,0.11986264346394124
CC_4B494C4D7D03,0.425909880313338
CC_4B4C84B015C2,0.04088161773003891
CC_4B607295E983,0.04422556933879215
CC_4B6D24E81483,0.06261773392259933
CC_4B77AF6FAF2B,0.6562223862411467
CC_4B7EC3F2FFBA,0.06036922928799342
CC_4B85318DFA50,0.12652952377966156
CC_4B9B36B36DA5,0.7446216739669352
CC_4B9E0AD5D692,0.5480288013671158
CC_4BA041C9678C,0.1197425798177632
CC_4BB40F2129A6,0.11337167084502972
CC_4BB8FD274E2A,0.053794182367389136
CC_4BBB8118FBBB,0.14900150142822371
CC_4BC8CB91719F,0.1324910062511854
CC_4BE447D54BB8,0.17530995800894267
CC_4BE85B1BDB62,0.3291550078094024
CC_4BEF3C7F6395,0.2619104016321506
CC_4BF03FF61B97,0.433746430243116
CC_4BF4C38EAE8D,0.22911709445455933
CC_4BF95B8140C8,0.09470023792324235
CC_4BFE0CB61B5A,0.4184059259599087
CC_4C2A3F254101,0.3644804993662557
CC_4C351DEB6230,0.23724925313699796
CC_4C38031A2A9E,0.1006829102552429
CC_4C3E35875F03,0.09935512388141944
CC_4C4D79F933B2,0.11265564052295252
CC_4C56497F4AB0,0.6453707412914728
CC_4C827B493CFD,0.17943076200895952
CC_4C849C6073AF,0.13063098382987914
CC_4C869E6F618A,0.1419655244255945
CC_4CA21C15763D,0.1292308439140381
CC_4CB2F1CAE684,0.1154218543630567
CC_4CC0265E0778,0.0504621551834804
CC_4CC5483903E9,0.5474254004737633
CC_4CD7C76FE235,0.4396897429308747
CC_4CE2BFED4F4C,0.08377942289651928
CC_4CE751CB58FA,0.4119747525186081
CC_4CF3E184C500,0.04218306014275669
CC_4CF668E60D64,0.2423707304213107
CC_4D1A1AF53E18,0.040370787091839964
CC_4D29155FCF33,0.2284214443000791
CC_4D2CC7618AC2,0.5615695141028495
CC_4D350FF7402B,0.337117639198268
CC_4D38AE84E3CB,0.1825387790399403
CC_4D4140E1056D,0.08791434416318664
CC_4D5545FAB130,0.548385086623368
CC_4D55E218946E,0.08218283421887268
CC_4D5E14BD6AFA,0.09686548632048117
CC_4D78935D66E9,0.062496674959056364
CC_4D883AAAC6C9,0.030529743064311082
CC_4D8D8108C51E,0.6102824844156781
CC_4DB40331777A,0.7959571013143957
CC_4DBC8652D26F,0.09576749177676688
CC_4DC0E154EBB0,0.6928031228976512
CC_4DD5B8780C4C,0.10296507543442107
CC_4DE0070FF683,0.11661135129713653
CC_4DE688CDBC27,0.09178459559454037
CC_4DF37857FCEF,0.06289328343321984
CC_4E20F0249BC6,0.7487902126844405
CC_4E2F01B7B9EE,0.16423657458432941
CC_4E41C247B4E5,0.1464376837321964
CC_4E479F6989A1,0.0664498107733233
CC_4E48AF17BC29,0.08113631083263917
CC_4E6BE67E3C4F,0.04274455164632529
CC_4E70939C5933,0.47904954091107543
CC_4E70FB172717,0.18746509069632722
CC_4E726EE8C026,0.21416831356256794
CC_4E76F48DFDEF,0.09658721533330573
CC_4EA180B2B913,0.03564808563937773
CC_4EA67A160C3E,0.6056973379963463
CC_4EE41FC91AD2,0.20896069848731413
CC_4EFECC6C2E36,0.6455130912357847
CC_4F22CB97C34F,0.03868034313998429
CC_4F2444DC6C75,0.7848328098674138
CC_4F2B7F512DD5,0.07315889795959571
CC_4F504A9744FB,0.11498742264599199
CC_4F6FEE589187,0.15496800628897933
CC_4F71AAF96C32,0.09345741604989309
CC_4F76E57C55EF,0.3914777157011752
CC_4F88D3E5AA2E,0.038200095672787836
CC_4F8A4384F6DE,0.13806468367447255
CC_4F8D83DCCF25,0.22164575104003026
CC_4F956AA47816,0.6981063858104383
CC_4F99FCEA10E8,0.11383350102493384
CC_4F9F10A183F6,0.07628161432088595
CC_4FA766935F14,0.12630614332558043
CC_4FB0B9E398F2,0.32152922724077276
CC_4FD0DF6CA3AA,0.04590033893596607
CC_4FD902F7ADEC,0.08268765330056763
CC_4FF1155E3A6B,0.4266523608652094
CC_50103368F241,0.08543447643155591
CC_5012B9991935,0.10321005502053127
CC_50172FF2C2C1,0.13765394464658723
CC_5017C9BA7773,0.053165167141661154
CC_502C3D0EC4CA,0.12851213840204873
CC_504157951119,0.048681977382592244
CC_5042938B5A9A,0.4428707979059314
CC_504A57293FE4,0.7980548329557855
CC_505812CFE43B,0.36315223664653207
CC_505A6EB06E39,0.3206032517428847
CC_5064CCE0EF29,0.22325905599247364
CC_507BDF639FB5,0.1791814748533742
CC_507E53684AB6,0.14374671517695703
CC_5087A0D1765D,0.23486770869178586
CC_509229AEC221,0.20116483392423165
CC_5092D3A72B03,0.24773997156604766
CC_5092DF691F74,0.47150844952081455
CC_5094BB59416F,0.2096543969483157
CC_509926B384D8,0.7556310666965743
CC_50A6C96DA7D3,0.04809096781050364
CC_50AE75A10F3B,0.3129426755939416
CC_50D4BB93EB1A,0.07029819402246677
CC_50DF7B02E356,0.20582678254369768
CC_50EB53CFE7F8,0.05448778984521953
CC_50FC7D563CE4,0.1725046402330096
CC_5100E6EAA3FF,0.18535085923634498
CC_510F2944B2A0,0.13577221913708626
CC_5128881AAD54,0.1549724821067619
CC_5138941DB7A2,0.13095496181415434
CC_5139EF8BEAFB,0.13998103395773887
CC_513E5EEC6B04,0.11790946584129207
CC_51427EF15375,0.28810466287051617
CC_5147B281DA64,0.39869099345482095
CC_515D968ED36E,0.08123008111547739
CC_5176FF858154,0.1088804424437493
CC_517CB40FB016,0.07732872572065111
CC_51884D5F3E4D,0.10471766736777907
CC_51AE98263438,0.13912296742382413
CC_51C9CE782368,0.18736648899562688
CC_51CC80D1570F,0.052796491247682806
CC_51D2E3476902,0.06544234284204974
CC_51E05E706D64,0.12804523020930492
CC_51E5A5E9801C,0.052975215866487166
CC_51F5DA44F9A0,0.3741026382450548
CC_51F6BDD355F4,0.04754519260465832
CC_51FE657FE212,0.08313293432729715
CC_520950C9BAA3,0.05796181817615795
CC_520B1D31AB99,0.12255957885285318
CC_522550E1761D,0.7588679242054104
CC_524CD519E76B,0.09182752649735842
CC_524FE9E3DAD3,0.43930872823685807
CC_52629A025048,0.12350040767059295
CC_526765FC100C,0.2316723597891877
CC_526E56249FFA,0.2989251016540928
CC_528B42A34966,0.27128229261938325
CC_5292B36E4882,0.24283747702372382
CC_529A2F110236,0.13339460507922793
CC_529BC4ADAD6A,0.20758599495905183
CC_52C1C5A6F887,0.08919957822281335
CC_52C3B674FDFD,0.22821749923161266
CC_52CCBB8F9964,0.08613241279698292
CC_52D21FFA24DE,0.736009804337262
CC_52D32EDBAA78,0.19670931179339507
CC_52D7821A8363,0.1290111742132247
CC_52D9087EBCD6,0.8000722296785123
CC_52DD62E1AC2E,0.20381319207490062
CC_52E8B04F0FA0,0.14309353010386267
CC_52E965E9E2C3,0.14830842300437666
CC_530BA492842A,0.2993442647894641
CC_530F6E906D6B,0.04255719623531411
CC_531FCFBE3B13,0.09184239597385904
CC_5320DFEAD897,0.17964634564249082
CC_53319AE7B829,0.640576574113456
CC_53481151859F,0.04283890102349068
CC_534D4FC05F82,0.17956341650715266
CC_53687DA8C9E5,0.34512840043839577
CC_53795A7B7751,0.05066096318116195
CC_538328A6B3BA,0.4667881927997557
CC_5385266461B1,0.18699191287794026
CC_53891CB35BF8,0.15362708692332358
CC_53A6E1083B13,0.06751683213612639
CC_53A77DA726A4,0.06973830532713185
CC_53ADBC2F6E34,0.2384214158668454
CC_53B249809561,0.09594318469576513
CC_53B2DF5B019C,0.0540943113688386
CC_53C1F3E031A3,0.1685892982804818
CC_53CBF2E8AD05,0.40566715263532027
CC_53D04793ED9D,0.07619860288070487
CC_53E23A9B6F74,0.06221983453087338
CC_53EB59C99100,0.43191859174687997
CC_53EB9AC04311,0.11340196313149557
CC_53EC732C9B30,0.030651461607178673
CC_540122E71534,0.12993733731630763
CC_5405C89DF8BD,0.6911360199253967
CC_540D69F5BA23,0.13570582298054812
CC_5414446319CC,0.6876236382114959
CC_5418410F95A2,0.08396936307602809
CC_5431A01C30E4,0.08111571826353998
CC_5452437FC605,0.38420593067853087
CC_5452979BF98D,0.062371059464196556
CC_546EE83F84A4,0.5086671713393641
CC_5473268241FC,0.15887010108974195
CC_5474EE64D859,0.27310146382942974
CC_5476E2B2FCA0,0.13559892779424076
CC_54892024F98D,0.19869237645091914
CC_54B33C66DCF7,0.09149579127603591
CC_54CF66B660B4,0.45145738209896125
CC_54D3A35EC69F,0.06774301081689033
CC_54D6AE2665AA,0.11088880173037552
CC_54D93974E62F,0.324667969725842
CC_54F5F552A0F2,0.1231461536167513
CC_54FC3B361BDA,0.09780172162668695
CC_550135E8FAC6,0.1388081907715825
CC_55020AD0D117,0.14815972179561893
CC_55094AF7EFEF,0.10438905278264668
CC_55126E23462E,0.034116226484291
CC_554C21CCAF3E,0.11819629948908647
CC_554C912C7DBE,0.06484569766669554
CC_556B02A2B401,0.2629839821992404
CC_557A0B0CD0F4,0.17756770273691597
CC_559A14E729EB,0.3089659360421452
CC_559F0DD4E4A7,0.3218089168208635
CC_55A82B4E57F6,0.1396643930321659
CC_55A98ABE4C75,0.13388607357372576
CC_55A9D45EA466,0.039722257600557434
CC_55CB872FF50B,0.2586745207352763
CC_55D9E3D58435,0.18332416741600008
CC_55DFF3C3BB46,0.0811665501972693
CC_55EDC3996984,0.162075145283718
CC_56013299D8C5,0.09850912680555764
CC_560B519C1F50,0.08218592424966749
CC_560CABF0F5D0,0.21986130457895375
CC_56178AD87948,0.24261581560344048
CC_5619A7BB54EA,0.11642547383906882
CC_5624319D7B28,0.10662455240314987
CC_5625119D6C37,0.21000333262209964
CC_562BE7245E1B,0.6937853135909473
CC_563684010DF5,0.5736543328990777
CC_563EA9A29338,0.10970510756995519
CC_564590AFB575,0.03464355937010817
CC_565E01191BF6,0.5848687904690298
CC_56612A039382,0.06651560689713602
CC_5665FB827721,0.5735870430567498
CC_566932C3CC97,0.0995994666937241
CC_5671D59B2A51,0.12522191906949243
CC_567E7DD24A97,0.0910790470446898
CC_567F47F37683,0.037598931476862295
CC_56847A91065C,0.10091401708748422
CC_5698480F8634,0.057253359543968915
CC_5698B024CECC,0.5961360840340749
CC_569DC051A2EA,0.10971752935740695
CC_56A322152604,0.3169073266581547
CC_56BFD9A8335D,0.3411164513869438
CC_56C9379BADB6,0.034094139324356613
CC_56D410FD8F56,0.3810936986366209
CC_56D4549919EA,0.1758765515009954
CC_56D918CA6353,0.12735078364537558
CC_56DB30CE666D,0.18108471279834243
CC_56E760C3206D,0.25218318125008693
CC_56F73F905615,0.8072568880992875
CC_570683C088DB,0.15323173769078938
CC_571C6AFD00ED,0.350736689189758
CC_5725663C3B89,0.12126204674188354
CC_57291D7667C8,0.15108933890973555
CC_57313F6E7927,0.1837118955774092
CC_5735F9B859AF,0.6157502623241371
CC_573B34826B2B,0.6294802256631332
CC_5744447CAF7A,0.06573193052466414
CC_574CC0FC7B05,0.10411310849949851
CC_5759E2982909,0.06723849887857053
CC_575CCCCDD7B6,0.6273921804355154
CC_57603A37D19F,0.04009042307777526
CC_57639D4995CF,0.21248510865259973
CC_576E6676FD55,0.06534976175622284
CC_5775C148E05C,0.12138092485410176
CC_5798E560E9F3,0.7650030775269675
CC_57A486F61065,0.5725594878647804
CC_57A726458B99,0.0594714291202128
CC_57B0D41BD7D3,0.34578583026197096
CC_57B501E60C35,0.07801865180760313
CC_57CA90509CB1,0.731457159453033
CC_57CB7673547B,0.06452927291204516
CC_57DE479CB61A,0.7295337574005785
CC_57E7F1A6B895,0.032682976188277056
CC_57F13C4115FA,0.3409355170677475
CC_57F480CA9A42,0.08253429275940882
CC_57FDFC6DE726,0.282365778132232
CC_5810468B76BE,0.14485010241561283
CC_5810F212B2EE,0.32152148723704305
CC_5817759E7007,0.14040377851943062
CC_5818B5089B3C,0.10442156152783305
CC_582C78363EB6,0.09225850543744796
CC_58391600720C,0.13075487859528934
CC_583D7B177F85,0.08124750885235754
CC_584C11014F63,0.13769447136810847
CC_584CDC12578D,0.05920214955635636
CC_5852F443C55D,0.07866995466167048
CC_58565AF0F70A,0.5465385743071556
CC_58568DF9AECF,0.17859055380984318
CC_5859EE6309D5,0.4668789130252611
CC_5872B45E1C19,0.7456104385667081
CC_58797A417EEA,0.21008623448862662
CC_587A4844B482,0.21685074242443453
CC_587C0CC3DD82,0.647341101478028
CC_5881A04052CE,0.09148256970485247
CC_589A4E02EF81,0.14206042036699548
CC_58AB46E5655E,0.14695549866613894
CC_58B0CFC9F3D2,0.05852183858973645
CC_58BEFDA6B4C6,0.12235073711339103
CC_58D95C7247D5,0.051021982106519835
CC_58DBF3409D48,0.0617801037004118
CC_58E35A47B880,0.16117322903602863
CC_58E40EFF57CF,0.39882331496066453
CC_58F551219BD6,0.043866521723408415
CC_58FA76C6C45C,0.5749451546082887
CC_59018149723B,0.057660544206149585
CC_5904459ACECB,0.7698052273437199
CC_59088B2886E8,0.03709370504596815
CC_590D2E0AD18E,0.5940647282437412
CC_59146CA05E8C,0.06334305060070815
CC_592592397DC2,0.5178086250009675
CC_5926F5B4E054,0.16543755850090236
CC_592A5A163624,0.32823707682449665
CC_5941C323917F,0.0737735992727676
CC_594E4E86A1C6,0.21725800639870957
CC_595ADAA76A32,0.08599854921183067
CC_596A20270C3D,0.1631943142939417
CC_5970E93E11DF,0.25319812832350497
CC_597AD111527C,0.11917312335223179
CC_597FDFFA265C,0.09531093535362095
CC_599C287D2BAA,0.3922912984678781
CC_599E345094D2,0.13713027574198472
CC_59A4741B5A92,0.1769138150680064
CC_59BB3A5BA2A3,0.5453114624144686
CC_59BFD1200F6B,0.17941571148469163
CC_59C07CCAF4E0,0.219918317744843
CC_59C49474B501,0.13654033435155782
CC_59CFBC2CA471,0.5661052799147878
CC_59D62BE0C0C6,0.09596094275457034
CC_59D86F572716,0.11984756806951555
CC_59DF71FBA4B0,0.04456251027154566
CC_59ECB7465DCD,0.061250391782593006
CC_59ED43A803B3,0.03379725650174048
CC_59F5E81F4EA0,0.1505930423428007
CC_5A10371BE7B1,0.7919416023923495
CC_5A2F9A594A05,0.5712863400838533
CC_5A38E46246FC,0.4141531469188004
CC_5A3F52B0A07B,0.21056259271358266
CC_5A5507A49F6D,0.09522493916400879
CC_5A58A5E6DE82,0.10234050130459733
CC_5A5BB6DC1018,0.1858969320374074
CC_5A5C0DF50E01,0.12392096887914489
CC_5A633C535360,0.09959583875886513
CC_5A67E62D8D5E,0.6227984955230588
CC_5A6BA0007593,0.11935873637708222
CC_5A7513434C72,0.03559848238950575
CC_5A756D8AE60D,0.23372786332402534
CC_5A7C13841B7A,0.6331263689544008
CC_5A7CBB6E8716,0.2281329592023314
CC_5A83A1E25A2B,0.3368066081573626
CC_5A86EB53A14D,0.7297855815054165
CC_5A89E13CE597,0.14937762098088653
CC_5A9466D0CF9F,0.11261791409054059
CC_5A95331BD0C5,0.11600520651963207
CC_5A9F63C3E428,0.06933592990634947
CC_5ABC76FF707A,0.054733420040329044
CC_5AD0F1B43457,0.11017684089037408
CC_5AD82250C271,0.03710917802317995
CC_5ADD27165E38,0.7038576609959799
CC_5AF32E5C8018,0.03769292789972068
CC_5AF3690FA0B0,0.19068421859079981
CC_5AFDFAA63B45,0.15071733318344513
CC_5B025DA26FE6,0.05027906086448369
CC_5B07C7DE7E7E,0.22160378106167966
CC_5B08171A6880,0.17497490796142437
CC_5B09FB1A0BE2,0.07150059174914614
CC_5B0D6BA12702,0.44748055019222327
CC_5B0EF2D4C3CC,0.1693596895025414
CC_5B195D88C182,0.3748897227820437
CC_5B1F6FE71A38,0.057134209366821204
CC_5B247961602E,0.0584403703161854
CC_5B276421F4CD,0.04246315481838753
CC_5B289AFA1662,0.24475714498576698
CC_5B3A16421A31,0.05304108990830513
CC_5B3E78897EB7,0.06975153808017542
CC_5B480B44A9B1,0.1223763652893467
CC_5B546C3A21F8,0.17788423303583484
CC_5B5BC4023EE7,0.1587207522741037
CC_5B6D63DD34B7,0.09224168684613222
CC_5B6E868912E6,0.054573337980342154
CC_5B818D2581FB,0.14160870973839235
CC_5B82E8BB921F,0.28740292903626863
CC_5B8E8DA14EE6,0.16929991992365362
CC_5B900A135A69,0.08443361997655004
CC_5BB64BDF3C99,0.10511825887647179
CC_5BCB2C79D1CA,0.22794524377839048
CC_5C072DB8586F,0.05821801433751613
CC_5C0BEC2A0850,0.061980178976983845
CC_5C24010127D1,0.3467752695286159
CC_5C2DAF5E0EB7,0.41842756511820667
CC_5C3E8DB90978,0.11809473163643788
CC_5C4A7CE69975,0.295192581356032
CC_5C5766F933B0,0.47015487454229743
CC_5C5808240054,0.09457161611698287
CC_5C5D6E15EA27,0.17905048394302098
CC_5C60C4545922,0.11465574092880625
CC_5C626D70F6D6,0.14959993868624227
CC_5C670F0622BF,0.05365952089247676
CC_5C799E57EF53,0.05997066563392053
CC_5C7B44735AF4,0.18092193140175336
CC_5C7D8DF047E9,0.17358942013104217
CC_5C80F394EFC3,0.1275941346467009
CC_5C99E6189441,0.1040122261379888
CC_5CA9AB4A6AB4,0.11753150159996639
CC_5CB78ADD2432,0.1393503677905031
CC_5CDE37CE08CF,0.04495496287453621
CC_5CE258D12432,0.33793943292482387
CC_5CEEF006ABF9,0.0604793533776902
CC_5CFD2850E277,0.23242339597418143
CC_5D01F71B9FAD,0.10995064794594886
CC_5D065A455A45,0.20364652641714498
CC_5D0AA7D4954A,0.22904459607646316
CC_5D242448B812,0.11826142638418749
CC_5D2C5115BDD2,0.1899587974776852
CC_5D3273E039AF,0.667901264428876
CC_5D398BB3365B,0.06830077832508262
CC_5D3C1CE64952,0.07438200106265638
CC_5D4B0EBB5CD6,0.13038945321430287
CC_5D5E897588D3,0.0949892595953369
CC_5D65F25FFB8D,0.044107581367844026
CC_5D665A86C465,0.11525321097597085
CC_5D80C353E475,0.10610220069101786
CC_5D8895A0AB4C,0.1790886740737534
CC_5D88A673BF50,0.20810459110272805
CC_5D89688B69A9,0.38693571689477546
CC_5D8AC8E18A8E,0.07132650728161744
CC_5D8E7DC2FA6A,0.5641281146130154
CC_5DA29AD9E85E,0.05097627378615101
CC_5DB286EAC626,0.285434484004141
CC_5DBC1BB95B84,0.7888599941690277
CC_5DC0A465470D,0.04767397116442966
CC_5DF82CB03C3F,0.11315853852632463
CC_5E001C93F359,0.06046904310408198
CC_5E029094A55C,0.6634002248846916
CC_5E0808121A65,0.13830734517963028
CC_5E1117E4E593,0.13134368236327137
CC_5E1541060A97,0.7155895278811866
CC_5E1C11540C0B,0.10903645162508997
CC_5E1DC0E143F2,0.17816719879267648
CC_5E206AC277E4,0.248407412594625
CC_5E22B4BC8B12,0.08931787910172301
CC_5E22D889B6BF,0.13237476330903805
CC_5E38425EC99F,0.7065721416799979
CC_5E3A70C2077A,0.15814519934710092
CC_5E5607D275CA,0.13109092627588168
CC_5E73C3D2B3EE,0.16448740914720078
CC_5E7F23A07A71,0.09266981224549253
CC_5E80A96974B8,0.22452602885882478
CC_5E8C0453B9B8,0.271407550235107
CC_5EA599FBA5E0,0.536522198885973
CC_5EB379BA6C7A,0.1191216123105803
CC_5EBB96F65AFE,0.4047905470722467
CC_5EC41568C2E1,0.0959464542375481
CC_5EDB5C924107,0.28793588839759554
CC_5EEE5D0FF8D3,0.19853244265135184
CC_5EEF07FFC243,0.06375402128991102
CC_5EEFD690759A,0.0874129187092175
CC_5EF2176F01D5,0.10813061753652037
CC_5F17CA33D26B,0.06822563528641624
CC_5F20750D6658,0.1833698467555816
CC_5F2CE32A6EC3,0.11752242403176152
CC_5F328EE757B6,0.04508427118262922
CC_5F35B8D87D06,0.22838318942842312
CC_5F390BA40E83,0.693195822444164
CC_5F59092CA9B2,0.10407853260838165
CC_5F5916E96E19,0.15674980676710226
CC_5F5E835B9E6E,0.08313553104615938
CC_5F648D39D67F,0.5628982927353996
CC_5F6D4104C808,0.16840755744789207
CC_5F72EBE104D4,0.030576642297289208
CC_5F765C41F051,0.05589844729580953
CC_5F8859A6F0DB,0.02803498699570945
CC_5F88ACC7C384,0.11874596758432833
CC_5F89DFA97B7C,0.5375786748484854
CC_5F93A3E31DD6,0.5947763336914885
CC_5F9A44423DD4,0.14458502812509566
CC_5FAA7965BD71,0.12413549940489954
CC_5FAFA265CA02,0.34962799493599284
CC_5FBE1A34704F,0.1751007276616708
CC_5FCAA919577A,0.19980563646123378
CC_5FCD208ADD77,0.18897614396740167
CC_5FECD2BB0094,0.08855644252328215
CC_5FFDE52E6B7A,0.08482663731489004
CC_6002BFD3F26A,0.14571296888815172
CC_600311592F72,0.055164797727534305
CC_600AE12112D6,0.27110912831881173
CC_601C3178E38D,0.17220560140092647
CC_6037EEA42F2C,0.36935699471653377
CC_604C08F76272,0.6691385095062551
CC_604C72AC662C,0.15257000942567808
CC_60510AFA8A87,0.16740123815394845
CC_605E2E26E52A,0.19867761464830608
CC_605E3904CD8E,0.15378548815928006
CC_60611B935106,0.14710859124260672
CC_6061787228F8,0.1333606184471042
CC_607270A72DFD,0.2426877183346635
CC_60738E418DB3,0.1294362206339852
CC_60961DF8A134,0.11426405459120811
CC_609B7A7FA165,0.075483358952075
CC_60AC5C892D01,0.09316150538825002
CC_60C09FF84412,0.17097254629543818
CC_60C87349D73D,0.317408979884904
CC_60DA2FBF1FBF,0.11499219834156893
CC_60DA539A39FD,0.17690577649749117
CC_60E974A0B278,0.06692386799054521
CC_60EF7D647EFC,0.05231624105065749
CC_60F525A39898,0.027805610063654576
CC_610009B69EBA,0.6751409209158393
CC_610FDDF5FE54,0.1504875565419468
CC_612C06CB5FF4,0.10234977012280225
CC_61307D82CC26,0.6688809590621254
CC_615030FD33CC,0.7095607192084565
CC_61649241FE59,0.16838737602187032
CC_6170051A606A,0.15435495896976956
CC_6179A630658E,0.0755730617781979
CC_617BD59427E7,0.10134461574077165
CC_617EC8BD5153,0.21270504278619318
CC_6191E14D21BE,0.05728534434623562
CC_61A798B8D222,0.04065925412534174
CC_61B4A983D1A1,0.07026192772566558
CC_61C9732AA682,0.7114965922529964
CC_61DC64E37471,0.0519114840595325
CC_61EAF14033DB,0.12043863753491657
CC_61F18E0C218F,0.07189228256162178
CC_61F1A1263F5B,0.16347266323580595
CC_6209EA426553,0.04637916978077452
CC_622BD8CB3807,0.30335901218411154
CC_6234A9617A7F,0.0999070001050903
CC_623AC074EB25,0.1897285575515477
CC_623FAACE8A80,0.05575866569955149
CC_6244E2935407,0.24093567277313213
CC_624535E11F69,0.05363782750317841
CC_624EA2917CDD,0.6912579705032553
CC_62565D08DDDD,0.7744591219297208
CC_6268ACD3F95B,0.5225881870625328
CC_626B61F4789A,0.6111591892188531
CC_629193C2A090,0.2397032181483093
CC_62933641AC43,0.27711121930390115
CC_629480877536,0.3463036323192141
CC_629CB045D9FE,0.09249493090435172
CC_62A84BC400F0,0.2844007060199765
CC_62C36DF81797,0.1745764713198182
CC_62CC835CAE4A,0.6072121654981004
CC_62D4192F126E,0.7300076205247317
CC_62D7A3C9483D,0.06402128978046949
CC_62DF1B99B4DA,0.08542606733763654
CC_62ED7BA3E620,0.03970418597091933
CC_62FC001AFC78,0.08542153576840988
CC_630412B4AFDA,0.1701330442157588
CC_630903AD39C1,0.04065674726248535
CC_630938DCC1B5,0.05528525098265036
CC_630ACED773E9,0.467901437069833
CC_631E1690D913,0.07144923646714449
CC_633A7C7FC25F,0.24172273160983127
CC_6342051D8FEA,0.23291997278294163
CC_634CE4E8AE49,0.16064504739019136
CC_6359692F5EF6,0.1357670545144865
CC_637278423A6D,0.2315437079624139
CC_6377AB848081,0.10743594789640346
CC_6381A65E0A3D,0.09495110594348205
CC_63871B4814E2,0.11870634379307471
CC_638AD269F05C,0.026440272290301717
CC_6391AE0FB83F,0.15060686175759078
CC_639703EE2ABD,0.039464480415297945
CC_639750C87A7A,0.742484461334461
CC_639B1DCECD2F,0.17787198425206419
CC_63A869443AC0,0.43776015046367983
CC_63CCEE26BCAE,0.050145828694414495
CC_63D51CECB6D2,0.2557173101986179
CC_63E53402FC02,0.03361070304469205
CC_63FC6895901C,0.15394926518395596
CC_63FC8A97D9C1,0.11814289005702505
CC_64117B93EF73,0.34839269405374657
CC_642D9C325F1D,0.29320137146173725
CC_6436B950E22B,0.19247948004995108
CC_6445BD3DDB6E,0.032977622881039295
CC_645C15569E42,0.11552927289994014
CC_646472AD66EF,0.09172563375218007
CC_646B8254357E,0.14534900897171127
CC_647F4BB4983D,0.6851261676071162
CC_6489ECEEFD0E,0.10112437247006863
CC_64946E57306A,0.03410849336837979
CC_64976830B0B7,0.3418035653172881
CC_64BA10F3FAA1,0.08888170751047053
CC_64BA39A0DFC6,0.0849598200048008
CC_64CF9A79EBFC,0.09937711540248592
CC_64F0E0473D1E,0.08828657850132707
CC_65006C2AB2D4,0.7578374616599834
CC_6500BD19FA06,0.3134301146348792
CC_6504DCAA90E1,0.09289567766320711
CC_6509C7361994,0.17266415354979625
CC_651486189673,0.08205677937439945
CC_65194BAE506A,0.181907417975532
CC_652539353439,0.18594620155536828
CC_653CE5FA5A76,0.3012587909457199
CC_6560C2F4EDA4,0.19444438510924755
CC_656137F98187,0.6341446765124865
CC_6575B4B39113,0.042314607537177376
CC_657F629D31E2,0.2275121557018226
CC_6580B7583ADE,0.21628302482333614
CC_658477BA75D6,0.04534982021553063
CC_658B7867BE7C,0.10272435879116419
CC_6593FE5349F2,0.08960326069000338
CC_659EE0F05A75,0.3615584885450405
CC_65A0D8134410,0.22629418782580246
CC_65ADD5A19F64,0.10163779508717836
CC_65C3F0F73BB1,0.0882636158494337
CC_65C47521C285,0.03918294195374118
CC_65C4EE0B737C,0.22922549214628596
CC_65CB68404333,0.18917058365828565
CC_65D6DFF1B766,0.11244838878676515
CC_65F1545C35E1,0.2280343629829888
CC_6602547E2FCF,0.21754400199135548
CC_6615D7044816,0.28599701273436984
CC_66244D4B72EA,0.1059076069121409
CC_662E5AAE07A8,0.04403241575419504
CC_66322B339E84,0.04126431052887677
CC_6634FD4B1CD5,0.7627530496757284
CC_663DCEF4923E,0.19381034821320026
CC_663FE5BF918D,0.41543724964446427
CC_6645798E740D,0.07222778713599712
CC_6649736C8321,0.7742160311318689
CC_664E1026C4D9,0.2538206720842152
CC_665603C4A33B,0.06913626662107855
CC_665BDD9C8039,0.3755905160629248
CC_665F2AD58363,0.20212002598641934
CC_666767444BC3,0.22677182726302897
CC_666C0A2A8674,0.052463155898794224
CC_666F2BCDC7D7,0.17873913706768724
CC_66775178B226,0.05145511463765927
CC_667B6F8C846A,0.607169733617708
CC_667E909835A4,0.2180809169630057
CC_66809C278FCC,0.17314973884621299
CC_669CCC44CFCD,0.06745688097881544
CC_66B0BD3F6516,0.3300310404467266
CC_66BF02C05DD8,0.14275653067687125
CC_66C491256BE4,0.06158264748855462
CC_66CEFA65F912,0.36055964876640156
CC_66E025DB3282,0.6026795649262797
CC_66E7B423A32F,0.6640267273978696
CC_66ED26E7BAD9,0.08017504160369265
CC_66F7FF7735C3,0.1869434581549847
CC_66FD0CE6D57B,0.055777576071853595
CC_66FFFE05C2E8,0.09456593653848651
CC_6700012A39B8,0.10931049605798009
CC_670FC6A064F0,0.21300434017191278
CC_672932B65802,0.07911282379138826
CC_6742C6478F98,0.20794198457956115
CC_6745321663BF,0.05725225319460729
CC_67579CF57290,0.13698806642390132
CC_675F7483FB90,0.18731074303683726
CC_676ACFAA6131,0.6499062555235426
CC_676B423C495A,0.6069048532249479
CC_6771C0D1CB1F,0.055250604360999184
CC_677EE0369CA7,0.08676548583038207
CC_677FE35855A9,0.17943738559022815
CC_678091614A14,0.11562646905574368
CC_678A43ED0803,0.621492005385606
CC_67955C210226,0.09066638434516791
CC_6797E0B01112,0.22212199484360615
CC_679D90941842,0.1452903131985954
CC_67C05273700B,0.11960973916462814
CC_67D5172B6450,0.16393403153011685
CC_67E8CF412D93,0.1055213924825829
CC_67F6576A6836,0.2563944824521816
CC_67F985A00A12,0.052208096699953514
CC_6801AD1D4478,0.07557409540074747
CC_6803BFA94B17,0.05179895129575167
CC_680B16E5E240,0.13601554370046215
CC_680F2D0F4F6C,0.09854067347218451
CC_68221E1393E1,0.1147856055974932
CC_6822590B968C,0.16660320354959812
CC_682D8EBCEE94,0.2116917274839369
CC_68429B4AE401,0.40420569074583446
CC_686B26BDD061,0.055402752404467584
CC_687518442359,0.4080919018183502
CC_6875DA61F422,0.2648074183619977
CC_68A3D749608C,0.18509091359941005
CC_68A9C3CE2557,0.09741826385018815
CC_68B9F8C6D9D6,0.6285576458064556
CC_68BC65E3C84A,0.3781318705388993
CC_68CC4D1D898F,0.06988847092487366
CC_68D0ACBD2D0F,0.037845845800939866
CC_68DA8D5488B3,0.07153124827110027
CC_68E675A69AF3,0.17304023615453323
CC_68FC9E6FA27E,0.19474734620122358
CC_69322F7C4CE3,0.1308577265691531
CC_693710EAD59A,0.1965163875530826
CC_69387752F41F,0.5386533526921582
CC_693B71DDFE67,0.15645981892870722
CC_693D4AEDA3A2,0.10984820453124641
CC_6952171BCD2D,0.14824822310853253
CC_69547DEB412A,0.22354167369778555
CC_695E80DBA42A,0.0701301654921971
CC_69717E76CFAF,0.4103803481592758
CC_69741BF89A2D,0.11830461176008711
CC_69825C70EEE9,0.1953049714941915
CC_6985C268DC74,0.4641813054176299
CC_698886C4AD90,0.1351690575050464
CC_6999901A6060,0.14905273630289004
CC_699ABD34646F,0.0864513871628968
CC_69A98DC7A907,0.06747812681593617
CC_69AA6E0DDE10,0.2637488051016914
CC_69AD5A48A78B,0.2020973891583169
CC_69BA7BFF98E2,0.1267836611663553
CC_69BBE365C097,0.055265575122950744
CC_69CD95A00D9C,0.0359055900574689
CC_69D328691680,0.08697943983373996
CC_69D39C9F36F2,0.24754560115243762
CC_69E09390CD64,0.0842672898501625
CC_69FD49E90AC9,0.3223606372371593
CC_6A099AFE73BC,0.190781685752206
CC_6A099E6C91BA,0.3660779641240472
CC_6A19EB191A81,0.025898612819060078
CC_6A39017046FE,0.08198337006915671
CC_6A4A401F2920,0.3706660910540658
CC_6A5261180031,0.08182342867540668
CC_6A7432494840,0.18059975036818765
CC_6A7963180D20,0.36327717695919914
CC_6A7D7E5F814F,0.5865931915206224
CC_6A8B8BBA749E,0.14470970032968702
CC_6A8DFDB0621D,0.13665949459199103
CC_6A93C436E2FF,0.1055332478330952
CC_6A97F81D9A0A,0.1822587962651671
CC_6A9D1622B4DE,0.33469323879694357
CC_6AA6589445C1,0.6799643845556533
CC_6AA7A87F59FD,0.14993276293329938
CC_6AADD44C0B52,0.07166788785550325
CC_6AB4A5EBA3F6,0.24472572783759416
CC_6ABA7D0ABAC5,0.1295597734118049
CC_6ACF1E52BE8E,0.13312611231410168
CC_6AD3513459CB,0.09540152872451989
CC_6AD4238EE77D,0.19311839566560463
CC_6ADD0FE5DD74,0.6305073586653058
CC_6AE2737BD3A8,0.07952561673290144
CC_6AE48C1F2448,0.14278957396623304
CC_6B00A666A420,0.6746381679833207
CC_6B07C3992304,0.06784056568987201
CC_6B0A72BBD800,0.6615999001004991
CC_6B12B975F2EC,0.2871569786698783
CC_6B12C9507F32,0.21563967454981903
CC_6B34719D93AC,0.6085172001589207
CC_6B34740DD355,0.15265818565612613
CC_6B41081727AD,0.2269661267886946
CC_6B4902892E70,0.08522361349995439
CC_6B5BC2D89077,0.7092839335566767
CC_6B65242C2CCC,0.15886735529862037
CC_6B823BACBE75,0.32832232640707737
CC_6B83E1A959C2,0.23226472561826106
CC_6B84FB3DE604,0.03367062467307968
CC_6B8AABAA752E,0.19280359739917446
CC_6B8AC0DEE990,0.37060295266824816
CC_6BA45C072D40,0.1803796278884022
CC_6BA72ECB5027,0.11982338507020217
CC_6BB560F020BD,0.07643748182436859
CC_6BDF0B68C126,0.022134675523693123
CC_6BF0A9437728,0.12942010719095673
CC_6BF3B9097199,0.15863278123928065
CC_6BF7A1EF31B9,0.16027734322248638
CC_6C29DF49246A,0.0779903383141938
CC_6C3C86C2125E,0.08271273501594212
CC_6C42FF6D7218,0.6956786829554349
CC_6C541A482CF2,0.1935813494944451
CC_6C585A6BFE01,0.7982987657663718
CC_6C5CE36700D0,0.1735167395916267
CC_6C62C2094733,0.06931107709801919
CC_6C66539A9D02,0.27725163120553686
CC_6C684505E498,0.07524393890623435
CC_6C6E40927C35,0.03772154547996706
CC_6C7736F51C12,0.6474798521525138
CC_6C781CEB6F52,0.09587619410269757
CC_6C7E39BF4744,0.13460348594656485
CC_6C9EE9BAECEE,0.07324144243639522
CC_6CA0F076091A,0.11427727917151367
CC_6CAD299645B0,0.17835921823224277
CC_6CC3C50BA394,0.1193623758322661
CC_6CC593C5385D,0.03247756448345572
CC_6CDA4B24C602,0.2992049319653481
CC_6CE31AFF7813,0.06884242716381814
CC_6CECB68DE9C1,0.3182620664942951
CC_6CECD3DBA212,0.16477694599778892
CC_6CF17D012682,0.19038408744477975
CC_6CFCDF903310,0.14036342073438943
CC_6D08B5E62654,0.09591951656690716
CC_6D0F60667273,0.2768975027400115
CC_6D127EE83945,0.04677555980448609
CC_6D134DB29068,0.404794642771914
CC_6D141A49D94E,0.6155793677050015
CC_6D148C0A624D,0.15029014213491265
CC_6D1EFDDE2EED,0.06441583416118282
CC_6D22B938D7B9,0.06702338209770903
CC_6D27409F4956,0.08463130014541448
CC_6D2F0EBBCA4D,0.22690410065343883
CC_6D43BE30E8B8,0.254513230204131
CC_6D4EDEAF67C7,0.18814671135312366
CC_6D72571304DC,0.49920926250874464
CC_6D7C62C7C161,0.05410694157276604
CC_6D8A18C28AF0,0.07875028340934127
CC_6D8B35007242,0.09593143463695657
CC_6D93A9E49E3B,0.17691573269052435
CC_6D9C644A082B,0.11255853845805726
CC_6D9F52BD4D0E,0.13488372181832953
CC_6DA058F9B631,0.3007302438557609
CC_6DA1F8DF9CDC,0.22092722065887288
CC_6DB000AEF16A,0.09420220032329515
CC_6DB5025899E3,0.200653835393899
CC_6DD6FA2FA0C6,0.10695360910733848
CC_6DE4E4C1A31D,0.2012353949591053
CC_6E09CBC15C94,0.523429984914152
CC_6E353816938F,0.05092309810271692
CC_6E3AB992A5C9,0.15585522672606367
CC_6E420A2FE490,0.14089440031733708
CC_6E46D01888D5,0.14235182193906043
CC_6E4702162475,0.05846530227188028
CC_6E548AF15091,0.2457382687594263
CC_6E5C9A2DA27E,0.03596072299852675
CC_6E610F3976CB,0.18816007256601563
CC_6E614FF9BE02,0.6201873465588911
CC_6E68D46447E2,0.10760238607638563
CC_6E712C21215D,0.03467555377779872
CC_6E84DED41B8B,0.12858696636815692
CC_6E8557E30DC9,0.6067041212334349
CC_6E8963475D35,0.21254133597332114
CC_6E9880CA0BF9,0.31618401232484966
CC_6E9FCD68ED52,0.7069275521610042
CC_6EB194A93F60,0.14665643230025405
CC_6EB370F511F7,0.06123160034023522
CC_6EC722B2BC2F,0.17163717811021623
CC_6ED1B0EE4B6C,0.24000009071913264
CC_6ED65E7CABA2,0.10814341358483638
CC_6EDA84B653B8,0.37891954332073813
CC_6EEE8E7C1D1C,0.18759352285686173
CC_6EF17801ADD6,0.1456371700238678
CC_6EF337CC4BA9,0.29845095818495976
CC_6EF464EC9FCF,0.10246389710504236
CC_6EF6B8AE7DCD,0.035014435192839456
CC_6EF8C59D8395,0.8304148614372424
CC_6F2146FE362E,0.058657576066968885
CC_6F2408B665A6,0.3638186504346832
CC_6F2B8E925D59,0.029530329700477632
CC_6F3034E96848,0.1379983126499872
CC_6F3559ACC2F5,0.03830044136516364
CC_6F46C5897DA8,0.4038373071205272
CC_6F49ECAE902C,0.07423188653641552
CC_6F4B818665D3,0.1314754677947138
CC_6F4E696A1F88,0.2672024611316319
CC_6F54BD66C0EA,0.16159469523958775
CC_6F786C433998,0.0957483311252331
CC_6F78BF56B0C0,0.0952047682523954
CC_6F8346F138C1,0.4341182399226464
CC_6F86CFDB23D6,0.04314629199630625
CC_6F8E30AE9457,0.1522678465030483
CC_6FC25B27AC26,0.07907200240031928
CC_6FC8BE007FE9,0.1467994882583204
CC_6FC8DA40122A,0.18385273354882675
CC_6FD8BAB1DA3E,0.06318277560051597
CC_6FE4FD09A9D8,0.08143438725991098
CC_6FE78CB02174,0.03761969295784838
CC_6FEB8EDBF2A4,0.18817065716209846
CC_6FFCF2DAD0A4,0.07920042932528853
CC_7002034B0979,0.07910895706167681
CC_7006523D45E4,0.07053776837061429
CC_70097151A773,0.054847701575265306
CC_7011BC95A91B,0.04416977047903578
CC_7020F3C11A3F,0.1658393466024447
CC_70306409A3E8,0.3679684425176828
CC_706B18DA7204,0.1216332576747704
CC_70703A59C070,0.17411496773673804
CC_70749DDFF595,0.13980736804489197
CC_7079CE5127A3,0.02690735989133699
CC_7087A46F0AB7,0.0936290685405051
CC_708B73EBD939,0.1672449387009278
CC_709315667BCA,0.0666325911264612
CC_709970475B6D,0.6141122281206622
CC_70A56ADAC199,0.057888927165554285
CC_70ABB244502D,0.03796972823344133
CC_70B0176647CE,0.13107812996125856
CC_70D3353DA1C3,0.06802234400871489
CC_70D652DF4E91,0.13976069738278823
CC_70E3121BFDC4,0.10754894534969685
CC_70E5FB8B072D,0.034881951510624086
CC_70EFECA3FAEB,0.17526163171848783
CC_70F59DA18BCA,0.39271986335653825
CC_7100129A0AFF,0.11998895785620606
CC_7113554E33B9,0.07050662319533099
CC_71260405461D,0.0724480244801405
CC_712677251322,0.19913380405354905
CC_712D31B2785D,0.06785393133944309
CC_713052DB1E2E,0.07117653363126168
CC_7139C2D6F1AC,0.10002023798581189
CC_71427FC8FA49,0.24569847486341917
CC_714912E93A71,0.1272135403990699
CC_717A5C2ED311,0.22307825809749843
CC_717C94F5C8F1,0.0687123839258288
CC_718F067F4DA0,0.03257921198582937
CC_719E714DD38C,0.04581041026432047
CC_71B169C874D0,0.17306319671074694
CC_71BB5070615C,0.1329042213728217
CC_71D37D6D19C6,0.2076474250390354
CC_71DC80205F42,0.17338689844969862
CC_71DEB636B8CD,0.606829326237656
CC_71E4CBAA1211,0.17355279386614708
CC_71E787049755,0.10373404969717155
CC_71F1EF5575AC,0.08327208211121556
CC_7201DD8EB33B,0.21572967721571343
CC_7202C8CE2317,0.30751626033117696
CC_720B06583C57,0.04089724378405956
CC_721DEC038BAF,0.07955551344744492
CC_72219BCC83E3,0.153429899035897
CC_7223DABA7E98,0.11637829099782797
CC_7233459FF7B8,0.23687196283945877
CC_7238A8A6767A,0.2421398546012136
CC_724559551664,0.669248219059961
CC_7248EB4B76CF,0.05907879602729806
CC_7259B5314D92,0.06936653825726469
CC_725CA03102FE,0.046794157670032185
CC_726E05E5A555,0.12334424176495787
CC_7276AEED6D4A,0.0629674168820027
CC_72A18E8D6670,0.03412370580300835
CC_72CDBC38202A,0.3889523644746897
CC_72D8B2ABA2D1,0.7240365550083847
CC_72E4590D362B,0.36651914020468224
CC_72E8542AE4BA,0.039555374246546676
CC_73010B6E55DD,0.6162505661652103
CC_7309A4693D52,0.15425011511147899
CC_730C2A3FF1BF,0.18072969594909016
CC_731C1BCED024,0.6328755166936623
CC_732C325832D8,0.17438733189188055
CC_732DFCAA0A75,0.1935789172664617
CC_73322A6A24B1,0.7373389794906159
CC_7336B19A18AB,0.22260986784719763
CC_733AF1D123B8,0.30685401287309255
CC_7344A0E90AFC,0.11194100448009245
CC_7348C2B475B7,0.12013931929619738
CC_735E1A78B058,0.07592822493551438
CC_735ED2A02DC4,0.15733224822069247
CC_736015DE4E3D,0.38144037015127397
CC_736A42761E55,0.1049884335727454
CC_736C0436B98D,0.16563237147485116
CC_7379212919FD,0.08989296619265108
CC_73859CD59E75,0.5879182245235718
CC_738B201B1CF9,0.11477385122904234
CC_738DCB11942F,0.06456801060727146
CC_739198ACE582,0.116167077137729
CC_739D093D7B69,0.10847742158243448
CC_73A7FC903662,0.16753438991767133
CC_73A8927DCEB9,0.09580624795917403
CC_73B575BBBBE3,0.13007796180906803
CC_73B6B9AD2002,0.04865035290207123
CC_73C28D72A5A3,0.5631016616492064
CC_73C38DBDF9A7,0.11261121666886971
CC_73D44BEF6754,0.39165594581539565
CC_73D4C1D7C022,0.0772303527726616
CC_73EF383F3C2E,0.17782749014202925
CC_73F34B1607C1,0.06262940198799609
CC_74137206902D,0.1178344080997413
CC_74198E5EC366,0.0749714158801499
CC_744FB5804A8C,0.6335226521589012
CC_7451E64B6D47,0.1555035301075307
CC_745A64878AF1,0.081235335439253
CC_746B196CECA1,0.16832622686800325
CC_746C06898D5B,0.6118980414413883
CC_746DE1EED0DD,0.25468346590016766
CC_7476938CF6A0,0.5440761298896282
CC_747CFDB7E305,0.07917181461166872
CC_74845374E870,0.7449870616775339
CC_74AD8D3B192C,0.6806430693776991
CC_74B90A15B270,0.09865764772037244
CC_74BA5D46E909,0.6694580010154838
CC_74BE0AD5E21D,0.19238155289497189
CC_74C33B66F002,0.12856110112347122
CC_74C9C3F17421,0.050675641183774635
CC_74E4BD5C07D2,0.06946921690382282
CC_750D90249EFD,0.12072020649363452
CC_750DA21B7EDD,0.3354488876846395
CC_750E6537383A,0.2644890063972904
CC_75137D6F9DCB,0.11091681802030048
CC_75173A8A11D1,0.3481734199981701
CC_751DDC1FC2AD,0.09401676635765659
CC_75357E0206F5,0.0825156732716382
CC_753D160E3A58,0.10934393473855179
CC_754447632F75,0.04384954779184223
CC_7549363C5D36,0.07511539015228594
CC_754F3894627C,0.08086362394420084
CC_7562CD43897F,0.13435378726009004
CC_756A077EC614,0.3849414026709077
CC_756D3492443F,0.29267409843655784
CC_75783B3E6C6E,0.04481535341250216
CC_7598068A716C,0.02891019060412167
CC_75A37D8C1F6C,0.628804853339419
CC_75ABDDA24C26,0.13570386943914764
CC_75B287424E59,0.3691004342395538
CC_75B2B88876B6,0.09027062864655472
CC_75B324FCDD4A,0.2408032776452227
CC_75C1466E61E2,0.24959887743890258
CC_75CCCD9D4568,0.08674072916405365
CC_75D2DAF4491C,0.3071447477656124
CC_75D54090AAD4,0.11116797625058031
CC_75F1927E5941,0.665337647698295
CC_75F99AD6844A,0.30463069447101426
CC_75FBA505C727,0.2781944775611189
CC_7615CC930B76,0.12681594944986552
CC_76168488EBB0,0.5496734919374092
CC_76197A77D666,0.02742287918391315
CC_761F48F8E962,0.26432417667272173
CC_764C6ADC6D1A,0.07633847932702215
CC_7658A6B0910B,0.04489074110600533
CC_766347951B7B,0.5915094141386218
CC_76857712D8F5,0.35095333153762176
CC_76A0DF2549B7,0.10482929007142511
CC_76A636414AEB,0.24697427474823375
CC_76B01540CDD1,0.18075502473985627
CC_76B420FC66EB,0.10636801726863077
CC_76B6BCD2EBAF,0.0616116900034213
CC_76B7A0029620,0.10643893488814032
CC_76BA435EF2AC,0.13248069320549516
CC_76BCC1AFDA4D,0.07394720125070862
CC_76C35913E797,0.1624504442000174
CC_76DE3DF1DEE3,0.17906186793265563
CC_76DFA4CD068B,0.08641229892358664
CC_76DFE3568C72,0.3170620456731068
CC_76E201F1E036,0.368491403863831
CC_76E83166FE0A,0.14733007496965683
CC_76FD9E9D9ED0,0.15875573282958672
CC_7720BBD06736,0.3171357469612486
CC_77340228F356,0.671349011063352
CC_773CBBCBAFFE,0.11369743676410304
CC_773E9B092923,0.10338887861118955
CC_773F22C3E42F,0.03585108625804494
CC_774ED295BF96,0.17736672578146567
CC_7751ED6DF76C,0.041315616934901864
CC_77571749B970,0.1491139931484488
CC_776F8B3BAC08,0.11007925279441387
CC_777889F9694E,0.03488013931538486
CC_777D08513AE8,0.0771843685905968
CC_777E3D988EFD,0.30266285545247307
CC_7795BEDE05E8,0.3216548921735134
CC_77A9EA3A6784,0.07376695911812452
CC_77B1AB7960A9,0.19875745817056378
CC_77B6EA810549,0.2622956656610131
CC_77B9889C9BFD,0.1647083366982335
CC_77BC55DC92B6,0.125008458935675
CC_77D1DFCB0A8B,0.052740876940033266
CC_77D9AC43DFE1,0.19725221566066886
CC_77E6EF1CF2F7,0.36287475505511047
CC_77FFA8E6B36D,0.11942155771395072
CC_7801661A9DC2,0.15234826812527555
CC_78069B1BD931,0.14457172182803465
CC_780828B48716,0.11317547652902048
CC_782130B98F34,0.10328285129367953
CC_78273789B3C5,0.7734667496318239
CC_78296783E4EA,0.1939162907726265
CC_782B06291D87,0.06008691994417867
CC_783A2D4C89F9,0.4380516868894462
CC_784407E16923,0.08612333576659498
CC_78491B6255F2,0.4320698828570674
CC_784F17AC712F,0.06463754240312247
CC_7852FC3BBADB,0.09579944033211824
CC_7866E4CE528E,0.7254844804947126
CC_7867E7C01013,0.19241279619641782
CC_7869F609EC2E,0.17949758897593748
CC_7874F14ABD7F,0.1969671052506524
CC_78774E05FF12,0.1683420084960333
CC_78815A352067,0.08790061556517956
CC_788FF4549766,0.21850127117003626
CC_789977501322,0.12205592525737743
CC_789B2BA880E7,0.037656414014837006
CC_789D87F51AA1,0.054491934003913556
CC_789DC3C358CB,0.21595734450688664
CC_78A036DF6320,0.6717804014160152
CC_78A3EA63B7EF,0.042552156951150694
CC_78BF1B8FC1CA,0.11869351406341458
CC_78C96E7015BA,0.6250039226180106
CC_78CC84FA2CE2,0.18489417866766167
CC_78F0087076CF,0.22498212257795644
CC_78FAA95F5B5F,0.11658870702139706
CC_79033EFDE096,0.1158038286864469
CC_79086C18A963,0.13707356074536398
CC_790DA2ED9F5B,0.11945802680195126
CC_7928811F7D86,0.09421821833714036
CC_79345478FCE5,0.19464432972505785
CC_7936C8D65B95,0.1457428744860931
CC_7948C5509411,0.5083256817843886
CC_794ADB0677CD,0.1382600043560731
CC_794FF8E7F876,0.05035746526384818
CC_79500EA652BC,0.5704339157084525
CC_795083A66DB5,0.03681226662607534
CC_7950D4B773CF,0.1402302520886128
CC_7955AEB49759,0.13649787739806973
CC_7964F862DFA3,0.39597803574416107
CC_797A700CF967,0.47826185664512727
CC_798180DDF677,0.3552500813128389
CC_7981ABA9C370,0.09866793573848325
CC_798B2DC03C5A,0.07671279821472358
CC_79BD986C23CA,0.0699006622995169
CC_79C6BA680815,0.5447888790567904
CC_79D694E6F5AF,0.24218407408026826
CC_79ED9A0F6E49,0.40803398733973256
CC_79FA2512E5A2,0.15974735239571153
CC_7A0024F6FA60,0.2409529105926403
CC_7A193A453F27,0.027511476561523706
CC_7A1F071DC5D4,0.42856981223621005
CC_7A5D96BC99AA,0.7265020917894847
CC_7A6B51562949,0.3043957726156052
CC_7A6D7F9654DD,0.43096765197967346
CC_7A778E010F33,0.28835206054882373
CC_7A7FB841B669,0.6065432670648084
CC_7A91013D31E1,0.13008169813147558
CC_7A9117596769,0.04780152964132848
CC_7AAF340DCE8F,0.1819417076720039
CC_7AB146267981,0.20981931422835132
CC_7AB2A9CC8424,0.2954976237287602
CC_7AC1DF18CBA4,0.22523962834273892
CC_7AC4240DD225,0.33422704537844666
CC_7ACB325BD924,0.1726948826395986
CC_7ACB88002397,0.5094846205036977
CC_7ACD4F370AED,0.17221865926123794
CC_7AD4072A9F82,0.06092601750901263
CC_7ADEECDE4D73,0.21452652433035263
CC_7AEB48D8C5E0,0.0738839740432567
CC_7AFA5CD2B29E,0.11120758177007979
CC_7B092786DDB0,0.04972843228661456
CC_7B1B35D5628E,0.054111196625250775
CC_7B210557F04A,0.10073736877885744
CC_7B369A7C1D3F,0.1528097055244117
CC_7B4002591821,0.661421291093332
CC_7B42BD80D79A,0.19116566237792967
CC_7B44FDF08B93,0.09891957343036818
CC_7B501C32CAE5,0.059095395425132154
CC_7B88520D4FA2,0.39089820686421184
CC_7B8ABE6E552B,0.1904585582768476
CC_7B8D2E07908E,0.38264047108937793
CC_7BA150468D19,0.6460530137840522
CC_7BB159FCEB53,0.29311678564334326
CC_7BDD72710831,0.07414903523968205
CC_7BE02C65B967,0.1354852492588457
CC_7BE382988C1C,0.6216658784207499
CC_7BE6110DBAA1,0.34083468862965427
CC_7C0B14BB0573,0.14225685030461732
CC_7C0CF5558904,0.6790683579014292
CC_7C13E7F561DA,0.6130676130598465
CC_7C46F7F667F3,0.12303260040962159
CC_7C510CE0521B,0.08463744868107467
CC_7C61B5D39E49,0.49286132439843056
CC_7C6770DDA182,0.11647905366350056
CC_7C6DBF78A610,0.09764609520016611
CC_7C7B0438E3AB,0.1827376632667469
CC_7C87DFBC3176,0.09947674485418562
CC_7C9528E94215,0.31992787561674985
CC_7C9ADE65CF81,0.10982320681388381
CC_7CB6CD1B9DD0,0.04323866347488937
CC_7CB7C7E55BE6,0.1500993951340889
CC_7CCC3A690325,0.18261237172143296
CC_7CE5689488DB,0.04469310663973728
CC_7CEB758A9814,0.050761505301285675
CC_7CF7443D923A,0.047492761717409966
CC_7D0D597690BF,0.17949017902516526
CC_7D0EA0307817,0.046091950289283534
CC_7D12E6FF25C3,0.13726939905448854
CC_7D28D39AED1F,0.6892105770022334
CC_7D2D19D832FF,0.06241729220450737
CC_7D34A67E1369,0.06535027049308337
CC_7D4388B41EB9,0.17134145691730882
CC_7D46FE573D79,0.07485954665899272
CC_7D7810799F2E,0.044309971454069084
CC_7D79241150C8,0.129552791207732
CC_7D7B92EF2655,0.14600199222327065
CC_7D8C2495C1F7,0.07027055492610232
CC_7DA4F1BA24A1,0.5960104281154546
CC_7DAF18939084,0.05948550836170933
CC_7DB8BA427410,0.0652427787898745
CC_7DC9456F1161,0.03594191541326665
CC_7DD2CBE0F0BC,0.19251829578251295
CC_7DD495158BFD,0.6042256287181125
CC_7DD5411F7A14,0.2979733124648186
CC_7DF099A7A092,0.235868250170229
CC_7DF27D2AC111,0.04456447441174524
CC_7E0CA072EF93,0.06891719204589844
CC_7E0DA100F5F2,0.17853799762487338
CC_7E1086EFDED5,0.034822243611789594
CC_7E12E0F3CF6D,0.11883945801623318
CC_7E178CE78FB8,0.08265894005588728
CC_7E1C1A6D0E9A,0.1595065526745948
CC_7E2A76850DF6,0.778274657433962
CC_7E3ACB15C69D,0.1345646406296408
CC_7E3F3373A73D,0.7294204571879946
CC_7E42A3D0737F,0.11097372644771289
CC_7E4679C534D7,0.2808133618701196
CC_7E53FEEB19B1,0.2676735486973397
CC_7E71CE7FC603,0.21979114478193396
CC_7E8333DBAEB4,0.39065878000711085
CC_7E843438DE4A,0.05720289755648951
CC_7E8E4747C0D0,0.668691636290316
CC_7E952828C1B5,0.10017262298219673
CC_7EA6431FE6F5,0.1411365456127535
CC_7EA7BA7621C3,0.25166600741163314
CC_7EA8F24B3010,0.1047274668782225
CC_7EAB28B0309C,0.061064664024903785
CC_7EB4A5BDA97E,0.08747755314340461
CC_7EB4B0A36534,0.10558928337150754
CC_7EB791F4AB2E,0.11313737519137225
CC_7EB883C9D5F9,0.03665610499844769
CC_7EC59C577F02,0.05887786372458759
CC_7ED2683D26DD,0.06076805293722485
CC_7EDB3440E0AB,0.5935465026582567
CC_7EE12013C7DF,0.18722220890649757
CC_7EF824CC0D3C,0.14502633718939328
CC_7F09C6F6321D,0.7057928575653922
CC_7F1AD40DA179,0.21189767285618455
CC_7F1D38A39164,0.08151888308104466
CC_7F22B7D326CC,0.19754537225681507
CC_7F2614F1AAAE,0.2523253062136359
CC_7F2CDC7C1634,0.043916837283242735
CC_7F2D46DF9BC7,0.15603734540650666
CC_7F57A90B69E0,0.22004146549850728
CC_7F633226A676,0.31137023493997307
CC_7F753D809267,0.6387043743244207
CC_7F7EBF25AED7,0.033307304457442774
CC_7F8496CC5779,0.04256329630631818
CC_7F88D9C5D258,0.08875829489852971
CC_7F8AB4DCA794,0.1385451018939333
CC_7F8CC9509418,0.3162843388961827
CC_7F9069571F79,0.277985035707906
CC_7F9AD27E079E,0.18337351277445757
CC_7FA281AC1C7A,0.09884683832466151
CC_7FA389E90548,0.0860239328991334
CC_7FBF4A48AF55,0.046416685528605804
CC_7FC40175A8E1,0.2717776790734814
CC_7FD58EE7029D,0.07387191924773395
CC_7FD7F635C341,0.04635556215655771
CC_7FDD458DA059,0.2492892570332254
CC_7FE85C259E03,0.10745138092832451
CC_7FE8CD30D7E0,0.10190299713752218
CC_7FFA32DE7B04,0.1611739435212429
CC_8014F1E2C5BF,0.03682472983143885
CC_8015895C1C29,0.254693490721795
CC_802BA7E39A13,0.060358148303392034
CC_80300D23C3FE,0.34606504572656327
CC_80465303B6E2,0.19581846613327136
CC_805ADFD46B84,0.056322573200465686
CC_8060F40D9522,0.1965805814944499
CC_80621E822131,0.05183561307013217
CC_806654B580B5,0.4065861063286632
CC_806CFD6A52BA,0.033850700554376625
CC_807935BBEB7F,0.05390649980299314
CC_807C57E626E4,0.07173846352399033
CC_807C91C98684,0.030759994331893387
CC_8096B589BB07,0.16967289379296774
CC_809D60155E9D,0.06943825790608393
CC_80A2189E5125,0.5244595107098423
CC_80AF87F62770,0.17602131773393273
CC_80C03DF9CC57,0.2061168600662369
CC_80D9B6563750,0.552323367027139
CC_80E9638ABD4B,0.0459544454856816
CC_80F7171B71CF,0.11101985790376387
CC_80F9983BC18B,0.06282868089907695
CC_811109A98EFF,0.09610268629182035
CC_8129480B056D,0.30873870688558436
CC_8134E5DA9FEB,0.5821359400562985
CC_8140399AD344,0.11425245824061167
CC_8140E278B6A0,0.21548063056734157
CC_814E0F756757,0.44258779905963125
CC_815FAAABFC91,0.20146626571806117
CC_816B28807CED,0.07175668565998432
CC_81821F9F2307,0.5137361685926758
CC_8186D7991EB8,0.0516698510809002
CC_819E203180C8,0.8101825119378646
CC_81A5E3141BDA,0.5270846770946869
CC_81B5CED8EE79,0.12724402527876089
CC_81B91198E00D,0.7094104180143953
CC_81BADC379C8B,0.22650823385136412
CC_81BF8EA390F7,0.05510980084471789
CC_81C5FC962C72,0.058584864237486926
CC_81DDBFAF1CB6,0.053159675137174206
CC_81DE637E6138,0.03138082409333335
CC_81F389DEC9C5,0.07571903347291133
CC_81F647806849,0.1140299629633256
CC_820D491B2903,0.7417923699658961
CC_82172863AA45,0.2976392268459225
CC_82195FBE9366,0.052030587805121
CC_821F503DA953,0.0815747276992203
CC_8221AF9B0B93,0.7395338518494035
CC_8222D1C47857,0.073268858136355
CC_824BB6CD2B25,0.055907182177295435
CC_825192411933,0.09183309860818621
CC_8270E213EDF5,0.21812274622235062
CC_82839CC161E8,0.05549657452097387
CC_828A0B6D7291,0.08887638626426289
CC_828EDE22A438,0.04281166303097418
CC_82928B5ABD45,0.30744742471643377
CC_82A7FE954659,0.18126481220308088
CC_82ABE1FFFA1F,0.15428034857950623
CC_82BDFA01C41F,0.12134523278497565
CC_82C20057CB4A,0.10239826321581995
CC_82E52529A567,0.19808344123216884
CC_82EFBFCF68AB,0.11073410262036644
CC_83092F58B321,0.1343316282367913
CC_83098B4BBD4A,0.12637803106525275
CC_831F9E623C5F,0.1646070808600025
CC_8326C8A3D569,0.11189665600648199
CC_832730F42A18,0.14163505351416164
CC_832A44C3F2A0,0.047765089155009446
CC_832EBAE498AE,0.6923904930464397
CC_833B196A70F3,0.714250253525953
CC_833E14DFF4C6,0.15909910086430434
CC_834092035687,0.3198691177765632
CC_8351244DE3CB,0.06975363019574604
CC_835B90025058,0.044188874969344406
CC_836534CEDFD3,0.1225139300398636
CC_837ADC1EA55A,0.18972260300039745
CC_83884D799788,0.19763785743650392
CC_83947255841B,0.1163191348393322
CC_83A5A3022ADF,0.7654903634934409
CC_83ABA98906DE,0.07093677293723108
CC_83C75D07414A,0.40626206403431275
CC_83CBA767432F,0.7235004143601351
CC_83D342F53F36,0.14929148920432386
CC_83D5CA2A23C2,0.03602187335583574
CC_83E002D6D82D,0.17304428114596127
CC_83FE1BCC83E6,0.29721010910086276
CC_840E5B830DB4,0.03688100379417819
CC_842525788FC1,0.20123532948247014
CC_843076C8EB9E,0.2910943588093259
CC_8442C97EE91A,0.11139175492094591
CC_844C3C30ED67,0.11410663287644729
CC_844E345D2636,0.1959362317749742
CC_844F26E92B12,0.19176829001117957
CC_845032D8A261,0.2640927098210154
CC_845223F606E2,0.2599604690620676
CC_846F5B19B110,0.3631405442965067
CC_84797EA9ABF9,0.266049112157151
CC_848D59D48081,0.17700412371969867
CC_84AB057BFCCA,0.05150418192238235
CC_84B0BA112537,0.05987665026534974
CC_84B8FCEDADD5,0.08487015464527323
CC_84C61A6BE99D,0.08561218400187634
CC_84CDF830F68F,0.07697835635920676
CC_84D5B88572DC,0.25300271823563053
CC_84FABECED186,0.11528512336398622
CC_8503F43FB29C,0.1896235651222118
CC_850ACB004EE2,0.08432531299758442
CC_850B114489CE,0.09765489214789952
CC_850CC17BB13B,0.14911544884028635
CC_8518C159BDE6,0.13843970128534772
CC_85299261146C,0.09022836130072859
CC_853986C52A17,0.043997108086768974
CC_853ABBECF2E1,0.7923043153424145
CC_853BF4485D85,0.18994274165565278
CC_853EED03843B,0.07200068663347468
CC_853FD1B551B1,0.16461367692604892
CC_854AAA98CC0C,0.7674631345561249
CC_854F8AB5F1FE,0.04088406297212145
CC_855E2A785BAA,0.10778078919113074
CC_85614CA68432,0.05897470818405262
CC_856B92B23BB5,0.767389266965466
CC_856DF4A30E13,0.6958914086895842
CC_858704DBD5A6,0.05694935677771859
CC_859EF0AAA74A,0.0469510560767636
CC_859FB710961E,0.1500586651951747
CC_85A0EB3C9884,0.6030291466207469
CC_85C887BB996A,0.09318211026605598
CC_85D9A6C9CA60,0.13617222589325353
CC_85DAF10E61A1,0.6127308960790083
CC_85DEF8ECB524,0.13216190277284667
CC_85E2E0B8B15F,0.6943544830326517
CC_85F018DC47FC,0.29076364212253547
CC_85F376B33951,0.1715099392871287
CC_85F745E1D307,0.12371130213272943
CC_85FAFB430486,0.29935758180068006
CC_860D4B868C17,0.022314434714577044
CC_8614E30C9FCE,0.3883719773437675
CC_861F5DC22035,0.047462671097014415
CC_8624ABB391B1,0.16445711357706436
CC_862BAB422756,0.34333161142506285
CC_8642F98E5504,0.17249218721863663
CC_8655B8862C81,0.17520197911027946
CC_865FCEE75A8E,0.03488991161761347
CC_867372811CCD,0.43120936281252265
CC_867695B5C296,0.5316521263921231
CC_8682B1F914ED,0.16698433085334086
CC_8691DF144B92,0.5206676734552835
CC_86AD259FA5B1,0.14865055650867637
CC_86AEC21936BB,0.7332325198496107
CC_86B1D15F8424,0.039343429670386884
CC_86C2A6EC5712,0.7219434295868745
CC_86CF816B494B,0.0610130833552795
CC_86D4D58B1D0C,0.1586855861765929
CC_86E2C4E17CB6,0.04689787243562592
CC_86E9E191E3CA,0.4178508337196563
CC_87000C16C856,0.10899202585987627
CC_8703DD5FA02C,0.1803136426472816
CC_87065B1F429D,0.11207252169946896
CC_87434BBA1CE7,0.0370920051634853
CC_87450EA8CD55,0.6857468408543681
CC_87480F785786,0.07166782973715095
CC_8777EA6EBFD4,0.041425810641642836
CC_877A35E76904,0.07335341720063085
CC_877B37D01563,0.13193679842563907
CC_879759A5EFB8,0.3548925313061593
CC_8798AF2651BC,0.13711193794272175
CC_879989FB3B92,0.5688754216158244
CC_87A3BECEE5A4,0.13290495085807763
CC_87B7CDF4BDDE,0.04211171224498067
CC_87C13E620006,0.26826056037525525
CC_87E3AFB080F8,0.14334669378716136
CC_880044F77ACC,0.0970554374185396
CC_8809BCAC74A9,0.039472951984300945
CC_880E0019DB5D,0.03552325287543577
CC_880F027D886E,0.12375191618209834
CC_8812BC579F7D,0.07363788340434138
CC_88225FE57D82,0.20701270749432243
CC_88315318E9DA,0.3285086447199394
CC_883864E584A8,0.070868546891311
CC_88469BAD58C4,0.049353487897781975
CC_8854EE679596,0.08696050455122954
CC_886273CC4072,0.07715756028408412
CC_8866B6D4524F,0.23827166431212837
CC_88A943606806,0.35156491195183726
CC_88E916A3F984,0.805745365416154
CC_88FDC55C31A4,0.1212911875369255
CC_890D5EE59076,0.03034647429079898
CC_890F721517F2,0.10351510850978703
CC_89129D16418A,0.34667112377875614
CC_8917F02F9326,0.13682894551728847
CC_8920B6584A43,0.061741975478958995
CC_8929DF270419,0.7202026451926626
CC_892B119F0E5C,0.18296910400332111
CC_89302456B9D5,0.6742421899386511
CC_893FAA6D1F04,0.7371531300936394
CC_895AF697BFBB,0.2972825467249055
CC_8961FF892F79,0.030342684020744422
CC_897674493060,0.0701373278260653
CC_898AFCD28B03,0.12154808080795809
CC_898CC919D10F,0.18301710344262562
CC_89A711195EEB,0.15553396005299902
CC_89B4DF07DF12,0.07148222916283228
CC_89B941079E10,0.09834477703171018
CC_89B97E9FF67A,0.10996343525890231
CC_89C5162E8055,0.16903183217711765
CC_89CA0F1E2DBF,0.23827846224835483
CC_89DEE29A78AA,0.11053944403276171
CC_89E089707730,0.16253403006258837
CC_89F0B865A6D4,0.10237951676448483
CC_8A04C5D4D02D,0.07042444135794829
CC_8A081AA1FB92,0.3269623709719877
CC_8A0C640E7A89,0.5450179513133616
CC_8A12B68246A6,0.042697535555383935
CC_8A14A46B280C,0.16445714150391758
CC_8A165A18560F,0.3151732190169509
CC_8A19196788FA,0.06470666997482619
CC_8A25FA445037,0.11902652919748694
CC_8A29EA87B295,0.1344614419024115
CC_8A2AC87CB22A,0.05437971867131587
CC_8A34634E7423,0.6209132206446903
CC_8A38BC1AFE57,0.07377850289120357
CC_8A4CAF0CD0F3,0.09033368843850177
CC_8A5A0429CAB0,0.13488607596598193
CC_8A6E60FAE870,0.08171039019442539
CC_8A7DA054E397,0.6775650596703704
CC_8A7F5FF4B421,0.25694079730116254
CC_8A8249A44847,0.12396726274290917
CC_8A8BCE16DF45,0.1304564017549693
CC_8A8EC764734B,0.0739140471479904
CC_8AB553BFA00A,0.09883880552998692
CC_8AB57DC077EE,0.6470971876509295
CC_8ABA5808D313,0.06387938773044954
CC_8ABDD9A05C87,0.34618097852802754
CC_8AC7520DBCCF,0.16833576566436254
CC_8AC7F8BABF28,0.06340305534361268
CC_8AD67FB3A5CC,0.7434070519042635
CC_8ADDCF5EDCC1,0.09061364947191117
CC_8AF1C3A0799E,0.7330168337472457
CC_8B388FAED0B6,0.1240664727619849
CC_8B46CA903D09,0.028573121370376695
CC_8B5819403FC8,0.6685709238158309
CC_8B581B8207A9,0.13559194382590395
CC_8B6DBEF19F46,0.15866462252733501
CC_8B8326C4C229,0.117229351261871
CC_8B850FDCFC83,0.0850871900920462
CC_8B8F41F19B72,0.07599244952208992
CC_8BAF98C60957,0.14414707754330475
CC_8BB0824B181E,0.05348924626854829
CC_8BB963DAD9E2,0.1530560445902548
CC_8BBF5F939D7C,0.15053043410871642
CC_8BCBDCF4DFF1,0.0929923657670175
CC_8BCE343561CB,0.7467768248262873
CC_8BDA87361657,0.09822589602084777
CC_8BE68A4DB87C,0.07732812979020315
CC_8BE9BBD879A5,0.045531267347138145
CC_8BED85B91011,0.399544257277998
CC_8BF68E552DA2,0.19017589855799527
CC_8BF832E6464E,0.8030102143990745
CC_8C1561920E84,0.2321784703551789
CC_8C2A7D9A667A,0.1702176699486545
CC_8C3A5DFE70B9,0.18436814467414103
CC_8C534CCBDA4C,0.2174190206605539
CC_8C6472A3EEAB,0.051163334382440105
CC_8C6B4854D16C,0.2548884945624307
CC_8C76DE4F58D4,0.06599366345865454
CC_8C7DA3F4F88F,0.07526171892855067
CC_8C8527DE7DD7,0.07883156149268612
CC_8C9416612FDE,0.39916984215737883
CC_8C9973F02AD6,0.3374955692666398
CC_8CA1DB61A2AC,0.04529740295908619
CC_8CA59CAE22F6,0.14859731260451325
CC_8CAFD04A6EDD,0.11124360808931649
CC_8CCCC389913B,0.6248613718139653
CC_8CCEF12DC7B9,0.18654689877663583
CC_8CDCD714BD1F,0.788275042780223
CC_8CEC7987D1B1,0.08601090596800769
CC_8CF621ADAC0A,0.2896567215740786
CC_8CF8FE2A4B82,0.39289422950116526
CC_8D048396D9D5,0.10057345644575653
CC_8D1089C58563,0.5417277028035238
CC_8D35A37FC4B1,0.10043455574193742
CC_8D41E12FE5B6,0.13662433219815834
CC_8D4A859839EF,0.1521537022583867
CC_8D4AD431C55F,0.08618240215123996
CC_8D4D882CA579,0.11678036204019343
CC_8D6151025078,0.10839877073157067
CC_8D637233FE54,0.16391226354664967
CC_8D6AEBA2D7EC,0.09550697029637531
CC_8D6E16DED971,0.18578877079986963
CC_8D7329F79BBD,0.44536100184961347
CC_8D7B7307C43F,0.0886530171560442
CC_8D7B9D4936EC,0.7063807606182124
CC_8D80B1B44AE1,0.40134578654428577
CC_8D9516D61143,0.412680730009439
CC_8DBB8445786A,0.09686021144017362
CC_8DC5B86D9DCC,0.7528370186623252
CC_8DC6465998DD,0.1898880322802568
CC_8DDD0EDA9CB2,0.14104076457628148
CC_8DDEF0265CB4,0.05859297250374857
CC_8DE06BEB95A1,0.09926670183304968
CC_8DEBB5B14A14,0.1508524365021608
CC_8DF5BE7F759C,0.06306257030202814
CC_8E0ADCC71F85,0.05167807340915864
CC_8E0BD86F6F0E,0.09313051979258297
CC_8E143BFCF3E5,0.11419892288354751
CC_8E170A60D71C,0.37675575107566905
CC_8E1C3A21FAEE,0.10057988493791956
CC_8E408E18F060,0.10433303134906023
CC_8E42FB163DA5,0.7992732084424246
CC_8E47536D29BE,0.2854686677758668
CC_8E50AFFC5BBD,0.05165048207292457
CC_8E5FB1035354,0.17141584527586365
CC_8E7B9B8DD1A3,0.09662957107277934
CC_8E85B08196AF,0.033613186901506574
CC_8E96FC75AE5A,0.07504974213236743
CC_8ECAB5A6C7B9,0.07901433362806566
CC_8ECC4C7A6638,0.49802964529490457
CC_8ED6F13C35F5,0.1648118129648931
CC_8EE5E9467038,0.18115128621535487
CC_8F037E5AE692,0.04895530725552445
CC_8F1A418D96B3,0.3060982516578075
CC_8F1C4014F91A,0.13900585986422978
CC_8F30A5FC9D49,0.08846729612777388
CC_8F3456F298F7,0.22767857729539406
CC_8F393D485C29,0.13550181002677503
CC_8F4A41130110,0.04524527244749488
CC_8F7AA6E4D486,0.11205092141184078
CC_8F887BE25314,0.15676281633808153
CC_8F90CD1A5E00,0.1574360423223638
CC_8F9B26042C4A,0.11461732456079948
CC_8FA9423E65C6,0.10223489978662789
CC_8FBA6C32E0A5,0.2792017114416974
CC_8FC1C50C41E7,0.08602153003731128
CC_8FD005425792,0.062471771083022175
CC_8FD6A223135B,0.1413155500028515
CC_9002450E1B5A,0.04628916826693823
CC_901CE62199C7,0.38485256052936784
CC_901D2136E1F9,0.1786844263420633
CC_902648F62345,0.16153662683491132
CC_902BF0612E70,0.1620387595970324
CC_9036F7423277,0.19898342759724988
CC_903AD2767BAE,0.7150202356917474
CC_903E4BA690FA,0.3167086067582268
CC_904386E31210,0.05389206445372493
CC_904EA6C846F8,0.39629685111488777
CC_90549DD3CC39,0.12236256181766195
CC_905739E5494F,0.09011020958573
CC_906F852C69D6,0.6349872839898625
CC_907911F4930A,0.25344066269463117
CC_90798A7273BD,0.13924764507878337
CC_907F3A8AFCFB,0.06505505305550882
CC_907FA7722881,0.11024686922133929
CC_90812D9F30FE,0.09285537746733014
CC_90870A89F310,0.03711010906340739
CC_90894CA021C3,0.5812393260485396
CC_9092C5EBF5F6,0.05304764104005119
CC_90A10D649D9C,0.6871458195828878
CC_90BF8E127519,0.5694377043576456
CC_90DBB385A7F3,0.708194590033276
CC_90EAD308012B,0.3125057814995374
CC_90F4BF0B868D,0.11842830744184211
CC_90FA39516EAF,0.08086078357756765
CC_9117894F31C2,0.17387483117020464
CC_911ED63BB556,0.36890825663139043
CC_912730AE6E8F,0.28399804724000977
CC_912CA7EE4C26,0.12350894985891303
CC_912DA46AAED2,0.08302161429014854
CC_9132E67EA479,0.14083944412772317
CC_913D95FB31E0,0.16993295043673506
CC_91529F20D461,0.7570197226934974
CC_91586318C780,0.039708841877206545
CC_915F2708219D,0.162511227523001
CC_916CCF9CBC08,0.03299411544545437
CC_916CF77A29CC,0.09108374232100297
CC_9189E4FF82C5,0.14667106369965155
CC_91A27CB6139A,0.14402638603467025
CC_91B7A4A15A37,0.6171483762525884
CC_91C2077BA6D7,0.08548806917809741
CC_91C4CC43EEE5,0.14096542002099777
CC_91C55BE33AC7,0.060339612494323305
CC_91C81BC58B49,0.05154863869628442
CC_91DE12EE18A7,0.3776522509277111
CC_91DED13CDCD9,0.16507091629417164
CC_91EF639761F8,0.1507703805395489
CC_91F23A7E743A,0.32706385571702534
CC_91F4C5E889C7,0.7320928995198204
CC_920E91EB28A7,0.18520455661074803
CC_921481F5F77E,0.09912424902445754
CC_92221DB27176,0.1819966549315191
CC_9224D5677C66,0.11840211827257982
CC_9230B9656F93,0.2070516158779135
CC_9231D0F8A993,0.7158216950444954
CC_923727159A8F,0.047764446057937185
CC_9248706729D9,0.03804375002192713
CC_924AEB5DD991,0.20072811901687032
CC_9250BA851692,0.3054872646719562
CC_925BACE3417D,0.09941442794110857
CC_9260CD0D7C0A,0.1231679920375339
CC_9285EB21B38A,0.11144326925598906
CC_92A09F03DAB5,0.7902520223109044
CC_92BC35D7F9CD,0.10812861405130325
CC_92C5FE9E5B12,0.6793609514720496
CC_92DC8CF8C902,0.09287958932557258
CC_92E006664648,0.26279333203985733
CC_92E4EFB9F0DD,0.111094531902333
CC_92E621E0298E,0.18429769390647976
CC_92F412AC7D22,0.07186107592436625
CC_92F42886B7E4,0.2035267717559911
CC_9301E23D376D,0.5819811231126418
CC_931133320380,0.1942180876372055
CC_9314B6D8B7F2,0.0734096193959366
CC_9337E3B43211,0.18788481140709395
CC_933E044F26DB,0.09006242732765671
CC_934BB89938A3,0.0969092808173215
CC_935296A995DA,0.13021362638953715
CC_935326AF26E2,0.16771612818910903
CC_935B72B8E7F0,0.05154360300195944
CC_936FF3C9BE68,0.04195597010451685
CC_937FFE1718BC,0.03872459787293652
CC_939F92AEE460,0.7876929062033189
CC_93A4365B25CF,0.7926904240907973
CC_93AB9D6A7EFA,0.09092857542176042
CC_93C719738590,0.7991153458936877
CC_93CB48930B37,0.20535529587892778
CC_93D24FAFD21D,0.09892658692324614
CC_93DB5F477493,0.12958372665119994
CC_93E1CAFAD44D,0.06365627192400715
CC_93EC9F853123,0.20255183158342202
CC_93FEAF515A8E,0.04388785288016383
CC_94063A67F136,0.30047558532895036
CC_9406E32819F5,0.06482819175414363
CC_940971CBC1A4,0.1631135073370717
CC_940ADC8DEA3F,0.1190093377789418
CC_940C7E8E0C52,0.21610742891741247
CC_941DD2E1DE56,0.15417051873380572
CC_941FC1FD0D55,0.20118084734191466
CC_943B720DB5BB,0.10108374237389606
CC_9440309323A0,0.14345039065085136
CC_944B461BC558,0.06552444101782626
CC_9453654BACE9,0.19814143825901073
CC_945888CEAF10,0.3473579528427972
CC_9458D4A483A8,0.11218282896091239
CC_9464BA7E98B9,0.0781739896161121
CC_94794B478A5C,0.3071816845222338
CC_947E58EFF90A,0.09410837002510546
CC_948537FC17AA,0.7622109846425655
CC_949576D25153,0.0851013063014808
CC_949B8CEAD619,0.09053294062764913
CC_94B4E05906A9,0.13325861094627184
CC_94C3B6F3B0CC,0.13329100975531882
CC_94C3D9D8FBF3,0.630163244658497
CC_94CD530B2099,0.07420938794940331
CC_94E9D1E527E6,0.03247603416175491
CC_950450C0845E,0.3942053432346879
CC_95169A4360C6,0.04474770438720551
CC_951A69571676,0.054061388306806776
CC_95232636844F,0.22117255546716377
CC_953A5913EDD3,0.17587731140402418
CC_953B678083F9,0.08342444608043233
CC_9541BD0604B6,0.1776171865429723
CC_954404C1BEE6,0.39483937922050183
CC_95444ED71872,0.08336649746906172
CC_9544B86C78A6,0.7139388651014363
CC_954AD7E7C8F1,0.16003180771269343
CC_95525CC6C854,0.1459631263324248
CC_95573B318A91,0.04318501431749249
CC_9569309DC18E,0.08777898810386367
CC_956A2DF28600,0.20222068242927466
CC_957C7A0D7B72,0.35060588151502536
CC_958BECCA0BAB,0.45903341118049656
CC_95A6C4DA2F12,0.6195102950639475
CC_95AB75B5BBBB,0.12807333452655084
CC_95C1274DD7DF,0.027291081542766472
CC_95CD8F6A8CBA,0.03852228185927063
CC_95DD4DC604BD,0.18462479880995464
CC_95E1AC08266F,0.14298126183911095
CC_95E3DDCB74EF,0.062363498429350836
CC_9601384AC971,0.4538442265549194
CC_9608A73A8025,0.16478576569211947
CC_961F3BFBDDAC,0.8384034408466303
CC_96206C1277EB,0.28470202282796514
CC_96396AE6347C,0.20091544062806982
CC_96416D2A937F,0.20081367431037778
CC_964C2E0B00C1,0.187904943908726
CC_9657A2A04BAF,0.22245029299345948
CC_9662D713B7BB,0.22701479913150052
CC_9664F83B7F1D,0.1860318618238751
CC_968AF836D0C4,0.05153943352478431
CC_96A6735A4317,0.07359333771016563
CC_96BC62A4A0AD,0.21985535610409238
CC_96CD75668A6C,0.06372915933277579
CC_96D928252719,0.3850661101523547
CC_96E40BDE9A6C,0.11674834337744176
CC_970116768415,0.22922643594795195
CC_970E94875C2B,0.7601172592727784
CC_9721C8A61D80,0.07198209770285058
CC_972313B0F814,0.16949913306675413
CC_972FD8FFFF63,0.5386304120870351
CC_97478A77EC17,0.17278331307730713
CC_974D14774BD8,0.061581411566658056
CC_974D86BD39FD,0.04863024185026974
CC_97508465AB76,0.12435044567954016
CC_975689C0CD6E,0.06214238519327063
CC_975967702106,0.04560577568034268
CC_975F3F07ED23,0.05210849713989716
CC_976E0D9A64ED,0.3600445600196256
CC_977145B2B363,0.39597283048574894
CC_9772CABFE1D2,0.7907386655998273
CC_9773C1E6AC8B,0.6031414263560956
CC_97832657396B,0.4732558381923362
CC_97963C337FD3,0.4764735586121889
CC_97978B581F20,0.16865966587151426
CC_97A9ECF23955,0.24079365759282992
CC_97ACD6D965F3,0.09306877724466786
CC_97C69AF6E34B,0.7179260857387374
CC_97D0E7256861,0.6699340943677945
CC_97DEBFBE2BDE,0.26368127295740307
CC_97ED469F2950,0.11935664043911101
CC_97EE84ABA6BF,0.32358064493464406
CC_9801B22BF375,0.11461774060998296
CC_9803B6D4D780,0.2744771745324105
CC_980E90C8A301,0.10506262523688449
CC_9814B3D08A69,0.08111090896147322
CC_9821BD45BB0D,0.16707294706991782
CC_9829FA0350F7,0.034823359782454405
CC_982CAA309A38,0.1848929288211852
CC_98346EBF382E,0.1383053430124142
CC_986698CCC6AA,0.14717417994388693
CC_988FC580CD50,0.12473433088954347
CC_989795BA3DD2,0.05922064470812785
CC_9897A1DFE807,0.08575066177946634
CC_98A2C8F4E956,0.07688069558036852
CC_98A3E6CDC707,0.10746260005573424
CC_98CE15EE1565,0.05686141066401333
CC_98D036D16215,0.06021845249580134
CC_98D09B14EE3D,0.4093824570707059
CC_98DB782DF852,0.05302069662769346
CC_98E2EA67BC97,0.07324818671792044
CC_98E6E7CF74AF,0.07833532475583051
CC_98EEEB2A83DF,0.6176857802821294
CC_98F3D3194788,0.12087656345519214
CC_98F8A8CF4F9C,0.3319296528623999
CC_98F91BAB57EE,0.16385618137217067
CC_98FA377070FB,0.1905645282770699
CC_9900D0479959,0.33421355137850195
CC_99061A735C6D,0.2312329519829186
CC_99093EC1A2C2,0.12784682888921345
CC_99376CA4DC26,0.04606551791664154
CC_993A588895DA,0.13035246772207676
CC_993EE6417CED,0.08295327738407221
CC_99559319913F,0.04244620810586746
CC_9970123DCC41,0.32903047518116113
CC_998BB6848FDE,0.08389895998833484
CC_99958287B2A9,0.5083742255389707
CC_999BAB2D16FA,0.4240013627239433
CC_999C7029261D,0.743205515578812
CC_99AA61D1896E,0.08408093400150049
CC_99C03E7D99CE,0.05026624898177714
CC_99C62022794F,0.08412005547251439
CC_99D46BE6593A,0.17095338928909032
CC_99D5A5371B39,0.1631610987267294
CC_99D79709AD9F,0.764387089566051
CC_99D7DDAA460A,0.1689056079550143
CC_99FC44B3C58A,0.11648002655779355
CC_9A02B2A17C07,0.09969782263395639
CC_9A05DE55D408,0.21208011827376602
CC_9A0C42AA09BD,0.38813055293133697
CC_9A2B390551F6,0.04452904074248026
CC_9A2D66206BD1,0.530379598732134
CC_9A366E181FA0,0.15408141615648052
CC_9A39365FA850,0.6181477247874978
CC_9A42833BA860,0.04097928099589166
CC_9A4911A0140F,0.0895249600038211
CC_9A4FE1E8E0C5,0.4314094435354276
CC_9A51017C734F,0.3491185941963
CC_9A5DCCD62D0A,0.36692111224219504
CC_9A602F492510,0.19153501746344914
CC_9A66BDD34B89,0.03875808839614284
CC_9A6AB0AB1E67,0.045287838234774266
CC_9A7049ED5656,0.5573378319997004
CC_9A7AF31828E5,0.08925474584297294
CC_9AA750377C6F,0.11668721771530141
CC_9AB359C82202,0.05105431041541744
CC_9AB7BF77EE83,0.7515282161461498
CC_9ACAC8474B9F,0.02365219751407475
CC_9ACCA4FB9101,0.07260433405617144
CC_9AE1529AF9E0,0.12681686497649972
CC_9AEE181F1156,0.25816071044248357
CC_9AFD130D3725,0.10428988190798291
CC_9B09C3353732,0.08214730754154728
CC_9B0D37817EBB,0.08303926265523098
CC_9B290B59155F,0.37560333224919085
CC_9B2D487C64B0,0.08330582867464098
CC_9B3DEC76ABF7,0.07190389738085404
CC_9B4F778D0A6E,0.17882405847446342
CC_9B581A92C2A3,0.3822559967488248
CC_9B5CA8C38414,0.16750567867988736
CC_9B6E82167593,0.19265991319374082
CC_9B6F6B2BCC05,0.3493147224592055
CC_9B7FC3DA1594,0.34346968241303005
CC_9B957DC280F6,0.15778161636307994
CC_9B997DF20042,0.3858280442941031
CC_9B9BC4B83736,0.078881421254806
CC_9BBE1A16C04A,0.1628611557440485
CC_9BC63F1A568C,0.2616872515079761
CC_9BCB0166227D,0.2361663542721637
CC_9BD3DC96ACC5,0.11979751766517399
CC_9BDC5A0E43C7,0.41953551259782207
CC_9BF9485A3F9D,0.2398385284019799
CC_9BFE93FF2145,0.2593921828115642
CC_9C0470A0536E,0.233502069280629
CC_9C205AF09E47,0.5512794177789543
CC_9C30DC5C1E46,0.06574778493403172
CC_9C325B6CAD11,0.039887938201684
CC_9C4A200D0BFB,0.40919012103953006
CC_9C5EAF238007,0.2605540104832979
CC_9C601C6BBD37,0.0571491659142952
CC_9C606C2C92CC,0.06187999509781163
CC_9C6192D3A16B,0.061869063871059574
CC_9C84FB9B1469,0.06588823445926707
CC_9C989433D637,0.2770037632774034
CC_9C9B2FEB4937,0.15729817448256433
CC_9CA7FBE1DD54,0.14992672773576876
CC_9CACA50F80F2,0.19031982237529832
CC_9CB40D552388,0.07173084747028048
CC_9CB8127D17F0,0.03429246445479583
CC_9CB9CE2989CF,0.7093590999590442
CC_9CCE51CD83ED,0.7894383200830508
CC_9CDD2F3D0BE7,0.046642460625834714
CC_9CDEC693AA99,0.3868662113787934
CC_9CE9091AA9A9,0.24321123480693255
CC_9D007C60D29F,0.0649131690754163
CC_9D017774D4FC,0.6684540208607576
CC_9D095EC1F232,0.27534181358003085
CC_9D1A1281C8FB,0.3377326306042668
CC_9D23F42B7996,0.46953654717507104
CC_9D2FBC479646,0.6911906672594805
CC_9D363365CAFD,0.08009078276340907
CC_9D44E4543573,0.19761061820608994
CC_9D45F67E3B01,0.0809006727357546
CC_9D535DD207D2,0.08585851802909114
CC_9D53ED53A15A,0.5800924055834515
CC_9D5D97AEE98B,0.5056017534010645
CC_9D5F2A5B6913,0.09399848095666385
CC_9D6BC1C470B0,0.525897196207052
CC_9D71FBDE765A,0.046397929989797984
CC_9D73939E357F,0.12151421735574376
CC_9D82F401BD88,0.6514240467998352
CC_9D8B4454BE84,0.2555876731227711
CC_9D92537645DB,0.059622313718749764
CC_9D95ADE03ED1,0.22599063535869768
CC_9D98FE7A1809,0.048972551910816946
CC_9D9D59757786,0.06852748076138088
CC_9DAEB38616AC,0.15233906480103312
CC_9DD55CC0E928,0.021405094072688192
CC_9DD6B460CDFB,0.2502357968640434
CC_9DD80B5E3729,0.09156595015069843
CC_9DD82B4310AC,0.4410594841599593
CC_9DD9389E8AE0,0.08921186119061979
CC_9DDA8ACEB3D8,0.07839953594299646
CC_9DDCD898D01D,0.13574155159006968
CC_9DDD90B42A27,0.8017083897228829
CC_9DF1807A4316,0.03764125374055159
CC_9DF786FD2620,0.4495571445180505
CC_9DF7B9B3C8F8,0.07097347788264596
CC_9DFF6E2AC586,0.15591407402358404
CC_9E0546BD7BD6,0.14262057908883952
CC_9E0BE8227931,0.0970432004014237
CC_9E1A205BA261,0.41752655052500726
CC_9E2967559B00,0.051513818008933704
CC_9E323A031449,0.7110635467443029
CC_9E377CC03D51,0.04913867505754284
CC_9E3B83584C12,0.16828690652884112
CC_9E3D46FF5709,0.5745177186923509
CC_9E4FA91B86A9,0.07401281406563036
CC_9E53534DCD6B,0.12611170315103554
CC_9E73656FC8C0,0.7231444691084015
CC_9E7430675033,0.18355702313516795
CC_9E84CACDD7B6,0.38660967820976155
CC_9E84E0E4C5BE,0.2988754419497803
CC_9E9C65275B4C,0.09244363756045082
CC_9E9CB6473D59,0.2559328244416724
CC_9EA4F11BE6C2,0.1716871065181468
CC_9EBE3F26F2FB,0.0656494300659791
CC_9EC23AB6C573,0.3485259113482
CC_9EC34DDD0E53,0.045717423323379705
CC_9ED8EDFE8C55,0.0645639308695263
CC_9EF352F179D2,0.07943236075726663
CC_9EF505400F8B,0.6438746598034558
CC_9EF66D83B743,0.2991846470760488
CC_9F051572BFE4,0.2154972975950723
CC_9F151A782BAC,0.22611864771789425
CC_9F1A5DF4619C,0.383141594424455
CC_9F1BF78ECD7A,0.08568388378651148
CC_9F263092AD72,0.15975397388521728
CC_9F36EC36A9E6,0.09060277588143602
CC_9F3D52242888,0.18961466907380814
CC_9F41F312CDBB,0.31580259678529754
CC_9F425167F9ED,0.17592703100507093
CC_9F6981E0009A,0.3000407784369861
CC_9F706DFE0AE7,0.031499063678249374
CC_9F7B525DD52D,0.3727528443002095
CC_9F8D5A5A9DAC,0.16395798413126317
CC_9F8FAE57E6A8,0.14182768712532406
CC_9FD1AB8E65FE,0.04361022088347551
CC_9FD2689202D5,0.12966727242575524
CC_9FDBB5C2CD09,0.039835221301798125
CC_9FE52BD71CA2,0.10808187807740649
CC_9FE8E62EB24D,0.09369509043773731
CC_9FEA59AEA00C,0.2743893063842811
CC_9FEA77B36A29,0.37906604453261694
CC_9FEE9701D16D,0.2692815788539275
CC_9FF35BA60E6E,0.2831423846228319
CC_A0003F08B22E,0.15983632913697746
CC_A00AE2543224,0.06959742954932238
CC_A02A29DECDC6,0.10724767161555984
CC_A0336C21117C,0.6440099918901082
CC_A053B42BBE0B,0.07430921948821993
CC_A0591F16FA37,0.03129501095745311
CC_A05F962C80FF,0.16826935935426612
CC_A07B0549E53F,0.06379571065363399
CC_A09F230CCF5D,0.6569411964714279
CC_A0AED6346ECD,0.19522235599791826
CC_A0C4A796643F,0.10247367187796222
CC_A0D6DDFB430F,0.06260352615579705
CC_A0DF672F9C4E,0.12251987706376477
CC_A0E8C7C5558A,0.29470449312641317
CC_A0E9269DF22C,0.49265527898539563
CC_A0F1DB5CB28C,0.10317175852496488
CC_A0F42B26F8F0,0.059398381990517085
CC_A0F8F80EDFB0,0.059567606546560944
CC_A10AD9550E4D,0.027237385639069984
CC_A10EB26E5EE1,0.18807341623244977
CC_A111B065F623,0.07560367134894336
CC_A113D95B4AB2,0.14369656815220622
CC_A1320C0F0129,0.7267310354823973
CC_A1348D850EFD,0.7657092113515298
CC_A13D08B372E8,0.06241778872294369
CC_A143E64BD9D6,0.3697916481767631
CC_A14B0A24DC3C,0.10937425621092986
CC_A15137F25F7C,0.07626710491167225
CC_A152DBEC5BE7,0.058535010279347016
CC_A1591CFF6D81,0.04444296083174165
CC_A168CCB582C6,0.37529173542510535
CC_A17DC38133CE,0.7639757998442516
CC_A185D5EA3DE8,0.6305878839097352
CC_A19C842508E0,0.14145319460771505
CC_A1B648DA406D,0.028188663799581945
CC_A1BF7028CAA8,0.022851038292405656
CC_A1D035FA36E1,0.080247917513037
CC_A1DD653D41A7,0.09133629483145184
CC_A1E3AD4B934C,0.30559608036935393
CC_A1E58421CE87,0.050621113397294484
CC_A219144EDEFE,0.06061570993040745
CC_A21FCEEBB3C3,0.4363370151905848
CC_A220E4278D79,0.039825752619829215
CC_A2231BDC961C,0.25393318856344943
CC_A234E219EFC7,0.3516336714492706
CC_A239B1BD81FF,0.06444016426561566
CC_A23D8CFFA31F,0.07527338720317577
CC_A23F463F4B4D,0.037618051803723754
CC_A23FFDC4A7A4,0.08773050924690656
CC_A2423E273F84,0.11866967467583349
CC_A2493E6036AD,0.31280167036455103
CC_A25C54470CED,0.09120452732250334
CC_A25FA690BBBC,0.12399186043049959
CC_A2636CF7C075,0.08998448043453941
CC_A26C22870E3D,0.4535909774787663
CC_A26F6A272B3F,0.13289302846299644
CC_A27CDC9BCBAA,0.1765367620721784
CC_A27E5269DA60,0.20366358293458872
CC_A28D4A46B6FA,0.10824219493735995
CC_A28EB319030E,0.04756549700110739
CC_A294D3A59462,0.7849186188413371
CC_A29D8034C304,0.06097633481926429
CC_A2A109409963,0.05315383302080195
CC_A2A4FA5F9962,0.11556535626808706
CC_A2A7E30C59D0,0.15336671833207005
CC_A2B5D2D4E269,0.5506128046057145
CC_A2BB24180208,0.2713997630965
CC_A2CF1DFEFE46,0.4991190677269878
CC_A2D6090EA5B8,0.1606406400961095
CC_A300BC40BC9D,0.04512068990894191
CC_A3212501F639,0.19213542794840388
CC_A3278A566572,0.06280257765752825
CC_A327EBE4F783,0.18227570913166782
CC_A32FB6659B01,0.07408237447913008
CC_A33915EE72B6,0.2365292040042217
CC_A33D350BE79E,0.1826967391887283
CC_A3553B8AA8F6,0.10167913013126381
CC_A36EB077BF3C,0.030630587935052002
CC_A3753EB66DEC,0.11942566120413264
CC_A378342AC9BB,0.1710084490461795
CC_A379E9455C60,0.1481027133560606
CC_A387ADBD7249,0.0960483196804776
CC_A39E961FC29F,0.15217772902581078
CC_A39FA1EF0B16,0.2684314464748163
CC_A3A4E39FB04D,0.1702617944321812
CC_A3A751BE68D2,0.037060555264680536
CC_A3ABB3C5E9D5,0.6338893135936242
CC_A3AF9C2C68F1,0.1797306160215843
CC_A3BEA14873AD,0.13297530713247577
CC_A3C2FEE13C37,0.154675538555866
CC_A3D6435D5F17,0.15677594739937997
CC_A3E3E51AD0E7,0.04833724278335397
CC_A40566694D53,0.23481098499071243
CC_A410C0DC7125,0.04152638835505109
CC_A42168D2B94B,0.08765232602102419
CC_A43CED9AFEF5,0.451436797730673
CC_A4475A788D13,0.1371640343940135
CC_A44D677C0C07,0.04352037214475486
CC_A44E2673E71E,0.0454401636059924
CC_A44E79A96425,0.3680239605302784
CC_A462CA147DB9,0.11350032127625509
CC_A4660E424386,0.20773027907459488
CC_A476C9F116F6,0.15382559222239592
CC_A47C83B6EE2B,0.14838107521213922
CC_A47F8594678C,0.2856989948047188
CC_A48A7592F96A,0.05801601634625159
CC_A49195E659EE,0.0638787955786946
CC_A498A936AD21,0.1174601760093155
CC_A4BE6692361C,0.5871425997393469
CC_A4BF2115580C,0.07767638744972499
CC_A4CACCD14A0E,0.11394974497272208
CC_A4CE57A1AB74,0.06602381355330711
CC_A4DE4F1B5F93,0.2173512098734509
CC_A4E300558DAB,0.05866743245815984
CC_A4E972915D89,0.7499864970460776
CC_A4EEA04CF3D0,0.19454850250862785
CC_A4F400E9A0ED,0.05179216842241644
CC_A4F550D7F95B,0.20002505569109488
CC_A4FB91B1BF31,0.20527599766255766
CC_A500C1ED0A33,0.18798883143153572
CC_A50471962A96,0.6913572157843022
CC_A5161D8AA57D,0.1190920017103381
CC_A519C84307D2,0.07884295896462841
CC_A5277A9BE02B,0.7104769027511558
CC_A53578FCEA71,0.12656348940756637
CC_A54EAD1CCE27,0.15262045593571072
CC_A5512DA239BF,0.14834511487870208
CC_A5545DF298BE,0.07171552880329499
CC_A556EEF3010C,0.45171416896082633
CC_A56756C65136,0.317042635615846
CC_A5852E06D2D5,0.24688386312739485
CC_A5886994671C,0.14870776713397055
CC_A594D8B41A99,0.050788341674063764
CC_A59C6A6B71C3,0.0727879421568874
CC_A5A06987AF5C,0.20844164607608304
CC_A5A1512FEEFD,0.1636622298433422
CC_A5ACE4284283,0.15220522022778488
CC_A5B10F07BCD5,0.09937981944595581
CC_A5BC9ACDB4CD,0.0699234353110524
CC_A5BF8B260922,0.4402665993663366
CC_A5C52379AE06,0.27526957416965425
CC_A5DD4441568D,0.030144925703291005
CC_A5FE3BE2949D,0.03879187760597623
CC_A60EF94F09C4,0.34105988955697747
CC_A628BE74CB45,0.1372992580538756
CC_A6292E9B43AD,0.060863376202755164
CC_A638610BF8F8,0.10639736308452138
CC_A63BBA86CE9A,0.31386969649219115
CC_A63BDDAC43CB,0.06833459865894091
CC_A6409E37A735,0.14045276502456577
CC_A655EC341406,0.12935103765423456
CC_A6562E47BFC7,0.19992736745286183
CC_A6563A22D668,0.7181058491656998
CC_A6601278C1BD,0.10454709254911834
CC_A683678AC9FC,0.3535675139677926
CC_A6864FE80A94,0.09722003280524816
CC_A69117CC3C24,0.16520727109829192
CC_A69928C7D217,0.17043347325200112
CC_A6A8BAF7124A,0.2922931392275908
CC_A6B7DFC69AAE,0.5755220569866739
CC_A6BB595B55AA,0.05642369947786581
CC_A6C5284C4586,0.0918778432967073
CC_A6CB0D0191D3,0.08310732834122507
CC_A6FA3FA9F0FB,0.11038140924279428
CC_A6FDADD23BD7,0.04443504256909494
CC_A6FE3938F001,0.17877174253176475
CC_A71DB65F0BBA,0.6348192248366074
CC_A730F4964FD4,0.1229636762344419
CC_A73C02C58DDA,0.12274036445296896
CC_A746BC2289C7,0.30237818482408896
CC_A766C3608214,0.12426137183376935
CC_A76F48111A8D,0.14196436737824203
CC_A77AEC8AD2D1,0.023154033249577707
CC_A781174166B3,0.18193999659792293
CC_A79024286DFF,0.06459103093577488
CC_A792720B875E,0.09850650223734572
CC_A7952C2BC5B6,0.08183570449688485
CC_A7954EE1A1C4,0.04540681035688912
CC_A7991E6B3CAD,0.22342866169460074
CC_A7B141DF4AAF,0.060780401267610515
CC_A7BE2CED0B93,0.051822579520957444
CC_A7CF446093DD,0.26330174079332747
CC_A7D1C6692090,0.07883773778385392
CC_A7D6CAB54328,0.4504242486206527
CC_A7D8D1DA4EA6,0.12939505916583582
CC_A8102BA6933F,0.049604866974287905
CC_A81C1EDC5FE0,0.09157504896101913
CC_A82C0FDDC303,0.22200254026734956
CC_A83F92C0CABC,0.15092231772203507
CC_A849B0F60EEC,0.05761981826710602
CC_A852AAB180D7,0.04306492087717842
CC_A8536626873D,0.2191140909167797
CC_A85F953FFD40,0.34840236743925235
CC_A865A3F1E28A,0.6845251895771935
CC_A867253FC73C,0.7335756969514053
CC_A877592FE1AF,0.05936017386071176
CC_A8AE26057851,0.17676088449912564
CC_A8D50530622B,0.13173911538309835
CC_A8D5C834B061,0.7152265025921805
CC_A8DF49EED27D,0.7915951283250465
CC_A8FB53A944AA,0.09177904053733763
CC_A8FF19BCFB18,0.1534956418175565
CC_A9042AA97760,0.05924639255960224
CC_A917D68B7F33,0.04927508240358544
CC_A925B3023F01,0.15510894643237294
CC_A93A49678A0E,0.6879490197267726
CC_A944C14551E0,0.11153875859205764
CC_A949A4D6CFDF,0.028383835877665402
CC_A96085AAACBB,0.3973459373620538
CC_A968E7B519AC,0.5618280356416292
CC_A96F61DA3920,0.273690961287989
CC_A98AA461487F,0.04621772704579091
CC_A98DE37F48B1,0.03145901559678583
CC_A99526CAE7B8,0.0892475023837844
CC_A9997F50D935,0.11966689024560846
CC_A99C3B09B728,0.05453274160319963
CC_A9A0DADE60F5,0.23650540219521288
CC_A9E27E0F8BF7,0.11282417575593313
CC_AA06B8C44B08,0.5947526340397259
CC_AA078692F54D,0.04456508457208098
CC_AA3181148667,0.11834358104488948
CC_AA36C8AD0AD4,0.09626785206464362
CC_AA36F0397FF6,0.0938472978928715
CC_AA3A8989A632,0.6429072545559232
CC_AA4A1B7522D9,0.0965545363902483
CC_AA4AE0378324,0.22313285483878154
CC_AA5E4D5A692F,0.17180852216369097
CC_AA68EABEE4B1,0.089475347219896
CC_AA6B5A7A5B67,0.08297761481699123
CC_AA6BD423C239,0.40108210926578025
CC_AA7074B42A4C,0.4950138465581623
CC_AA7A7F3159DC,0.0985268076550128
CC_AA7BDEB972E4,0.11448413315649102
CC_AA83426311A1,0.07539915873465014
CC_AA8F7D307212,0.14394737168672134
CC_AA994120654B,0.07699543335746345
CC_AA99CC1D0A77,0.10660576864872638
CC_AA9DF917E958,0.1452786297475762
CC_AA9FC6678135,0.3309810117680355
CC_AAA47EC0D4CE,0.08514784853450214
CC_AAD9F600283C,0.10638915527731563
CC_AADF003A3927,0.07044272342256049
CC_AAECFE806C8D,0.2347671522038986
CC_AAF2022B9CD1,0.1756963408825587
CC_AAF445E4CCF4,0.07683457512701405
CC_AAFDCAA5CA06,0.6604483095611622
CC_AB0384E131D8,0.18920592227872285
CC_AB0A4F4A2968,0.21980398190633235
CC_AB108580856A,0.08674106958125943
CC_AB10FED15FC0,0.8082147203541084
CC_AB176233A184,0.055025390332763706
CC_AB250982887C,0.11268816316434531
CC_AB25C565EA6F,0.07235605153215699
CC_AB31BDAE74E0,0.24226227032547096
CC_AB38A76F5698,0.3716381052497649
CC_AB38F588BDD4,0.16863117853945006
CC_AB3DB55C9A2E,0.18074919038518023
CC_AB42A7DA8FAE,0.1917245003242346
CC_AB486E8855F7,0.11656120247916016
CC_AB4A79BF0F21,0.04249646041250108
CC_AB7472FE1C8B,0.05111627394280898
CC_AB78F64D1DA0,0.12375598263169889
CC_AB821E2FB031,0.06202369506543371
CC_AB873276D910,0.05087110225489592
CC_AB8CF3C05B61,0.09921837979554514
CC_AB8DD8448ABE,0.3180854142374402
CC_AB953366A38C,0.10108499492038224
CC_ABB193697B23,0.6322772845299297
CC_ABB3F0A040BD,0.1272956399955461
CC_ABB618AD3E52,0.22690741571989437
CC_ABC0DA7DAFA5,0.041397222285896186
CC_ABC49E43DF40,0.6255021657324417
CC_ABD89F61734F,0.12036717719542105
CC_ABE04CDC2866,0.5771802761951526
CC_ABE98746DB91,0.5589975449422042
CC_ABFDF22BBD97,0.06328533121926753
CC_AC0498A54CAD,0.22734577608395368
CC_AC1C23EA2767,0.3142771301644341
CC_AC1E028B2A1A,0.10348187347690127
CC_AC255B902EEB,0.1698397667848467
CC_AC44A88F7869,0.06508527674109622
CC_AC51CBCACA63,0.1174825993808036
CC_AC723E5F5EFA,0.042760679369462554
CC_AC7994A5FDC4,0.10702647860358772
CC_AC7EFDBCF2E8,0.7254712458694523
CC_AC8A45716CD8,0.13208892833357694
CC_AC8FB78319A0,0.033191989874021444
CC_AC95C517E726,0.10228353577306107
CC_ACA4C6C9316D,0.05716602631407636
CC_ACAD97A186F4,0.08842018341632622
CC_ACC12168D6A9,0.15774113947814927
CC_ACC53294D3A0,0.08640351355259462
CC_ACC6A74A8BEC,0.06588411907087308
CC_ACD94D2B1200,0.06841687363305038
CC_ACD988315902,0.03676040974970095
CC_ACDA59536C9B,0.12684523046484927
CC_ACE5A4081F6E,0.1839337454749627
CC_ACF4F9A2CCFC,0.1903043561995742
CC_AD0D7D212968,0.29701486231196095
CC_AD131D09EB0F,0.12303899452828669
CC_AD13C87CF26E,0.18759474712520405
CC_AD2050A0C79D,0.1576888015025393
CC_AD276D71D3A7,0.29658038740112225
CC_AD2C54521FE4,0.20336860974970028
CC_AD2E59624FEC,0.3921992013634652
CC_AD3A36AF2840,0.251773051493285
CC_AD3D286D0B68,0.1702991528744962
CC_AD46818E459F,0.6127368879705807
CC_AD4BB2E22EA9,0.2057367957871521
CC_AD4F7F88242F,0.31828332592186137
CC_AD58ADCD54CE,0.698819641182379
CC_AD71619FA389,0.11928005130344067
CC_AD84592B950B,0.07309787180247902
CC_AD9898C0E8D2,0.12608271740919041
CC_ADC70A21D661,0.3252916428767462
CC_ADCF16189AF2,0.2255695413108879
CC_ADD894E6E4F4,0.34745326617566363
CC_ADE899835555,0.14032864055079425
CC_AE0D73A1EE19,0.3789974693194933
CC_AE0F08EA3935,0.1791083643864474
CC_AE23B59E6FC8,0.2973795550533229
CC_AE289E013D60,0.080232448959827
CC_AE34D3F7F224,0.7288999228646498
CC_AE4069D8B4F6,0.21394802780201472
CC_AE4896E2BE76,0.7115471640358443
CC_AE51DCFE0671,0.07559144698546966
CC_AE69FEA8DA68,0.15425338036630515
CC_AE7C129CC90F,0.22096546950048818
CC_AE7CD49F20AB,0.1716543789085867
CC_AE89526E0335,0.18153361579038507
CC_AE8D62CF30C0,0.09590704488557517
CC_AE8D9CE8D6FE,0.035556186218925145
CC_AEB019CB9065,0.16742018253957244
CC_AED1D50AF584,0.11192924656435368
CC_AEE546316FB0,0.2371601301876638
CC_AEE5FA00FA6C,0.421848796822419
CC_AEEC765D157B,0.038269603196850646
CC_AEEE44D6C8A4,0.023509543652215546
CC_AF14FF3EF570,0.3205803776904511
CC_AF1C3ACBA6B2,0.11989200101926042
CC_AF1E911C98B6,0.3018424135323982
CC_AF337F410520,0.08373869189910882
CC_AF3C7BC3BA40,0.10088248559286814
CC_AF41E4075C87,0.18053867147818387
CC_AF6B4405276D,0.7061424915205858
CC_AF78FE0BDBEE,0.10415695334202121
CC_AF8238D9082F,0.053621242175671144
CC_AF8CA6EE53C3,0.06466952738596479
CC_AF9AFA7C49A8,0.10400182598182105
CC_AFA1E3D3C685,0.1790526439416755
CC_AFA680030CB4,0.6283361305429107
CC_AFB351270B8B,0.03858505492636667
CC_AFC405AE0029,0.08141987922291427
CC_AFF90422E4FC,0.38084068800176096
CC_AFFBE2744B87,0.7674529747264911
CC_B0043CA53FCE,0.0838834382276516
CC_B01B2BD4EFD7,0.25782822288056706
CC_B01E87EB9940,0.15038880505702204
CC_B0273E66E2A5,0.16497296888193325
CC_B03E98085A9F,0.06628389892888929
CC_B0420D8C42DC,0.5174115758740727
CC_B0497BEB9F6B,0.13756070958875646
CC_B04A5E60B69D,0.0883111055945707
CC_B04D5517A193,0.1244570667579879
CC_B05FF3A960A0,0.22188029314356333
CC_B06A532EC131,0.2792049198586996
CC_B06D33A6761F,0.1398421138320663
CC_B074D4472CE4,0.04606034938645973
CC_B07CE95BCD88,0.30790391570347597
CC_B07D79368225,0.12708038796283194
CC_B07DD1ABABCE,0.7256519831253017
CC_B086C2D77820,0.17689266820370972
CC_B088DE9C9E3B,0.23510529488908902
CC_B0CD7932067B,0.10787070696744144
CC_B0CF90073A5E,0.6476070855046796
CC_B0D397D86639,0.6427941769749739
CC_B0EF4FD19FEA,0.09494859922214186
CC_B0F2F9514AA3,0.08532853163104362
CC_B0F3B79F51C8,0.15524694859056448
CC_B0F4041B1C76,0.02740195416082615
CC_B10FE31C61D5,0.09783775204061279
CC_B114E8F19D65,0.17276461023210588
CC_B117F0E3CAAE,0.15050539319231043
CC_B11D58F331A9,0.03738770730907955
CC_B1262188BC41,0.11444396560011069
CC_B12FFB2FF21F,0.08559855022508216
CC_B13253F34A9F,0.03327367569496258
CC_B137E2BBB53B,0.07218619558451807
CC_B13FEA7CDB99,0.07438546663198303
CC_B1481ED21111,0.0359627609738359
CC_B15BE5C9976A,0.231295433327241
CC_B15EB6933578,0.08341504255537657
CC_B163CCB3BE4D,0.1115144503002532
CC_B16DC354FD71,0.3732579191007373
CC_B1777349EB15,0.16444989876870045
CC_B17C6CE0231F,0.26518506610257797
CC_B17CA8C22E5C,0.1270567109262628
CC_B18F3C9C30E4,0.1381105265260359
CC_B19CD93DDC96,0.05844781896938541
CC_B1A647674B84,0.11081363032746488
CC_B1AEC2E5E33B,0.25083295793125077
CC_B1B5C81AC0A6,0.059690765971402625
CC_B1B932EFD646,0.1516753741161483
CC_B1C3C0B52B88,0.276767577522977
CC_B1C7216344F3,0.08317463594082233
CC_B1C982DBBD12,0.3240277492426601
CC_B1D81F8197B3,0.3401943592259441
CC_B1DF1DCBDC7E,0.5533943111506642
CC_B1E2C36607CB,0.06702703198026105
CC_B21351C93D8C,0.12439506144965172
CC_B2174860AB11,0.7141501110912811
CC_B235818E6A04,0.21271144459657623
CC_B23CDE30F00B,0.08524876586541753
CC_B23DE4971DF0,0.43853313868122246
CC_B23ECF574D8E,0.05594494689516134
CC_B24C41DDFBDA,0.22539876116994018
CC_B25EC73B9510,0.1434876797116208
CC_B25F69904D0F,0.07436762442175641
CC_B25FB6C11D05,0.6787424839815949
CC_B264F2B92259,0.5740834940372683
CC_B26B8FC23F1B,0.0558491865947919
CC_B272E29922B5,0.12923499206356212
CC_B27AA8E27BE7,0.11239238695025366
CC_B2A68FD3C236,0.09069744159479197
CC_B2AC50C00979,0.09076008722596196
CC_B2B16D7B821C,0.19759210553160073
CC_B2B32F1511E4,0.14798048529655816
CC_B2C241A93527,0.07441389028421193
CC_B2CB104FED6B,0.6689630595178839
CC_B2D352013F92,0.11079905427611911
CC_B2DF694BAB08,0.10027897025579036
CC_B2E993A9343F,0.20178878539023026
CC_B2EF61C93AB6,0.14602577495451977
CC_B2F94405EA89,0.11615759763342581
CC_B2FC07BF6251,0.04707635278907494
CC_B301A65B4164,0.10947463541899524
CC_B313E3A208A2,0.21117253865722707
CC_B318FF5D976D,0.13970901302057032
CC_B32AEF0A2299,0.057971637340452145
CC_B33BD3C618EA,0.07775572275747578
CC_B348627365A2,0.13176640991944563
CC_B35109450BDD,0.038204719522344555
CC_B3528B870544,0.09314467596203102
CC_B3530E7CF8F5,0.12842699341408145
CC_B35C5B1DB9C1,0.07206070959580392
CC_B35FF59389D4,0.19479511411439265
CC_B3812C6700F2,0.633487662935391
CC_B38280B483B8,0.1310242866151204
CC_B38B694A18EF,0.48810049032158287
CC_B392BDECD913,0.3426171002882948
CC_B398DF1ABAD4,0.04287236475849858
CC_B39E75E151A1,0.11761801364027613
CC_B39FD0E249E8,0.045107655603531305
CC_B3AA0891CA5E,0.38879230653397556
CC_B3B1C8EBE5C1,0.13466181275944783
CC_B3BBA28E2D39,0.41792603127501265
CC_B3C4DB0303A7,0.09700833645647082
CC_B3D32FE823B2,0.028883597199320692
CC_B3DA429C6C8F,0.08080064193011616
CC_B3DC5786AB0F,0.1931754000599628
CC_B3EA537531A3,0.15650190805259576
CC_B4096D3A38CE,0.03768316582846162
CC_B41EADCCC95F,0.056563960200854045
CC_B421940B9A48,0.6280298584457492
CC_B42B3B83935C,0.8099672014326347
CC_B436B1CA6B2F,0.056572479153091784
CC_B439B06AF274,0.28758548723616134
CC_B4482E7879F4,0.07332785694656241
CC_B4660022C612,0.10710054555886742
CC_B46B899B4A63,0.13705396477638881
CC_B470280A580D,0.13508025755255526
CC_B471D3BF0C72,0.5553974356343548
CC_B4751DEE43CD,0.1681003516543863
CC_B482C254BAA5,0.051965986891333846
CC_B4889D036D3C,0.7183729282281894
CC_B4950F811C90,0.1427493236141859
CC_B49A6DE7A340,0.33191123124916977
CC_B49CD4C13DE8,0.3515968957278326
CC_B4A90370CA96,0.4887272337568055
CC_B4ADE6BC8A10,0.668724530550782
CC_B4B6F805888C,0.03682208417725333
CC_B4B8F66BF4ED,0.6660380716076914
CC_B4C6F80DEE44,0.03103011074440502
CC_B4CCE78C09EE,0.15790910321434026
CC_B4D68D1C1C55,0.16918894170524518
CC_B4DAED63089A,0.15837234729978486
CC_B4DD9841E6FD,0.25290801381143313
CC_B4EF6743DDCF,0.07440234637719209
CC_B4F67F73D097,0.09271298812205589
CC_B50EB15EBA18,0.11290063795785828
CC_B51DCAAF4549,0.15403034175029345
CC_B51DFF8702D0,0.543772921932373
CC_B520A001BF69,0.09056041813803209
CC_B529919BF24E,0.6502246957110218
CC_B542342650A1,0.08570215557834987
CC_B54A106E91E4,0.0490878957167256
CC_B54CFFC21F2B,0.12568562703656877
CC_B55C134C04A5,0.21014678215656885
CC_B55C2DBF6D3C,0.19779431313737086
CC_B569705352B4,0.10884882830130752
CC_B56E74A967C3,0.05727291236398091
CC_B57519F33EEF,0.04978970160542219
CC_B582E4405D85,0.08640690822667177
CC_B585A11F7BA7,0.12333593507210319
CC_B59726D36AEF,0.19310427270862035
CC_B5995E4F1A21,0.12971824733415915
CC_B5AC2AAF871B,0.7302620867864673
CC_B5AD19125E1B,0.21289224425669323
CC_B5B1E42858AC,0.05853461582806137
CC_B5B7599E8BC6,0.06803751118975555
CC_B5CAE0595637,0.21823755285905982
CC_B5D49843A799,0.34179719293056726
CC_B5DDFC7AEE78,0.10421422464166583
CC_B5E29344F63C,0.1954044031447957
CC_B5EE5AE6378A,0.49670474308031615
CC_B5F2A93AD996,0.09798446418886848
CC_B5F611613A78,0.0690375066145635
CC_B6055039255A,0.755587886913379
CC_B607B2B0AFB7,0.05669886347619375
CC_B60CFD0F39F9,0.07429165765544751
CC_B620087B1C52,0.41876474588136825
CC_B6203BBBD151,0.10195399326760349
CC_B622662E664A,0.16723512553364453
CC_B62C9A2BC846,0.15985741556997718
CC_B636210548E5,0.3664493738616653
CC_B642C6714501,0.06288292654449487
CC_B64F81B8A263,0.13076640940435852
CC_B65CA581B9BD,0.14722703878218152
CC_B65D1B9B6F67,0.11901370819758134
CC_B661A8FCA431,0.046727540006350564
CC_B66AC40957D6,0.13371846192696515
CC_B672B35D1162,0.7185645863978238
CC_B68379D197F6,0.09682150316100728
CC_B6923D10FDA2,0.14377715569272864
CC_B69CC776BBE6,0.247787851341647
CC_B69E50D76B29,0.10640014315815355
CC_B69EAA8C296F,0.21021244631880656
CC_B69F7CB8CDA0,0.09725110169537804
CC_B6B4AD157354,0.1585486969989169
CC_B6BD764CB8B9,0.20486423890796285
CC_B6BEC3F4BE91,0.13508123496731145
CC_B6C13F4A610D,0.2969613401163717
CC_B6C1C3B5766B,0.11266552257760304
CC_B6C72241926C,0.14855088207215184
CC_B6CB40E245D7,0.5835959004563432
CC_B6EE58A108C5,0.06629241546048553
CC_B706F631F5BA,0.0368666921698068
CC_B71DC1206985,0.14707455628437444
CC_B72284CED807,0.18522192774248453
CC_B727865A5B5F,0.5860217095615006
CC_B72FD7EFA6BD,0.19237122215252808
CC_B7365B5A3392,0.7669506511002927
CC_B73820D308C9,0.11942144182358072
CC_B743560D847F,0.09508863485032085
CC_B76EF26F7C9A,0.3059130632104199
CC_B7764FC130E8,0.4654829743731174
CC_B77B73B95532,0.12096568581365884
CC_B77D6653C7D4,0.03298300506888699
CC_B77DA6B77DEB,0.2711213596320979
CC_B783AE19622D,0.15909724555581567
CC_B78761738CAF,0.018154988744996523
CC_B787BA135B5D,0.39559912192843294
CC_B78B4449EA19,0.12734970589742983
CC_B78B4B7F80B5,0.24557333902566322
CC_B78BEE888CA6,0.07884376418404485
CC_B791FEE1CF37,0.03886602946956566
CC_B79A58AA4441,0.0882233391410322
CC_B79BEC538198,0.11917509349360783
CC_B79DD53178D3,0.07441530817897322
CC_B7A7EFD85149,0.18262626585181518
CC_B7B5F2A15C41,0.13067471255311486
CC_B7BC46A7D4DF,0.1028464717965347
CC_B7CBC65D9AF9,0.49850732682819515
CC_B7D40C5C891F,0.08089788054604125
CC_B7D4337C4797,0.3401508412516199
CC_B7DA04826165,0.3308708359281961
CC_B7DC19DA1440,0.15234104681028376
CC_B829EC622F0D,0.5821435773505041
CC_B82B9C0C7B85,0.6185589028049268
CC_B82C55DEE5E6,0.2957071718700046
CC_B8475B977AD2,0.6857802507318491
CC_B84BD2F4EB01,0.19786655958522475
CC_B86DA7D69F20,0.04418954930838624
CC_B87989F406EB,0.16903702679777968
CC_B88B702183E7,0.035120781697886724
CC_B89B80945ADE,0.20413626541739938
CC_B8A3A44BFE8A,0.4455495472669605
CC_B8A7A6548AE6,0.18489324040560795
CC_B8A8FB83065B,0.16456926638234826
CC_B8AAC20D626E,0.1828160045260256
CC_B8AC99873641,0.06797266037427968
CC_B8C9673B7834,0.08181818976267934
CC_B8D5FEB15CC8,0.07705445708813864
CC_B8DA64A33076,0.5664443538179826
CC_B8E912A01706,0.5998787494594358
CC_B90869280808,0.1365448103110732
CC_B908EC99951B,0.2555061184934827
CC_B90CBF2A6775,0.05177756963189952
CC_B91080C1ADA5,0.33432225716228475
CC_B918FB42AFD2,0.17260172650326286
CC_B92CA425080F,0.12472015909352717
CC_B937F632B71D,0.1723833814736875
CC_B94477C20476,0.3722525652618416
CC_B9483A5C922C,0.13040806915903613
CC_B954EC1C63B5,0.40614819457331397
CC_B95580F93537,0.046486987001566484
CC_B96086044329,0.06878138164797758
CC_B96EB0A91589,0.23869750341191837
CC_B98357C70A41,0.6368956054350757
CC_B9929A66C2FD,0.6732136743820163
CC_B9BB52E4C529,0.12493049762174868
CC_B9BD45744855,0.7624940343719733
CC_B9BFDE4662AE,0.1155069820160481
CC_B9CEAF324145,0.03063909220310758
CC_B9E89F42B509,0.2178483150623407
CC_B9E8A3887223,0.21392410606747309
CC_B9FC67268C45,0.2717808832473322
CC_B9FE9DFEB3DC,0.09949164790146113
CC_BA041E14DD98,0.07635081793842063
CC_BA0619F54427,0.10519445168121541
CC_BA15072C4EC2,0.25017741725833437
CC_BA183CDC5429,0.8135799897573679
CC_BA43646012D2,0.4078454615304883
CC_BA4F7E494E71,0.4649819250534395
CC_BA557F75E2DD,0.1892459868104368
CC_BA740903CBDF,0.12773362572885408
CC_BA77722A827A,0.530740969842306
CC_BA78E47BB021,0.2307071476254106
CC_BA8C427054F4,0.0328008445452245
CC_BAA19F8D2563,0.09167627022306063
CC_BAA1BBFF8C6C,0.29404937039559764
CC_BABA44B5FB12,0.08242166092617087
CC_BAC25BCCEAD2,0.07420227309989919
CC_BAC74D0014D3,0.4798423852014424
CC_BAD99E36CC71,0.24657007574162884
CC_BADE7EB1D16D,0.774981835830024
CC_BAE7410803AC,0.15115447111158067
CC_BAEBBF8054FB,0.12881898456302632
CC_BB054686B6F2,0.046126382272930706
CC_BB05D9DF72BD,0.06243093846049869
CC_BB0D54068D07,0.7990645999405799
CC_BB15DE5E0DA0,0.7297612831102773
CC_BB1A57AA813F,0.1427413843111706
CC_BB1CABE261EB,0.16082157705870942
CC_BB2BC46FCF61,0.21363580286011424
CC_BB2E5437EE04,0.049787122958386026
CC_BB2EF1FF6131,0.08888892287087496
CC_BB2F56C6BF57,0.1111118899659462
CC_BB35CEC5314E,0.10499797193068235
CC_BB39E3597B61,0.038566231909811066
CC_BB3A9EECD51E,0.08507466250466869
CC_BB44CDEE5103,0.19222480921195417
CC_BB458116ABA4,0.3465179650496838
CC_BB5F6936F6FE,0.22323531098694047
CC_BB666F8A551E,0.08037208966183951
CC_BB7355E735D2,0.11552627254068346
CC_BB8A2F186D6A,0.040640307688345194
CC_BB9FDED12C65,0.6664222507848663
CC_BBA8C316C8F8,0.07175518049518416
CC_BBADC7DC73EA,0.20369326505407392
CC_BBAEA7980B09,0.4670564245846217
CC_BBBA078A6429,0.7489982862576579
CC_BBBFC3EC2C72,0.39023158610902603
CC_BBD34B3225EE,0.031374421138553855
CC_BBE6C58C59A4,0.4264788094056343
CC_BBEBBE1E226D,0.10664098300262488
CC_BBED56D34D38,0.13082195788505577
CC_BC0244FBDAF6,0.17999229821952356
CC_BC099E880236,0.1868619394746751
CC_BC0F05C89E25,0.11758515938359734
CC_BC1BD06C1085,0.11191327043974646
CC_BC21E8824A34,0.45376920233545204
CC_BC23655B2BF4,0.05948252447090338
CC_BC24F9024F49,0.04893873223255278
CC_BC2A58939715,0.10136672500470895
CC_BC2B90F226E0,0.2073186418057897
CC_BC31382964E4,0.04168966331387261
CC_BC31DA3EAFFF,0.13221308204650697
CC_BC3A6CF6FD16,0.1220869001655839
CC_BC410BDD9ED8,0.25147336003819526
CC_BC458960887E,0.14829094110770935
CC_BC484C329704,0.15277669950516715
CC_BC4D6D6D4553,0.3332131767947992
CC_BC5A59D88AFC,0.08347000117869219
CC_BC736DA19A00,0.16965222500905128
CC_BC7B9D13978F,0.1933534282027981
CC_BC84BF34D69E,0.2777119158385929
CC_BC95D473C9CE,0.18117135049171834
CC_BC96FC9DCFE7,0.11763435835776112
CC_BCA0D6159C23,0.19049239504133886
CC_BCAE73132BA2,0.0771662172985445
CC_BCBBF055366F,0.05028060133795419
CC_BCC94F494979,0.090031054305732
CC_BCF75F8B9A5D,0.12107584843544539
CC_BD10F4F15094,0.08808615426305585
CC_BD1A2052ACD5,0.8036875093427975
CC_BD217C39702F,0.38253787070733836
CC_BD2A9D4B9FAA,0.24884943702889245
CC_BD3EDD1630E8,0.04423547487553518
CC_BD4AAFE9EFEE,0.05938271488465081
CC_BD59D1252975,0.08074357408059481
CC_BD607BE97C17,0.09337136537745964
CC_BD889F165227,0.10427345517843015
CC_BD900B6BCF65,0.1576608780101827
CC_BD9967660461,0.45993735039446115
CC_BDABB99ADE2A,0.1726094624551045
CC_BDB07C66EDBD,0.4928381954666212
CC_BDB71DAAE50B,0.09843249756877673
CC_BDCB91FACECF,0.12375443572035436
CC_BDE1E398B4E4,0.06259692243433201
CC_BDE8D325637B,0.6537833558391604
CC_BDE9E7F390AE,0.09895156154027467
CC_BDECF392D7F9,0.1576381997502657
CC_BDF401C3BBCA,0.13442204168347696
CC_BDF53C42C5BC,0.2228978843463286
CC_BDFE5778530F,0.33827475785016853
CC_BE05EB5976EC,0.743794763147991
CC_BE08A6D5E76D,0.045846191296074076
CC_BE146CE5BEE6,0.18015482701515542
CC_BE24C1EE877A,0.12510023068442902
CC_BE27E98C4BED,0.07157383574127973
CC_BE32DACBF6C2,0.10352083160703052
CC_BE3F52F9C9EA,0.13100302785123413
CC_BE3FC1024389,0.15518152747417868
CC_BE4595898BF9,0.09511221468117952
CC_BE4F1F53F4B6,0.08532629325027223
CC_BE648663620C,0.16888761840403183
CC_BE6627F3B9EE,0.6876707365390198
CC_BE673F70B591,0.3525244485904627
CC_BE704640727F,0.030492597575968283
CC_BE7295B354DA,0.3603470498623732
CC_BE760A430ACD,0.2054495740825681
CC_BE8A340F3876,0.045731398779547926
CC_BE9CB8845101,0.18776513723712931
CC_BEA12286E57C,0.13958406249523164
CC_BEB24EB997CA,0.10926442731375774
CC_BEB80CCF2ED0,0.05177346283073957
CC_BEB86014B5BF,0.1912410658281567
CC_BEC035C8801A,0.1345470578290397
CC_BEE1B858F0C3,0.34524429644662064
CC_BEE664893442,0.20714477525101666
CC_BEE75A33F038,0.04652401890721311
CC_BEF22728402F,0.6264647481347163
CC_BEF8AB2DF19D,0.3936134941872903
CC_BF03683CC755,0.13183693575417665
CC_BF066CB8F7A0,0.1803877639363864
CC_BF154A9FEE8D,0.1354172283111454
CC_BF17E635C67F,0.1059581427531083
CC_BF196AFA6AE6,0.16404878906636644
CC_BF2012FCFE14,0.1968654164671681
CC_BF3733356D4B,0.43331890502788706
CC_BF376C8D14ED,0.5262731701616811
CC_BF3BF8B9F646,0.10650671880787457
CC_BF588A5FF18D,0.6649172064504372
CC_BF7C643B8874,0.03871534078205524
CC_BF8919F14394,0.1471679738497893
CC_BF8B759EE1EF,0.06419708309242797
CC_BF971FA7A950,0.14028425190802282
CC_BFACE960372A,0.11064221360613753
CC_BFBF917EFEB7,0.6360168316443654
CC_BFCAE2959708,0.04361221775369313
CC_BFD80ECB739A,0.22672009626125228
CC_BFDEC7E68821,0.06556294785780187
CC_BFE3AD881F4C,0.04979844430796203
CC_BFE511C0F9F3,0.5576773083809926
CC_BFEE9CF8A6E9,0.08866159380749047
CC_BFF8E82FE4BE,0.1422014931296982
CC_BFF9E8C0FE28,0.5454040069079735
CC_BFFCB2882E26,0.04326701094130087
CC_BFFDCACC1E4F,0.10115816901236424
CC_C003A15648F3,0.09592953972143192
CC_C004160ABB18,0.14105112406211395
CC_C012746F45D6,0.10536295448287536
CC_C033B4EC89DA,0.13885227930226637
CC_C03578357D0D,0.4263386482953493
CC_C040C14F27A0,0.05330052712794923
CC_C0474C48C443,0.13870356680617388
CC_C04A1EF46A13,0.2447729856452832
CC_C067DA2C5F99,0.4208021920804529
CC_C0731DB0CD7F,0.6239012284974709
CC_C07C70AA1AF0,0.13943143894409088
CC_C0877F4DBC62,0.09926339205394769
CC_C0896CE6B4E2,0.07616254799154207
CC_C089B0517E81,0.07328055845908275
CC_C08B9066A5BB,0.19702318088334006
CC_C08DFB22BC71,0.09320279812340074
CC_C0A2108BEC82,0.19605238608729206
CC_C0A6B0787F91,0.10149283844486331
CC_C0B29B279C90,0.10907815083191903
CC_C0B7151247C2,0.10681137086178635
CC_C0BEDCC974E6,0.09248172678362682
CC_C0C6F913C2CB,0.6863376242391865
CC_C0C7EAB055B1,0.18831998993513474
CC_C0CCCF588BEB,0.25359900134747526
CC_C0D65A1BC1DF,0.5738808502525794
CC_C0D6ADDF1E0F,0.07700880229042043
CC_C0E49708EB44,0.217703846859427
CC_C0F32BA57D17,0.04173335273572912
CC_C1094828B26C,0.31386393246928457
CC_C124E4C094F3,0.2497866281400058
CC_C12ECF48FA03,0.18210496778293234
CC_C12F5F7E5C54,0.10821371128907478
CC_C131509731A1,0.21046733221834368
CC_C14173B64C58,0.182231633564798
CC_C14A4D39F494,0.3738001875599995
CC_C14DC9106B7E,0.2968895632737074
CC_C1624A910E58,0.03546277104814409
CC_C1645FA6EE7C,0.09025060094313776
CC_C165A26E7C1D,0.7212938660662369
CC_C16824A69631,0.056056230339645005
CC_C177831DEDC2,0.08172029725775853
CC_C1815DD481ED,0.6820707889654952
CC_C18313F97FC1,0.32268473905692596
CC_C18A7BC23071,0.2836432351958853
CC_C1941883C762,0.1181290225493142
CC_C1A0989CDF23,0.02323363699204595
CC_C1A8C99D910A,0.10784800808346744
CC_C1B057BAE0BB,0.27697913238052185
CC_C1B5D9A95708,0.08764756101005818
CC_C1C28181E30E,0.09960051409905746
CC_C1E8CA45E983,0.0951949811123641
CC_C1F4DD05F5FB,0.1807615794976834
CC_C205BAC0D181,0.06607099574036313
CC_C208790016F7,0.0747015010394246
CC_C219E603FD0B,0.060691481274235265
CC_C2323893E922,0.12855772148062786
CC_C236A614F73D,0.11846396148568755
CC_C241491551A8,0.11528131675005271
CC_C247E0377048,0.11789542006482948
CC_C24FBA584039,0.2682651431450289
CC_C25078D044CC,0.18249381266413234
CC_C255BE787955,0.20858299947680103
CC_C25ECB5C5FD8,0.0591606973907907
CC_C276E722FB1B,0.2980917445937434
CC_C279090E1F74,0.7720974322048693
CC_C279CA96D14A,0.1326263426831285
CC_C283330B9999,0.04637590656609819
CC_C289AF57EB24,0.2750611353153364
CC_C29558864857,0.11840417535842056
CC_C29846DE78AC,0.6062210262865908
CC_C2AEE09D92AD,0.10224422656495591
CC_C2BBFB603032,0.35007906921186316
CC_C2C2B2EEBA69,0.0409972664991458
CC_C2D1CBB42952,0.1688077179871286
CC_C2D4587A871F,0.7161327523318052
CC_C2D583F20739,0.35345634318965136
CC_C2D9086A8C67,0.08032988205068037
CC_C2E8FA308586,0.1715179644845552
CC_C2EA104630E3,0.09822457602894041
CC_C30ED2C6265A,0.04978803914914896
CC_C31BA9FD4FFF,0.27575052426944774
CC_C31DC3117984,0.17622469230177368
CC_C33142B2E26E,0.42951753362437844
CC_C340668CE604,0.07550005474774474
CC_C36580241000,0.13831360386871622
CC_C3664AFC710F,0.10481385327076204
CC_C3676D2ADC91,0.20512318133299368
CC_C368AC6AE19C,0.03587219340087388
CC_C38B446B7432,0.1871556017284806
CC_C38BE6D69E61,0.05967617193622114
CC_C38FB634E7B9,0.07082139149861147
CC_C3913A125FC9,0.17032252583081636
CC_C392AC1AABDB,0.1384420911353425
CC_C3A37C3EDCC5,0.34102959457240994
CC_C3A42A96D260,0.233821207968125
CC_C3CA355F78BC,0.10155023352789153
CC_C3CD972B25E9,0.14082391689826862
CC_C3CE9FCB05EA,0.05004129243527463
CC_C3DA12B31CD5,0.09118791898923798
CC_C3EF46D2CF29,0.1758078943054278
CC_C3F301EAE202,0.18338861223829783
CC_C404C200B723,0.10586066857953877
CC_C40BEE2EAD73,0.25144566532681645
CC_C40CA3E960D9,0.14206014391735888
CC_C40E0EEBA53A,0.16332951970926962
CC_C42183D7A586,0.09035459411111763
CC_C427199DAC5F,0.4638380669317765
CC_C445AEF194CA,0.07619485123540558
CC_C45051D20EC8,0.1275494264346449
CC_C47FCA703A69,0.3001783627862309
CC_C4965C6C6935,0.33065436240618234
CC_C498BD798847,0.04631581118695152
CC_C49A42D1C3CA,0.08831793664825278
CC_C4A2F5B06976,0.05815318644780143
CC_C4B632AEB96F,0.15670838103013282
CC_C4D194378554,0.0317536018892426
CC_C4D90E9CA5E9,0.12074386769752533
CC_C4D941D5A5F9,0.14661126402205288
CC_C4EB2486A9B1,0.20258038409367649
CC_C4EC2923D96F,0.2959573477248493
CC_C4EC9ACAE8C4,0.6897713803896636
CC_C4FB2ECB13DD,0.2781823152662851
CC_C50467EBCC58,0.07817040352179239
CC_C50C5E2A77CA,0.1457082138644698
CC_C50D7FAA75C1,0.04130114950106206
CC_C51FE3F4D2F3,0.17239474202492813
CC_C5234F4713B7,0.07467668824089974
CC_C55110310E14,0.10376233317750691
CC_C563D509181A,0.08500644813958017
CC_C5736F4887D6,0.7520285716295674
CC_C57C4F09442B,0.09379368137648458
CC_C59D2CA55CAD,0.8060118604385014
CC_C5AD04ABF022,0.0876154384050151
CC_C5AF7BF4B951,0.032907496893812574
CC_C5C5FD9FCFE4,0.6594378777749038
CC_C5D9A89022EF,0.20770935615108072
CC_C5E1FA10BD6B,0.17216669825244785
CC_C6039EF0459B,0.15488600901723176
CC_C6133F44EB0E,0.09801802401326484
CC_C637C1142503,0.7688668286055351
CC_C65496C86EAE,0.12501045977445538
CC_C67C2B86A807,0.1367546923379397
CC_C690CF8AF3B4,0.1089552796853919
CC_C69204FFED48,0.3072546222006094
CC_C69DD80E5055,0.10711551318258705
CC_C6AE389CA79C,0.061383438961078785
CC_C6AFA8AF33BB,0.09195149371693484
CC_C6B56B2869A6,0.3737116311848697
CC_C6B61E03B42D,0.23224775345850418
CC_C6C2B357FDF2,0.10499361630382983
CC_C6C4A4A318E4,0.11688035438560608
CC_C6DECDCC7956,0.18809738980237795
CC_C6F134ABD932,0.6185640993225516
CC_C6F24128D8D3,0.16924871787646142
CC_C6F8C5E3D746,0.10909804941692322
CC_C6FB2BDCC78F,0.37606175541779535
CC_C70DBEB08378,0.8128317100523439
CC_C71AAC6F9607,0.10814122616335053
CC_C73D1C53BEC0,0.3573489385838726
CC_C7423B380FD2,0.05780293168718654
CC_C747ABF2B4BC,0.07972877020564004
CC_C74F0C45C093,0.14668817638170162
CC_C75307665BCF,0.2253340020825467
CC_C76473DBFF83,0.3242844600168019
CC_C7652C2D1CC7,0.21579601287726236
CC_C77B38900325,0.24316170868447518
CC_C782A94E6754,0.0393192908410416
CC_C786E0FDA098,0.7601845473707065
CC_C794632B3AAC,0.4014057951506219
CC_C795250A7B3F,0.10425411934000046
CC_C79BF5794AD9,0.04409161403860348
CC_C7A2A7BF85C5,0.060959089715072204
CC_C7A2CEDA36CD,0.4898897628382341
CC_C7AAAC514CD0,0.08254803904579427
CC_C7B39AE8206F,0.12977519137861238
CC_C7BA884F8DCA,0.15067396544098227
CC_C7BC592C11DB,0.045892649438154375
CC_C7CB29EBCEE1,0.04222746244123064
CC_C7D2BE35C77A,0.08553953460985132
CC_C7E56C7FFA19,0.16881939086839515
CC_C7ED63E403A8,0.07849078779282453
CC_C7EFF4BBEE1E,0.061679009401350925
CC_C7F1C90A261F,0.15106389517530874
CC_C7F38C2DEDFF,0.17709161054425482
CC_C807F881A35F,0.24489946921784367
CC_C808346EF2A7,0.04021311504955488
CC_C822401D05A0,0.13256090877420174
CC_C82D0EB32984,0.09240816445339117
CC_C82DE4520088,0.18405240912806833
CC_C84080607284,0.06809612031006712
CC_C85DEB66D6EC,0.2899569453250061
CC_C8601860B3AB,0.292315526904075
CC_C86B56E5B000,0.11859780725336141
CC_C874E7D8B96A,0.06305016015616177
CC_C88F02C38654,0.17246578987729336
CC_C895990DF270,0.172678742607349
CC_C896D6E93110,0.3819800633287104
CC_C8A57920FB6B,0.07967907999533254
CC_C8C2CEAC6750,0.45742127156855544
CC_C8CBB38CF4B6,0.43025517610656283
CC_C8DF2AEC8023,0.14312390169268224
CC_C8E24B1925A2,0.19203518579239587
CC_C8E2F0CA5050,0.675567160182486
CC_C8E875AAFD58,0.25882371684088196
CC_C8EF7366016A,0.06935487037031936
CC_C8F1FB9C56E5,0.0988350823542898
CC_C8F2FF7E6DAF,0.11009192659688806
CC_C916DC82A00B,0.3178176655463699
CC_C91FF308D57A,0.05772391741584218
CC_C9297D88CD26,0.34879110908164856
CC_C932D885E1AA,0.1830367252145052
CC_C947A66A6A34,0.1416766950781529
CC_C953D19C82A6,0.28261603234790017
CC_C960365C1125,0.26007344255669584
CC_C96221203852,0.2586451550205963
CC_C967937FC81A,0.6718501572123547
CC_C97434767545,0.21031394718759183
CC_C974620D4D4F,0.2871774924068653
CC_C9749B07E3CC,0.13056190792386502
CC_C979F86EC4EB,0.056700299128101796
CC_C9882357496D,0.06779080410366609
CC_C98B5F2B994A,0.09593231765921853
CC_C98CA453DC7F,0.12401041913980959
CC_C996515164AF,0.7127369398684488
CC_C9A1B8F512F3,0.4319818784111161
CC_C9E008678B77,0.08288817098626465
CC_C9E89E3728DA,0.2078742488283797
CC_C9EE0357CF4D,0.17616339614920706
CC_C9F15C15BA6A,0.1279531393875864
CC_C9F3BB887EB9,0.18307462735594013
CC_CA0906B9B58E,0.07279714085411956
CC_CA16B9133E4F,0.30635270736651854
CC_CA2524A5C7AF,0.3022306553701527
CC_CA2A17C9CD44,0.457212394535005
CC_CA32C61E255B,0.10443555357401552
CC_CA37F92A8BC6,0.1353973500923187
CC_CA3C9D0F42A2,0.5781089372889959
CC_CA4669FF2379,0.11094783818813593
CC_CA486E08F176,0.05493292881030769
CC_CA5CF069C36C,0.07375879893531631
CC_CA6AB58D2C8D,0.2589163115197519
CC_CA6EDCBFA9E3,0.17987253179360346
CC_CA6FB58C11F4,0.07183392604425026
CC_CA7902338F91,0.14161546773075437
CC_CA7BE11DCB92,0.12395065158427684
CC_CA87A148C386,0.07054012690975127
CC_CA8E7E45347C,0.15844730061458906
CC_CA9214D0E170,0.15285748434285895
CC_CAA07EABEF71,0.06238817043970628
CC_CABC0190A9BF,0.5320047424374265
CC_CABF171B8582,0.5826604873023337
CC_CAC2F989A2D6,0.21919402946631103
CC_CAC50FF13A43,0.473943946216965
CC_CAC9C52B6FB8,0.25168914526105124
CC_CAE19DE8446F,0.06203495129706882
CC_CAE5F6D8328C,0.48968627414566646
CC_CAFA0C6DBCEB,0.05871849262907261
CC_CAFE5D6E3E1D,0.11778166212766182
CC_CB02A97FAC1F,0.20724991372257065
CC_CB1155AAC7EB,0.13918334967968027
CC_CB1B2FC5769C,0.17487658560331806
CC_CB1BD3C19303,0.16063289177461526
CC_CB2423DD4809,0.7789193935655925
CC_CB33381406F3,0.6510729754993996
CC_CB3CBA971E97,0.09552094071348889
CC_CB45CB5C940D,0.18925013269849733
CC_CB4A2667F8CE,0.2149633580321832
CC_CB4EA92BE238,0.05854016837651127
CC_CB4EE5CC0B09,0.16969321347400362
CC_CB50BDD92A4D,0.22001446983524353
CC_CB6A55831080,0.06784465358959803
CC_CB6CE149111A,0.1343045901001415
CC_CB6F9DA78019,0.03166877144756469
CC_CB722FAA608D,0.21081503520740044
CC_CBA786C05C1C,0.7423781519808574
CC_CBA9A6206DCB,0.1497666525374237
CC_CBB7AE2847B6,0.19691494770054394
CC_CBB9DDEAC819,0.0307451889478055
CC_CBC30D127BA4,0.08277206092877426
CC_CBE67EF0D3C5,0.4757522085102889
CC_CBEC318365B3,0.3919611442699363
CC_CBED6669EDA7,0.07781833816738222
CC_CBF1B052FA7E,0.07781567755452132
CC_CBFC7EFF2F94,0.13572480086949096
CC_CC27394B5E35,0.07868037321795947
CC_CC2A7B3D7A55,0.15019392970112144
CC_CC34B2523794,0.14460675785439686
CC_CC34E9023873,0.6982649916578988
CC_CC37D81F02A7,0.6385126654461821
CC_CC4822AEDB83,0.6941601344738095
CC_CC5D6CAE5ADB,0.2502139403426772
CC_CC6D27804EF0,0.07230572845907907
CC_CC71D4876B90,0.09946323194003788
CC_CC75EA7F2C8F,0.09273745339841089
CC_CC9214A5C0CF,0.08713497601833037
CC_CCA2B8D2446C,0.4067103944497242
CC_CCAB3E56FD92,0.1794807848563395
CC_CCAF321D46D7,0.028749881483491127
CC_CCB46EA56584,0.21083316488439385
CC_CCB60CB8754C,0.13222617111100354
CC_CCD759553325,0.06255862540022192
CC_CCDC28D49832,0.14821017320873003
CC_CCE55029E621,0.6399293639891298
CC_CCEA133D7268,0.4733462906680328
CC_CCED6CEBC3D6,0.39553198993213445
CC_CCEE76415B51,0.31312436294025164
CC_CD1326D52AE1,0.6730758959660094
CC_CD35EEA81CE8,0.2955208424374196
CC_CD373485942B,0.08800832587437232
CC_CD379DD39658,0.29286864249037825
CC_CD37D5CF0EB0,0.1751084579750742
CC_CD380545A7A4,0.0844006378743512
CC_CD3A378249BA,0.22561525906972754
CC_CD415B1C7741,0.03986000738469678
CC_CD4976814F28,0.03867876362922352
CC_CD4F5F1C357B,0.2770290124093668
CC_CD54829713AF,0.08133863327941396
CC_CD5E3556D5AB,0.17565514233565693
CC_CD6C797F3C4F,0.06760619490083011
CC_CD7BA8F6C4BD,0.11891124807417838
CC_CD8352F0478D,0.18534384467573572
CC_CD972E578564,0.777857818221992
CC_CDA1B20179B6,0.11479869418829733
CC_CDA2A36B81B4,0.25505137061962724
CC_CDF6354EC332,0.07029689901170576
CC_CE01E17132E0,0.03388649553261499
CC_CE1280B30475,0.14109262943318956
CC_CE134F878294,0.05492244669281518
CC_CE229894AC00,0.11206325187275837
CC_CE26907B9D30,0.44782674081018203
CC_CE2755B42DAC,0.06797021347941194
CC_CE2BD7F74421,0.270082712194805
CC_CE3784121355,0.14546590240576773
CC_CE41F9FF509E,0.21656938029493047
CC_CE5AF0E9A157,0.07236970584428083
CC_CE5EA019DCAA,0.07576591004089725
CC_CE6460FE39F6,0.11556664513943465
CC_CE72D1734761,0.6493391991841847
CC_CE7FC560768D,0.35401464718794884
CC_CE871DB3950F,0.31956409553385207
CC_CE8D1564C4F1,0.1402206649709068
CC_CE93240526A9,0.2947437603919824
CC_CE980FCAB154,0.29401317836106333
CC_CEA0FAD348F8,0.08263299199941557
CC_CEA369A3451F,0.05898659127031522
CC_CEBA67081418,0.24073256403288407
CC_CEC0C00FE770,0.5452609241988349
CC_CEC3B21D2982,0.4017138202064906
CC_CECEC680F701,0.17763333140649573
CC_CEDB263DB07B,0.035901286110635866
CC_CEDF9C14DC79,0.26589547408769776
CC_CEF23255BE06,0.058108636727631224
CC_CEF8C71C4E8B,0.40521686625543724
CC_CEF91FDD41AE,0.3824538049262296
CC_CF0B68684C3D,0.09170866501694036
CC_CF149865368F,0.10037397325665047
CC_CF2A7A5582C2,0.1855813149123292
CC_CF2B3E37CF2E,0.3874360435900398
CC_CF2F163CE005,0.1667310077533281
CC_CF3C063DF626,0.1722300762446349
CC_CF3E91DB8220,0.2871708271069029
CC_CF3FB5744443,0.7040962086907478
CC_CF4991B8EFE9,0.09979229389685534
CC_CF53FD3AC9AD,0.03355224789511315
CC_CF5A140B279D,0.2014881767421549
CC_CF613A7162B6,0.11906788969836785
CC_CF6A8A460B19,0.10122103715344251
CC_CF792E77A16D,0.04940838095281145
CC_CF7BAF373E0A,0.03294999482149136
CC_CF8B1D0015C4,0.14970722766223027
CC_CF8D0517B79F,0.08054817185567695
CC_CF92037ACA93,0.20595518929384618
CC_CF960A300F40,0.2742567211676237
CC_CF96B6335E6C,0.1644027927457554
CC_CF9880D67A7D,0.18729841870644032
CC_CF9B249283A7,0.7024776233400496
CC_CFABF7407978,0.20523594294162367
CC_CFB2AE99EABF,0.1304006047650807
CC_CFC0BC440771,0.13509338132345852
CC_CFC235739F25,0.5760368948060178
CC_CFC6E8954325,0.057435758508129375
CC_CFD37EDB214D,0.22801430381362425
CC_CFD93C04478A,0.5814472268812102
CC_CFE0AA5381FD,0.5965929989832631
CC_CFEB021AA137,0.04940308128751174
CC_CFF6E2A6A3F9,0.3042445144834271
CC_CFFDC4947256,0.16995025745199177
CC_D009368CE434,0.049914929215263505
CC_D02E59E08B02,0.043748436420239185
CC_D03848B7353E,0.0521573598028613
CC_D03A69B1563D,0.14393605671290266
CC_D0576802096E,0.09023569912986709
CC_D0582E0F3440,0.05253719453663862
CC_D059D0BEC5D5,0.3806297473449173
CC_D05C4A8F2A25,0.13484869134233313
CC_D05FBA9B9040,0.7147466114602813
CC_D0653EA71CAD,0.1574854455213459
CC_D076A984B786,0.14680163666350005
CC_D08FC2D99CF5,0.20209954298763383
CC_D09942A02904,0.10975130333834508
CC_D0A8EA2D37F2,0.15335563599706747
CC_D0AAD35C800F,0.12122165614249976
CC_D0D666EC0244,0.0913968119290769
CC_D0F3F68F4452,0.49299454186649805
CC_D0FBDE8ABAA7,0.09707641490570351
CC_D103D50237D9,0.24252638151326145
CC_D11E5A30CF3B,0.26719924801501077
CC_D122B30AE7CB,0.5526242555056277
CC_D1679B40D83A,0.09295636489481593
CC_D1760785D631,0.2655169142568938
CC_D18088587757,0.24889642906164877
CC_D184160042B7,0.3186838569900673
CC_D1886485E8B4,0.15029736424253926
CC_D1893DD5B4D4,0.09994158061786146
CC_D18B60E035CE,0.7376638734747458
CC_D191D099789D,0.08311036998294641
CC_D1BDB41E7FF6,0.07848917247272422
CC_D1BE2E6E9C9F,0.18672283943175838
CC_D1BFB29BF61C,0.08094218224898116
CC_D1C259F80E13,0.0904861761783865
CC_D1C63DA9CA93,0.10566626283940797
CC_D1C931E4F305,0.061160375424476596
CC_D1CE25F271BE,0.14747681735529278
CC_D1D2127A0C67,0.05442083711062068
CC_D1D31EA359F4,0.13649721814476812
CC_D1DB888BD9B0,0.11347410314222237
CC_D1E82B9DD102,0.16401869824207943
CC_D1EF68A649AA,0.12705003281129928
CC_D1F05E69F80F,0.055880592585266196
CC_D1F6FE158DCF,0.2748394051074925
CC_D205612FD566,0.6210858210508371
CC_D21474C31E3C,0.6839185706243939
CC_D2195A061A0E,0.6104918943147732
CC_D2199CC1CB08,0.029097490315267215
CC_D21FCD9DFE53,0.5441134760528672
CC_D233B2C8062B,0.4164637528556644
CC_D234CF2C21AE,0.6638532400615922
CC_D2373015DF41,0.047703030082166996
CC_D239CBE1012A,0.11213116734818404
CC_D2591377E980,0.7218522860311454
CC_D25E25C831B5,0.0749915795875285
CC_D262BB13DAAF,0.2838632008325449
CC_D272BC699F38,0.06155392346294876
CC_D2813C835750,0.7665498403976779
CC_D285B0D67016,0.024772433095589286
CC_D28FB525E310,0.2665423686692908
CC_D2AFEE04E96F,0.034793899880050785
CC_D2BBAA423304,0.20786999310645363
CC_D2BE8B4011D7,0.055292603905592
CC_D2C49D2FEBF8,0.1930705478863322
CC_D2D09498D333,0.1584973676141255
CC_D2D187DA334A,0.12385810041873493
CC_D2D47A5386CE,0.2704726385911201
CC_D2E98F50621A,0.03940946125474784
CC_D2F265035F0A,0.046448634311491335
CC_D2F91355C6D0,0.15839647381227343
CC_D2FC934F8324,0.1411420114013039
CC_D3044C67CFFB,0.05038649012841223
CC_D313F2C49E46,0.32885120152475067
CC_D31FFB053D60,0.1191669020015461
CC_D336DB6323BB,0.31038849262100027
CC_D343A7CBA377,0.0625501796254517
CC_D345AF4C4B61,0.18414024752453845
CC_D34FA9410740,0.08539109603471817
CC_D354C5D1665A,0.16537846840675707
CC_D35E96480AF8,0.31352147741361774
CC_D3616386D6D2,0.13515435521088048
CC_D365173E852D,0.7598422276541514
CC_D3683C6CFC5C,0.6417785765601478
CC_D373463038E0,0.053717377142709244
CC_D379CF8E3FAB,0.7224830165517121
CC_D37B4CA7F3D8,0.04666317184278223
CC_D37B5B3CA4BE,0.6834361496068962
CC_D39265D7B6C9,0.05266895797583679
CC_D39E3F732408,0.06626603544482562
CC_D3A7B21165B3,0.3077126094483545
CC_D3A9028A4660,0.04504878571181098
CC_D3A948322BD5,0.6920107894707543
CC_D3B95DB5E6C1,0.28055140806289347
CC_D3C8C5014D5C,0.18473708880451714
CC_D3D80929AF52,0.09356200977875068
CC_D3F25136073A,0.18965368091746754
CC_D4102AD032BE,0.23916085840813062
CC_D416EFCEAD89,0.04642016685412996
CC_D41C5030494A,0.68967660313664
CC_D42E477596A3,0.05422698905573621
CC_D432C89BADA8,0.13021789591597957
CC_D434638E9569,0.11989348440403948
CC_D4518F98BB77,0.08690790313966992
CC_D452847F2A4C,0.08677739911486645
CC_D454056F92E6,0.24627501010438313
CC_D461FB973AB2,0.8111190096545673
CC_D462250B13D3,0.41199424742264656
CC_D48E686A834A,0.6866415636672003
CC_D48FFD985E51,0.07484470852466038
CC_D49263A1BDF7,0.11911993398978432
CC_D49668C65C33,0.029357322278661703
CC_D49D9C57A849,0.10172038337623629
CC_D4A029A150E4,0.18330109879598164
CC_D4AC998C0BC8,0.7022183463951897
CC_D4B02AAFC697,0.1352731306783005
CC_D4BDF0F4FE9E,0.11243729796440934
CC_D4BF2778371B,0.16898036958854634
CC_D4C0F4DB3501,0.17331242390306267
CC_D4C6DD8A364F,0.14267127337008959
CC_D4CDE2A1E174,0.16061051634721216
CC_D4E7EE35695B,0.15660476076328156
CC_D4ED652E86DF,0.29460185384676396
CC_D4F844B54B84,0.039177061364090646
CC_D4FA0055DB4A,0.036830510152641216
CC_D4FDCBAFEC74,0.7160907027724538
CC_D517D90E105F,0.09455549301469593
CC_D52B87A01028,0.23411985864237742
CC_D530C3D1DBF8,0.6447099022299816
CC_D5327E41EBA2,0.10348318832998091
CC_D53C8BCA531F,0.08372671262515535
CC_D540C7ABF683,0.682637586583126
CC_D54105FC1349,0.3612142726167079
CC_D550CE8B9313,0.7411984710342338
CC_D55C5B432387,0.1662182050818829
CC_D5646FCC5E14,0.5784236507590412
CC_D56F34613338,0.12831786590342983
CC_D573AF0F1674,0.10781770053009807
CC_D586E2C2B3EF,0.19788696890324825
CC_D589E388CA02,0.06339371221677464
CC_D58EBD954E68,0.31372419212949365
CC_D59AFE884BDD,0.47662888263257586
CC_D5AC596A85E1,0.165548427018535
CC_D5B99B578573,0.044652822283165576
CC_D5CBF4A4D3B3,0.10269862692233703
CC_D5CE05EAA837,0.21111412186691575
CC_D5D36A6C8DB3,0.07729828602755479
CC_D5D8D545736F,0.08113839104417624
CC_D5ECFAF8C1A3,0.0607362693696268
CC_D605715F737A,0.14504043529136168
CC_D617428B4B0E,0.3807959173334099
CC_D61E8E5C4414,0.14286465808210516
CC_D652B5F05769,0.1765101661802727
CC_D6564D0CB9A8,0.19213187331781575
CC_D66183657419,0.0697364872134824
CC_D66BDD3E1AA7,0.11346509824639629
CC_D66DA331534A,0.0959644383141332
CC_D687A780C0E6,0.044625249773172525
CC_D6AE871A4C9C,0.09617779753951514
CC_D6B7AF1FBDD4,0.5002030259491101
CC_D6B874308353,0.5939797783139423
CC_D6B8F47FE484,0.5076985276063855
CC_D6CB1BFDCEEA,0.11817915105736682
CC_D6D47D7E1C51,0.037850394517634806
CC_D6DE060699C6,0.1363207779005608
CC_D6E06014457F,0.7975140302122519
CC_D6E8E17EA449,0.3214144629300825
CC_D6F216AB1C4A,0.15374072015461587
CC_D6F5E3A51C8A,0.099353266242885
CC_D6FB3B76D7A0,0.5880227372156615
CC_D6FBCD4BA3DA,0.28302542397354746
CC_D70918916097,0.5242900052022679
CC_D73B1B9B81A5,0.04698094378746488
CC_D73E9E24BB48,0.1183732962173899
CC_D74AA0F20466,0.13350170138427492
CC_D750070C44BB,0.7144678539472205
CC_D7529675CB7D,0.17161017345250407
CC_D75C8CDB510B,0.6531583114684844
CC_D76009C47709,0.29269368689330666
CC_D771775A58F5,0.20119203198966024
CC_D77F9D613EF7,0.1898197588324928
CC_D7999C3EDE22,0.18899634582415697
CC_D79BF1D26499,0.191599801835248
CC_D79C05885899,0.12198158376260941
CC_D79D4F15D10C,0.031946010597044994
CC_D7A11E3512D2,0.052491530969583665
CC_D7AD7A7279C4,0.1422601650357119
CC_D7B35055AF0D,0.17911983761560385
CC_D7D99409D57E,0.3221110189191934
CC_D7E403181D8F,0.13059679047394987
CC_D808C7BA9399,0.1219020433892462
CC_D80DE8B544F3,0.042920055245109806
CC_D81D19AEFB77,0.03275343838738474
CC_D81F317F6384,0.14092009075304468
CC_D844D9DF962C,0.06476850662806907
CC_D847D978387D,0.04070378043772528
CC_D85C7B85C440,0.25293450212021673
CC_D885591596E7,0.09194269760619816
CC_D887D07BDE23,0.38190922139573735
CC_D88ACC0CFDA5,0.10082907090378283
CC_D88BDD0F510C,0.05596869387037318
CC_D8956424CB37,0.39626494214606434
CC_D8959BB99A7F,0.27168390014222066
CC_D89A9A14B5E8,0.0571174339381234
CC_D8AD01F3CCE7,0.05211009137114784
CC_D8B4122DC296,0.11119043349894284
CC_D8C38B187875,0.7226728880087208
CC_D8E55509595E,0.05295341329450568
CC_D8E6B90C37A3,0.10750854904357174
CC_D8F1AECFCC2F,0.06133094953612524
CC_D8F7672C70D7,0.03155772474918325
CC_D8F7E904E7DF,0.16249453329512448
CC_D8FEF1C99F88,0.6652646364165298
CC_D90761F9E9C9,0.41264201196788697
CC_D90D9D5C8FEB,0.08414207523752759
CC_D912917A4F4E,0.7429848548483706
CC_D91ECE64FD0C,0.1006077958733887
CC_D9325E5695D5,0.04460004326093171
CC_D9563654A397,0.19369246830792447
CC_D95766A6C24F,0.10207610893966489
CC_D95939B1BBFA,0.05660396439608493
CC_D96729C38BC9,0.07325693794930475
CC_D9791EFF766C,0.21678628526708016
CC_D97AA7C54F6D,0.11046599005496663
CC_D98BA5CE8EE6,0.4941896294757182
CC_D991DAD5413D,0.15198902654393143
CC_D995C89AA359,0.21405879081060178
CC_D9A54F55AD6A,0.1108286227815984
CC_D9B87A96C353,0.22669799516440706
CC_D9C42B0B6A0C,0.18626962884127252
CC_D9D487E78FAF,0.6697402820182755
CC_D9D744A66B09,0.11315371033941835
CC_D9DA3F6E2E7E,0.16742030171621466
CC_D9E5792258E4,0.07744163554588232
CC_D9E6B9CBEB77,0.05248198331325401
CC_D9F0CDB02AC6,0.14042738118052095
CC_DA0201D1BCF2,0.106349846276155
CC_DA0500AFE692,0.05937514783789857
CC_DA0E0BD3880D,0.321020186330765
CC_DA10F53AE655,0.6349941513011187
CC_DA1643A835A2,0.09591009717158526
CC_DA1C5BAB7E35,0.5479667725775219
CC_DA1DC6A6371D,0.22028709680347813
CC_DA1E6B31DD2A,0.6384104919207357
CC_DA1F282809D0,0.032071998582155044
CC_DA226442D919,0.7230879764526564
CC_DA31EC318B1F,0.0559220588244122
CC_DA33597C6459,0.16161360686637982
CC_DA43CFB5CC2F,0.20179639918813905
CC_DA481C72B8A4,0.26820986052830587
CC_DA55447636EB,0.04503242112422819
CC_DA5AE34842E3,0.0745853229888892
CC_DA6880B018AC,0.16311384839999304
CC_DA700A961616,0.14943563105193458
CC_DA7E65F1E6AA,0.07416933853602563
CC_DA80FAA7FE30,0.10540200295008298
CC_DA8DCCC1199D,0.316929699406582
CC_DA8EA724C1D3,0.4116103197407655
CC_DA8FA65D1924,0.03548268342980287
CC_DA99D1E41C3E,0.05276482001961123
CC_DA9C3BEFD0B3,0.18468746811777964
CC_DAA3B7FE1C62,0.07276162585996662
CC_DAACE4211B34,0.16234908138058485
CC_DAD239E56638,0.7645388038365994
CC_DAD4BC090253,0.07565334667514109
CC_DAEDBA26BA12,0.31589441028389265
CC_DB1EB08EB40E,0.14073320636006353
CC_DB2314ED6960,0.07300886000345212
CC_DB25E05EC5CD,0.43851432318338524
CC_DB3BE0C87882,0.054160904587605425
CC_DB44628BC147,0.18928043030855662
CC_DB562E602BA8,0.11429295178132556
CC_DB61D7F5F8F2,0.6816020919060788
CC_DB6498598C32,0.1756701759296444
CC_DB6B59FB6E30,0.04124064784296849
CC_DB801B947698,0.27979683228454344
CC_DBB8C467FF1D,0.11885737396632096
CC_DBCD21C2C322,0.0760672742084985
CC_DBDB148E45DD,0.09665536306461332
CC_DBDF9BFA7E87,0.08418297095860777
CC_DBF5CD2D854F,0.2250037580668366
CC_DC0077DE6E39,0.1859915220014785
CC_DC23159A1F99,0.06338200877920935
CC_DC2458827FD8,0.23741451697615804
CC_DC2BE35D58AC,0.24386856384394173
CC_DC49C8D3F7EC,0.5374237979264067
CC_DC5DE66826E9,0.11040491781443817
CC_DC6063FC6464,0.07284703803972226
CC_DC771AE1B4BA,0.6612063783233426
CC_DC7DEBC30E17,0.4207842078155624
CC_DC978F3A711F,0.6561285591867304
CC_DCA2140C7BC4,0.19305832200856754
CC_DCA5CE7C9DC3,0.1606887627191917
CC_DCB5798049B2,0.1413226304859755
CC_DCD10C95C942,0.5487396284413604
CC_DCD145E8E729,0.2953252120270139
CC_DCE0BFC03B86,0.04214172335893611
CC_DCE75AE2FB52,0.061891170044686306
CC_DCFCEEF21BA7,0.3567758790056207
CC_DD12A8C462FA,0.05695924096354973
CC_DD14867350AC,0.1898546142536646
CC_DD232BC8881D,0.19390917892177822
CC_DD2473D34D68,0.21714366055330153
CC_DD2B5C4CD318,0.05488965516007476
CC_DD4EC06C3A92,0.2591314667425616
CC_DD5299DA8C1C,0.0841630479653993
CC_DD59BFF18ABC,0.16846659742404255
CC_DD6777E1B05C,0.04914643830733688
CC_DD6EE1501B89,0.0898037187235586
CC_DD78B52AE022,0.12780381974867
CC_DD7983A07B43,0.6266431125010948
CC_DD80B5CC495F,0.09914164799969623
CC_DD8956B71825,0.6524686845506161
CC_DD8D40E7E2A9,0.09038460557018624
CC_DD9972D0B63E,0.120824656166208
CC_DDAE70634ED3,0.09689014505604708
CC_DDB4A9FF2B03,0.10032468417947091
CC_DDB68302DA2A,0.17239595859763743
CC_DDB9DEC9C037,0.08562225685139904
CC_DDC610D2B2F0,0.0591572091090386
CC_DDCAEC6BD9F0,0.17853323960567502
CC_DDDF665EBD93,0.2880015218217023
CC_DDE66EBF2157,0.07033907738346755
CC_DDE8B7E9C7F4,0.31287714428189406
CC_DE019FC36D28,0.3553443890894662
CC_DE07076B04D5,0.1568907482979738
CC_DE07AECD2361,0.03299065638031837
CC_DE08A4514010,0.5542813926064105
CC_DE093FAC5293,0.4467740462624993
CC_DE17BC1C2324,0.07790868404256157
CC_DE1B13B3E504,0.034867146862854706
CC_DE4264861B73,0.09548756553455354
CC_DE4810B88C51,0.2782164627491709
CC_DE4EE8A16896,0.14515598599561438
CC_DE523A2403BB,0.09552431718425192
CC_DE52860CFBBE,0.22613688518465863
CC_DE593193FB9C,0.18141249415579974
CC_DE5A9B499ED4,0.08646701427508327
CC_DE6AFFA63ABD,0.07618617459370194
CC_DE7CEC14CCD5,0.7187954530875491
CC_DE7D7B5BBB14,0.6474514272968953
CC_DE81AAB7BF48,0.06597226395142475
CC_DE8956D433E2,0.6398099898446997
CC_DE8FB8D1CB71,0.36640058712100704
CC_DE90D07B269D,0.196559709304645
CC_DE9A62529780,0.14947126692895274
CC_DEA425EA8441,0.1265949039082383
CC_DEBE01582EFF,0.19403314128575214
CC_DEBFD4E79A38,0.058515065000221876
CC_DEC97F13CB8C,0.19858080558410998
CC_DECF1507C86D,0.15599738450308537
CC_DED24C8D047A,0.10209754174893412
CC_DEF4AEBD31C8,0.20195990142733022
CC_DF062F698349,0.10509826317631898
CC_DF13D5CB626A,0.1072270426229787
CC_DF15C526CDC5,0.04556227866388133
CC_DF1F6C68F7D2,0.15604409336298114
CC_DF3EB88F509B,0.08704422035183436
CC_DF4E332C886F,0.025638573620348996
CC_DF514171DC30,0.15594846996343495
CC_DF536CEAE5C0,0.05003395511292473
CC_DF5806CC2CFF,0.12690609379689216
CC_DF715690EF20,0.2048361040344239
CC_DF718A37AF15,0.0940797489822301
CC_DF7276DD74AA,0.11165367231299977
CC_DF750B2D6872,0.2786756602886364
CC_DF9FB6670627,0.06295665288626823
CC_DFA65A0125D9,0.04434491269612917
CC_DFAE355359B8,0.18119205274800612
CC_DFEA562F7BCF,0.31918953857118804
CC_DFEDAF0F0D6E,0.03970984596230372
CC_DFF6F74C64B5,0.6616312107603449
CC_DFF87DF16763,0.11078169384909027
CC_E00D8ECE9FA9,0.1376960627948394
CC_E027E36615C0,0.5074756759037405
CC_E02E23CE49A8,0.08446540266691832
CC_E030B3AEBF19,0.1402687457603141
CC_E031A4C862C1,0.17312953513452978
CC_E0339B331F4F,0.10466490927456612
CC_E038981B2FEE,0.12838040079892638
CC_E0463868968B,0.15404902664001957
CC_E05A8621B581,0.31525767702112156
CC_E07FB0312232,0.1448794511830896
CC_E088594E0624,0.24464298112333177
CC_E09AC3B1E534,0.09502166390391162
CC_E0AC29AFCF97,0.17891550589409078
CC_E0BAC6E0D0DA,0.0875494850796332
CC_E0DDDA07F0A1,0.17453290256096876
CC_E0DF45AB72B6,0.2103025214599816
CC_E0E1F8E7379E,0.1162503301578389
CC_E0EF095444A5,0.16952093917229125
CC_E102E4F7F8B4,0.21630598775739823
CC_E109B4CA6A8D,0.13322009749193198
CC_E11470A2D92C,0.40315688430085006
CC_E117B8A6ADC6,0.028865853231724907
CC_E128015073F3,0.06929052504508734
CC_E131D5EB9237,0.1947789039211616
CC_E14A24095E9F,0.10190868290536342
CC_E14CADF89123,0.5288857064220656
CC_E16876025011,0.05220043916734564
CC_E16C71C15D04,0.6813359096661654
CC_E16F1BB83653,0.05690629364568756
CC_E17448FB08EF,0.5390848038281746
CC_E17AAACEB07D,0.08448817343352734
CC_E1875522DC57,0.18627038302732876
CC_E18A0734641A,0.10706495161687771
CC_E18A22453843,0.0653720004245297
CC_E1B4E3360C0F,0.17778267289609018
CC_E1B5AE645169,0.056213346435393156
CC_E1B71F6B7DD2,0.3318215002204606
CC_E1D073F693A2,0.3058417771430463
CC_E1EA83C31C66,0.10167889944796427
CC_E1ECAE226485,0.2590594787223916
CC_E1F0C5076481,0.07017662671375788
CC_E1F78CE289D8,0.039206862699397674
CC_E1FBCECE0A54,0.2386019145911761
CC_E1FD46CA26D5,0.09491744506636167
CC_E20E7C7164A6,0.7051130510416389
CC_E211E2698C14,0.03297544134231724
CC_E21B4F587C45,0.13989352525628662
CC_E22A278A1386,0.05883539623679608
CC_E24078C03B7C,0.15134707952826826
CC_E2452737F950,0.14773822655493768
CC_E246119AA09C,0.5857641049033491
CC_E246942C7310,0.07736495603479912
CC_E2474A334F3D,0.08983039923511357
CC_E2489637D0E8,0.12379866146704373
CC_E2521AF9C2A2,0.0725327969838769
CC_E253F4AC4762,0.582848780647792
CC_E257805D0F0A,0.18382689927911622
CC_E25A924EDB70,0.09765470756345726
CC_E25B5D5502AD,0.10486502032410434
CC_E2619E24BEDD,0.6873016061241044
CC_E274DAF3C064,0.07557246867614392
CC_E2787CBDFBF1,0.14478095157924478
CC_E28AE2E68BB7,0.664675268446774
CC_E2C3E272D059,0.23044859596930067
CC_E2D653061523,0.43437256266093704
CC_E2ECDC7D23EE,0.13806842652993628
CC_E2F0E725C3AB,0.0642049470237052
CC_E2F7712CD056,0.19226492197612705
CC_E2FD7FCF0AD5,0.7949595385295585
CC_E308C7DFB2F2,0.13113007051792192
CC_E30B791D5F11,0.21418953086545184
CC_E315F7A94400,0.34748596580567204
CC_E31DAB1E73F5,0.05158532957985198
CC_E32034C97E83,0.22797157050968406
CC_E32DBED5EAC1,0.25588104848454024
CC_E32DDDDEE3CB,0.22430065532792093
CC_E343EC3EB052,0.6701175076130982
CC_E34A04E78D60,0.1306376848525641
CC_E3503B565AD0,0.2751699192030621
CC_E356B05ADD56,0.2033753620198596
CC_E35D02BE6780,0.020068721709047076
CC_E369AAECB2B1,0.49267032829743673
CC_E36ACDB4F96F,0.43796823927499584
CC_E36C7F0E1657,0.8187505012744313
CC_E381FD4674D5,0.03279983979369332
CC_E38E3835121E,0.04414328193243632
CC_E3A70438A0C1,0.2744375841770529
CC_E3B5C76189F3,0.24835654129152596
CC_E3B7B7E57889,0.19178632703197618
CC_E3CCC0D886D9,0.21295420804592285
CC_E3DD8AD10171,0.3371827881940338
CC_E3E230CF20A1,0.20978060616691385
CC_E3E4B2543CCB,0.0732717568241896
CC_E3E5DF01E014,0.17408269983147318
CC_E3EB157288A2,0.084350581778524
CC_E3FBDA203EDF,0.16843226162760047
CC_E404FCA6CB2B,0.6845852633700263
CC_E4054F9C8442,0.28395184517586564
CC_E405D808772F,0.03992649167124435
CC_E4137B250609,0.43960721303467837
CC_E41482A7E968,0.05713437205659804
CC_E421FA1874F4,0.11010761879696973
CC_E42C38BBBD04,0.17016394964508025
CC_E42D90BFB285,0.041955644846013794
CC_E42EFC05C891,0.08677565278183537
CC_E430F3C75969,0.10238340499900693
CC_E4576D6B6478,0.11430551304910692
CC_E46B27A13728,0.4053805858762923
CC_E4783FB590D4,0.1756962243129252
CC_E489009C6500,0.15137575094064595
CC_E493CB46177D,0.09037152542318622
CC_E496AFA9B40A,0.34462357126286813
CC_E4A2FFE0EE1F,0.11515153487196768
CC_E4C553538385,0.32264995213686454
CC_E4C7B5501ED1,0.1304465436459883
CC_E4C8A5A60F51,0.17889817030051858
CC_E4C94AB69214,0.3856917657646869
CC_E4D75244E8B8,0.19649942898740588
CC_E4D9A8EEDBAE,0.210655626625452
CC_E4DF787730AA,0.14106689311437814
CC_E4E0DC070132,0.16881699724478513
CC_E4E3C08B7F86,0.05044180011767076
CC_E4FEEB4389C9,0.31834049113492746
CC_E50598344DD9,0.4212165801944193
CC_E50C634A9A18,0.029536701619453407
CC_E5107337FDD7,0.04139029898920134
CC_E511BFCFEC9E,0.6896658804286553
CC_E51318749E09,0.1240034883679894
CC_E53FE6708AD9,0.6894804219073882
CC_E54290FEA34D,0.10565156326115951
CC_E54B723C018B,0.03829470987924227
CC_E554618F383B,0.10862893183437146
CC_E557336955A2,0.12416230444535722
CC_E55B48E73651,0.21531925444092392
CC_E55D8DC645B9,0.055867184848397464
CC_E575DA02C575,0.2514684374398908
CC_E576BD98A727,0.2120873651873048
CC_E578DC77656B,0.13017329814178114
CC_E57F3EAFD9A3,0.14469962430263694
CC_E59A01603B7D,0.3027063742060506
CC_E59B2D974CB3,0.18023354381893214
CC_E5A1C44F0F07,0.6007100246461989
CC_E5A8BDF6BFC1,0.16891343364767847
CC_E5B284DA0E5D,0.08431057436200576
CC_E5B8363BB378,0.6133963338201076
CC_E5D8BFFA5F88,0.06517379196061042
CC_E5DA04902EFD,0.33417690028050806
CC_E5F53CFC20EC,0.0882739452566906
CC_E5FAECE63C59,0.5375381599101925
CC_E5FB6E872C58,0.0830642508136529
CC_E6045565E7ED,0.09001909467350236
CC_E60845ADC7F1,0.03705201482499436
CC_E61567D6B392,0.1180980645829813
CC_E62174AFA94C,0.13186276490017013
CC_E6247DD14641,0.09342832759493017
CC_E6289A61F0ED,0.07706750006234768
CC_E62E32FB6FBB,0.02780022084125957
CC_E62F6BE942DC,0.2578760022318285
CC_E63E49B128AE,0.082438504188413
CC_E63F89885A3E,0.7679113760337644
CC_E6466E6A92CB,0.2264345590233531
CC_E64BC95F8B2A,0.8285699913073267
CC_E64C652BBAB2,0.08742153488096281
CC_E659DB355476,0.17462020379493604
CC_E65C8BA5A7CE,0.0629624011538157
CC_E65F39446752,0.36594253164502455
CC_E67395791589,0.18522339142564087
CC_E67622A69EEF,0.08362750556689291
CC_E680830CAEF3,0.05487104876736017
CC_E6823643AC4C,0.6635645678283973
CC_E683F33931BB,0.11973805130780657
CC_E68841DEB163,0.07157922010379722
CC_E68B2C33D180,0.15037239917659473
CC_E68EE6EC2618,0.04007940802906852
CC_E69508D3D3F1,0.24107938610884408
CC_E698F1348426,0.21043127869475242
CC_E6A178F3709D,0.12163402914828146
CC_E6A4B6E8619C,0.6610659905538798
CC_E6B3887C66BB,0.29703180372914567
CC_E6B6BBBDBEDB,0.32557169431249416
CC_E6DBD0F9DC3B,0.06615273671960667
CC_E6F090F70DDD,0.3598769801633846
CC_E6F2D8CB45C6,0.10997997392929952
CC_E6F8FBEDA2A7,0.07201866712129293
CC_E70854CDFE9C,0.05596939109992905
CC_E71C05F07F85,0.061654148516817824
CC_E72797CABC60,0.08177176186617104
CC_E727C1153226,0.09204823324409044
CC_E73489D828C7,0.11888636283334804
CC_E7355465CE6A,0.0720276048185545
CC_E73CDBC743FF,0.21412613093649183
CC_E74F00E75A4F,0.05864442724878328
CC_E751F7E19192,0.15935531321039248
CC_E7522AD6431A,0.5459218769154972
CC_E7523630D2D9,0.27289897726718376
CC_E767372DD95A,0.589728041090531
CC_E76C5DFD3BA6,0.19303794260733093
CC_E77326438575,0.21488875135195346
CC_E77E29E11EB1,0.1628759787289458
CC_E78F20B3223F,0.6930173183790955
CC_E79A23E64518,0.10274201635915772
CC_E7AC69AEA182,0.7419050993143826
CC_E7B754CA9668,0.048241507162406876
CC_E7BA60365AE8,0.16673356447279172
CC_E7C95D4A741C,0.06609734878493363
CC_E7D3D728EC5B,0.18107757835534904
CC_E7E4D5F851D3,0.0707650169911761
CC_E7EA49D37B64,0.35718184494063837
CC_E7EF11A24F73,0.7797869733084835
CC_E7F6F9A7EC65,0.07769743038587319
CC_E7FBC7F69DBB,0.22057760008093924
CC_E80B1A55A74D,0.1880305532365377
CC_E824AB0AFDBB,0.20507120715911512
CC_E826DAC92D9D,0.25670549727805686
CC_E83AB7100D06,0.14265013674166438
CC_E83E6D31EC76,0.23883887691203437
CC_E86650461FBE,0.17579691939053646
CC_E868A3754B11,0.8253763989118522
CC_E86A993F7D05,0.08575581002416391
CC_E87992FBEE80,0.6322406618644821
CC_E87B909C4DDD,0.21095490208875217
CC_E8828BA7EE08,0.12548584008483593
CC_E886157F6FBD,0.3409067218802819
CC_E88711C5C98E,0.12244360031977523
CC_E887680BB6CC,0.191179339417603
CC_E8909BF77D8D,0.10700212805117446
CC_E8A82DA3A246,0.1678418154825178
CC_E8AC7545DBD3,0.08281703595525768
CC_E8BA6B224C3E,0.11073450459216541
CC_E8C6CA45BF72,0.1816917241558024
CC_E8D2E3126A8F,0.6723121820120135
CC_E8E55DAC4FF9,0.04632001552527896
CC_E8EB77AF3F78,0.8283316038988726
CC_E8F2C6905503,0.36617650291293635
CC_E90831F897A9,0.18979339257125474
CC_E90B14D51185,0.5560056189292693
CC_E9188329C9E7,0.0822375181410326
CC_E91E1C0C0C61,0.6175405364129012
CC_E91E9D34C5F3,0.11470993868621479
CC_E91F555DBA96,0.13416045136430718
CC_E932CFF4B4A4,0.24443905529247345
CC_E93643CB34CA,0.16574134472829277
CC_E937CA493910,0.1496329207851863
CC_E9409A50B4BF,0.5364110705367245
CC_E96711AD5512,0.056173865993269914
CC_E96A3E6912B4,0.4979455998574575
CC_E98AEE74B9BC,0.1976475716904244
CC_E992FB78BC2D,0.26027572668029125
CC_E9A3AECEE3A9,0.07124370223616547
CC_E9BDA7766728,0.30294153702377447
CC_E9BF1AFE86C3,0.209327716187433
CC_E9CA055AD1A3,0.09789314367005747
CC_E9CA0A56E917,0.2226608586568785
CC_E9D3453F53AC,0.6405331886907345
CC_E9D46EFFA839,0.1982179170304609
CC_E9ED872B6037,0.036802502097359524
CC_E9F40C1B559E,0.10759835096934887
CC_EA06928C0AA9,0.2572189846572729
CC_EA0A46F64C80,0.08920275898813607
CC_EA114B15FC04,0.5239734097115781
CC_EA1F3F67BA2E,0.08855406875052102
CC_EA21618614D1,0.6543270930971895
CC_EA26B5A89181,0.19872680995833653
CC_EA26C6C27662,0.18158690377915018
CC_EA3B5AC76649,0.19578455527977123
CC_EA4E669C8528,0.08163188811682595
CC_EA6917E7A5C2,0.6808068151971134
CC_EA8A25862433,0.1478264584187381
CC_EA901D7CA670,0.163718535519025
CC_EAA2BCE323EE,0.7254565892303164
CC_EAA6D5189190,0.1049631187382914
CC_EAAA8DD7FAAF,0.15200638067105365
CC_EAB7408CCE0E,0.29577022062868463
CC_EABEDB3C4827,0.13527810473057117
CC_EAC6D83D1BFC,0.03290038965791343
CC_EAD7F3E9DAD1,0.06373498064180325
CC_EADC7D8196C2,0.31443326881763656
CC_EAE608E24E29,0.037250086204186315
CC_EB05AD2C7C27,0.03108280058440825
CC_EB1DA337E2D1,0.14303404061890362
CC_EB1F425EC937,0.1197387139253378
CC_EB2FE764BF6D,0.12455459339357372
CC_EB55483587DE,0.10702163037901846
CC_EB569B3E2E12,0.6213359088733725
CC_EB57E6E6C96C,0.21651631946021327
CC_EB5A0FE0605C,0.1526585061839762
CC_EB64EC97D01D,0.11915464179851153
CC_EB691249B91A,0.1864349461493202
CC_EB7C50A7D4C1,0.5099862498032799
CC_EB7C52FDBEC3,0.13387952720561422
CC_EB86FED24535,0.27886673715820576
CC_EB89DECC2021,0.09954538960197815
CC_EB999F9D6095,0.1918194899575223
CC_EBA2F85924CE,0.06693288711850212
CC_EBAC5A53FD11,0.09624474513743697
CC_EBB109EF7619,0.18332992632441109
CC_EBBD00C18763,0.039921342075550766
CC_EBCA68C7854D,0.07114310855708537
CC_EBCBDE122879,0.15575905476454838
CC_EBDF6C88BBA5,0.0655744383670804
CC_EBEDAC91ED43,0.10255125568842502
CC_EBEEC4183FDE,0.04586079525113203
CC_EBFD9D007253,0.4716886632240675
CC_EC1ABC58E09A,0.16977195564369868
CC_EC26EABA68DC,0.7934905462628976
CC_EC2A485A3E71,0.18017934723783585
CC_EC3B9E2FE47B,0.09509062701319627
CC_EC505F03EE5F,0.029702712362824072
CC_EC5317EC6706,0.1927850275041239
CC_EC5B7FBD1EA7,0.14306603748875726
CC_EC5C7471FFC5,0.05197284330795803
CC_EC5D92B3617B,0.2028644505271932
CC_EC5E214BFED0,0.6586874006143502
CC_EC6406527201,0.10705927229256829
CC_EC79022358C6,0.3305723263979788
CC_EC831A90189F,0.09816072610166685
CC_EC87C131FADC,0.05618992112513921
CC_EC88785D6F39,0.20202510281244565
CC_EC9173F5284E,0.03430643780625163
CC_ECB7B3B6272E,0.05769655250450697
CC_ECBF4CED56D1,0.12011372672943206
CC_ECBF80B94EAE,0.7780183770150216
CC_ECC78B7AE3F1,0.6019463275808911
CC_ECC7E9E691F5,0.17185983174907327
CC_ECC9235F612E,0.25439133628050165
CC_ECCB0BD557DC,0.17066540774296954
CC_ECCCB1B4EA8F,0.0911694086777442
CC_ECDDF4983DD9,0.047163174599590345
CC_ECEE93C4F564,0.591011840749379
CC_ED07BD8B2CB3,0.05509160519467865
CC_ED0F4A02A01C,0.24430057674984473
CC_ED11D72A1D3B,0.06777927243092768
CC_ED165FC5A06F,0.05164352615978193
CC_ED2B6A40ABC7,0.2802541692756736
CC_ED390F22A931,0.0953864856109053
CC_ED40E7CE5177,0.1983294849793511
CC_ED4E4B13DB1A,0.04298895936081325
CC_ED4F22572419,0.15624194445692122
CC_ED5AE5CB1DC5,0.062365220160990685
CC_ED6090A4E6E4,0.23695087294302605
CC_ED645D91E6A5,0.11107813043935665
CC_ED6B045B6075,0.17935686609320714
CC_ED9313C71C57,0.1616658816728985
CC_ED9BCE7C776F,0.7369108570866048
CC_ED9D4644716C,0.16715810585488006
CC_EDA794402358,0.24917644506074815
CC_EDAADACD4DED,0.13683811713661448
CC_EDBAD2E989FB,0.13817534444495175
CC_EDC98B474E76,0.2673937353159836
CC_EDD1FD49A66A,0.7629144762692806
CC_EDD448008C0C,0.6826640745014768
CC_EDDA3B790095,0.06313865796109663
CC_EDF95BF0E3D6,0.16698832869847174
CC_EE03D7C2BC69,0.07393991847717118
CC_EE0D95184E81,0.04234978553773693
CC_EE0FF690C214,0.42643427215262036
CC_EE2412C352D5,0.08623765869876851
CC_EE2A010019CF,0.058537263911791995
CC_EE2AC730827E,0.05793563961873632
CC_EE3236E6A9FD,0.11133458493217983
CC_EE3759EA49FF,0.16907014014145277
CC_EE38C78AD88B,0.41235079532154617
CC_EE3CE0FD6B77,0.5895492099551658
CC_EE6B7E58FC63,0.04127879805569463
CC_EE6E02464067,0.30951292796571483
CC_EE6E1FA7A753,0.1381477362454127
CC_EE6FCE6C233A,0.20721220466287907
CC_EE88C07B9333,0.09104254781989554
CC_EE9004165810,0.07284008582607471
CC_EE9BD17AD343,0.05126688240721938
CC_EEA608D5A455,0.1533249952868503
CC_EEAFDB1BB486,0.5418333806106326
CC_EEB482736C41,0.21761367148202992
CC_EEBD9DA093E1,0.04464717746109117
CC_EEF23DDD2262,0.12398118942261574
CC_EEFBDC9AD94A,0.07537041633980766
CC_EF05000895F4,0.49787312419143626
CC_EF16B2CE0988,0.3737811196906261
CC_EF1DD3F0CBDF,0.05679925708551875
CC_EF2D82085BB9,0.0977314013748668
CC_EF2DBE79D656,0.2471070559009367
CC_EF3000C48A4C,0.07390633589370027
CC_EF359AF608EA,0.0352835759691211
CC_EF362432D758,0.3493460996125217
CC_EF548B30F1B6,0.21948939763009614
CC_EF5B403DFD7E,0.09971979269740601
CC_EF66DA0DDF9C,0.2634893056737557
CC_EF70BA4AEEC4,0.1630593848021526
CC_EF83DD56FCC5,0.07380495814915897
CC_EF8B642A6F8D,0.06858907494722052
CC_EFA1EB27DA19,0.03922539505536025
CC_EFAE84EA9BDE,0.07364091549938967
CC_EFB26BEA106E,0.34766778198018666
CC_EFBB51CD8502,0.25635059766667995
CC_EFC18E9B3B55,0.11841509167272424
CC_EFC4B0020E2D,0.1334668707415983
CC_EFC9FA5108D9,0.14541139101587647
CC_EFE45D9B9D9C,0.05042115981577812
CC_EFF27FA98DF1,0.06933159619684401
CC_F000DA497736,0.25072518514439257
CC_F00107DE219E,0.6788695797364667
CC_F009FC54A64B,0.764378100670003
CC_F01DF28C6BFF,0.0900430667935502
CC_F037C91F63BF,0.12591593105008633
CC_F03FADA95A03,0.7276991658734486
CC_F05235F3C894,0.10397278688912262
CC_F0649FEBFEB8,0.4765326409529184
CC_F066C78B5C0D,0.13739731273978495
CC_F07313626618,0.6097333227806425
CC_F0783F6A56F5,0.7661336482100521
CC_F0791523691A,0.14831624142552274
CC_F080750455CE,0.060415180859862264
CC_F0809EBB0B51,0.026984127918475615
CC_F08259F86E23,0.1742368402224594
CC_F0929F859702,0.18603144743665895
CC_F0A7203CCA39,0.16650186234313333
CC_F0CD4DD9C63C,0.13148759852421066
CC_F0D29AD328E5,0.15200972132655677
CC_F0D339E5B80C,0.05548547705309072
CC_F0D3BC14FA77,0.0798368396250579
CC_F0E16D28D49D,0.16792023785463603
CC_F0EBE2C00A7B,0.05390438275764213
CC_F0F137758DC2,0.05721519272190182
CC_F0F6BD40CA43,0.3087351187670546
CC_F0F6FCF6010F,0.17330989042011402
CC_F0FBC9D4ECA1,0.029686050647237918
CC_F0FEE924096C,0.27743372391698606
CC_F1074E035DE6,0.049130707024428115
CC_F108D26930FF,0.3886883072176057
CC_F10DB853B9DF,0.4197492285905602
CC_F10E06D52D76,0.13419883344768213
CC_F11F5F477B91,0.6188749179877423
CC_F14913B5BE1B,0.747589209676035
CC_F156C1647E3D,0.0761664983397523
CC_F1598097E314,0.6857533294673193
CC_F1641E3AAB3C,0.0515322209026303
CC_F166878FB959,0.05463576273134097
CC_F17540FE7C9F,0.12246135330704883
CC_F175BB08B29E,0.04898553976688859
CC_F1782AF286D0,0.3759324862574954
CC_F1796AD4B774,0.5632040325319938
CC_F17B3A3A5E56,0.630767047097105
CC_F1858D6F0080,0.1535917166883629
CC_F18689FA8E29,0.07195714802116146
CC_F18A82B0F153,0.13651047970887398
CC_F1AE7142A128,0.11209649234616664
CC_F1B43DD57C9C,0.12171299336625127
CC_F1BCB7676492,0.07961733697438005
CC_F1C8B8BB90AE,0.12838184084637133
CC_F1E044CD2D75,0.25123145824165743
CC_F1FCB96B5E14,0.2626178356498209
CC_F2067E92A939,0.1500301140057958
CC_F21512554CC9,0.07172234888538408
CC_F243956B7575,0.08636358024681301
CC_F24FBC9FD3F7,0.32244100340547005
CC_F252EB3F208B,0.09799807183322454
CC_F25D793346CA,0.405167087712733
CC_F25EB1ED5AD9,0.054361774468336885
CC_F265A0AE845F,0.7117309359811099
CC_F274BB4AEBE0,0.05733272761003402
CC_F28BF2185131,0.10441796669868961
CC_F29077E45AF0,0.22874919494613177
CC_F2988560CAB8,0.3649688152573277
CC_F2993AB36C56,0.08139369217823737
CC_F29D6C65779E,0.06395167922121366
CC_F2D2BADD0000,0.062384819819257295
CC_F2E4AEB73D57,0.10991541782657716
CC_F2E630BAF431,0.04925920565951197
CC_F2EFCB40AE74,0.16630988508153627
CC_F2F085891915,0.7113597277322936
CC_F3030E2C80A0,0.208963595705363
CC_F3044C7C16BB,0.059544876824597914
CC_F30B21CB4603,0.10011738761992925
CC_F3140FCE870A,0.08349766323613882
CC_F32A84B321FC,0.19664639210513168
CC_F339FF584607,0.31665216119998696
CC_F33CEE0F6DBE,0.427515854269253
CC_F33DAF3E9CF0,0.11670123870900548
CC_F34EC3FF202F,0.07800047122454926
CC_F35A6C383B39,0.17700132296556123
CC_F360E0FF27CA,0.06668431609348516
CC_F36B7AEC0086,0.10862939226433302
CC_F370665BECB8,0.5615757305983302
CC_F373A60E53E8,0.03228286319779738
CC_F373BDAE18B2,0.07610096081453555
CC_F3745BC63340,0.07141461871162605
CC_F37DC9169301,0.14470713601284232
CC_F394E57C5243,0.22680067152322214
CC_F39E98FD418D,0.07882831967177326
CC_F39F51452381,0.037204048971231064
CC_F3A52465664E,0.055401975719149926
CC_F3A8CF761A0F,0.2228995910798776
CC_F3BF1709E29A,0.4484408727064491
CC_F3BF72C29211,0.08129050317178672
CC_F3CF35465CF1,0.04266858905626647
CC_F3E2186DBD4F,0.28321590741414004
CC_F3F0F9B9B56E,0.1606446603360194
CC_F3F185395BE1,0.14800899433899267
CC_F3F68E6599E7,0.07074548661279888
CC_F3F7763C9DFE,0.18590767988925783
CC_F3FFF13592CE,0.06463114580818229
CC_F410C3CE89E1,0.1791430682105799
CC_F410C8B811FE,0.06595375571040311
CC_F4132072D78E,0.11822812709968128
CC_F4157B8E5B32,0.5392492911920467
CC_F41CF067E828,0.11434780600078172
CC_F41DC456E539,0.033214270836027904
CC_F41EEF55A0EC,0.04479867715462774
CC_F426B5C1F07D,0.34543133839056245
CC_F437875F9000,0.20764361225360572
CC_F43C961F8A30,0.1381219814885472
CC_F43D9BF23472,0.05301358971432087
CC_F444BE033109,0.14580913008398155
CC_F4481124F17A,0.15568814652848062
CC_F44EAAF80F70,0.14041515349668857
CC_F4521F6D3492,0.5362703461488686
CC_F46BD9AB1B68,0.14237989361573705
CC_F4763AA0B824,0.5291493539901637
CC_F47976F33E20,0.21279102644318854
CC_F47E588D4470,0.1855290151185185
CC_F4A2777912C2,0.12481659388111485
CC_F4A6C2B23685,0.05367795719713874
CC_F4B3EAEEEA8B,0.03818671889423455
CC_F4C6CD1E720C,0.07690530756497294
CC_F4D05DA98C83,0.05109901432036587
CC_F4D15889CDE0,0.14677445020291552
CC_F4DEC1E6173D,0.033520990702916635
CC_F4EFAD6AF8BD,0.2950930003122928
CC_F4F7835A1FA2,0.22742326704513144
CC_F500597795FB,0.14455738192565704
CC_F5197FA9580F,0.6704261547725847
CC_F5240F59146F,0.07481188847921988
CC_F534A0B87C3B,0.15564490486351987
CC_F536972BFE98,0.12952032308918918
CC_F54FDFE5A5C8,0.09241876571207014
CC_F55727F65F86,0.20628436024955618
CC_F558EBDCDD6D,0.12869595064615402
CC_F56D569AC51F,0.09584227245849936
CC_F5714D180EE1,0.12313566975557849
CC_F576ED9554AD,0.35194209363697304
CC_F57C2559358E,0.2097118011007577
CC_F5AA72FC0972,0.0937921703359177
CC_F5AE7DEA2B48,0.07140034699347167
CC_F5C6A5E9D495,0.15903083431000606
CC_F5E0731F2181,0.24370506046102397
CC_F5F4F3B03FE8,0.7250797976860436
CC_F604D7B9CBD9,0.18529002317607102
CC_F60F13391D61,0.16858418838881872
CC_F618D72DF162,0.07130886354102207
CC_F620B15ACC5D,0.07442453467088961
CC_F62D426D6614,0.13898752919986068
CC_F634999D5C1D,0.02507260898407126
CC_F636E5BAEE47,0.17123330589785404
CC_F6461B692240,0.7160853972234034
CC_F65BAD63AED0,0.18227678588799573
CC_F65DD2AC57E8,0.2799479915612266
CC_F66C6577674C,0.053354173447161285
CC_F670896FE959,0.1797407222710366
CC_F67376F272EA,0.6895467822862957
CC_F67FFE9E884E,0.2932383336192754
CC_F683C99F06C1,0.16715873843662243
CC_F68523E2CE7A,0.7470867328375661
CC_F68E62F9AA0F,0.025731877171777006
CC_F69604E05962,0.0845597787381146
CC_F6B8913740B3,0.10039360386622305
CC_F6BB4952DD35,0.32375890040870325
CC_F6C0B7AC57B5,0.6072479074810765
CC_F6D2B06E6E8B,0.5915797436767687
CC_F6EB30A84C9F,0.2779626943622965
CC_F70345A4792A,0.11674543185002076
CC_F7068C1F77B3,0.34678089192329375
CC_F70B0EA8C0E7,0.05583474109564888
CC_F71CC97FCE83,0.10649022971885264
CC_F722224A84F4,0.6397628685804737
CC_F72D1046063A,0.22395916320196807
CC_F72DAB32A281,0.04924429140735359
CC_F733AA5C0ED9,0.06434909203478173
CC_F74043C1BBEB,0.06262925784344718
CC_F74A31E36137,0.06224467724248292
CC_F756B167634F,0.17572845336436438
CC_F75CBE8E1B92,0.48222850550490365
CC_F761F7EEAD39,0.14779582973348898
CC_F79303D62FCD,0.07845199127718189
CC_F795134B52E6,0.6326080496715814
CC_F79533E83ECA,0.09504708041108521
CC_F79F9A7ED432,0.7480699484703663
CC_F7B2FC73E020,0.04080016802546769
CC_F7CF24594B20,0.05456758428482403
CC_F7D31937AA89,0.04361106081862163
CC_F7EFD378035D,0.4127124360345576
CC_F8014B1E00D6,0.040776857474487525
CC_F80ADE95A7C8,0.05036799104468873
CC_F82E58E476A9,0.09950642692405604
CC_F82EB123CC19,0.16462709998657932
CC_F83088660331,0.11443958640688393
CC_F83C6DF6A815,0.5732955434712724
CC_F8620C4F7581,0.16280345501185106
CC_F869F4DA5077,0.7583265297478505
CC_F86B1C53EAF4,0.18164212159226062
CC_F87B7F26FF51,0.23919325263182933
CC_F8803D1C899B,0.04986594556246842
CC_F892E51AC9DD,0.04026612414422076
CC_F89C185743F0,0.1053959227816932
CC_F8A4D45C3769,0.09492600652747404
CC_F8AD68EA5A16,0.20927822607039126
CC_F8B4DBD0CE8A,0.3561252450110198
CC_F8F3E551F166,0.273645634722137
CC_F8F9FE2C9B65,0.25369875116781454
CC_F912A50D0DD1,0.1692987294329279
CC_F91B7C2B1AFD,0.11603400474847145
CC_F925251D4BF0,0.37029772875083755
CC_F925ADD60E7B,0.03702131685720172
CC_F9282C144479,0.06289605818503036
CC_F92EE3287CC8,0.08388825502839137
CC_F93332608FE1,0.17664534939756776
CC_F94070DE3B81,0.056831207141472447
CC_F94C81428D20,0.2037199748676376
CC_F95DFFDA9B12,0.39377554149430316
CC_F96A53B02447,0.6110363541032321
CC_F96A965CDCB0,0.6464523457879001
CC_F9721FEDBE9E,0.1928938355474607
CC_F97C3E145882,0.2567793058307986
CC_F97C64C64052,0.07993743283591817
CC_F98660A07E6A,0.7879750671819341
CC_F98BA4B13724,0.07875770703157568
CC_F9A3F3A76B1A,0.14527170291120028
CC_F9A8E2B3A703,0.1273997535778078
CC_F9B3E7E7F2A9,0.41696544918869294
CC_F9D7D0B1E4A8,0.6774036457728034
CC_F9EDA4EDDD44,0.053122224114655656
CC_F9F2176B12FE,0.049224060856684154
CC_F9F90E76CA5B,0.09168880247561827
CC_FA0157249C01,0.11068321199787706
CC_FA169BCA835F,0.06483792173831315
CC_FA19B61BCABB,0.12894521648181073
CC_FA1DD203C293,0.25077798235007515
CC_FA2E30269BC1,0.18878034996985216
CC_FA304CE8E045,0.1994419100176299
CC_FA310759A257,0.6464844530056912
CC_FA32397E7B8C,0.09016948969188118
CC_FA33D97B84D4,0.10015219423408508
CC_FA38991B9434,0.02617634540560064
CC_FA4079FFF1E5,0.21290948755508557
CC_FA716665CD8F,0.07197884117587709
CC_FA770268B207,0.19157780614157277
CC_FA7A2F59245B,0.45761618889050804
CC_FA8205104EBF,0.11947287787950599
CC_FA8370AF8740,0.05143400589727602
CC_FA858F1025FF,0.12095206406700482
CC_FA86320CF6B0,0.049202357217121406
CC_FA8B341CD3EA,0.2022008054995028
CC_FA9057AAF95B,0.09297150429317391
CC_FA97314C666C,0.05499380214236119
CC_FA974C1D91AD,0.36784289838602025
CC_FAA0E5BC9F44,0.6843481218295151
CC_FAA2694D8578,0.27683066694453967
CC_FAAFFC74BC35,0.6693848094605408
CC_FABA6DCF8E45,0.03743918928004729
CC_FABC53294AC1,0.16563663161011405
CC_FAC52B8E66DA,0.11487686264138515
CC_FAD284D8DAC8,0.8264373093653359
CC_FAE70CA5999C,0.13243720792704222
CC_FAF1CCB40132,0.10461163543076818
CC_FAF93D8B3B59,0.06780177931030873
CC_FB09E5481B64,0.09129665924447614
CC_FB150A1F7C3B,0.126989205632395
CC_FB1808471515,0.3824487538787524
CC_FB296D823CF6,0.07301631867985697
CC_FB301E1FA7FF,0.029619471342586686
CC_FB33C958A19E,0.4202689417307969
CC_FB40D63FC3D3,0.18882061969593428
CC_FB45A1837AD7,0.1028895119602726
CC_FB45B79CED15,0.10891117323249953
CC_FB52260232E3,0.06257037562474688
CC_FB6A0A7B8813,0.26039688188002263
CC_FB6ED10D82D2,0.10218611638570346
CC_FB78DE84AF05,0.03583784589779197
CC_FB8DF8F93E7F,0.17741810131292496
CC_FB8F89048B89,0.08539743766977291
CC_FB9C3E77A49E,0.1201850898540787
CC_FBA40CEAEA18,0.07840364827522786
CC_FBA998938FE5,0.17698010574135875
CC_FBADBAFCD1B3,0.2761794282583867
CC_FBCB85E21ADD,0.16817098886664347
CC_FBCD00EE4402,0.1652825194830475
CC_FBD40DFBA5D5,0.315000068654829
CC_FBDECF3DACAE,0.23607956998640856
CC_FBE4E2F652EB,0.2147436946461686
CC_FBEA9510C687,0.25517406225823924
CC_FBED1E2E1CC0,0.15291768845482406
CC_FBF54E48EB13,0.061982620302704655
CC_FC1E279EF320,0.054172941177466724
CC_FC2E1D460089,0.09936392285885037
CC_FC31CBD20CDF,0.1751186297933607
CC_FC41D8134A1C,0.07041106074086922
CC_FC44D7EF257E,0.04831752024678225
CC_FC4A649BDD07,0.2212737660462606
CC_FC51BCDBB6B2,0.13027461529914042
CC_FC57B6E79AAC,0.20144067734751908
CC_FC6AA879D9CF,0.11037000732934737
CC_FC7A926F3A64,0.6370996068694716
CC_FC83CB9C71CD,0.03232356284405934
CC_FC9E6D511294,0.14446266310534844
CC_FCA657E69930,0.40878331436121396
CC_FCB451237214,0.775930400112445
CC_FCC7E51DF812,0.5644100291115104
CC_FCD42ECC012B,0.04442008173100501
CC_FCE8FAEAAEF1,0.10981433409330738
CC_FCFAE9BE2522,0.43020503809849847
CC_FCFDB5DFE5D4,0.10326780760194564
CC_FD24FC7961A5,0.09271270327062532
CC_FD2793DCB5EF,0.11757862267858693
CC_FD2EEF724088,0.12616953370139283
CC_FD3205367675,0.08345034720305103
CC_FD3A21CDCA7C,0.11769282534803355
CC_FD3C4C2FB68C,0.15024953035050004
CC_FD41687DC1A0,0.16431079602836635
CC_FD44B4E31EFE,0.09757067512660514
CC_FD5721556AB7,0.0645990080397585
CC_FD643C174587,0.33599831917223355
CC_FD6BFA30DD9E,0.2682102803978942
CC_FD7C9DD7F11B,0.1387738971395813
CC_FD7F2D90CF8C,0.057004130851872406
CC_FD8C4F601909,0.047619599272243546
CC_FD90B45AA24E,0.07784446835865533
CC_FD95457772AB,0.056613703981019926
CC_FD9D9B58DB1A,0.20948039375690597
CC_FDA918AEB5D6,0.628335102225283
CC_FDD4C2065540,0.3309810912657764
CC_FDE57A2C5156,0.17880595224452844
CC_FDE9920975F6,0.2539211263717913
CC_FDEC856F9C6D,0.06003839145908471
CC_FDEED2AA92A3,0.44470408074355317
CC_FDF5607ECC1B,0.04620920533538959
CC_FDFED3D7E70E,0.17487874128785863
CC_FE0324F99784,0.12099173424172521
CC_FE0A18D6570D,0.04260044488983297
CC_FE0DACAC84BC,0.24723579760692305
CC_FE16586C9FAB,0.2698036437380923
CC_FE16FBC86237,0.15857760574604163
CC_FE1C808C4515,0.05622506881101943
CC_FE1E64201B9F,0.10746773501059956
CC_FE33D60E29EB,0.03013683175362128
CC_FE3ACE674BEA,0.1556403297437295
CC_FE468E9AA9D9,0.024440911200230727
CC_FE5AA923C220,0.16448040453688706
CC_FE6C777DDC19,0.05464271541170744
CC_FE6DD8C8EC90,0.2496800999863375
CC_FE7A84AAA8F7,0.11957855198510411
CC_FE7DB6B410A4,0.1258906309535075
CC_FE8691B1F3D9,0.06894088928352202
CC_FE874279A94B,0.07732853745070675
CC_FEA61499305D,0.1874822426517027
CC_FEC22B334AC5,0.15775330337825189
CC_FF045F9508F2,0.1832798930351377
CC_FF0EFF711598,0.24776078229873044
CC_FF12F53D5676,0.043512327059312975
CC_FF13D426EC1C,0.16953116458545014
CC_FF16A7C8600F,0.213561975703358
CC_FF2236DC115C,0.44764909506559536
CC_FF2725428B6F,0.07589943874330517
CC_FF3176D91690,0.11779554410864934
CC_FF393D295D66,0.04542509292224564
CC_FF4598202C5F,0.642076554273449
CC_FF463A4B3D04,0.32769771279376203
CC_FF4703F7664E,0.05008484858731719
CC_FF86EC3C0851,0.4785544092101551
CC_FF8A580DD831,0.16171188096685998
CC_FF8BD8697ADE,0.12894686719358917
CC_FFA681A2054A,0.039215274749134596
CC_FFB6B2D2BB2A,0.36363634857575367
CC_FFBFA27643F8,0.13540151010441243
CC_FFC81CC80F9D,0.14934171368313715
CC_FFCC9C0763D4,0.10693973052369979
CC_FFD4E33DC920,0.5813684784607499
CC_FFDE11143038,0.05966172111087821
CC_FFEF28047C4F,0.3801800564704876
